level,ave_Pf-Pc,ave_Pf,var_Pf-Pc,var_Pf,kurtosis,check,cost,N
0,0.283141,0.283141,0.153458,0.153458,11.5626,0,0.00134987,1000
1,0.162876,0.432117,0.178317,0.326563,8.60407,0.00829025,0.016261,1000
2,0.0227885,0.432937,0.061666,0.334151,8.40736,0.0164595,0.0924754,1000
3,0.0123913,0.498687,0.0176775,0.462895,9.14176,0.053442,0.660482,1000
4,-0.000211772,0.526429,0.00478058,0.533724,8.09549,0.0306888,5.46189,1000
