alpha,beta,gamma
0.571738,2.15647,4.425
