alpha,beta,gamma
1.95122,1.94507,2.98007
