level,ave_Pf-Pc,ave_Pf,var_Pf-Pc,var_Pf,kurtosis,check,cost,N
0,0.292173,0.292173,0.166965,0.166965,12.7985,0,0.0260878,10000
1,0.189478,0.479406,0.229055,0.452428,11.9207,0.00121307,0.112609,10000
2,0.0616419,0.551413,0.0843683,0.606279,9.55816,0.00667966,0.823235,10000
3,0.0154307,0.566839,0.0217995,0.644669,9.16875,3.58177e-06,6.5969,10000
4,0.00464793,0.576935,0.00572307,0.660599,9.74537,0.00524803,53.1394,10000
5,0.000709404,0.580917,0.00146008,0.677475,10.2773,0.00349802,426.166,10000
