eps,mlmc_estimate,mlmc_cost,std_mc_cost,mlmc_wall_time,Nl_0,Nl_1,Nl_2,Nl_3,Nl_4,Nl_5,Yl_0,Yl_1,Yl_2,Yl_3,Yl_4,Yl_5,Vl_0,Vl_1,Vl_2,Vl_3,Vl_4,Vl_5
0.005,10.4555,4.69347e+07,1.08744e+09,0.850913,2.45801e+07,2.11186e+06,1.09224e+06,564507,286688,145589,10.2057,0.155796,0.0572588,0.0236771,0.0095523,0.00351675,161.104,2.3765,1.2703,0.678086,0.349489,0.180113
0.01,10.451,9.52931e+06,1.33773e+08,0.17337,5.53981e+06,475990,245794,127439,64677,nan,10.2084,0.158642,0.0519021,0.0226124,0.00946972,nan,161.178,2.37789,1.26628,0.680082,0.350333,nan
0.02,10.4245,2.38148e+06,3.34432e+07,0.0440007,1.38365e+06,119102,61944,31510,16236,nan,10.1943,0.151278,0.046926,0.0224915,0.00947521,nan,160.925,2.38276,1.288,0.66592,0.353039,nan
0.05,10.4356,300297,2.58915e+06,0.00563121,196727,16931,8689,4369,nan,nan,10.1867,0.161515,0.052137,0.0352706,nan,nan,161.257,2.36134,1.25583,0.634353,nan,nan
0.1,10.5617,76588,647288,0.00154946,49848,4282,2282,1131,nan,nan,10.2895,0.160271,0.0742604,0.0376566,nan,nan,162.318,2.39094,1.35126,0.663026,nan,nan
