eps,mlmc_estimate,mlmc_cost,std_mc_cost,Nl_0,Nl_1,Nl_2,Nl_3,Nl_4,Nl_5,Yl_0,Yl_1,Yl_2,Yl_3,Yl_4,Yl_5,Vl_0,Vl_1,Vl_2,Vl_3,Vl_4,Vl_5
0.001,0.570728,7.34699e+08,4.86903e+10,1.54377e+07,6.53824e+06,1.36339e+06,251127,44929,8151,0.292227,0.195367,0.0612182,0.0160284,0.00445964,0.00142699,0.170519,0.241518,0.0830367,0.022216,0.00557287,0.00138248
0.005,0.573403,1.24932e+07,2.43445e+08,406398,171241,35883,6478,1246,nan,0.292952,0.19573,0.063203,0.0174657,0.00405216,nan,0.172216,0.241513,0.083301,0.021302,0.00621247,nan
0.01,0.568994,1.1446e+06,7.60604e+06,61416,26038,5574,1012,nan,nan,0.291913,0.195724,0.0627973,0.01856,nan,nan,0.170202,0.239404,0.0880255,0.0211247,nan,nan
0.05,0.54623,12804,37965.2,1620,558,105,nan,nan,nan,0.307972,0.188637,0.0496216,nan,nan,nan,0.19631,0.24912,0.0685402,nan,nan,nan
