eps,mlmc_estimate,mlmc_cost,std_mc_cost,Nl_0,Nl_1,Nl_2,Nl_3,Nl_4,Yl_0,Yl_1,Yl_2,Yl_3,Yl_4,Vl_0,Vl_1,Vl_2,Vl_3,Vl_4
0.005,10.4399,3.80726e+07,5.36401e+08,2.2323e+07,1.89454e+06,973320,500620,253888,10.2029,0.154115,0.0540007,0.0216298,0.00730624,161.039,2.3547,1.26166,0.677522,0.35376
0.01,10.4354,9.4944e+06,1.341e+08,5.57129e+06,473778,243066,123977,63217,10.1979,0.15565,0.053231,0.0217797,0.00679123,160.901,2.36188,1.26207,0.666502,0.351798
0.02,10.4494,1.93183e+06,1.62218e+07,1.24352e+06,105536,63687,27811,nan,10.2196,0.159639,0.0567982,0.0134049,nan,161.729,2.36469,1.25024,0.6759,nan
0.05,10.4453,300558,2.59549e+06,197872,16673,8719,4308,nan,10.2213,0.141937,0.0582299,0.023773,nan,161.387,2.31846,1.28936,0.627028,nan
0.1,10.3591,78374,648872,52420,4427,2159,1058,nan,10.2101,0.112295,0.052633,-0.0159381,nan,161.568,2.33166,1.23312,0.600523,nan
