alpha,beta,gamma
2.10546,1.94872,3.00356
