level,ave_Pf-Pc,ave_Pf,var_Pf-Pc,var_Pf,kurtosis,check,cost,N
0,0.283141,0.283141,0.153458,0.153458,11.5626,0,0.00137183,1000
1,0.151147,0.450691,0.178437,0.392743,8.25532,0.00977066,0.021224,1000
2,0.0419885,0.497053,0.072043,0.506755,10.9779,0.00300652,0.172655,1000
3,0.0109675,0.487656,0.0184651,0.503968,6.30317,0.0178321,1.35909,1000
4,0.000673717,0.491067,0.00380237,0.44431,7.10837,0.00298765,10.9033,1000
