level,ave_Pf-Pc,ave_Pf,var_Pf-Pc,var_Pf,kurtosis,check,cost,N
0,0.0824005,0.0824005,0.0134812,0.0134812,14.6594,0,0.000507417,5000
1,0.0121878,0.0961848,0.00742516,0.00829407,7.81215,0.00424699,0.00499483,5000
2,-0.00309374,0.0893253,0.00165905,0.00588801,5.84538,0.0175682,0.0468067,5000
3,-0.0036632,0.0873555,0.000346707,0.00540669,4.91856,0.012672,0.379452,5000
4,-0.00211919,0.084791,7.96156e-05,0.00528302,5.59595,0.00439456,3.1657,5000
5,-0.00129311,0.0851536,1.84104e-05,0.00583912,6.43718,0.0191111,25.6202,5000
6,-0.000639361,0.082936,4.32524e-06,0.00518621,6.17386,0.0188622,204.102,5000
