eps,mlmc_estimate,mlmc_cost,std_mc_cost,Nl_0,Nl_1,Nl_2,Nl_3,Nl_4,Yl_0,Yl_1,Yl_2,Yl_3,Yl_4,Vl_0,Vl_1,Vl_2,Vl_3,Vl_4
0.001,0.498489,2.98718e+08,5.08116e+09,2.59417e+07,7.04804e+06,1.06706e+06,141290,18496,0.286306,0.155912,0.0425871,0.0110712,0.0026122,0.163832,0.189245,0.0680906,0.0187586,0.00479854
0.005,0.499482,4.05246e+06,2.54004e+07,473839,128967,19435,2545,nan,0.28642,0.157893,0.0422151,0.0129544,nan,0.164622,0.194707,0.0681493,0.0171992,nan
0.01,0.482379,1.02724e+06,6.35009e+06,118460,31797,4993,654,nan,0.28676,0.157532,0.0381591,-7.12727e-05,nan,0.163355,0.185568,0.0694201,0.0167985,nan
0.05,0.440009,14525,31696.2,1981,768,100,nan,nan,0.291507,0.15465,-0.00614868,nan,nan,0.182472,0.201744,0.0497578,nan,nan
