level,ave_Pf-Pc,ave_Pf,var_Pf-Pc,var_Pf,kurtosis,check,cost,N
0,0.0819209,0.0819209,0.0137961,0.0137961,19.7949,0,0.000884375,10000
1,0.0108408,0.093682,0.00721297,0.00782899,7.67115,0.00246632,0.00967179,10000
2,-0.00282024,0.0915927,0.00167704,0.00605345,5.33889,0.00344601,0.0907466,10000
3,-0.00317877,0.0862529,0.000348908,0.00545284,5.55188,0.0160579,0.778674,10000
4,-0.0021338,0.0844679,7.7478e-05,0.0050852,5.44469,0.00345443,6.19976,10000
5,-0.00123604,0.0838192,1.70652e-05,0.00558859,5.6965,0.00695557,50.768,10000
6,-0.000669527,0.084142,4.23244e-06,0.00554131,5.8774,0.0121497,412.223,10000
