level,ave_Pf-Pc,ave_Pf,var_Pf-Pc,var_Pf,kurtosis,check,cost,N
0,0.055495,0.055495,0.00626407,0.00626407,14.7423,0,0.00487867,20000
1,0.0171514,0.0729747,0.0010016,0.00589081,6.67577,0.00188028,0.0443589,20000
2,0.00604362,0.0783641,0.000144207,0.00549603,4.50888,0.0057742,0.369641,20000
3,0.00247156,0.0809355,1.95737e-05,0.00551819,3.66323,0.00113466,3.05814,20000
4,0.00108106,0.08198,2.49586e-06,0.0053106,3.32947,0.000459442,25.1335,20000
5,0.000496678,0.0833615,3.22322e-07,0.00576595,3.12236,0.0117803,204.07,20000
6,0.00024126,0.0823606,4.02524e-08,0.00538033,3.09937,0.0161203,1645.89,20000
