alpha,beta,gamma
2.98085,2.12194,3.00405
