eps,mlmc_estimate,mlmc_cost,std_mc_cost,Nl_0,Nl_1,Nl_2,Nl_3,Nl_4,Nl_5,Nl_6,Yl_0,Yl_1,Yl_2,Yl_3,Yl_4,Yl_5,Yl_6,Vl_0,Vl_1,Vl_2,Vl_3,Vl_4,Vl_5,Vl_6
0.005,0.0842266,1.21849e+06,1.243e+08,32431,8377,1421,232,38,7,2,0.0832163,0.00996821,-0.00227439,-0.00187525,-0.00300709,-0.00178283,-1.83377e-05,0.0137723,0.00739594,0.00169059,0.000339827,6.86485e-05,1.58936e-05,3.72132e-07
0.01,0.0837269,29085,60678.7,2885,747,124,24,nan,nan,nan,0.081691,0.00851081,-0.00503011,-0.00144486,nan,nan,nan,0.0140805,0.00765442,0.00166332,0.000476566,nan,nan,nan
0.02,0.0982499,22108,121383,1132,222,100,9,2,nan,nan,0.084291,0.00981985,0.00409439,-0.00408125,0.00412596,nan,nan,0.0159075,0.00513856,0.00151487,0.000501617,9.61064e-07,nan,nan
0.05,0.0748388,7813,2427.15,101,100,100,1,nan,nan,nan,0.0779127,0.00278183,-0.00222879,-0.00362696,nan,nan,nan,0.011912,0.00729142,0.00181711,0,nan,nan,nan
0.1,0.0858658,7812,606.787,100,100,100,1,nan,nan,nan,0.0937546,-0.0014697,-7.78204e-05,-0.00634125,nan,nan,nan,0.01347,0.0116042,0.00119973,3.17127e-21,nan,nan,nan
