eps,mlmc_estimate,mlmc_cost,std_mc_cost,Nl_0,Nl_1,Nl_2,Nl_3,Nl_4,Nl_5,Nl_6,Nl_7,Nl_8,Nl_9,Nl_10,Nl_11,Nl_12,Yl_0,Yl_1,Yl_2,Yl_3,Yl_4,Yl_5,Yl_6,Yl_7,Yl_8,Yl_9,Yl_10,Yl_11,Yl_12,Vl_0,Vl_1,Vl_2,Vl_3,Vl_4,Vl_5,Vl_6,Vl_7,Vl_8,Vl_9,Vl_10,Vl_11,Vl_12
0.00025,0.0823612,1.3641e+10,1.32111e+16,4.67082e+07,1.20054e+07,2.01731e+06,324870,53297,9079,1605,241,53,9,1,1,0,0.0829969,0.0109643,-0.00272454,-0.00343996,-0.00224597,-0.00124773,-0.000684267,-0.00044933,-0.000241954,-0.000252467,-0.000285559,-2.81865e-05,0,0.0137775,0.00735438,0.00167837,0.00035225,7.68032e-05,1.81911e-05,4.43286e-06,8.38423e-07,3.20004e-07,3.19432e-08,2.42722e-24,0,0
0.0005,0.0821588,1.01333e+10,4.12848e+14,7.00035e+06,1.79735e+06,302283,48574,8025,1279,232,32,4,1,1,1,nan,0.0830595,0.0109672,-0.00285066,-0.00355531,-0.00246535,-0.00132755,-0.000625436,-0.000400287,-0.000340207,-6.57385e-05,-0.000174463,-6.29533e-05,nan,0.0138023,0.00734995,0.00168153,0.000350527,7.72049e-05,1.58602e-05,4.13769e-06,4.8793e-07,5.61909e-08,3.74345e-25,2.50688e-24,0,nan
0.001,0.0837299,7.14728e+07,1.61269e+12,1.41415e+06,365704,60786,9825,1716,250,44,7,1,0,nan,nan,nan,0.0829823,0.0107299,-0.00285331,-0.00328304,-0.00247176,-0.0011741,-0.000471358,-0.000514108,0.000785338,0,nan,nan,nan,0.0137163,0.007401,0.00164201,0.000350111,8.55014e-05,1.48134e-05,3.75542e-06,5.41697e-07,0,0,nan,nan,nan
0.005,0.0802069,2.82188e+06,1.00793e+09,23803,6112,1044,183,24,4,1,1,nan,nan,nan,nan,nan,0.0824136,0.0113755,-0.00399553,-0.00514569,-0.000849999,-0.00324492,0.000548411,-0.000894527,nan,nan,nan,nan,nan,0.0138209,0.00735246,0.0017423,0.000408539,5.31965e-05,2.56893e-06,9.16833e-24,0,nan,nan,nan,nan,nan
0.01,0.0758612,104781,3.14978e+07,5149,1262,223,35,6,1,0,nan,nan,nan,nan,nan,nan,0.0836393,0.00886694,-0.00851635,-0.00284579,-0.00574582,0.000462918,0,nan,nan,nan,nan,nan,nan,0.0132697,0.00691414,0.00180661,0.00032118,4.65449e-05,0,0,nan,nan,nan,nan,nan,nan
