eps,mlmc_estimate,mlmc_cost,std_mc_cost,mlmc_wall_time,Nl_0,Nl_1,Nl_2,Yl_0,Yl_1,Yl_2,Vl_0,Vl_1,Vl_2
0.01,0.476792,275112,779237,0.375131,30952,11736,2348,0.285074,0.155281,0.0364374,0.166177,0.196578,0.0652684
0.02,0.496037,73931,194809,0.10132,7979,2996,656,0.282451,0.156359,0.0572267,0.162103,0.189166,0.0696423
0.05,0.464183,10723,31169.5,0.0142606,1011,414,100,0.28966,0.138781,0.035742,0.155636,0.188584,0.0328012
0.1,0.42416,7439,7792.37,0.00988579,239,100,100,0.275429,0.112989,0.035742,0.154539,0.145841,0.0328012
