alpha,beta,gamma
1.38205,0.989688,0.998803
