alpha,beta,gamma
0.54979,2.15722,3.00934
