eps,mlmc_estimate,mlmc_cost,std_mc_cost,Nl_0,Nl_1,Nl_2,Nl_3,Nl_4,Yl_0,Yl_1,Yl_2,Yl_3,Yl_4,Vl_0,Vl_1,Vl_2,Vl_3,Vl_4
0.001,0.249186,6.68021e+07,1.14813e+09,2.77977e+06,952444,193558,35207,6345,0.167398,0.0628572,0.0152333,0.00332219,0.000374892,0.056035,0.0531599,0.0177792,0.00475571,0.00114412
0.005,0.250738,1.02438e+06,5.73945e+06,67795,26685,4699,864,nan,0.166615,0.0629237,0.0157054,0.00549359,nan,0.0562382,0.0540326,0.0176786,0.00482144,nan
0.01,0.240003,104845,179051,12973,4084,925,nan,nan,0.168861,0.0597834,0.0113588,nan,nan,0.0582536,0.0519516,0.018497,nan,nan
0.05,0.217659,7515,7162.05,315,100,100,nan,nan,0.1485,0.0605182,0.00864078,nan,nan,0.0444235,0.0260358,0.0214253,nan,nan
