eps,mlmc_estimate,mlmc_cost,std_mc_cost,Nl_0,Nl_1,Nl_2,Nl_3,Nl_4,Nl_5,Nl_6,Yl_0,Yl_1,Yl_2,Yl_3,Yl_4,Yl_5,Yl_6,Vl_0,Vl_1,Vl_2,Vl_3,Vl_4,Vl_5,Vl_6
0.00025,0.0828891,1.57729e+07,5.44313e+10,1.77219e+06,253303,33946,4360,576,63,12,0.0553828,0.0170875,0.00621181,0.00246189,0.00104797,0.000492801,0.00020431,0.00615429,0.0010123,0.000145772,1.93803e-05,2.6592e-06,2.52969e-07,5.75513e-08
0.0005,0.0824568,3.49796e+06,1.36078e+10,417237,59450,8073,983,131,16,2,0.0552665,0.0168821,0.00591202,0.00261789,0.00107945,0.000684445,1.43819e-05,0.00612638,0.00100278,0.000150846,1.78208e-05,2.52998e-06,3.19651e-07,5.57823e-09
0.001,0.0829829,582826,4.25243e+08,82258,11883,1624,205,24,3,nan,0.0555698,0.0170534,0.00604472,0.00257508,0.00129198,0.000447861,nan,0.00608871,0.00100846,0.000150082,1.95282e-05,1.47837e-06,9.92869e-08,nan
0.005,0.078463,13525,265713,1933,329,100,5,nan,nan,nan,0.0525476,0.0171732,0.00551241,0.00322982,nan,nan,nan,0.00491957,0.00110427,0.000121099,5.29328e-06,nan,nan,nan
0.01,0.078066,8843,66428.3,619,100,100,2,nan,nan,nan,0.0558506,0.0159481,0.00505142,0.00121596,nan,nan,nan,0.00619429,0.00126272,0.000140215,7.49064e-06,nan,nan,nan
