level,ave_Pf-Pc,ave_Pf,var_Pf-Pc,var_Pf,kurtosis,check,cost,N
0,0.161821,0.161821,0.0536543,0.0536543,14.3532,0,0.000298333,1000
1,-0.0543798,0.114323,0.0271587,0.0292695,8.04835,0.0094095,0.00296579,1000
2,-0.00572667,0.103551,0.00365255,0.0214573,8.79144,0.0141337,0.0194398,1000
3,-0.00292024,0.0926943,0.000794567,0.0181232,9.58722,0.0337269,0.087741,1000
4,0.000306921,0.101407,0.000207423,0.0200668,9.09866,0.046105,0.614509,1000
5,-0.000240856,0.0991391,5.45131e-05,0.0200727,7.21541,0.0120425,5.09077,1000
6,5.03201e-05,0.0967438,1.38857e-05,0.0186819,12.0071,0.0155594,40.3766,1000
