alpha,beta,gamma
3.37482,1.84461,3.04781
