alpha,beta,gamma
1.16086,2.95378,3.01174
