eps,mlmc_estimate,mlmc_cost,std_mc_cost,Nl_0,Nl_1,Nl_2,Nl_3,Yl_0,Yl_1,Yl_2,Yl_3,Vl_0,Vl_1,Vl_2,Vl_3
0.005,0.102213,293981,874315,35965,8628,1217,217,0.165793,-0.0490519,-0.0135029,-0.0010254,0.0550847,0.0258662,0.00419035,0.000861679
0.01,0.0990113,35041,27275.6,5593,1441,280,nan,0.160292,-0.0511731,-0.0101079,nan,0.0520415,0.0262486,0.00459715,nan
0.02,0.0747387,24416,54644.7,2520,665,107,19,0.163007,-0.0491757,-0.0308242,-0.00826852,0.0531475,0.0281071,0.00575189,0.000531642
0.05,0.070909,7416,1091.03,216,100,100,nan,0.148767,-0.0638259,-0.0140321,nan,0.0355311,0.024599,0.00543576,nan
0.1,0.087142,7300,272.756,100,100,100,nan,0.153966,-0.054624,-0.0122004,nan,0.0466978,0.0354107,0.00371409,nan
