alpha,beta,gamma
0.891902,0.987393,0.976548
