eps,mlmc_estimate,mlmc_cost,std_mc_cost,Nl_0,Nl_1,Nl_2,Nl_3,Nl_4,Nl_5,Nl_6,Nl_7,Nl_8,Nl_9,Nl_10,Nl_11,Yl_0,Yl_1,Yl_2,Yl_3,Yl_4,Yl_5,Yl_6,Yl_7,Yl_8,Yl_9,Yl_10,Yl_11,Vl_0,Vl_1,Vl_2,Vl_3,Vl_4,Vl_5,Vl_6,Vl_7,Vl_8,Vl_9,Vl_10,Vl_11
0.00025,0.082846,1.58421e+10,1.70714e+15,5.68221e+07,1.46239e+07,2.4584e+06,397945,65961,11181,1884,320,69,12,2,1,0.0830155,0.0110061,-0.00277118,-0.00348312,-0.00226714,-0.0012878,-0.000666633,-0.000319812,-0.000223992,-0.000158556,3.21422e-05,-2.94954e-05,0.0137813,0.00735304,0.00167363,0.000352984,7.79372e-05,1.80998e-05,4.21857e-06,9.41329e-07,3.83457e-07,7.72252e-08,2.03673e-09,1.42786e-26
0.0005,0.0830393,4.65736e+08,6.66851e+12,6.32216e+06,1.62853e+06,273322,44473,7375,1184,206,31,5,1,nan,nan,0.0830408,0.0110523,-0.00277856,-0.00351845,-0.00231757,-0.00123959,-0.00067219,-0.000261253,-0.000225749,-4.04393e-05,nan,nan,0.0137789,0.00735987,0.00166835,0.000355779,7.82968e-05,1.65913e-05,3.9137e-06,6.40324e-07,4.22511e-08,0,nan,nan
0.001,0.0831828,1.35443e+09,1.3337e+13,2.11548e+06,542562,90945,14796,2433,416,73,16,3,1,1,nan,0.0831266,0.0109821,-0.00287,-0.00359014,-0.00237194,-0.000896954,-0.000390265,0.000131019,-0.000518404,-0.000367692,-5.15066e-05,nan,0.0138397,0.00732342,0.00165498,0.000352098,7.53938e-05,1.93754e-05,4.00607e-06,1.4715e-06,1.0564e-08,9.70776e-24,1.66675e-25,nan
0.005,0.0798819,692838,1.04195e+09,21894,5660,1008,152,22,4,1,0,nan,nan,nan,nan,0.0825727,0.00882961,-0.00372492,-0.00539683,-0.000239142,-0.0031039,0.000944365,0,nan,nan,nan,nan,0.0135733,0.0071632,0.00180176,0.00035734,5.1101e-05,3.41547e-06,0,0,nan,nan,nan,nan
0.01,0.0839495,66667,508751,4203,1104,206,31,6,nan,nan,nan,nan,nan,nan,nan,0.0837205,0.00851851,-0.00185889,-0.00346127,-0.00296939,nan,nan,nan,nan,nan,nan,nan,0.0135795,0.00818094,0.00199892,0.000419085,2.37714e-05,nan,nan,nan,nan,nan,nan,nan
