level,ave_Pf-Pc,ave_Pf,var_Pf-Pc,var_Pf,kurtosis,check,cost,N
0,0.0819075,0.0819075,0.0134228,0.0134228,15.1348,0,0.00169071,20000
1,0.0107759,0.0949388,0.00740227,0.00827595,8.76167,0.00602053,0.0380243,20000
2,-0.00280778,0.0917288,0.00170498,0.00616867,5.45817,0.00186727,0.348459,20000
3,-0.00348006,0.087056,0.000345938,0.0053736,5.04296,0.00884412,2.98856,20000
4,-0.00223908,0.085799,7.60827e-05,0.00556905,5.33425,0.00982096,24.7062,20000
5,-0.00119797,0.084358,1.78311e-05,0.00558507,5.18871,0.00276814,201.285,20000
6,-0.000659755,0.083651,4.26404e-06,0.00560641,5.81864,0.000579069,4323.84,20000
