level,ave_Pf-Pc,ave_Pf,var_Pf-Pc,var_Pf,kurtosis,check,cost,N
0,0.288816,0.288816,0.165946,0.165946,14.059,0,0.0492745,10000
1,0.156041,0.440626,0.184988,0.380194,10.136,0.00248313,0.230602,10000
2,0.0440809,0.504309,0.0739072,0.493367,9.82264,0.0136201,1.81047,10000
3,0.0129017,0.496219,0.0178098,0.488362,9.15488,0.0189159,15.4018,10000
4,0.0034243,0.486253,0.00449326,0.467748,8.12891,0.014767,125.45,10000
5,0.000326699,0.49097,0.00119475,0.482762,8.48873,0.00552481,2099.81,10000
