alpha,beta,gamma
1.04432,0.989196,0.97009
