Pf,Pc
2.320588868583336739e-01,2.324713465712826832e-01
6.075285144205908212e-03,7.773847948454071753e-03
3.081198366948358774e-02,3.158309164619959447e-02
1.130767402016067975e-03,3.174300766243718340e-04
2.481736681005232252e-03,2.309221898544957813e-03
3.459820676502688847e-02,3.267224355253519480e-02
5.018155491260700707e-02,5.125677243648094072e-02
1.241067341908966559e-01,1.228560551944111318e-01
2.358117763825108223e-02,2.601828920768721118e-02
2.312978565381697549e-01,2.315915260918443019e-01
1.930321165884318901e-01,1.943776554639218002e-01
5.535700607202816148e-02,5.457416503422201498e-02
7.956264030798577969e-02,8.300689175341793846e-02
2.124831519800243207e-01,2.180036856171447268e-01
3.342879458090135952e-02,3.589758721274886183e-02
4.386687636328124862e-01,4.389419183463125762e-01
8.951621503347675923e-02,7.411562341234945173e-02
1.957939448430343898e-01,2.067150222852855712e-01
2.610714176225115493e-02,2.396918213383293986e-02
2.715882214709954435e-03,4.269385384528878898e-03
1.716856853196481111e-02,1.562538445068596682e-02
1.320150217044694374e-01,1.261253001259993178e-01
8.980593212279506878e-06,1.585861158282074067e-04
1.110952653452183629e-02,1.080723278577340289e-02
1.147565979722576027e-02,1.166364446764359304e-02
1.265662562995226170e-02,1.587795299121293191e-02
1.006173004784568364e-01,1.042660866575937095e-01
1.205506591885713470e-03,5.631485088431700424e-04
1.571598024487873974e-03,2.974453229443511882e-04
1.212721367389490018e-01,1.237259286980383483e-01
9.981390545880071755e-03,9.868202489114831499e-03
9.749344219157367319e-02,1.016638816852379334e-01
4.955468948647199778e-01,4.910762346678858581e-01
5.179489728706742485e-02,4.911253116875731461e-02
4.228867267396686086e-02,5.095898411568079017e-02
3.377375406330498930e-03,4.449960849411289769e-03
8.778238812732944802e-04,2.073882456840237497e-03
2.441755271211280554e-01,2.387734920250192960e-01
3.935894294309300739e-02,4.501911197457670460e-02
2.293385722545757816e-02,2.157781014066733477e-02
2.125360518967731732e-02,1.663714807095837203e-02
1.190891775049981727e-01,1.170860931796648269e-01
1.762512925120039431e-01,1.820116395519204566e-01
1.099539337159144371e-04,1.539346780181049244e-04
3.343801381899417363e-02,3.190037324698642013e-02
3.373166696325971959e-04,9.886701818080305230e-04
4.374039845423271025e-03,6.775411594041193253e-03
4.613318988894408168e-01,4.713877634015350981e-01
7.778639931581976009e-03,5.153032956991169568e-03
2.196896421554131174e-01,2.151645177641940965e-01
4.722619682811939334e-01,5.039650040806071818e-01
7.103383155687201245e-02,7.941022696849890650e-02
1.177107942046072692e-01,1.250550891256955455e-01
1.367265076443307248e-01,1.411835829857800151e-01
3.152462006091537317e-02,3.423673660665432772e-02
4.727169419622134217e-01,4.905260077900346349e-01
4.893243548859051162e-02,4.720740766281276285e-02
8.345367343379724023e-02,8.446497531351980503e-02
2.380638439198575276e-02,2.525829035621330459e-02
3.035772210211474254e-01,3.119828395964344692e-01
2.430966495286511790e-04,1.098667378492676440e-03
1.274390392949077133e-01,1.199506256526038234e-01
9.216936007145433429e-02,8.767543694767042373e-02
2.063420325429465296e-01,2.047085346586804133e-01
3.400944536663299406e-02,3.738010973617260368e-02
2.818505675056421581e-03,3.594722433559331947e-03
4.102898171499986396e-02,4.170869218267549833e-02
1.152816977742615774e-02,1.165556735484901338e-02
1.760604893760325113e-02,1.437673603290540170e-02
9.769010663950997760e-04,2.288367095993951422e-03
4.900785777292366446e-02,5.389370401327123888e-02
1.678221745127513043e-01,1.882799208968299332e-01
3.687692474340632798e-02,4.042706490536975006e-02
5.042194275662463835e-04,7.565949944735081542e-05
3.497705397616207579e-02,4.397757883863932793e-02
1.106481323807062545e-02,8.892732876004054432e-03
8.282508661604291722e-02,8.394317791650218741e-02
9.550589320259377998e-03,1.026971034178720751e-02
3.858712972546542164e-02,3.248423065316298486e-02
3.502667721461926592e-02,3.524927964791751966e-02
1.857996416240188103e-02,1.815908140945825255e-02
6.777074016874108653e-02,6.005279303162628507e-02
8.756752089146226103e-02,7.980471425692642340e-02
1.807794169866702369e-02,1.584997683755431583e-02
1.742839417499694732e-01,1.811530055960960950e-01
7.772140181690277705e-03,5.918270164806805136e-03
2.981880870530037586e-01,2.863569264159140371e-01
5.481162079151673423e-03,2.659202770819595919e-03
1.477218278045389355e-01,1.519522419771905664e-01
5.554645349865282578e-01,5.480010326028516010e-01
4.229272168844257218e-02,4.171039050262921599e-02
7.389250975081941564e-02,7.855283661921798333e-02
3.699425955296997866e-03,4.170045601205281567e-03
1.399090838236220213e-01,1.537765399759300766e-01
8.925118188467380531e-02,8.936115452028728368e-02
7.817630448182241176e-01,7.885305520011851588e-01
7.124079591734609751e-02,7.939748532067264497e-02
3.296082296175258386e-01,3.340929939533511805e-01
1.861771911189334938e-01,1.841202353084747390e-01
2.833138621578805694e-01,2.858572551604559031e-01
2.757527345221194234e-02,2.918257639704085679e-02
9.826631004459466384e-03,1.338025327144805841e-02
2.031842467082205228e-01,2.009818544512375349e-01
7.428287265342609080e-02,6.926590186719112918e-02
5.740136541196073916e-03,6.058179347865262111e-03
4.280914419470674415e-01,4.041813536822863040e-01
5.824748419265341447e-03,5.895849640960546673e-03
1.904665854963994223e-02,2.139042928527258927e-02
1.011596589930523482e-01,1.098453279001482125e-01
1.768412603547938862e-04,1.023866434094965037e-04
3.833844058307517288e-01,3.824185297902945035e-01
6.295083355627680011e-02,6.429928814808048843e-02
6.702643640513919476e-02,6.848807358411741764e-02
4.415398679390423325e-02,4.207316932147898286e-02
2.446843753338982103e-03,3.410182662395297350e-03
6.600328506857822131e-02,7.261637256707367816e-02
3.500160735100218967e-03,3.667840336447383744e-03
7.605206417091336935e-03,3.626697374145995342e-03
5.752931757919484829e-02,5.458070059346068620e-02
3.877129753086827266e-03,3.468553524669437324e-03
1.148842106010019293e-01,1.373473308051582353e-01
2.657558440603234873e-01,2.750056701591567787e-01
1.306062988086853782e-01,1.375723737285740600e-01
4.498558082089577914e-02,4.433490779329816306e-02
7.739794877944907239e-04,7.943443770265661051e-04
2.095690297523378209e-02,1.839164298196372532e-02
4.917846396060167324e-02,4.662194187039954418e-02
6.299729375305117285e-03,4.323908266660876111e-03
5.567577479825067815e-02,5.720532342258593389e-02
1.086660145513256709e-01,1.159027769595048496e-01
1.846036443262948426e-02,2.377001876618855744e-02
3.177227516556949821e-02,2.868128065313236413e-02
3.596710504362274352e-01,3.511141535878045117e-01
1.331793910303307512e-03,1.609554081591851784e-03
8.401404487397970411e-02,9.433861170756772940e-02
3.252784725812643551e-01,3.139300706477101688e-01
1.188107739496579718e-01,1.061328670031501248e-01
1.355171832179261938e-02,1.031211141160023013e-02
9.715910016126039217e-02,9.146668078063584228e-02
6.403177920109737013e-03,4.916761744513586593e-03
1.145113190093638211e+00,1.175759028755074320e+00
2.885467219803927730e-01,2.704032961255316558e-01
5.799248514963517565e-02,5.957833940127243988e-02
4.337242226007488599e-02,4.117506148148541989e-02
1.498258321531552029e-01,1.521450498501222826e-01
5.136595065845591009e-04,9.599932543389513981e-04
4.434597850711956557e-01,4.404460586272095357e-01
5.014790352866855816e-01,5.110491838603044013e-01
5.242304151724846983e-01,5.075188145574520693e-01
2.326902437542764657e-02,2.452279023820964909e-02
6.728475454640654441e-01,6.814181369834020341e-01
6.019409252078027593e-04,2.275798697008807759e-03
3.634942919794535710e-02,3.673706651362729919e-02
4.750378184589557594e-04,1.342305944498231162e-03
1.048879334409730333e-03,2.345835775156872392e-03
3.249614961710873412e-02,3.885564272764301108e-02
2.262818328267124715e-02,2.203703882154204111e-02
9.153375229884385886e-04,2.555407157812236902e-04
1.243686606134000033e-01,1.337600529080804623e-01
8.705093346662886450e-03,8.988510759369943565e-03
1.804673151837168834e-03,7.980785483711193718e-04
2.050728262646824562e-01,1.973683574167501564e-01
3.509925542246056795e-01,3.449037643018326160e-01
2.985911533390757291e-03,2.323829287886546979e-03
2.716781096781468660e-02,3.361990364032500095e-02
7.703730881913932287e-03,8.007074049159826692e-03
3.600014017919354187e-02,4.170344110068973514e-02
7.393240386943387976e-02,7.824526763560567255e-02
4.794869914798222804e-02,5.482073950120749939e-02
1.356623823053640029e-02,1.293150817241212752e-02
6.451876916176964294e-02,6.127323345366837010e-02
8.062033077572590412e-04,1.249242047313417307e-03
4.767398480478034495e-01,4.536134066184258629e-01
2.686292417492594162e-02,3.302830287773573376e-02
3.210550076559367527e-01,3.181740615026337760e-01
1.131139909065263360e-03,2.712393258912647624e-04
1.310939254037845891e-01,1.421522131059288208e-01
3.898429507638193330e-03,3.596349551680413578e-03
2.726522603786443472e-03,2.047181591536935668e-03
4.574236977716661379e-02,5.176727241597436219e-02
1.377220876862872700e-01,1.565097789245377680e-01
4.430425513397282522e-01,4.632277333915615358e-01
3.454822955091716996e-01,3.372529861848493349e-01
8.413159259448693694e-02,8.889411770524710543e-02
3.418680590161110632e-04,4.248918558709174811e-04
1.798196674196457512e-02,1.801343266504869603e-02
2.725828366192394395e-02,2.681451041326580326e-02
1.039379796939308570e-01,1.149151681627499644e-01
1.146459347720409777e-01,1.080243547290691275e-01
4.786301695145719348e-01,4.538930673457945986e-01
1.989363498812221631e-01,2.104946148915694815e-01
4.325536221594907804e-01,4.318919814041650151e-01
1.594586030256429920e-01,1.556067643882401430e-01
2.482125735419879413e-07,4.306441706967986476e-05
7.943259826733551450e-04,5.459241747436861412e-04
1.586436540040728760e-01,1.623857783597165982e-01
1.716707966262862387e-02,1.211558805314729564e-02
1.686441538904873139e-01,1.602683315358089389e-01
3.318193548332924302e-03,3.159738731523855856e-03
2.058977472132539899e-01,2.172428482674259032e-01
2.990519498329906045e-01,3.165677508848123156e-01
1.722530876891599227e-01,1.684072847720612387e-01
8.578866969304743337e-03,7.375128666726481208e-03
3.923955448738043056e-03,4.861905583629979981e-03
8.686917354111615627e-03,9.803194264300103822e-03
8.457283317944450894e-07,9.700621198923196407e-06
8.772546705075190063e-03,9.439707403266914959e-03
1.235103370454455375e-02,7.938263948057610805e-03
7.652189062392907026e-02,7.450557464895113391e-02
5.139929901635671705e-02,4.515171370413955526e-02
7.888692754548998209e-02,8.315240606250311195e-02
1.228450658594393285e-04,2.041026826268464115e-04
5.521870703426607491e-02,5.580924447175045905e-02
1.822126186672198833e-02,2.158376014785158906e-02
2.047844493741241033e-05,1.113437678663375930e-04
1.445629594496440455e-02,1.325505487231232876e-02
3.190812427595367327e-04,1.199028159023285500e-05
2.638440328922441735e-01,2.547346518079047217e-01
3.719078086885045501e-04,2.090029005842190856e-04
3.043919046830891241e-08,1.955800818855017102e-04
1.835270699763858204e-01,2.021162242192175162e-01
4.794871432440685893e-02,4.722076904359585187e-02
3.651321869885600924e-01,3.506572086735950111e-01
4.135619830881572673e-02,4.135293043668197138e-02
1.419209947061538836e-02,1.228785340397913275e-02
3.217248902987697012e-03,1.896144109489904337e-03
1.160499758440234827e-02,1.083351750975202615e-02
2.632378422429293777e-02,2.338264431747525199e-02
1.486483906123228782e-02,1.218714978787253933e-02
6.666357720371715589e-02,6.793566548808893657e-02
1.848771792199365438e-01,1.927935224264028802e-01
6.356325593760631283e-03,8.829656436904816108e-03
1.074809774814711660e-03,1.328882234118742385e-03
7.579878405444265797e-03,6.105650245687222963e-03
1.827472649114514625e-01,1.799650994254478886e-01
1.827103191305764366e-06,4.897345442000849221e-05
5.526265706050901595e-03,6.112432824394388800e-03
6.878032851225996010e-03,7.719471272621662543e-03
1.852854905926982210e-01,1.850661053264303912e-01
1.918666080255534978e-02,1.906933203206269065e-02
7.700310578680169028e-03,8.048053885410499583e-03
2.035582482575751945e-02,1.843554329627093702e-02
7.015670573033633284e-02,7.156932698200305087e-02
3.369813244175461249e-03,3.317480776030803675e-03
8.097438352898456149e-02,9.480364991105295902e-02
1.118884401808735614e-02,1.426684954712831299e-02
1.370878203485812463e-01,1.438078641015444747e-01
6.987764327076648185e-02,7.041461019027112078e-02
6.673455828554816782e-02,7.494836858960844672e-02
7.173032727600815728e-02,7.454271222286146248e-02
3.248698232021694082e-02,3.566941078870555087e-02
1.622340709063959524e-02,1.354683615302918441e-02
2.142494958061686994e-01,2.161957121064754517e-01
2.040535984823905469e-01,2.038084233829696723e-01
1.718008172467219985e-01,1.751725245743404880e-01
1.714848429701751678e-02,1.759305688472388371e-02
1.170369358334613225e-01,1.194524071519764280e-01
1.301466363883151400e-01,1.381891290920947979e-01
1.937040931029298529e-01,1.740829124393300786e-01
1.052671630102985229e-02,1.067224994688545196e-02
8.555763569551197141e-06,2.750664250983566065e-04
4.940064348848042380e-02,5.161453722511558789e-02
5.846431513196480127e-03,4.263703638771364560e-03
3.157930438146740459e-01,3.142432525302225610e-01
2.318117056082090108e-02,2.370013334637148528e-02
2.113913060560566187e-02,1.853990963175701848e-02
4.375484203094148067e-02,5.124884295457116795e-02
3.455425249085719575e-02,3.560620887106727417e-02
5.189991488569887373e-02,5.619684211744761793e-02
3.790489016085239228e-03,4.594456526195553510e-03
7.542769409205889175e-02,7.823688550855087409e-02
3.621004031533932299e-02,3.150636967030699676e-02
5.701473930292588754e-01,6.033589734511061176e-01
6.024392634212190345e-02,5.567380539928345334e-02
1.455528518122047033e-01,1.481918693531549813e-01
3.429576808961540962e-02,4.488130390298145783e-02
1.507849095191045319e-02,1.576978634808797602e-02
1.970695583045713184e-01,1.834979946388437533e-01
9.197178208204349946e-05,7.797602684176163689e-04
5.381263136322462630e-05,1.542079281456247244e-05
1.140559538564327549e-04,2.507923824357596084e-04
1.133960451580157645e-02,1.077553756095334971e-02
1.504931368042168593e-01,1.459698876870606232e-01
1.082555907151253327e-01,1.115441767985517613e-01
9.065842443927375760e-02,9.314793473969322501e-02
1.179369746997741969e-01,1.145617963478949147e-01
5.926957443389113678e-03,7.167502891524768147e-03
4.198133376840877673e-02,3.651971407006545517e-02
8.596097756501634712e-02,8.484550988022497575e-02
1.705110526158710171e-01,1.805636816841486303e-01
7.836329802952138324e-02,7.286938634521221425e-02
1.005802668211054074e-01,1.056890300531065224e-01
4.162144316333786787e-01,3.996478478274072543e-01
1.643248782419537771e-02,2.125210186829222872e-02
7.833193507444808842e-03,7.368648996271388515e-03
1.892668428210782516e-01,1.829095543135577651e-01
4.168388728919870112e-01,4.190841562807866016e-01
2.371812661752870921e-01,2.347876172233359093e-01
2.546913896527385127e-05,4.056551800791992650e-04
3.041848834479113917e-01,3.180878836423545741e-01
1.736373154207857261e-01,1.673861479592330115e-01
3.162509148501797540e-01,3.109139197259083165e-01
3.122261395679414020e-03,2.887600397526723494e-03
1.935140401538710335e-07,7.627917453460727256e-05
5.413175630971581512e-03,5.327649949556445899e-03
1.880645665706469349e-02,2.481074806717954023e-02
4.932376242891274402e-03,5.843071507617023964e-03
5.182022936368391175e-02,6.193932170858001962e-02
1.379891284000553109e-01,1.424114733175635417e-01
3.465649940803378765e-02,3.146230708459006598e-02
3.932310264880440887e-01,4.037022714935173950e-01
1.172212760983649499e-04,2.779206235447742677e-04
4.576310515998287948e-02,4.991730033432174862e-02
2.120955477647007981e-01,1.815638987197717436e-01
7.450464308577359586e-04,3.699719850492154535e-04
1.300542514778985914e-01,1.362313087898584796e-01
1.837018389597071810e-01,1.899332123864635458e-01
4.419012832815932129e-02,4.273565044565260512e-02
5.115470605594421571e-02,4.939051374097316871e-02
3.010302891759339405e-03,1.965641821525027869e-03
2.587718525424048122e-01,2.687967307408580253e-01
1.014906448653073306e-01,9.497694646385018702e-02
4.425920714557421975e-01,4.318681618181350879e-01
8.687839342859880179e-04,1.166002710884058401e-03
8.616888442805353820e-02,8.615799316821250164e-02
1.277853278918355540e-01,1.186325312280799432e-01
2.107690982117956305e-05,1.563246481625756503e-05
1.381916982031934915e-01,1.408050358086450349e-01
8.401261514347757586e-02,8.473281289220366275e-02
7.169770536277001761e-03,1.102862865067560406e-02
3.502260234570639397e-01,3.477877330125372368e-01
6.108609270686646969e-02,6.976202497782039991e-02
1.399709381631827551e-02,1.140320072265695907e-02
7.877525312485979259e-02,8.818650024339518001e-02
3.441250679560629161e-02,4.309576016570746543e-02
5.713563304462650205e-02,6.122625069289993477e-02
1.916899756906493071e-02,1.854532557984977723e-02
3.837707622371794389e-03,3.750155596467098611e-03
6.437784620373497579e-02,6.329808056718143339e-02
2.168733860376258205e-02,2.326298540655532404e-02
2.908427625810355160e-02,3.060259857651526777e-02
5.145421009593811879e-02,5.411283497372379458e-02
2.585967794643733234e-02,2.697697991169775017e-02
6.980496709813223399e-02,6.989050878333391559e-02
2.054597472510160672e-01,1.978375849949247922e-01
1.080452796812314022e-02,9.650144219080575986e-03
1.651159070495725883e-02,1.648311247162518103e-02
1.875517164859904495e-01,1.889274992460586722e-01
4.764065481247686806e-02,4.800270308721468066e-02
7.810071070726516684e-02,8.853111311212810697e-02
1.039121294995204448e-01,8.988718594358113823e-02
8.959930682492071169e-03,1.243566469561284589e-02
4.017598522939772043e-03,5.007438676266335806e-03
3.675151811189663817e-03,5.525061819092301311e-03
9.286583129209559362e-02,9.628583747449369346e-02
2.227184874878917684e-02,1.767362212184914183e-02
1.378434618452396287e-01,1.362985565484834960e-01
2.015335396386166121e-03,2.677994106596354087e-03
9.163794233898667208e-02,8.552692440819818775e-02
5.697578957900214028e-03,4.837108254033660980e-03
8.329062028335713908e-02,9.056118316533737223e-02
6.177362280246165294e-02,6.599823846610533562e-02
5.530981718323610581e-03,4.666800117791956339e-03
3.058938463096729232e-01,2.944777819507256589e-01
6.766541802689545956e-03,9.134895430087518198e-03
4.693616159829310658e-03,3.774830532260876285e-03
1.914897973220828220e-01,2.077044659598602516e-01
8.984183406685559981e-03,6.909117715388937535e-03
2.571315454282678270e-01,2.650872492434547811e-01
6.252281358070647943e-02,7.205926327686905386e-02
9.640241708838382870e-03,1.089858625955973485e-02
1.119388519049973191e-01,1.019094202196698523e-01
1.800991419417549422e-01,1.845376490827931037e-01
2.009176157132798179e-01,2.073352617245499130e-01
2.104373181625837988e-02,2.270050507791316133e-02
8.208555128072461682e-03,9.062768428668243822e-03
1.668012374928018737e-01,1.706168503501785394e-01
1.992378368226103980e-02,1.524560729322645657e-02
1.802213851915677317e-02,1.738395541240511308e-02
1.130057350457344678e-01,1.114899103997680219e-01
2.410645040054599508e-01,2.232014742433078569e-01
1.634003444605992839e-03,2.542296430043638599e-03
1.807237621948140638e-02,1.559014602382678347e-02
3.731262986174545965e-02,4.111689546430153525e-02
6.500290448123710596e-03,7.101333823749948933e-03
1.461896693722413154e-01,1.322441940217379264e-01
3.895743477691482846e-04,7.311221389027421297e-04
2.259304243487343742e-03,3.139777510317712413e-03
2.786134799523458661e-01,2.709091619388620531e-01
1.374378681047560245e-02,1.765219386691962988e-02
6.307032610269475148e-02,6.121125929922349024e-02
1.198533456179674790e-04,1.648673155371949229e-05
7.170505942058115478e-02,7.448962549332673044e-02
8.712312331540707222e-02,8.817951720586311715e-02
5.380657723230618944e-02,5.071039801063412927e-02
1.270610598304289240e-01,1.326819798899336322e-01
4.630754746110314346e-01,4.513009911831510346e-01
1.176439068610111993e-03,1.574677908687779990e-03
3.741767819189263655e-02,3.460845364043260708e-02
6.269257542616573503e-03,9.056522304429305559e-03
5.236957639485743943e-02,4.837918817364175034e-02
2.106779971888723957e-01,1.997657386548051528e-01
6.910487382784968879e-02,6.515124433464762610e-02
1.919477717671464259e-02,1.695000415545401193e-02
3.954143999544456668e-04,5.794887166734846419e-05
1.823146926003224935e-02,2.078526720966440700e-02
1.166636014458120006e-02,1.029756869126059217e-02
2.351462665834309093e-04,1.621439818500170545e-03
8.391704637816317647e-02,8.746368637380409761e-02
1.349450464855795825e-02,1.331287002334674910e-02
3.235477413086540466e-02,3.561191397616952220e-02
1.997683098113272326e-01,1.839406276539293783e-01
3.211641307188461969e-01,3.267235081016296450e-01
3.360220268502330659e-02,2.975696709368454498e-02
6.782953612286123091e-02,6.667842821414321497e-02
3.700971265494702039e-02,3.272512327215526540e-02
3.338250107281738686e-03,5.235987471789654325e-03
1.154409785481862599e-01,1.217560661136883465e-01
1.843863065105932897e-02,1.640878101427195590e-02
1.124668928844848592e-01,1.241925419048284934e-01
6.342894453111834474e-02,5.803726181997503897e-02
2.117810015918980271e-01,2.228293128405275381e-01
2.274192919267514941e-03,1.750789427715945768e-03
4.476699232014740536e-03,4.262077254877639360e-03
7.300456504933455770e-02,8.279532482405145555e-02
1.047425170018443600e-03,1.050323783257224412e-03
5.586660917482713954e-04,5.984988211842293820e-04
9.522466800017055644e-02,9.296938276648551713e-02
6.264374083642199054e-02,6.403627016756162360e-02
2.427450906360561957e-03,1.391524432694685089e-03
1.422357557113615723e-01,1.421172662280355270e-01
2.647859690352925149e-02,2.449983695109298615e-02
3.384558119286832766e-03,4.077670303825532694e-03
1.620842396066639324e-02,2.034444267531869063e-02
5.010227723967012325e-01,4.951551556032744994e-01
3.185609582196766154e-02,3.953688261232839174e-02
2.194811898398046912e-02,1.747772437504099136e-02
1.061971921987042433e-01,1.194070795233422161e-01
1.743968824555971499e-04,3.763123790624223588e-04
1.111548148025873033e-02,1.354094055903208062e-02
8.653233723570359637e-02,8.824535151699032520e-02
1.784554437318997683e-02,2.164630174145257269e-02
1.212822350400060041e-02,1.448154217281207544e-02
1.260371410249314485e-03,5.524263478980933218e-04
6.430234195310289592e-03,3.886047159769967767e-03
1.072811060394943533e-01,9.875211993395026366e-02
2.879523521991118992e-04,4.536401094670414294e-05
2.102893474565804832e-03,2.014321303986408868e-03
2.799475413427021610e-06,4.773171565795635484e-04
5.995965159002593359e-02,6.329060695239634160e-02
3.326345164555483819e-02,3.522872336095048129e-02
3.447045048694288849e-02,4.290762646341334668e-02
5.677721037395978831e-02,5.831468745145829136e-02
3.825290198317014834e-02,4.351134106970766524e-02
2.538140492837181149e-03,1.910419069645972372e-03
4.631632410377966094e-03,6.493564226777570961e-03
2.636311119791059920e-01,2.414966299285921381e-01
1.313210769973702230e-01,1.314583881896930206e-01
1.209135201495343225e-02,1.613242873069187233e-02
3.372748990141068992e-01,3.213772743852191804e-01
3.621669759608302924e-02,3.500221818325822964e-02
1.409042520163516776e-01,1.284513806828121996e-01
9.343505342411011216e-02,9.428868560904950236e-02
3.815793279760770762e-02,3.209275879885744448e-02
1.415741602873075468e-02,1.501028520749095145e-02
5.172158412859129096e-04,8.376544650488605183e-05
8.204194340243098349e-02,9.013493665487377904e-02
1.061989244512301506e-01,9.770033980156306308e-02
6.011570728880866188e-01,5.749874277176478810e-01
1.407541654049643785e-02,1.089284529793938666e-02
3.057840810493602235e-01,3.010456712910953847e-01
1.569590807291386392e-02,1.563163998971660654e-02
7.292810490538896573e-02,6.878577151667709944e-02
2.093830916680990313e-03,1.136411222335902225e-03
6.397491898845540648e-02,6.448764761990358196e-02
4.614989373093441039e-01,4.578733608360258112e-01
3.879010270830009488e-01,3.675678229694387955e-01
1.542797596974854364e-03,1.584854349635308459e-03
8.730429186460436555e-04,1.994659865046781357e-03
7.517489852744828338e-02,6.834862847479278303e-02
2.538542065600114458e-02,1.955680009753254719e-02
2.463188590878297168e-01,2.463201344578669627e-01
3.025702296925976698e-01,2.949135161333971134e-01
9.337277821058947991e-02,9.193857810874832281e-02
8.088577996078261112e-02,9.790992694297692700e-02
1.298077499049897499e-02,1.178549240283667185e-02
4.513049285519652593e-02,4.441383908771426997e-02
8.331870721447589070e-03,1.077390283808756302e-02
1.176913646148312204e-01,1.180327867749824677e-01
5.776869776200857509e-03,3.330680371929679688e-03
5.307114725846136249e-02,5.347963117644660008e-02
3.310736079844212587e-01,3.311581574897689006e-01
1.485739972922196506e-01,1.572641869149687954e-01
8.482878955194218806e-02,9.393209597041846104e-02
2.268603433679984294e-01,2.251892035502755518e-01
2.891170336244902606e-01,2.943088021426106260e-01
7.404868989883892638e-01,7.312926308547149645e-01
5.311785357170469707e-02,5.234113596391137130e-02
2.245024876177867737e-02,2.568773164272172144e-02
3.984588614116837957e-03,3.270371083728817064e-03
1.345898043333796645e-01,1.376617111114164238e-01
4.516621082060395809e-02,4.601492670370347510e-02
1.171364496274779343e-02,1.353423198173955670e-02
6.787123876577021153e-02,7.417205641751518919e-02
2.310931037670016786e-01,2.278401997027871828e-01
1.805452390853388711e-01,1.684692210106876753e-01
7.636829795441985860e-04,1.311219920125819257e-03
2.930396618656375981e-05,7.443743074674586313e-07
1.136187069669065824e-01,1.022280788813880459e-01
9.512647237947279011e-03,1.061558647066920304e-02
4.676777339275644055e-03,3.718433656347574102e-03
4.225363538141382186e-02,4.086990417657598851e-02
3.448549843665783543e-01,3.395568518678732106e-01
2.856316742133234790e-02,2.672330022895546761e-02
2.383182492559867045e-04,6.632215418280773577e-05
1.761972296802333943e-02,1.282329946512024248e-02
3.969384818903051661e-04,2.502019292683583607e-04
7.142852577527140923e-02,6.383514516355008606e-02
2.686513518547955018e-02,2.280217461307168514e-02
9.880493176032638727e-03,7.350220148221953999e-03
6.980286262134278719e-01,6.744273749514138050e-01
5.458953780912927101e-02,5.585346092528127582e-02
6.741200331202846542e-03,5.071025460175419310e-03
7.120052493570098173e-01,7.156288981536543803e-01
2.627321858616210593e-01,2.798358322675803533e-01
3.539069650564861114e-01,3.521295997489353180e-01
3.520467954850581282e-01,3.456294001250118098e-01
2.888897497880349094e-02,2.765540192146346068e-02
9.041761972211030673e-02,9.621863493996808681e-02
3.599043016365059688e-02,3.329890880086176785e-02
2.581300567738519791e-01,2.601297116556003375e-01
8.875621890049981838e-03,9.327754414481633644e-03
4.167000231488022788e-01,4.149041025017432549e-01
3.211181360537045115e-02,3.295352703766765007e-02
1.341303176533568398e-01,1.369905670982778656e-01
6.255212704568023641e-02,5.465310041386487599e-02
2.600811839461377173e-01,2.673811067857452817e-01
2.098814698759230574e-02,2.822692121575615110e-02
9.113331882448477694e-03,9.609096473508877204e-03
5.203108170754824034e-03,5.831352684544628164e-03
1.096688228988536989e-02,8.553665467982607754e-03
7.514923860262450210e-04,1.380878652739310724e-04
8.857912886766622709e-03,8.603153918244928547e-03
1.023826135488643992e-03,1.029121450190888069e-03
2.141655202675118129e-03,1.020179713083120294e-03
2.652459787725907625e-01,2.580025115053076745e-01
5.182989067192250721e-02,4.668908753857962252e-02
4.867196607784145018e-04,3.150162900475166517e-04
1.447322137702768824e-02,1.031856119007262471e-02
1.876986203524118602e-01,2.046870251973549326e-01
1.172206267891732307e-03,3.288672614977123667e-04
4.729640829992880213e-02,5.026158881599437217e-02
7.513847693392873214e-03,5.959933569187917876e-03
1.238041292006338218e-03,6.377513735946439225e-04
2.238521315618696370e-02,1.843425512861704418e-02
1.023154665911726879e-02,7.831770144465384151e-03
1.030729795975468890e-02,1.382175136696535064e-02
1.137752101525328109e-02,1.630302140272381003e-02
2.060622465882596122e-01,2.093541693759621014e-01
3.231468630450630153e-01,3.164085490256262623e-01
5.408539383876790133e-03,4.781097734452779621e-03
6.669581842796100217e-03,8.374206666321675277e-03
3.865652447597133206e-04,3.176862724826211770e-05
4.030910807982656524e-02,3.846494747547815618e-02
2.608700899504868415e-02,2.377413833914254065e-02
1.710637858638702768e-01,1.716262690964072413e-01
2.061579584614171151e-02,1.597337629861933506e-02
2.741482155661519385e-02,2.769866555596812996e-02
8.869483348117873645e-02,1.051529490422089957e-01
1.973114951320511790e-01,1.942125908071384299e-01
1.231115473445164310e-01,1.263949100034897077e-01
6.234215557339300995e-03,5.069617776431026464e-03
1.038949315115545238e-02,1.267227421797967844e-02
4.265175426883876381e-02,4.225606081787097040e-02
4.639216145877575470e-02,5.432979889407611729e-02
6.680106643938289734e-02,7.012625945503110636e-02
4.439778678536806522e-01,4.374982139793352487e-01
2.034034095852070845e-01,2.115470642801360601e-01
5.165912160754471821e-02,5.572671248630038654e-02
8.147444753865863698e-02,8.394812676801731433e-02
8.355923458128940162e-02,7.942275382750764445e-02
2.308477393209414086e-01,2.415618576010375440e-01
1.883636447471037645e-02,1.803106659316463731e-02
1.738268577158866290e-01,1.591964928701470328e-01
5.928885857880166784e-05,8.187761199075362204e-05
1.292457497296595204e-02,9.064748780610561510e-03
3.312723177282180242e-01,3.458201055760588560e-01
6.743145746889413206e-02,6.798599455817304349e-02
1.182551442903078710e-02,1.352315988483744277e-02
4.169293615539807624e-02,4.451130617972837850e-02
1.166474104969192488e-01,1.260160866299351590e-01
3.148326682511112112e-02,2.928771977420278894e-02
3.194430600295141143e-01,3.127964988125201962e-01
2.184293381878848680e-02,1.421660729378259810e-02
7.269269034550822350e-02,8.962938849185883572e-02
1.007990419364437722e-02,1.210820574328241861e-02
5.103763198291094705e-02,5.333836245927220387e-02
5.724517749263066668e-02,5.590105229641690460e-02
3.823995074752527257e-02,4.210443778078527821e-02
4.263819009742349388e-06,7.922830331863720975e-06
2.882908574579311559e-02,3.141771277182831001e-02
1.037597624295478888e-01,9.672897587505413508e-02
3.571232555217435101e-02,3.561611070303825899e-02
4.566638331951206465e-04,7.259766007543239216e-04
8.761066634108177070e-03,4.594522381123718711e-03
6.712975156941412835e-02,7.160213329010654826e-02
1.408509646147136640e-02,8.230511208406631612e-03
7.003826051623905126e-03,5.675333598015490713e-03
8.360737824594807743e-02,7.765627277422350316e-02
7.473597522747145450e-02,6.943278391358156942e-02
1.261393343312811888e-01,1.346222514602382903e-01
3.209793538079728364e-02,3.371689402125976898e-02
4.584758269750638382e-02,4.301463666993130680e-02
2.104541972953494211e-01,1.994313960723303192e-01
1.650479580518454392e-01,1.511112395992625368e-01
1.527117555264626281e-01,1.549837751151438847e-01
5.080010270261611088e-02,5.519074082403188641e-02
1.286349838942310586e-01,1.230815455219186477e-01
8.568670450910080560e-02,8.385590213513501034e-02
6.907812595681933621e-02,7.175358401125342400e-02
2.521792732368360879e-02,2.262978456202673419e-02
3.095148374131172497e-01,3.111953299222797731e-01
3.311201179038989612e-02,3.257092624534865116e-02
7.431263984400099387e-02,7.077540137632963579e-02
3.866366356916729474e-01,4.104905601850984409e-01
1.196561699014838873e-02,1.415101367108061170e-02
1.927251839469964730e-03,2.413820716418007553e-04
2.079809807111876463e-02,2.326409084856165266e-02
4.033544800847729817e-01,4.130703914394303622e-01
4.772557046938360470e-01,4.791760074868188779e-01
3.823362052629819194e-03,6.461175053975522393e-03
2.767459835881612706e-01,2.974914300209996476e-01
2.798850828517544520e-01,2.828429977603413303e-01
1.191606979480874517e-01,1.202084672861318260e-01
1.941803725224486646e-02,1.637266987726407677e-02
1.507271937146608884e-02,1.363396137942588134e-02
2.036458362755171891e-01,1.989360241127661189e-01
3.398030532701119995e-03,4.823088127705992163e-03
1.567638374078444419e-01,1.535908855125594497e-01
6.841487215523538445e-01,6.665910963335257566e-01
1.509290810944358650e-02,8.786666026261545290e-03
1.213973948770084577e-01,1.309438155831828265e-01
9.333579514148532263e-02,8.855517627847617201e-02
4.765963751257298246e-04,1.057787113901002048e-03
1.951801084232361263e-05,1.320502933107133481e-04
1.201944061001209291e-01,1.098271726152242611e-01
1.026844215461370363e-01,1.062613497641086563e-01
1.258589433253372025e-01,1.331941551969637871e-01
2.351874384850168309e-01,2.400221362116004842e-01
5.736743055067505814e-02,6.059311062977575102e-02
6.230704291313063185e-04,8.753747120603637411e-04
7.994466965889666932e-02,6.540180347678693773e-02
5.766323883198741784e-01,5.886906577731859658e-01
1.096235707147525384e-01,1.102702176392813538e-01
6.782135062167976396e-03,6.552760525541240222e-03
1.210920524652078362e-01,1.216687002765666631e-01
1.894214361664349755e-01,1.913405399032042931e-01
2.920586954411052982e-04,5.284503979019019356e-04
4.486104476878238767e-02,4.598800420010137197e-02
7.120816474573554711e-02,6.944657523817554523e-02
2.007117413018831564e-01,1.841259446243714015e-01
2.622137044205647902e-03,1.797214269865799949e-03
3.035995259408018065e-01,2.942507703747684333e-01
7.670681709155335523e-03,9.147148989571932121e-03
5.202641192252721591e-02,5.011304985040795218e-02
6.526134303245602949e-04,7.644170994896178073e-04
2.581238185259898676e-02,2.505169765254699685e-02
8.643570054589815033e-02,8.255247137571793126e-02
2.670392689439534274e-03,2.221945948254086707e-03
1.144703982757313632e-03,1.552670170414541988e-03
2.062658592193043761e-01,2.048867285958286266e-01
4.467220332456349474e-02,4.015729705464212568e-02
7.058668934127135253e-02,5.781393051726349541e-02
5.098253459549018703e-04,1.471082847392308254e-04
5.725564366898802104e-01,5.778393791894307352e-01
2.556401556698964517e-03,3.630296158762617940e-03
3.328662632774230801e-01,3.331663178455657182e-01
1.528395253515477947e-01,1.537767298636564806e-01
1.694773567431848843e-02,1.505824409082349123e-02
3.247570017175731988e-02,3.035212106716250399e-02
1.726529491336318001e-01,1.840443271356390631e-01
1.855020582047196484e-02,1.915762276444260906e-02
6.561111389951379894e-03,5.288818076144409172e-03
3.330082536123078474e-01,3.288363355884920125e-01
4.390483064610115060e-02,4.504656102617815572e-02
4.824278555954011199e-02,4.302638090838809687e-02
1.579140517523404050e-02,1.483865642398215709e-02
4.221350624456323558e-02,3.520465533579168055e-02
1.618446847268421515e-02,1.833338727739092927e-02
2.762469677796470235e-01,2.819477343218048104e-01
3.006659835812195564e-02,3.433563673759790907e-02
9.052822848773218675e-03,9.409176408573723463e-03
1.848734245776507412e-01,1.968352539973357018e-01
9.286085275784873583e-02,9.736320247411368867e-02
2.576653932918749452e-04,5.171369937205435316e-04
2.062569185538200289e-02,1.796453923223825452e-02
1.421075046678547393e-01,1.399155642072112404e-01
1.524514287122355483e-01,1.615912046247894862e-01
8.612624247329259131e-02,8.278220887357862212e-02
1.440263022590487496e-01,1.483203621482517554e-01
3.038499206246253123e-02,3.908966826842207726e-02
3.666249162098473430e-02,3.742441433331442080e-02
4.218263290395901643e-01,4.150628835691267393e-01
2.300863194598033734e-02,2.138546344879779793e-02
4.724168246310607135e-05,5.834389922338918720e-04
6.777722950275646497e-04,9.464854553187890219e-04
2.366878235449434154e-01,2.299079374729728620e-01
1.250743523799640600e-01,1.155692941022726516e-01
6.222209906785673983e-01,6.149454800814739830e-01
5.233904061726554584e-03,4.491872167587996484e-03
3.020808435151261517e-01,3.190373237709690502e-01
5.284127659178902703e-02,5.911504702759061425e-02
7.416636488314498621e-02,6.416573265312655594e-02
1.981483645560878637e-01,1.944577840317540940e-01
2.763892979156678531e-01,2.883028096342732383e-01
8.829666251159189183e-02,8.928291534323382073e-02
4.134630294633484526e-02,4.576662906872896314e-02
7.110258674429762848e-04,1.970177986695501873e-04
5.702927405836723945e-02,5.931237174367658821e-02
6.308707237524603662e-02,6.799376949975721729e-02
2.363047396696516811e-01,2.363775023264628183e-01
9.830005775609876317e-02,1.079521192559761561e-01
9.281050062546120083e-02,9.152786227573854461e-02
7.429287999495519379e-02,7.761649259786262967e-02
1.340591603710731931e-02,1.191020901230377578e-02
5.828182160039862003e-01,5.767280061080415354e-01
1.370637554413126902e-01,1.497130945024194304e-01
9.103041552984582341e-02,9.852563658490723353e-02
3.413314345980986847e-02,3.482774608284604917e-02
3.445601778322370801e-01,3.245087894106034043e-01
6.091938524496543286e-03,5.568894381967046982e-03
5.727316374221148171e-02,5.817024490547309523e-02
1.554942619074525714e-03,1.295563402915592176e-03
4.709302405101010308e-02,5.616004853911372996e-02
2.646400152522503380e-01,2.536555768197090721e-01
1.417386174583236619e-03,1.025175254617678635e-03
1.973297891660595327e-01,1.803955043039539574e-01
3.885922719514183638e-02,3.587540933073509603e-02
3.545957694048866571e-02,3.604972432812806465e-02
1.958537092610055687e-04,2.115970193680551201e-04
1.123987954029856580e-02,1.021053609812068788e-02
2.300915748141185713e-02,2.319140741928935739e-02
8.608094009738399485e-03,6.230198934753958424e-03
7.094519906647003826e-02,8.287670655832436728e-02
3.714411846372223536e-03,4.145017887998899211e-03
1.175340713441838381e-01,1.362996176597512654e-01
4.254410986925478283e-02,4.546953426132776394e-02
3.517010349473815439e-03,2.320235594046649898e-03
4.522871402970205846e-04,5.200135038595675229e-05
3.825796040503813398e-05,5.832886501843707015e-04
3.297913982544785350e-02,3.343004180511007645e-02
1.570470405811497496e-03,9.351477378555153987e-04
1.392206374097128621e-02,1.230451170003210581e-02
1.763994216683535329e-03,2.038713723180982703e-03
1.049027536980649128e-02,9.250042532268768977e-03
3.227266213130795813e-02,3.096923334529955510e-02
3.164890736213348266e-01,3.298633659793286377e-01
1.052834810508995467e-01,1.015801641092485691e-01
7.027080599393439181e-03,8.028695508312137796e-03
2.687172734462296431e-01,2.623199192361150289e-01
1.263096274635738640e-02,1.409047368825304750e-02
4.410450077547108799e-02,3.827784298489960574e-02
1.679246869473752018e-03,1.682945761499885645e-03
2.429946591987390547e-01,2.394996630355541722e-01
3.239499714637418815e-01,3.064787229799960100e-01
1.444203920615215291e-02,1.390051426258125632e-02
2.386475920824860687e-03,2.823891809570151182e-03
1.756696493994682265e-02,2.409052281775923149e-02
8.103570284182669628e-03,6.917455636435719535e-03
2.393362064657188204e-01,2.486004854550629972e-01
9.890656218965154789e-02,1.081131773571000071e-01
1.365767575974802597e-02,1.444535522227385557e-02
4.407800811117674328e-02,4.321853238919425022e-02
1.252899194127289340e-01,1.234403450713511402e-01
1.144860762304548141e-01,1.139690798466072158e-01
3.500640808631327178e-02,3.770646335601791910e-02
4.159409180667386075e-01,3.851926299888701610e-01
3.560098222825503855e-04,6.741360964409539383e-06
7.982848862786377786e-02,6.947146676466821325e-02
1.518869127635836536e-01,1.490249150489191821e-01
1.785821930721665299e-02,2.802571641095956759e-02
1.472311310955471686e-01,1.511616469953651620e-01
1.991944366487147511e-01,1.948138515151407735e-01
1.465694033108014965e-02,1.307177809829065084e-02
3.414239971566085299e-03,3.885479915138659573e-03
3.190391137865843801e-02,2.946950428601448346e-02
8.528194009853889632e-03,5.498067739371888946e-03
5.242678401730906101e-02,4.763701701153282009e-02
6.765184087293568682e-02,6.794586805311751687e-02
1.571868101100563075e-01,1.505726635649668743e-01
1.099969598155278901e-03,1.289247472685539023e-03
1.193199138049811682e-02,1.308023345056943954e-02
3.567319841292038163e-01,3.544125992865804209e-01
4.286523792009568762e-02,4.505856554303787342e-02
5.240503570226420216e-01,5.277094625770831771e-01
6.591536826091733137e-02,7.118638518260229919e-02
7.086342269797707861e-04,1.029763075291282269e-03
3.402084383791300071e-01,3.376376563384672624e-01
1.183426641285343223e-01,1.189548204206929277e-01
9.907942103933363442e-02,9.875316847603304860e-02
1.850277015345215895e-02,1.290162715296656014e-02
3.789662323883977862e-02,4.226871744986007012e-02
3.330950125141744766e-02,3.009588695409373335e-02
5.362917678167349348e-04,3.238396475235454444e-04
1.056328538959583618e-01,1.158248984589599073e-01
4.572011656789285242e-03,4.076253669905176638e-03
2.126454381974058061e-01,2.207125469658892947e-01
1.190611312457044192e-02,1.282682410250292684e-02
7.777208602471634945e-03,7.062523553469238560e-03
2.914309639235399541e-01,2.861458090293345080e-01
1.621731512414571752e-02,1.422838844130083595e-02
4.685780303364849853e-01,4.612098433874130543e-01
2.945767163903983011e-03,5.383248891596660417e-03
5.958968509467082314e-02,6.124904108018462690e-02
8.721401241990288378e-02,8.400687858921344897e-02
1.417331310615973887e-03,5.343120669274932814e-04
3.280958670952173473e-02,2.835360110066938166e-02
1.343482868664446113e-02,1.413147089284846197e-02
1.603748621990080427e-03,3.409825094449793047e-03
1.044486999852023007e-01,9.014244967199627756e-02
3.762972472491437625e-01,3.595477571064784605e-01
1.742466825318558510e-01,1.655918315676331298e-01
1.260901641916606086e-01,1.351700243189216388e-01
6.544139814789914911e-02,7.348823466506466950e-02
1.160657915395756495e-01,1.098057569243053588e-01
1.163969816429805430e-03,6.400530310599418559e-04
2.899243618414941784e-02,2.674951490806315446e-02
2.001297577368603420e-01,2.081427123716249050e-01
1.033439190885409031e-01,1.033367185260563592e-01
7.853212393194944634e-05,1.243374980950176230e-04
3.302973360692951915e-02,2.355428471809761434e-02
3.545692223389611958e-02,2.950460493644160506e-02
9.848286473539785701e-02,9.224964735411404770e-02
6.635313124419582598e-03,6.759080807636032480e-03
2.689913269204804447e-01,2.523879023392450738e-01
1.362590878482346571e-02,1.432081972359210489e-02
3.197156458071953589e-02,3.187095334236930699e-02
3.967486762414055602e-03,5.459325685136070389e-03
2.554030860855211471e-01,2.706789209378306360e-01
1.255882631545887293e-02,1.259343965489728018e-02
1.037557815421616125e-01,9.276352403994286844e-02
1.319937088689316085e-01,1.243048814434686983e-01
2.889014235594314917e-01,3.127161024887705754e-01
2.866686521615196756e-02,3.091024707764155471e-02
8.893460960794279113e-02,9.647494927344887894e-02
5.552862285357769434e-02,6.592242926936579817e-02
3.076841725630625329e-03,3.168087708708790858e-03
1.238873504460900471e-01,1.296597604630380374e-01
2.186597728782135961e-03,3.707570246787809248e-03
2.261498627986174967e-04,3.428048540297576048e-04
1.935022236042911459e-01,1.798379301541242758e-01
3.313061434322709942e-01,3.337449752787336466e-01
9.408288219821724085e-03,8.293566870039540892e-03
1.028242907206996116e-03,5.316161214923166957e-04
1.304850970257409870e-01,1.267216664426648043e-01
2.533998926227453086e-05,8.217276681641810083e-05
7.446674483147849855e-02,7.534422328120693457e-02
1.388067876831746220e-02,1.298697149182058419e-02
2.553052518931036435e-02,2.642639392583469651e-02
9.602637509801946469e-02,1.069203461794511617e-01
6.653429204343661767e-04,9.588836047723090557e-04
3.482947729114538871e-01,3.346278698253440931e-01
7.658045179052397344e-02,6.930218952544899003e-02
1.559934144207839601e-01,1.615046719269440378e-01
9.967228652744010431e-02,9.567563935600614800e-02
7.855916778460050875e-02,7.787499083274773692e-02
1.532577317190308708e-01,1.630741349796591688e-01
1.307186943072680407e-01,1.268114675040278305e-01
3.696430283636210207e-02,4.380324727062091111e-02
1.095910845147851198e+00,1.092875775187974741e+00
5.579524773717495223e-02,6.452481119912234497e-02
4.150792158932467557e-01,4.214101419705353346e-01
1.654306747944767064e-01,1.645652746140192912e-01
2.379346166071232699e-02,2.285285964815440135e-02
8.976279474905410338e-02,8.132646985674882312e-02
8.678408021967919106e-02,1.068747614447508459e-01
5.733130285222982903e-02,5.685234641542004363e-02
8.393234360598197941e-02,8.129531689919178294e-02
4.306545830363576327e-02,4.015303982684564899e-02
1.640117292450498365e-01,1.729585612355541147e-01
1.287382976514008653e-02,1.240433270971640078e-02
6.783061994578951266e-03,6.340343520091589608e-03
7.948445528084472148e-03,7.370061505346562139e-03
3.691057739827272033e-02,3.687382412316946023e-02
1.908069683536186001e-01,1.975778427749428079e-01
1.400701545020606731e-01,1.449665363471219215e-01
2.163457335269907897e-02,2.542590975669526895e-02
2.520990883271480992e-02,2.098032723180253897e-02
1.069864543416053221e-01,1.090811664904645650e-01
4.185117167689464228e-03,2.421482150834755685e-03
1.115055819838043083e-01,1.205432750367722017e-01
3.467983138387186609e-02,3.607709334627817038e-02
1.087938582183111064e-03,1.211627316945302962e-03
2.408755436907790981e-01,2.450674774998377603e-01
5.686148560717279032e-01,5.681185935934913722e-01
1.751101582551681801e-01,1.788134606814422434e-01
1.067795004366486333e-01,1.053881977410169313e-01
7.376666359702445603e-04,4.359732707871501710e-04
2.408996252350295852e-01,2.482360594689989319e-01
5.977132679116501507e-02,6.692764900786447868e-02
4.878768937195097043e-03,9.036328405867530278e-03
6.159978529796759916e-02,5.261832195794106243e-02
8.983943810096589946e-03,9.662939121700388212e-03
5.932512157346378490e-02,5.273974783587630222e-02
3.650345743935748954e-01,3.712861984394010828e-01
6.914963755327070694e-02,6.411068585312056090e-02
2.841330341746286722e-02,2.732462932274571862e-02
3.422011745470977025e-03,2.425729260223741593e-03
2.173751550373242969e-01,2.133106217977363828e-01
2.408285059506969084e-01,2.524355193695085320e-01
3.276413934426417596e-01,3.249255362583869378e-01
2.416862870526474780e-03,2.202011734643123924e-03
4.738390371283276135e-03,5.941367235254658985e-03
2.022955335913816446e-02,1.766734270255580427e-02
1.131033819826571599e-02,1.254393796305868815e-02
5.445711099114719685e-03,4.038684471201113568e-03
7.773435174195771936e-03,7.449799472847021958e-03
1.810657889310459930e-03,2.784935240878937124e-03
2.493668859456418894e-03,1.394821793940735069e-03
3.897866274338809833e-02,3.942893465448353563e-02
5.794399647746010899e-03,2.449876124101565966e-03
1.251760563772570389e-01,1.310279416202937419e-01
2.818468998100292500e-01,2.879323195581496297e-01
2.846261411393489555e-05,7.142670009856652886e-06
3.138737375149984812e-03,3.117180021312900874e-03
2.808453980408069303e-02,2.901957199034330484e-02
8.751935201249468055e-02,9.824753132738420214e-02
8.104258693058723206e-02,9.127369267973874101e-02
7.579525845849104234e-04,1.711879837254671110e-03
3.855926584335912510e-01,4.171435008435011027e-01
5.676972580640002874e-01,5.610238522536122874e-01
1.495169541387675327e-01,1.491173948316827369e-01
1.381287295752444688e-01,1.403122378189043673e-01
1.836678754993001095e-01,1.777976099474288252e-01
4.428302430136383605e-04,4.144870394792298939e-04
1.656174397727118094e-02,1.732516483562377904e-02
3.536567604657100405e-01,3.245013038921349402e-01
5.677693708887374818e-02,5.432582483251739702e-02
2.166653721012737344e-02,2.110391607438580688e-02
2.773147048593604391e-01,2.878140383215671561e-01
5.684491302725128842e-02,5.192684332194648367e-02
1.175880391707331829e-01,1.191727742141132224e-01
8.922819262902562110e-02,8.754766146151396478e-02
8.069251324629818367e-02,8.751534756668281900e-02
1.303482423219411157e-02,1.390144467836147528e-02
1.480865928084220129e-01,1.480087878071279506e-01
8.236350340554704497e-02,7.823653500752603129e-02
4.607097214575625599e-03,3.709517771494239436e-03
2.169167661987913553e-01,2.204030559590273719e-01
9.202073784282430169e-02,8.724504714245970294e-02
4.038233342871239834e-02,4.522028568280325039e-02
1.251518675891991929e-02,1.652001386979581876e-02
2.178992159997538425e-01,2.225656266092634339e-01
5.757643951568200110e-04,5.855780180912380445e-04
1.523856018713924676e-02,1.533170011907772877e-02
6.162132830191024979e-01,6.012108420487622951e-01
8.776192022030178397e-03,7.142392458643911923e-03
2.113458408869461902e-02,1.523947774393023986e-02
8.469527427411129017e-02,8.552809513238585071e-02
8.810868923263252828e-02,9.745906221327144126e-02
1.816583757444981684e-01,1.863469384920898864e-01
1.928191210892690743e-01,1.856960702296168442e-01
1.553834295495775120e-01,1.638266056046309427e-01
5.877031053345458528e-02,6.887182435843221262e-02
6.326528135351372484e-02,6.871242719326860204e-02
1.618254669329485460e-02,1.844306392595709485e-02
4.422379250304665776e-02,4.924045068042997436e-02
7.677420122278433810e-03,4.610459164533213354e-03
1.614971994578815340e-03,2.153128419945257201e-03
1.946577592307231208e-01,1.882397128135794295e-01
2.529876818697242942e-04,5.225098789760416855e-04
2.034866326389428784e-02,2.010449260329774668e-02
3.423435920568529967e-01,3.409920376821750643e-01
3.314243908833592878e-01,3.195042107165209089e-01
6.569877559950653562e-03,6.342396249572845174e-03
2.320882716469570631e-02,1.732719660521000668e-02
1.478582887871467688e-01,1.563417625070654127e-01
3.103139686059817881e-02,3.576098029152652985e-02
5.362142278783796345e-02,5.062862625371852832e-02
3.261242866913513505e-01,3.216462483811177719e-01
1.053758643437768122e-01,1.111002292170547301e-01
1.344160414402438726e-02,1.096149012207961633e-02
2.121191586092016634e-01,2.055211986498394205e-01
7.056516336126594791e-02,7.346976813041085352e-02
2.913909245215535182e-01,3.105156540150650901e-01
1.104071884431520080e-02,1.350833748577200295e-02
4.962173449980623874e-02,5.160594573461787377e-02
8.703146707453738098e-03,9.328578974921966638e-03
2.470646904234017130e-02,2.901350740826182800e-02
1.361290004652040801e-02,1.233324972766362305e-02
3.698422975286266845e-02,4.199885267478677825e-02
1.141990049606755701e-02,1.052160667317414942e-02
2.481360231100713243e-01,2.491765236223836555e-01
1.204930927201718288e-03,1.738183708248850542e-03
4.900780219164223295e-02,4.802165673071483870e-02
1.384333270279424280e-02,1.796180079154863912e-02
9.232988626976728480e-03,1.106482971483988692e-02
1.348592115489578511e-02,1.024553847752987870e-02
3.535428540509723966e-02,4.027153532077336340e-02
3.498379203505712354e-02,3.904608756526464775e-02
2.214683149085163935e-02,2.082749531399311418e-02
4.121525191268919641e-02,4.118201171058918919e-02
4.649400132451254192e-02,4.321439895026378541e-02
1.136945649893995842e-04,3.046367255353154630e-05
3.344154623216182703e-02,3.720304034856677933e-02
1.399225658668243680e-02,1.348267205917116213e-02
1.093833742082992062e-02,1.296437656132843654e-02
1.112524075283592706e-01,1.109474581792198322e-01
6.341175749416697038e-02,6.616507684134312339e-02
9.625804148588190320e-03,8.968586749021189436e-03
6.000994125583637619e-05,3.220890312216819363e-04
2.758169134187939964e-01,2.868758655925301437e-01
4.355245093840411086e-02,4.553119003440302126e-02
5.515403301858740753e-02,6.266861618790275923e-02
2.916064260661646937e-02,3.194743790552368595e-02
8.960721242081673768e-03,9.575752724097474564e-03
1.405398064425843474e-01,1.340791656745704552e-01
1.274914698585915274e-01,1.385292087155539642e-01
3.677450168633951411e-02,3.460749400260922787e-02
2.605670416808009704e-01,2.631914839779963544e-01
2.276358875163046660e-03,1.652524172354756602e-03
1.730766364028399687e-02,2.162341352861447963e-02
2.581239447661938264e-03,3.029234447245130260e-03
4.755412464383663128e-03,4.715957437306682841e-03
5.967447261747946818e-01,6.103412288263446728e-01
2.070766778057255009e-02,2.453123541691707224e-02
1.029931689945046136e-01,1.171176624516392650e-01
1.438737564020991788e-01,1.280045966587358974e-01
3.396414048481501829e-02,3.570434640859430214e-02
1.628316387127727973e-03,1.683723883327989997e-03
2.973456148935844645e-01,2.917259862553497340e-01
9.561013504199265822e-02,9.496586431027820296e-02
3.346902060618674873e-02,3.469295812849279570e-02
2.622125993809230979e-03,4.835336387470689189e-03
1.929750919334492039e-03,4.495037667698484297e-04
7.182737887826501355e-02,6.809102239772921172e-02
1.470010523872730679e-02,1.234059653558207403e-02
2.215409005005768150e-02,2.285054001979904340e-02
4.240397126068782413e-02,3.905749907838278884e-02
2.804002394705576995e-01,2.892337303871523324e-01
8.897489101283945212e-02,8.992771210754016420e-02
2.109521750367382709e-01,1.992216081561694885e-01
3.573890820345655001e-02,4.102523540940609253e-02
8.734098003768707430e-02,8.798339457240668404e-02
5.600888280101732480e-02,6.062411604322372888e-02
9.520709356803902512e-02,8.495001727617061682e-02
1.566770173380085396e-01,1.640559088080453531e-01
4.720009721402856212e-02,4.582916623547581697e-02
1.381359454000005704e-02,1.173183834853973838e-02
5.429352801486270197e-02,5.414735914804673367e-02
3.509082751508257186e-02,3.740517085604256470e-02
3.123818173295836095e-02,3.457254067999107616e-02
1.806311851884690942e-02,2.082716082462011606e-02
8.681612806641829383e-02,9.040199481206291632e-02
2.075090935201076917e-02,2.176375538638657126e-02
2.444807596991292395e-02,2.248367751315811375e-02
3.402992685137186000e-04,8.769067917249384267e-04
4.379468516942794311e-04,2.727281766286927052e-04
8.137344056932006853e-02,7.901670556990282590e-02
1.209427616981948415e-02,1.307628063286553344e-02
1.219384067077292910e-01,1.167162758016169061e-01
6.072017097659393459e-03,2.787480957547090396e-03
1.566098146571274496e-01,1.491420122098753021e-01
1.212723431078764798e-02,1.350393588787762202e-02
1.424682171511931772e-01,1.474327925679957407e-01
1.169217159499818387e-02,9.694280174716142159e-03
1.140521199277047815e-01,1.122051776333165829e-01
7.690160755877517573e-02,7.384462395115518052e-02
7.510630745722114698e-02,8.229722077165164962e-02
1.086143175354069568e-01,1.104591235228778445e-01
2.713700735801119132e-03,8.655563702810035228e-04
5.271449918763981661e-03,3.789747750286037720e-03
1.235299223482992821e-02,1.400131321984986188e-02
3.687422826190051017e-02,3.655741757386925250e-02
3.522781061998813690e-01,3.669481457898454702e-01
7.392980662052631158e-02,6.298716783685599785e-02
4.239101802021459364e-01,4.176671629328891910e-01
5.502514939675316741e-04,1.234826777085702059e-03
5.907783270599308717e-02,5.427794911616337648e-02
2.333287917618971086e-01,2.368103144438675201e-01
1.284127904543360121e-01,1.225435391590756345e-01
6.365482284832292559e-02,5.824563103164718397e-02
7.274742197582435843e-02,6.825221732732884850e-02
1.192296804500078168e-02,1.399199485650762242e-02
2.547857489119637053e-02,2.569938258155951560e-02
8.786003754724643067e-02,8.687254995421017645e-02
5.605766029462699862e-02,5.308323170077700048e-02
2.096115373776825108e-01,1.995538387409081516e-01
1.298229513662778334e-01,1.281665994375264239e-01
1.152155638671838178e-02,1.285809155695599899e-02
6.330928095649515641e-02,5.014006261891913729e-02
4.631287304211548217e-01,4.382907800575551183e-01
1.145395033988037305e-02,1.605419569175198929e-02
8.226033763673291643e-01,8.406130547543615439e-01
8.724227613811495752e-02,8.921913288805412290e-02
2.240015021116438867e-02,2.121102648264491450e-02
6.717391172582669323e-02,7.098793593466236340e-02
2.287345270357485638e-01,2.161919260342666793e-01
2.122709219515810097e-02,2.013453171345827228e-02
2.767094549741517064e-04,7.927689961849039731e-05
6.936898075601401203e-02,6.976940847942671164e-02
1.271509905925953809e-01,1.106115159069166742e-01
3.912118034408955392e-02,4.349889395895987360e-02
3.498503934510570623e-01,3.835970535431886819e-01
9.485245865026784018e-02,9.466999228665930188e-02
4.137673725544682712e-02,4.148179026382499412e-02
2.019920365730718537e-01,2.023697715194489044e-01
2.058334203478057872e-02,2.384869524746476704e-02
5.172636848644040879e-03,6.510503827665574915e-03
8.941727924228115923e-03,9.499915208286521112e-03
6.089284331032415731e-02,5.942357546809616531e-02
1.631013487923822780e-01,1.603310330902922853e-01
1.950228337526530627e-03,1.903439765289053958e-03
2.188002724037896654e-02,2.317679593568152882e-02
4.880561288844134649e-02,4.725085967734347914e-02
3.303850205855784344e-03,3.696083173157313755e-03
1.492937272041367780e-01,1.531994241777400456e-01
4.755911189896958741e-02,5.105919981741094404e-02
6.840583994963267411e-02,6.389227009682128811e-02
1.981152790969232247e-01,1.875576108718924884e-01
2.616492319024298768e-02,2.222215915944661391e-02
9.731054756084833030e-03,1.018985950769268727e-02
3.167865274896566191e-02,3.508315568414820118e-02
4.950456816048994652e-03,2.855427265136987677e-03
1.295781375488358695e-03,1.058867851987754663e-03
6.799434995555401009e-05,1.430551512578329782e-04
4.815298622776414406e-01,4.664733135296897926e-01
2.885632715528832753e-03,4.223640004138131537e-03
9.874312098691611847e-03,8.994836675999930489e-03
1.140353036033217998e-01,1.114602531810953978e-01
1.056469071559422851e-01,9.802019440595281796e-02
5.825077186014568885e-03,6.384961520634339222e-03
6.073012566408622637e-02,6.184136204623921773e-02
7.065263190093461210e-02,8.003136174620253951e-02
1.521045464213492404e-01,1.542593569260778119e-01
1.119870056860534230e-02,6.595523648583652768e-03
3.058958939737121529e-03,1.919137612195770653e-03
2.826276581829440526e-01,2.755577125382410730e-01
9.634262962654864884e-03,9.222753910308753925e-03
9.603213542759435339e-02,9.097108682198827567e-02
9.703953346355258247e-02,8.655791100087972811e-02
1.198723571743181768e-02,1.201256811707512862e-02
1.105620924670915122e-05,6.063412008167632672e-06
3.050754620881827583e-01,3.167840069399179281e-01
1.732052446414741181e-02,2.154966681401504144e-02
5.512657418343860222e-02,5.417890110539617249e-02
4.928841342417206728e-01,4.946657215768980875e-01
3.237328659199388559e-02,3.360182361169194998e-02
9.407358104083300351e-03,4.807013344042801797e-03
3.600299383464198276e-03,4.239550623771373011e-03
1.320671766353454695e-03,1.533316582632423273e-03
5.241824008103434553e-03,7.954180289099683360e-03
3.579111712428257285e-04,2.364452817959529767e-04
2.427410781920201835e-03,1.987502796116583179e-03
1.966399784083079985e-02,2.284598782065670741e-02
1.047078579818395798e-02,1.154272586460663302e-02
2.799005196526685446e-02,2.676168969519142696e-02
5.311905951843309132e-02,5.561008842637450017e-02
3.319916348988632970e-02,2.814435984736261137e-02
3.361061861865453637e-01,3.540009146064124201e-01
2.438280565151001167e-01,2.428340798949203405e-01
3.928762699875565194e-04,3.379729815798650195e-05
1.908474916879969799e-03,2.563977928201934420e-03
2.197581434728700933e-01,2.161196246924874109e-01
1.141851596075547405e-02,1.171810382461489081e-02
1.552640288456750943e-02,1.827486222683712136e-02
5.928492218043127787e-02,6.424781960572589767e-02
7.836381266558682147e-04,1.262644458198917442e-03
2.095760590852397132e-01,2.003251283712728092e-01
1.941924281045422540e-04,2.035959531559663297e-05
1.250495478280500561e-01,1.179032330774163612e-01
1.647849318134805667e-03,4.666257958822955863e-04
1.332669242403094201e-01,1.434784568169191477e-01
4.958139964113592035e-02,4.912465162422563481e-02
5.680217652851326376e-02,5.844805001585722665e-02
4.398873459864348634e-01,4.633316410003900376e-01
4.558421624141870999e-03,5.734057364385251009e-03
3.388549520263886908e-04,3.994827021312383989e-04
2.640436806572681819e-03,1.826535930653849999e-03
1.976667034641740525e-02,2.158157536293029560e-02
7.066900905936525368e-02,6.917737767043947994e-02
3.952688114445736256e-02,3.802024494637037955e-02
2.586573592421939072e-01,2.400153207421290014e-01
4.606188523322468469e-03,3.214189984380757138e-03
7.619128561715471371e-02,8.282838609414887310e-02
8.775208046215242363e-02,9.746107476173555828e-02
2.749399328783377894e-01,2.678194158007767278e-01
3.954614868549615608e-02,4.059438956614632582e-02
7.434407927824028539e-02,7.620030930653647061e-02
4.519656414636542482e-03,6.456794793909674188e-03
3.773349405966865654e-03,4.653984539099321506e-03
6.254314064934792319e-03,7.190814135725272400e-03
7.001201828112524339e-02,6.519136215191752293e-02
3.640488728124201268e-02,3.647578501644156701e-02
2.758888828231002566e-01,2.516896468580984703e-01
1.346237264251629040e-01,1.174441718036797339e-01
1.422652122888372599e-03,1.292996361576342467e-03
2.180759392580926825e-01,2.089211217672017895e-01
3.919301455859048461e-03,2.656535182748625493e-03
8.288464515480922779e-02,9.017145281795900524e-02
6.221586448218570375e-02,5.945401866526827533e-02
3.688682276437334207e-02,3.251988348891577535e-02
9.382770378917949794e-02,1.015012578464214166e-01
2.450661660191377211e-01,2.336346327582793092e-01
7.415944718010028004e-03,6.121515794773450293e-03
1.702434901707676690e-03,1.058488143704621126e-03
2.171445639891494972e-01,2.142943463249514235e-01
1.211524381295482448e-02,7.736929563921501538e-03
9.893487671925094845e-03,9.023337492238709193e-03
5.292325741567596720e-02,4.704682418098931479e-02
1.786745288533661893e-02,1.910992854222674092e-02
3.214931485941245337e-01,3.102912938967031242e-01
7.937798704612572531e-02,7.633445908903165045e-02
8.888923022604548752e-02,7.989925710648873580e-02
4.898002648812884163e-01,5.113031477932792335e-01
3.908119167891509205e-02,3.361091839805860348e-02
4.323339037597774548e-03,4.422541118789520206e-03
5.104149692465732857e-02,5.031286697328442997e-02
4.480722181857040715e-02,4.714602218466110162e-02
2.874920108448665839e-03,2.267533566759068892e-03
1.436868499407984584e-02,1.170388212362053273e-02
3.081156135122455585e-03,2.850880917783738411e-03
2.805938311816952302e-01,2.811223083615579377e-01
4.305224515626804999e-02,4.160633763591024131e-02
4.129993649264862565e-03,4.759309209386891268e-03
1.024157582793496120e-02,9.000218122467219459e-03
4.299181111173363602e-04,4.289450770854125639e-04
8.199821999182797805e-02,8.813368375537920796e-02
4.525278700358422168e-01,4.524769684215554921e-01
2.761527859658063216e-03,3.734020929924056816e-03
2.000565017304328785e-01,2.018832258116157463e-01
4.884195820007713462e-01,5.090448765480233284e-01
2.302907205415207718e-03,2.005781888696235409e-03
4.922651682011706664e-01,4.951640006274101724e-01
1.377054297506580781e-02,1.784448976406289786e-02
2.356511961146813897e-02,2.275630610915581678e-02
2.048968544482733870e-02,2.727553706438057626e-02
6.127625907708235120e-01,6.325777665705318853e-01
8.405980863247829518e-03,1.244819844577184365e-02
5.253536088805432769e-01,5.309018063264553389e-01
1.036917042493608193e-01,1.016966813314109930e-01
1.557848164311444791e-03,6.452919425866229970e-04
7.111028120168490750e-04,1.255375616240843274e-03
1.254626347008468146e-02,1.330701572005315442e-02
6.391778231368633323e-02,5.901628515420272864e-02
3.360346228407211089e-01,3.280308042964252269e-01
6.927601858387910649e-02,7.499005565082328406e-02
7.785836537986290384e-02,8.087597365152769668e-02
1.213456545269988272e-02,1.334709271292217406e-02
6.790626096439086878e-02,6.415553295527007260e-02
3.219199889698408090e-01,3.226352141537363050e-01
3.080284286323115689e-04,1.262365635280280902e-04
4.409205203799559242e-02,4.341236120993832021e-02
1.063154749176926511e-01,1.065082600791585482e-01
5.391184388087972429e-02,5.556037137790791752e-02
5.312205259928720613e-01,5.198262575553604936e-01
2.192480109750359618e-02,2.471628532536607192e-02
5.979781467227823256e-03,6.706168291001882512e-03
1.842890442092406586e-02,2.465295618907008962e-02
2.708547290275477217e-03,5.213510208502053489e-03
2.506074357324709814e-03,2.516901960725300303e-03
2.857888319492101620e-02,3.023639516667079447e-02
2.343705884871865111e-02,2.152218260424984889e-02
6.862685327538094182e-03,9.269218679300439759e-03
2.365184933358044708e-02,2.362743302386747374e-02
2.676248603412664014e-03,2.415851040309236093e-03
1.446728095332121787e-02,1.715731323046721171e-02
1.026806230545930093e-01,1.010844591571808532e-01
1.533235737870968125e-02,1.703033703204498081e-02
7.812399767195800371e-02,6.922628295420657496e-02
5.426516387440886297e-02,5.243022874444567411e-02
7.662578039138495667e-02,6.975756775319795489e-02
1.122424988759462700e-01,1.100484292951971754e-01
1.694412929053317196e-01,1.740547750945579397e-01
2.487761895489690456e-01,2.515181741833058537e-01
1.278872373157857820e-03,5.439833581305192171e-04
3.587735395923162540e-02,3.469457473036278300e-02
1.708248632839114763e-03,1.395728730780500075e-03
1.466698353754199158e-01,1.592287866075715597e-01
5.327588227652085982e-06,1.054763570925115572e-04
1.540347474572591581e-03,1.643833759800310485e-03
2.331761317024771615e-02,2.793495900254483466e-02
2.341440874268112260e-02,2.313951337851202078e-02
1.177268896074745025e-01,1.214122958729816626e-01
1.151739362133189920e-01,1.094258900998738154e-01
3.608611138277406649e-02,3.285375930935430927e-02
2.027410178240097727e-01,2.159899367464817033e-01
1.444999575343223763e-01,1.447923318168539419e-01
4.775926970407122774e-01,4.769062567624888227e-01
1.697441152940352971e-02,1.663341013744813399e-02
3.280354687468697286e-04,3.161640312341079282e-04
2.596853456864808840e-02,2.766749785330646291e-02
6.294331159255320968e-03,5.569925154523178851e-03
1.483471969248936241e-02,1.733811400204414432e-02
2.455756482241338301e-01,2.487536763668277418e-01
5.821028773269580105e-03,4.710419376605733122e-03
1.543917094884378685e-02,1.749062702519009124e-02
5.483161584738680677e-02,4.632967766873870297e-02
5.397319558098025993e-01,5.162080838978747588e-01
1.010161492763139990e-01,9.124576956371630021e-02
1.208349056332036764e-01,1.208537061924937900e-01
2.097766611889249622e-01,2.035775240156841304e-01
2.201653955723144596e-01,2.135283581407037556e-01
5.147322253657834329e-02,5.337697834045690426e-02
9.572121321356022450e-02,8.873046428316108680e-02
1.529302243370199432e-01,1.543237041275594412e-01
9.967866639609244961e-02,9.264319377001069278e-02
1.693571876564256562e-02,1.262316923366547765e-02
1.493492643458263144e-02,9.932644195699785392e-03
3.001114285260301530e-03,4.075249876376629658e-03
2.009235609404140185e-02,1.575810087961235575e-02
1.024482200342535727e-04,2.870615655242868183e-04
4.880648267732739382e-02,4.544680265015620807e-02
1.005831464366555433e-01,9.302205560843887500e-02
2.478668232593498610e-01,2.389201570736291524e-01
2.143698987967413479e-03,3.191875706307015746e-03
5.376035880622379026e-02,5.955319317003180540e-02
2.124413495255815867e-02,1.649510839488329758e-02
2.213778764938576504e-01,2.076500804736315375e-01
8.144279552481067941e-02,8.120015693688825698e-02
2.464999492724830737e-02,2.514639145054316238e-02
9.461020391417964553e-04,1.291666528910186823e-03
1.544935954367909481e-01,1.441930204572031970e-01
1.229391474424239071e-07,1.690439194793909154e-04
2.108815100242585061e-03,2.829644861596950986e-03
2.392756207206862828e-01,2.544143453683602729e-01
2.402775578372660648e-01,2.456292306159023053e-01
1.530062524366150589e-02,1.849377686230060935e-02
9.757589585979474511e-02,9.891127654039888473e-02
8.452291706548037756e-03,8.190178171383387731e-03
8.476750210038876826e-03,9.433958654741857186e-03
6.476775047332982400e-06,7.149480898495553941e-04
3.323941427390484510e-02,3.941944682942780803e-02
7.389741400437510425e-03,5.084248354941838487e-03
5.332497101240957736e-04,1.666009964299324832e-03
9.416457034877175839e-04,7.727029127099057032e-04
1.602738632814027231e-01,1.494608596601589567e-01
4.315122989247278940e-03,3.222156528505149692e-03
2.321872238712068687e-02,2.516994123334211422e-02
3.668306021780545073e-02,3.884706189817031807e-02
2.140071017050822894e-02,2.055059492977275720e-02
7.355983511467811820e-02,7.284623062110302805e-02
1.724515853776405760e-01,1.637055354989112588e-01
1.047595171050681173e-01,1.161180732131675136e-01
7.785002392262219129e-02,7.620653042484318296e-02
1.001822650319381114e-04,1.258611252802222490e-03
2.075498843294617743e-02,2.657358310721193162e-02
3.708923368711232460e-02,3.929302360568171643e-02
2.294120731524243711e-03,1.997458100491775624e-03
2.082920879111031798e-02,1.858169851237606238e-02
2.453392172941682445e-04,1.139083040051414893e-04
8.679382516632860867e-03,9.070369761328972089e-03
1.484676058341666549e-01,1.509142630941140151e-01
1.348570132016616496e-03,2.225885030797221473e-03
6.471329111492389596e-02,7.216389280315789467e-02
6.940027785655050740e-02,7.427512297990015999e-02
2.725419053866377089e-02,2.917837619350273706e-02
5.071719605898536432e-02,5.683973339969580069e-02
4.044184238070939741e-01,3.935416874880358074e-01
1.454762189268719343e-02,1.670624925566088770e-02
7.509987446261053370e-03,5.316586800405916774e-03
8.838620322139219276e-02,9.798184931797325470e-02
1.977291502629892617e-01,1.829227321734535061e-01
4.768556762583316816e-02,4.316839038014099600e-02
4.258811147762665006e-01,4.251806311323991228e-01
9.949968395684616329e-02,9.714665212777945369e-02
3.950642183070024460e-02,4.039993111173656448e-02
9.168780885077033871e-02,9.010032137282596165e-02
9.672136309577626656e-02,9.695868665623078031e-02
3.262527950159693213e-01,3.204601758961709290e-01
2.330774169875991231e-01,2.233152435249537160e-01
1.941005244174574124e-02,1.798860819109032033e-02
1.662523782019432739e-01,1.478793468148676127e-01
8.905188254614627638e-03,9.035131668957479753e-03
4.313164978581264714e-04,1.644893991538124637e-04
1.126296501278626627e-01,1.174598955685527135e-01
1.142911196778269994e-01,1.045007205327683902e-01
7.184302982645861257e-02,6.095106635285926083e-02
5.873023324968428254e-04,4.461529561299693134e-04
1.002563477072319388e-02,1.080354154082576769e-02
1.762131286233757921e-01,1.805956489671765863e-01
4.787812996042840885e-03,2.576128587165073952e-03
5.439665618068063868e-02,5.651422247144498312e-02
5.555849115411209960e-02,6.694352900242950266e-02
1.026885846574771971e-01,9.862118610310524613e-02
6.861661191147538919e-02,7.759397187540903462e-02
9.683135609187551451e-02,9.647772389357313350e-02
1.822631771457424918e-04,2.728299916968942402e-04
1.137633632429346439e-02,9.681044746772312151e-03
2.417090396850035128e-01,2.316443911675902523e-01
4.062717916105781923e-01,4.167751681919062978e-01
9.321340003908214211e-02,8.890521084185863676e-02
3.321209796236200551e-03,4.264348962440490422e-03
1.298194054212474004e-02,1.144119103847002390e-02
5.419355727245977680e-03,5.211322785133597896e-03
2.623449153574537555e-03,7.614701999882441579e-04
3.736287960447453593e-01,3.737591821931581237e-01
1.554560435172911703e-01,1.646479720005522285e-01
2.909663001800473145e-02,2.975631768606890742e-02
1.378461510913478634e-02,7.940544187468265638e-03
8.916798118904023518e-02,8.040034562277618979e-02
4.597757644704322799e-02,3.804226592868863166e-02
1.957289160226512170e-01,1.842965297906263289e-01
7.327859403125452226e-03,9.144363242013188106e-03
9.459349185312831976e-02,9.787721393518861168e-02
1.186335699582508202e-01,1.258934383797910006e-01
1.327743916918043164e-03,4.181104454904284212e-04
2.092409982658227918e-01,2.085656803664344416e-01
4.011112174428639876e-01,3.969110136827674884e-01
3.170539763788003760e-03,2.904686428866985401e-03
5.842667642315570176e-02,5.435299712096687552e-02
1.154513808374052486e-02,1.379404754412454776e-02
2.901885780797160315e-03,2.813792632396071129e-03
4.315650051251646024e-02,3.707479253153556781e-02
5.527222463705830716e-03,4.332862156726337462e-03
1.300126760028460782e-01,1.368278235647726326e-01
1.101250935230933944e-03,1.208900988351343858e-03
3.148572245353108146e-02,3.032796292895672055e-02
4.320733659004116073e-02,4.460879491943395281e-02
3.677122813515323191e-02,3.569668848311933346e-02
8.533268887869377428e-02,9.214183666418536423e-02
8.930120752698791908e-02,8.714242385623768850e-02
2.372464419913333789e-01,2.525033468507072443e-01
3.696572041980718780e-03,2.971861208040720622e-03
4.504446318586887571e-02,4.262361041264742939e-02
4.741377653200443999e-03,5.099728326590707156e-03
3.811029503847103705e-01,3.639563580873644844e-01
1.836951841894027271e-02,1.675537335339608372e-02
1.244462656972974701e-01,1.216204779252343104e-01
4.442648004461555167e-02,3.834351662399532873e-02
1.345064937509052594e-01,1.397554866864894885e-01
4.992498028501643481e-02,5.204732196140637868e-02
1.567150247554948417e-01,1.544623785308660846e-01
1.793704137851677427e-01,1.737970948643410840e-01
3.566079600949018623e-03,3.613957015414630183e-03
9.536204936866417292e-02,1.008901794760689724e-01
6.008514985685461385e-01,6.143704802155174338e-01
2.631908608295970842e-01,2.531078431807741724e-01
1.380118894506711553e-02,1.611776508800834284e-02
1.671443389799317017e-02,1.674234584066505022e-02
1.304863734866514857e-01,1.293505436930618702e-01
2.824135554724923789e-05,2.523969367839932598e-04
4.445570240356827574e-01,4.207620562313010848e-01
2.048950741726815739e-01,1.838928072507273470e-01
7.204439379802354826e-02,7.176718024120454231e-02
3.731162955604658965e-02,3.956281611797508174e-02
5.436209373409519596e-01,5.653795516620041539e-01
1.051129952461507644e+00,1.039471007641986189e+00
1.263451490818721934e-01,1.323405279117090549e-01
2.092089414295318639e-01,2.085647326092787412e-01
1.738767735530994674e-01,1.784570125252517570e-01
9.338906027160323586e-03,1.019900858105932118e-02
3.632366646394522003e-01,3.424608646026779946e-01
2.679967691724318909e-02,2.881234215464597084e-02
6.008466894071015640e-02,6.181697415993404887e-02
2.184466127514168021e-01,2.211255940216044491e-01
9.759052339669743725e-02,1.002961644419663179e-01
2.825838862861919654e-01,2.781565653749476508e-01
3.097308608758022729e-03,3.283655926280014403e-03
9.969611168317016325e-03,7.910429152834455233e-03
1.885648055279667001e-01,1.845866220834626314e-01
5.021197138566354523e-01,5.193465539691212163e-01
2.841762929573061168e-03,9.763207561733768750e-04
7.062079128579134071e-03,6.013603792373861147e-03
3.686754335161489260e-02,3.535199126578725953e-02
4.366911813256368902e-02,4.687111067429138023e-02
3.462090567794263562e-03,5.418334600431708170e-03
1.313153829317861843e-02,1.257275831563068637e-02
1.325033362644538080e-03,9.131094542736897931e-04
1.148046463148298148e-02,1.208926930784775915e-02
1.337173152958072708e-01,1.382005794980291635e-01
7.321896330315738784e-03,9.430006615253743243e-03
5.284810660366183466e-02,5.069843554685118242e-02
1.540781006084580018e-01,1.511649636791599083e-01
1.305089753657913132e-01,1.303532108945734125e-01
9.561129421786841720e-02,9.303501202838304618e-02
2.271012787575807657e-01,2.358259616629923283e-01
5.357034830446933543e-02,4.445270933609835051e-02
4.216873986011194231e-01,4.289941307971556483e-01
1.025257380323199271e-03,1.144171088566671608e-03
4.743532576264344186e-02,5.017431149852120270e-02
1.831358490116827969e-02,1.315395447661654206e-02
3.599635036531894511e-02,3.951536053444919955e-02
1.774522146225182215e-02,2.338522991054833508e-02
1.622591700777782642e-01,1.657718896787920837e-01
9.070551725280311395e-01,8.947984331560836502e-01
5.415963684144059487e-02,4.441674911911627777e-02
1.143307391897355335e-01,1.174905621102898118e-01
2.621056374860237029e-02,2.484750482127392676e-02
9.763618035052035876e-04,3.645799260284665480e-04
6.658930202266211996e-03,8.173873058149764420e-03
2.000346902050105860e-02,1.776686657365108418e-02
8.176969798479352680e-02,7.151805715791219320e-02
1.350672096835079349e-02,1.237539443177305618e-02
2.076110907480520351e-01,2.168777139624855910e-01
1.733320355387516637e-02,1.820676882476704797e-02
8.599582139264011493e-01,8.605138264582546936e-01
8.361216102064927130e-03,8.045043519429750933e-03
3.346269333555003667e-01,3.397799654303838013e-01
8.210424300103311254e-05,1.127801270821333647e-04
1.178593240431649244e-02,1.271667880660999790e-02
3.559278095389862284e-01,3.760539733744795443e-01
1.542670108395916007e-02,1.910918682009958916e-02
2.833949511865777385e-02,2.795062574625700735e-02
1.038621549086394535e-01,9.817358784977636699e-02
6.760506409873477913e-06,5.164868306342596771e-07
2.208790687303323688e-02,2.424769608254020645e-02
6.610472585409180057e-07,8.224380522129017695e-05
7.233587374277233861e-02,5.993556792078368056e-02
3.440887842707694710e-02,3.281915438333336821e-02
1.935747764135550136e-02,2.168734881870790221e-02
3.442669239352456130e-04,2.767142417232245602e-04
2.429224047576204759e-04,5.245659875411690142e-04
4.964179912048552468e-01,4.753992217924497554e-01
5.600013159810354225e-03,5.840636854850609315e-03
3.183586816718816243e-02,2.864824864784824496e-02
8.980276870638161102e-02,8.064522720903816166e-02
2.952007680811902235e-01,2.967122841027317603e-01
1.669682209416937235e-01,1.582522668203240057e-01
2.410917284732405023e-03,8.975216226458261485e-04
3.047138532459639764e-03,4.186535073959289990e-03
6.657737022897834396e-05,2.404536766131325703e-05
2.068128600800684183e-02,2.544184811195197848e-02
5.243814534078032955e-03,7.708861690722360396e-03
2.421497772342580679e-01,2.291962794695142080e-01
6.027831160882644174e-02,5.760744378418475309e-02
7.094977368962096477e-04,1.139868096319716136e-03
6.770731044673229670e-02,6.703007493807269790e-02
6.265491554402033425e-02,7.280255602104830637e-02
3.545925400711663622e-01,3.819552966607283606e-01
1.914860571180918751e-03,1.485375411654160129e-03
3.474708926415936983e-03,2.431060890731535484e-03
2.094245769574371952e-04,6.054563826289367659e-04
5.775219136835191454e-03,3.896842703743214932e-03
3.509901074716890168e-01,3.432355716036698534e-01
3.089232335987049730e-02,3.083939436403496451e-02
1.128259702811429954e-01,1.076465211670498412e-01
1.128129116602990352e-03,1.139059713708373209e-03
2.430078982870789994e-01,2.338481590143786371e-01
1.229081436636922375e-02,1.436775642295993159e-02
3.250924459289309953e-01,3.133746506609386140e-01
1.107421533171524669e-01,1.110408755343342685e-01
7.494541999700955748e-02,8.284765690419620965e-02
6.093986357400867776e-02,6.476713122472206596e-02
2.760734635715758611e-02,3.163412444449313632e-02
5.351479124391052278e-02,5.125370623091319439e-02
7.456994990917075600e-03,7.978741678246721938e-03
7.602951299687712994e-02,7.569910196062423768e-02
2.925955752930936397e-03,6.761616221710104943e-03
6.643374128803433698e-02,6.873660731598318918e-02
2.203256958787556258e-02,2.137033045310648971e-02
3.275409013333978603e-01,3.354203823177918653e-01
2.516477292332381377e-01,2.421107495332628923e-01
3.974043048332714240e-02,4.327974069672777674e-02
9.627168148653395549e-04,9.044051931988894479e-04
1.094193817532797958e-01,1.056309632950684224e-01
1.376312395806276179e-01,1.335155245144738489e-01
1.341300320511019661e-01,1.278204443140422975e-01
3.287913703243711822e-02,3.496624091344903429e-02
6.505544994584958052e-02,6.176100683438353472e-02
3.008320679571841599e-02,2.567747707827038040e-02
7.331307717948838676e-02,8.079068837596065089e-02
7.628252116670748706e-02,7.712612640984765899e-02
3.490062912404847534e-02,4.131327801067121580e-02
1.591985798911618732e-02,1.240298654167583219e-02
2.555892936500994694e-02,2.066297996101516127e-02
1.241652282702422061e-01,1.338218270854518444e-01
2.609307857979417276e-04,4.557754849251286497e-04
1.190428481088871976e-01,1.237071599838827918e-01
4.486582851631346069e-01,4.405760077422590237e-01
1.258814097300516299e-01,1.052856978930728493e-01
3.552046102019806861e-02,4.329688593992745554e-02
2.232353975031706184e-02,2.678198138883888108e-02
2.871450171720083791e-04,7.973836985656364404e-05
3.201038784232579826e-04,4.132895336464377013e-04
4.661356735374355773e-05,1.141377803430667162e-04
2.309611322928749755e-03,2.614046235581551740e-03
2.310032678664777350e-01,2.489254425557253514e-01
3.178249547944711918e-03,1.431302407357324703e-03
2.208349661431660560e-01,2.057639317830378400e-01
2.015999988658225273e-01,1.955569067871076316e-01
1.703174161684965493e-01,1.605907580034950377e-01
2.903658857794453318e-01,3.005800618801692803e-01
1.367601326311242427e-01,1.153949302800538063e-01
6.243086054648267803e-03,6.458596178646132217e-03
5.730971710819287465e-06,9.259487857120416243e-06
2.844843428119666479e-02,3.598159441341455128e-02
4.300990993866870074e-03,4.856409233841061865e-03
1.326284536189636584e-02,1.149662179257364240e-02
1.508716681113818998e-03,1.224760881101347187e-04
9.486329762021846607e-03,1.220065549357101514e-02
2.534998625219315321e-02,2.387528021068206080e-02
1.158312327050476792e-01,1.130829187369554872e-01
2.958610518529836142e-02,2.593944749820753168e-02
2.071925070515378414e-02,1.915181014421137029e-02
5.504677899651542194e-01,5.741345107074177223e-01
2.229252544992372728e-02,2.325057177482686699e-02
1.778530462924591826e-01,1.655118734118098123e-01
6.477621998129566572e-02,7.023465311489565654e-02
1.980265409968734736e-01,1.958009320797881037e-01
3.085001792645555938e-03,3.645025592519688783e-03
1.584489715547848440e-02,1.438037782743370463e-02
2.632434408577757901e-02,2.493041784585411577e-02
9.932558084534515164e-02,9.895567096032607812e-02
7.926277729847927556e-02,7.748008584552509848e-02
2.938612305543700787e-01,3.081032171648829254e-01
1.275940811262504804e-01,1.260812145486244762e-01
8.556898235189685717e-03,7.162336769275019603e-03
1.436525366191166442e-01,1.511553337789507678e-01
5.636806208698652565e-02,5.647323075209279702e-02
9.709309005647673296e-02,1.081969143784588944e-01
1.427118482187345397e-03,1.758617114754838307e-03
5.238202077594765645e-03,4.026591683137723844e-03
9.536763322220233319e-03,1.354523302057594226e-02
5.958719123080297164e-01,5.891144639325697208e-01
4.603211977148360771e-03,4.144086526788968300e-03
1.144303689857860667e-03,1.540453172808642617e-03
5.330738007935707096e-02,4.195785587823545187e-02
3.091985045520946607e-02,3.241987667517432642e-02
2.459668903741948076e-01,2.310635931045953995e-01
5.525435616958330631e-06,6.786412610933391246e-05
8.499621910703733518e-03,8.838823265415751002e-03
1.417851484946513335e-02,1.669962667025365680e-02
2.465677817249658024e-02,2.191121991260136861e-02
7.530541573069406136e-02,6.559943321272636296e-02
2.297451344824311299e-03,1.702588638462959039e-03
9.456004623729918901e-02,1.006130140888832486e-01
3.155905002162472939e-01,3.282150827413958250e-01
3.810228825230911887e-01,3.870215745443386646e-01
6.939705833421055958e-02,6.987472524189491940e-02
6.076695678656155591e-03,6.678760292201512717e-03
8.545286358687188832e-02,8.421689786841296543e-02
6.764545415999437261e-02,6.464530827459290252e-02
3.461718788621144516e-02,3.838877756796063578e-02
1.611263625788272869e-01,1.757318580158387655e-01
1.426815570003138189e-01,1.425697029254758552e-01
1.066081067751254163e-01,1.002419580804110588e-01
1.575050394544512955e-01,1.676777720630381052e-01
6.346834002162339561e-02,5.822399365526476772e-02
7.870783429428504507e-02,7.208901089495313441e-02
9.746832657086731966e-02,1.051435659684255841e-01
2.481594120074786212e-03,1.447094538462647849e-03
6.383835394236430094e-01,6.409637212575317600e-01
6.565483198587236495e-03,6.135354049985663159e-03
4.997342462492346260e-02,4.700159183855547734e-02
7.912186506127219521e-02,7.852554536902307813e-02
3.125279311162477147e-01,3.238078668029697460e-01
1.431200878926804608e-02,1.405382097512910926e-02
2.411679675212974328e-01,2.134369758977993914e-01
1.156076277983867223e-01,1.087952456332610673e-01
5.236033737031268315e-02,5.219250836805298943e-02
1.502478138163534926e-02,1.866327912697607339e-02
3.844742743152786968e-01,3.783358056378302581e-01
3.978723088186716383e-01,4.188191233065536312e-01
1.659742423135695611e-03,2.792399751642631696e-04
1.854228916421830908e-02,2.047950069780143240e-02
4.404716651722623277e-01,4.134968091576933236e-01
1.735387206227728685e-01,1.811377538463367076e-01
2.280444329565915057e-02,2.163273541031521252e-02
3.205912360267351713e-01,3.021644445344885965e-01
4.416125597392046333e-03,5.469668812753337300e-03
8.510522390276710203e-01,8.422064803732944860e-01
6.201222677743695871e-02,6.365923335496349866e-02
7.700446954516636255e-05,2.152961170927893356e-05
2.280746368945076041e-01,2.238790086435296367e-01
9.056785347621179594e-03,6.932872828679691353e-03
1.485992396862444442e-01,1.408126132100550321e-01
4.621249033617615826e-02,4.900642191464772007e-02
4.988577411953472318e-02,4.786324433135685785e-02
4.041998618570803725e-02,4.272206040587125248e-02
2.552814134105597099e-01,2.523101459111475320e-01
5.593180002776334397e-03,7.479265441186212261e-03
2.116107963185178201e-02,1.679078681899959929e-02
2.010900436655733425e-01,1.913637475207159988e-01
1.521484179138518911e-01,1.629926639850539649e-01
1.063447094655264880e-02,1.328400483823859515e-02
1.141530125508762872e-01,1.240697722947431553e-01
2.234120062354237879e-01,2.293971073264935434e-01
1.008048314771381286e-02,1.067406784509065086e-02
1.929080089828743780e-02,2.573765325550038743e-02
1.752034185505860556e-02,1.682043517125507079e-02
1.859711310040349029e-04,1.563076964133489511e-04
8.510107478478771970e-02,8.225147046188248379e-02
3.962074709052999799e-02,4.114826975371684015e-02
1.466075783910433534e-04,3.549609708577747229e-07
2.234090488121437575e-03,1.788898956063537720e-03
9.595995953828080627e-02,8.678415754360807588e-02
1.015388471353903393e-01,1.036503813649442829e-01
1.443120282251586783e-01,1.540790345189364252e-01
4.017482446565256732e-04,4.034187032589288532e-04
7.756179307974879755e-01,7.687007334723909846e-01
2.391618952778333529e-01,2.395511483654514107e-01
2.001813482132116795e-01,2.035253301063012776e-01
2.020515433923379955e-01,2.122542902958106104e-01
1.193721604624021528e-02,8.417165055829475481e-03
4.002189077727688060e-01,4.018588328592727077e-01
7.351384234199100087e-02,7.107805321662567788e-02
2.487999095183074938e-01,2.458402817229246862e-01
1.647393644715599847e-01,1.736417159073958827e-01
1.436010904617370486e-02,1.580997859342030132e-02
8.589811588108321738e-03,7.147214634625362502e-03
1.150607917419107784e-01,1.059248532566116202e-01
3.699766130128981367e-01,3.736516511706013399e-01
9.199450205082603752e-04,1.166855288559924065e-03
1.307058017880162737e-01,1.190147223156240164e-01
3.780862086624390411e-02,3.671597694608423612e-02
3.762425255344314934e-03,3.125893437814970290e-03
1.230572914068248785e-02,1.203882407792128753e-02
3.208971062544540426e-02,3.874617902732884617e-02
4.268321359706536700e-02,4.646077777487587351e-02
1.139741814938451808e-02,9.377343923891990479e-03
2.675380720245127634e-04,3.513194234988673242e-04
1.331179571418540247e-05,5.175606137407402278e-06
3.961906315465590217e-02,4.424414702564245794e-02
8.087686127689958093e-02,8.072217807370747622e-02
3.849607150517451171e-01,3.681592104892021378e-01
4.726385546432084958e-03,4.352828416647213684e-03
1.109591976203194545e-02,1.538921338456306423e-02
1.879480724846917944e-02,1.630111605223266008e-02
5.585039181829415215e-03,6.484710248318450304e-03
1.767618944438326253e-03,1.536270854542399686e-03
2.450431018500461022e-02,2.940259260169446331e-02
5.572982604724991199e-03,5.684744309153546768e-03
2.232641137752339536e-02,1.885133134920638498e-02
1.585246256107160389e-04,1.899447015088925569e-04
1.831633943506038864e-01,1.803214914048614503e-01
4.726137979467989747e-02,5.690202767717253418e-02
1.287115679088178706e-02,1.162610418885941591e-02
4.098585527460355676e-02,3.682317654614249147e-02
1.567045625736601666e-02,1.730075428745988381e-02
2.240302129799534261e-06,3.018321227150045868e-04
5.525920949128543258e-02,5.826789242677350017e-02
3.137990283860520729e-02,3.395228739307531302e-02
5.234415423276674029e-02,5.468599820855708782e-02
5.027001170998331853e-02,4.740526256254345289e-02
2.901843052899201192e-01,2.778650653406997684e-01
4.305383453838016947e-03,3.387846852230154415e-03
4.838510583733982712e-02,4.999545266399627735e-02
8.235824892146798026e-02,7.277861327226263499e-02
3.471363280416800423e-01,3.439403177306337711e-01
4.319028276133573402e-02,4.542374581926551802e-02
4.757957920757240056e-02,4.973824264607219769e-02
2.304512728398245679e-03,3.529013157505686126e-03
1.304074239551370196e-01,1.385888564226647190e-01
6.029894806971217158e-02,4.946336956623637038e-02
1.273240276313381339e-02,1.456990914275835790e-02
1.390792101646499013e-03,2.678546011816035095e-03
1.886114023358418657e-01,1.818597221868966662e-01
5.714263481279194257e-03,6.346628342939362663e-03
1.123026654799462454e-01,9.046536953576223006e-02
1.366055403978437555e-01,1.345317762901846459e-01
4.673740921872344967e-03,2.655032055177071124e-03
1.796749343381564001e-01,1.875853082590387966e-01
6.433126530878115201e-02,6.841811273931035220e-02
9.541958447413283195e-02,9.206769373012033131e-02
1.474675712283443352e-01,1.587867495485263125e-01
1.998979735038073149e-02,1.686583956955526806e-02
4.375730578521350167e-01,4.306592764089895442e-01
5.136312160256212983e-02,4.503492563165074902e-02
1.387627636580484880e-01,1.407773421573630390e-01
4.352585208506978137e-02,4.718604834306833196e-02
2.701275238290010063e-04,2.181861753953442322e-04
2.034247981347214740e-01,1.982839815450141152e-01
4.204925267618737222e-02,4.016814655979496912e-02
1.340930442093708208e-01,1.404056578848787429e-01
2.543057060465514496e-01,2.559338361537283890e-01
1.424960802164997598e-01,1.461769572145699969e-01
1.607729850986942544e-01,1.520804978994900192e-01
1.261184923683951187e-01,1.359060398307387341e-01
3.703500863474716576e-02,2.931435496004373628e-02
1.206724660502831413e-02,1.595622682569204642e-02
6.633304181769545185e-03,3.721618531797786684e-03
1.166973891202947693e-02,9.428951258711831124e-03
2.301175518534227249e-01,2.488116448788743329e-01
9.058825462971811446e-03,1.189879272826870581e-02
2.782711266392151389e-04,5.769238796135237480e-04
2.249152308351601570e-01,2.253706821545712335e-01
5.338321712578087963e-01,5.394359042740513033e-01
7.622477357571058598e-02,6.648679854910245768e-02
8.906516434964126261e-02,1.008265598537421565e-01
3.069725505557405199e-01,2.908935603126125424e-01
7.869496614969194448e-02,7.617527337332108406e-02
3.504272148005246196e-02,4.271022923567367041e-02
1.330673084062391001e-02,1.077141199695884864e-02
2.798249055693074333e-02,3.257012257902433539e-02
1.970021319855116537e-03,1.873947656068433894e-03
6.897766505762657658e-06,5.845555997268408370e-04
1.764907612278036886e-02,1.443972339750576941e-02
4.463075918086695584e-03,6.402425258552213276e-03
6.192282972688581411e-02,6.467732285994924613e-02
3.918190524126774488e-01,3.975654184272635061e-01
1.646295852594186274e-02,1.770758967160641212e-02
3.946341810045913001e-01,3.926569266122945656e-01
2.701222786056219349e-01,2.677953572510778923e-01
1.454499222850193507e-01,1.547300374309832638e-01
8.529764832693896570e-02,7.888093435537930909e-02
6.602597660887771225e-02,6.400118613564335923e-02
2.110240986882084280e-01,2.055928392276749339e-01
8.301234047868589192e-05,1.528031257520896476e-06
1.303989399104047743e-03,9.079209215337183609e-04
1.796867289879282292e-01,1.699908171347791208e-01
1.871568632340557259e-01,1.896545220144128796e-01
1.451807314120312498e-01,1.382321190800273880e-01
3.192702522361459683e-01,3.218666968160218134e-01
6.995115245925007455e-03,7.091097724942807372e-03
1.851066915868684187e-02,1.864608384539055697e-02
5.260697756785476936e-02,5.299100801835988916e-02
1.231657136334288194e-02,1.186419010246831350e-02
2.965340511346533509e-02,2.383839750290067672e-02
1.936121315540925425e-01,1.956661699980236369e-01
4.868198655687635927e-03,7.163123616459060421e-03
7.365102705964746838e-03,8.063662317236229560e-03
7.707545373434672442e-02,7.649072618647025090e-02
4.514746604159635551e-02,6.016758464943221946e-02
1.405300387793207706e-01,1.345570010197124633e-01
1.432323502195464449e-01,1.410311092922141019e-01
7.525099835559763244e-03,7.815836120287701291e-03
1.846534402776640882e-02,2.077930832941449896e-02
7.151730185249295380e-01,7.288721264295148217e-01
1.072257558142818840e-01,1.081578527197508549e-01
9.020782983132958482e-03,7.243735820446328341e-03
8.398459164882010608e-02,8.588113589863918818e-02
2.491414925577044304e-01,2.427932624394285865e-01
4.472120362506680769e-01,4.563965066849056673e-01
1.765677043721607933e-03,1.241875430435875668e-03
2.464091312568605086e-01,2.492362631998623623e-01
5.551982381236778702e-02,6.366279001219346534e-02
1.689018233038761252e-01,1.687223850438120121e-01
5.467019936976088568e-01,5.586345290208224457e-01
2.408086571438341206e-01,2.371404374558863659e-01
1.699625999774882767e-02,1.546489394266215185e-02
8.560205484674553514e-03,6.241887019364866264e-03
1.304722313723717490e-04,1.474252438597967738e-03
3.359313298551167004e-01,3.325057982347137120e-01
3.686910669384383527e-02,3.516469277848639080e-02
5.508840324776082681e-02,5.907086014880207764e-02
5.261078536634445496e-02,4.702975425334347814e-02
1.346716867118928906e-01,1.357817194727030385e-01
5.014497384925537676e-02,4.598871339362925470e-02
2.316225952394077373e-02,2.569886151914185443e-02
4.104829319944608423e-01,4.026659918149469997e-01
6.187691259159143302e-03,9.416317569222263512e-03
7.060327698937181318e-02,7.502510770275735985e-02
1.504671772105584636e-02,8.785426720994684788e-03
3.472215077041602982e-02,3.016064473306058133e-02
1.791939842623153922e-02,2.066292071780730794e-02
3.496272514882251548e-01,3.379775034762228514e-01
2.245762159816450457e-02,1.672450967063052532e-02
4.574863040542040404e-01,4.610350428517980825e-01
1.703684855002746135e-02,1.925989413966682634e-02
2.781256994963989329e-02,2.767904886393763447e-02
4.133629021833724188e-02,4.398363480427976147e-02
8.019343084787250442e-02,7.481409501856159383e-02
4.604553262366113953e-01,4.771272385347221645e-01
1.336463927397205376e-01,1.244312449570923323e-01
1.865987108028357988e-02,1.965827121240037653e-02
2.263879694590543168e-01,2.200528700176256069e-01
4.504318093135731976e-03,2.626272594914052724e-03
3.734739063327826014e-01,3.653202699031101730e-01
2.098089257181412969e-04,6.891172468401428851e-04
2.539104905804738868e-02,2.783842904935355037e-02
6.605941268107488884e-02,5.881049095546246608e-02
2.319417587067298947e-01,2.346941861557464148e-01
6.273465039883778516e-02,5.544506903731241665e-02
4.421682683385323998e-01,4.323230376042983547e-01
5.353899174397305227e-01,5.688045250900315430e-01
9.301254546589515088e-03,1.164742037386191573e-02
5.407213242492254768e-01,5.295832542428356993e-01
2.538977502342874490e-02,2.367761495696898630e-02
1.145248320342015097e-01,1.163991895043325064e-01
4.572784244713589547e-02,5.436643697454515700e-02
1.061893430642496874e-02,1.174092115700876328e-02
2.784721106464294049e-02,2.499652861087858433e-02
1.317726964173816101e-02,1.253397293144668627e-02
9.983134836503619602e-02,1.128616684557750549e-01
1.299652310866175609e-01,1.233367121879516970e-01
1.779943172868297119e-01,1.796014523681888631e-01
1.136646115527249062e-02,9.264747462536502415e-03
3.100585387172723455e-03,2.425117843352621750e-03
3.879199240639415874e-02,4.257152938125419173e-02
1.699957154646523916e-02,1.930891587128301737e-02
1.357435451646681612e-01,1.304244485428511235e-01
1.181678645585576837e-01,1.256785624167182924e-01
3.442367368444218534e-01,3.484799831278230786e-01
4.027541021821895439e-02,4.215441637717049633e-02
4.862556759183585958e-02,4.784617320384598055e-02
8.525962508135717308e-03,7.863213382621020778e-03
1.129836003595788979e-01,1.148967458760848243e-01
8.408468818378916909e-02,9.284029563262556628e-02
1.589969956638837695e-02,1.629673168090668700e-02
2.711385563084086625e-01,2.477182682809348224e-01
2.423668137305196035e-01,2.409821641752736554e-01
2.978303191511760817e-02,2.735539413537333570e-02
1.685818394577647331e-02,1.554329307464642936e-02
1.287688718492900099e-02,1.502741602649969484e-02
5.303665260981563906e-02,4.815482856149957275e-02
2.559132857580329046e-01,2.478767241728967452e-01
1.011458876160645365e-01,1.038391871681005607e-01
2.980629379842338403e-03,1.215160484920176998e-03
9.719534000155168052e-02,9.928432626455359344e-02
1.378594867904590036e-02,1.415882639939192687e-02
1.176251766964466448e-03,1.011375852172061336e-03
8.267927088708751371e-02,7.764280400865328224e-02
1.852404460173067823e-03,1.638732033486867308e-03
2.121382178023446460e-02,1.919983530511841507e-02
3.422829689278222804e-05,2.112331755696927039e-06
2.550908862859014095e-02,2.004488053996502858e-02
7.751483430204007818e-02,7.625340643227687676e-02
9.537600629865040924e-02,9.278311283847520685e-02
2.165740598485036209e-02,1.963701607963520487e-02
2.122930999145557773e-01,2.218354357310426406e-01
8.177688782283290547e-02,9.506534977307390388e-02
1.003445434660647395e+00,1.012485910181827986e+00
5.643934146704872312e-02,4.990948738651528743e-02
1.760215591707374461e-01,1.823880281149678761e-01
1.667758251128581559e-01,1.549426667874937436e-01
4.260693735611285893e-02,4.332727508525038157e-02
9.917077750285524518e-02,1.029129111816856901e-01
1.428363647632856781e-01,1.449578810979940680e-01
7.543633228635643079e-04,6.953745678780411544e-04
4.695383140087666107e-01,4.643174775395349507e-01
4.342694382274209924e-03,3.914734318833992636e-03
8.626922537657003009e-02,8.138302774131093986e-02
1.103251120661264684e-01,1.184585256046620794e-01
8.294044396369190664e-02,7.705572521210554693e-02
1.161029780558837064e-02,1.343256506893485136e-02
4.176439189970009014e-03,4.206717111408000455e-03
4.736136120136748562e-01,4.686036752288958995e-01
2.323784236733988373e-01,2.284903863203739394e-01
1.045693304975518906e-01,9.104417735781639154e-02
1.380367437467679426e-01,1.436617968843792170e-01
1.882865606036083495e-01,1.709660891439813979e-01
1.053126742382481376e-03,2.693185845504140401e-04
5.147297495550628987e-02,4.780524082450204187e-02
7.312813115757482198e-03,9.477875544596938914e-03
1.470984799923330533e-01,1.505897563545040563e-01
5.262592371447977896e-02,5.611132339019487408e-02
1.373973085387890504e-05,1.329490950589068627e-04
1.344656499798869628e-02,9.789268617216361629e-03
2.359702373108431284e-03,2.242805864030072375e-03
3.455847744723953840e-01,3.402426776233581363e-01
1.016107869983272002e-02,6.530847831410837960e-03
3.908824155945066908e-02,3.471699534019610789e-02
3.401945198537047466e-01,3.460193917341284897e-01
5.295430319789581458e-05,1.169031130774935920e-05
4.297258994473044475e-04,6.784798204064803608e-05
2.347569978105649713e-01,2.371485780672210053e-01
5.885284301747257564e-04,1.649270839259553553e-03
7.726557361543917590e-02,8.664512301421663232e-02
4.208885310469413082e-02,3.993545652953901792e-02
1.319451996281866685e-02,9.555441572391076832e-03
7.619957915548844496e-02,7.388884447219265517e-02
9.682245856955243660e-03,8.719214462300910531e-03
1.441029445048619927e-02,1.443945097705516198e-02
9.818060108726835156e-02,1.011274399157216924e-01
9.664608040429028277e-04,6.246802210782159172e-04
3.322070663856616785e-02,3.867173333870051188e-02
1.807849608599233771e-03,2.618847844153247405e-03
2.802745887095083321e-01,2.757973134634195134e-01
6.525699764263530323e-02,7.115894714437380475e-02
4.136684351203627208e-01,4.142876560554190069e-01
5.959445603314665885e-01,6.065202430130145483e-01
1.810890469829517790e-01,1.805621942350857101e-01
7.875281285933092776e-03,7.054206342489227448e-03
4.487104860705001114e-02,5.165562106123044311e-02
1.158760199411462272e-01,1.191090572072275033e-01
2.742075581930116315e-02,2.168383430809512485e-02
2.888013571616576593e-03,1.176811463712313603e-03
7.562085873157910199e-02,8.769924558904630685e-02
2.117345102187140615e-01,1.983417991888758447e-01
1.871330571417173169e-03,5.786533831164872559e-04
2.222705686992054452e-01,2.325550488118372228e-01
1.161698257293851538e-01,1.215088927360468835e-01
2.966128356606173022e-01,3.068342155956322870e-01
1.198709015438873763e-03,2.407349120710243050e-03
6.587521219292739394e-04,1.521358018370599853e-04
3.124187243754151903e-04,5.681545233226222924e-04
1.027109648037017181e-01,1.048463884549361569e-01
2.573095353783444450e-01,2.598254658052040478e-01
1.306892473848575986e-01,1.321010560440070425e-01
1.598087670660191806e-01,1.490493320310404546e-01
1.632107961022719600e-01,1.539308114080878143e-01
1.686744126731845594e-01,1.646195565124312088e-01
1.363207642012126131e-01,1.303821848380619652e-01
4.000554037111273692e-02,4.188847979937386501e-02
9.764277355542043749e-03,8.819577265953676068e-03
1.862861136154882469e-01,1.783304798969676808e-01
2.329456452145297132e-02,2.394593904667407375e-02
2.620673486113486716e-01,2.473950992058261411e-01
1.081933031778206308e-02,1.237818917990423685e-02
2.939576362519116803e-02,3.301467249030258511e-02
9.743624427400067456e-02,1.014619645585339014e-01
4.848084767298862369e-02,5.023183292717092047e-02
6.446352861824855562e-01,6.114173022706558269e-01
1.435499461106798935e-01,1.492147399079547521e-01
1.873244196822033414e-01,1.941814589022996251e-01
1.672575730362156898e-01,1.825496067547970613e-01
1.429400344991963757e-03,3.454759822843057968e-03
4.673116560199226388e-01,4.801574660534067562e-01
5.901251138744838254e-03,9.871252385773143095e-03
1.376250390881294527e-01,1.298733741556070131e-01
1.055386625271532153e-01,1.044163057871221600e-01
6.291882170395427312e-03,4.160056965781859517e-03
6.405505631336952388e-02,7.324160067515908534e-02
7.005699941941263831e-02,6.238118597741228871e-02
9.983111068845974085e-05,1.845457877206318489e-04
8.793740301083115274e-02,8.032085969350229171e-02
3.484581882551553850e-02,3.476451205737485228e-02
2.940720376842792527e-01,2.879809216942103012e-01
2.953015092063577488e-03,2.260443646618013041e-03
4.397409834431170554e-03,3.383513615190217230e-03
3.798729143577448536e-02,3.657648721253058816e-02
1.873694522929895689e-01,1.748716700474796659e-01
1.283530010306456167e-03,5.196040746172420803e-04
1.905295300773378678e-02,2.346260680834651169e-02
5.556299925696466246e-01,5.637121995876290814e-01
2.628500648809492177e-02,2.190691278711326059e-02
6.736297596154164347e-02,6.873835973640876618e-02
5.526696072405196634e-03,3.037133941907169035e-03
4.592569536547431823e-03,4.785132119200626900e-03
1.718846386976575501e-05,2.761183711863599027e-05
5.614371716546192118e-03,6.509521888856128341e-03
8.598955945797023825e-02,8.908051783767276244e-02
1.250112219843130812e-01,1.084698992765662784e-01
1.427669909030917228e-01,1.394073972488414637e-01
8.280831447913124255e-02,7.645924545618139334e-02
3.576256727357521748e-03,3.305339676683595029e-03
1.020112193659793304e-01,1.044730055620184950e-01
8.340436735733883222e-03,5.770140667894756853e-03
3.889687571934210553e-01,3.977884828590701471e-01
2.680115308867653257e-01,2.579396373578283219e-01
5.854185294337933138e-02,5.525978997825975458e-02
6.629150952848811285e-01,6.658321898967473063e-01
1.147368080968236975e-02,1.248658781004690667e-02
2.206146857327595870e-02,2.864703719464809645e-02
7.866974061715386159e-04,3.471678509276769587e-04
1.075595688067663633e-02,1.124854503607589443e-02
1.487385871214773891e-01,1.497274419509989907e-01
2.205762052202300261e-01,2.290144497809716018e-01
8.921573845775915279e-02,8.213232534812811569e-02
3.154016468283513900e-03,4.055492643204235484e-03
6.548192316579710959e-02,6.274500082811648727e-02
3.467565330748366773e-03,4.249793482504463440e-03
4.430605311514367040e-02,4.045765178767959935e-02
1.203952257645612284e-01,1.211063068662329850e-01
6.351305608676394675e-03,4.662040691909347633e-03
3.578999244541335445e-01,3.452303218270947882e-01
6.906098047419130959e-04,2.370109957956533127e-03
7.333525666319762326e-02,7.719142246038185329e-02
1.277504977324863955e-01,1.323062203391655312e-01
1.382352355245594633e-02,1.375706154831293944e-02
3.963239205664043086e-01,4.089164384606723823e-01
7.192006808052777388e-04,2.980278742451701515e-04
1.399850438086976991e-02,1.442247513141726306e-02
2.623252417179000595e-02,2.653180960095629509e-02
2.504304319729961925e-01,2.462392874204388515e-01
5.309540168287893783e-04,2.692083960272046838e-04
7.209538130337328488e-02,6.476675444160970296e-02
5.521949888841568878e-03,2.928547796866177739e-03
6.514918770387249924e-02,7.330634421418162627e-02
1.079222206948901586e-01,1.148249338179793549e-01
9.999451396691501348e-02,1.159612348908282270e-01
1.118003946454816655e-02,7.265985376776754739e-03
4.748381873068269893e-03,7.478276739079497970e-03
3.867432595038197002e-02,3.704853088396052596e-02
6.672118034655628860e-02,7.002954870652425279e-02
4.485845520077184033e-03,4.838872480420592335e-03
4.068512836635037599e-01,4.198368729194705828e-01
2.057923164116691184e-01,2.036836185945046229e-01
1.099932674749419387e-01,1.058511562394951200e-01
2.352950421545496051e-01,2.379883012319137514e-01
8.309015342957978834e-02,8.170991248774865656e-02
2.328199340619847152e-02,2.737051601329328412e-02
1.091007056432249239e-03,1.887564003886640788e-03
1.449419166434184197e-02,1.528698824033429722e-02
1.643339187405960800e-02,1.377477434843214603e-02
1.643450159398280319e-01,1.503696958417422291e-01
2.538749311145036547e-01,2.677409716412214591e-01
6.272916158873553619e-06,6.192633798024042586e-04
1.594081289390952838e-02,1.631652547312643226e-02
3.408329814435862026e-02,2.941762594852371029e-02
1.069683169063043726e-01,1.015502464911226116e-01
1.890459626804521023e-02,1.651493316044413961e-02
1.302614789909924686e-01,1.447721175243137093e-01
7.314481601212146321e-03,9.335351655626662748e-03
8.890445296961308266e-03,9.649206075593007997e-03
6.976363117905024468e-03,8.575054066174021480e-03
1.610268066493291961e-01,1.592378832390784482e-01
2.339409452623207012e-06,1.934712989118428871e-04
4.029404796131750427e-02,4.206436984326696049e-02
6.303498956863703984e-03,5.187635865196113874e-03
4.903089926340835347e-02,5.527159255743911703e-02
5.755070378089324756e-02,6.532594947748138203e-02
1.920963865742177368e-01,1.973977899910345501e-01
1.458495826033153961e-02,1.065727077949992462e-02
1.439373802778219358e-01,1.391105261400638893e-01
1.955929369392929440e-02,2.203521517575277727e-02
1.652730558555446511e-04,1.479481052620275426e-04
1.160361437824989315e-02,1.025890732833642169e-02
6.190797887349073179e-03,5.484780064674663926e-03
5.953554183820808870e-05,8.707540798334449813e-05
8.760271222741515817e-01,8.871928804131065105e-01
1.796603999504135796e-02,1.866168336949721937e-02
1.447521651942448168e-02,1.589164309333339353e-02
8.849046214824570628e-03,7.857493219159739084e-03
3.054718742882907984e-02,2.531828932259677992e-02
6.139401542212453564e-06,2.591380706132789076e-04
8.759784859140892777e-02,9.469662936974566902e-02
3.450510994519795024e-04,8.651055409205785302e-04
3.856235095882586811e-02,3.580918226625013495e-02
1.974244890397863945e-04,1.739877553631148871e-03
2.842306669043148104e-01,2.797197014703300399e-01
1.861348640066571788e-02,2.045085806022595501e-02
4.937729277325917515e-03,6.167798217350985678e-03
1.816449089678389556e-02,1.294888307425707576e-02
1.232284050685380702e-02,1.149745552725935961e-02
6.017294916660823056e-02,7.203443230813140474e-02
2.041982575396364685e-01,1.933426621497642273e-01
2.110947538700085890e-01,2.217387140399830758e-01
2.608363037587877950e-02,3.087748624977402351e-02
1.965350880940653147e-02,1.829203051759711526e-02
1.681418033665083370e-02,1.475237324225033356e-02
1.171378747406505091e-02,9.926264327416584043e-03
1.283704144448188644e-01,1.285283407194205696e-01
1.089724755940970659e-03,1.184718344084913092e-03
4.173576628300272834e-04,1.010293569107064424e-03
1.537044852003827400e-01,1.604360758850864321e-01
2.206196338822176417e-02,2.409059765762164643e-02
1.563708502581774573e-02,1.444194833989257375e-02
1.616546100637635680e-02,1.574183632802044971e-02
1.752053321384921813e-01,1.856378318994274801e-01
1.976131638625723369e-06,4.243301401475873267e-06
6.481952969745358476e-04,2.842724757177128537e-04
1.805149004968000306e-02,1.693510444717325619e-02
8.120865221371399711e-02,6.868689232668004352e-02
6.716352976385764340e-02,6.096005990471044245e-02
4.450969897789052582e-02,4.981092464578307233e-02
3.045390837229455458e-02,2.605151459087702917e-02
6.397472933191096500e-02,5.666675440300242284e-02
2.904300932781153297e-02,2.971903458853166966e-02
1.087167347173971371e-01,9.879246630461907541e-02
1.628657945772855192e-02,1.560054072262606617e-02
1.774472617825952614e-01,1.902420316865252037e-01
2.043983811833464670e-01,1.903507862474412282e-01
1.153886672123972251e-01,1.117951442418797375e-01
4.391739701507096361e-01,4.506643888589280667e-01
2.237890377566622846e-01,2.286223818163721500e-01
2.874627759477447987e-04,1.383683631314646908e-04
1.910039696604166615e-01,1.881601878443087961e-01
1.310633701443959798e-01,1.279372496896991895e-01
3.857318097385549482e-03,3.504104245950993585e-03
1.124188712653592243e-01,1.112781449877127821e-01
7.186909056862153533e-02,7.820590942469572704e-02
4.428296182150068434e-03,5.243834223340264854e-03
2.847623712048227285e-01,2.959549761142781787e-01
1.233127111480022617e-02,1.353524893369233151e-02
4.245615718264442173e-04,9.369303191711227888e-04
3.686091257408408237e-03,4.506383317691148652e-03
2.977175532744767445e-03,1.997264692692404635e-03
4.143638266069859522e-01,4.233654577179919443e-01
1.172597288576330199e-03,2.089864618984425652e-03
5.228572690859246974e-02,4.433607630565371271e-02
2.218128454533772054e-01,2.265678062180681573e-01
1.127643336975263089e-01,1.113930796670537654e-01
9.139753715153406399e-02,8.338087118119105745e-02
4.285698507772503496e-01,4.253844349954741255e-01
9.198694826287335743e-03,1.030935173604757490e-02
1.039511686418877617e-01,1.070735375776518533e-01
1.139515520349200367e-01,1.212196489904475427e-01
1.482948260759426040e-01,1.560928845956936206e-01
1.545756594663204031e-01,1.611719270129389481e-01
2.610810139751078562e-01,2.537286170127178719e-01
1.191258839737178478e-02,1.089462556881739402e-02
1.789637214483273328e-02,1.739704614075388012e-02
2.089620773785151042e-01,2.004531926995065660e-01
1.548223592089420786e-01,1.615386105374273518e-01
2.682458349539332265e-01,2.931902006520598625e-01
1.334872520067399426e-01,1.295083622262399869e-01
2.653672406247299664e-02,2.769189596335995887e-02
4.330671809547926566e-06,5.284433875596659246e-06
1.068632686041244423e-01,1.038702992170172507e-01
6.814104383844028778e-02,6.826816686182969607e-02
5.336595483507108016e-03,4.868157702739583231e-03
1.042677654836970530e-01,1.089087016737967234e-01
4.947166169573726825e-03,3.783744920261431638e-03
1.280417350168622792e-01,1.195918834837650935e-01
8.611618638547374749e-02,8.321579167259296472e-02
2.611217424486411004e-02,2.805370353295714644e-02
2.281180446857677402e-01,2.447191179243786152e-01
6.823261299757300835e-02,6.541933564234986287e-02
1.064563100321274658e-01,1.022879040939443374e-01
1.660308915991191847e-01,1.648206305198788857e-01
6.620714443282668671e-02,7.675826034924201902e-02
3.515023047241897392e-03,2.602899926777212363e-03
1.931586087998731285e-02,1.980259208033240820e-02
4.176980591212748305e-03,5.556301775268580705e-03
5.550586852842078756e-01,5.614330796447678518e-01
1.572458166621139020e-01,1.553071431838527749e-01
1.097847893431974781e-01,1.171288678628402274e-01
5.817436370520213951e-02,6.231789363444807661e-02
2.056553108185498746e-01,2.001955131211703154e-01
4.367260599697696949e-02,4.435656090905169130e-02
2.406219741736348727e-01,2.431189103162371967e-01
1.846780566930768253e-01,1.941196595188234841e-01
9.163106717920936894e-01,9.144543199920435184e-01
2.046368545557897701e-03,2.233927089338341113e-03
1.165439462970829960e-02,1.435964991295583977e-02
5.579425791794958428e-02,5.055855054437964624e-02
1.489667893993397397e-03,1.411215366239666584e-03
2.677066394530833431e-03,2.563238107374765130e-03
7.451845259985194481e-02,7.230016473410538769e-02
2.078014586842444333e-01,1.950990431137019088e-01
4.209350955004012573e-01,4.155835588744224984e-01
5.211662096302078773e-01,5.266770831098188665e-01
2.281150274348084719e-02,2.419129013527249877e-02
1.351192106801896338e-02,1.426962619694347421e-02
1.811276922107286080e-01,1.741315969133025721e-01
5.867186298288828983e-02,6.762976581468402304e-02
6.253852362357047445e-01,6.286523681861226898e-01
4.432011472272118224e-02,3.422577852077533095e-02
2.548723611960596602e-01,2.562150495481982371e-01
2.443854601998840873e-02,2.737745904916179598e-02
6.894558138400380676e-02,6.719952688228236770e-02
7.261586605822971212e-03,5.422376381638714139e-03
5.842043281421174794e-02,5.967996285828917891e-02
7.209103186869085800e-01,6.970319542501335341e-01
4.982080717977424023e-01,4.990353995641068630e-01
7.211970911561534428e-03,4.600460523709270187e-03
8.741206913342607077e-02,8.138782959202703338e-02
3.928938612732571500e-02,4.387128141137762449e-02
1.299669066716181987e-01,1.392729366726511431e-01
1.519744425658879072e-01,1.461379085867854644e-01
5.338916042251914962e-02,4.697486400964109854e-02
1.281932229409571689e-01,1.286078331909291383e-01
5.752160246912462783e-03,5.826122300838831695e-03
9.823482668009454744e-02,8.750682005928107909e-02
3.257348503453988409e-02,2.947753650661311120e-02
1.925196339002630819e-01,2.124627968018045765e-01
1.526207756062927801e-01,1.606451855925216943e-01
3.058391016070930585e-02,3.135454014826626057e-02
1.385171962749688103e-02,1.510815826715166191e-02
2.066413789407690535e-02,1.574586995437528281e-02
1.932930348700869216e-01,1.986439292056225436e-01
4.177325361389809533e-02,3.761924052947783481e-02
3.800703478233413701e-02,3.346480657997434605e-02
9.525181714723785983e-03,8.761353521712233680e-03
8.954070731735580546e-02,8.826920235672479353e-02
6.774934329514105421e-06,9.570872743790562998e-06
1.379295763539952618e-02,1.567830253127880727e-02
1.882624345881236394e-01,1.672302611847261977e-01
7.589989807600532046e-02,7.398485647133190568e-02
5.179387348007334635e-02,4.549219444655427241e-02
1.462499714484518376e-01,1.377308250474679197e-01
1.559888083349867949e-01,1.613194465637687869e-01
1.034893835953464847e-01,9.394398057839678517e-02
2.078888027772937686e-01,2.172303305872123336e-01
4.209986670232411521e-02,3.518399955213347141e-02
2.558687709104090838e-02,2.935323986609019581e-02
8.892666638644493651e-03,9.606845629113082083e-03
6.696577374073424682e-01,6.871009411944095646e-01
2.311688373083923458e-04,2.182640829019274250e-05
4.126362105375780964e-01,4.141695606672833874e-01
2.375821946903897489e-02,2.381150728335873143e-02
2.531062387963037841e-01,2.433481713118200995e-01
2.831490729063436129e-01,2.933583962660244460e-01
2.805626340056464538e-02,3.001759812720768139e-02
4.506545747390326533e-03,3.237343444184801085e-03
1.838459110031467614e-01,1.910742246482621809e-01
5.244073054816467128e-02,6.014629842077987704e-02
5.841352489539907156e-01,5.784328915776786317e-01
1.535930621024702604e-03,1.476996546488625137e-03
4.442314817125445070e-01,4.609955930086511167e-01
2.611583135425971886e-05,1.371441427335465398e-04
3.837168083973415689e-01,3.832593422955708484e-01
8.875834268003120198e-02,8.716805545790447252e-02
1.619339874177271391e-02,2.012546886454409656e-02
3.223897823231877506e-03,4.476727792380516893e-03
6.594812559843954425e-02,7.038935292269472843e-02
5.483242831986888388e-02,5.570164538165213453e-02
1.871285836294481544e-02,1.905196461082578688e-02
9.572483596314380807e-04,5.238716898215663772e-04
2.188277628927661755e-01,2.055265186311835690e-01
6.910527568579812874e-01,7.111261707849422242e-01
5.185443979578684831e-02,5.210844608606622630e-02
3.375895239874948661e-01,3.043724735307544171e-01
3.001383676810158961e-03,2.811550585023670466e-03
8.244030661689051923e-03,4.629916872024427039e-03
2.292110069161888974e-01,2.318974607170067315e-01
3.140224406767121168e-02,3.154107138680059541e-02
8.081474895584275092e-03,9.939446120464417306e-03
2.254800476128673500e-02,2.425371405669417627e-02
1.330014221940440944e-01,1.348942282424059058e-01
3.634457649674851382e-02,3.982581413760915429e-02
2.460847627170085344e-02,2.965972018504999669e-02
1.696672299194209865e-01,1.713581492617351765e-01
7.391385873086625535e-01,7.519583614186453602e-01
7.922832292873013826e-02,8.144239441696327075e-02
3.062613793160063116e-02,2.544119713706027158e-02
1.174002808478854798e-01,1.126711138690597580e-01
2.676496993423002277e-02,2.920611276100789494e-02
5.723220612093488091e-03,4.386438358564594998e-03
5.431853595458059625e-02,5.577425402427476503e-02
7.851997653574172009e-02,7.660365078066544431e-02
1.044700298085208395e-02,1.380323816591862672e-02
3.066689919451656698e-02,2.884413955642409211e-02
5.830787177214758615e-02,5.525755315056364581e-02
1.136946561678210676e-02,1.270571703164641991e-02
1.933627379578175265e-01,1.819850775470081283e-01
5.036381428882253319e-05,1.076053870394585988e-04
4.165770101479184667e-02,4.074063592447899756e-02
2.462892990053543434e-03,2.906874177066135455e-03
1.864750690832464586e-01,1.839453370300386525e-01
1.905852295345255784e-02,1.875292953331957752e-02
3.874019524554010718e-03,6.291445588090427594e-03
1.095025275444693330e-01,1.178977903110699360e-01
6.082686141168109489e-02,6.276275005725763523e-02
1.861769975676243020e-03,2.421150449169390869e-03
1.033213151058463321e-02,1.310088121506611247e-02
1.572534106780584210e-04,2.140455184309062884e-07
1.614098488834625131e-03,2.091529548383869088e-03
1.498676233056487894e-01,1.378950982195057962e-01
8.469121477321207847e-02,7.402245377940844251e-02
6.321764533124569346e-03,6.109187702628187701e-03
8.834925334163499233e-01,8.634699339365656812e-01
7.628470353467293741e-01,7.656856248782730745e-01
2.300684069867462711e-01,2.342126968338374138e-01
1.011743261852087600e-02,7.755538996899741765e-03
1.339292206127034972e-02,2.122162357082921919e-02
1.101795251811195017e-02,8.817288268104128690e-03
2.750988541040445545e-01,2.699365952556076476e-01
1.014055611944202628e-01,1.059231570859826277e-01
1.423797206430666915e-02,9.269465295670289637e-03
5.868556631607929619e-03,3.437470047451379393e-03
4.151622920658011862e-01,4.065764974765281314e-01
1.015711089146327344e-02,1.166382909568495531e-02
2.432567243998479817e-02,2.526960512029534714e-02
3.579214985244102976e-01,3.719665021935177340e-01
5.623064002221338231e-02,5.339091804787242379e-02
1.677316812791331349e-04,1.025296898322848891e-04
1.081027646490475141e-01,1.098177908667946623e-01
1.104832102892292361e-01,1.064781326398009514e-01
2.287847803958565056e-03,1.144963993585940690e-04
1.511821235643533677e-02,1.457434127407968016e-02
7.110804110143263690e-02,7.268295473821001496e-02
2.103172300699769071e-01,2.122949802655257068e-01
2.000851927726500154e-02,1.605349502957701541e-02
6.671728000014447678e-03,6.517775168860974640e-03
9.735131549546845176e-02,1.062798244070911335e-01
7.554306123561498054e-03,9.822936751041353234e-03
1.248358675961302455e-01,1.182042055139857079e-01
3.455798674673651871e-02,3.374911473938201067e-02
7.226956126807108742e-03,7.473590641441749984e-03
5.463117832595713874e-02,5.701881709028810974e-02
1.174503470968316227e-01,1.084931028013763621e-01
1.190263027170182508e-01,1.247519935935087337e-01
5.521369433864189297e-02,4.707462121482961642e-02
1.221068463047418062e-01,1.232365235382792412e-01
8.225815065440821028e-02,8.694059270752496626e-02
8.346983742399637085e-02,8.122975938261406403e-02
5.001240331321206434e-02,4.877969274246145986e-02
3.033967382556091996e-01,3.029941167924851686e-01
1.153777603966205621e-02,1.468889708117420562e-02
7.092725585528708576e-02,6.807198689314726547e-02
4.264475299526839791e-01,4.168095298422084816e-01
6.674841162049876846e-08,4.229486580389911221e-06
3.874986460572312635e-02,3.923106885927316739e-02
6.112359347272170590e-03,7.268354632455513616e-03
6.185119080536980070e-03,6.817740645695278580e-03
2.022425245759271462e-01,1.971373491107935583e-01
6.022699679961207586e-02,5.248575189806773539e-02
1.062294187975023479e-01,1.068253140012370567e-01
8.194639067966883676e-05,2.188383050002159141e-05
2.491625084766055029e-02,2.672626453753985942e-02
1.685534087371477058e-02,1.796949735940912840e-02
2.272838845860849794e-03,9.697430881017924786e-04
1.011142881692996161e-02,9.445450704420030319e-03
1.787547187947449495e-03,1.990563389763870365e-03
1.529191307222688145e-01,1.531067716599922857e-01
3.481472761101361835e-03,3.884833160747899229e-03
3.918957627912634384e-02,4.082952341203274077e-02
7.041548630657176733e-02,7.109062922664242945e-02
2.826426443319771109e-01,2.746547350589972347e-01
5.804096920963342822e-03,8.120390705595659925e-03
7.630852622981208755e-02,8.452834422003537018e-02
2.281834711093943396e-02,2.553378869095958292e-02
1.495857892139913596e-02,1.129288014201695368e-02
3.779771564778686295e-04,1.057585949286716934e-03
8.006057573804367666e-02,8.042209039253660208e-02
9.634842940546131662e-02,1.050085542066326594e-01
6.961583407547658302e-03,7.180906635524105484e-03
5.532472540794866611e-02,6.106242119668413293e-02
3.661956732345459931e-01,3.692015550279404978e-01
3.851085272401705978e-02,4.006110875476653899e-02
8.046230643653831671e-02,8.212208856562311365e-02
9.548254680868900612e-02,9.688419065697469190e-02
5.908602723775813366e-03,4.793685617508842457e-03
1.958190732413696376e-03,2.026472498127204064e-03
6.653386041540730773e-03,5.797450874823134072e-03
1.595084889770569114e-02,1.606938333372387798e-02
3.465580425866889303e-01,3.616589847544042224e-01
2.400671249817784847e-01,2.395013692672866013e-01
9.340764150994249060e-02,9.752484309966681642e-02
4.134939427256061339e-01,3.860165157198609531e-01
3.323859519077713293e-02,3.214022715532306729e-02
1.135940086245810880e-02,1.124938163869434148e-02
6.534378261810498689e-02,6.926740533263543720e-02
4.814368580966917749e-02,4.816843868902547648e-02
5.421642457799930731e-04,5.212334388473905712e-04
4.854287956300613015e-03,6.322787246602281849e-03
3.731087308299049082e-02,4.525179617625271766e-02
2.228594033678632236e-01,2.250846340131963663e-01
4.185227421369348000e-01,3.846969011944141870e-01
2.344579905852446911e-01,2.263082655144222910e-01
1.269307189169022743e-01,1.322370902115744817e-01
2.394237175769655876e-02,2.597484803453566082e-02
4.174327207097383585e-02,4.065416606400399507e-02
1.124956616576691833e-02,1.068160372283055021e-02
1.057127435191243525e-02,9.319904858176242257e-03
1.751476206284351004e-04,2.667746016336542498e-04
9.366997120274818123e-01,9.525244711919346186e-01
2.756077496068365384e-01,2.836304481241301301e-01
1.438262740261299355e-01,1.436096570857584576e-01
2.082379607761855600e-02,1.844481081798591410e-02
3.552904419771298061e-02,3.466417727432353352e-02
5.905139159866542448e-02,6.379780179466716661e-02
4.903475568930822787e-02,5.305596488521530790e-02
1.037507175973722134e-01,1.129764076185680310e-01
4.194541723811209821e-02,3.760787690709844339e-02
3.269064725575253436e-03,4.070045623789634963e-03
6.075455862520049433e-01,6.079847265853048910e-01
1.366395307537661245e-02,1.103955277414069881e-02
4.254459091788046279e-03,4.138430094666444188e-03
1.311488436676759295e-01,1.183968526837034796e-01
1.711898384748837265e-01,1.755085874606030494e-01
1.011412793103483175e-05,1.847665964027072759e-05
5.168766799003750301e-03,4.660121514327006907e-03
2.773578705576075776e-01,2.755739660569943017e-01
5.994652234892860858e-03,3.483625951636048785e-03
3.362265675125973852e-01,3.419477121078550730e-01
1.598702709720155879e-01,1.615869718790260978e-01
1.413819034359105851e-02,1.658145061390878597e-02
2.749731427921716341e-03,3.739504633656084466e-03
1.135515829133487350e-02,1.106061241264658795e-02
1.290821265475141678e-02,1.199533361731809807e-02
5.535304506489542309e-01,5.307004024274276643e-01
1.693555727957899056e-03,1.814921373875702255e-03
6.430944688145441568e-02,5.776728862436340817e-02
1.439414702191955421e-02,1.107679120019198528e-02
4.496783806966117569e-02,4.425960536742289120e-02
4.014341714619327761e-01,4.256267541421255296e-01
1.035876165035658214e-02,1.125156024332346801e-02
1.508192817642867167e-01,1.496496975260671602e-01
2.845214133911532980e-02,3.263369799132012639e-02
4.079005856042320494e-02,4.540974378738515949e-02
1.322292936405156327e+00,1.279334274902570678e+00
1.646117186542362665e-01,1.556825533491232594e-01
1.309431698530167387e-01,1.295387319550192484e-01
1.707386123423132256e-04,1.387041637752736353e-03
7.722899334597015109e-02,6.728759260083286287e-02
1.533319830871422706e-01,1.515923298271146802e-01
1.064383592990627431e-01,1.090857481468521517e-01
2.376781646317615571e-01,2.482237116884947192e-01
3.779740814044895703e-01,3.694946042719436385e-01
2.282257032574348463e-02,2.632809423853446629e-02
1.047571891313394283e-04,5.827653020833810298e-06
6.617807212063522848e-02,6.369915161593804609e-02
3.036017837847892684e-02,3.765434480183651317e-02
4.909090259542049813e-03,4.077771382120231290e-03
1.553206100260817735e-01,1.490675168371467796e-01
7.051297448423221592e-02,7.487608790302840989e-02
1.430026276563161058e-01,1.592860147761290257e-01
1.540551572663357016e-01,1.405145865521220117e-01
2.668391650150085323e-02,2.358325505449871892e-02
1.919977159705343328e-01,1.845406315745175552e-01
2.969379178438252484e-02,3.378882403183958855e-02
4.902081119022022593e-02,4.729751335077397173e-02
1.894488273017526092e-01,1.840926135432508770e-01
1.367068103066827354e-03,1.257570618900329595e-03
3.346389986745985090e-01,3.231871215184436985e-01
3.575683532102116070e-06,3.254449691874577023e-04
1.540212634826580197e-02,1.562452326181472916e-02
3.976829263831154759e-01,4.027950973126988021e-01
4.805201843206888257e-03,4.489890279569245211e-03
3.241668438672825426e-05,1.944745370818013505e-05
2.015278728632009450e-04,6.557263781458513015e-06
1.607096019893421157e-02,1.295251624736065352e-02
9.294397340277337806e-05,1.859916829756547521e-04
1.214024727895489895e-02,1.334374740842599397e-02
1.201596102175635401e-02,1.546290721051659864e-02
6.454452223906061992e-01,6.941114755040241890e-01
1.715880346531682976e-01,1.564140356715436608e-01
1.138519799126317955e-01,1.262758770477752368e-01
6.008640354702552561e-02,5.747163027117634104e-02
1.994348408315724241e-01,2.058466743187189751e-01
2.263556828370911751e-04,1.165735217531647987e-04
5.352280864967615820e-04,1.451056335678344543e-03
2.848856929741380370e-02,3.196902705963749342e-02
8.483712924845272655e-04,1.806113510792311692e-03
1.796697428024479973e-02,1.657890834356088097e-02
2.600018643381349706e-02,2.385339803275643780e-02
7.564791674443381575e-02,7.739851430378344443e-02
8.083846683582487924e-02,8.231116799279547536e-02
2.420695223308586951e-03,1.452991010859662176e-03
8.669154782606966481e-02,9.108594988375090518e-02
2.289729371872446240e-01,2.336762520252448350e-01
5.813038654201941290e-03,6.295013263349596815e-03
1.231947444119325386e-01,1.242414159978682819e-01
2.114640705740028770e-01,2.040329262367220342e-01
4.649323593531430598e-02,4.920332620479894725e-02
4.476433249294142214e-01,4.629469475490805563e-01
1.176229428819080547e-01,1.199290576284798432e-01
3.078729196549305769e-01,3.085547197566218536e-01
4.694874244358184651e-02,3.872437768242469741e-02
6.891644361215891988e-03,6.620545977593115215e-03
8.318118530162331783e-04,9.166229205951706991e-04
1.339326816060772696e-01,1.330071570737404452e-01
1.541538607403639995e-02,1.444207707137625148e-02
3.894965718636261842e-02,3.382045947694468924e-02
9.755784919793383803e-02,9.409121971816079844e-02
1.556251414113347942e-01,1.534304809819905802e-01
5.473573530540171150e-01,5.262820425574910033e-01
5.981091783158396652e-03,3.928816505111835077e-03
3.465381935998422449e-03,3.423095919485838294e-03
1.074651108464877436e-01,9.963046199662717317e-02
4.122711402426199045e-02,3.788350984470181815e-02
5.831467236465773807e-01,5.779814465034748272e-01
6.510896636901045142e-02,7.600903585500154436e-02
7.135081498298680991e-01,6.817386854849557531e-01
1.520602498127641977e-02,1.491847572087967935e-02
5.074955651425193393e-02,5.327299450040472173e-02
1.582373892686313871e-02,2.110784374609497513e-02
1.898158425821966185e-05,8.651494963821038914e-06
1.613151764145930589e-01,1.655583096137217547e-01
6.925554815259513108e-02,7.382685338102348838e-02
1.583088779538977253e-01,1.527116131431817680e-01
3.300012202514624599e-02,3.036275569241503325e-02
1.355121897548825782e-01,1.332296837298406755e-01
7.861636429544247365e-03,1.450883277698104303e-02
3.675678784524531728e-02,3.453063678436063544e-02
6.031893024173864276e-02,5.374974392620827934e-02
1.137597522562248248e-01,1.162906232979519089e-01
7.230229898766113959e-03,6.643039810346972572e-03
1.831542192355864185e-01,1.844733300989693237e-01
1.612635056457823943e-02,2.037447918426624205e-02
5.099708957684694760e-02,4.652391196490397729e-02
5.158826498982987951e-02,5.259909088947672257e-02
3.214813999576869585e-03,5.669797438283719938e-03
4.864044986086892355e-03,4.583440827506389190e-03
7.511372139546171334e-02,7.054194458958630565e-02
5.425143580186528314e-02,6.244229448082254386e-02
1.702379899211605633e-04,2.066432659999414270e-04
2.409337884905072072e-02,2.346831346631870693e-02
1.699570088345258786e-02,2.257676687579434141e-02
5.080196659374306423e-01,4.791149065645969318e-01
4.351064761446836460e-02,4.489305421066074747e-02
9.673525244397431638e-03,1.273119392964075329e-02
4.693191277577163367e-02,4.434783803476436553e-02
5.535529387558624226e-02,5.010353527116830769e-02
1.467305381973079692e-01,1.396456994606408153e-01
1.699953688618217277e-03,3.051573008727337020e-04
4.119930328289341664e-02,3.994071963839317119e-02
6.267325621558291759e-01,6.500414313852852510e-01
1.249699198048289384e-01,1.144707246066394568e-01
1.665939489388952865e-01,1.550833658024288186e-01
5.422928164113436367e-01,5.559299960777482896e-01
5.938968975830744013e-02,5.755455482171534937e-02
4.326732391057195540e-04,7.248423133281032193e-04
8.077610436281513345e-03,8.893913543339803524e-03
1.196076825178815292e-02,9.825539892094864447e-03
2.391179722628242535e-02,2.592682780896520683e-02
3.487995942274341871e-02,2.828513276624367023e-02
1.477238098685021150e-01,1.432707489515237798e-01
4.027696582902484841e-03,4.562863345973662381e-03
1.542318887019923472e-02,1.366197106724482795e-02
1.078576627956752687e-01,1.067956685785647619e-01
1.801741496408613141e-01,1.708122183987256515e-01
4.131242193576102895e-01,4.014056382147685453e-01
1.702392020049962873e-02,1.737694615494022113e-02
1.832634153622010945e-02,2.270068147710329123e-02
1.419609674238508802e-05,1.761193214265437731e-04
6.904877324659154658e-02,5.986537965080504509e-02
8.307591263419981595e-03,4.869421555300263750e-03
1.016160308824495644e-02,1.089777546137062243e-02
7.820376523444924968e-03,8.679593310141621790e-03
1.692983225314735260e-02,1.489967587381525911e-02
3.149228020530914912e-02,4.379453579932406082e-02
2.266861520016504733e-02,2.077852591633545451e-02
1.156835742617248752e-01,1.219939252629565346e-01
1.084361292007338939e-01,1.203397890067379877e-01
8.572956655806063600e-03,1.010648610956225296e-02
6.768452826881224405e-02,6.046184279424686447e-02
4.343019635393632200e-02,4.717108491188057307e-02
3.777655146122045442e-03,3.569642950156967903e-03
1.032915810333199895e-02,9.609554484793602150e-03
3.473981312314582126e-02,3.439215762628053397e-02
1.346488774432672009e-01,1.298093054982089600e-01
1.196324920559711513e-01,1.246602010248825665e-01
7.173452756847227552e-02,7.102832741816740569e-02
3.708154621730173905e-02,4.680550010424049112e-02
1.849801581166922726e-01,1.802923590361734940e-01
5.180153898448802002e-02,4.931988677082876221e-02
2.142250066630356775e-01,2.083900235613982410e-01
8.048946929618588930e-02,7.631325569993495372e-02
4.749962641429823079e-02,4.223778224236724582e-02
3.712862656263330721e-05,3.085639609894396426e-04
9.152689931302672444e-03,8.486632342735989792e-03
4.088107610252527530e-02,3.481954340249636404e-02
1.738011347669989881e-01,1.657675929671056092e-01
2.556518770403204584e-03,3.127787886231425413e-03
7.723868043806833214e-03,8.998541921178089195e-03
5.366520492322585101e-01,5.505220701482974599e-01
1.258043918868168194e-02,1.199812058402454674e-02
2.491861704472445385e-02,2.420599311617061336e-02
7.139563679937419548e-03,7.668823695856821776e-03
2.495444926099370936e-02,2.887974406606927738e-02
1.086449540880886355e-02,1.184120746696002563e-02
1.896862117549708363e-02,1.623960919558346469e-02
7.155390233330464946e-04,1.114303641894127776e-03
3.448222345127459343e-02,3.281972229382162931e-02
8.600398937931920396e-02,8.338926277309574586e-02
9.332111369401492607e-03,8.002664158468708253e-03
6.630972116920872024e-03,4.568440790791319581e-03
2.453852558891158903e-03,3.362597930786089418e-03
6.606337423764195582e-02,6.554933014740994823e-02
3.194570741365379551e-02,3.348461194557149356e-02
7.898293561865304957e-03,4.513948077570743497e-03
2.476308719611529027e-02,2.314639170793839767e-02
3.480427553544118702e-01,3.683414726350652257e-01
2.869970837617855097e-02,2.995651076368899615e-02
9.401163331683570074e-03,8.296571257073215994e-03
3.091474646036154184e-01,3.159944394051354966e-01
1.592091989188020307e-01,1.518738247381034856e-01
2.072076235924419016e-02,1.526264925941855574e-02
1.113561312036799762e-02,1.000765486409177507e-02
1.640465562368014635e-02,1.429673222819532498e-02
5.517208469950054400e-02,5.618640434183589522e-02
2.933529935862931679e-03,2.790312779788466958e-03
2.015526426145666239e-01,1.838205982939909999e-01
2.195246896473892692e-02,2.256393289373619104e-02
6.750662495933842542e-04,8.550229507678113643e-04
6.914879406104848525e-02,7.188242467246899747e-02
4.622073430261268434e-02,4.200489379584366328e-02
7.437947144325385285e-02,6.757214892794358163e-02
7.563453543760875752e-02,8.042037379202943148e-02
7.219834321695382806e-02,7.530939537569136810e-02
1.157940541259344230e-01,1.141264107430052938e-01
1.194129882247754598e-01,1.199456172118825437e-01
2.286366169761059990e-03,1.536785127722289056e-03
1.533146677681741232e-01,1.502776845060289079e-01
1.389640851677337828e-02,1.411606001287118821e-02
1.187263557856435559e-01,1.288215444040798352e-01
2.405490359606651677e-04,6.881713249125312416e-04
1.901713076399027700e-03,2.469529328034230677e-03
6.963411972025654274e-04,1.158961167671893749e-03
7.775099648879181535e-02,6.960460637590785982e-02
6.343361944637663230e-01,5.910929239688216263e-01
1.689334625661762235e-01,1.643797437676449147e-01
9.884867928556667627e-03,8.639641512225643832e-03
2.327356394069090562e-01,2.097733456139132813e-01
1.392606460601979526e-03,6.703611191128699184e-04
4.316982620735426018e-02,4.725073539815961843e-02
1.101664168055929358e-02,1.093060074531045089e-02
1.379268797259958386e-02,1.338454903420074026e-02
1.659587828764592654e-01,1.618684323560505844e-01
4.559941605807820222e-03,3.959581859390890260e-03
1.866051243636521473e-01,1.809220601508941817e-01
1.107420655956961320e-01,1.162828735615523967e-01
1.572084770210368382e-02,1.930481411655954327e-02
2.079835238119586566e-02,2.377358088207146350e-02
8.980158532025890594e-03,1.058139855718303463e-02
1.011629866949203226e-02,1.231692221695901597e-02
1.089084306834672694e-01,1.106371077654380863e-01
6.487975302645086761e-02,6.538761863187775303e-02
9.556839479707828280e-03,9.439000749863073886e-03
2.411909938991284308e-02,2.119061522106770873e-02
9.140770780373606852e-02,9.560207888025416822e-02
1.323332851052022672e-03,1.547189640314066339e-03
8.771236106616241146e-02,8.608203373759462651e-02
1.914460554801243608e-01,1.921364959463220390e-01
4.877719043715449121e-02,3.787091908581508015e-02
2.007371967989484141e-01,2.091375351092763513e-01
1.055873681992765961e-01,9.737920448332192114e-02
2.673677170045380205e-02,2.601994408013359045e-02
2.228675999505857260e-03,2.212153434523714875e-03
2.671127130518572562e-02,2.898363784053535966e-02
3.385880993022446834e-06,2.781899593088381008e-07
4.389557313426513396e-02,3.992567910548231597e-02
1.120432228082176157e-01,1.125258107164865545e-01
1.917681317884429443e-02,2.116629452120169855e-02
8.142369322027580292e-02,9.470583605940409433e-02
9.666135404910013162e-02,9.339404889465836856e-02
7.417566334011495288e-02,7.813957006740063216e-02
2.170287434085386158e-01,2.285237549966853132e-01
3.414141166097472979e-01,3.394989001332653356e-01
8.973358136076843572e-02,8.036847150888840052e-02
4.145109631374188897e-06,3.653367782406096875e-07
5.284368299623856333e-03,4.331451680408308740e-03
1.174671509164759153e-01,1.124612380377828791e-01
1.261822570532089849e-01,1.200543484206231803e-01
3.304051622250931547e-02,3.055895008083141934e-02
5.153132569271785465e-03,3.785282770419423192e-03
2.460413198265217205e-01,2.532861356242112061e-01
5.405484632225409508e-02,5.469787985668905089e-02
1.415508143007402075e-01,1.452840663221657835e-01
3.096615945652692395e-02,2.584784608330717784e-02
3.017575015598022298e-02,3.370959620054941180e-02
1.567120563556729726e-02,1.687849612185126150e-02
6.811724193946054606e-02,7.146371286748688656e-02
5.183357607088882046e-01,5.011731267029471137e-01
2.068535371056915264e-04,1.311331268587232931e-07
9.058579728883919824e-02,9.458222201472588075e-02
5.458713765419537234e-03,5.310583697993473580e-03
6.110356071270920536e-03,5.911930246893364396e-03
6.272445400296976226e-02,5.838557332067389333e-02
9.531533392834251606e-02,8.356878442183790501e-02
1.346044720353034574e-01,1.318382569213084055e-01
2.314944778749401799e-02,2.102589635074932767e-02
7.641756010267916621e-02,7.393033104242492659e-02
2.003008288872852420e-04,1.514443406689866545e-04
1.767927710103397443e-01,1.807288327132474393e-01
3.499440928475176793e-02,3.234681765531698117e-02
3.830999584204525937e-02,4.496259141281543081e-02
4.686644184663073948e-02,4.547977062035274409e-02
2.770978918496081467e-01,2.793152193391164606e-01
3.839595842984485502e-02,4.512448825600899605e-02
2.676226578487234803e-02,2.290685466463390427e-02
2.710996930660599658e-01,2.544685008225159861e-01
5.819901928453015405e-02,5.150443819779716020e-02
1.269630282400475985e-02,9.270306676615196889e-03
1.740376624126297594e-02,1.406066270555506037e-02
4.841350802159576951e-03,4.881872690978681165e-03
1.098549397093012345e-02,8.100732504035890527e-03
6.903118833658469788e-02,7.387778315252843675e-02
6.601909342301601202e-02,6.998852496489990638e-02
1.719975006962310982e-01,1.832556879616014656e-01
4.422942426297243323e-01,4.150419999712660624e-01
7.901923806788893612e-02,8.267998373683337066e-02
8.720335096190356960e-03,6.821575265921770576e-03
3.078824203929197392e-04,3.805137243858671748e-04
2.324800926805004747e-02,2.395410985681794419e-02
1.083171928090808891e-04,1.745244643241154910e-04
1.090726328154140584e-01,1.064106147474243730e-01
1.037354259309742829e-02,1.140584831333302414e-02
1.698229734684023745e-02,2.001316219569917315e-02
6.457035079109168726e-03,4.971128212416011001e-03
8.504420045051957339e-03,1.016736053827456063e-02
3.075747684519020836e-02,2.881525724039608535e-02
2.119925013255188548e-02,2.467555944811882646e-02
4.378344479681345880e-01,4.302105874510400163e-01
1.492997885997994767e-01,1.428290322233962684e-01
8.753106373765798254e-02,9.095715886374597381e-02
6.244625229969402030e-02,6.873767124497658088e-02
5.731846336895850269e-03,4.157592210082028915e-03
7.368291396523422507e-03,5.097523465376825255e-03
3.877804876018933278e-04,2.391930303808232489e-04
9.245790490514139981e-02,9.559774558433682679e-02
3.080682293677351469e-01,2.902672921072885770e-01
1.229780744678839466e-01,1.324643908818482207e-01
8.422948128901920628e-02,7.603807438293774812e-02
7.400924918559925736e-02,6.668055841153575081e-02
9.296530859448271997e-03,1.232493286203595155e-02
6.819572864277443323e-03,6.981355999073498263e-03
3.917776000157759120e-02,3.457636449513831062e-02
5.746102306154867584e-02,5.814074947658940534e-02
5.646460961107611747e-03,3.825737933330752589e-03
2.398052375271153558e-02,2.353689786666306530e-02
2.002140246727809100e-03,8.743131241931911476e-04
1.122957862820616552e-03,3.355446926773741727e-03
2.100582025836353894e-01,1.937107606946245342e-01
5.910978309221300020e-02,5.523160579780676815e-02
3.740164096439132502e-01,3.687037506110688589e-01
6.659599682599689000e-03,9.141605512952698243e-03
1.275332512001323693e-01,1.221240989272598526e-01
5.308979482238262635e-05,2.381919627591150897e-05
1.299665273296361778e-01,1.315758207332132501e-01
2.480559261381934111e-01,2.370764565205423224e-01
6.481198800255724701e-02,6.196094812523774559e-02
1.825341124810411428e-02,2.553899017057920801e-02
6.789652384074210990e-03,5.890071074670865173e-03
5.026771883699666238e-02,5.252892620582780975e-02
1.601150211969940354e-02,1.820880853682020281e-02
1.446909069415035776e-01,1.522262463467367877e-01
2.797350840113747017e-01,2.823530845016523072e-01
3.218962185605243609e-01,3.239481529341648458e-01
1.787915465349367850e-01,1.697665130914867981e-01
1.702607962587786294e-02,1.906815339694464470e-02
6.181820069142333549e-03,7.496985167336133078e-03
2.822506268244277805e-02,2.420976321801818557e-02
2.677342296689457293e-02,2.295143728769431096e-02
2.769060024211530621e-02,2.331128577122008536e-02
3.230762409093386640e-03,3.791162541529445682e-03
1.289870195002514874e-01,1.364933756478511617e-01
3.317450832848126141e-01,3.379006698223369631e-01
1.244266729633958513e-01,1.184762300562066245e-01
4.727295316224035086e-03,4.273570619731549905e-03
2.033198095974991793e-01,2.121308429526655437e-01
2.938144406852788992e-01,3.040106847046181171e-01
2.291371008355415698e-02,2.355713098420137916e-02
8.464453983531351755e-02,8.687622535556446812e-02
6.807335830219732320e-02,6.958883371579466237e-02
8.832129701793103860e-02,8.515876424306732806e-02
2.021487520451054759e-02,1.722631219758789106e-02
3.036199191886900239e-01,3.035889029830663999e-01
2.428637427242244240e-01,2.564051429607133170e-01
2.457595155754084548e-01,2.417733539246706698e-01
1.174117487943375938e-03,1.965804421132007554e-03
4.229917734949934275e-04,7.983166249784510223e-04
3.438540486689844328e-02,3.119951742360189961e-02
1.891287848983095321e-01,1.778220015372246332e-01
6.952132094947799379e-02,6.584486719871003590e-02
3.016806093411269346e-02,2.839049905820605069e-02
8.262253442897604661e-02,8.785573350497853651e-02
3.370439806702749987e-04,3.275681484421981817e-04
9.458932162669182742e-02,9.900374082423377131e-02
7.391291529115551207e-02,8.343336698524739248e-02
1.394109107066017206e-01,1.335495908758409511e-01
1.057708374149495395e-01,1.014567319201011425e-01
2.070757365583244802e-01,1.863974453296689260e-01
7.793116211392733805e-02,7.997693777211316302e-02
2.857629207478183941e-01,2.965666377137584631e-01
1.629596481638738784e-02,2.029488619120601092e-02
5.147864391649194238e-03,4.555395192517549055e-03
6.709656199155769607e-03,4.859030744602632450e-03
9.059855439887955220e-02,7.479907169045249549e-02
1.720051606011287204e-01,1.752036425832879385e-01
1.239572251097905732e-02,9.628304373598881721e-03
2.142147705212689782e-02,2.192125452307688502e-02
8.084659251200237377e-04,7.118681190829098150e-04
1.467318623934760029e-02,1.279384198612344530e-02
6.908663070061953418e-03,4.394999856357650718e-03
1.849023193052411890e-02,1.795061866713322171e-02
2.051099490019270832e-01,1.859390790916784220e-01
1.193804893340537215e-01,1.228682327679679748e-01
1.541129843414767719e-01,1.455036509194210237e-01
5.126381202124258990e-02,5.170147358961516698e-02
1.281234494340735885e+00,1.315189405076227613e+00
4.734803858544641732e-03,3.577819358331421704e-03
7.673820986220031347e-05,1.723183297398312233e-05
4.472686431972106025e-01,4.506703907896630890e-01
8.933636211616998238e-03,8.416084450555593593e-03
4.323721221626900674e-02,4.303283478098606646e-02
8.122394019614470649e-04,9.681926222638682434e-04
1.789286636857662441e-02,1.848636477443131587e-02
9.689698797889401138e-02,9.784535726319337767e-02
9.925425905890127107e-04,1.689251522417116198e-03
7.214032576740818381e-02,6.740551693214992535e-02
9.236601586819126464e-02,9.236155738317855524e-02
1.555092932826362684e-01,1.484419248929558233e-01
3.207743127148652423e-02,2.911861744933269547e-02
6.523319783865349879e-03,6.619564323415018381e-03
7.566115795619676732e-02,7.328582368827478433e-02
2.980858889431441550e-03,5.685634914957032188e-03
3.311276653639535356e-02,3.542970019371338014e-02
1.439491937691489074e-02,1.377968070396475876e-02
3.665814733343687459e-01,3.667769475265045265e-01
1.705331696507194619e-03,1.013136925653290547e-03
8.558239497290096032e-02,7.931257601088846643e-02
1.367905574065249839e-02,1.414101151829722826e-02
1.824459685196243575e-01,1.843226464870202919e-01
7.913680600013804677e-04,3.099201086798560089e-04
5.952026115847716681e-02,6.344821025508562418e-02
1.655628840055930195e-01,1.707282590339997963e-01
1.108255583282471632e-02,1.241984384080903163e-02
1.263958389836131830e-03,1.477278466199290164e-03
1.566402483401299617e-01,1.451367088006175476e-01
8.688837855347418815e-01,8.578925230417229209e-01
2.462604967478007612e-01,2.371542468956216454e-01
4.103776020546113373e-02,3.911794707562557538e-02
1.230833216577753532e-03,2.165907636689442823e-03
4.068991719301527296e-03,3.113837878342369699e-03
9.517209187881935095e-02,1.012260439377219018e-01
4.148924431271143812e-03,2.360256647009878646e-03
2.720020467859356693e-04,3.498106361898495938e-04
1.249629302404015388e-02,1.180031590610593033e-02
1.570349138776902520e-01,1.527467634739125557e-01
1.170384296152525948e-02,1.411381112726810272e-02
1.536792397645279375e-04,8.690981342469537288e-04
4.392840361967021573e-02,4.410270365171544554e-02
2.015665412541654128e-02,1.908289245362997100e-02
4.974491768010890769e-01,5.001807693885579331e-01
2.217438678339705149e-01,2.179742504410033255e-01
3.665809562543925759e-01,3.876095822819576875e-01
3.190847391918228415e-01,3.268004496753144084e-01
6.265353590395517092e-01,6.266163057607492259e-01
9.714457403235916139e-03,8.597910626622478139e-03
2.919590111575075253e-03,3.822502792046189243e-03
3.845689465102714727e-02,4.200954495707406866e-02
9.339676791827589142e-02,1.023206538771362362e-01
2.420157123547383715e-01,2.431317866414098861e-01
1.284265160937409118e-02,1.249504638071495359e-02
4.702399493362072191e-01,4.720073479883771794e-01
2.255591981749876726e-02,2.352993113380154322e-02
3.554327138963842697e-02,3.484971302741816934e-02
1.517901943117183627e-04,1.281917437414747040e-04
3.746327584497610164e-01,3.869040409877273490e-01
2.490035927398597526e-01,2.398244818915371557e-01
1.246571088056332328e-02,1.494398521080630635e-02
2.409809748638812310e-02,2.724399957236238456e-02
1.404983360215772692e-01,1.370368509192743112e-01
6.153926578167333294e-02,5.588709888348420557e-02
1.280078206210504554e-01,1.370018350113812733e-01
1.215838584443024312e-01,1.264031857757277888e-01
2.366205203197339069e-01,2.328449289147002943e-01
6.474132830353211687e-02,6.724748821233464402e-02
2.977392624000071292e-02,3.001222782692127000e-02
7.152997469799801666e-02,6.478998348619301184e-02
6.339541915955163032e-03,6.707866793671949171e-03
2.154457931715265517e-03,2.697612477965662548e-03
1.896895722557000175e-01,1.656284420642400168e-01
1.085317651542737766e-01,1.075889574423812001e-01
5.909808732854974350e-02,5.492441741775034442e-02
8.062665817144285072e-04,1.050575532031710127e-03
9.538135323282125044e-02,8.823717063433282604e-02
6.174219640851697638e-02,7.083967878224720072e-02
5.125576287182427582e-02,5.920682698726111026e-02
1.300745483074670569e-02,1.284283089415630755e-02
1.531656562265283628e-01,1.571958765520294621e-01
2.042250161849011869e-01,2.038054526607800121e-01
5.102767274529227542e-02,5.081542543694276409e-02
8.216001197227827679e-02,8.176232514558376407e-02
3.024925143826623017e-02,3.113612270673888488e-02
1.863743731224378267e-02,1.801919441690486706e-02
2.528583471841408439e-03,3.142036230570255124e-03
6.059375084790285387e-02,6.364946844081575961e-02
9.317015274805202571e-03,8.846119692197054393e-03
5.889989306191895785e-02,6.535700856998576114e-02
7.346683858243746590e-02,8.023909477252999523e-02
8.409588042479329562e-02,7.999726242327806491e-02
4.047203491272720506e-03,3.496318968301134582e-03
3.728423668565314375e-01,3.811530607097730061e-01
8.239344093325323692e-02,7.611794680803730950e-02
1.894875560032554529e-01,1.910481523341572563e-01
7.930412187858255912e-02,7.914086339617965038e-02
1.885458279475303242e-02,2.257614486372688453e-02
2.924602041964730406e-02,1.940019481121518438e-02
1.514027267063966786e-01,1.541807823203706906e-01
8.647790940862054576e-02,9.454798460008860539e-02
5.576986797890772472e-03,7.993328562934366721e-03
6.859337258206812775e-03,6.596402427363457464e-03
9.161754309754233799e-03,4.765591577017091671e-03
3.747407548963938018e-01,3.920204902904228517e-01
1.816789468212531011e-01,1.969735288567664444e-01
4.548297881716671653e-02,4.136600647996389185e-02
1.015738390111109585e-01,9.214709810167193149e-02
7.604531076006287860e-02,7.402553830039507177e-02
3.127629641835423719e-04,5.838157077591340756e-04
1.185342943460872822e-01,1.071328975890309676e-01
2.136295572810149521e-02,3.497360972856453087e-02
3.804543270390428056e-01,3.811172586199497170e-01
4.178621153939904853e-01,4.043477113073031814e-01
5.396297491929762796e-02,5.051792571307869850e-02
1.803887063760035714e-01,1.768636636783607885e-01
3.817237165546194522e-01,3.867322766866604922e-01
6.401842533621093095e-04,9.066646159358019872e-04
4.519585616052831240e-02,5.188536567114967329e-02
2.413382727511383975e-03,2.066487211999994914e-03
2.030389813752542846e-03,1.398491331453551858e-03
6.923282720151715391e-03,9.419555428259699867e-03
1.645428613020207542e-01,1.512297738777883815e-01
2.553964800496646426e-01,2.488200793188493076e-01
6.818757364360900075e-02,7.808656619416320943e-02
3.766714046232199631e-01,3.559589096990895540e-01
6.417187332032905922e-02,6.283616612186461448e-02
8.862424273056612734e-03,8.112791562538294865e-03
2.373333880305042165e-01,2.675902327610162335e-01
7.821662979529042659e-02,7.410018900645726214e-02
3.020199025200354277e-04,3.609945560559135605e-04
7.465546620940832594e-03,7.074771678363150039e-03
1.089971811525656392e-01,1.100861716551775477e-01
5.461629141429948930e-01,5.454428084010811695e-01
1.158047272973904696e-01,1.281779320087514662e-01
8.553556418781292636e-02,7.926730406924500927e-02
1.017068277104955648e-01,1.062825210729134023e-01
3.743856379369259364e-03,5.216764742718048992e-03
6.038841854851102753e-02,6.765479204826335691e-02
6.415937433686703115e-04,5.300676488076617359e-04
7.499650045206184001e-02,7.220004825462351949e-02
1.819902809519433062e-02,1.757750240804520706e-02
6.714640082593184046e-03,6.372893465652236522e-03
1.808164333870385110e-01,1.753929551242250084e-01
2.648643956849675574e-01,2.591972716402954902e-01
3.989550937479392073e-02,4.049774038431184359e-02
1.707537515987375340e-02,1.536778845507604657e-02
1.168327772811578458e-01,1.213275588079331668e-01
2.252537476370296554e-01,2.203588286750030600e-01
5.137231370285735288e-01,5.065098801856354749e-01
6.195690792084682791e-03,6.490864639709225531e-03
1.213624571853703926e-02,9.935378526424372761e-03
1.784333261958320066e-02,1.786541739088647746e-02
2.012014043591387955e-02,1.731300603675773805e-02
4.769159335959254759e-02,4.924317988878200436e-02
1.036619848544130473e+00,1.073999720533858504e+00
8.572634261663641952e-02,8.911207061794761131e-02
9.566826611733225683e-02,1.016099355671028909e-01
1.426589450254244461e-02,1.724672593124824960e-02
4.605179095979097109e-03,3.241389888670117864e-03
6.939330651055901746e-04,2.457108641181877506e-03
6.410710944602436567e-02,6.221285495003413268e-02
9.054008355956482280e-06,1.187252693037148255e-03
8.908827212796975592e-02,8.273779639102757377e-02
3.052362578041308699e-03,4.882784293377575094e-03
2.521431976789493407e-02,2.468478541453079933e-02
4.020723293709063118e-01,4.103406951653412738e-01
5.999366762945736870e-02,6.557002365957964596e-02
2.046891096553537376e-02,1.845815261648438288e-02
9.226103546984032759e-04,1.820312440561080601e-03
1.864719856686276878e-01,1.991889566009625578e-01
6.995978828551119300e-02,7.339151028286354517e-02
6.005905164219303705e-02,6.572661897294448941e-02
4.428198772821032372e-03,3.166790038770204985e-03
9.633801259659151165e-04,4.900271697362691779e-04
1.322239177121064787e-03,1.532118187651015668e-03
2.133969544815886646e-02,2.299297516768335561e-02
1.088229323525937570e-02,1.193241729276650967e-02
1.150499760006397539e-02,9.717092320857351195e-03
2.674190528473794348e-01,2.736042397874208221e-01
2.269585893251823416e-01,2.185779125657458244e-01
1.770380210950152420e-04,9.904053895840531432e-04
1.047570536352628867e-01,1.015044779420920251e-01
2.317047666042501564e-02,2.085791697046647172e-02
1.603700621276145100e-01,1.627427175303101936e-01
2.020106303747209453e-01,2.037040322261591818e-01
4.575890534780142627e-01,4.579227503039507430e-01
5.141071324210101136e-03,6.658129601581883744e-03
4.719571311821024609e-04,2.268627541008090163e-04
2.826132186110237240e-02,2.525306998401271458e-02
1.358702238280744268e-02,1.145228852472185074e-02
3.048322249671144013e-02,2.805707207649617285e-02
4.483029979504951461e-03,2.892808458870358996e-03
5.672714672868081620e-02,6.235826676467665086e-02
9.769595169219619929e-03,6.734525366999133227e-03
1.886025501166970625e-02,1.782917630051692598e-02
9.487135466207859136e-02,9.041270115224163406e-02
6.354224561516164105e-02,6.835626069184817799e-02
1.251742968352898278e-01,1.218622841109833488e-01
8.064217853306490658e-02,7.805612715098579624e-02
2.893828163530185599e-02,2.425132954779037064e-02
9.699637185876522349e-02,9.088515285589555959e-02
1.182991267414080644e-01,1.148940171591685405e-01
1.054942983226728054e-01,1.049763918913441535e-01
3.315660126647871908e-01,3.454846077661903880e-01
9.110441745058564522e-02,8.853988495054018748e-02
1.898270619950582485e-03,1.424833922248913221e-03
4.704375417930512144e-04,1.060434640206688950e-03
7.541280906307314957e-01,7.972198006136560489e-01
7.968546620969807004e-04,6.861385962798698633e-04
7.517555833158952316e-02,7.824238216021314751e-02
8.858680176353685848e-04,1.779270065933087662e-03
2.305835778902652622e-02,2.066516543528246208e-02
2.516112985815014969e-01,2.553899113429817791e-01
4.062590253954757868e-03,2.936895042081631279e-03
9.937990062364798760e-02,1.049539405263567177e-01
5.100675440207950648e-03,5.264747944260454726e-03
2.555543489335556197e-05,5.983318631326662798e-05
5.370839980069608971e-02,5.478428712328701350e-02
8.223480400823544867e-02,8.030386763510365122e-02
1.281918044940298651e-01,1.312549420879660922e-01
6.019043588265515082e-02,5.345700487935787365e-02
2.790193508335915562e-02,3.442658088101439168e-02
5.825602890987967991e-02,5.788156810271762737e-02
1.249830081612567090e-01,1.116802671817928028e-01
2.830418470973410094e-02,2.882568611503133482e-02
2.901515553598514874e-01,2.974033156963036828e-01
6.031863803522521383e-01,6.051847513981339910e-01
1.161871433430997639e-04,7.301304994396644343e-05
1.294459363272858600e-03,1.920691774144655259e-03
3.904005801186550412e-02,2.902003518068413390e-02
5.414082634306840447e-01,5.530341570079797542e-01
1.529944926944787299e-03,2.036827077010987599e-03
3.554536536762506471e-03,2.104821951521898375e-03
5.681378027827271165e-02,5.546916683130861253e-02
2.380697786997351337e-02,2.223775687441631455e-02
6.096456365861856880e-02,6.369462216986682135e-02
4.058386547798612659e-02,3.930798660921826226e-02
7.942343048600366065e-03,6.594602771499886301e-03
6.082244200612919177e-02,6.281541378793906172e-02
6.450962864956608089e-02,7.252638980091523357e-02
1.336602715336646097e-01,1.372825838816913169e-01
9.105503702409191435e-02,9.137010994851967050e-02
7.728749231938486508e-02,7.779996843520652072e-02
4.121298510598261355e-01,3.997186023744317418e-01
4.721408056671751174e-02,4.275811197209380271e-02
2.198750033166909507e-02,1.901886281688011313e-02
5.637837822570766766e-02,5.506774917623419308e-02
1.222782454631702459e-01,1.161805339156266742e-01
1.219707679811502660e-02,7.819077458631277719e-03
1.998804421565908152e-01,1.941603981469701423e-01
5.233747167622820884e-01,5.266122258226281216e-01
4.175531343014799411e-03,1.767094461963050799e-03
6.186424380000126247e-03,1.012232018674098441e-02
1.559036891835234862e-01,1.602836403333484094e-01
4.931481621642232194e-02,4.662032364563101910e-02
5.692708880948017802e-02,5.346141648874122576e-02
4.220208150221244070e-01,4.135486424370563574e-01
1.674278704387216054e-03,1.204180249285796657e-03
2.147518546583092759e-03,1.994489802608635700e-03
1.182046754123152913e-04,2.387771360107197979e-05
3.452355132859180609e-01,3.299154630961436130e-01
8.675200072843610583e-03,9.081213175736374543e-03
1.490781950411287360e-01,1.482900286947807234e-01
1.348989458663546748e-01,1.271891972920497216e-01
4.678592560298959757e-01,4.702291065806927239e-01
5.039904353381884777e-02,4.732655959537196422e-02
3.642398815369168180e-02,3.810595782859426545e-02
2.079520727958374948e-01,2.107663626310701532e-01
4.728222718030208188e-02,5.274094475523374154e-02
2.355611088143618748e-01,2.333348161048446057e-01
1.673838498492923044e-02,1.930057648997801634e-02
2.232783916582983461e-02,2.881127261097190390e-02
1.347730681708353244e-02,1.251686023506969579e-02
1.956765897496791085e-01,2.103614721477290728e-01
3.745579389146456301e-02,3.924047641278335941e-02
1.930145487122220116e-02,2.007924331719529096e-02
7.747816088316071938e-04,6.606460580894803593e-04
6.849805077746045079e-01,7.064346638688734359e-01
1.338123716261501242e-02,1.245575572819089712e-02
9.533592164689515258e-02,9.638081959807945354e-02
3.796564906871227607e-01,4.052187317461050098e-01
1.878302108429484862e-01,1.807845566379359947e-01
2.973439022725459999e-03,2.296252935328945300e-03
2.715496586083095965e-01,2.686625196982851405e-01
4.550824950304986349e-01,4.387440391005649754e-01
7.413498852896875657e-03,5.744176923710468501e-03
1.863079412451319099e-03,3.466075925755657781e-03
1.863837350331277512e-07,2.864853842954761843e-05
6.189423363196492472e-02,5.447137467102858288e-02
5.454080813954137854e-04,2.350343529929547256e-03
6.859427388784165858e-02,6.812000253368764857e-02
7.790435844401773224e-02,7.659571677163211356e-02
6.848426794744030821e-02,7.015682759099445276e-02
1.824544036964151905e-01,1.738622813997916794e-01
3.923067382746077696e-04,6.657790680810889128e-05
2.081965374443567329e-01,2.154535473838971038e-01
1.441232634320124828e-02,1.273969744269587943e-02
1.034968466436458380e-02,1.508334080291909123e-02
6.343218166988266390e-03,3.879328472894817085e-03
7.078903051106613664e-02,7.323897525207841153e-02
2.044827501348952803e-01,2.022647217258690955e-01
1.878502782043432184e-01,1.788608212003200137e-01
2.945028199811178704e-04,1.535047753972014633e-05
5.921898338511668580e-01,5.864020996413021880e-01
9.235800947449071541e-02,1.029597681567551298e-01
1.140616731617783292e-01,1.050718494274914400e-01
7.337152100829899548e-03,8.586121080227876803e-03
1.633628021106645829e-05,3.958498598559351760e-05
3.145750549722920592e-02,3.803298242541757607e-02
2.971666323879993202e-02,2.631163055986622534e-02
6.491742307942147128e-02,4.955780168680084391e-02
9.530644431858617018e-04,1.959088491151451429e-03
6.286158003692741969e-02,6.510529864802500066e-02
3.265232153964320750e-03,3.552579210249396605e-03
2.636250861201457768e-02,3.120751294594821534e-02
7.630590541753689031e-04,1.460410971966423835e-04
1.420096032007514275e-01,1.281720380087238986e-01
9.534465471020433375e-03,1.154481607347500847e-02
1.235310390608826692e-01,1.136296678760259915e-01
1.694011615123243997e-01,1.650673423395457307e-01
2.023306037440375862e-02,2.660914646141151682e-02
1.458471579822359296e-02,1.339605750237437935e-02
5.217206388452303584e-02,5.993033469763391075e-02
6.748928344977418725e-02,5.963994508690530216e-02
2.967442409069320219e-01,3.047096511815928777e-01
1.463599522796000807e-01,1.542662519859588910e-01
9.692267188589009930e-02,9.271478584593190186e-02
2.289177179852018296e-01,2.195340209011196475e-01
1.076061096515460169e-01,1.016449298541395596e-01
8.923507972951330580e-02,8.744905124160583243e-02
1.045388802401739231e-01,1.115492819797858914e-01
9.800798192309034818e-02,1.087513718099388099e-01
5.971262558446084265e-03,7.343530958161071341e-03
6.769124053628741700e-03,6.123654403067592400e-03
2.487092198828395606e-01,2.491408654014236890e-01
5.483859039465634883e-02,5.413693240463094553e-02
2.860895748695683333e-02,2.387867480923961880e-02
1.542465440751463190e-01,1.534860948316983664e-01
1.662362053304591303e-01,1.615976694599385588e-01
2.422145173780482739e-03,2.213091216519810691e-03
7.723391441751228069e-03,8.119044251928986961e-03
2.573747749213276675e-02,2.248958738848469072e-02
1.723389138850022623e-02,1.646776182975817973e-02
1.990749646127370348e-02,2.562000570109018369e-02
5.414409241797445800e-04,7.288847421163599646e-04
1.653010835296389036e-01,1.736979208182869161e-01
3.186613051072628711e-02,3.691359566535170472e-02
1.472240672499666447e-01,1.483168917022745226e-01
2.813086886143643661e-01,2.803736036204867998e-01
6.440354163035681700e-02,6.243724614733901779e-02
2.256162353000935039e-01,2.134830102161154597e-01
6.704518744932351504e-02,7.621728392052919132e-02
3.052079216700402664e-02,2.905355165296807929e-02
5.331621613103666446e-01,5.126568144454258791e-01
9.365966009624523275e-03,9.222333978437734572e-03
8.999449278477543446e-02,8.127760935233074857e-02
2.967717699097124212e-02,2.550363232319204435e-02
3.112595575168433659e-02,3.789279927615697013e-02
9.186922452916763959e-02,8.678163559862643595e-02
3.911508883396597365e-03,1.855561558086754039e-03
1.101760407301258932e-03,5.036065928025500790e-04
6.243330578576121725e-01,6.115569348304547015e-01
3.689836722561053856e-02,3.258055995269262123e-02
7.783842508168445362e-02,8.091608859710272550e-02
4.759834627329473378e-01,4.551760364818457916e-01
1.375175933357488112e-01,1.232176449843052218e-01
6.748239035037771789e-04,4.419323160016678427e-06
5.806595224456877202e-02,6.643612468548761030e-02
5.170991956633298470e-01,5.290894560677421588e-01
4.046865749035012394e-01,4.249209312328486865e-01
1.413547624163131733e-01,1.379995340210937171e-01
1.048506782579790714e-01,9.100838178026329772e-02
5.825123702318994821e-04,9.833937513742615783e-04
1.895802733622769243e-01,2.116453556204929976e-01
1.828287729380588880e-02,1.711524120059346871e-02
3.052989300947281728e-02,3.109697432629239880e-02
6.546591255524493447e-02,5.869454595060338148e-02
1.180836207680745764e-01,1.133120834684053363e-01
7.033745968890377231e-02,7.084147229613114993e-02
1.046413577330732557e-02,1.064385208211821206e-02
4.186940042107702847e-02,4.467286541384892645e-02
2.790784144544722475e-04,1.830847560002611153e-03
1.796526075102163889e-01,1.779157987237757754e-01
9.896990494845643582e-02,9.733731964037095619e-02
1.844128343540928430e-02,1.587116936872078402e-02
8.705075900868533556e-02,9.652906386471118982e-02
1.098943641849992187e-01,9.553435875070931393e-02
7.915791448200557023e-02,8.155051416880330917e-02
5.415740601690549605e-01,5.556068790574438809e-01
4.479863134078709147e-02,4.173419905316339690e-02
3.488809444146829392e-02,2.631201852557596074e-02
5.326002239838062424e-02,5.830405113629492930e-02
1.514032419553718554e-02,1.336945597367173236e-02
2.162378558220013069e-01,2.336712087816790739e-01
4.021058176615421309e-01,4.083751040343822636e-01
3.148257789070361273e-02,3.415516622847455247e-02
2.296582424277906209e-01,2.369392765792248945e-01
2.765336864409657092e-01,2.802858960390168241e-01
3.050670046532725360e-02,2.783910270450970503e-02
1.540559299128522498e-02,1.139146944105382322e-02
3.612874538952712267e-02,3.877721150721642751e-02
8.048732958980563124e-02,9.003203952292491985e-02
4.933421769150317555e-03,4.135458868458548841e-03
2.423001458231290040e-01,2.535469373065465937e-01
4.191642628215602046e-02,5.092049888882602127e-02
1.096144409438816469e-02,1.309313003912935397e-02
6.893375562293324599e-02,8.045770078542700821e-02
2.596945653128404641e-01,2.570530309906216559e-01
4.000742797339376655e-02,4.176279677751029706e-02
3.938922927237799992e-02,2.861728380106555447e-02
5.941101102256758247e-04,2.580115183742307948e-04
2.479283241869749133e-01,2.635929216678368769e-01
4.149199607372779791e-03,5.446158211689795456e-03
2.279763808169635864e-01,2.386031593549746144e-01
5.759908419180650996e-02,5.339061799463970526e-02
1.731787837017979836e-02,1.819778939635571455e-02
1.098486766018519772e-01,1.170600408417912380e-01
2.950978122377415636e-01,2.989053659008304442e-01
1.596805407083258868e-02,2.147232949504339003e-02
1.082711901422067809e-02,9.128164445945110075e-03
1.226358087076102063e-03,1.220424240591337119e-03
2.552438636981645137e-02,3.031831879858178785e-02
1.190292068904446514e-03,8.075340821628113281e-04
5.265763910502384770e-04,2.751408100483122799e-04
5.869749815494411660e-01,5.858848334961971327e-01
4.607741720294051407e-02,4.258475333392663237e-02
2.719632396987749501e-01,2.629922051468108757e-01
6.071703949789072907e-02,5.114301786466404071e-02
1.172739242218691011e-02,8.899963228823011205e-03
2.340812223469228848e-01,2.418283061108177090e-01
3.491634392596873471e-02,2.697075579096549353e-02
1.828273501668483125e-01,1.974238416666962148e-01
1.464136704925965426e-02,1.139013600448451208e-02
2.317747374761883195e-02,2.275014877542863925e-02
1.033673153422753482e-01,1.075666364132512182e-01
2.394979816465106215e-01,2.355914860305496350e-01
1.716694282645188363e-01,1.549489952506294954e-01
2.671077694813481229e-02,3.194230567652208558e-02
5.870660423971928513e-03,7.945343660469996946e-03
1.580483933023849041e-01,1.582091647743228968e-01
2.518802936338957604e-02,2.543016742808526520e-02
1.008969862505765397e-01,1.048586802034423143e-01
6.288851144624869405e-04,1.240616200062132600e-03
1.651176573021678751e-02,1.252016304180235406e-02
2.071419483922821211e-03,1.887744203579155280e-03
2.144204934995541378e-01,2.076628578550545057e-01
2.400581049387465193e-02,2.781223322991012784e-02
5.462288499683057297e-02,5.451954781716340098e-02
1.981764857797003413e-05,5.765850799919832619e-05
3.377050238937849558e-02,3.186744293252486565e-02
5.512027623855997316e-02,5.334301885340785032e-02
2.270254948354675801e-04,2.321687561378452526e-04
2.907660871968851257e-01,3.203798109653637205e-01
7.956277966826558190e-02,8.341013964572017991e-02
8.505084960297453964e-03,4.788795993944443448e-03
4.980255423722196872e-01,5.033777140960982166e-01
2.529131124119809310e-02,2.194159157106253394e-02
1.302482463913075539e-01,1.303266971488174497e-01
1.925505226043823515e-01,1.945539604114644161e-01
1.864907933049604338e-01,1.970766970003151597e-01
2.818069705438119681e-03,3.290907206045121103e-03
7.964732496988534069e-03,7.359754707616665385e-03
6.114166376463323928e-03,8.272057490015076453e-03
2.764906286506021993e-01,2.904203127756104785e-01
9.076534594055059302e-02,9.937864562778470079e-02
5.705285541250728482e-02,5.547048546766871618e-02
1.003908576999727915e-03,6.983182419055775645e-04
2.774214167046669746e-02,2.892194199376258920e-02
6.365591131559253379e-02,5.928774082813902113e-02
9.819362168041846639e-02,8.839912109516911976e-02
3.608764402976794017e-02,3.404362538180999431e-02
2.734089868384479427e-01,2.935047749066897471e-01
3.597887874580129597e-01,3.543489180251830906e-01
2.973010209760909017e-01,2.858904508790482413e-01
6.049061147968934522e-04,2.125385399385117460e-03
1.569989739914450302e-02,1.643605859373739597e-02
2.753007935430664133e-01,2.602340521665905126e-01
2.206641885004436560e-02,2.674371240089426852e-02
3.346765820880596154e-01,3.648212463659111227e-01
1.632467661156156713e-01,1.633468709135870722e-01
2.847927496354830251e-02,2.731298662980794628e-02
1.598522622811383020e-01,1.624287808362926966e-01
2.841022180974803191e-02,2.867943726029828846e-02
1.201146361873746127e-01,1.204469485563212650e-01
7.756909386318305670e-03,5.914620099246042581e-03
2.068919523605723676e-02,1.970707001282375609e-02
6.830146560400497668e-02,7.989713477823071064e-02
5.980474990701517730e-03,6.421579375719359446e-03
2.697981199958666143e-01,2.704179606704447680e-01
1.938458489492694004e-01,2.046545853905423484e-01
2.232424389382699041e-03,1.977745689150368653e-03
1.566548806066478047e-02,1.468222517803877830e-02
9.418625892609358563e-02,9.100706275621804620e-02
1.404926837050289243e-03,1.087838489766613809e-03
5.045612676262669488e-02,5.395025325269679761e-02
3.630041720293721297e-01,3.439735284735354059e-01
6.644239541658289536e-04,2.261507849912381307e-04
4.007509185750564029e-01,3.930725898740142221e-01
9.413950467664367050e-02,9.411358637682597228e-02
4.464969569396842058e-02,3.473994131877988778e-02
1.026733446578547088e-03,9.546522548107926444e-04
1.217698760354714443e-01,1.146936999595380841e-01
9.463810674127201561e-03,1.002231158533868280e-02
4.670007143807973911e-05,5.268643767627702632e-05
4.759003352868931488e-03,4.014536373073637927e-03
3.673575520936174510e-02,3.674737360247404966e-02
8.875149562648208010e-06,2.106174189411642232e-04
1.098840696312829435e-01,1.034348652710815331e-01
8.540194627963053342e-02,8.484647754224407257e-02
4.610551998536275287e-01,4.547001130601327490e-01
7.924873902169718431e-02,8.303847949925051430e-02
1.346763473271827827e-01,1.247695830729181055e-01
1.567423888826344853e-03,4.034588223828635073e-04
3.322817324140515255e-02,3.448131296918357375e-02
1.410827766315461695e-01,1.511128784645096867e-01
2.994667060297586877e-02,2.996612681666299335e-02
2.505919924804886900e-01,2.511135702760324828e-01
1.516439665487174515e-01,1.598650500442213851e-01
5.350489069049696456e-01,5.299417185011833231e-01
3.094032990365933738e-02,3.273625471756172467e-02
3.964769216197092799e-02,3.748955904197707328e-02
6.877761387348983214e-03,4.264146791803036241e-03
1.940451813517725041e-02,1.693812243744602722e-02
1.541724792506017350e-01,1.529627318334849106e-01
2.400506606559051070e-02,2.607357924897441004e-02
6.225755301905066402e-02,6.650704438417288922e-02
1.167920986579388716e-06,5.147789013594675163e-05
1.635448467915704297e-03,2.090581607536769367e-03
6.554182151160814485e-02,6.149265344147557266e-02
4.557712401772074373e-01,4.542137130721461413e-01
1.220163886113383583e-01,1.088742026899412602e-01
1.289372213053095739e-02,1.120498546541220421e-02
4.133492556883846397e-02,4.992559237207473688e-02
1.218239947902477610e-01,1.213885252767174516e-01
1.340937935368401168e-03,1.406569025425886748e-03
7.334549151996665184e-02,8.556810473414612483e-02
7.781176972345725529e-02,6.404471181905270483e-02
7.755450965740644893e-04,3.792056276336207743e-04
7.197755444784911805e-02,7.298306135721853438e-02
4.269523594015066648e-01,4.385969441899760235e-01
5.838078611586716704e-02,6.813851311987018100e-02
3.934457605176571587e-02,3.847469913195627339e-02
6.080863274568433681e-03,7.486954448683276822e-03
7.512243014627080495e-02,7.973005823782809698e-02
1.134511241227337524e-03,1.429898771524368241e-03
1.633077660925121716e-02,1.920391707603981771e-02
4.870563914767135801e-03,6.934550270931811970e-03
3.680734639362950346e-03,2.276545011394145654e-03
4.405090049326478296e-01,4.272159193215895323e-01
3.413213723971152413e-01,3.675981747284305934e-01
1.373378606127245438e-01,1.324837394212176334e-01
2.118487154907552905e-01,2.154122831127587567e-01
3.589283271876616676e-03,3.253896804027275793e-03
6.225067476234330544e-02,6.723739609446116594e-02
7.173620532180460807e-02,6.915923677867448494e-02
1.125509694802914409e-04,9.078153042592115293e-06
3.019444908462044557e-04,2.580690948917427232e-04
1.531888428203892760e-01,1.557522568393268914e-01
6.127911696438740653e-03,7.297090945974797627e-03
8.735531447048718034e-02,8.432538513720889972e-02
1.546859712593487701e-01,1.634400068445716336e-01
3.638071232455594370e-04,1.115649897681127807e-03
3.314513605311464883e-01,3.227636131070447667e-01
2.964739552764196484e-03,3.150754401186538385e-03
1.434283801006657477e-01,1.524447450132194182e-01
1.934879966131264209e-03,2.364151802083351659e-03
6.596107365849385173e-02,6.494950668000373795e-02
2.600113381603007534e-01,2.523102065862818377e-01
1.721811986190261226e-02,2.052382505290583498e-02
1.755696095189956951e-01,1.895995728260565227e-01
1.361953225603111835e-02,1.453843360744065498e-02
1.100442255120111373e-01,1.086644217606797663e-01
1.367250631234782389e-02,1.333913779289641610e-02
4.941057280137135278e-03,4.949727074383775301e-03
1.419366777876368384e-04,2.006362483592482281e-05
1.082937949642277076e+00,1.116302068584644092e+00
2.803019829050644174e-01,2.780439816174444800e-01
2.151601672729101244e-01,2.137601320980842268e-01
8.627580682175776949e-02,9.943224528592675693e-02
3.428762316563829966e-03,2.034065256790118514e-03
1.086501776070877279e-01,1.110301136123992977e-01
2.295514300860306001e-01,2.256072236803077780e-01
4.431371515973260844e-01,4.640645433363033145e-01
1.108377196618914734e-01,1.146388226943214211e-01
1.799779745652810596e-03,9.240081056664220440e-04
1.603384195335888496e-02,1.550269625862183559e-02
3.805333645950039756e-01,3.813972129551205792e-01
2.007037718615313771e-01,1.870588330404420740e-01
2.484613758397614669e-01,2.489724522211558266e-01
2.899783329764311635e-01,2.992344939955030036e-01
2.585554089477510795e-03,5.853900688195088145e-03
3.523706511580078082e-01,3.488337461078541701e-01
8.210985204085910483e-02,8.865105520570470965e-02
1.195209032695956491e-01,1.216822124740244287e-01
2.292782072751339828e-02,2.364978097016624467e-02
4.587796863844329290e-03,5.035207597464753763e-03
9.830359456321670353e-02,1.039035585787805999e-01
1.294475192679544473e-01,1.328035570653624264e-01
1.439976225303114254e-01,1.466859237237266300e-01
1.775752747476087579e-01,1.845056253118413092e-01
2.356619033228518900e-01,2.280933198620735125e-01
5.803085144286380948e-02,6.091950338173986179e-02
1.038481620828885510e-01,1.041605811887615501e-01
6.125407374403590843e-02,5.702304566008123410e-02
5.586592366937666483e-03,5.349624159699291857e-03
1.169060608255637346e-01,1.201780033372148171e-01
5.248228019651586529e-03,3.934631152564968537e-03
2.742108102468654787e-02,3.094265234002490164e-02
6.211618420563896903e-01,6.335924588118567735e-01
2.553144195727093200e-03,1.819794431977582406e-03
7.054880092644821854e-02,6.509688436340133055e-02
1.703509276024526287e-01,1.602489037493082247e-01
1.667860303917351184e-01,1.556720233850534263e-01
4.596215494337146934e-02,5.025970096168730361e-02
8.571043458546162563e-02,8.222286961765226665e-02
7.614647021323983373e-04,1.447154972209081444e-03
1.900158751484659755e-03,2.378808754868616884e-03
2.363001040315436743e-03,1.776633130962048833e-03
1.472404478580394971e-01,1.510885091805926062e-01
3.008999680259029086e-01,2.994219940172096472e-01
6.827526818366028150e-03,4.213906489933132160e-03
4.127294029071999770e-02,3.740836608552765286e-02
2.093501904755905862e-01,2.219055283622192176e-01
9.106700945793781699e-02,1.004847288487581147e-01
3.554204712633381169e-02,3.971326105126660871e-02
1.794008672261655779e-01,1.812756468421443667e-01
4.468176573951152669e-02,4.333334805437406151e-02
6.358916341827809974e-05,2.070127673849684658e-04
2.276459541184400887e-02,2.030231453161459101e-02
2.937232674775447361e-01,2.989299431726213929e-01
9.730839472845997928e-02,9.994156580546835478e-02
5.792109169878511578e-03,8.691769054347684570e-03
2.277993033005451182e-02,1.896009878016505917e-02
1.909768154517410207e-02,1.717072032497292053e-02
9.352315488161094814e-02,9.826175211463208936e-02
8.235782593078355609e-04,1.239150483338116336e-03
3.673182165712623320e-02,4.459298691504096079e-02
6.358816109832436947e-01,6.340204422777235838e-01
4.815213270432301164e-03,4.134560246349712129e-03
1.304548258092911792e-02,1.107699698045050939e-02
4.515128181439455324e-02,4.214511617948788619e-02
1.132302893203775557e-01,1.017996766100794509e-01
1.657420064685758213e-03,1.000304169223225530e-03
2.468724799562598687e-02,2.251813611466825515e-02
6.012182247303399230e-02,6.954435078534275394e-02
3.775708706460668279e-02,3.550492756019741486e-02
1.608843591390568669e-03,1.620612757047834801e-03
1.419800874226006052e-02,1.931539292231142582e-02
1.414584149210089126e-01,1.315896472870128342e-01
1.405404405536749002e-01,1.403220776227115385e-01
3.652746042011885685e-01,3.793846013245413262e-01
1.243365432968481797e-06,3.930407817528508668e-04
4.877387672561012133e-02,5.285445828004733254e-02
2.994124407544581333e-03,1.015654609357129808e-03
9.858189287368950005e-02,1.105694300008576297e-01
2.849298179358942806e-01,2.968517773879555399e-01
1.471940468818978554e-01,1.436008518516719012e-01
6.349415174401301654e-02,6.686200932670888220e-02
7.084670988540336771e-03,7.162014922729998713e-03
6.779655452077702760e-02,6.136013766680586956e-02
3.332017796293049866e-02,4.189346355101009056e-02
8.232966838103834145e-03,9.343865747133694999e-03
9.671274627063305984e-02,9.500302297346248370e-02
5.379928230956117913e-03,4.085460367493382906e-03
1.533707924410169544e-02,1.428007723512703803e-02
2.730264830179008340e-01,2.916589761814066262e-01
1.442993732700530336e-02,1.277507988680282730e-02
1.893458799917304702e-01,1.881111279095050159e-01
4.118210439976490974e-04,6.612488850454121972e-04
1.133309214899040213e-01,1.145442930920473751e-01
1.432578914722592092e-02,1.498035627828975605e-02
3.741286101672553627e-02,3.881034973497430457e-02
5.098084799943968654e-02,5.148787278095857955e-02
1.647809312219303225e-03,3.089021059302507737e-03
2.430122318626212058e-02,2.389376738768677483e-02
1.986844359899142196e-02,1.841341376298641710e-02
2.868234065140662925e-01,2.787226609019763379e-01
1.198178575516153088e-01,1.246500529574972455e-01
2.822240133585886546e-01,2.771220279487492388e-01
4.597107518625952877e-02,3.406079944298846113e-02
3.592361772787157695e-03,4.253050401321968252e-03
9.226519177302849872e-02,1.021534780525480829e-01
3.000837713314310085e-03,5.661728951122897008e-03
3.219447117576966499e-02,3.367121115010293653e-02
1.507821546310319193e-02,1.591879529534716634e-02
4.399073008236677185e-02,4.186333438148527597e-02
6.075941653865160608e-02,6.872356638886706337e-02
1.533746014154894477e-01,1.547985210037990111e-01
1.095870115316099347e-01,1.201850944351839506e-01
1.713958119835416044e-02,2.298431044061654063e-02
3.395111627593785930e-01,3.485572027039942067e-01
1.222520745218035228e-03,2.535465963270779315e-03
4.126764449428205368e-03,4.426140778637085646e-03
4.579799395029519188e-02,4.925438255442448482e-02
5.659087341551465727e-02,6.585943519557235781e-02
9.641307395154093129e-02,9.047211331851454097e-02
2.117120305276891101e-01,1.918753274890614424e-01
3.071515919902520399e-03,1.220700533619189544e-03
1.255570745753253892e-01,1.217292434283757663e-01
1.101785149442286111e-03,8.993675850918590601e-04
1.161458164639288387e-01,1.048381474846350053e-01
2.435872237437796684e-01,2.315953926391029760e-01
2.767268416073044319e-03,2.206530003311812146e-03
7.194676650407778873e-02,8.161046321621907851e-02
1.783609894602426194e-01,1.705498366202021776e-01
4.002859709284314338e-01,3.845076831680276919e-01
1.167511479495191157e-01,1.120008044858437357e-01
1.334274413867252707e-01,1.393120933036204323e-01
2.416903566463907485e-02,1.967126426334948192e-02
7.725344674423499126e-03,8.837749229216956826e-03
1.613294161011485928e-02,1.319958683705519872e-02
3.633101042429839889e-01,3.622970951648243898e-01
9.819843531421498795e-02,9.486725590748082415e-02
1.476138690177193624e-02,1.502541232899035940e-02
8.807201433301810323e-02,7.304966936213289075e-02
1.597065305885666531e-01,1.537177599983071685e-01
1.013291364464669192e-01,1.143166224441646700e-01
2.307732428977807542e-03,2.833529309496936321e-03
1.701977823372158860e-01,1.625044724955211906e-01
4.933194225633812796e-02,5.165975236622083466e-02
2.577893210187519601e-01,2.453066977606795929e-01
1.140771675136134089e-01,1.224085861814567383e-01
8.964769650602279205e-02,9.158890637634306553e-02
6.034709876928752437e-02,6.407093962517794450e-02
6.937710148681630606e-02,6.580816232184821812e-02
6.975763391057586416e-02,7.462664357280759941e-02
2.238590572730874903e-02,1.827649840274630719e-02
2.023581084636284222e-01,1.999090561124715615e-01
3.071743014778658409e-01,3.074531722386588672e-01
5.869900287443403919e-02,5.623068654620157203e-02
2.849771059149843952e-03,4.088066058521016601e-03
6.398793360427015332e-03,7.222035604780344641e-03
4.252463310082860160e-03,5.201031999662383311e-03
3.035408845182004101e-02,3.204149207155207457e-02
1.469349650192680878e-01,1.442949706533596665e-01
6.430090742249301716e-02,7.835934342672384867e-02
1.898074153893091962e-02,1.535849286925504084e-02
1.685175376013269000e-01,1.635828849437202248e-01
1.767263638861195710e-02,2.220553343065540322e-02
1.666696181146390954e-01,1.674542502047149939e-01
4.551774841020685136e-03,7.306169951230013539e-03
2.286100112413753660e-01,2.457873917787649076e-01
2.695108633029040870e-02,2.559271208293047856e-02
1.430041865426520675e-01,1.559235762347431498e-01
5.017778729385390275e-03,6.604749546142949478e-03
8.788532688829618633e-02,8.485179643357286527e-02
2.446059039097781829e-01,2.528787327796772066e-01
8.561917274653245077e-03,5.125532482387152276e-03
8.115425808123043483e-01,7.957701996400972089e-01
2.667810922581268507e-01,2.712423363241432961e-01
3.912586221141566289e-01,4.037810731379875562e-01
1.603196135302082563e-03,8.832715302974201597e-04
6.410464681305985853e-03,7.723283475646837946e-03
2.848201967869544160e-01,3.073469493074830194e-01
1.108411515762238808e-03,1.266844410365573379e-03
3.561041963123735832e-02,3.931783109878864840e-02
7.080076712060069666e-02,5.849540215665955528e-02
6.043088933334123114e-01,5.808603358780115578e-01
1.553005037945267251e-02,1.327975987339543792e-02
4.747574734860282586e-01,4.876485905097394102e-01
2.994957631488719130e-02,3.316117120941546037e-02
4.683711829429325624e-01,4.845124428706338859e-01
3.953387622529624793e-04,2.477547484783068263e-04
5.694686455775845035e-04,1.530791481129838974e-03
7.103058013821164640e-02,7.382790575277728418e-02
7.015059867994768994e-02,6.554860939889665949e-02
1.145067450687008437e-01,1.136311530962357957e-01
3.168610098043283217e-03,5.412136962350124619e-03
1.006826025831004381e-03,2.764514294823079802e-05
1.731029694758140156e-02,1.583833170290672998e-02
3.195234893897802575e-01,3.013185575778468683e-01
1.340461724194364490e-01,1.416769164723496177e-01
1.139984284264018710e-01,1.120521411386808247e-01
1.057408260455233728e-01,9.738595754639121915e-02
2.550955333293772331e-02,3.307371811989450600e-02
2.202910496051669817e-02,1.647636939720093299e-02
3.358852251990966892e-04,4.492359518874453083e-04
6.959806304749883987e-03,1.028445806162561066e-02
3.685247263222243830e-01,4.104358962815701228e-01
2.409918315140548162e-02,2.633243309700305373e-02
2.263312753443955383e-01,2.456751349196022172e-01
1.046079170628888139e-01,9.771464568088870928e-02
2.863737099197897762e-01,2.853585441306357162e-01
2.644383727300817985e-02,2.661472182678751436e-02
5.970328545685596976e-03,3.287405995612256021e-03
4.272609880929342241e-01,4.487131837019329161e-01
2.533641107159160990e-03,2.808385640654702947e-03
3.802097080242506158e-03,4.422109404713192235e-03
1.440044101912102692e-01,1.347497862692455528e-01
1.684329418774829223e-01,1.688002763085788005e-01
2.350161425323985150e-03,2.720024385290310646e-03
3.107572053189971428e-01,3.012454880120077894e-01
5.558160102181792378e-02,4.618511957602368379e-02
4.731409700529319862e-01,4.664288067329573351e-01
9.380296969335463753e-02,8.830920828463251215e-02
8.316999142292920769e-03,4.370183285295414603e-03
2.069613123085428229e-03,1.451515560156405862e-03
2.657685717818629098e-02,1.862506433325513897e-02
3.045118790347707723e-03,2.972814891586621211e-03
5.391092085157920752e-03,5.931446859854983163e-03
2.462711751375802529e-03,1.291813697589340622e-03
6.122864497437652319e-06,3.430485174956193285e-06
6.514106264170244250e-04,2.265400546993259160e-03
4.269362457956152324e-02,4.783757333514573190e-02
2.748720563748244597e-02,2.647581575723192623e-02
1.205327002689902671e-01,1.219287187189232874e-01
3.182419251411455763e-02,2.864427854947174459e-02
5.110632648377250176e-02,5.838816127098083592e-02
7.221394748532747321e-02,6.462037861507673175e-02
7.034847262267114598e-02,7.439082241963901332e-02
8.001752331837599930e-03,9.964900124288257263e-03
2.630672910717807289e-01,2.489018753012219587e-01
4.610930871623897254e-03,4.712397890371496263e-03
6.502590615385667183e-02,7.252262674654487429e-02
4.914972595601636678e-03,5.764175744895019653e-03
2.854062884528228428e-01,2.648130717671031142e-01
3.035114350470021621e-02,2.898959717780486695e-02
2.253935708258026152e-02,2.036804187781997288e-02
7.436623787270252306e-02,8.253422853570135942e-02
7.549192943381025089e-02,6.818225131014032936e-02
1.603038315887666274e-03,1.661925886567675471e-03
5.507429637833322761e-02,6.214022340457882321e-02
1.582593187473182728e-01,1.628383584021889374e-01
2.849027470754260660e-01,3.003442534046479317e-01
2.058623980200433579e-01,2.065996502540482227e-01
1.281794611008490459e-01,1.297337562098871688e-01
7.134645913850078125e-02,7.588373808316112301e-02
1.358247582512777741e-03,1.067803442077877108e-03
7.303685585622091483e-03,8.563461703050686755e-03
6.494279990386067070e-01,6.466278535090386193e-01
1.915392439319026432e-02,1.674964969930531344e-02
6.156644745511486577e-02,7.109372758247317625e-02
7.351152202440194502e-03,9.277970831722779158e-03
2.835233665992843710e-02,3.162488288376662932e-02
1.336923694277331043e-01,1.202383250654435604e-01
2.634702285822611723e-03,2.730167151222806770e-03
6.202366712418869458e-05,1.724984318191565100e-04
7.267804782780472317e-02,6.617974160729063471e-02
1.023205880562873121e-01,1.041999613431761201e-01
1.775788201161454249e-01,1.753820158114350325e-01
1.532410751761648321e-04,1.495739804980599809e-04
1.430678867395581561e-02,1.345871084121445273e-02
2.169889039258613428e-01,2.359169104258774241e-01
8.526230554872861467e-02,7.862234566887087162e-02
1.282941857904203176e-02,1.388983043929773245e-02
1.581895340144401363e-02,1.583610576857468269e-02
1.420010828937825487e-01,1.448839647632077787e-01
4.969278213598865568e-01,4.977982959687082265e-01
1.347320734957628829e-01,1.353528501045918320e-01
5.913063934886449158e-03,4.957160617552789673e-03
1.518792524907162066e-02,1.585075847892791767e-02
1.132542395795362172e-01,9.753247840433816596e-02
1.450807849532864402e-01,1.498190724809309593e-01
2.306898983146549523e-02,2.754673849188144993e-02
1.783545689043863902e-01,1.694878003342354111e-01
2.565078095204307261e-04,6.677890951129969183e-05
2.339437843468741285e-01,2.288107744750449424e-01
2.278510521157659299e-02,2.482556778677554726e-02
9.567155662559084783e-02,8.881973306074884833e-02
2.856189402039367997e-01,2.808871546217488468e-01
1.372904225061236832e-04,2.858215837546545054e-05
6.182110334283524161e-02,5.609189299025520159e-02
1.078545556920499152e-02,8.813431769515949268e-03
2.110530282113259049e-01,2.334076443175388815e-01
2.359847064634114921e-01,2.286617917621632246e-01
2.110163713559901899e-01,2.151336310040077582e-01
5.890905683759856820e-02,5.681008752890343710e-02
3.138523331080969592e-01,3.019659991238302088e-01
4.460977795757029574e-01,4.436985610789931922e-01
4.181210109049782742e-01,4.371897297093928492e-01
1.683698806363925901e-03,3.331191790832457953e-03
8.881613840169704233e-01,8.631510990611279688e-01
6.543629091905175388e-01,6.636919181181213379e-01
1.044345656757421576e-03,1.818202080556208938e-03
1.437979236066578952e-02,1.337271998386972867e-02
3.539082394488449884e-02,3.848228246673664199e-02
1.830880241487516102e-02,1.771980311525940890e-02
2.064253067937761241e-02,2.276641850415780585e-02
2.919730183405630161e-02,2.689637223352564499e-02
1.040759989214009576e-03,2.183742144138854299e-03
6.463407194597374505e-02,7.377024265442987117e-02
5.826275282814515760e-02,6.162022157363518382e-02
1.478711895076958716e-01,1.430297244083671426e-01
1.844930357793375386e-01,2.038932289900613204e-01
3.272406687944617171e-02,3.421927988169180812e-02
5.286484806241142226e-02,5.685149806897113467e-02
3.232364770875617022e-01,3.077866556545485466e-01
2.133730322268809904e-02,1.844312930018861957e-02
8.137441331136750777e-02,7.157167603745158424e-02
2.071758819640744931e-01,2.176844067589770726e-01
1.569928540848077427e-03,1.514760388508980824e-03
1.140665038863508673e-01,1.173604556758361950e-01
3.922391267603025367e-01,3.887576437882623859e-01
4.408989242387006610e-03,5.371147392453023799e-03
1.199348245094190328e-05,2.711396154817233609e-04
8.710251415276822062e-02,7.422808956620545462e-02
4.942314880515914690e-04,1.665809057751413815e-04
6.153174831236942095e-03,1.099336018067340742e-02
2.974941237791302318e-03,3.292512026868334423e-03
1.788774163358107516e-02,1.632248716926225363e-02
2.757597890127759244e-01,2.908458712464581097e-01
4.041754409616682975e-01,4.273921387973587116e-01
4.386447394944004846e-02,5.053483797810046779e-02
9.793055444666411494e-03,8.397085633880049457e-03
5.141331242684845596e-04,1.091452693660352382e-03
5.451723515414931553e-02,6.743788910658016222e-02
2.735356961788276142e-01,2.510885752634514079e-01
5.621392548596576555e-02,5.624420785118491861e-02
3.802548548305258874e-02,3.498789992969418561e-02
2.288369982341491651e-02,2.626689116411206129e-02
1.609914261166834337e-01,1.742247530365498565e-01
2.088321872790490363e-01,2.044608992785313106e-01
8.915220074315538534e-02,8.313250632691239483e-02
2.107375773664630636e-01,2.020938220609938829e-01
3.346375572289204915e-04,1.780047485413033758e-04
7.210365693644248120e-02,7.227730790674784245e-02
9.703117087247558822e-03,1.034752015403176371e-02
6.670220341216240301e-02,7.333413816675608821e-02
3.610501463961667268e-01,3.647345670916788962e-01
7.181156048036931028e-02,6.988819477021640525e-02
4.072376087979784863e-03,3.679915267636853400e-03
1.744029455973140073e-04,4.604133847531452083e-04
3.597666178257964177e-03,2.646141876455045117e-03
3.694106654504966669e-01,3.616651465877014915e-01
2.342344968887753454e-01,2.472089773622735132e-01
3.604682070215660871e-04,1.097642584636439485e-04
1.234089675352974952e-02,1.546406721334376427e-02
2.351285942212417157e-01,2.307606491026368833e-01
1.971103708686969616e-02,3.030382495424552985e-02
8.901853345327632727e-01,8.914892353532772873e-01
1.128910747373154146e-02,8.837351325988255721e-03
5.018721018739943363e-01,4.718958794229816678e-01
1.111835773252047065e-03,8.555662145103313599e-04
1.484356812809213000e-01,1.421958503634675741e-01
4.683053465700447865e-02,4.853135406500137111e-02
4.079625576983789692e-01,4.091437282890736937e-01
8.172606400239744787e-03,5.766971417550907121e-03
1.226169805809830676e-01,1.230580381818170144e-01
5.742749977623118861e-03,4.317576697092080293e-03
7.029725939061129327e-05,8.357550286866488774e-07
3.882698415762219635e-01,4.064865636880539146e-01
1.858399927491050487e-03,3.125926337081142304e-03
1.324416913780067373e-02,1.156039908812441647e-02
2.735149422553753706e-02,2.685897408353862467e-02
1.060601089021397103e-01,9.989512600633236594e-02
2.328028540183491740e-05,1.001247713366451553e-04
1.237251123920247900e-04,3.353453419991903289e-04
2.906512030586318185e-03,1.397084598441617267e-03
1.574615544284914414e-04,6.636757649398451807e-05
1.490134647411510693e-01,1.400614294936694537e-01
2.327152660204158396e-02,2.356879188685722173e-02
3.859652956661621670e-02,3.741619714869827418e-02
5.556808949464590863e-02,6.243756707934782629e-02
5.522241839515129591e-02,4.690438319884450424e-02
1.040135123925216842e-01,1.095696774025745474e-01
8.022318806846524819e-02,8.574600420657138566e-02
1.735607873703235967e-03,1.558916819823184200e-03
8.515359744495530625e-02,8.308385959096600826e-02
2.006014599620092875e-01,2.095720087292933520e-01
1.787913095804857799e-01,1.645498223799388982e-01
2.686230396786652430e-01,2.686190749158047231e-01
3.027794710482066077e-04,3.972792975746479687e-07
2.002713692804503585e-03,3.767003348982099400e-03
3.496471272249574574e-02,3.996502885403599437e-02
1.930382313628535851e-01,1.889395253531480634e-01
2.109333144559109308e-01,2.167996014794686954e-01
1.932992163505828365e-01,2.014511350674584311e-01
3.473991115008976532e-02,3.856625839759614260e-02
1.724324719267956441e-01,1.823649245674980879e-01
1.139721424644771393e-03,1.139999738816030537e-03
1.798422164026062392e-02,1.921138338592794439e-02
1.575641892854694470e-01,1.593602417904356749e-01
1.010190681456650356e-02,6.147532861950744110e-03
9.970846435528485374e-02,1.000878394978380048e-01
2.305566888343956442e-04,7.632728718513278742e-05
6.979305044585432105e-02,7.512726191169068202e-02
1.162224016418153261e-01,1.214981335116538524e-01
3.788769663002750782e-02,3.541477413994821577e-02
8.088053514583108108e-04,7.313166216747976622e-04
1.183038403215318571e-02,1.046322830429695892e-02
7.082200730203010337e-03,6.490739056368185003e-03
1.353872709478731451e-01,1.430182737640229851e-01
2.081993805792165322e-02,2.343735102257229336e-02
7.619631722996783596e-02,7.324419412734255175e-02
2.075258876247368465e-03,2.204121829418897137e-03
2.789665957600142502e-04,8.248286202175696830e-04
6.061425707140408181e-02,6.543372947759638902e-02
8.114715789251210343e-02,8.153402844432318386e-02
1.511944190865145421e-01,1.492607621106825100e-01
3.536190630770335089e-03,2.081574046863041757e-03
8.932886524904839337e-03,7.837376749186511504e-03
8.946674822441909661e-03,9.114506090324780291e-03
1.068589041373253640e-01,1.005282963341193186e-01
1.754257866677563504e-01,1.761106019943854406e-01
1.529823205679050890e-01,1.524105166186170424e-01
7.356650062706615459e-04,1.838030714961234901e-04
2.046661823060507701e-01,2.248119103104940508e-01
2.202251221069760276e-02,1.925765255896268180e-02
5.561240664783078692e-03,4.205514408322994814e-03
4.702186014956093348e-03,5.267250743439563614e-03
2.869000552425578568e-02,3.064325976555838313e-02
2.840952335062914204e-06,3.007846614117576488e-08
1.786722964720477980e-01,1.744754163696248250e-01
2.701177997750441213e-03,3.080870731151497729e-03
2.871342305104725504e-02,2.387883390969372174e-02
2.185725083533260945e-03,2.629222709096399289e-03
2.082923995046581656e-02,2.384623041500587640e-02
6.570778640555394092e-04,1.272366902133444805e-03
1.650077445976154411e-02,1.567058418269161313e-02
5.104059033605674173e-02,5.189400766940780590e-02
1.852388868777697997e-02,1.807645430534375597e-02
3.368656161662404204e-04,5.971949259599541133e-04
3.875776239100912207e-02,3.537121134852637405e-02
3.325531464920500162e-03,2.619661433052975982e-03
2.065337239088738397e-01,2.092862402040476799e-01
7.048641143607772275e-01,6.928386383960913886e-01
1.425051968851218445e-02,1.552154316803865466e-02
4.957252929605986402e-01,4.967416942557624226e-01
5.245342995574127087e-01,5.191605940661384588e-01
2.651637544312086120e-02,2.355417885604894901e-02
5.681219670080363097e-03,3.710675610098520833e-03
1.594463887923678880e-01,1.623788541313513356e-01
2.111448451121035186e-01,2.159569825665276777e-01
1.146443796927847092e-02,1.544925360257661841e-02
2.482885757027240015e-01,2.536466233315425312e-01
1.087702703436128860e-03,1.789652862730640483e-03
1.094145185032003101e-02,7.080781563565538388e-03
3.513573187780317381e-02,3.512102762662342587e-02
1.088321125640476089e-01,8.715732933250827652e-02
7.549122001163536622e-04,6.742606106764912396e-04
2.209099406927941545e-01,2.199157403575718039e-01
1.141950080733390022e-02,9.126778279966185972e-03
2.287710082367373082e-02,2.544474572624623801e-02
1.260045504492488368e-03,8.156831025520943019e-04
1.797334810366430294e-02,1.800576417050645320e-02
3.906416866232383794e-02,3.894395186842366380e-02
7.355131244575163763e-02,6.650754263403856059e-02
1.019608270970825264e-01,9.912654474750630385e-02
2.452913248349850583e-01,2.456935359305250643e-01
4.419809582993769470e-02,5.504665788895274359e-02
2.194005762565844619e-01,2.228594635014954639e-01
5.179091364218708221e-02,4.471757874322977722e-02
3.118848922648961297e-01,2.996873018520274101e-01
2.148058470823441535e-01,2.100187785720653011e-01
2.588337134150262703e-02,2.552994837557051935e-02
2.730119108506091083e-04,2.109624405901473234e-04
2.417096840938046109e-01,2.431063359627701481e-01
2.883240047772156478e-01,2.780433229777031223e-01
3.417801182764250434e-02,3.992551774934573194e-02
1.552926958621005701e-04,6.082590447732415294e-04
1.409131785291885264e-02,1.452377131208110010e-02
1.086792271512966035e-01,1.065158587187717415e-01
1.419967335356820499e-03,2.207879120808008393e-03
3.378776771799422290e-02,3.263421276079198075e-02
1.389565173031747508e-03,9.560928401279070957e-04
4.836843031660397613e-02,5.291853922496351365e-02
4.086418917546139062e-02,3.429804216745611922e-02
1.951902630426036733e-01,1.934367473142656058e-01
2.962270262765720474e-01,3.137544763872446296e-01
2.017854652468872509e-02,1.924757239091691441e-02
3.816452288163396656e-02,3.929200397738780159e-02
3.529407274306914366e-02,3.589143805624630396e-02
1.744478871311253357e-02,1.522474094006266015e-02
9.553561610587371633e-02,1.004934328752649375e-01
8.885682580693361754e-02,9.246432286953158719e-02
1.655124398355271734e-03,2.345409257333387360e-03
5.623447550672787051e-03,8.581689867678234801e-03
1.969540036225838828e-02,1.887210645478530971e-02
7.196499034395806293e-02,7.486531922996392252e-02
1.082824949676403220e-01,1.109868077069628700e-01
1.925164626214806440e-01,1.826515142994472318e-01
7.223813443536021561e-02,6.553245689146870723e-02
4.069465231444183671e-03,8.476571650580057293e-03
1.908734136989063621e-02,1.674434034815573333e-02
1.376259548487349105e-01,1.456148335518016590e-01
7.417890338068414136e-02,8.458226807139765380e-02
2.061797661499466049e-05,6.857694109019636045e-06
9.976756921910568104e-04,3.862232934808016100e-04
1.640234875285733751e-01,1.770558692982686089e-01
2.040459544329006059e-01,1.840504935129296527e-01
8.083334790841689710e-02,9.243455304001994832e-02
2.890093403216924088e-03,2.077709894954921435e-03
2.777027756019915389e-02,2.683401216423621921e-02
9.719644546513202255e-02,9.453651839295432180e-02
3.136800712790245582e-02,3.623547861059416009e-02
3.252680409777075968e-03,3.712711659372178435e-03
2.602118676897728911e-01,2.747996776739241032e-01
2.383286987144256630e-01,2.266785624988713610e-01
4.178403183755051431e-02,4.789951707951119880e-02
7.499677497734398568e-02,6.979748141713121301e-02
1.367289762804027933e-02,1.113249735907118239e-02
1.156743033448119498e-03,3.179356441842529080e-04
4.274145037176666634e-02,4.446964318211332756e-02
1.851410898453064585e-02,1.712486980441113929e-02
1.931023063962502770e-02,1.961417838531757593e-02
1.921342893223431866e-02,1.978743662315981741e-02
7.514869666856142764e-03,8.282078901914145808e-03
1.888996519376250419e-02,2.030831483081832131e-02
1.600092157185381211e-02,1.917285676068569006e-02
1.827158612309587038e-01,1.858247659914229466e-01
1.422329531241423306e-01,1.324618794894047991e-01
9.670454781821294366e-02,9.611679745727154389e-02
1.067307279818546367e-01,8.777159643131739186e-02
1.024632690312515387e-01,1.176353267170443667e-01
1.604580562003116444e-04,3.565984805037525807e-04
2.788492203885400804e-03,4.912209080228601386e-03
7.300617926567200267e-02,6.989071354135974190e-02
7.247626812786464590e-02,8.010806801389322440e-02
1.957744598661249197e-02,2.228716297919421455e-02
6.446219905735686151e-01,6.347680957064107954e-01
2.957971321358300321e-01,2.983298939141558748e-01
1.194314292032504499e-01,1.285527850553986606e-01
3.733616199411346481e-01,3.878414082603651170e-01
9.639295887258156684e-03,1.347805916905892715e-02
4.356259168311602675e-02,3.634690631778420000e-02
8.779431525621555696e-04,5.312343096792056761e-04
3.978856125789449402e-03,2.845570665255020299e-03
3.634721042932510891e-03,3.849805109326471901e-03
2.212945603968929920e-01,2.093296214741222072e-01
3.544021968024098357e-02,3.247671660423142453e-02
9.847881714266237818e-02,9.608464855879168820e-02
1.974903742219798013e-04,2.967554001088244364e-04
4.002238113775521272e-02,3.886439114819189439e-02
4.709649027701136997e-02,4.063863394867722051e-02
2.081224398850690591e-02,2.155947372553897526e-02
1.170226422966785806e-02,1.145051994656883822e-02
3.941818249482929026e-01,3.938408219579903613e-01
2.863247525897646799e-03,4.178249777164196911e-03
7.508389541804627067e-03,7.719185945518822894e-03
3.060559425473298976e-03,2.727219206962278823e-03
6.595220205329545005e-01,6.649952545725289488e-01
1.176567264595604762e-01,1.268096157022389481e-01
3.573623334560518255e-02,3.432028240208660763e-02
1.756779763140505046e-05,5.427448878397632897e-05
9.016584618700945741e-02,9.556163068601167265e-02
5.040087832170597054e-02,4.618536360085524067e-02
2.840505915621587274e-01,2.982384843510062500e-01
3.200842118481656007e-01,3.157787637966613659e-01
1.892336829744437066e-02,2.215700498465917809e-02
4.190186571490277234e-02,4.000290067627467611e-02
2.055035073917749200e-01,1.880614712516647802e-01
1.346939872031162160e-02,9.256445302835585032e-03
1.490610660589160308e-01,1.400953003533020047e-01
6.186195042812081546e-02,6.237726034546134390e-02
1.082155141422768141e-01,1.068891234413028996e-01
1.186834950858970950e-01,1.141612128958669758e-01
1.077972830264934366e-02,9.860234159426843961e-03
1.202437905991994311e-03,1.124512120792039603e-03
7.110448789246444357e-02,8.155458292651490693e-02
1.027624212480612864e-02,7.173282960586824936e-03
8.810022178974831197e-01,9.266449064279561609e-01
1.431298141197629228e-02,1.644782392214708816e-02
1.182851712021300788e-04,2.536581193532884589e-04
1.559781553739706750e-03,1.035743369433796699e-03
4.044025259593020949e-01,3.860819481505235462e-01
5.064914076193285236e-02,4.976113271554400558e-02
1.879477387322205833e-03,2.305750015701954134e-03
1.960097424512402542e-02,1.872426422724929318e-02
1.174186373700555341e+00,1.188326362255662350e+00
1.151846367579294206e-01,1.095178780525097456e-01
1.892121316866301507e-03,2.976172904467568135e-03
2.571729604969132457e-02,2.446693457542846797e-02
4.514969288536115899e-01,4.605649183051955253e-01
2.091331588521679330e-01,2.045174778810432414e-01
1.072671339125705163e-02,6.362495795069774036e-03
2.423788432734311216e-01,2.306206582456256093e-01
7.588102980808626719e-02,7.354144344574163605e-02
2.383859408890812714e-01,2.330318549711608567e-01
1.568390718100344874e-02,1.484653748214562891e-02
5.871785095728307251e-03,5.378349372269369127e-03
2.891565135499938877e-01,2.940042748316926136e-01
4.397977610516590197e-02,3.926407767375605234e-02
1.909141724198932244e-01,1.812380040546061888e-01
3.030730270119531000e-01,3.039174196387837146e-01
1.976136422142023841e-01,2.015068687613032761e-01
1.231673307575695438e-02,1.259969156521197065e-02
4.665396224109392281e-02,4.953506839544460916e-02
1.285278288181947691e-02,1.374972999984960809e-02
2.552554046076402198e-04,4.027848341868626504e-04
1.110970252401806968e-01,1.166681476520495531e-01
4.117250194968763606e-03,4.773691043447735906e-03
1.430654224325670631e-01,1.366187015004044214e-01
2.199376174581581522e-01,2.149054417142322870e-01
1.538137999488549922e-02,1.271701653347552009e-02
3.081860781202481747e-01,3.034269828327527674e-01
5.969899838359071786e-02,6.480504584541947610e-02
5.124295511172799467e-02,5.385117706164179591e-02
1.470325768144821743e-01,1.402658382999965314e-01
1.357353226344091557e-01,1.470077321034322648e-01
9.971171405771099561e-02,1.111333376964227931e-01
1.820244138537590595e-01,1.732414978052787824e-01
2.696075224083666760e-02,2.891357804727105393e-02
6.368890928641271487e-02,7.511825972249264183e-02
5.055707798062214833e-03,6.418076262202745616e-03
3.070063757480823718e-01,3.075061988724494544e-01
3.399340555588055424e-02,3.204906388951303531e-02
9.070225075438832774e-02,8.861983366692761932e-02
6.359964962482635327e-03,4.411714210402233570e-03
1.995055127852488064e-02,1.802092327804484181e-02
4.826268459450767240e-02,4.402863262644794023e-02
6.246976666788804644e-02,5.894520448691937392e-02
4.068205979636624835e-04,2.209260731086267154e-04
6.613326295712372549e-05,7.467971060199243111e-05
1.190459649586528279e-01,1.128725366545089703e-01
1.940167130051824798e-03,1.207234614286708261e-03
5.048485834336805672e-02,5.076645939347049913e-02
4.722812382414832977e-02,5.078455352894836738e-02
8.252605142888369549e-02,9.105389456000724524e-02
5.722635227140732833e-02,6.030275378566622019e-02
1.855004574137092688e-01,1.908870472300328025e-01
7.109405064939411378e-02,6.681564132609145445e-02
1.771680415541985187e-01,1.622486849860435842e-01
1.466036794337045035e-01,1.313992620422099744e-01
3.433015907344031947e-01,3.239988821915890105e-01
2.413758308007957036e-03,1.562284034107037445e-03
8.117577944442360208e-03,8.270288101751987683e-03
2.443218528149769531e-01,2.525311324169620675e-01
1.089054081368599086e-04,1.951949338640855507e-04
2.338210204269682707e-02,1.800113793431083048e-02
1.258600210169270039e-01,1.077194133781720076e-01
2.883869198658248548e-02,2.266251692377206986e-02
1.293262131312370999e-01,1.301427968020580361e-01
1.368392244094370977e-02,1.073705571128121677e-02
1.689416562886262348e-03,1.323455086797622332e-03
1.439325007702944303e-01,1.426714572802229297e-01
2.194546939955058784e-01,2.269734455544119289e-01
3.991939092503708070e-02,3.618537370444864509e-02
3.081926738926903941e-01,2.965775361969435475e-01
1.093923692545239745e-01,1.065895003621698811e-01
3.993582861374128656e-02,3.809741875535677114e-02
7.403346443670880302e-03,6.011567487917797957e-03
1.004918370270333067e-01,9.591321130788869886e-02
1.733428301268997778e-04,4.456522361608281925e-04
9.038823403547277535e-02,9.118749905147531531e-02
1.226986685506918223e-01,1.179144076299218497e-01
1.507863051987208547e-02,1.625053529668885402e-02
5.493482039972744785e-03,6.214956422722021229e-03
5.506910222981088454e-01,5.536194553425416442e-01
5.363443975825755300e-02,5.599042952098198106e-02
2.672030410735859451e-01,2.729704607110941539e-01
8.420075884621345749e-03,8.771843483263760261e-03
2.205872451989151356e-02,2.063544615285010583e-02
1.666507813832785179e-01,1.496808517489165158e-01
4.107275113956304624e-01,4.084676280880871202e-01
6.585381715071278452e-02,6.298240774588900748e-02
2.012702482751462397e-04,1.160183218269634749e-04
1.185676501946090755e-01,1.168021208754486534e-01
6.093368317512701075e-04,1.343477918396501303e-04
6.429223669800758767e-01,6.501857647125768302e-01
7.394417202718450884e-03,6.155552922515383427e-03
7.882352514139701061e-02,8.888960740336319943e-02
7.052227597243589108e-02,7.069259942593614232e-02
1.805948915727156323e-01,1.756107188672202668e-01
2.143819311611832312e-01,2.080170322914912939e-01
3.453810788913910107e-02,2.709494951688016032e-02
6.815841839865863228e-02,6.852492930412217020e-02
9.348764771896231687e-03,7.734164420544683248e-03
3.347949407269404376e-01,3.247444794251446720e-01
2.558717216963311836e-02,2.635915535274584512e-02
2.146899409681897637e-04,4.889231646318503558e-05
2.957764868168605288e-02,4.066681466933250860e-02
7.707694368497267599e-03,7.829712000575977590e-03
1.507899687924749432e-01,1.648563136374054383e-01
2.403800442492258493e-01,2.491134488684459136e-01
4.942526174754303253e-02,5.365491531903645445e-02
1.238170960448608665e-01,1.157062109129303878e-01
2.011690852704166614e-04,1.329160880127765061e-06
7.475338442045098564e-02,7.685742341200089978e-02
1.529985170677772011e-01,1.641628036008853098e-01
5.466832197942705918e-02,4.688091149898548915e-02
3.860621724621454004e-02,3.683145151612575441e-02
3.112170303655982170e-02,2.138028565558027991e-02
7.036956211681018314e-02,7.565672930174634214e-02
2.841747713347696908e-02,2.204221566670380023e-02
3.473693230063538695e-01,3.566103543333400960e-01
5.184579745201174346e-04,3.607841989271354455e-05
1.846339227938370575e-01,1.903761882970508579e-01
1.554417821236430686e-01,1.465565287786766424e-01
9.476123954671569760e-02,9.290786477503881757e-02
9.690281969414313301e-02,1.140290224229844190e-01
1.541367299218157801e-02,1.858344111198691542e-02
2.105705111675172658e-01,1.993643432445748598e-01
4.582449647577591101e-03,3.620037613679792741e-03
1.575967903967189776e-01,1.480582671471593059e-01
6.009194386283008837e-01,6.004315256918952848e-01
3.574637940082023291e-02,3.468126924614143430e-02
3.439809416475537174e-01,3.737015460112082521e-01
4.119545627670286869e-01,4.117446370657770749e-01
3.626523412353390707e-01,3.780403496504040617e-01
1.855952007589090902e-01,1.793903298461581031e-01
2.519900495989606248e-02,2.377216627842916249e-02
8.801107826261239664e-02,8.614340503671760740e-02
4.545114030304249486e-02,4.475233368195717654e-02
1.143855578998941996e-01,1.074952382118213590e-01
2.034033667792574385e-02,1.517926216110517326e-02
6.745650724484322531e-04,4.957538716014462180e-04
9.460610866495755555e-02,1.026059142010502107e-01
5.560465668324159061e-02,6.458199763166191931e-02
3.428043179892521428e-03,4.840340117211853338e-03
1.330181812515331408e-01,1.411939595040514472e-01
1.496695110892050928e-01,1.623344031796408737e-01
9.660907164146469162e-02,1.076756344037738400e-01
1.101187289441648148e-01,1.040324223659652575e-01
1.403317173319807917e-02,1.371961798417910446e-02
6.739358792225012829e-02,6.794344338131985683e-02
1.964353807072781715e-03,2.235123994915705695e-03
2.101678740657039225e-03,2.051320205493384601e-03
3.818823383404023469e-02,3.462028879772716811e-02
1.401584635518884903e-02,1.964262002241786223e-02
1.947055225950508357e-03,3.606955643573551019e-03
7.551868052824003627e-03,6.817656679861768508e-03
9.006668545701222717e-02,8.792573311712428841e-02
3.315168607443156473e-02,4.037189651816710384e-02
3.690709746763257831e-02,2.992578942599006739e-02
4.626042426897009757e-02,4.536854482027736363e-02
2.243067458863659200e-02,2.504648829537443888e-02
3.102232643470150680e-02,2.461732861614397000e-02
1.840378790326812064e-01,1.951372681701394329e-01
2.361630262115115009e-01,2.292613563240359087e-01
3.244202181599134749e-05,2.558682589027257257e-04
1.600471724343393576e-01,1.549942194998260303e-01
6.649772456661950937e-02,6.730547530801524181e-02
1.114369500083462888e-01,1.084577059457664250e-01
1.258617459351205295e-07,1.240033661834431041e-04
6.203124519809940336e-05,1.734367448379129566e-04
2.518443879711392830e-01,2.527608450165341747e-01
2.160391113519188611e-01,2.155283802137843430e-01
1.725670697261492970e-01,1.770618023795850204e-01
6.609909563530550966e-03,8.369504554991512649e-03
3.723849417539873974e-01,3.875655967087835996e-01
1.072710545188226700e-01,1.082461498547027390e-01
1.610771556899726342e-01,1.654484004732285352e-01
3.113791029087792928e-01,3.126137083816957762e-01
5.348919518756171110e-01,5.807588217076008474e-01
4.844587490304985700e-01,4.896501535641658576e-01
5.603771109840460091e-02,6.036845933433980516e-02
5.104935090810600040e-02,4.599857788530595931e-02
1.099794926993638011e+00,1.102529188235398694e+00
6.886520535791360031e-02,6.955115053315739926e-02
2.774845674470195755e-02,2.193895077291911286e-02
7.240164653760506989e-03,4.508726150570352420e-03
1.071645766089763946e-01,1.033241725550777673e-01
2.336941278947607115e-01,2.314592200857635562e-01
7.146798234537606043e-02,5.963607854850830337e-02
2.203996703231058188e-02,2.051445991100745228e-02
2.426504888251603334e-02,2.344250361828268195e-02
4.202588591842544574e-02,4.339205172425251306e-02
1.233071713189746184e-05,1.761854323920828129e-04
3.255663264121518297e-01,3.404813412645506521e-01
3.534452731771751954e-02,3.909737281861469516e-02
2.030524471787726604e-01,2.104756172284448223e-01
2.851221990012192697e-04,1.024640286830127658e-04
1.995419888080815773e-01,2.065455009391229946e-01
2.758964908098652190e-04,8.320906374731486331e-05
2.010022169089874591e-02,1.979583265902575689e-02
3.065576817656205377e-01,3.237919538690143817e-01
2.063385413287744177e-02,2.075356208478187914e-02
5.468164418177400010e-03,5.017371917926599818e-03
7.137856417506914519e-02,7.353460977458031733e-02
7.936822068874263558e-02,7.568202254293077136e-02
2.646302741305357406e-02,2.963522564412762045e-02
3.108040078122132135e-02,2.641285394970334724e-02
5.469820196619038996e-03,7.470398056302502213e-03
3.081350744342462589e-01,3.218015034098266058e-01
7.857609137062492033e-02,7.586616514090011032e-02
7.758696305080532707e-02,7.405990285657239325e-02
2.264054787335475494e-01,2.143498356445286135e-01
1.511050929320240793e-02,1.788911905318438592e-02
3.949566161760692529e-01,3.823477095662426994e-01
1.677273986477622048e-01,1.679107334467855317e-01
4.147317850516483717e-01,4.010667611542546029e-01
6.284690051808250509e-04,1.725874470601870803e-04
6.167454133281998234e-04,4.798935342040638050e-04
9.543818060419591298e-02,9.193106497106849628e-02
4.468400675061307697e-02,4.311573518336625499e-02
1.288512093787660094e-02,1.441290965139446420e-02
1.490758854849409121e-01,1.506303257416461150e-01
2.793929189157046133e-01,2.764798202765182400e-01
4.359141425388271540e-01,4.204509457899975877e-01
6.260309492805399726e-06,2.231477216201640853e-05
4.289924381449759794e-02,4.382242057900189586e-02
4.319401781387160466e-01,3.994155834761238810e-01
6.387962307329922984e-01,6.266125641435491556e-01
2.829897550754214564e-01,2.939562341254247646e-01
7.790154526864430384e-02,7.640661181114380418e-02
3.376223840449719484e-06,3.889408769014544983e-04
1.251740238550565210e-02,1.384827606027806517e-02
3.223439515935720701e-02,3.040973086539895676e-02
7.395643310060048825e-02,7.591385210681461659e-02
4.765808899880609982e-03,2.615837000387726072e-03
8.578123000462896386e-02,9.095630151982177225e-02
1.846937392919793808e-02,1.648290657492071723e-02
2.328123224582968626e-03,3.048998841923159474e-03
5.768549473602196075e-03,4.873350070601925599e-03
1.766756130280767653e-02,1.751759981732634031e-02
2.388424076917824712e-01,2.480365225445105848e-01
6.293055770401669025e-02,6.679044089965793796e-02
4.147458272260193257e-01,4.031995918845743265e-01
1.084869275665874093e-02,1.054656517566963068e-02
5.061810020900574941e-02,4.597999336536483239e-02
2.642020724169893420e-01,2.746781095342851198e-01
2.182002204352201102e-01,2.205005460885151314e-01
3.106387098304323833e-03,2.989512924333493152e-03
8.163595664502635478e-04,4.021191291738050516e-04
4.246772938481906123e-02,4.568324522009153954e-02
1.097329260254902572e-01,1.139633155866716374e-01
1.031936584002758096e-02,1.116866077425665224e-02
2.145219425320099571e-01,2.035631038326299047e-01
1.164111639512332812e-02,8.729331182363617159e-03
7.490258520202758979e-04,2.241739330073300152e-04
2.013691280852634991e-01,1.896863379429214180e-01
1.578560544183469361e-01,1.519949557397445306e-01
2.320977698016997437e-01,2.435782675702173328e-01
2.855659498671164753e-01,3.066129396209938407e-01
3.623569050527249424e-01,3.645974022493443378e-01
7.034852825024370815e-02,6.687182600342832239e-02
2.360951424051304648e-01,2.354488216914161214e-01
7.645324588868769589e-02,6.958051497170950062e-02
1.705388275930127262e-01,1.667144298529297242e-01
2.314197000087901968e-01,2.415148256934543658e-01
2.876737037632748906e-01,2.917613616890700756e-01
5.670480050513977410e-01,5.537896267711649445e-01
9.046960387994454345e-02,9.454849351518761214e-02
5.602327384426847995e-02,5.484336198187390876e-02
2.417391027650650157e-02,2.433468984009321684e-02
5.338413818767429736e-02,5.382045054942546231e-02
3.929187850208527605e-04,3.961512136391483327e-04
4.046333471394929215e-02,4.770701740821390452e-02
2.125762497105446441e-03,1.807577554805031225e-03
1.640186347270496808e-02,1.270762360691582611e-02
1.768446407245295726e-01,1.863813536823850092e-01
6.963281559112455277e-02,7.550314871977781284e-02
7.950076414302740049e-03,6.578436350421977032e-03
5.723278682145076512e-01,5.553370749804836803e-01
7.707009987118963734e-03,9.365302883632947023e-03
2.579350633091630207e-02,3.325634126376342259e-02
3.828752947041701160e-02,3.557430005180872712e-02
1.688641686627824837e-02,1.527631061565733715e-02
9.803222446140173740e-02,1.020757186625670387e-01
5.096869186990744122e-02,5.315121814806384598e-02
1.512710432840787822e-01,1.574995111094401046e-01
2.297901748208659375e-02,2.158935270841951665e-02
3.049311480593346405e-02,3.651131413044388097e-02
3.936159136366864514e-02,3.808283457790993809e-02
3.390845972664667252e-01,3.279550734239984333e-01
1.828440577900084518e-01,1.808907934988038813e-01
5.339239436748089915e-03,6.690604977108288547e-03
1.995852001473102100e-01,2.051602982483670123e-01
1.875572426137575854e-01,1.898514338943370905e-01
2.598472497767597145e-01,2.640473091576334697e-01
2.031499727111061859e-01,1.954717680035749916e-01
5.307892796603899677e-02,5.374898744090907121e-02
1.190797077669348836e-01,1.106025055890361430e-01
5.055734296458719995e-02,5.839142336428651547e-02
1.063784919616380942e-01,1.113113808978708208e-01
2.213733905946036135e-04,7.165739053957411459e-06
2.178712285699387352e-01,2.278863924874731661e-01
1.595853442073530137e-01,1.509546074176420782e-01
7.826457892283117390e-02,8.398048797634555251e-02
3.238066352722198671e-01,3.357561898251529842e-01
2.951369511842359961e-01,3.083590943463167533e-01
1.057006854340004076e-01,1.037707055155059482e-01
8.836209832353197902e-02,9.519829043871377849e-02
6.633183994120611660e-02,6.230205567162939301e-02
5.099712048738489628e-02,4.650481750066542269e-02
6.583742323556912579e-02,6.644498130212024567e-02
3.768346521755050514e-04,2.247178899781327312e-04
6.595574549518874730e-03,9.098876969258096192e-03
1.191619049547827797e-01,1.162573019797646656e-01
1.395355344903947692e-01,1.321389928748637477e-01
5.504511623550076282e-02,7.378011973695287884e-02
2.613518013222327907e-01,2.866542429526503510e-01
9.547489911245110594e-02,9.483678070377159208e-02
3.696161111275528960e-02,3.115519129337605830e-02
1.443647443849390213e-02,1.236182252691527504e-02
4.730480954133752802e-01,4.628727377143440069e-01
7.842993954346637667e-03,7.704791947331000868e-03
8.386227304762366996e-02,9.442327213628451399e-02
7.654037548116848777e-02,8.450115791133053222e-02
5.465118487265664404e-01,5.551243861372728849e-01
7.436655329203126219e-02,7.306021477810081821e-02
9.337798777044588328e-02,9.785669726945994684e-02
9.905496963311079955e-03,1.151263049346393751e-02
3.876131950275681776e-02,3.746704765286396760e-02
2.747313585908331066e-02,3.271781184932232023e-02
7.726973875757288390e-02,8.152926957954687026e-02
4.428360701428570023e-02,4.692666932934225210e-02
1.512524312389584569e-01,1.453177050741908949e-01
5.173455289931179306e-03,4.963298013528131408e-03
3.127494726728300453e-04,9.390537094717865728e-05
7.710104257334311588e-03,8.161253748432245256e-03
3.044731223808943774e-02,2.728013439843937626e-02
1.344422181876626238e-02,1.553248771358168093e-02
2.596200075373092386e-01,2.725583964426942507e-01
2.854675942754424933e-01,2.767713418119465696e-01
5.126834161852254941e-04,4.244960208486110416e-04
6.393624893336655179e-02,5.926690856015433273e-02
1.057369851164941255e-01,1.113339955877635373e-01
4.406301135114869261e-02,4.362693730044685247e-02
2.739558960091278842e-04,6.350944311955230822e-04
1.587331896066235520e-03,5.869648743904287008e-04
3.650084139663348215e-01,3.449861908175617664e-01
2.181241077255115790e-01,2.188247957303412206e-01
1.663148409095888472e-02,2.197397901537760656e-02
1.063378586156128389e-02,1.349918381673060122e-02
7.381119584641933351e-02,6.546622757337625109e-02
5.053938876514243311e-02,5.212096006321757097e-02
6.359174928503626026e-05,1.046446388350861353e-05
2.069499504182103350e-02,2.334013421705463318e-02
2.315267021451564503e-02,1.596274163539772653e-02
5.987842297926465997e-04,4.616291981186965458e-04
3.741171050494212502e-01,3.893267438951227288e-01
2.051854947991116340e-01,2.141921532580363108e-01
1.345548119980897184e-01,1.297401774315017076e-01
2.581920834449775715e-01,2.412771691823335229e-01
1.257724650485454732e-01,1.274347522340798511e-01
5.441488779934547035e-03,3.456772721480016672e-03
3.872361561448601358e-02,3.658455948722576234e-02
4.760256712342661456e-02,4.306057846038419817e-02
9.808561052112861611e-02,1.054689647677787556e-01
1.219038180939429755e-01,1.308849838497519735e-01
6.713635361667108503e-02,6.203589015638533155e-02
8.433369608061334899e-02,8.881979007502983914e-02
2.984083806704797281e-02,2.346215442333803372e-02
1.259192263002122669e-01,1.259558090344454762e-01
6.765448285384067367e-03,6.672845159905134438e-03
1.003978687456316132e+00,1.017461537245548886e+00
1.537367989646657440e-01,1.517785220105175858e-01
1.596169578307851366e-05,5.852289409385144159e-04
7.347617519202906400e-02,8.307378107648813459e-02
2.722201075833607375e-01,2.692578435072481291e-01
4.176388445014888283e-03,5.170970156906719815e-03
1.521138173402609116e-03,1.189690033990497458e-03
9.305638796797695012e-01,9.240262310445533922e-01
3.063398120864954319e-02,2.334732373818238643e-02
3.941465326731028590e-02,4.025410577326330591e-02
4.303532125435614031e-01,4.380500482217548064e-01
1.019561193762612422e-01,9.219569417752941642e-02
3.262733849324487428e-02,3.492410331899634124e-02
7.544257734969192497e-02,8.440775792081203766e-02
1.069566195167336031e-01,1.076645829552849293e-01
1.910677316497742025e-03,3.186663485963895162e-03
5.144522148074611063e-03,4.624555399511441102e-03
8.691384019863339079e-05,3.816723235599599130e-04
4.071748639935870440e-01,3.960614364557216160e-01
2.324410030610585471e-04,2.143767947545254372e-04
6.981847895023307604e-01,7.261901490494675482e-01
3.066641732718787539e-02,3.548003123872536108e-02
1.547829929803310541e-04,7.061050337181592898e-04
3.533602342121666684e-01,3.478545318011750931e-01
1.624675405059289035e-01,1.604274053630371233e-01
8.424187212232747690e-02,7.927657505006233118e-02
3.903011986599509986e-01,3.826316564743805770e-01
1.007723440590339303e-01,9.085752060527849117e-02
2.729193168754654591e-02,3.055109068519251680e-02
7.224380406383983620e-03,5.459988724940847624e-03
4.381372079010233123e-02,4.291743808682599304e-02
1.474559799829499585e-01,1.549626719684771836e-01
2.580288311437216597e-01,2.835475686485490199e-01
7.150728555400821806e-02,6.992249726060185966e-02
3.621700521376231691e-02,3.679608682912989537e-02
7.823848828132855260e-02,9.013934768604545122e-02
5.621312661440955316e-02,6.017286328098665760e-02
4.246495023785253065e-02,3.892325012038632542e-02
2.171925930719424969e-01,2.241071741822383556e-01
8.987735882036396173e-02,9.662494372987509572e-02
5.117529544827392057e-02,5.167541293391580276e-02
1.611431417579012038e-01,1.706345111933939840e-01
4.817565388443332403e-03,2.698972102758618458e-03
1.971972403408330128e-04,1.186831238448934623e-04
3.453895185398511702e-01,3.399045986527906571e-01
5.956715585728831336e-02,7.207006883769104255e-02
1.704621950965081248e-02,1.682466740664170790e-02
1.023322795154602873e-03,6.168994300123683411e-04
1.545597424352808565e-02,1.830615858058044082e-02
4.003312777635155417e-02,4.183736976488960924e-02
1.614459156951615930e-04,1.135327568908051305e-03
1.704208626456577558e-01,1.711994660512723698e-01
2.337307503963146835e-02,2.400710255702706922e-02
1.944491055594713136e-01,2.065274117571723744e-01
8.598233134715384252e-02,9.686857333055902408e-02
2.853196296476923424e-02,2.747443627923527865e-02
4.188201651968895267e-01,4.061748766556573242e-01
3.043585025638663732e-01,2.894964758066492228e-01
5.178370449755927835e-02,5.772329513558053377e-02
5.738070828228205578e-01,5.604430706236307458e-01
7.892837636588020955e-02,7.659051720044485201e-02
2.237893109770661970e-01,2.292363017462958896e-01
1.990704313638360645e-01,1.974808574923034854e-01
1.174695071469455086e-02,1.433971973215140451e-02
2.691142340279721167e-03,1.345795417219497123e-03
3.028822868318007885e-02,3.770371073528015760e-02
1.024667684226402559e-02,1.081615022363091941e-02
1.061638839283808415e-02,8.440184241641763771e-03
1.004855723668213047e-01,9.882694727733401518e-02
1.221757013580728746e-01,1.297708509109300190e-01
2.411601349455269243e-06,1.954623129615998386e-04
1.503946051565104708e-04,2.105690393114789270e-05
2.432253362035735958e-02,2.053019433877159919e-02
1.718499406804302118e-02,1.516673864047354998e-02
1.990852021639748226e-01,2.081149703148598984e-01
4.543432634410261330e-03,6.339769073162930015e-03
1.965769270503381003e-02,1.617287475622978393e-02
5.784483112110403447e-01,5.363337634023117584e-01
1.396350625753987537e-02,1.496792051926442053e-02
1.946064716273202813e-03,3.131868765211128294e-03
1.146873229160290386e-02,1.644762058855940914e-02
1.212990906376252426e-01,1.217506962471354287e-01
1.244078816037758224e-02,1.072620619944934621e-02
2.485047875014402899e-02,2.571494849438689737e-02
8.491860720194061019e-03,7.797591859320129361e-03
9.871868374437975380e-02,9.202582646593827909e-02
3.640030771437801922e-03,4.630584623249115600e-03
2.118415539378446302e-02,2.539912419313391373e-02
1.484712314146900414e-01,1.369200808243685730e-01
5.220202786881529729e-03,6.592090499013999495e-03
1.121541251242871157e-01,1.055544481492861064e-01
3.421034890256912098e-01,3.624708498736925466e-01
3.748345622900295729e-03,4.253477279570622160e-03
8.982004533389839063e-01,8.705909990958679012e-01
8.061945720480169497e-03,9.346600588481319277e-03
5.630734389205640511e-01,5.667884251221408931e-01
1.231866658528814051e-01,1.338720668440097350e-01
5.944109485783955968e-03,5.380434839759495359e-03
3.054720925999772629e-01,2.853475016086939875e-01
5.445574941925922507e-01,5.476365491630753590e-01
4.047148236732202031e-01,3.866151777855261207e-01
2.420331156526011121e-02,2.367423752651326083e-02
1.553184295435446061e-02,1.463779646855962839e-02
1.969067314461781654e-02,1.778520759909933344e-02
2.536722506364793017e-01,2.450008354593946336e-01
1.087891896748514756e-03,7.479234192724837577e-04
3.240065658155386833e-04,5.918593771141768267e-04
1.954810247066620099e-01,1.922962055197783571e-01
6.885924490987909482e-04,1.643485338741326090e-03
8.980402146071199410e-02,9.588384462208666970e-02
5.885092010179177741e-02,6.213837228058043810e-02
7.106338738749566619e-02,6.849275048569782032e-02
1.349002938309914383e-04,7.584131178588466150e-05
2.116280192099788404e-01,1.948748984296400921e-01
9.745059950730501630e-02,9.188282961694538287e-02
2.683873517216812110e-01,2.723457058357250382e-01
4.073570475130746521e-02,3.952406183398955719e-02
6.085530155455417395e-02,4.715791162881861204e-02
2.071682284612425332e-02,2.181503954252689975e-02
1.193592639280525863e-01,1.121925269069728864e-01
9.015240773644254968e-02,9.142035794528181880e-02
8.858540286076004022e-02,7.973442230351054927e-02
1.455603857230891411e-02,1.604844626667836782e-02
1.325996460196031401e-01,1.426174129924225875e-01
8.303205434238107585e-02,9.270972219455599073e-02
1.123024286739708194e-01,1.166070606505882762e-01
1.619468520256442667e-01,1.697857959776163661e-01
1.084969103614727565e-01,1.095539828796385923e-01
1.547397078462443842e-01,1.450910919793363951e-01
4.046108021113850595e-02,3.792952031794692702e-02
1.853749540099046411e-01,1.656064600860159275e-01
6.066355064729860198e-03,5.900862371278467813e-03
1.252588376454385477e-01,1.233818249235766745e-01
3.707704777311603248e-04,1.046953758110920574e-04
7.790518591873714285e-04,1.181710930492954999e-04
1.414159238025303189e-01,1.499524370721896926e-01
2.627575529256212516e-02,2.486925834633159360e-02
7.223716461450914450e-02,7.591277697901377408e-02
1.164266339745121115e-01,1.277194914160477979e-01
3.823650952786095819e-02,4.454515872047473679e-02
1.947539940376230225e-02,2.483091387759540566e-02
1.542018540548741273e-04,9.229756570453486624e-05
9.935338997404266626e-02,1.169725475344290666e-01
1.118534989777811295e-02,9.824354371172164604e-03
3.811932653047201552e-02,3.590129523966315711e-02
1.905623195706069861e-01,2.003807238639458976e-01
1.835844210792039093e-03,2.168356896439021294e-03
2.218350036471069663e-03,1.393437413147947035e-03
3.175846716417488058e-01,3.233761425356002639e-01
4.879752392274927519e-02,4.620505901807474974e-02
1.336300187719233375e-02,1.523449792465801818e-02
6.090001074937453907e-02,6.061399406054725908e-02
9.721192116280326367e-02,9.671281094734533734e-02
2.425778413765862784e-01,2.461623590695574404e-01
1.815610625544351528e-02,2.392839918737343571e-02
1.195124863172596606e-02,1.168303979105253521e-02
2.361439531254820035e-01,2.289010708495807789e-01
1.972995385830916132e-02,1.812444286859000303e-02
2.098445992143337449e-02,2.273026042084252615e-02
9.598414127112170346e-01,9.598127695812572746e-01
1.291084058870402562e-01,1.357166875111105175e-01
7.100105028768934068e-02,7.398055377878319516e-02
7.210438670489439927e-02,6.153580538574339454e-02
4.212560183325953639e-02,3.854854866526465779e-02
3.980149778056523702e-01,3.888565450629349884e-01
5.165472915576375945e-02,5.207583217228182321e-02
1.387630476939751001e-01,1.374830896807446301e-01
6.011667309365660294e-01,6.185684652718210774e-01
5.246741253653204595e-02,5.466192050725768997e-02
1.735094725690234652e-01,1.800460955813848740e-01
3.480825497280914255e-02,2.992929971399372127e-02
6.209274042809115497e-04,1.282770081035449752e-03
3.879175622398589596e-01,3.656295301483361015e-01
1.827587866359688888e-04,1.351009542809450837e-03
4.246313008019354795e-02,3.888246737059887492e-02
1.481880024427960907e-01,1.367643871331731265e-01
9.504297882860808511e-02,8.988021238659658907e-02
6.656160902509634936e-02,6.152429423785309853e-02
1.646447759756698367e-02,1.656199262716475176e-02
3.162032517444959443e-05,5.157759123729703337e-05
1.476567079337980926e-01,1.411864170524649298e-01
5.136039054759739507e-03,6.300529400556305164e-03
2.354695915467379663e-01,2.267858234041452148e-01
2.751194314282525994e-03,1.485062258149278313e-03
1.156749631266821704e-01,1.169403803001747150e-01
9.955389185480519043e-02,9.236975133039322661e-02
9.558011944478059241e-02,9.232081015894173792e-02
5.120681887157673556e-02,6.450728426312359043e-02
7.641831399878041241e-03,8.597201776716419108e-03
1.479546634907994112e-04,6.428391259060561050e-06
3.067625943504073346e-02,2.899235003314244025e-02
1.806217565144910275e-01,1.792757042235235410e-01
1.277239120637748970e-01,1.263702721107467231e-01
1.400269009654125374e-01,1.561918257719998038e-01
8.045310509470234017e-02,8.790752671490409398e-02
5.978151393248171824e-02,6.125238728203935556e-02
1.619105324991041706e-01,1.634466171100205090e-01
1.035366520732472762e-01,1.075057663857023199e-01
9.281474302837376678e-02,7.466816931371508814e-02
7.156499104693843198e-03,1.038529095961477494e-02
3.939375434251344843e-01,3.956090210372392169e-01
3.843930333092310248e-02,3.198262308011100979e-02
7.548906151766459072e-01,7.480484412415518980e-01
2.670922051024562233e-03,3.455117885828626334e-03
1.501289597301510848e-01,1.535979244839999758e-01
2.736140751623938189e-02,2.529745865913337124e-02
7.141129943211700637e-02,7.598170277370898396e-02
4.455211022559000256e-01,4.404295559914235825e-01
5.358468009188357417e-01,5.258132876603172079e-01
1.446288596791413250e-01,1.322071711371288760e-01
1.685046319101552725e-01,1.790661069757709944e-01
2.253361671075392036e-01,2.163165501515414979e-01
2.945871404106762130e-04,8.943723509626015861e-05
3.065752486586170375e-04,4.606269895249214788e-04
1.411861266140576089e-02,1.530771268035005170e-02
8.431694647822269781e-03,9.093282308494227834e-03
1.403096774452880675e-03,2.300404234105164324e-04
1.709380884100130393e-01,1.753935323315058692e-01
7.461266180718609253e-02,6.930567115407261503e-02
8.606734405501803575e-03,9.919823959744005978e-03
7.469382991897856316e-02,6.673559702508860547e-02
8.066476805275556161e-02,8.747680494288515018e-02
2.089643437542405835e-01,2.065576169846910226e-01
2.343987153984423630e-02,2.612299036868172969e-02
2.094734388289813398e-01,1.967269695621353953e-01
9.572749605140881690e-02,9.916860636903199189e-02
2.387212054026074601e-02,2.271104848708220200e-02
2.419405604224247885e-02,2.898933339331101824e-02
2.221929663335680538e-01,2.058545555267085325e-01
1.866462551744090814e-01,1.823301556532363754e-01
1.382893129322013692e-01,1.346362029729168408e-01
3.225600774854251501e-06,2.932726320886964002e-04
2.611006613109880317e-02,2.400627248303763631e-02
3.036681633781265766e-02,2.948922327776921926e-02
1.352510746714264134e-01,1.255026926040415658e-01
4.839605344628418980e-03,5.425807342564900430e-03
1.013138563557538785e-01,1.154848475311520684e-01
3.719637601571022800e-02,4.479444657757268577e-02
2.049125959522055396e-01,2.152531132802970593e-01
2.644872196652474621e-04,5.324429642700528528e-04
1.666497958327516765e-02,1.313242969876873660e-02
6.853927814333882207e-02,7.794367383298407559e-02
8.712739577589195816e-02,8.095366063978710891e-02
1.682185209132227438e-02,2.361218000458773295e-02
1.541469940819242650e-02,1.675653546056228918e-02
6.584206024042196792e-02,6.323846975722058339e-02
9.786846707530426348e-02,1.045351409778780549e-01
1.124131438303628133e-01,9.727030942616413101e-02
6.494799753430514910e-02,6.080469041833314742e-02
3.861487796722354315e-02,4.234715016818681177e-02
1.183475234453501042e-04,9.648589407227714607e-05
9.263739095107793170e-03,5.336134967405545618e-03
8.293226333781165971e-02,8.712927213355209366e-02
8.956994894086878559e-03,1.102588960196647719e-02
1.395719999286875422e-02,1.366092093407403341e-02
4.277150416288706680e-02,3.242474943199698256e-02
2.312156131881907065e-02,2.017044542357969081e-02
5.034638156344212190e-02,4.715842392906564179e-02
6.625977778724984057e-02,6.806889565873444625e-02
4.477676589729303789e-04,3.032226768109881859e-04
1.240822934224854179e-01,1.302239512576773561e-01
3.041087782921320648e-01,2.999493941598884716e-01
4.518631242931102632e-01,4.676593757623434544e-01
8.177722055259252151e-03,8.041519524880393066e-03
1.012653825933048838e-04,3.000461519147124652e-04
2.572847907183227756e-01,2.478063312231161275e-01
5.134531709925368448e-01,5.185576113055314629e-01
2.873169224383073650e-01,3.127056207408815958e-01
1.991084212830377120e-01,1.934367129507351957e-01
2.210410401065445590e-02,2.264138848723468156e-02
5.601071517718825277e-02,5.313455581854641119e-02
5.356450580084739510e-01,5.369145005033485463e-01
7.340142491972183499e-03,7.864519304124763938e-03
1.579430472297928822e-01,1.448537366002033422e-01
3.422643630080838412e-02,3.790996883510310694e-02
1.155742894231366093e-02,1.090187363712883523e-02
1.670908287640599302e-02,1.689806752685643620e-02
1.153093226869731508e-01,1.170193871816737202e-01
1.511719649671773302e-01,1.479105758026868778e-01
1.592501676327005844e-01,1.473443538448639401e-01
1.474679685726953404e-01,1.409119945978117294e-01
2.084801447720143752e-01,2.152661597568551743e-01
1.302746878791618823e-01,1.373635990057525957e-01
2.901261560071048684e-02,2.577400476400572293e-02
1.838052923800116700e-01,1.789135698710808964e-01
1.996231615023943973e-02,1.996849348638173038e-02
1.615135871503056431e-01,1.705145282646908789e-01
6.909016368589426804e-02,6.484346886106633068e-02
1.223633926954932095e-02,1.209164293066533266e-02
2.083267484041414694e-02,2.140535599024158409e-02
1.235257518334037692e-02,1.608058844789174435e-02
7.469641655865466925e-03,7.338225289989274217e-03
5.093976523638449327e-02,5.121574458129302815e-02
3.288923358928241142e-02,3.574527810744441286e-02
2.709126885926211258e-04,5.348669699816569509e-05
8.892225757284469637e-04,5.219900009231981039e-04
1.399110921968068355e-01,1.455983380486304823e-01
1.626833691556942019e-02,2.270065516345416007e-02
1.101639306508170497e-02,1.145523544619406718e-02
9.537619048758858020e-02,9.378734126878579547e-02
8.049138535778911641e-02,9.045447902278436203e-02
1.274286662724905539e-01,1.329040108221398175e-01
1.250068607215460868e-03,1.058079558555521460e-03
9.304664753093136453e-02,9.462182222306572688e-02
1.547440896996818416e-01,1.527532855365995312e-01
6.387408635946741249e-03,5.693767067635580915e-03
1.425653576401666230e-03,2.177978092132563416e-03
7.431034809311339029e-02,7.032806174645725439e-02
3.096380446726319704e-03,3.987202752840453626e-03
7.805923643038727502e-04,1.374949904850254496e-03
4.612565887359160177e-02,4.458011892834146811e-02
4.026394664560527942e-02,3.881160318833874051e-02
6.860830109624160844e-02,7.230411540753492461e-02
2.613315836129541728e-02,2.938116825079535241e-02
3.477451755465116572e-03,2.846467845788954159e-03
3.089478552475641293e-01,3.216913964406439841e-01
8.823405887388026760e-05,3.822647707380277598e-04
2.877663609636079145e-01,2.745196355318057502e-01
9.355470571589366569e-02,1.084663602755312067e-01
3.313020004992379974e-02,4.275786002448313250e-02
8.104698389231476674e-02,8.170790192073996983e-02
5.112983083151972225e-02,5.684556011167996720e-02
2.849204521690650860e-01,2.949343024463982332e-01
2.506848288675902949e-03,1.510378202998612215e-03
3.199315774038769544e-01,3.316467266024952787e-01
4.574515193543185303e-03,2.190267383228447322e-03
3.711987576319324827e-02,4.186925869615209378e-02
1.337936478230441484e-01,1.237189804081732097e-01
3.155727944558050363e-02,3.170315000955254564e-02
1.753097507943189026e-01,1.892496531570601326e-01
5.933431862199989304e-02,6.743607958716660300e-02
3.483706449707386281e-04,5.196576455439841282e-04
1.096529907503179663e-01,1.093137555134677252e-01
2.406151751139285200e-01,2.439711871330054183e-01
1.493588139930419802e-03,2.448776446303673002e-03
2.403813661884021680e-01,2.446990153296013937e-01
2.016464714985915369e-02,2.186345839418361858e-02
1.680912195434361711e-01,1.678312485523638653e-01
3.647709631722205470e-02,3.627410268867716642e-02
3.678336005622599436e-01,3.525168567056577440e-01
7.021753412809974941e-03,4.853136775515189474e-03
1.189176026928970009e-01,1.081817631828495135e-01
8.849449983068578482e-03,1.013743015158370328e-02
1.039736449252534889e-01,1.070429454865373248e-01
2.424439425043865576e-03,2.880384996475736717e-03
1.352303910320498959e-01,1.410332036068843720e-01
1.690215303964071325e-01,1.641282348944755332e-01
3.761154233831428412e-02,4.501192091275790091e-02
1.641905503134573341e-01,1.637267162085791206e-01
2.723934392656989778e-01,2.689772953328704586e-01
3.274529804584468129e-02,3.557638699059072207e-02
2.460393130946302021e-02,2.352535470221163091e-02
1.211593446716600951e-03,8.133092262127483100e-04
3.272457933034105156e-03,3.932457452730197395e-03
2.774054264018202889e-03,3.303123205743684065e-03
2.624159885636396291e-03,3.176027458634359327e-03
1.170235818350122248e+00,1.175648000208859401e+00
5.473823706600250416e-02,6.489608296937067478e-02
2.168026570761789340e-01,2.017566340907751832e-01
3.408817057336629118e-03,3.735145072972729900e-03
1.483172416087806533e-01,1.488715373280953824e-01
5.176029697221837811e-01,5.364257392272157032e-01
2.017952548995992912e-01,1.832438056592058384e-01
1.393620480508872828e-01,1.293759143813562051e-01
1.027155255814372892e-01,9.792124423679986200e-02
1.665213600926513937e-01,1.690910103779725282e-01
2.320626976155095167e-01,2.449148397802442256e-01
4.337378874449079880e-02,4.626892724056352879e-02
1.861201777299859861e-01,1.747801082532343953e-01
3.801302460714901799e-02,4.056131310721877714e-02
5.441131788977307190e-03,3.515773137667822269e-03
1.120386188481366490e-03,1.037608567939805621e-03
2.140911560039858441e-01,2.175789722849869046e-01
5.823813783302266706e-02,5.502536965240419076e-02
8.426787417722171603e-02,8.040328919135732166e-02
9.473097451863639329e-02,1.008095423811141700e-01
2.833695405023037850e-01,2.858525327113083381e-01
6.769464474700738477e-02,7.941483914327157612e-02
1.017306033686466750e-03,1.660832530684494936e-03
1.448865684033427345e-02,1.415180239254698255e-02
3.114521693575430031e-02,2.832842022188280726e-02
1.695817574792432003e-01,1.633493948604564094e-01
7.509472881159044710e-05,4.973217451475729081e-05
2.567832997884236246e-01,2.750448635400862818e-01
5.122388668552020630e-02,5.733370406485398946e-02
4.647662661865406553e-03,7.143407902651965381e-03
7.518747955749110166e-03,6.487709623756380238e-03
8.879551438917143366e-03,6.152899535812381311e-03
5.532175599614215337e-03,4.522876122232874323e-03
5.782768077189472111e-02,5.986899875351565231e-02
1.840988677361698675e-02,1.276504108264231614e-02
1.624839265349691322e-03,1.495727704291671938e-03
1.147388913195693944e-02,1.368158120518898728e-02
5.244106429999095473e-03,3.234285291522948080e-03
8.354405551129397145e-02,7.478245402993329016e-02
1.572643261447126961e-01,1.604871415607173613e-01
1.987551852505696492e-01,1.979674496854881560e-01
1.807146902482075213e-01,1.738695156027166566e-01
1.163184124730955345e-02,9.281568770703898727e-03
3.653228876234625340e-03,3.120365734190108827e-03
6.871589080608132838e-02,6.624688350385618540e-02
2.510772309667105850e-02,2.652838408392232949e-02
5.948431347208584657e-02,7.148341477132875987e-02
2.035132895971072768e-03,1.296805374432624062e-03
5.574827038344752628e-02,6.494632123183660677e-02
9.654360023492869480e-02,1.023698205944658102e-01
4.752629995615975655e-02,4.920815651974762284e-02
5.720065094341660224e-03,3.730731700985091305e-03
5.837625066915290949e-03,7.918683049548628367e-03
2.905909891725805619e-02,2.584000241179497739e-02
6.510573987884270275e-02,6.080417661967160714e-02
1.708711834899821411e-02,1.959189600291922490e-02
2.125601273880441122e-02,1.893581572988459194e-02
3.962089850725383083e-02,3.457339962040955478e-02
1.111624072011517805e-01,1.073082238691745183e-01
1.647243008676425955e-03,2.933521044341149808e-03
2.045425329588239083e-01,2.173393434085051368e-01
3.247485698608095217e-01,3.339062309293833186e-01
1.603660857971397403e-04,4.597441089104570364e-04
5.350898115368067295e-03,8.477693053163726580e-03
1.035375418635946752e-02,9.766300281268314523e-03
6.235876456609301677e-02,5.724680666254987338e-02
3.046843886583391892e-02,3.529564313475519466e-02
8.806381861838503966e-02,1.024237767275041899e-01
4.884998221424656506e-02,4.234284862057980520e-02
6.437915975744638516e-03,4.927873566873773765e-03
9.244654940242350710e-03,8.514007718734463090e-03
5.472509995361816981e-02,5.739789990737501763e-02
1.019990870669718747e-01,1.052661686228314603e-01
1.782719291510738782e-02,1.821449476275326801e-02
1.687328127171261460e-01,1.697348425558007357e-01
1.662135728052767103e-01,1.649540046203159527e-01
2.923568993313913622e-01,2.922083970245374362e-01
3.513839691022480755e-02,3.654651970121441940e-02
3.219187697684506438e-02,3.727461114284984917e-02
2.386795077267123491e-02,3.216195222459290043e-02
4.641668858665557763e-03,4.739692420949855045e-03
2.288336627582102361e-03,1.762465575361285477e-03
1.491910301447787468e-01,1.419354694943338047e-01
4.335778140594769292e-01,4.347294315575851997e-01
1.048942140789702743e-01,1.012498080318001703e-01
1.539319575749157343e-01,1.540221332122236331e-01
3.512143475667840742e-02,3.162018232548798741e-02
1.149913833064908873e-02,1.188863354642583775e-02
6.781484283579049255e-02,6.561865829992744037e-02
9.829204338282826470e-03,5.360659031246609724e-03
1.307021389164497727e-01,1.435317638934346385e-01
6.217010988818874248e-03,5.731195562674792736e-03
2.630416624731375316e-02,2.722611775163132769e-02
1.312275979906665085e-02,1.389493872375207641e-02
1.961061015842197053e-01,1.918360388464264987e-01
4.056504102690507152e-02,3.571867635536746244e-02
1.509721608362828427e-01,1.431186619519576320e-01
3.965647438013525927e-01,3.755309843467484199e-01
3.186122272085301771e-02,3.428468491090687353e-02
2.060101794978337619e-02,1.606471959818406292e-02
8.304501474301761998e-02,8.122165891996997733e-02
6.129053038413855292e-01,6.206946905873579334e-01
1.985858954934757964e-04,7.113354152079786816e-04
7.190192693755533253e-05,2.287248248944964604e-05
2.926274295868171449e-01,3.006355593086101896e-01
1.220599712159612799e-01,1.243011156157884517e-01
7.619672843380512206e-02,5.960955701820453562e-02
2.945272356035443795e-01,2.899502468774651787e-01
3.221776356734278035e-02,2.924757764287877829e-02
3.697884043441012486e-02,4.030989989960145903e-02
2.180713788069331971e-01,2.184826530739620853e-01
1.006320196197245734e-03,1.841305889171117489e-03
3.501392423840246626e-02,2.725392792979656337e-02
1.043405290807846025e-01,9.972190784311056599e-02
4.754494280051257266e-02,5.029652297242156317e-02
1.713256381941984652e-01,1.796620850380969414e-01
5.541437802640084703e-02,5.370196520735025236e-02
3.503225714906061522e-02,3.352441842050626203e-02
6.165024323406476103e-02,6.665535788466735168e-02
6.217490133458214094e-03,7.224471801857148059e-03
5.274316793720251056e-02,5.406664337934699582e-02
3.794008389811470150e-01,3.653157616248520201e-01
1.722457480054373477e-07,8.161836214730463014e-07
5.101263938437906181e-02,4.977510416077169514e-02
4.272894669226023207e-02,4.306588614237265300e-02
5.130331072891047492e-03,8.153794650063096033e-03
2.378531616361202056e-02,2.834466027260247253e-02
5.108706542119814675e-02,5.430479823226010139e-02
8.602557602222211215e-05,1.766965489043315508e-04
3.590700648401193035e-03,2.734039452988051757e-03
1.181858761035964756e-03,1.307332147726474741e-03
2.589433306471418741e-02,2.967953815153863417e-02
6.450501483815557087e-06,5.857137924442701912e-06
7.967709212809738484e-02,7.911693336450316416e-02
2.289340351522798633e-01,2.222502202148060879e-01
1.141620446359986329e-01,1.114802987348134933e-01
3.233747049892319453e-02,2.837773285192013439e-02
2.734976915119524676e-02,3.304292630856747737e-02
7.768164420776053035e-03,8.126645848925912255e-03
2.416092211293101311e-02,2.624914766875507260e-02
1.647719310324012587e-02,1.879429623646880487e-02
2.094590187365568401e-01,2.132065220296235908e-01
1.886155444852903595e-02,1.765289695749696144e-02
4.666341345298721799e-02,4.123235612655538201e-02
2.246469008323780797e-02,2.411056023146183544e-02
1.403494830109284879e-02,8.096909784634545929e-03
7.955733385104550234e-03,6.917576178579356964e-03
6.675680246180121236e-01,6.420552656691682625e-01
4.410154775171463287e-02,5.202373943753153124e-02
1.394237410801234256e-02,1.165881776494925512e-02
8.547130552635882061e-01,8.636281687645392946e-01
4.131243460057026223e-02,4.872857348597700589e-02
1.846143553332942402e-02,2.001497486271878665e-02
1.277788306292758705e-03,1.597069676103218989e-03
5.944196950974257598e-01,6.075373863891148085e-01
6.554161554276510815e-01,6.492063729129923244e-01
6.451092809466426603e-01,6.683509226236510337e-01
2.339543997313825729e-01,2.289623489483728902e-01
7.034460107743900625e-02,6.456654361207768422e-02
1.478679293992974687e-02,1.445050742483282823e-02
7.374730890623630575e-02,7.309115386602715869e-02
1.946089906596387004e-02,2.244295861513463664e-02
1.548625877167744691e-01,1.663340360464104772e-01
2.486786882227569676e-02,2.046063621936955110e-02
1.204705891135596785e-01,1.217365514964689616e-01
9.634680162691244875e-04,9.217032870951770126e-04
1.453989723723276119e-03,1.788437878186321115e-03
3.027683997005695682e-01,3.019473441957818971e-01
5.166209444801483919e-01,5.149586700986723553e-01
2.967766947689209900e-01,3.259459219551023579e-01
2.712475364602072100e-02,1.944006302329778085e-02
8.481726812068542815e-03,7.769725375246841308e-03
6.788665417345947882e-03,6.105250811170896512e-03
1.050447340848088829e-02,1.371051457890598048e-02
1.352213305114172148e-01,1.407365669670546382e-01
3.868192345904322010e-02,3.823645113089076814e-02
6.619524876793994941e-03,7.277693206914377134e-03
7.709975576825663091e-02,8.105004539877723457e-02
1.644164606356715297e-01,1.650779261668023912e-01
3.495834861084919695e-03,2.315631067826521595e-03
3.780531147837699283e-03,5.382999119976985235e-03
2.338681724493876790e-02,2.327695165963774085e-02
1.757903296316513583e-02,1.994073735233736766e-02
2.981520007996835142e-02,2.826564264566597262e-02
2.708342809417666006e-03,2.546090082862459067e-03
3.550762647065525829e-02,3.431791372484679220e-02
1.474680089149915316e-02,1.759076486704587786e-02
3.216647065304525238e-02,3.535400632321594044e-02
8.423863501598430337e-02,7.647559765669664777e-02
2.075534707505225299e-02,1.937041151179560647e-02
6.382296316959477911e-02,5.776177959161131470e-02
5.829223192098947903e-02,6.677671045398843319e-02
3.617329829640963390e-01,3.561383209803868355e-01
1.009754932438627212e-01,8.959114885140578854e-02
2.032989593773554000e-03,1.165794392759830246e-03
4.133836064580190262e-01,4.132878729676128238e-01
5.555293570915874682e-03,7.422388841682279678e-03
2.723345846916120361e-01,2.730990861901025912e-01
2.809816429668499441e-02,2.452853018339591976e-02
3.397423569721811920e-01,3.468840198770056227e-01
3.535123328944896753e-03,3.413054067254092053e-03
3.702049975887175548e-02,3.457880695321340070e-02
1.134250632742171000e-02,1.086426268220382248e-02
3.981665147335145677e-02,3.715835067872140518e-02
2.999644669016621711e-03,2.953791646818546522e-03
1.842739538290762147e-03,2.619592180345973412e-03
1.730653746200223192e-02,1.646441187898438352e-02
2.042041366166779393e-01,2.215116320857937748e-01
2.142379055451593128e-02,2.284154309042524950e-02
1.769914255823643867e-01,1.893325617758543633e-01
2.608650598200389359e-01,2.744554218230108589e-01
2.116579870086753579e-01,2.036500764616956949e-01
4.544768058297956768e-05,1.732931884916827478e-04
4.212089496315257753e-01,4.270193772325351356e-01
1.623399809868872889e-01,1.650631382966579186e-01
2.192735360556356383e-03,2.791203413610754500e-03
2.535545127930969866e-01,2.466443620684312943e-01
4.995166891379464874e-02,4.597677149122518514e-02
1.504238524171356423e-02,1.749416506632665153e-02
5.118785764783943815e-02,4.488354972115362468e-02
3.173717544189236794e-01,3.221347044263679349e-01
2.061063824440166614e-02,2.288190431241864456e-02
4.519238850364767218e-02,4.239232329581252290e-02
7.217994741925976964e-04,2.281913114660548414e-03
8.314007511232464342e-02,7.583160740197449068e-02
2.392429947996501348e-03,2.279906248802320706e-03
9.468635723884472055e-02,8.657553936153156160e-02
4.728587313463660001e-04,3.465471778615392996e-04
1.688720447960464222e-01,1.575992444781531276e-01
2.091670563647197393e-03,3.493159902588219355e-04
2.801718555581511616e-02,3.140563123776014820e-02
9.164387769814108520e-02,8.616378771123456293e-02
6.244750515087030968e-02,5.910183153870222222e-02
1.600688760397988132e-03,2.900440170637333479e-03
1.801356917215276004e-03,1.071912937039918700e-03
3.763968165764482177e-02,3.062983363287489352e-02
1.053730258971904456e-02,9.674787009431090254e-03
1.038974436266106027e-01,1.044302120995756478e-01
9.920855441291072385e-02,1.011833299649857465e-01
1.824247960169633450e-03,2.620993580380777573e-03
9.515903099952632838e-02,9.806297257941591627e-02
1.411527904705814906e-01,1.346372168178940620e-01
1.434872505444785562e-02,1.349936264607018779e-02
2.918055019599487200e-05,3.917887918043129361e-05
1.813846245677344926e-01,1.930819268328653193e-01
1.217442630594686437e-01,1.167504554830152974e-01
3.417618899255854764e-04,3.183201856500537897e-04
2.918158919042620481e-01,3.023867526068871880e-01
1.257824528797663877e-01,1.286974242242116262e-01
2.194856347694054133e-01,2.016255946005367783e-01
1.057133072762429793e-01,1.270864212085829614e-01
3.569742525431162661e-01,3.625895734211161403e-01
8.132566895724600842e-02,7.740744024213280783e-02
1.271326973620397769e-03,1.549992835538655011e-03
1.436728386656174750e-01,1.404673719269080023e-01
2.415009533410561807e-02,2.675830301822262544e-02
4.135412692041712801e-01,4.239279905513909652e-01
9.385464805911362951e-02,1.030967022869254263e-01
7.159162224023584570e-03,9.963288290449037049e-03
1.539466438401649803e-02,1.238686959454143172e-02
9.786961202827451634e-02,9.992390612794155302e-02
1.105341297244367971e-01,1.156681684488391482e-01
7.960016702391282950e-02,8.109913791653268478e-02
1.092397160021040953e-01,1.241728304273905514e-01
9.843297792838381910e-02,1.023418748226394975e-01
3.373663796357592726e-01,3.205957630734541652e-01
1.489460779269684843e-01,1.407519434586626816e-01
7.039804867086892071e-03,6.160535012915723148e-03
1.550832226766030164e-02,1.747129929406233961e-02
1.137513194090306601e-01,1.222336795723283215e-01
2.573371482613728486e-02,2.322566451955277930e-02
8.259055819604511905e-02,8.556392196640282000e-02
9.848104158814241157e-03,9.764563619405884631e-03
2.168297016816931461e-02,2.053289424081361850e-02
1.480660426145364028e-01,1.499969689277484974e-01
7.004297607829172989e-01,7.085874119999320264e-01
9.426860354896927918e-02,8.784718985061618080e-02
9.242811739819919992e-02,8.112231868057351303e-02
5.535721374380100229e-02,5.823546942892135481e-02
1.960679221825204205e-07,4.490235021542061836e-04
7.101713954260559236e-02,7.250471545479951485e-02
3.303690363427036480e-03,2.459322198984705346e-03
2.270188691837295158e-01,2.414840457744995283e-01
3.731358943426320990e-02,3.996908602836996005e-02
9.684174497185660518e-04,1.284596122189422037e-03
3.400272862873689877e-02,2.882363697095731772e-02
3.731170258846948640e-01,3.761221087043332689e-01
4.133463318908284554e-05,7.331821476864962329e-06
2.294425922780900240e-02,2.353864372859941489e-02
1.539105376366362021e-02,1.417070470908706782e-02
5.744332056016810545e-02,5.836856694669069479e-02
1.848409215350837465e-01,1.884337149004350065e-01
4.613262259196346249e-02,4.639186023111790264e-02
7.832266145258574841e-02,8.066187422518350525e-02
1.940491466232621004e-02,2.247791140521147174e-02
5.416756052626699874e-02,6.287124907552074649e-02
3.879906448363682619e-02,3.638931993562821016e-02
1.341455185250455540e-01,1.410722663886853356e-01
3.252987705304623278e-02,2.657477371280971695e-02
1.329544146018237505e-01,1.284769317838740932e-01
1.201768841787135278e-01,1.079698805657273858e-01
6.651860889625598231e-05,5.484665946235220825e-05
3.134659512686562843e-01,3.180473340243127889e-01
1.025319139727318141e-01,9.972124377444509247e-02
7.190730439928028073e-02,6.227967192458821327e-02
2.564819968496750424e-01,2.527104580636322373e-01
1.218433585062738966e-01,1.149064759440680261e-01
6.661102884761377352e-02,6.367425793304275217e-02
1.806982276452863689e-01,1.680976581520172985e-01
4.670286002273121295e-01,4.611862844116290661e-01
2.512914950344473028e-02,2.845198369282905121e-02
5.831734915878589165e-01,5.781837279411333741e-01
2.340230016391873225e-01,2.420490064546478581e-01
1.846990792516007424e-02,1.968173929775288156e-02
6.252946276085485922e-02,5.966855384311003235e-02
2.082717331016087636e-01,2.111422609756158919e-01
4.511619747619813325e-01,4.755861486537909522e-01
1.189476651042414151e-01,1.073790297318517328e-01
2.120252179304032980e-02,1.845628191443764166e-02
5.803519811434016545e-02,6.408551521040425913e-02
9.827473467654275485e-02,1.099084979175630195e-01
5.778834430858626507e-06,7.339253325607096640e-06
1.553119447700770754e-02,1.443546668631491385e-02
4.190415402555330154e-02,4.103803749608587320e-02
2.877665119439960697e-03,2.791674300337973307e-03
2.369911302383865756e-02,2.767030874504047139e-02
2.582801972780270419e-02,2.568073739189758245e-02
2.984723781639319999e-03,3.206504535795580858e-03
4.014484294542378651e-01,3.962012378483787955e-01
2.626383227194701783e-02,2.096358771245286634e-02
7.126090216490522933e-02,7.152608919605649151e-02
1.840137211335445000e-02,1.901394975473634508e-02
1.732110788638518695e-01,1.683278210413584330e-01
1.766034938835222834e-01,1.592615637556693831e-01
5.473281119522491189e-02,5.854652576430820210e-02
4.647658720817478967e-02,4.537082161359207166e-02
5.678679432461892357e-02,5.454276097047262850e-02
1.900510367943148982e-01,1.881152159161825210e-01
5.410365576948752281e-02,5.424536626900291342e-02
4.035048793885405438e-02,3.941108818223421767e-02
8.946491041268590794e-02,8.804037186142946170e-02
6.640536776285818447e-03,4.101276606053385482e-03
6.544720298339547215e-02,5.937077431617572565e-02
2.930734011844848830e-01,2.896182266032985564e-01
3.047453772428864935e-02,3.109681764815202046e-02
1.834561780269774733e-01,1.932342920081869808e-01
3.394839417972039981e-03,2.057954879027019436e-03
2.910094749626279675e-02,3.085695045431554109e-02
2.525172940357093762e-02,2.403122109234298587e-02
2.212158562347196072e-02,2.377418140692878420e-02
4.004133093716255032e-01,3.913303669750301528e-01
3.475468451144672621e-01,3.746197789547497936e-01
2.851530794828719406e-01,2.752364828913629324e-01
3.550449219381932985e-03,1.998977076697183632e-03
5.520103010469153918e-04,2.755720765918865571e-04
2.955766717977726388e-01,3.096423385775444737e-01
3.244138924382650169e-01,3.184052328096325102e-01
6.508607724021249485e-02,6.612992212260905556e-02
1.247869504778744386e-02,1.616402449356971541e-02
1.051086932202947299e-01,1.108155598281044957e-01
4.797719411938242140e-02,5.014092541269383335e-02
1.750179858562116997e-01,1.751413736960541478e-01
8.102135966481427767e-03,7.383235383206569920e-03
6.666397544159034794e-02,5.541063630562681475e-02
6.555714988916896968e-02,6.803133896536393832e-02
2.374433014417992246e-02,1.957703022101672102e-02
1.823107118723885089e-02,1.740984112113813306e-02
7.784003646896608952e-02,7.434954640664309666e-02
5.565485802778520619e-02,6.887870375987215077e-02
4.226496797247802917e-02,4.085104363713591702e-02
3.140186714710449783e-03,4.181950064941210646e-03
4.607362733704627178e-02,3.758170800143546819e-02
1.310795914638708754e-03,1.736437448663008401e-03
1.214073474299777050e-01,1.242311520163738997e-01
4.278198413420111756e-01,4.298616972898757216e-01
4.853941967932578453e-04,1.757065766003052096e-04
4.837743014039677103e-01,5.010575118962438124e-01
2.986028127627454176e-01,2.772262130885727593e-01
1.421118262277542644e-03,1.659434819917255614e-03
1.245760562386784547e-03,2.856428263019716841e-04
1.594949488478238087e-01,1.633599222454932554e-01
1.630589580840859781e-02,2.082475018265562278e-02
5.119102262737486222e-04,4.419132678109524465e-04
2.989528415959293861e-01,3.031048763735397222e-01
1.668696769513696582e-02,1.313994294435251280e-02
3.135530551362209449e-03,2.240434790588241055e-03
1.215255078197108873e-01,1.150373821351230869e-01
1.551010545826663964e-02,1.066059365991371688e-02
6.422967366773282838e-02,6.473003360935440653e-02
1.556370594992591066e-03,1.795462432249436821e-03
1.282988137022540165e-01,1.299023831395262341e-01
1.637403969285328165e-01,1.646019631502392555e-01
2.746138831418197257e-01,2.812410349752959005e-01
3.638416101037710848e-01,3.651463869537739382e-01
1.514709520211540879e-03,9.733217046584871331e-04
1.110140439015252015e-02,9.830516643643169225e-03
1.834344485831264915e-01,1.994927005417850840e-01
1.022774063325459191e-03,1.229695328814081048e-03
2.025914550182367560e-02,2.148436635347219723e-02
2.708506716149876592e-01,3.009741341527092939e-01
1.199564985797382105e-02,1.601915596289293572e-02
3.719139541003486579e-03,2.849104613645747804e-03
2.883584104589958508e-01,3.156679355984703395e-01
2.640131261475516140e-04,8.927430465047183576e-04
7.845321118676143457e-02,7.612207283791444512e-02
2.796346750303475570e-01,2.974229026495926465e-01
1.313749311624887693e-02,1.418176989000114428e-02
8.503618967214109092e-02,8.431267000787599775e-02
4.425670717849807673e-02,4.996014846379261826e-02
9.228310990719870710e-02,8.945842724205040064e-02
2.764887985232069093e-02,3.253165312159821132e-02
3.625981976398443690e-02,3.535150115531077164e-02
5.581868136110793889e-03,7.681053931241018512e-03
2.138201617022061629e-01,2.110752539313626719e-01
1.878195385156831154e-01,1.844701870848963199e-01
2.012416348732617710e-01,2.277253488643726509e-01
4.048802741091072493e-02,3.511358441166329697e-02
2.920827986270309595e-01,2.920198530443366969e-01
9.765573148718360158e-03,1.185208285950911482e-02
3.470911406069560612e-01,3.311287875541221171e-01
1.611523990817106261e-02,1.601443466685788589e-02
2.479593991423290067e-02,2.751127385748676837e-02
1.959998514338478492e-01,1.844025715101406393e-01
1.603487692127365805e-01,1.625657494263273994e-01
5.768180337683355592e-04,1.115508061562899608e-03
5.164528532522846827e-02,4.423185389620988561e-02
8.642177276905013694e-02,8.223462748390739097e-02
1.540970978573202588e-01,1.606849503736365592e-01
9.779172980184851205e-02,1.074875510640532633e-01
5.891948304196634179e-03,6.701143667375173037e-03
3.090425594759202976e-01,2.834159112466435593e-01
9.298024564993401242e-02,9.459224319850252638e-02
1.200421248041518701e-02,1.347074571628667158e-02
3.647338125175774715e-01,3.870484793757854591e-01
3.762152347976423922e-02,4.163469630708397512e-02
1.155763238916780386e-02,1.120828630719560015e-02
3.414263670012867430e-02,3.784798741831670033e-02
2.400117380205089856e-01,2.505077228618654006e-01
1.228731087042005219e-04,1.429446378760332358e-04
2.730279889032296778e-02,2.371580465367035054e-02
1.520875402007938525e-05,3.016260423084327871e-04
1.632868738316741938e-02,1.716903011871860965e-02
2.945801964072756150e-03,5.078623832482647045e-03
1.282225482079922107e-03,4.330401095894989756e-04
8.447635876098236185e-02,9.268383290784575068e-02
2.597601682794695079e-03,2.748932288322741488e-03
1.837363815694074420e-01,2.060774721528654818e-01
9.843474903834515538e-03,9.917087765521066453e-03
1.335568136259650263e-01,1.439557177664289589e-01
7.688965348212326023e-03,6.552830923840292400e-03
9.385674187854631256e-02,9.136129617146949988e-02
6.975362777943340531e-02,8.399255751604994824e-02
3.369053289417621166e-01,3.470761463161406990e-01
4.491474015879937803e-02,3.962179828511940005e-02
9.835223250627186248e-04,5.163862674350071491e-05
1.166844236094089771e-01,1.296579069593496447e-01
1.411886715432180556e-02,1.530203141880497920e-02
1.582352559674723481e-04,1.316049294771497701e-04
1.070023017908460355e-01,1.055081601403830699e-01
5.354534152847526679e-02,5.679116544663372762e-02
4.169531891748271546e-01,4.252130103748188450e-01
7.925825102646839870e-03,9.927573994787251138e-03
9.384805498268468382e-02,9.435186998744345133e-02
1.303888455172006466e-01,1.206192322810730744e-01
9.571481245075008637e-02,8.646163938764089840e-02
1.817671902473904852e-02,1.570139744148867436e-02
9.737622937023635017e-02,8.939831362108682788e-02
1.076798593655780255e-02,1.560716218083848562e-02
6.008501133129992566e-02,6.692956996457452568e-02
1.357065551335435161e-01,1.329949065139413300e-01
7.363347075476187054e-03,6.837833027471405117e-03
1.839469235321508911e-01,1.868377429898156195e-01
3.178704912780192515e-01,3.281605218931595291e-01
1.522957948526208749e-01,1.468902282363208633e-01
1.344969611784608832e-01,1.356034136115416844e-01
6.502168651196745842e-03,3.513265469917048207e-03
4.414821179339121354e-02,5.383757443707082313e-02
6.949772585250618695e-02,7.307170838903224996e-02
6.681889540316043527e-03,9.824242399632109046e-03
1.445118109130996351e-02,1.534637751397995020e-02
1.467227984802672511e-02,1.211214188364708767e-02
3.279575746218324483e-02,3.557476061561173214e-02
1.846190446601487503e-04,9.187932286206403195e-04
7.964534722769434083e-02,7.252184214159854148e-02
4.453679777458491307e-01,4.611435103372855671e-01
6.450728263740698742e-02,6.649033729342966603e-02
9.810555424185819773e-02,1.042085944793300911e-01
2.441395547048368919e-01,2.364809302622616072e-01
5.641363007218300196e-02,5.056968485458748774e-02
7.128988723657717630e-01,6.964714942712854073e-01
1.670940761959609222e-02,1.700080624663595150e-02
1.188128093515865985e-01,1.142944974385361329e-01
3.124784760816884041e-02,3.358899620432569122e-02
5.574239174244483008e-01,5.338209751345749376e-01
1.060097599981462829e-01,1.063388834740906647e-01
1.211401593660839425e-03,8.024826635415938277e-04
2.272104269400445353e-01,2.006988399352159780e-01
9.091980557215476391e-03,5.572818561764293285e-03
3.574989970278359686e-02,3.779462673788475113e-02
1.236162004493794597e-02,1.117928740551428490e-02
1.569298836136503172e-01,1.447190567670102457e-01
3.572852396117242799e-03,2.193468768109125416e-03
3.867583599256435023e-01,3.825474833146436104e-01
2.183762069216416968e-01,2.074400726292447150e-01
5.208888214091436097e-01,5.209918185076946040e-01
2.189278578239408357e-01,2.318504503202727385e-01
1.220386858778155642e-01,1.328792252930228179e-01
1.305979999129027735e-01,1.301407381698753696e-01
6.761334652935006850e-02,6.686314371477947160e-02
2.994338382469802218e-02,3.535323978207224882e-02
2.389686493359818517e-02,3.025080450168809304e-02
3.075028302856109841e-01,2.958944312097811502e-01
6.245880406657039301e-03,5.597196220880134958e-03
2.830455376641209386e-01,2.477786231930420024e-01
1.907191360054520946e-01,1.927236609926624156e-01
3.217587400921032570e-01,3.134238736382363166e-01
1.136535685689256565e-02,1.149931678175429919e-02
3.086756873422901726e-01,3.072780563023127520e-01
2.406248638545376017e-01,2.462749675135446070e-01
2.822299999396018708e-02,2.426077318723277726e-02
1.509136976170481204e-01,1.430666290097733218e-01
7.727330118800415093e-01,7.720814775272106800e-01
9.040808626390260672e-02,8.821462149486077042e-02
2.696354121776201040e-02,2.884625832941361406e-02
8.655269548661105594e-02,9.278138810542881088e-02
6.154351043361289825e-02,5.787728928686838858e-02
2.512761319074876543e-01,2.604908662949501075e-01
1.908877299391853188e-01,1.802998616057649717e-01
1.609960943528096489e-03,6.311457290896698791e-04
7.593116573191487084e-02,7.601077703725130086e-02
1.479624109590975400e-01,1.452284804860949630e-01
1.241817781236162141e-02,1.456120806431395083e-02
2.589451295275698242e-02,2.853638516662659885e-02
1.420488188416681001e-02,1.947189201897485747e-02
1.751088628828831872e-01,1.782550416090872003e-01
1.253140635715870033e-01,1.326233425911816366e-01
1.497746664301233543e-01,1.608559052865329297e-01
3.016893351757558850e-02,2.661368601575138035e-02
1.585702070633567386e-03,1.308014575574956108e-03
3.906758370410162717e-02,3.596627935997321474e-02
3.452810055146544876e-02,3.466295721846777284e-02
5.505952038365249934e-04,3.607924035192261957e-04
2.905337643976952516e-03,2.697896696302903331e-03
3.010600511077140551e-01,3.005349399539471444e-01
2.946391263331189835e-05,7.374699348621482743e-07
1.446231421003672801e-01,1.403658802277245043e-01
3.502440572483689341e-02,3.722369116204426315e-02
2.932104232967754076e-03,7.152552619550554477e-03
5.251055894158161985e-01,5.283573222888154897e-01
1.390177789672291109e-01,1.313437065034718798e-01
1.009020799763814431e-03,2.079645905119034981e-04
2.528104486669217194e-02,2.529538952350094544e-02
1.895823167593598056e-04,5.453843658834257651e-04
1.519866072121640454e-04,9.667780876317304641e-05
8.543986680148847601e-02,8.432608834869680103e-02
5.003237904858923689e-03,4.250443111229722931e-03
2.339251500063929678e-02,2.093210330620521448e-02
8.064761189424293764e-02,8.430466444176654139e-02
5.700603291913053025e-03,7.411660757186969845e-03
3.612449029935369677e-02,3.483204569745199097e-02
1.198660597083704710e-04,1.272396194286436988e-05
1.650721785365750344e-02,1.624634788586959075e-02
2.956840971327390211e-01,2.886513725889280901e-01
2.334891710129394921e-02,2.648177254797621366e-02
8.210110972955139697e-02,8.682364109922605100e-02
2.364689825111625510e-01,2.309904129676815243e-01
2.045295172782403137e-01,2.140732784457262117e-01
5.337830235932235906e-02,4.087274056009405215e-02
3.189265170538249650e-02,3.352260440047969553e-02
2.783871855290610126e-02,2.670079981378019329e-02
1.886268003902148369e-02,2.113769661667098260e-02
4.382435003148815039e-02,3.625602352491454766e-02
4.417747754625741402e-02,4.456641735983195296e-02
6.491348248760109296e-02,6.223139812471226162e-02
1.665102246957541887e-01,1.551199256600488408e-01
2.597343224843862933e-03,3.086699479996853936e-03
1.135743217491212535e-02,1.271540714016725082e-02
3.724056780116637433e-01,3.799144303592164595e-01
2.205510666420983090e-02,2.013326469066878399e-02
6.221509870907881296e-02,6.135601733211924758e-02
2.930357105953814711e-01,2.932896992945269732e-01
1.165873793813943828e-02,8.628673080178266702e-03
1.661664668368843800e-01,1.595607277169454885e-01
1.453356263316782360e-02,1.275591529118434361e-02
9.236732267563484708e-04,6.521836053185862438e-04
6.585053669071107112e-03,4.250318959928814713e-03
3.401384424941218676e-02,3.824861005798231572e-02
1.077852431824032481e-01,1.092539498176168106e-01
3.465201457346086394e-02,2.858179574921292099e-02
2.475524212224662970e-02,2.209664756728181578e-02
1.288147446568751464e-01,1.352102555127906724e-01
2.066415221310083372e-01,2.017952198045728229e-01
1.043810990453299462e-02,8.334943334316802580e-03
1.776714708766592363e-02,1.961914821309233142e-02
3.249190604091791584e-02,2.999196403602387775e-02
2.680960845083260949e-02,2.742698247955447852e-02
6.821078211333755914e-02,6.517359883408797849e-02
6.630493620830614672e-03,6.356249228164984749e-03
1.026539923070934196e-01,1.017057448721085805e-01
2.060020038650408475e-02,2.913221881863840498e-02
2.236717916841021725e-02,2.051815620566421750e-02
1.318518712194666036e-02,9.799481637581654650e-03
3.134110007879225765e-03,4.025863742013190659e-03
7.203414564932239528e-02,7.699198172843635390e-02
3.175234832224443308e-03,3.319604085894851432e-03
2.855866222956221501e-04,3.710672120764029781e-04
2.938807330843787868e-01,3.020676502127541685e-01
1.672279300301748317e-01,1.678129934157476522e-01
1.540768802401750381e-03,1.955579433076783894e-03
1.175260044918865696e-02,9.098075843551380396e-03
2.927636540004803500e-02,3.065693273461934237e-02
9.428417588665181925e-02,9.663832962401576465e-02
1.922868841854263487e-03,1.328901443131096658e-03
7.284933162976907350e-02,7.521832755903851142e-02
2.906640352018418846e-02,2.943576619024362850e-02
3.384418972113208135e-02,3.376404566361478066e-02
2.615686460105428029e-03,2.218717798876341206e-03
3.149083732241008127e-01,3.104244216495414821e-01
3.221961886578336015e-02,3.516925052178080519e-02
1.479014632861574419e-01,1.399409099905262188e-01
8.525548549023034828e-02,8.882540439985942005e-02
9.286331279252175086e-04,5.787636044264564102e-04
2.089318932243520999e-01,2.242855687960313149e-01
7.542060971969736238e-01,7.399812386494564187e-01
5.699923378043031397e-02,5.664454695797974809e-02
1.184289011398025199e-01,1.268605497227368595e-01
1.003715956026409034e-01,1.001766236355310924e-01
4.433006263085264046e-04,1.981387132848783387e-04
1.269553244715149465e-01,1.410092082903612043e-01
2.258589034325235723e-01,2.391716153854692162e-01
3.279013489169368967e-01,3.297463044956345235e-01
8.551778268220390222e-01,8.436370589023669542e-01
1.579524850590326712e-01,1.452506918996838148e-01
2.308399588061512200e-02,2.777590600530157813e-02
2.590156823941780137e-02,2.147703876596488912e-02
1.106871215353575320e-02,1.149200647204101644e-02
1.745197882001001458e-04,2.151701443205372797e-05
3.024548700296046944e-01,3.222269495011659268e-01
7.579558774178597746e-02,8.240322821210561977e-02
1.204854570582647444e-01,1.275714741476038638e-01
3.759717663397170451e-02,3.264483559467618728e-02
7.448191630314675946e-07,1.039180166765420546e-04
5.405126347057338104e-02,4.979469810269692570e-02
2.738862859350713053e-02,2.691951333088652212e-02
4.305201997801161307e-02,4.273314080110299923e-02
9.575411931369695595e-02,1.188859934367160059e-01
1.902891647071025538e-02,1.691339572161498425e-02
9.053446865839087643e-03,9.854618490121643676e-03
8.492560938904734902e-03,7.535663263575964610e-03
2.412137537876813675e-01,2.211485068471270854e-01
3.161883883108656396e-02,3.012158526966360675e-02
1.100782344197863694e-01,1.108259121205928538e-01
3.120571525868722773e-01,3.203246838298458021e-01
4.591985936424194080e-03,3.386792125270256856e-03
3.896212267956387920e-02,2.566368666833927087e-02
6.021671583256592297e-02,5.577274870271105994e-02
1.105392845649045544e-03,2.105854134535732700e-03
3.966181112877933401e-01,4.098027440851888525e-01
1.341712665750394336e-02,1.119076083035087411e-02
1.376814823697372625e-02,1.348046938868932912e-02
2.184152338383074567e-03,1.625553845783547649e-03
4.616683922246865301e-01,4.544691126705272533e-01
8.267693784719015726e-01,8.764654876631863267e-01
7.251173640429797729e-02,6.863088279948131865e-02
1.395151256298139963e-01,1.439101438343602657e-01
7.679105031247522670e-04,2.805582736252848659e-03
1.321304891294737272e-01,1.387412630706622851e-01
2.189373899429835485e-02,2.461465713389587168e-02
3.773654013760584236e-02,3.126038069317348123e-02
8.890911579443240287e-01,9.084803974934484438e-01
1.310707304640742754e-01,1.383326488742391003e-01
9.739445835332952162e-02,9.201287332346834436e-02
2.773285563408299167e-02,2.311153967370786072e-02
4.908246148775315815e-02,5.323241540651021259e-02
1.882125440627485102e-01,1.911771789713941627e-01
2.023017192152082658e-02,2.411760957594367288e-02
1.888302743707156450e-01,1.837992761176060474e-01
4.998768805984451710e-03,3.960688049711563394e-03
2.243104552825616813e-02,2.224769485564093499e-02
2.169380241839598614e-02,1.846483311710864911e-02
4.151527876964170705e-05,9.077354003306710650e-07
5.584808141312562479e-02,4.863793823010365697e-02
1.871925342149645399e-01,1.757516942574309793e-01
1.225846630387140458e-02,1.475974001221248659e-02
8.382565274870780458e-03,8.034808696090420602e-03
8.704443490171761763e-03,1.287242953682596162e-02
2.670376102356528114e-01,2.764848672503784632e-01
5.114748763829614353e-02,5.061301617228598781e-02
1.715141769915813283e-02,1.705765300015827518e-02
2.445208917739639595e-02,2.333110370472813583e-02
1.171084428867814331e-01,1.219525574152515862e-01
4.138669216482144392e-02,5.285328552683423581e-02
2.442643191058311430e-02,3.099440945544794379e-02
5.142302213951149836e-03,6.173277939710126137e-03
2.011892060038412977e-01,1.948082119421957470e-01
1.715661615429759854e-02,2.008323114516014779e-02
1.305140337194038089e-02,1.554015658608853302e-02
1.002569767492987873e-01,1.080824509006075018e-01
8.714077473121656370e-02,9.376372339095222219e-02
4.445659435447397168e-01,4.819989314352766674e-01
1.000677643262934402e-02,8.700206208046123990e-03
1.209874418285535602e-01,1.204812266904923823e-01
1.235077714430164340e-03,1.028573432771678160e-03
7.992820110905160536e-02,7.423454658150697993e-02
6.596721746730602187e-02,6.439287820216735292e-02
3.847266930424039222e-01,3.753320991230365000e-01
1.369224294296854556e-02,1.421384113250032978e-02
1.079127460420326685e-03,2.328140629293177274e-03
6.118214404395332096e-02,6.183930264923123699e-02
2.733146071341006553e-02,2.043231502304029487e-02
9.700274383246786786e-03,9.615678112539331052e-03
8.768216763530723573e-03,8.705904787431849312e-03
2.150301436647889253e-01,2.121379397877365403e-01
1.072168746488534954e-02,1.056978820730048244e-02
1.890850179645774121e-01,1.636515595582452853e-01
7.948182842715488527e-02,7.894164016096094638e-02
1.643971433070252064e-01,1.657992393417435928e-01
1.752588820952483972e-01,1.751488821031174370e-01
2.509499941583629573e-02,2.384826094938372748e-02
9.942740856792734241e-03,1.211334000135211655e-02
1.701542805261294089e-02,1.395535524759065199e-02
1.762152089549048062e-01,1.655399806423055453e-01
4.706726870647880839e-02,3.955822529585798636e-02
9.370266145281284931e-02,9.344713140350356662e-02
4.948180018867250340e-01,4.982681166119609650e-01
3.140265792332802564e-01,3.327261796683294026e-01
5.592855036100818911e-02,4.952231231200625999e-02
1.216399564629492558e-01,1.231084803709724534e-01
2.228600820759879253e-01,2.362638366597445971e-01
3.670413436167256904e-01,3.704554065895254156e-01
8.086067594072281206e-02,7.426602962484048220e-02
4.368412372233473982e-04,5.955907078387142999e-05
8.596142504312706545e-02,7.148499246404875496e-02
3.280577977378683644e-04,3.514021248961882345e-04
5.703211330966435205e-02,4.689942322850633449e-02
6.555397392202620688e-02,6.671811859723512927e-02
3.380146977810295494e-01,3.644430557699656625e-01
6.107692271656551819e-01,6.195115837936683301e-01
1.969615255437190144e-03,2.477272368533593380e-03
3.659564327150645335e-02,3.770523142944235545e-02
1.053593205910389324e-02,1.137226305634495352e-02
1.652924942812170192e-03,3.431270321186618254e-03
2.299508943374380804e-02,1.940364033180881284e-02
1.056744128089772833e-01,1.076202193401367552e-01
2.336724567322859270e-01,2.274128789860145883e-01
4.207818239662413501e-02,4.154472862653910137e-02
1.118415117854539176e+00,1.137064075194582635e+00
1.893578526246667559e-01,2.028354061711833134e-01
4.530427764577729666e-02,4.517149793348402415e-02
6.291105312176363713e-03,6.925405057930119831e-03
1.757977188006176403e-02,1.665786655172655020e-02
6.030198078002269209e-03,3.814135859190095120e-03
2.040074768650783701e-02,2.242010599226995984e-02
8.145595911675443390e-02,7.881667416541822402e-02
7.434648030356507536e-03,9.239351223506473559e-03
3.958949082606137877e-03,4.689778569220567732e-03
8.053716657397295975e-02,7.117120029975837481e-02
9.666558878197176186e-02,9.943281319145146069e-02
3.521996220945651512e-02,4.246877301619290251e-02
3.127821524013761900e-01,2.929909226257997878e-01
1.985114752982903852e-01,2.087031658586548655e-01
7.007017516020491721e-02,6.063195953736179311e-02
5.047291864533134248e-02,5.042221297080999587e-02
8.682722099164887075e-02,8.257929585775092285e-02
1.249952247663991128e-01,1.369748212506233243e-01
2.064864321760856436e-02,2.105498311386529847e-02
4.396397542857929386e-01,4.499358556779064489e-01
8.569720697210063409e-02,8.357419694003601074e-02
2.052875489530360253e-01,2.174591045697008007e-01
2.509317461063281796e-01,2.500270979796112569e-01
1.719801353608465394e-03,2.175118531659787132e-03
1.341972779610427387e-02,1.745935735697204741e-02
2.654247017017566726e-02,2.186740621679239896e-02
7.920823641618963268e-03,5.403575600930988002e-03
1.027849288567016933e-01,1.052458973340762993e-01
6.431551015236822199e-04,1.555946286964821372e-04
9.411106719231270218e-05,9.642853919246859978e-06
9.905797836463562517e-04,2.096128929229112113e-03
2.728552056349181195e-05,3.886472306511212435e-04
8.495154505366463160e-02,7.705392493391398367e-02
4.663550983551659895e-02,4.363581436036545469e-02
5.063223190868257340e-03,3.051281242329524374e-03
1.395772007430008503e-02,1.394128187495737373e-02
2.311489492116022262e-04,1.796975619842127304e-04
7.213817618533725773e-02,7.026421110237898726e-02
9.922776377663553027e-02,9.742081011302999860e-02
1.663834062016772419e-01,1.523954175126630284e-01
1.605092906325084057e-02,1.167175994608678560e-02
6.021979217932824785e-02,5.632332547087267466e-02
3.363735752502357568e-01,3.403545545059514232e-01
3.911838545326855598e-01,4.279825724099001194e-01
3.012139598421174624e-01,2.862480158588763257e-01
3.639401220103469781e-01,3.609076148141694973e-01
2.780100415800243474e-01,2.753373827168580923e-01
9.662889990153560732e-03,1.173489092548304566e-02
2.100832621962864522e-01,2.041066209398479936e-01
1.562332541029974042e-01,1.520345110976684677e-01
1.298437867274628288e-01,1.330809269012302176e-01
1.502503832460913291e-01,1.467608723981732866e-01
1.111092803795182845e-05,2.919890263064220328e-04
1.144730061905347845e-01,1.071443545686029813e-01
1.793062644159483521e-01,1.793591123647188257e-01
2.945702945265836203e-01,3.167958296305764532e-01
9.329772332500782528e-02,9.320678201448030775e-02
1.940773456859181886e-02,1.910856120822437137e-02
2.701836706211505415e-02,2.599337639555188151e-02
4.782601368396084962e-01,4.912560574376599321e-01
7.821465711908695074e-04,4.702642549042834134e-04
3.351355431431077693e-04,5.905835602136286265e-04
2.301372894274281850e-02,2.082161838772711437e-02
5.442600367560057606e-03,5.213201350953949702e-03
1.085067104329706872e-03,2.454455218733172118e-03
2.455690231528734890e-01,2.567632666278774067e-01
1.852063772579969347e-01,1.806223228715510276e-01
1.191260355048418809e-03,2.011415900019310719e-03
1.029185001655156112e-01,1.088001841771722572e-01
2.582142919536011272e-01,2.408944670587583048e-01
7.058123985754360952e-02,8.680403140051907995e-02
1.639064193159640165e-02,1.712427817829801496e-02
2.897318542763075225e-02,3.074867325915380326e-02
2.394098562012648979e-02,2.094134033252948238e-02
3.421615108472236266e-01,3.633969137734099908e-01
4.051978557838171319e-02,3.067581203336415194e-02
5.224988116642589886e-02,5.270557547534510112e-02
2.148949988297631231e-02,2.200233557132083920e-02
3.860420694213319570e-01,4.016966235245242323e-01
3.063334675411079084e-03,3.315667463942244004e-03
1.616624321038268863e-01,1.504459231457352941e-01
6.509687199293051618e-02,7.063256161543890466e-02
4.290631097502614101e-03,4.057418213577376406e-03
3.500689137817378140e-03,4.622607889696253233e-03
4.533048082880536400e-02,4.840204951448116161e-02
4.993466697061217652e-02,5.021657759278790045e-02
1.131018025440583552e-01,1.188474060877339339e-01
1.189169089159241308e-03,6.204708329523990311e-04
5.413651949467347988e-05,7.542143797561054844e-06
5.343328771345021155e-02,5.797203079784370161e-02
1.277572858385026267e-01,1.322497634210147710e-01
1.137499910371565174e-03,2.436281137888005478e-03
1.602212328654652185e-02,2.089346707672905951e-02
6.188812299608117962e-03,6.839671214859273027e-03
3.618961959682693436e-02,3.974673137113876598e-02
8.141151910732412345e-03,9.726950470308212346e-03
1.939006814277241877e-02,2.164542804426468695e-02
8.273986607121830775e-03,8.560715479156877361e-03
1.963526308802405248e-03,1.155242056801632526e-03
4.536577745412358198e-02,4.120607765116443555e-02
2.643525753305459372e-02,2.405807342555454920e-02
1.963204462806797940e-05,7.420511927698512392e-07
1.140022938416357101e-01,1.158266505723650197e-01
6.627792486333093647e-02,6.565843268234090868e-02
1.018159903208734293e-04,1.355745602624255507e-04
1.894707919967783538e-01,1.825909121265090196e-01
1.493283016283787901e-01,1.394954934355160381e-01
3.137499383638871903e-02,2.695571276322969445e-02
1.392023331897991253e-02,1.846814429434645924e-02
1.147413492031038040e-02,1.548501963408464507e-02
1.543984627311159596e-01,1.542087876048503503e-01
2.087210462739262917e-01,2.008918714461675192e-01
7.412957428187297859e-01,7.645309211749357070e-01
1.791919266277564871e-01,1.930078323426653863e-01
4.873173925639302101e-02,4.159678497660829893e-02
1.639273906180267748e-02,1.813069587496189683e-02
9.967592602502033886e-04,1.002010126675208094e-03
3.323093571253598472e-02,2.852635328092389261e-02
3.525640647533134775e-02,3.878616090238054537e-02
4.571894864953768289e-03,8.274494781020266115e-03
2.321216064995471895e-01,2.359500528340534031e-01
4.123868641680317193e-01,4.090585971159400591e-01
3.167984685643947945e-02,2.770948778360491846e-02
1.377412197820776785e-01,1.313156327603654527e-01
4.402782785322952031e-02,4.391968181557435319e-02
3.319924201155695365e-02,3.580097012665379996e-02
1.472638181791302743e-02,1.564941070491283198e-02
3.232963633606106280e-01,3.326366375838292755e-01
5.939460252298571774e-01,5.758588692146174859e-01
1.523053687734086392e-01,1.494165573739552333e-01
5.775462510404866245e-01,5.427675313110382760e-01
1.891960840722456752e-02,1.719319647596938283e-02
1.775144978712122346e-01,1.827971907718524691e-01
2.557202244515657807e-02,2.536250596601147267e-02
1.123760636665146334e-01,1.066080893675572100e-01
1.432121715613347002e-01,1.539083624510138582e-01
1.813663329248760281e-03,2.921078709729975874e-03
1.251623932857540882e-03,7.585135622037925737e-04
2.436801741878483474e-01,2.315933135428980549e-01
7.231606453516901956e-02,7.364226621439143305e-02
4.690210739585135014e-02,5.583589042684648784e-02
3.311865325328472703e-04,9.510385306633771432e-04
1.138336438228553099e-01,1.168741190836228017e-01
2.232891050413933487e-02,2.024880232478976777e-02
1.197402302536339641e-01,1.121988487109064209e-01
1.339068368493598615e-01,1.363212702655602349e-01
4.698904462446871003e-03,4.257942453299934718e-03
2.607184698147116952e-01,2.677779003441402295e-01
1.995188979399871720e-01,2.050802134707946089e-01
6.241787168916537037e-02,6.014143142759418442e-02
1.465171944861863411e-02,1.702333078616889359e-02
2.047877159186576793e-05,1.502528700445829530e-04
4.267838904689198742e-02,3.648073994644854268e-02
4.820877056029029828e-01,5.085756186658604294e-01
7.370749092320078022e-03,5.462092388636824100e-03
6.662295299199678944e-02,6.872964210503705595e-02
6.463343692589290646e-02,5.876934063163826577e-02
8.788130852995670317e-01,8.890945066160691468e-01
3.943134336166068989e-04,1.523636987133050518e-03
5.161735539926957245e-02,5.518952415189754684e-02
1.404009174761994549e-01,1.372630995157650413e-01
6.688455365185912160e-02,7.748168312541116320e-02
1.060354713692380265e-03,2.896623871588060919e-03
1.519979937108157687e-02,1.643736107219843576e-02
1.049514656292767634e-01,1.090224711580555367e-01
4.666072399253422959e-02,3.575370639744842455e-02
2.348519974502273899e-01,2.535749951892087850e-01
1.789568468304952387e-03,2.385501040187404994e-03
1.568536379097893452e-01,1.623660934766697483e-01
1.230133260926637301e-01,1.215498402019535990e-01
2.797358897370045283e-01,2.589515299769739043e-01
7.933976250012465536e-01,8.105657863895043835e-01
2.436102286876349610e-01,2.619420903631482500e-01
2.550775820587181109e-02,2.248541147194282538e-02
4.119489122085567140e-02,4.202137266756131306e-02
5.706222951096500129e-01,5.922601478080302684e-01
1.484042879254454106e-01,1.490008243887268602e-01
1.266760303935274556e-01,1.330408749838170313e-01
2.009548143853167601e-01,1.928322901176971471e-01
9.244326934291806352e-02,9.951304021967312397e-02
1.049604520436281385e-02,9.675632256143130994e-03
1.696957968479425871e-01,1.568304211278898630e-01
8.421777964112259207e-02,7.342920468692190616e-02
2.686942752820784767e-03,2.092246645326661762e-03
1.319460079620335749e-02,1.614602389459533077e-02
3.208964286844652736e-01,3.162924185603866456e-01
2.269450209499039861e-01,2.447220522975551704e-01
5.428722091438353131e-02,5.045745237009346268e-02
3.222132381214039016e-04,3.305393820694484271e-04
2.715253687428231255e-01,2.785987503144881083e-01
3.089401794723524095e-02,3.721657113744843842e-02
6.423736258563060054e-03,4.895729785157213257e-03
3.277147242133108263e-01,3.207786373123618362e-01
5.100960907711987735e-02,5.692438488220646908e-02
1.179370012958366465e-01,1.167320444057481504e-01
4.375187558114436159e-01,4.474995447643842494e-01
2.126332902338893757e-02,2.206831799338710570e-02
1.026902642619593881e-01,9.442019861233379163e-02
7.953731109116785047e-02,7.421502902913540423e-02
8.076521796981220302e-03,8.605011569269509220e-03
1.481691794350946736e-02,1.214762375901502940e-02
1.403341117592407372e-01,1.440763012390502418e-01
3.246946068051002193e-02,3.644898430124760003e-02
1.316960146766918069e-02,1.145471047648669027e-02
2.379551768026494374e-02,1.902965080045828164e-02
3.788667613371932141e-02,3.191758442517502598e-02
1.220463896824434680e-01,1.210054035553697338e-01
6.209606240397130121e-06,1.790303780841166661e-04
2.158744474472970663e-03,2.057215582436028051e-03
8.581100721307259615e-05,4.760356198356013890e-04
2.356452894053226721e-01,2.257940326174152357e-01
5.696239279911921409e-04,3.815857589453705654e-04
2.185036770985537488e-02,1.779253352851895009e-02
7.484037952213733885e-03,6.874592281077659094e-03
5.540797331447274571e-02,5.042239631365420804e-02
5.483412859973795656e-02,5.577964587534648550e-02
1.430706486294731350e-01,1.283858831817709933e-01
2.391816909882179265e-01,2.264490457830149739e-01
2.385257924911222960e-01,2.377960860522380371e-01
3.234504861609035498e-01,3.338652640953295725e-01
6.228769239714053441e-02,7.035133066026851012e-02
1.037515744327777018e-01,1.098796808068132486e-01
9.720875707250149766e-02,1.050660518762005780e-01
1.065503884009962599e-01,1.078297597840968819e-01
1.426679602477153030e-01,1.480805496167336144e-01
4.832331325909575950e-04,4.656000922071143813e-04
3.478478561787938239e-01,3.440358241832562891e-01
9.862101203585156572e-02,1.013042805286545334e-01
9.223564918843465965e-02,9.086441555783453250e-02
3.448844584521759682e-02,3.474648601692911787e-02
6.122381867374162429e-02,5.518804525245407655e-02
3.745527987067623354e-01,3.615876648855246289e-01
5.745839128815525276e-01,5.648018994873580390e-01
7.922300464953232341e-03,7.790901840341689713e-03
2.479486238577198465e-01,2.342315225439361992e-01
3.253350698913663828e-03,2.967149220694083323e-03
3.154812972304679372e-03,4.217156944919326494e-03
9.472240157202221900e-02,9.484519897174144287e-02
2.367376362045732208e-01,2.452766399210821735e-01
1.771181945454574497e-02,1.368100991577666549e-02
7.407223118499232928e-02,7.509739760256237129e-02
1.209487091597862300e-03,4.348893818893513489e-04
1.921332335979302960e-02,1.947728169779723920e-02
2.505400184663393592e-02,2.361296336658905842e-02
2.046960582288067099e-01,1.969788379103415699e-01
1.017637915337251016e-02,8.831731395396036008e-03
2.267136518569720042e-03,2.654369280070776205e-03
6.889374287312203735e-03,9.933723212777797323e-03
1.666218471593796865e-02,1.909413011328253695e-02
9.834686522306622380e-02,1.013606089676804545e-01
1.782264168315557673e-01,1.821420178619290176e-01
8.503980467887635453e-02,8.399173137297692715e-02
1.693330315177472289e-01,1.668373121310765539e-01
1.723960509723431248e-02,2.268184303362325016e-02
1.956252383248958601e-02,1.741431182291140051e-02
1.215324368360235358e-01,1.181066980683318501e-01
3.445271667288616890e-01,3.325186204811224067e-01
8.318081913093623020e-03,7.507573417307920882e-03
2.260435360018147044e-01,2.372116701717877640e-01
1.279227957150477248e-02,1.082959984170899816e-02
1.007817278074074341e-01,9.232830403540280562e-02
9.259372383769283801e-03,1.003955244281558128e-02
7.930903401956446164e-02,8.264839639179794029e-02
1.560589977670851424e-04,2.931604051644569895e-04
2.302501254592422865e-03,9.484797893262332915e-04
3.428892017997476893e-01,3.502032569804106599e-01
1.762102463181650924e-01,1.936977388966837355e-01
1.328558867469841615e-02,1.198180066670593950e-02
1.373236033082533142e-02,1.321172248901058589e-02
6.142574112938354869e-01,5.993930097991202466e-01
1.337796997947502536e-02,1.679359895869916158e-02
8.997102469057488908e-03,9.521934558822177028e-03
1.623391977812762010e-01,1.582485646429913073e-01
8.505637806890474495e-02,8.173376460206135952e-02
4.577908756832517337e-04,2.461801937705147478e-04
2.512725944411761669e-02,2.426129464583555786e-02
1.166231096752968488e-01,1.132494303741590769e-01
4.073145059870031046e-03,7.317356937634822769e-03
1.179573936067282863e-01,1.184531663452921546e-01
6.433904451057792517e-01,6.440889135513131469e-01
1.023691596081084156e-02,7.683498368578912593e-03
3.814959464940876344e-01,3.466231725837519151e-01
4.471357007392277177e-02,4.504643231010892895e-02
9.035622508897823979e-02,8.517605918108302199e-02
5.064206802590534530e-04,4.022435965600842543e-04
2.429976694718314623e-01,2.230470841845614838e-01
1.380831944155092722e-02,1.865505055065246401e-02
7.782243717464788638e-04,2.578204222193278272e-03
3.887468476484655811e-03,3.531433940007477727e-03
2.465678557932571846e-01,2.388983290240088986e-01
1.043360729106377616e-01,1.003004221503913662e-01
1.489275188313277931e-01,1.430183406517223643e-01
5.923757678038127361e-02,4.662180658811228978e-02
4.599843213702618262e-03,6.555535591328039841e-03
6.032661177795922702e-02,5.702867351224219505e-02
1.874257346282330247e-02,1.576515931094216519e-02
1.416911311384663197e-01,1.480236453051631262e-01
1.274442054010271191e-02,9.133761858810386311e-03
5.640810091296440953e-01,5.669748114787894755e-01
2.481163060415034552e-02,2.801251741198753156e-02
9.956554828567550780e-03,9.126523440698038059e-03
1.286057386122810113e-02,1.277559551208129474e-02
1.660876225537009643e-01,1.773336606319866615e-01
1.239166364062940090e-01,1.073533965259152179e-01
7.913985991264343989e-02,9.119141721835556658e-02
2.481565541453015916e-02,3.368494317327024035e-02
2.202630136391090232e-01,2.195376260319159833e-01
1.412488311167538549e-02,1.356407732371070138e-02
6.286645110736676333e-03,5.452715119425960780e-03
2.208756093099821169e-02,2.853251002528929200e-02
7.686307840581076134e-02,6.935924129100816404e-02
7.555904394286920567e-02,8.032672219741736341e-02
1.524604255264809700e-02,1.285790903702666022e-02
1.012663458115059673e-01,1.078828725277365119e-01
3.305957115699510451e-01,3.252649131242217884e-01
1.203828353187910011e-02,1.457108779202930492e-02
3.175989122513416252e-01,3.176797611335863136e-01
3.100942181500879625e-04,9.714748718062210216e-04
1.259395548269182791e-02,1.179660344617021114e-02
3.092783067845251629e-02,2.988861052616499647e-02
7.862721526641047731e-02,7.793292101022507301e-02
1.349795077408286748e-01,1.391420785552300865e-01
2.005790294210747435e-02,1.780451535858579640e-02
2.850711551105858943e-01,3.084909889058589094e-01
5.525320966336473745e-03,4.416218850053552254e-03
1.692947378766565258e-01,1.699605373841668876e-01
1.032588425125401457e-02,1.101598304384218512e-02
2.327829716521320202e-01,2.345814151386688695e-01
5.174403853178434209e-01,5.028681682467172065e-01
1.169269310078617785e-01,1.129962262446624205e-01
1.567952614706077108e-01,1.315628049897910046e-01
4.065668376942909649e-04,1.458274587162585931e-04
4.230418097757186573e-03,5.894032275438231688e-03
1.698156502937470391e-01,1.665795858714269884e-01
2.014969470312642508e-01,2.088948136848861881e-01
5.554586226501010554e-02,4.861747179065181029e-02
6.551206016813420838e-03,4.232337597406237405e-03
4.258855462380461976e-02,4.370902345437090164e-02
1.425999520511091320e-03,1.735685353149656268e-03
1.100248581536322231e-04,3.927130749798084464e-05
7.752139146877346128e-03,1.088228762297540654e-02
1.380823542614784596e-05,4.909408159614848607e-05
1.146122555125699410e-01,1.052526212037423470e-01
5.977081384322658481e-02,5.993542760771825018e-02
3.091426495002821614e-02,2.580534108298360857e-02
3.931196280699816338e-03,3.559704470467394983e-03
1.474031429108924318e-01,1.574128651290360448e-01
5.440530574592310209e-03,3.525099601598625804e-03
1.049098302032482749e-01,1.075034303239682382e-01
1.514358258520344391e-01,1.492765772685768488e-01
1.207416190271889608e-02,1.377250895188954390e-02
1.469427522870073556e-03,8.862763388130674149e-04
2.048268553770208819e-02,1.832535485545043127e-02
1.364803718180815882e-02,1.013060420296326390e-02
1.242963828670579996e-03,1.907714299428301839e-03
4.202687514991137324e-02,5.059516189606746983e-02
1.267443681083621765e-01,1.264548989100260645e-01
5.182359127703380954e-03,5.274649674996017591e-03
2.616974677548910931e-05,1.006294774893078467e-04
6.917922202393815556e-02,6.525677082734140932e-02
8.386689450697265569e-02,8.209629434650206337e-02
8.176012374975718958e-04,1.956445396844664567e-03
2.987596198775104364e-02,3.089168524836787000e-02
1.265067811582742561e-03,8.475002557864713768e-04
1.728447202166101260e-01,1.595472119337103811e-01
5.040852177721060270e-03,3.908290254668552767e-03
2.603568974850863429e-02,2.157174697298163552e-02
1.769154326432375787e-02,1.829155671863371899e-02
1.897664863860108048e-02,1.963679108841951196e-02
8.392921287233630345e-02,7.788899691830832028e-02
1.135739250017324311e-03,1.278442994499702501e-03
1.051321552016276917e-01,1.131006822230685716e-01
1.326510704964105466e-03,1.607931751142016585e-03
2.379788064179732751e-02,2.112702759779702330e-02
1.449997154186331300e-06,1.161827320794401495e-05
3.636396267714162023e-01,3.768038472883998291e-01
1.791803447218397963e-03,1.645801721024321316e-03
3.949530868155327890e-02,3.560334417751099406e-02
3.107765317462286131e-04,6.175908439766643809e-04
6.637273101596059821e-02,5.900235069062313709e-02
1.334932712571736254e-03,2.196166708578787489e-04
1.359688752959985550e-02,1.622268895110283785e-02
2.165332113784690926e-01,2.363850491459424941e-01
2.214487540618908720e-02,2.075763981101046152e-02
1.273678550513084595e-01,1.270368939188473711e-01
1.993029207952783793e-02,2.044175647686547956e-02
6.544466914905435785e-03,6.533081322844102624e-03
1.972641539199667116e-01,2.085088585412977202e-01
2.582244992125663427e-02,2.508041790386645459e-02
5.657134372148399093e-01,5.600045845051019322e-01
1.859722400649366182e-03,3.469104001998614580e-03
8.745340383691627140e-02,8.169642225567426419e-02
1.352857743560497705e-01,1.400320230155462919e-01
6.774365983889515386e-01,6.698144347832291068e-01
1.852229698123588064e-01,1.750766655867025956e-01
1.826514315433453578e-02,2.419424142839753794e-02
1.522136922060711439e-01,1.529636703964646072e-01
3.242219065918142649e-03,3.776685254665722649e-03
3.440706511679031410e-01,3.635402651786924788e-01
4.179081903208425874e-02,4.758060226079025012e-02
3.148916920693280441e-01,3.050857747533122222e-01
2.250340778103613881e-01,2.327688597410322857e-01
1.124548610010237537e-01,1.080778204540108617e-01
3.057463283003306401e-02,2.724785844121163300e-02
6.408773895108653418e-02,6.476382364960081572e-02
1.994308888406061755e-02,2.322294921277445051e-02
4.907888112640509948e-02,5.146879983372344008e-02
4.651847063258532367e-01,4.788450537729974643e-01
8.223742106366352389e-02,7.206734515830677534e-02
2.740002994737495562e-03,2.840931115346438662e-03
3.606432427191985091e-01,3.847698185476478572e-01
4.960416138090809231e-03,7.006938779298139790e-03
1.312490565100473683e-01,1.318692654071969561e-01
9.935882169499501981e-02,1.012831974002439128e-01
3.423543161259180409e-04,6.847201639270525863e-04
2.636114426843733649e-01,2.638906274657097928e-01
4.813423602988651379e-02,5.075067841062474300e-02
9.801381444502946239e-02,1.047666975733256983e-01
3.774964887006523190e-02,4.112668823188554007e-02
2.396056694611357993e-04,7.106856658726048472e-04
1.637145838573985657e-01,1.608701463037002788e-01
4.531678996048158804e-03,4.650738302310788996e-03
1.779904619599752547e-01,1.845624899149128084e-01
7.590460319865498066e-03,5.246840102081411043e-03
1.064618862246738545e-01,1.108695659947301210e-01
1.492333103060102320e-03,2.341597075462924921e-03
1.278042834207839646e-04,4.096837368194420899e-04
1.288264318670805098e-01,1.235795950959742290e-01
5.821982767627281730e-02,5.511953893677492416e-02
3.773607085589130578e-02,3.779635354517803247e-02
2.232621109429511631e-03,1.396977304079332228e-03
1.867828319649876209e-03,2.014026367909649284e-03
5.187442953624062797e-02,4.867252204203532939e-02
1.494831440820160728e-01,1.473873805424641970e-01
7.115733477586745626e-02,7.768168464341904111e-02
3.492007213007423949e-02,3.615281481333276759e-02
6.324263449921473101e-02,6.733795556386257264e-02
1.604975335073081655e-01,1.783137529432960999e-01
1.593700795728241956e-02,2.255406909275664909e-02
2.124758850699468848e-01,2.027164034605208054e-01
3.289350340943473366e-02,2.679923304678793680e-02
4.025542253197591375e-02,4.749560824372168338e-02
2.699737173789739653e-01,2.771705604419518743e-01
3.641892296614056279e-02,3.944061128186681503e-02
9.552629735937596955e-02,9.452514906354675395e-02
7.379360136723524255e-02,7.972220039412444836e-02
1.142948917374203392e-02,1.142037501695380118e-02
1.759502901195895974e-01,1.837891310922241117e-01
4.610647820035142328e-05,5.384489624361353912e-05
1.312650156426099779e-03,2.176167463584209605e-04
6.037670634751875209e-02,6.539180625648730039e-02
2.228307759884551320e-01,2.195176310023619071e-01
1.784103695953002250e-02,1.983221002446914141e-02
3.041069901229582206e-01,3.097046974812424636e-01
1.281649757867169351e-02,1.540490273455487856e-02
5.985326468195444061e-02,4.749502836582081278e-02
1.191657379088868207e-01,1.135194306884109577e-01
5.328489738834951174e-03,6.606884603669881811e-03
4.383778288392637390e-01,4.479905692810066120e-01
2.461115320886954859e-03,2.341698263387100888e-03
9.358846022245971563e-02,8.371345601894129851e-02
3.230163957921690643e-01,3.028392151105577801e-01
2.333680520083599719e-01,2.261729232259733768e-01
9.255955661137018134e-03,1.111364137395245803e-02
3.873937914603587385e-01,3.908633233515367844e-01
3.720284032441272676e-02,3.315469597354899628e-02
8.994848545026240538e-02,8.882619125189897269e-02
7.012165843571476615e-05,4.365365373926921773e-05
1.525831008793918347e-03,9.081788768036248675e-04
4.385720220311989208e-03,2.760799086471768093e-03
7.352342708022442663e-02,6.965259571519304138e-02
1.059075815993079789e-01,1.080424765700699063e-01
7.042413956875918923e-02,6.790150684230207567e-02
1.982971160676760564e-03,2.815604535725275536e-03
9.102326527059652339e-02,8.509667983617022480e-02
2.345772957142490400e-01,2.417422317884818372e-01
3.907650253310568367e-02,3.516097684595427542e-02
4.285215045759745434e-01,4.206369253503184358e-01
1.918268505878524266e-01,2.039220428287838449e-01
9.530115616786528888e-07,5.281902171650360587e-05
3.642382116863244340e-02,3.386948872777454517e-02
3.462705566345953417e-02,4.441611184515813909e-02
7.652041022871736457e-04,1.573803698583497177e-03
9.636799580079805083e-02,9.659344018302411239e-02
7.742480204565274811e-03,7.621785825566328686e-03
2.626444249550762694e-02,2.630201434183379594e-02
5.705121915622714257e-02,6.175873941343503620e-02
1.230867021709288189e-01,1.153443135049545404e-01
7.162724236112966159e-02,6.756036023820967407e-02
9.912252858750136841e-02,8.283934560915585943e-02
1.151572239455183888e-01,1.143491785205534295e-01
5.993679986285214110e-03,2.019728043162183177e-03
9.214135078292583214e-02,9.361904761192682556e-02
1.729563370568591024e-02,2.091782281745891564e-02
5.667026265329782458e-02,5.774622527847173004e-02
7.589172905210349318e-02,7.895860082664041268e-02
7.076722665249451363e-04,4.040215188235882172e-04
4.447327755695557180e-04,9.297505723682900189e-05
4.740000183302028880e-01,4.617164433377576316e-01
8.944534389310428157e-02,9.817716406918242100e-02
1.295214177304849883e-02,7.257930602887392030e-03
5.102244846233982547e-04,6.309044290977736461e-04
7.434330760797248916e-02,6.596283502487217121e-02
1.562452565252915072e-02,1.668216305917134129e-02
2.114133486891711933e-01,2.299984367338948343e-01
1.470465031727038975e-03,1.013252654269875116e-03
4.614913320304286221e-02,4.910812954638472255e-02
1.157985813246367648e-03,6.415619701499202703e-04
1.115506242772180794e-02,1.413576164591692948e-02
2.324584376408818029e-02,2.175443251711946593e-02
1.265138446494644409e-01,1.219609698077767090e-01
8.872349752034416372e-04,3.691164248908838236e-04
8.370023929690766085e-03,6.063133713117654401e-03
5.055030036515446162e-02,5.460703975504210134e-02
1.173522304065278098e-02,1.252533154496093121e-02
1.972535292915902905e-02,2.477419110261365812e-02
5.742116737119591294e-03,4.038857347244498644e-03
2.058699031465518331e-02,2.112880694628162248e-02
9.498582753193107742e-02,1.003494097620390296e-01
4.965758068312140644e-02,4.058460006053610930e-02
1.776368064954806031e-03,2.296887564137067416e-03
1.047446615981061924e-01,1.072149271969494166e-01
2.510346424993483150e-01,2.476242778993065774e-01
4.743450985584768409e-01,4.823689852839788683e-01
1.875171868031877964e-01,1.850024785207706191e-01
4.486828529649958264e-01,4.611562922345271986e-01
2.852007827927664496e-01,2.755911591810125683e-01
2.476727021597501313e-02,2.935030498730487394e-02
2.472034612782350593e-02,2.478080889368859674e-02
1.871197764863863702e-02,2.098867936936502088e-02
2.652756675602903069e-01,2.613524132855915560e-01
8.504160274188714286e-02,9.046533575929124882e-02
3.817645126354357685e-03,3.832640830853503624e-03
2.263928105833333483e-04,5.664458506566663110e-05
3.605191001542752960e-01,3.774840599830615595e-01
4.190640183036933170e-02,4.651501480012264905e-02
4.641722641230219566e-05,3.792277208044542570e-04
1.051185180369226535e-01,9.913995788761141570e-02
9.894598373937009417e-02,1.047166880631517916e-01
1.069799321002071063e-01,1.060096826759740346e-01
2.267143928751784165e-01,2.261887351676377389e-01
4.667075309491083845e-01,4.750918624967669923e-01
9.130218507239132308e-02,8.651172808848688056e-02
2.509430885571626302e-01,2.331049410191516069e-01
1.489919430026155232e-03,1.270167181307877509e-04
1.128615791025256408e-02,1.256204815846264679e-02
3.940897033825843665e-02,3.329646081278769820e-02
7.215732156739136085e-04,1.653261887977003830e-03
9.647802858601318976e-03,1.161978369295572910e-02
2.266472590923550876e-04,1.102154798840835080e-04
1.477392551992970718e-02,1.173051372661274017e-02
1.912055998325743189e-01,1.946943642916644790e-01
3.392793494119834552e-01,3.520034698030564679e-01
4.812145130841193746e-02,5.181775773558890130e-02
3.475077159675120375e-02,3.257463501162729397e-02
2.588730362802681428e-01,2.709718188683793993e-01
2.037932306873461719e-01,2.160396442649863968e-01
1.183854790795231121e-01,1.251970794392220088e-01
1.015125448661490515e-01,1.101946764691081049e-01
1.890015505133018914e-01,1.974669590808153519e-01
4.411782976285760945e-03,6.213374461458794594e-03
6.736079634120553661e-03,4.859198231265704840e-03
4.527840289915278926e-02,5.446266030386111290e-02
5.670891476739608333e-02,5.677364721443350914e-02
1.427237893013357239e-01,1.488173064424774539e-01
7.340737940936796491e-02,8.111138797711557602e-02
3.733727482619154936e-02,3.789601268447313764e-02
6.462384770463192041e-02,5.341819036281989647e-02
8.445297065998214059e-02,9.387342068951073926e-02
6.444143638258341411e-02,5.582094848668032322e-02
1.835644389667327042e-03,1.001935059088039821e-03
5.939624446748356526e-04,1.242787412497490997e-03
3.116152784133834064e-02,2.797602800665649481e-02
5.209578299000992840e-02,5.411655214267269837e-02
2.480357167722102140e-03,2.004066575760884809e-03
1.000033232784117987e-01,9.871996072877270434e-02
1.295689470195219087e-02,1.486945555815205947e-02
4.833787488441764445e-03,5.883920465223675504e-03
2.841494751626981799e-02,2.813134855126553716e-02
6.593243422133140963e-02,7.174134416676267167e-02
2.881679955903615128e-02,2.816371026749939568e-02
5.753792452824890713e-02,5.226710906539529938e-02
5.774743173690781960e-03,7.697485857270619514e-03
2.788489067899743365e-02,2.912058009925520483e-02
5.605686596814050959e-02,5.288137671705698400e-02
5.898916505213142730e-05,1.123094177870089362e-03
3.454163282114292716e-02,3.016970154742247556e-02
1.456125865273162970e-03,6.422043744124842583e-04
6.847605722826408114e-02,7.221300632031250888e-02
1.601533913844876977e-02,1.381092689158242362e-02
2.009881013742118305e-01,2.002927303451806362e-01
6.378816870718836962e-02,5.933754158303211623e-02
4.688343865325050874e-01,4.652362313254408965e-01
1.989418939731081859e-01,1.947767731948074066e-01
5.127470800706268594e-02,4.815949214483049301e-02
5.497080963920969454e-02,5.409146911682159720e-02
3.687849137998318490e-03,3.908995357078516239e-03
3.558258773848966978e-07,4.403775064418059473e-05
1.487581455581823420e-01,1.467408427665166382e-01
1.316885645447447573e-01,1.451653630814229712e-01
1.240322531344874302e-02,1.048061046138558210e-02
9.737775089711699084e-02,9.822302567807549012e-02
8.947892026677964350e-02,9.659953817667454867e-02
1.129132824072591468e-02,1.206543726125269833e-02
1.213517002134004985e-01,1.166772633643875928e-01
2.979894467632424396e-02,2.863973363489987975e-02
1.274353786469834271e-01,1.291980301867433623e-01
4.665631538749138128e-03,4.868051604577970995e-03
7.335327245737720964e-03,9.387658879125579739e-03
2.338059726776133549e-04,1.097806236408511472e-03
6.443604347950241881e-03,8.756963136015769381e-03
6.889469110377843819e-02,7.083531698807833676e-02
5.807792796673984931e-02,6.143057131338022780e-02
1.929050634380651830e-01,1.977361705053388985e-01
5.800589394731905934e-02,6.118344810460482619e-02
4.808870894173150265e-03,3.757041593410469227e-03
3.212858079764837060e-01,3.329152830152685150e-01
6.844677622896208754e-04,1.265060271424175379e-03
4.103155388302276441e-01,4.149018841467484453e-01
1.025643610692803962e-03,6.059982205359340859e-04
6.017935610500825261e-01,5.904208678404715416e-01
5.406908851376208969e-02,5.157373261341598181e-02
5.948041224342837975e-03,5.163477893550465908e-03
4.809025200471207101e-02,5.118890086802713874e-02
1.363902708830313842e-03,2.337661291512116955e-03
2.320000691134740597e-02,2.177614477261621828e-02
5.510655448731947015e-01,5.767251721634277795e-01
3.880633071439987258e-02,4.376061557877139463e-02
2.312077975729206255e-03,1.581177412648492649e-03
1.711822027231369725e-01,1.496212659250067967e-01
5.294852168883032190e-04,2.431840260399373180e-04
8.734077455375162738e-03,6.292527756751260630e-03
1.886907379646166893e-01,1.896584377158575807e-01
1.911173306952634876e-01,1.683760997664788539e-01
2.530784223534986426e-04,9.609898097981291176e-05
3.030835568783394329e-01,3.028206616786154881e-01
1.920635519792745494e-01,1.866121179009209707e-01
3.423627708833248962e-01,3.324648152640847787e-01
7.809488877533266385e-04,3.338290043249389581e-04
1.946430130236792132e-03,1.431664682943258613e-03
2.979757254879113020e-03,2.279248956454337817e-03
2.011416135465129637e-02,1.420295417274347605e-02
1.320501769277526369e-02,1.142785646135208513e-02
1.168929601141843883e-01,1.115183317473529417e-01
6.677988800437615335e-01,6.696609947979144106e-01
1.132592517098891527e-01,1.157629401751631565e-01
2.383910330005064859e-01,2.412366090796020379e-01
3.107003086720420992e-04,3.232567920849299908e-04
1.892911325743214246e-02,1.948015437590802645e-02
1.922347307519885239e-03,1.946263442360189654e-03
1.192553016660760808e-02,1.516325586572803835e-02
3.253028510605591268e-04,7.943372627295304002e-04
9.377681593753366129e-02,9.448238070195716376e-02
8.783908522388943077e-04,1.359220607453276008e-03
1.929753529523309807e-01,2.032415483698090941e-01
2.981085751184534352e-02,2.838000745912344636e-02
1.993844389896182179e-01,2.121965045520931570e-01
9.459233631439417297e-03,9.782734682776102544e-03
8.990156659135420739e-03,6.598895359682202012e-03
1.915866135071980503e-01,1.951241183125223821e-01
5.747828295892518091e-02,5.693918499721434268e-02
4.129586280589303288e-04,1.060960353274201240e-03
2.608109899022469091e-02,2.232688328493539695e-02
1.840892113985007905e-01,1.974997828168895408e-01
1.305463434697939733e-03,1.339173772239457419e-03
3.765412460402141059e-01,3.798110749397065056e-01
1.388175846181002697e-02,8.887551603128013289e-03
5.400708122388263310e-03,7.106570884922077010e-03
2.944658805601692020e-01,3.063930951897149146e-01
2.861590577998789423e-02,2.111147774315039888e-02
4.382962440960912545e-03,5.899254409062258502e-03
4.630614832746730164e-02,4.705150727752984569e-02
1.977882564047947767e-01,1.884448360514710541e-01
5.907055591704066938e-02,5.027816888864156120e-02
3.321643899047326681e-02,3.122701286099180407e-02
3.468012836775872798e-01,3.555642474706341427e-01
1.666954677392452067e-01,1.765645423285371052e-01
7.760638192155670974e-03,9.623761062426865534e-03
7.938874841332362042e-02,8.582735994320250805e-02
2.320994211654894346e-04,2.186099907474178155e-04
6.385418551277202703e-02,6.083974135752673318e-02
1.279967665744085326e-01,1.127931550853637777e-01
5.048223679543512032e-02,4.814401276681682523e-02
4.496713335294198477e-01,4.749356445878666344e-01
2.541373144655263011e-02,2.563589823408961993e-02
8.831876347517754131e-07,2.886900867749611611e-04
6.366902612029497199e-02,6.399553202389256235e-02
1.266145253217391964e-02,1.440019740191402983e-02
3.612870998016585317e-02,3.418652508617948255e-02
1.322548447353470435e-01,1.489345099542123407e-01
1.406071897037776131e-01,1.420309909938807236e-01
6.320845927297956586e-03,4.952335705018883101e-03
2.044803781158137101e-01,2.045226162144704596e-01
1.874878208466226603e-01,1.901880072045013526e-01
4.512798694655057591e-02,5.067536847511967119e-02
6.942642892048844772e-02,7.630449483842038916e-02
3.123237870477368339e-01,2.941655609165499952e-01
1.979958951198005496e-02,1.801588463721654279e-02
6.922529951596531617e-02,6.188769649412338009e-02
7.037715782163089795e-02,7.705233062448212100e-02
1.408299997546090532e-01,1.406326449547140867e-01
2.966022542729339784e-03,4.285046623305152971e-03
7.380185673458908302e-02,6.417379866901351537e-02
5.132150988621857896e-02,5.454065378660415825e-02
7.346512124150182677e-02,8.292428276743464555e-02
1.683715239524082585e-01,1.608787921717425295e-01
6.654642566247599700e-03,3.060903466638391791e-03
9.309949693378697863e-03,1.028830352317365235e-02
1.743245810216405567e-01,1.673918711722201524e-01
2.823306044909190127e-01,2.891824270850779088e-01
1.814660242558382430e-01,1.883682315564922105e-01
8.887086252618274160e-03,6.817437018133771370e-03
2.596428186642080194e-01,2.628229194378747802e-01
2.392385671382884355e-02,2.489917835385624389e-02
2.013621728518777687e-01,2.034505216347599343e-01
6.590832954418222867e-02,7.203181648927976799e-02
6.273389669270524292e-03,7.723872940178187589e-03
1.810768131053424601e-01,1.924054729453341384e-01
1.273671169936828676e-02,1.295401916429400266e-02
1.918394491312392924e-01,1.861639734777028043e-01
2.728122783332950427e-02,2.460168202180484931e-02
7.740781807641258783e-02,8.161134575759319831e-02
1.191082642303674111e-01,1.204959609510871527e-01
1.025284757129952679e-01,9.802806795796560613e-02
6.685393311658970744e-03,4.691495656884944396e-03
1.258155653887362349e-02,1.482587127790468973e-02
1.392038154383219185e-02,1.825255496953475179e-02
3.912386779345371907e-02,3.484117677068540586e-02
1.565737738363183820e-02,1.476381670153748688e-02
2.777287910468924023e-02,2.713427666298599134e-02
6.494164898765722449e-02,6.817133167465588839e-02
5.860083171872423717e-03,6.932705620108835752e-03
5.028822528309732399e-03,5.347964589460255103e-03
3.942229056012277501e-03,3.774853371818647375e-03
1.346470406801332786e-01,1.379416668704075422e-01
6.238296729082499180e-03,6.352621967675648081e-03
5.228512316140093534e-03,2.893931099215811976e-03
1.840761587476078334e-02,1.973363334351939391e-02
1.085996419904935173e-01,1.021574736337025890e-01
1.829951729183144568e-02,2.028221184265311880e-02
1.291078648998373246e-03,6.917541076484278687e-04
9.031297119598143130e-02,9.860489097340766063e-02
4.314537871007920883e-02,5.309028931528607387e-02
1.893312651462765173e-01,1.803653084494110104e-01
4.341836551145381723e-02,4.348884172602929254e-02
2.371987367641085476e-01,2.215857122908028443e-01
5.515995073437182650e-02,5.572478208720478554e-02
1.901781018306142323e-02,1.983505562222547675e-02
2.324239115261707012e-01,2.149791272757805294e-01
4.796539536828421831e-03,5.249984740352363691e-03
5.397894118756093457e-02,5.687659521896972631e-02
2.235885405534240034e-01,2.128752830121717066e-01
3.333825598929117244e-04,1.918455548210248147e-03
1.075165030855321641e-01,1.071636000316565085e-01
4.863763304158197354e-02,5.025796900042839299e-02
2.961867019260625011e-01,3.141969630382141498e-01
5.917138746965184539e-04,8.201372917619232945e-04
2.018875590275274468e-01,2.059476496966422543e-01
1.947668689283905963e-02,2.496077123452540222e-02
6.014244724578290263e-02,5.788722949695872949e-02
1.222769790978579657e-01,1.124920311531708433e-01
3.759467412578370617e-03,5.243611120089019910e-03
4.609074442989702369e-01,4.793058619614603000e-01
4.984354849495042927e-02,5.380419067082915785e-02
6.299302848572910023e-05,8.718541474744870539e-05
3.445739340857605342e-03,5.148532404833262334e-03
1.933736382168349532e-02,1.661228212075726782e-02
1.123455306145740984e-04,1.104223675120584723e-04
1.252173733101903386e-01,1.264064681357866260e-01
1.833256137342745562e-01,1.777228791136531150e-01
1.256301175999464670e-01,1.224466679204961744e-01
1.846154065627126370e-03,1.000636204423584023e-03
2.678714045872077759e-02,2.094326074748701846e-02
1.418798685907607937e-01,1.366165820212336679e-01
2.566810184667602706e-04,1.139261919119662894e-03
2.897540712315847464e-02,2.289951514634487942e-02
7.793903693043815507e-03,3.670967284626755565e-03
2.199659385481913532e-01,2.331255683426206315e-01
4.547770707306493521e-02,4.916176721820304102e-02
1.943546215892524159e-02,1.531064416967609434e-02
1.297988347436940526e-01,1.354853648556803847e-01
1.280783567614564855e-01,1.275923214941998007e-01
1.274035085965905811e-01,1.345827996712300745e-01
1.377196642872607069e-01,1.327506810328409614e-01
6.517598410482410010e-02,6.709344624276067370e-02
8.124571593735183117e-03,1.102400487811155440e-02
6.434945855020022306e-04,1.032949390366730714e-03
3.701605555506863876e-01,4.005234111644356276e-01
5.616259978798204822e-02,5.566408684854957933e-02
2.666359404340251649e-01,2.610280385222970012e-01
4.818947749565355930e-04,8.004613272098076758e-04
1.841002013878875743e-01,1.942998849481021584e-01
7.765961242588669683e-03,5.145090311840697095e-03
2.950581711807986340e-01,2.857191222340921821e-01
1.665129152080694064e-01,1.583173490630445102e-01
8.420797158906838387e-02,8.762863724092030682e-02
9.931401110593270076e-02,1.012860450815601804e-01
8.756039540149083977e-02,8.593719595840583481e-02
2.625313571233315324e-01,2.623137313310257568e-01
8.303489749057429981e-02,8.268718986566787887e-02
1.328300428862543570e-01,1.421117937104793560e-01
3.942332157563606040e-04,1.326633115897923964e-05
6.158573038455526609e-03,5.235941119781998589e-03
7.430376376156369589e-02,7.343584843700308451e-02
4.284057428926682509e-02,4.512120402342817416e-02
1.537050123296165860e-01,1.519064408328363036e-01
2.518081311276543777e-01,2.540681161410216493e-01
1.873276916149090032e-02,2.599683853021632698e-02
7.198073848520312318e-03,4.780086007206364208e-03
1.412828169920560817e-01,1.264204734794614760e-01
6.040600135182569214e-05,1.407785176821374593e-04
1.006908434679484182e-01,9.866346874539605460e-02
1.877821098205757481e-05,6.203800357495778514e-05
1.117667127578013120e-01,1.054198845786885191e-01
4.193169302319623565e-02,3.869654387112043958e-02
1.880528703154041581e-01,2.098784498636591389e-01
1.234470620754306441e-01,1.135467915185500998e-01
2.249434226599017136e-02,1.699452344204355203e-02
1.394417927636721066e-01,1.283535225877572850e-01
2.065340639543974672e-04,3.856159951243213384e-04
2.159972988000291583e-02,1.838014428671812250e-02
4.627395915213029787e-02,5.024171899113165363e-02
6.804742427942316908e-03,5.747256268705455522e-03
5.914955098352500662e-02,7.033330498593613755e-02
5.188785780939839110e-02,5.520926547123577999e-02
5.760619034055248777e-01,5.943607204252197018e-01
7.703852263484216312e-02,9.137438004735273789e-02
3.289579207491132723e-02,3.705691143094162060e-02
7.874454781154444083e-02,8.473697054484562174e-02
2.601240367642997445e-02,2.738277884165104745e-02
3.693050647314513601e-01,3.694513450610231176e-01
7.195915204584937275e-01,7.218457751288049895e-01
3.562387228950679441e-02,3.394667121733054710e-02
4.889262933339273004e-02,5.031051542395619663e-02
1.328463049321088442e-03,2.063454925157775632e-03
1.047336207038076356e-05,2.795170956113930710e-05
2.181683786719040008e-01,2.375598594248152784e-01
1.340030528439017021e-03,2.115489135535169804e-03
1.152059046586032393e-01,1.226607746759240530e-01
4.201680556742214412e-01,4.082605816813704158e-01
5.574001341494991962e-02,5.448525052684634329e-02
1.090406330532930762e-01,1.096196491091194491e-01
9.908085025754695407e-02,1.063353270484188595e-01
9.856557952822393720e-02,1.049353505922199226e-01
8.366181058567470630e-02,9.394703458462461132e-02
2.512391508645653651e-02,2.304266793671588820e-02
1.652273756474001822e-03,3.384689676055572822e-03
1.256178590177648713e-01,1.140561007134260757e-01
5.036925135782106301e-03,5.308542802017778874e-03
2.881129404304074576e-02,2.724359436150058933e-02
4.581294322378727524e-03,3.945204341553646375e-03
4.030180589808706935e-04,7.163385944832608885e-05
2.489377991737066684e-03,4.705511991224937962e-03
1.315916483928314951e-01,1.245445862814993782e-01
4.182276287517722874e-02,4.106407666252351318e-02
7.829562570255962917e-02,8.620325383520022200e-02
8.296351233361974609e-02,8.240834882377205683e-02
1.814518850677958040e-01,1.817292517195885915e-01
6.104594877206260400e-03,4.500285774031439340e-03
5.835223390657224840e-01,6.117181716787066792e-01
6.806344950718428155e-01,6.947169872731667750e-01
7.689780507869201087e-02,8.138657264341732367e-02
5.790795598677477701e-02,6.538403200090436851e-02
2.322371233771154068e-03,3.114436159344304619e-03
9.857683436542240980e-07,6.869118743055597641e-05
9.378661930030353366e-02,1.075204967231102732e-01
5.761629647177359979e-04,1.393417784109601777e-03
1.746946757667750677e-02,1.625654189185751428e-02
3.522770123202579456e-02,3.571797080566110894e-02
4.476287121680442432e-02,5.058960224809930240e-02
2.842828241926944471e-02,2.825331108723046908e-02
6.251110755159908390e-03,5.466706679173130926e-03
5.255840058736833964e-02,4.679089911224197651e-02
1.461270594419950830e-01,1.453990511478796266e-01
7.032978503685670402e-02,7.323613470442785767e-02
4.022709175368785646e-03,2.410664130392693467e-03
3.766991214320924292e-02,4.060899986465519446e-02
1.499828544349109347e-05,1.436631857084835709e-05
2.107242335773475139e-02,2.009141430469710624e-02
2.292636910930366968e-04,1.025440960451284335e-03
1.749801030527198357e-05,7.827906270367314618e-05
5.732724966837429159e-01,5.748877670993468580e-01
1.619401248682766359e-01,1.620006378025048710e-01
6.362514342307475090e-02,6.067067619886205854e-02
1.627261596947433137e-02,1.691778447906407482e-02
6.124924004429554980e-02,4.806425129577644034e-02
1.158456224227004672e-01,1.034928607197304340e-01
1.281590773230977063e-03,9.471891365248219117e-04
8.798140175483863679e-02,8.831386818052071319e-02
1.869292423072252754e-02,1.886064299674641842e-02
7.206457388689719613e-03,1.199380686579018876e-02
2.681643793464096315e-01,2.545179915768153167e-01
1.011787655682749448e-01,9.908557729757640209e-02
4.530334517702205854e-02,4.432568318629137583e-02
4.992624426484654210e-02,4.719088040183112842e-02
9.723364090705120810e-02,9.461986050582942009e-02
5.084531296591797422e-02,4.443937836634759275e-02
2.800448035992853316e-02,2.872777488706143578e-02
2.122589913108710244e-02,1.596039288364008851e-02
1.025935875365893424e-01,1.022421425203021844e-01
5.799642597337098526e-02,5.402349149572027720e-02
7.345359046018760073e-03,7.568228190962603130e-03
8.784425722749150678e-02,8.412986836796750023e-02
6.394681109120049778e-02,6.957770766514656535e-02
3.340386197575296451e-02,3.718635874262578994e-02
4.278661964902866210e-02,4.841744278386625466e-02
7.459391101279113680e-03,6.741596531803998281e-03
1.064308653875882665e-01,1.092669095602917667e-01
4.524889035176827279e-01,4.627023245937506024e-01
3.822924168615710050e-02,3.519623884721848062e-02
2.246026167481691982e-01,2.335970361511789661e-01
5.171579551404710540e-02,4.981487901967122239e-02
1.146099752249204323e-01,1.145572823984159494e-01
5.531898801863211618e-02,6.428410613017639108e-02
4.876639882970490447e-02,3.762165279804738360e-02
2.147316955111540082e-01,2.100913421385336433e-01
2.483898677394334384e-02,2.304154021023638310e-02
1.738243635858282080e-02,1.506464394946815250e-02
2.529249710388655203e-01,2.433365431361966813e-01
3.676493077051758429e-01,3.768549692070601309e-01
3.918785749404458951e-02,4.079888486589057506e-02
3.041284803402504594e-02,3.564828333260209453e-02
2.420591418695108507e-02,2.269162935579990825e-02
3.274297619097892714e-02,3.279809261561426187e-02
1.204373163599097929e-03,1.164640213186915593e-03
2.041717286468049397e-01,2.084016491381477376e-01
2.197700829592672822e-01,2.100038208291956643e-01
1.034977043141101782e-01,1.123064188706977135e-01
8.018877793440468138e-02,7.717515999073136512e-02
4.407740522075742629e-02,4.179997942048749998e-02
2.737109666528782584e-02,2.851284759442588093e-02
1.284641939107606518e-02,1.944920151781110232e-02
1.016462340295490457e-01,1.016209898223322527e-01
1.911373602222949108e-01,2.084477414328776979e-01
1.246215674754598546e-02,9.706457674639835248e-03
1.363650314119799721e-02,1.377139184452715742e-02
1.973887039521841566e-02,2.457435104391954978e-02
6.596440240446243067e-03,6.181745560791944774e-03
7.021704591013816499e-02,6.963281810998298016e-02
2.695309967799916387e-04,4.459757545707143446e-06
2.914756906150014083e-04,4.301972079339176576e-05
1.207828655095534096e-02,1.222982488952435894e-02
4.761983922129255781e-03,5.648104673548349185e-03
2.721166192712370924e-01,2.721987200155374098e-01
1.592576270028629943e-03,2.104511408052690911e-03
3.242218607494763531e-03,2.388193412120522430e-03
1.125857699884194943e-02,1.200451211639786721e-02
2.794651459783864186e-02,3.477223918078773540e-02
5.433468860582138515e-02,4.936671205624981046e-02
5.460481500437314173e-02,6.049258078763845858e-02
8.839827424170230985e-02,8.814945588579603530e-02
6.560056360983090862e-02,6.739126441521411937e-02
3.982070554893968328e-03,4.323966334495174882e-03
6.379587329292323028e-02,5.806232235881927939e-02
1.263966150248347908e-01,1.300699709119178815e-01
5.786113873322585449e-02,5.945375086363252626e-02
1.331451203134657035e-01,1.313039058246245339e-01
1.872975099437055625e-03,1.784630524582279465e-03
3.138805218511523526e-02,3.069943572253124378e-02
7.844267544160937744e-02,7.327350160227265319e-02
4.225108184932374611e-02,4.097830995570302115e-02
1.997738705763573569e-02,2.060325713086495411e-02
1.432685882667214528e-02,1.290162117974802576e-02
1.146822888580396882e-01,1.105428088539116560e-01
1.037534088594446909e-02,1.007386104850380160e-02
7.704842584579722764e-02,7.902707411911429058e-02
2.698199454478664855e-02,2.472148436392259535e-02
3.892739251065600696e-03,3.999213358407776274e-03
5.382024862446714748e-03,6.532703210458193355e-03
7.487872935520941547e-03,6.546493052632421442e-03
9.214974977340138415e-03,5.374988320959331843e-03
1.530589806753654414e-01,1.565765354674389376e-01
1.424806375383632501e-02,1.454314915962320529e-02
1.807103974345313224e-01,1.792675622318308515e-01
1.310018653436073877e-01,1.279633347418351608e-01
6.201718238763419960e-02,6.237710343015694103e-02
1.635020130012013141e-03,1.015018240904519116e-03
1.048499015099636257e-02,1.049873179799614559e-02
4.771504138589850452e-01,5.100683857025216650e-01
3.857994637370570218e-02,3.203543588651960872e-02
1.034043165866339875e-02,1.280301096366678708e-02
1.063626638900750376e-01,1.094447895966270540e-01
4.877931065451144839e-06,2.219227514871500897e-04
5.271674853190530530e-02,4.846403959014504437e-02
3.560458388371100756e-03,4.683201715189649374e-03
5.657698315769731784e-02,5.221027192908745534e-02
1.725626741705386935e-02,1.928890830512204266e-02
2.167685757461475932e-02,1.824199924759762129e-02
4.018782858328254770e-01,4.086278558860290677e-01
4.179139071411417695e-03,8.490368041958119144e-03
6.043180609645346785e-02,6.007783658679392846e-02
9.462937366360571478e-02,1.051514985172450900e-01
7.432242810992887791e-03,8.188559614848218982e-03
1.477127203192961091e-01,1.432991875349461097e-01
3.941750054479081083e-02,3.301965726422899372e-02
3.784047126772978852e-03,4.308327514398841915e-03
1.514576981159642954e-01,1.483632272437829525e-01
5.438144339824772105e-02,5.828398493103915251e-02
2.123173441881634135e-02,2.500398032002547691e-02
1.945627187434787464e-01,1.982536154224627534e-01
4.606371611514514797e-01,4.674970786329541439e-01
5.973729330724261016e-02,5.205829517896584657e-02
3.247667297579954343e-02,3.260309403977589005e-02
4.772279621281067755e-04,1.855181498354829643e-04
3.933457461446557973e-02,4.668827297897383544e-02
3.179525230388447615e-02,3.263278502471696207e-02
1.133359988189085177e-02,8.502359929704854033e-03
1.300405975039093109e-01,1.174937141511662037e-01
1.218997488374713584e-01,1.111125783576145387e-01
2.562963167302983458e-01,2.435790297783482494e-01
9.966212252798265295e-03,9.455914317740048841e-03
1.946455520070146938e-01,2.016985248593674840e-01
1.205657788779971630e-02,1.006479063048661658e-02
3.557765093352445191e-03,4.891392400062091143e-04
8.002212687633346614e-04,6.773611135304798527e-04
1.120228221473625885e-01,1.163370730804590414e-01
1.592958386937299783e-02,1.134810114404148813e-02
1.111305425566082306e-03,1.376279181263424843e-03
9.239359788407148317e-05,4.722609047250873903e-04
1.415748228342580094e-02,2.179201476242765417e-02
2.086534376960521783e-02,1.860764232829892686e-02
2.670076452685557836e-02,2.667571461758250217e-02
9.292044288441657363e-02,8.622339249309333986e-02
4.964045619163068301e-01,4.930967292712613581e-01
1.264748203608538346e-01,1.323039999861934102e-01
8.150315228314999882e-02,7.513887850626264908e-02
6.191432048808335337e-02,6.808823682789670595e-02
1.202180706521929626e-01,1.212911101455254881e-01
8.416983872556822645e-04,4.555132996145589666e-04
4.062795022921716348e-01,4.032205239929994578e-01
3.159114783062414583e-03,3.102164461208989973e-03
4.376140949839107258e-02,4.230978378940882662e-02
7.973837444310608383e-03,8.272717360990165456e-03
6.544700147799380197e-02,7.306095982025716251e-02
6.242102439231238427e-03,9.101880893562187477e-03
1.023330975997280429e-01,1.035703672791879887e-01
4.501834327977561889e-01,4.647942935705134393e-01
1.427558014213588591e-02,1.502059753359972008e-02
6.337521212585550678e-02,5.703939269007859969e-02
1.103509986094097506e-01,1.244108773848185689e-01
9.696677368612769549e-03,1.084172041746439032e-02
9.913583990842973759e-02,9.702445772099951848e-02
1.296931717240481230e-01,1.346935886142070771e-01
8.714988286638677972e-02,8.133175501496331394e-02
5.146567279262052180e-03,4.108073353137452720e-03
1.150482656480750349e-01,1.036814489566901115e-01
8.812408551319229899e-02,8.903832950784343336e-02
1.306972923635438266e-01,1.259621350463527578e-01
4.125074673574538608e-02,4.085379534020053965e-02
7.342810325208862232e-02,6.950703222377146995e-02
2.078945782993845970e-01,2.053236718334974786e-01
5.706027549715416217e-03,3.285579472456215053e-03
4.611617896311772345e-03,5.147887092135668315e-03
1.152696043099580153e-01,1.139158670210175806e-01
4.563806734405229798e-02,4.370411287422126118e-02
2.988319938412372246e-03,2.284995362575095116e-03
1.262142282292622562e-02,1.127193039465441450e-02
1.756476028196160832e-01,1.776152986437560810e-01
8.591321812164751104e-03,8.909295662577807959e-03
1.079128063499776857e-01,1.020828329673459656e-01
1.816716536873011365e-05,1.077289834485845271e-04
1.184767284782748953e-01,1.151800509848004833e-01
9.700660725381596641e-03,1.081862300489359538e-02
2.151945482461412127e-03,1.810978362611413749e-03
3.960139667757950170e-04,8.493033637702969083e-04
8.850287792477559701e-02,8.632801683575049012e-02
7.177898498465463961e-02,7.574459521048246269e-02
6.047677587810037364e-02,6.684255964887837742e-02
7.246524936703162278e-02,6.759807088295420596e-02
5.817845922131684687e-03,6.658716350065613070e-03
2.038012845993247280e-01,2.018769582276294938e-01
7.543540473835081767e-06,3.457456976670648572e-04
4.654417505658287740e-02,4.206094412519256059e-02
1.350747929563602019e-02,1.319329879796710646e-02
2.434861510642751248e-01,2.518473608397014951e-01
6.054133511413421764e-02,5.928809169933661055e-02
1.618055985164885675e-04,4.669415594596893642e-04
7.868510940709293189e-02,8.172931108625408614e-02
3.473363819039278211e-02,3.191108964716340979e-02
8.946725985910156109e-02,9.786467275757362860e-02
1.035282369258203050e-02,1.055219395930491293e-02
1.737257775504241070e-02,1.693083157246743839e-02
1.092545508794593237e-02,9.798167929969164164e-03
1.494594338700658831e-01,1.550141014752328128e-01
2.034565241968494878e-02,1.692405922883550087e-02
6.062564074400110803e-01,6.108462980276883059e-01
1.561397465143193018e-03,1.317939113426183986e-03
4.757681418338765254e-03,3.880518323913134497e-03
1.057079135437395401e-01,9.561729635615541512e-02
1.206823214190282795e-02,1.111706612032923973e-02
2.120766301024350486e-01,2.111127539344502257e-01
3.300554888839529050e-02,3.519520005117095923e-02
1.218074819511405366e-01,1.246074654615604710e-01
2.153882643342606377e-03,2.067667898189072626e-03
1.813639725626943755e-01,1.919751538808155134e-01
6.714841352073589939e-03,4.332541680000202497e-03
9.641806768946248329e-02,1.035284821086567136e-01
1.535586358125994380e-02,1.349759750335076045e-02
2.718979378281726530e-03,3.578651400476997452e-03
2.039048909056242198e-01,2.146203984476860449e-01
1.253381266734051869e-01,1.184688756192251724e-01
9.371794840466561929e-03,1.117238657761060114e-02
3.690969882677964942e-02,4.239206767271819221e-02
2.907796579274066762e-01,2.994358784827975128e-01
1.105026808226009516e-01,1.248707271843612215e-01
5.273415295503443012e-01,5.369123406599790593e-01
3.907449189222653185e-04,4.138543867707483617e-04
1.877477464813848444e-03,2.112338518983965675e-03
7.418814994762688853e-02,7.300626983309757567e-02
1.780574052175072641e-02,1.464933564846638593e-02
6.638737565039788402e-01,6.521146301331395279e-01
2.055613127023847020e-01,2.063950572098630365e-01
1.091386718002040901e-01,1.209376348232619608e-01
3.701089255159529245e-01,3.741246926337296053e-01
5.694465944521226453e-02,5.532275874068248722e-02
8.568672351364287065e-02,9.137107606739645893e-02
4.651620453670681221e-01,4.527835196261175144e-01
4.737514752266974022e-02,4.166103240242943068e-02
1.347277880812797757e-01,1.312123616559566774e-01
9.485638659600562983e-04,1.091389692490993485e-03
2.991667764999672574e-02,3.254225018630096250e-02
6.925603556715875797e-02,8.174879785971771173e-02
1.796031941126674525e-01,1.797284970361419931e-01
2.604264439342269810e-01,2.733662743997958278e-01
7.226184831071279235e-02,6.645995906214763327e-02
1.736420946179341061e-03,2.119063753328111720e-03
4.919394833669916978e-02,5.514354456597152926e-02
4.115218320681356956e-01,4.167486388259723507e-01
3.479749609011015255e-05,7.073710263082185574e-04
2.417164374189974541e-01,2.537405148723862469e-01
8.300515161141913678e-03,6.323000946940995730e-03
8.260605333564237374e-02,8.878924003012163280e-02
1.225083028039281562e-02,1.171970013067319578e-02
7.647011019005373056e-02,8.380332932740565399e-02
2.632837058709264211e-02,2.447109490397582701e-02
2.861455957344482548e-01,2.995282151866667797e-01
3.429821875293151967e-01,3.327237698011040745e-01
7.857421695613804255e-03,7.223330607846954222e-03
7.800582970036197550e-03,8.130477082879894457e-03
4.570801244230529581e-01,4.652189036028463454e-01
1.234691475325686710e-02,1.222605471837683727e-02
3.489259341891549210e-02,3.453906896697537393e-02
4.456254847117112616e-01,4.234449272266945785e-01
1.187589324896686505e-01,1.047124410637987058e-01
2.506526912987359634e-01,2.482333449660497904e-01
2.769853166269273803e-01,2.844925837108950306e-01
1.058169518975228052e-04,2.152863448892752455e-05
4.233941199094012897e-02,4.908407507606893372e-02
1.311692065160512677e-01,1.299875928048004059e-01
1.192987798927432758e-01,1.292571998941965949e-01
2.700892358142602534e-01,2.678411511721794369e-01
1.342529657533907128e-01,1.337658863087661798e-01
5.579823761410161731e-02,5.498660368076101201e-02
1.367939624064382770e-02,1.153642165962936138e-02
1.211888423509318857e-01,1.127903998399255592e-01
9.280515031210979926e-02,8.901543431868838563e-02
3.863872383313818326e-01,3.774796084115788486e-01
5.007850779130153251e-02,4.770871216180355701e-02
2.092568664871956308e-01,2.093824061512497003e-01
2.183049626948897204e-01,2.087239701798395408e-01
4.850429796328011717e-02,4.512459491846664006e-02
6.780367374562952243e-01,7.127768460559231745e-01
1.465412218393124799e-01,1.393677575325250884e-01
6.793799808121456230e-02,7.646092253770377101e-02
4.320284558712558787e-01,4.314365148179142295e-01
4.242768468316668873e-01,4.242638394962767734e-01
5.928464285363096997e-02,4.803976892876315324e-02
7.421720893037395128e-02,7.266412322639713428e-02
1.136474923248396857e-01,9.915686059007194908e-02
4.595684212536047530e-01,4.630356056495542050e-01
2.759083349332292975e-02,3.047983423847840101e-02
1.043449250691244196e-01,1.112976240408654338e-01
5.174919121033603325e-03,4.783081300459766233e-03
6.024073838758835231e-02,5.786661617153514292e-02
8.444420142885233904e-02,8.817628700209761972e-02
1.324596300975289329e-03,8.535039107307512609e-04
4.948045036508910699e-01,5.094635173758265134e-01
2.271664896464388184e-01,2.477290869557165764e-01
7.873145864255430559e-02,7.211187808268146315e-02
1.260467434163159428e-02,1.194176921148575390e-02
1.657504130341375670e-01,1.519629653715259265e-01
1.067721278178886124e-01,1.130250601743634786e-01
3.250052792635820809e-01,3.228872755032105024e-01
6.398539698602628834e-02,7.659760644451371614e-02
1.537805258521086349e-01,1.458631940462181420e-01
2.164592516830146293e-02,1.679154504225650879e-02
4.510951167105196565e-04,4.045950997421754545e-04
1.032721167352850244e-01,1.155929987584562862e-01
5.880208803022359682e-02,5.682447265274461617e-02
1.184747586422740806e-02,1.562149996697134897e-02
1.706984725572046604e-03,4.676790220876067550e-03
8.628941254079454740e-03,1.161228004915894688e-02
5.346011829031181717e-03,3.432872754232054856e-03
1.984022654107813755e-01,1.991237306364953275e-01
1.913964636737515435e-02,1.222021039798015796e-02
2.016397402815762584e-04,7.627075628898072758e-05
9.428002650616544578e-02,9.179309305329215463e-02
1.533808429763367231e-01,1.703175255416782830e-01
8.287474196019448680e-01,8.046112563973560894e-01
3.273879997804624020e-03,1.621809579726983747e-03
3.317995645382919023e-01,3.501494821505599653e-01
9.313141582939339636e-02,9.286151348091252478e-02
7.564791892320924145e-03,5.277909732635781802e-03
4.994026901079532321e-04,1.375058265708336809e-03
5.523382132242211640e-01,5.748968370028133545e-01
7.557455736589079043e-03,9.346278390993067314e-03
1.027350791143116305e-03,1.811900264743459329e-03
1.186294726050351675e-02,9.801923892324124893e-03
9.285664945091164080e-03,1.181224261558562992e-02
1.599303388107779084e-02,1.491227751033370047e-02
6.280344389883286971e-02,7.261882382389051038e-02
6.273939576944938257e-02,5.966434189830158857e-02
1.598247751239688721e-02,1.839608100306880031e-02
7.765062897492067302e-03,7.010998069154107844e-03
1.504395334160144038e-02,1.165188157925193223e-02
5.254220319233825209e-02,5.467731561354266523e-02
5.413339043657144911e-02,4.910698687604835716e-02
1.833763627824492454e-03,7.396540869413512163e-04
3.705273660514004641e-01,3.690140191109049783e-01
1.965416689289401220e-01,1.963674321448197480e-01
2.024283540570628176e-03,1.847945768840793474e-03
5.187847227918147668e-03,5.845729010114435360e-03
1.240961409722318443e-01,1.240705982840460408e-01
9.632471622349364493e-02,1.137985384649448511e-01
1.898516189892871658e-02,2.378957000980146119e-02
1.746053916090986313e-01,1.780634838124234565e-01
1.613064617674510037e-01,1.509524465545976357e-01
8.784012635446016015e-03,9.235793151881069307e-03
1.104643194086648433e-03,2.319430140563626640e-03
3.878300068643038279e-02,4.279539205107271704e-02
2.088735524419919193e-02,1.476136681228485369e-02
1.316222443401190156e-01,1.432626578693133035e-01
6.598823613391594650e-03,7.786830906346789948e-03
1.010780780706566767e-02,6.576680003270123434e-03
2.804879751707479302e-02,2.416790313977973392e-02
4.217209497408512808e-01,4.147068832002445693e-01
6.403181262632087929e-03,8.121108934857011394e-03
2.285274496121396104e-01,2.377306248415030077e-01
2.226419457462025242e-01,2.226331170165161411e-01
1.118490038992582952e-01,1.027771212995979289e-01
1.254160066760716570e-03,1.205566233067365033e-03
2.339943751386304727e-01,2.227708855893591466e-01
4.061607189390257881e-03,2.257634963236475507e-03
4.561826922880625564e-06,2.559213682437611590e-04
3.083450136664094288e-01,3.271234444829820287e-01
2.752811654112345100e-04,9.892948761641056146e-04
7.454177094505415628e-04,1.863107064070487762e-03
7.475080992522561800e-03,7.440151522544531833e-03
1.160351958673412204e-01,1.245661840436375900e-01
4.742220546425145872e-02,4.437064985625055469e-02
5.472699843064103911e-03,2.293280651745715094e-03
6.078132735089081945e-02,6.198888327112238306e-02
7.507354599937837714e-02,8.041081644568388864e-02
1.324233748354432597e-02,1.346328078353879742e-02
1.129076386499701205e-02,1.138524502395019643e-02
1.174749255801306042e-01,1.179977174314876948e-01
4.401789158606271568e-02,3.860825944198592596e-02
3.572766369361825636e-03,2.794973886479791125e-03
7.349851910888439976e-02,8.562755009112825444e-02
4.019288316922705467e-02,3.827019151811682229e-02
2.133361197686694244e-01,2.124064690344125705e-01
3.738009849745536073e-01,3.954603786182637748e-01
2.418788242459156065e-02,3.227185433392797120e-02
4.194101262984655798e-01,4.343139835072156174e-01
1.013683785979560964e-01,9.029448836556219771e-02
2.211138479293791592e-01,2.022884811890515999e-01
1.975272440348799785e-01,1.972586128009111983e-01
1.547419680947797194e-01,1.628625248994748365e-01
3.466860759375127877e-03,1.188743848586365590e-03
2.705797529573993401e-02,2.608888181819746244e-02
2.258090745198806579e-02,1.942282979297574666e-02
1.002780910900678141e-01,1.028063344071348667e-01
1.403800136075776805e-01,1.425054208337143136e-01
5.210233113801139293e-01,5.146822645452423517e-01
1.559767217558612473e-01,1.445729119629524662e-01
1.663742523351582903e-01,1.709000410317439989e-01
1.133278824650025274e-01,1.137077587738664214e-01
9.173553645745105567e-02,9.007764063903431206e-02
2.225883379504212667e-01,2.095108859447563088e-01
7.398842390603735386e-02,8.199315413406654818e-02
4.420100770951206764e-02,2.991454130208510975e-02
7.786377676366700203e-03,1.170560123948838176e-02
1.711694332118798845e-02,1.865946255831196429e-02
1.818062144194476648e-01,1.861277837536028379e-01
2.631623503452465949e-03,2.808133808583633626e-03
1.424011928279521810e-03,1.777250915524781387e-03
2.548011067407908448e-03,3.562488621578096225e-03
1.632990084489749361e-01,1.500915694401046829e-01
8.399836770246790763e-03,8.633636489803352479e-03
5.661057837265569964e-03,5.560008345487627186e-03
2.909504846298340691e-02,2.704893259078591447e-02
1.041567771906604578e-03,1.641707042887548392e-03
1.458550329107423382e-01,1.512327308700689155e-01
3.652667128199212163e-03,4.439742624489542537e-03
2.182525035536985944e-02,2.571247197905995180e-02
7.973437767651980063e-03,7.998012980211183579e-03
7.257865179366041614e-04,3.789890296370936550e-04
2.156048575450314388e-03,8.850683310468178107e-04
2.977801784429237597e-01,2.955538415533247032e-01
9.607596105335183823e-02,9.627642914145154163e-02
1.502835176699351127e-01,1.578090730119044161e-01
6.881200601964193196e-04,7.919469483609363003e-04
7.934821286761893910e-01,7.833405023438578807e-01
2.976551417935962337e-03,3.297824684593000325e-03
6.289515766321629453e-02,6.563594034063208182e-02
3.213537923903514448e-02,2.122547660497398417e-02
1.214807878771571592e-01,1.179901967721074113e-01
3.763466842465060420e-03,4.984529748725030456e-03
1.348034788909359127e-01,1.192909454178311540e-01
1.353020743510060797e-01,1.269189468272058918e-01
3.296151004512289096e-02,3.315165262356070675e-02
4.481745090823084643e-02,4.641866033411215509e-02
2.346783092289996264e-01,2.393048702349216683e-01
2.044102187689778721e-02,1.568348834537219502e-02
4.578672690362469572e-02,4.497299876145255393e-02
2.137457947718239982e-03,1.448312448881970433e-03
5.253133617930270428e-03,5.170226191878227705e-03
1.168504905754576412e-01,1.111346625807795446e-01
1.400919791038267304e-01,1.463080674391338543e-01
5.461689808879042346e-02,4.933402840845980963e-02
9.545974387028249852e-02,9.919321521603115255e-02
4.776682137905277452e-03,4.049070510171006235e-03
2.509072944096584542e-03,1.875737285318347007e-03
1.010469332640140661e-01,1.050442614507694356e-01
8.116440706835507946e-02,7.157701605321389882e-02
1.088149014202082626e-01,1.038210560917675052e-01
9.812281605056827338e-02,1.031038124198630918e-01
4.115265267505444080e-01,4.073601096417096556e-01
7.385515004468250211e-02,7.549506527672085465e-02
1.665179417253122851e-01,1.486700678201364756e-01
4.401645173019884047e-03,7.656304244422468437e-03
7.903654656976345783e-02,7.756676823565121504e-02
9.665257445467893491e-03,8.549731013431396270e-03
5.543616599921533106e-02,5.699579350850802334e-02
2.929942660815763184e-02,2.638073224617570531e-02
2.457407984316129987e-02,2.831956016150759606e-02
1.414622240475150727e-01,1.286642078662620925e-01
1.094173079115400571e-01,1.111692245226647419e-01
4.421767525100035181e-05,1.707704975511394692e-04
1.775105547836627884e-01,1.800989244731947270e-01
1.444783786079288732e-03,1.291778123216179167e-03
4.060800549917817359e-02,3.689387051313996330e-02
3.354202358015671154e-02,2.772796544540357538e-02
7.412181097038770573e-03,5.443107760946690188e-03
1.658972796190932575e-01,1.605129090952052695e-01
1.084698324791069091e-01,1.027551976670239564e-01
6.036484496357437756e-07,2.063207101107568072e-04
3.035744403732225545e-03,3.002400260689135764e-03
1.768476799014353368e-02,1.664664793242825319e-02
3.139064105082779027e-02,3.860565310257307176e-02
3.960218381682427402e-02,4.569604373305431039e-02
1.736968173981860430e-01,1.717962928329771211e-01
8.490399064443649238e-03,8.641919955109081744e-03
2.057847892305756377e-01,2.064933108413016805e-01
9.442190317510382180e-02,1.003304708352047853e-01
9.327037279922764657e-02,9.668467707127553767e-02
1.856266124917241855e-01,1.931640866434423953e-01
5.834414461066515789e-02,7.081824489862330319e-02
3.731787097361284888e-01,3.841726152121069382e-01
5.415430687684424536e-04,7.460548375210852628e-04
1.980941477822494717e-02,1.941419904457510059e-02
4.855548010426316563e-02,5.417556415543027526e-02
3.263306736019078690e-04,1.524009251534665252e-05
2.013670864507230152e-01,2.231424084701756072e-01
3.950925639553258539e-02,4.228301054029172390e-02
9.950152939187657808e-02,9.190193604522797766e-02
2.038692826994784393e-02,1.702442418861324983e-02
1.298792321314644616e-01,1.347015690953360934e-01
4.061108521942153882e-01,4.139089245927132232e-01
4.084554404794698418e-02,4.124834640136356562e-02
3.750542913000717501e-03,2.592444846612630433e-03
1.063027748816340948e-02,1.076652673093511474e-02
5.204901747158481307e-01,5.062885471998381792e-01
1.144207346043547985e-01,1.118337637716916022e-01
5.816877369139317883e-02,5.978103357364340092e-02
1.593666133339179851e-03,4.079042021369542591e-04
2.600163918412622815e-03,2.479005594748040584e-03
7.466134241891145273e-04,1.200876376867776162e-03
1.081032982609443499e-01,1.039773229954427669e-01
3.177916585818261769e-03,1.890684047988135715e-03
1.308750096188261991e-01,1.352953782124016735e-01
1.881914874627854672e-01,1.895352084720388630e-01
5.210119896800581574e-02,6.442377509462533791e-02
7.417114992152328001e-02,7.726046576390037390e-02
1.450074116363969934e-01,1.511079571456386550e-01
7.625752814606098252e-03,6.360488760451523012e-03
1.821945987401534309e-02,2.195446492776277972e-02
1.859432147484530590e-02,2.074573998486726675e-02
6.599144718526675502e-02,6.714570605881797771e-02
6.607297123087392532e-03,5.054998023263243545e-03
3.605764484980102796e-02,3.487813248459907534e-02
1.036015594796401429e-01,9.681346509451679849e-02
4.404934696041126752e-02,4.697438976386198589e-02
5.852210492269152020e-01,6.249463057843412939e-01
3.874557787215154083e-05,4.091429849934087571e-04
3.354657418109442402e-01,3.490916144576262647e-01
4.266231813540587864e-02,4.929198654766182852e-02
1.514493083326425883e-02,2.180039475886197745e-02
9.097757388250676770e-04,9.769263119739023636e-04
5.515011229212571017e-03,5.935543114773522005e-03
6.270385635828686077e-02,7.169730083352945926e-02
1.193254174145570723e-03,1.413654324436654924e-03
1.317399383424655013e-01,1.404447121514989238e-01
2.097189891486295893e-02,2.439388953082957320e-02
7.938801604681912719e-03,7.757464831880158014e-03
8.948740252493332659e-02,9.879454497604962804e-02
4.785588270292968037e-03,4.998044955217168482e-03
6.227230219560371538e-02,6.580043982433740613e-02
3.002176700080243926e-02,3.037617844934738937e-02
3.051965221340095513e-01,3.066727249372225850e-01
1.170711710553239311e-02,1.317600327520893240e-02
8.044057273917917805e-02,7.486687349656091783e-02
1.701493032219531182e-03,1.423784794439793234e-03
1.444804387426058545e-01,1.507110438271801744e-01
3.444059402684548910e-02,3.282488673697402104e-02
5.023376652908272816e-02,5.903198471580555634e-02
2.881793351632552097e-02,2.660201770113147790e-02
2.672520170859872188e-02,2.934786624651255366e-02
1.748111361304428568e-01,1.766967201270888688e-01
7.501749910553446058e-04,1.423966672356733690e-03
2.612908559827448445e-03,2.673198266558679103e-03
1.598085743673035297e-01,1.758985784411333797e-01
4.481031814063443641e-02,4.788919708081956078e-02
6.636196348197509476e-02,6.705530912328551418e-02
1.962047651694107941e-01,2.142346507471616923e-01
9.301325716224687068e-02,8.599864633222119303e-02
8.709527354537752175e-02,8.714909817727284347e-02
6.068469797292511819e-02,5.824212684339587220e-02
2.374377454375065921e-01,2.404625629537560372e-01
5.079425161520239040e-01,5.172082149433890885e-01
4.599603040869381515e-02,4.738569656563164367e-02
1.165583165514413530e-02,1.243203736951312491e-02
8.932025496638374973e-01,9.362131299822209485e-01
2.205390011436675068e-01,2.264351371153063841e-01
3.802141810385999935e-06,3.349452731780917732e-05
1.613315634943199729e-03,2.120618997639676928e-03
1.669639724418316984e-01,1.571997507902704594e-01
8.504923705022735675e-03,4.303555315913846872e-03
4.523209018775072310e-01,4.617071973725728196e-01
1.761829505674396973e-02,1.311348621924059155e-02
4.310966475237500983e-01,4.154678830773189668e-01
1.473489765501071781e-02,1.514840215498531109e-02
3.144734386349727351e-01,3.226742066800833975e-01
4.529091854777054366e-02,3.877417384936030637e-02
7.367376797450245207e-02,7.661645129815462807e-02
4.550958388276120092e-01,4.399348193978921961e-01
3.498621733059302519e-02,3.028058450065803167e-02
9.414461207198710282e-03,9.811619998972872028e-03
2.167187155296870435e-02,2.499165592535053729e-02
1.950476717004597654e-02,2.335076299079882900e-02
1.728575919845932174e-01,1.641614960556944947e-01
5.736029490462367375e-02,5.827440415642834437e-02
1.489433866059177436e-01,1.486598498756497300e-01
5.462359681576461207e-02,5.134472472547015748e-02
6.238818380434207195e-02,5.161686090909509139e-02
2.042471202831711019e-01,2.146498125236069310e-01
5.319711022449707949e-02,5.049718585552825240e-02
2.575233417137119809e-05,7.571745810704149813e-05
8.680638678105017519e-03,5.814474214273356034e-03
4.414163646044545687e-04,7.904207097439863586e-04
4.964407008879427874e-01,4.953565006109688640e-01
3.072931816099924163e-01,3.206765538930323456e-01
2.249288903860367228e-01,2.104938819860480981e-01
1.658963050475853115e-02,1.341513206599338759e-02
2.998189846579851769e-01,3.076186396883555108e-01
5.352203528538115179e-02,6.145117189490555132e-02
8.442502772225783658e-02,9.648667965074915476e-02
3.571916991837727900e-02,4.071779714426568275e-02
7.174214185762000555e-04,7.002545543287815337e-04
4.705332394936878604e-02,4.376233894250030482e-02
1.118202802586917149e-01,1.099192359716769929e-01
2.817474148996804845e-02,2.666315338842234484e-02
7.538599706964039388e-03,9.250875861903262720e-03
1.045716057281629967e-02,8.895147466882850906e-03
3.997730792821872076e-02,3.787642612297068001e-02
4.167241576314801438e-02,4.298220293537100001e-02
1.062576906067261122e-03,2.998991468912309594e-04
1.655498803024238463e-02,1.912083008022205655e-02
6.029897712441448059e-03,9.125936504022826370e-03
5.019824583980302471e-03,3.109454224896032130e-03
4.371473245467393659e-02,4.793018630852455275e-02
7.594254440615402779e-02,7.134987922694080442e-02
6.462036005042662463e-03,8.502454714431116264e-03
9.386761677255933689e-02,8.965517942646396288e-02
1.638720444134927623e-01,1.753167341491680964e-01
1.431784580947271894e-02,1.474148857925156042e-02
1.952890490653539160e-03,5.798655961458232255e-03
9.585322322484580992e-03,1.187424460258689439e-02
1.714539457759028385e-01,1.817204222866779795e-01
2.997418919862819275e-01,2.902760401763717080e-01
2.728101963432623123e-01,2.658902328276764870e-01
7.076532230045619667e-03,4.741021683132532957e-03
9.400275896900757433e-02,8.808797503063608980e-02
2.652841433313861408e-02,2.714593448135920600e-02
6.052072304428921662e-03,5.842104319129912474e-03
6.375435195805408128e-02,6.308486801536319910e-02
1.323575328862493794e-01,1.141969847713307368e-01
3.839824120993945260e-03,6.409683490574883888e-03
4.703772211323575987e-03,4.419947845642268475e-03
7.339545449643292141e-02,7.673297817227517359e-02
1.446177394138407069e-01,1.335991009895631521e-01
6.898702604196439714e-02,7.282021763231387446e-02
1.208109946016964163e-05,2.134841436509546108e-07
3.895335965289938862e-01,4.068722465646436026e-01
3.125753625637350125e-02,3.326984885949453574e-02
9.447005840792217779e-02,9.249179571059586158e-02
1.077980110493797355e-01,1.072997646049302228e-01
5.547559115417424400e-03,5.891631323430283895e-03
6.116242786258782305e-07,2.383308680051277946e-06
9.305215600244241825e-03,1.023326162065323237e-02
7.991243120569143654e-01,8.015761909224886628e-01
3.189869504728202187e-01,2.996615318922257742e-01
2.973351587164284673e-02,2.381487351049378989e-02
4.825600375476654658e-01,5.023424459254218766e-01
1.882539664693890225e-01,1.836932103984609543e-01
5.502649701230035925e-03,5.398268529006287897e-03
1.462464107952600456e-01,1.483312518944459313e-01
6.559227266726996332e-03,7.454766497142798105e-03
1.178778146105651024e-05,3.314968324822351910e-05
6.046031241215337089e-03,4.574091307016686994e-03
8.698378788223504188e-02,8.744817597271074827e-02
4.500801101680666945e-03,4.769257322082965170e-03
3.340393299290601858e-02,3.104046432650825124e-02
1.821017019625034315e-03,1.671106953427929382e-03
8.799628957928376689e-04,3.379239404477945739e-04
3.866189996298642672e-04,4.585450157145549641e-04
9.213336760522880531e-02,8.440763790314846637e-02
1.883541378231250452e-01,1.813573589173310685e-01
1.302763470749999930e-01,1.251388979720740313e-01
2.247287354600075726e-01,2.135089410633765616e-01
1.573102372261479809e-01,1.592855109214463549e-01
1.609076920371656505e-01,1.516514151143587008e-01
3.494740214660884640e-04,2.382231721639983211e-05
1.966950243518336139e-01,1.979843697094802180e-01
5.481844486953799667e-01,5.429384988921784894e-01
8.400630867939327256e-03,9.396830997856053108e-03
1.450317771187475124e-01,1.354643904385169073e-01
5.998007497565883694e-01,5.635390389980530212e-01
5.408295262539183912e-02,5.487644701837847416e-02
1.893661926956859143e-01,1.830625573057516609e-01
2.391941263849378836e-03,3.130468284866896964e-03
1.373063767211883390e-01,1.316207313718997240e-01
4.994750512968765613e-03,5.077912598759329842e-03
6.868962876621401703e-01,6.967399546690227208e-01
4.486275872573340373e-01,4.601505343813266924e-01
3.741648724901339845e-02,4.053313284979623982e-02
2.456365396523349787e-01,2.603524192623415945e-01
1.075224514031277757e-02,9.998096657492410930e-03
6.205301930285403444e-02,6.184236200363255748e-02
3.551724722306060043e-03,3.160364602146829502e-03
2.182713413629749216e-02,1.732959122479703698e-02
2.502376434084048929e-04,1.214198289827628136e-05
3.829446751416358818e-01,3.783339012390153355e-01
8.993680003701524928e-02,8.664803579335772499e-02
2.351866015084655773e-02,2.106180946909293888e-02
4.795336644136137805e-01,4.971023845054630685e-01
3.278321309948772910e-01,3.579995509517095442e-01
6.728542008320175238e-01,6.695233021856756839e-01
1.397926802771732105e-02,1.572455279542086387e-02
6.011348824907665478e-02,6.294751376825667710e-02
2.648341476783033777e-02,2.177017286474865546e-02
1.476637871821476766e-01,1.624170138269261099e-01
5.255479922538383759e-03,4.550433114352352669e-03
1.862472306126223276e-01,1.960115847346536599e-01
1.506191342467053974e-02,1.706912474163697555e-02
1.581490650700783374e-01,1.586382485460787195e-01
2.468864089795709885e-02,3.004708252545913727e-02
1.861491964177265993e-02,2.522120600153765144e-02
2.433040513936173266e-01,2.511949545564674535e-01
3.125887895898079583e-01,3.308335606271199381e-01
8.786330917316689804e-02,8.457340473910124334e-02
1.649317265278748834e-01,1.649466469188980711e-01
8.683419591525225190e-02,9.422157454681008570e-02
2.268612581677161844e-01,2.293302476159146119e-01
7.617320918510449290e-02,8.415126282523485712e-02
9.984605974438107157e-02,1.032431975739430269e-01
1.600120050018680462e-01,1.617268620185455530e-01
1.071949868710424768e-02,1.093994941736545039e-02
2.108105300746229149e-01,2.218653472043364272e-01
1.617250200900022597e-02,1.909926879677445455e-02
8.650468218068602111e-01,8.874356750042103892e-01
4.480008904153025273e-02,4.170925069031920784e-02
3.033218857163262014e-05,2.537025690047797809e-05
5.386180483553792975e-02,4.789954649712172691e-02
8.507896564635525002e-03,8.057932014360525211e-03
1.318628603050119308e-01,1.529317911851285905e-01
1.205961407818569465e-03,2.767003207839432814e-03
7.911475307079322838e-02,7.512171906683930145e-02
2.484785638765783511e-01,2.450618856504752086e-01
2.434139159171873693e-02,2.697200234025467699e-02
7.231505287029067475e-01,7.077524955041295529e-01
2.202357769429632572e-01,2.232160404736968085e-01
6.618898064419741212e-02,6.669787355569287146e-02
2.934197073921969608e-03,2.472133491834904457e-03
2.876425736027621305e-02,3.036359849229326724e-02
1.506824155813450139e-01,1.604942683818222915e-01
9.793743205778188132e-02,9.472248052713422295e-02
4.253162352701377047e-02,4.304332361228433573e-02
1.402274937488033439e-02,1.237490679600762936e-02
1.840806471549501500e-01,1.651715383474367527e-01
2.797853231570220367e-01,2.659459710672674171e-01
1.431783489039116231e-01,1.445913620937532285e-01
1.393523841749699094e-02,1.117461871279831070e-02
1.981751727265408831e-03,1.849775854985252852e-03
1.974760973191753283e-02,2.476619116171401014e-02
8.257681063577354541e-02,6.795986879558899019e-02
1.789037373101052819e-01,1.761185369700127290e-01
2.078993835396023698e-02,2.040863739114778808e-02
2.624639837787514501e-02,2.444668875276693673e-02
2.925620008777356099e-04,7.185476769079395757e-05
3.017543125614241192e-02,3.261098143254675952e-02
1.282908943005421631e-01,1.253962604821202975e-01
2.537674267619817181e-01,2.600984337175272776e-01
7.830664032242267217e-03,1.256675176932528330e-02
2.772837649570663102e-02,2.673021454188903925e-02
6.945623551231465583e-03,7.520480255156977538e-03
1.248008568890886100e-01,1.180116322575120724e-01
3.191305685635990180e-02,3.401276051632336900e-02
6.226008191220044896e-03,4.435988393697513910e-03
8.889185028363587315e-02,8.998775887937904283e-02
3.315802833617739753e-01,3.494317155225925564e-01
2.387581729051411472e-01,2.477092854048022763e-01
1.192138266343170105e-01,1.118531866944240255e-01
9.256296811972437866e-03,9.799856491947958950e-03
6.212165285510030943e-02,6.276950487418590796e-02
2.892281804576385396e-01,2.919096063952540399e-01
8.944939729256026761e-02,8.271973959112892405e-02
2.936346984070019039e-01,2.990738193843391346e-01
9.497226699380714038e-03,1.352179236194849844e-02
2.530347886734349988e-02,2.991008754249186233e-02
4.581266013810163587e-03,4.958543839066454489e-03
2.963213310792467848e-03,2.093607404435587384e-03
8.404670789637806033e-03,9.302330878008743115e-03
1.259736317918231929e-01,1.188760900969469125e-01
2.962372139810900973e-01,2.978927804063962181e-01
6.343723229232336447e-01,6.398332055923263706e-01
8.616527832418194310e-02,7.908542480402161456e-02
6.967906182096957057e-02,7.390119199863780242e-02
5.757755205175687507e-01,5.880725111561284635e-01
7.149429776306676088e-02,7.654536200792290412e-02
1.650553563874986184e-05,1.570372377464385378e-04
1.250799806089222810e-01,1.286510321574113325e-01
2.040549677314671372e-03,1.672092135790354895e-03
1.832179978493121142e-01,1.843424511528997667e-01
3.899987725897893602e-03,6.947896170933620837e-03
1.015872982261943353e-03,2.700788523854283384e-04
2.349062452539011844e-02,2.487209655316851425e-02
3.486596774184219094e-01,3.452341263288961071e-01
1.033340465586866791e-01,1.076972698978190951e-01
2.539279964217807661e-01,2.536307966779727807e-01
3.772655702198020322e-02,3.722793656039122961e-02
2.604126955576093194e-01,2.722669986074087722e-01
1.278315078374043512e-01,1.254375841020235194e-01
1.489574087973273564e-01,1.321814079962951305e-01
2.903836640646194692e-02,2.749528581901680355e-02
2.549936904479550015e-01,2.489544144108684076e-01
3.138277401704424145e-03,2.965316468843467914e-03
5.348847560260886402e-04,4.735775958080932742e-04
3.277164769304842795e-01,3.324758656602666562e-01
5.265725033372541455e-04,6.336537906079071306e-04
6.525677023682494894e-03,6.687529240561106841e-03
1.810422907294512163e-01,1.765143247292190187e-01
6.129562497448091257e-02,6.060799324687522749e-02
2.263189568780945779e-02,2.744218958704109507e-02
5.576475750667078679e-02,5.678655556228645596e-02
7.970993165850323928e-03,7.724231924414202977e-03
1.163640104702225453e-01,1.235585764183987356e-01
2.733456881559316320e-01,2.508653961827225221e-01
6.535353232106293209e-02,6.870152180686318888e-02
1.362436137999918292e-02,1.296303713422264879e-02
3.022224177204205220e-01,3.027735371173035928e-01
1.412980189798529185e-01,1.311941783961328711e-01
6.631827945342100294e-02,8.137027515250697118e-02
7.323020035221873558e-02,7.330248320874757639e-02
1.995995912248751665e-04,7.989830638071008151e-06
2.753140014524833434e-03,1.695952066571248433e-03
3.098667816645898302e-04,9.799247713961022326e-04
1.135623381711380747e-01,1.086116355644080322e-01
9.792557611642618842e-02,9.393889219393612711e-02
8.791507923210946764e-05,3.963610416586764223e-04
1.097078866177457201e-01,9.526794539327387845e-02
2.587594606763268801e-02,3.063033735524536491e-02
9.594703250334625511e-02,8.931743298304514744e-02
2.034128766236895092e-01,2.000598880874261409e-01
5.953539047137879070e-02,5.294427072568119036e-02
2.178856830919265533e-03,3.212368624194804085e-03
1.639546669010322200e-02,1.954095473549968820e-02
5.664533930220893437e-02,5.079952140290941442e-02
1.668998663044800324e-02,1.805449566770059647e-02
1.184486617039738204e-01,1.048777576348283030e-01
6.646440214498767693e-03,7.889967387284785305e-03
2.220403318456043440e-02,1.901273885712135431e-02
1.260489296903939960e-01,1.208412100441359216e-01
4.136564224124778671e-02,4.228189514267147869e-02
4.410558106172763476e-02,4.180904050981183728e-02
8.750562271416893745e-02,9.037025912311634490e-02
2.549010643213777683e-01,2.437948519748022458e-01
4.187663346391026775e-02,3.515312059289202318e-02
2.693803480462560532e-02,3.113479671096361368e-02
3.205604576805169414e-01,3.343605674779298043e-01
1.285714310491901935e-01,1.379843203514469208e-01
4.127235988571516245e-02,4.282540006920500242e-02
1.807653060668927905e-02,2.024693852940694788e-02
2.924990494256318740e-02,2.991354655096465850e-02
1.113004798605300716e-01,1.058655370617848646e-01
2.899476025635713827e-01,2.686248501889675344e-01
1.665970265092870106e-01,1.748511003409475573e-01
1.523330236651715408e-01,1.602445378239107932e-01
2.193797140856337119e-02,2.548209698649382682e-02
1.074571903852551413e-01,1.030135993410263295e-01
6.436711117165623275e-01,6.312552897325025558e-01
2.112660593762436811e-01,2.251866969477350211e-01
8.209650390062529779e-03,1.191744375586474905e-02
5.831684422064577905e-02,4.918866249500909726e-02
6.529488655519716245e-02,6.959774472568303061e-02
4.697658639431389060e-01,4.841593483071898740e-01
9.711679414036269997e-02,9.920526866134109223e-02
2.648272422871084456e-02,2.694238185238445604e-02
1.752634017183063164e-01,1.796013915728172095e-01
1.634509538393705552e-01,1.598031100221752598e-01
1.127345681199958503e-02,1.161084507792274276e-02
2.199564602369642463e-01,2.339062717480723530e-01
6.123875635328117351e-02,7.372166262634388678e-02
2.446760264244063621e-01,2.600812679457694121e-01
4.542475217914839214e-01,4.405107086708889286e-01
2.494822688905951880e-01,2.510941822428801040e-01
7.713575671520356281e-02,8.218217362779767221e-02
1.218371482496610758e-02,1.116507776718470880e-02
3.957010381162749946e-01,4.083794553699888197e-01
1.036771282974294495e-01,9.961182870279323975e-02
2.575076445773904587e-04,9.889984716779617099e-04
1.732954425658562655e-02,1.544409417516176726e-02
5.064936277856346009e-02,5.378311320890225705e-02
5.658309248598997546e-03,5.933356533952320599e-03
1.467763310839175217e-01,1.515901289635412375e-01
1.821856475548261746e-03,6.742708266496569638e-04
7.397544131731990935e-02,7.206859277696718580e-02
2.751295219185620478e-02,2.688103030132996119e-02
2.663681671768736506e-02,2.794989017863413333e-02
9.402195788607825219e-03,1.146063003351307889e-02
3.199522606186418899e-02,3.344545858618150347e-02
1.037534925957028092e-01,9.846445221352252697e-02
1.354752432647963675e-02,1.334401308453262054e-02
1.054172927937651293e-02,9.607689639898412889e-03
1.232701361811091717e-01,1.049119107439023119e-01
5.991165572957713598e-02,6.121936000256199967e-02
2.669882082137084098e-02,2.636708534191339881e-02
7.045092170237050866e-02,7.612397493003249249e-02
3.098196446983444291e-02,2.838428683956797580e-02
2.980834612029269193e-02,2.403871796349109011e-02
1.019164409733914617e-01,1.023177798800017496e-01
1.200996084781230516e-01,1.162890449137222310e-01
3.337636981069018460e-02,2.646535306621882952e-02
7.085426637128085237e-02,6.620269724609335882e-02
8.898588466245636065e-07,1.463983988486457611e-06
4.042710683109757702e-02,3.803553355268347869e-02
1.818141621799268005e-03,1.750726556556159207e-03
1.781544731754469424e-01,1.866605487115992890e-01
2.225254511025375470e-01,2.333021958232591175e-01
6.869041866439030974e-02,6.576464113585320237e-02
4.986943059459086891e-02,4.669333183879607191e-02
1.513659434191092779e-01,1.534923804493336097e-01
1.330017405768674776e-01,1.251883736775973310e-01
3.849287862742787891e-01,3.780342159885584086e-01
3.134309053507029486e-01,3.268991739209119451e-01
9.393854463942266642e-03,8.287724927374057540e-03
6.033142377641128457e-02,6.791687367074851489e-02
2.630285839628631051e-01,2.520307584596397921e-01
9.304514370099077614e-02,9.371255396417375871e-02
3.823801793532911886e-02,4.343068646471193173e-02
2.383242703078629429e-08,3.070358371795771715e-04
2.039965869369158094e-02,2.027647472620208030e-02
2.452569689538684327e-03,4.954935062808744906e-03
9.532373341587981053e-02,1.074727555729176609e-01
3.284242211349108764e-02,3.505649695241879610e-02
3.478147097518627384e-02,3.317880233683286051e-02
1.200873627423044293e-01,1.266207970614691147e-01
2.419252950997426710e-01,2.243195175269841191e-01
2.113449794668310344e-01,2.107209402624404537e-01
1.968558508424054707e-02,1.748833706144014080e-02
1.101005189028286396e-01,9.891132014554745999e-02
8.606014209239822021e-02,7.660123065258127306e-02
1.566603328423658847e-01,1.703562371640613138e-01
1.817275700505591868e-02,1.962150098751634653e-02
7.391875628180413771e-02,7.507537577150476260e-02
1.495909375663733321e-03,1.665610823471114091e-03
1.005515286248438375e-02,7.085409404632095169e-03
2.598757011632446458e-03,3.433272037037400724e-03
3.605586073120423162e-04,1.243461524209484807e-03
1.263153810980772486e-02,9.949844241531891065e-03
2.242855336307467487e-02,2.423793385588666333e-02
1.132645119700736586e-01,1.079060601365182531e-01
2.360346508862613824e-02,2.285625502079935770e-02
3.518561045372804979e-05,1.664895705065941263e-05
2.240161867899907733e-02,2.500768528476877625e-02
5.232539908183440891e-02,5.245700211847251215e-02
4.027087548596219174e-02,4.545724426364192161e-02
2.629680989222009727e-02,2.825411550369026289e-02
6.072761388731431897e-03,6.120998130815694972e-03
3.337791315955913191e-02,4.214659191415547762e-02
5.229433076076749759e-02,5.840070790919719979e-02
1.134092131705097782e-02,1.220506135228049439e-02
2.300265881720462147e-01,2.262142111559198310e-01
2.586008499452378123e-02,3.086061096429552203e-02
5.526464380893828660e-03,4.132970308229163246e-03
2.469361575644934276e-02,2.521892596469506309e-02
9.785235411986481155e-03,1.062734625692214087e-02
4.878087812346690311e-02,4.947256230303626739e-02
3.463367062796034179e-04,1.147708836387983499e-03
2.608771500304689697e-02,2.824735667384097385e-02
3.253079431494035334e-02,2.833221203828723000e-02
1.418950150053835402e-01,1.484953190280012825e-01
1.957557929478398614e-04,5.286416339682881811e-04
3.864534049316884490e-01,3.896927296120509809e-01
9.744361422581022947e-02,1.016077197858890890e-01
6.277480536945172218e-02,5.598862409174307220e-02
1.109068514800926886e-01,1.213689504289375415e-01
1.378247052347235380e-02,1.257010996888358219e-02
2.495950517143228631e-01,2.585464990876700786e-01
5.128711499177873029e-02,5.920106088409784334e-02
4.669960184237803569e-01,4.737992653644061969e-01
3.165991634334703458e-02,3.566411388557148843e-02
4.614237588160195053e-02,4.801640078679807189e-02
1.127999348334390584e-01,1.161582287976140604e-01
1.194092640279220963e-01,1.253023503198018307e-01
7.286030726237564814e-02,7.467453178575421402e-02
6.651761507407949470e-02,6.628070803312595405e-02
7.758934206007295220e-02,8.955699180942457149e-02
7.106800526097431514e-02,7.283859597047595558e-02
4.272910114944647973e-03,3.029401715718185381e-03
2.243828370764366642e-01,2.354126384956760076e-01
9.881508367682498815e-04,2.181877662127653088e-03
4.516261292196770832e-02,4.399194761995777608e-02
5.598591080232852291e-02,5.521466346757579469e-02
3.812845540888982511e-03,4.571902178533497098e-03
8.312598998466304680e-04,8.270934835225842666e-04
3.961194536610186667e-02,3.592206459132853830e-02
6.517650617215144061e-04,1.081656492624122307e-04
4.389628343131149815e-03,3.576908096302431912e-03
1.589241147589192304e-03,1.646321896035977906e-03
1.260283501611741963e-02,1.392131739836383400e-02
1.512154381279709990e-02,1.816966537021565825e-02
9.345693832110585700e-03,9.624417917203646061e-03
1.450442045819171782e-04,6.275333440048843780e-07
6.552587611043969584e-02,6.148321625353860009e-02
2.258717913959434886e-01,2.230791289453183390e-01
3.671864852733774387e-01,3.775278241162359771e-01
2.010224322466898708e-02,2.275657195820147971e-02
1.058884502929547701e-02,9.744717035764859786e-03
1.242514511092329688e-01,1.419092565035517117e-01
1.277880408797187761e-05,1.590482649629036431e-06
1.287890583769319142e-01,1.313456797792915409e-01
2.962926804180758822e-01,2.940371849343792476e-01
7.694644093014313402e-02,7.463570064618679778e-02
1.541996470073796579e-04,6.935842828701613142e-05
1.605829048929227343e-01,1.547438489969575892e-01
3.481627404283102380e-03,5.910888041233477996e-03
1.111772694722421018e-02,1.213866967575361923e-02
1.027057545603417103e-02,9.091640718958701392e-03
1.585389704926664506e-02,1.564335173262484252e-02
2.475276279878420652e-02,2.150461212289161289e-02
1.066872164156820908e-03,1.168831485595412788e-03
3.597129508222045302e-03,1.341631128687421860e-03
5.243021372999903153e-04,7.954829552214611995e-04
5.238110893903122345e-02,5.783148891860086932e-02
5.555281282118025576e-02,6.287980516517634177e-02
1.408079134501007690e-01,1.375162539667822148e-01
9.369606323959556171e-02,8.993139567638433474e-02
1.807685288719885629e-04,8.925240877668802451e-06
4.812724623807022525e-03,6.840533292329646804e-03
4.771899794346416007e-02,4.612949050581344884e-02
2.534323526546112485e-03,1.741558301052889470e-03
2.378525055508555822e-02,2.061939729366046858e-02
7.451879934339766809e-02,8.083695122588260840e-02
5.071651279036601401e-02,5.708718474025706313e-02
5.222822292119929516e-02,5.779142266503722175e-02
2.234950994143454495e-01,2.089216560396173761e-01
1.237153806481201407e-01,1.257086064912419643e-01
3.537941297670730428e-02,4.441421977761102896e-02
4.926163122932823435e-01,4.961737365919305920e-01
1.509812049784522471e-02,1.574456469666965508e-02
4.046553059031463007e-02,4.106558325679159765e-02
1.713335430367713547e-02,1.577944376542816246e-02
7.244992273222949919e-03,8.009862391321054959e-03
1.026791891179813510e-01,9.821949254774883786e-02
5.251156324447315421e-02,4.859232392873211875e-02
1.501748302877140284e-01,1.415430464496725271e-01
4.079792223834205478e-02,3.901027300738686004e-02
7.924124362003615724e-04,6.781120382338194598e-04
2.705830007233621728e-02,2.501509651226771838e-02
9.057824468741230636e-03,7.650699579683397158e-03
2.570705561633040981e-01,2.622033206269643313e-01
1.646637685836932832e-02,2.019173981896078482e-02
5.526903360676508085e-04,8.102477859524105175e-04
4.038370311140002111e-02,4.668202320351398649e-02
1.851722901417415107e-02,1.896656153670765732e-02
3.886946946244143608e-02,3.364623138866528612e-02
2.395779094372426426e-05,2.759555827816452447e-04
6.570964720974532131e-03,7.184463253546087211e-03
1.407928162433539189e-03,1.979118743083782637e-03
4.051271498536665569e-05,3.841028418513333167e-04
7.300467386065235056e-03,4.950616748918793865e-03
1.189589464658389467e-02,1.074398107997092018e-02
1.042062149820817234e-02,1.155447676580124636e-02
8.969407161950835108e-03,6.612796118617533976e-03
1.222937312852332148e-01,1.252023262090020683e-01
1.582598676227924342e-02,1.270403437770457541e-02
2.050773872277212584e-01,2.195494013400192124e-01
9.771579733475477259e-02,1.085551345697916836e-01
5.165905279484160617e-02,3.960783483957246859e-02
2.641877797634920033e-01,2.432636066313809409e-01
7.820148103620018498e-02,7.989112355528843468e-02
3.142253455961700921e-03,5.413327983387031424e-03
1.896994441061803094e-01,1.930005444403592174e-01
1.610942222205257422e-03,1.172664233099020249e-03
2.195829978431834695e-01,2.002083163310451053e-01
3.373558727506514171e-02,3.368024349934976153e-02
1.004957408020974718e-01,1.144763085804041958e-01
2.287645898626102653e-02,2.089481710286097971e-02
3.336790595855541192e-02,3.655186514066965237e-02
4.320272070097378458e-01,4.555206351484833993e-01
3.065532614041929782e-01,3.147782788081538441e-01
6.312114775665400579e-02,5.571357450073194384e-02
1.903553466767201330e-01,1.791404605171149633e-01
2.689700669428549476e-02,2.743709409750364966e-02
8.068348225234616474e-04,9.519927939749801111e-05
5.433989311039348624e-02,6.834884734690849228e-02
1.202887683851006639e-01,1.319071230149299612e-01
9.949492639500613633e-02,9.797604059955568323e-02
2.179753257400677061e-02,2.123132604480153229e-02
7.903958697700488867e-02,8.416585431055158273e-02
1.944860490787269636e-01,2.002983657547702245e-01
1.851465169883583298e-02,1.995504354495688040e-02
1.344278507661723909e-02,1.312584734193752642e-02
4.818809464825647010e-03,3.217051370003033706e-03
6.012135935035301665e-02,5.809607136045511627e-02
7.034825181169686303e-02,6.502707305008288696e-02
8.521442597585623946e-02,9.414222530726916449e-02
3.638884855156795939e-02,3.773776626140754042e-02
8.404652311356933594e-03,8.654534427249364545e-03
5.547419530751525052e-01,5.404543698902142257e-01
1.975747385925855082e-01,1.891545184486450315e-01
6.246512473004722094e-02,6.768190688720154835e-02
2.730549936215736009e-02,2.908564989205673912e-02
1.289274632916906707e-02,1.556661395067466223e-02
7.934939783965099013e-04,1.348863072538940191e-03
3.205341413060487643e-02,3.798263931242935182e-02
4.095704002444949809e-02,4.175265053690962319e-02
4.851438845900307717e-01,4.827826343728737757e-01
1.063767144783627910e-01,1.068781832157742750e-01
6.712033589002316947e-02,7.420248797256907836e-02
1.042374311205640502e-02,1.448305121853830750e-02
5.808653782336641209e-03,3.153380473712523533e-03
4.431199471740513568e-02,5.113369675378433982e-02
9.930224587593308727e-03,8.459813736771517115e-03
1.069162537727134515e-01,1.160572192238682188e-01
4.481224522037712335e-03,5.480191647878392136e-03
1.093356873277453144e-03,1.469332726097360520e-04
3.354651159641911656e-02,3.460701710455346691e-02
2.468069719478433940e-02,2.543677053469771063e-02
9.130831963219866731e-02,8.874574375224118794e-02
1.400350711099513680e-02,1.209580213346428748e-02
2.233980852304320308e-01,2.069862975894475876e-01
2.614583845178719557e-01,2.462184853605731139e-01
8.379531611959081805e-02,7.775609226767106474e-02
2.090240249258796534e-01,2.051545104346631232e-01
2.044571719528676893e-03,2.168477008698084605e-03
1.596701854946795270e-05,9.189442778829278729e-06
3.147155696215991894e-02,2.794520188009392073e-02
2.647461545756777876e-02,2.843949154624671530e-02
1.903795512292784722e-02,1.587787097489114230e-02
2.235980173122883163e-01,2.121830206787581330e-01
8.201712698912275168e-02,9.627440201917360219e-02
1.688785902249739790e-01,1.676160913316641354e-01
9.547151336279188771e-02,9.283819210320487514e-02
1.364202713891680789e-02,1.705717163121192245e-02
1.114251339343897383e-02,1.617518567238946867e-02
9.865197485515590781e-02,9.178328272524832743e-02
6.344622654397295836e-02,5.925175454265282915e-02
2.124495234591247950e-01,2.310995420962353719e-01
1.485653549133396645e-01,1.390194704377286095e-01
7.168096471175841936e-03,6.958587595916638537e-03
9.239551855249830692e-02,7.981739096318628268e-02
3.078005340678697903e-04,1.634420606948243002e-04
8.052438400784966976e-02,8.087710475221855655e-02
2.333915382532828278e-02,2.408574967480367826e-02
9.219595667258745353e-03,1.075846674399804498e-02
2.454576916982717863e-02,2.360665225547456392e-02
9.752900467634452453e-02,9.385882596795927513e-02
1.763847578928167958e-01,1.742654552364363285e-01
3.256404794285720598e-03,1.168993181289097781e-03
2.030192183470813094e-01,2.056520244052301438e-01
1.851103136254841214e-02,2.011262840320704459e-02
9.304823468938691611e-02,8.891866118539255848e-02
4.943032079350342251e-03,5.067449729436923969e-03
1.156451826057773753e-02,8.974772564130635219e-03
1.371904060293669680e-01,1.423254052130805691e-01
1.402242958518191973e-01,1.351361975951405892e-01
9.118510267779107725e-03,8.512921443556129009e-03
1.319402420046399203e-04,1.337122948678925302e-05
3.671916358489698412e-02,3.505735746980624679e-02
1.246698396724553737e-01,1.205634449417376242e-01
2.136198197569002810e-01,2.325318696408409380e-01
1.509472659887005352e-02,1.712021485183594025e-02
3.759736717273258477e-02,3.351117153831249112e-02
1.607372252686000980e-01,1.576316296269142103e-01
4.710907467337068777e-01,4.671765366024294153e-01
5.077829152281919389e-02,4.897374321411829962e-02
2.787606340883827527e-01,3.057442548411778982e-01
1.156907579779918073e-02,7.525735942080643941e-03
7.501089697247621813e-02,8.500404253468689386e-02
6.963303828971299054e-04,1.598294611374723520e-03
9.967009876423814363e-02,1.002621079128456494e-01
3.856929394458824545e-02,4.520818828941226136e-02
1.137004481290389141e-01,1.135351997363992366e-01
2.644615425297784372e-01,2.920440898765533921e-01
4.489591600858382713e-05,1.427687761563333358e-04
3.744102578058683406e-02,4.030418204450003650e-02
2.981302515530229180e-02,3.211044664942336313e-02
1.551792461299960624e-01,1.540967732257629286e-01
2.355545336594296740e-02,2.573174309688202807e-02
2.739398796961532434e-01,2.858784065937734487e-01
4.818633828641727835e-04,7.852566585177623648e-04
3.606432512602170681e-01,3.356252510624196383e-01
2.467821043973799852e-02,2.434072868863712893e-02
5.885058842739413279e-03,5.487580700085156228e-03
2.030330650720358528e-05,2.893985889439645024e-05
1.352497406071243857e-01,1.348162894621150742e-01
1.387581811330086401e-01,1.236730290263037685e-01
1.997777149021380538e-02,1.851935562711249164e-02
5.233022876218784702e-02,5.267530707450877869e-02
3.131091228035961377e-02,3.488073768180297018e-02
2.403359539582117926e-02,2.305919440841448786e-02
6.668265264127419848e-04,6.794449134917175670e-05
5.027105488559969748e-01,5.184289154209078543e-01
3.272745235836099220e-01,3.347758911024998341e-01
1.234395489665866402e-01,1.280127488589324625e-01
8.178325572905681407e-02,8.607524352565855408e-02
1.402110638479434346e-01,1.406847728601074987e-01
1.703307836968286082e-02,1.245650596900900117e-02
9.989111100992933978e-02,1.113086406503518283e-01
4.378568635858092091e-03,5.170435865518002889e-03
2.300353265102193442e-02,2.537567662290805479e-02
1.229153788517789864e-01,1.196685256700689842e-01
2.398891707107074500e-02,2.687721873815871257e-02
7.727006297736119245e-02,7.464025508365647321e-02
7.029545040271805746e-03,6.253645932086426655e-03
1.921984483173287336e-02,1.358321564806855113e-02
2.346643239861137265e-01,2.353412668494922755e-01
1.829985222242485124e-02,2.077058512278463082e-02
1.160627131045552894e-02,1.092114250585342859e-02
2.350942901610950358e-03,4.901530021146243039e-03
1.203496759652559513e-02,1.223791221572282512e-02
2.083675820303451665e-02,1.924918300420898690e-02
3.473275951883520851e-03,3.115997205564087144e-03
4.277695787135049610e-01,4.302012221246783175e-01
2.895314946675403567e-02,3.327508517935562349e-02
2.822435977876548707e-02,2.472375155112781567e-02
8.975979786271326075e-03,1.022439386405971963e-02
2.279737622805948563e-02,2.450055034340451604e-02
5.155018970942324419e-01,5.054594754125875111e-01
4.108704152579986668e-02,4.478055960160357701e-02
1.029053173299952599e-02,1.634446684259507204e-02
8.022178051264676479e-02,8.703496370106710012e-02
8.021095738764838501e-02,8.214166536778605421e-02
1.077315962508140906e-01,1.160240089761662846e-01
6.012700642405716459e-03,4.093214570714185513e-03
1.776240737210353984e-02,2.447608934887573334e-02
3.953808954096201846e-03,3.022240697387746765e-03
8.553911149637342210e-04,6.165277445715477153e-04
1.842675920258217415e-01,1.866228233049673224e-01
1.783493412568522285e-02,2.035967981212308264e-02
1.740154764226297390e-01,1.793060573080361431e-01
1.505256093247681892e-01,1.458857211341361149e-01
1.555414684643104334e-03,3.786901827531439276e-03
4.621973401744183113e-02,4.766258931657806064e-02
2.238804421486157120e-04,6.212995631691580790e-04
1.423994784186519424e-01,1.477364127037051056e-01
3.477783581950185006e-03,6.312679817128583407e-03
9.897467637127364826e-02,1.012902213054370643e-01
1.312362625688320572e-01,1.177412365175714570e-01
2.958319506132844889e-02,2.429953489109831083e-02
1.083102589875087618e-01,1.100489581159007080e-01
1.994777743468862871e-02,1.916244939992539989e-02
1.079958053959117203e-01,9.736934311381580109e-02
2.160206994196506025e-01,2.110818436573614620e-01
1.194255199365984281e-02,1.105561119214236443e-02
3.784312267953551800e-02,3.639643864588062300e-02
1.007835068206908114e-03,1.394651981913176426e-03
2.321099408028869798e-02,2.477588660989958960e-02
2.206366297857372330e-02,3.348753936965128547e-02
1.822623706545928313e-02,1.906987407178270533e-02
8.678986859896844347e-03,8.203681586334683057e-03
9.045010117317816081e-03,1.083941532574333316e-02
3.073160273518542578e-03,1.213665069544604940e-03
4.940015478245398522e-02,5.617364108370302700e-02
8.915907792602025558e-05,6.748119674103429015e-04
1.378781735413850386e-05,3.403933863591408391e-04
1.636353679960511065e-01,1.662935685076109005e-01
5.307503739892611289e-02,5.725003163678355628e-02
1.060661315330728265e-02,1.335094187242953125e-02
2.434979169027161328e-02,2.763923100119129034e-02
7.233929384678969288e-02,7.921970923630897166e-02
6.056570155233928499e-02,5.039338927431474824e-02
1.561683321952088595e-03,2.761094865587392956e-03
4.386227162634552257e-01,4.521145539012301762e-01
2.239434774069294642e-01,2.388786847466017049e-01
8.146420917424621218e-04,1.293768295636859873e-03
2.082416144604929131e-01,2.186576099641685533e-01
1.088703983904822786e-02,8.285560398417339892e-03
6.471758675743254953e-03,3.934699823551816855e-03
1.107761300289158424e-01,1.088263445653551570e-01
1.404693585547016899e-01,1.316763077050112085e-01
1.333694105797651464e-01,1.329713153393412006e-01
1.773807593110200143e-01,1.913295691409192256e-01
1.494872155578351736e-01,1.559560031509619749e-01
4.433441525346653589e-01,4.418761541553761774e-01
1.143910698150549243e-01,1.101426159966160251e-01
2.416830891870696413e-02,2.250549516811395714e-02
1.551424147477492924e-03,1.150642547474299733e-03
3.349580727389291600e-03,3.273217226073789603e-03
3.745787482075166874e-01,3.829300348359246375e-01
3.514245345352174418e-05,4.682430699606388675e-04
1.041108175999626122e-02,1.142056022356854189e-02
9.549806999521050221e-02,8.965941055236295587e-02
4.079115594371785641e-02,3.827464071862860667e-02
1.265510082712511253e-01,1.367129021990937110e-01
3.388652991779719792e-01,3.261450856477426941e-01
1.640586962820288763e-01,1.585403657845263492e-01
1.294015632069607236e-01,1.283584681834416263e-01
2.037882054000008381e-01,2.031334213229874508e-01
4.134638744180775538e-02,4.087469223614989544e-02
3.016876851451300579e-01,2.889630031375389763e-01
1.857069432024281404e-03,4.010047123154772929e-03
1.037229528806718204e-01,1.094572842481340152e-01
3.327483335193795466e-02,2.766337765180720831e-02
5.284323336163189791e-03,4.441708225261807412e-03
1.786658339640160784e-02,1.300365207070135198e-02
2.611350792439270374e-01,2.576029556078187621e-01
2.862311260226391195e-04,4.477007305387813640e-04
1.282610119368335078e-01,1.229103208975356742e-01
9.045668342260666794e-02,9.509499530595894035e-02
1.561603814741245556e-03,2.973292739894469686e-03
3.721644611587957984e-04,4.190642777199237432e-04
2.370166986471988757e-02,2.798761702070516263e-02
1.341218520354582333e-01,1.166499433306617817e-01
3.535990282303318882e-02,3.820838917919705535e-02
1.309412471880166684e-01,1.364759811696062419e-01
3.856986421744263826e-03,3.564132094854591867e-03
1.258773109964455572e-01,1.238147843779500573e-01
1.128965731686313624e-02,1.084163913647807898e-02
1.510746277166505613e-01,1.681312606788670783e-01
1.173084698172445137e-02,9.054360211858564558e-03
2.467496847789830139e-01,2.365415008600947333e-01
2.664678572346007232e-02,3.279604346848492835e-02
8.445683386804132831e-02,7.487429337439431565e-02
1.146511984314314142e-02,1.155293069927045349e-02
7.388299523395717473e-03,1.462734235656923225e-02
2.094716171186946155e-02,2.767531227612151160e-02
3.733217711353309202e-03,4.928207929270028535e-03
5.078481552381880482e-01,5.023587912492389895e-01
3.678621279532627852e-01,3.729815697293193955e-01
5.040195357419257061e-01,4.928917913295781661e-01
2.939323002968149967e-01,3.185351098926734736e-01
3.298931242467066671e-05,1.401731279374297757e-04
2.338706995064266381e-01,2.370824112786548143e-01
1.438359349712746149e-01,1.466101282982019971e-01
2.650202817293434432e-01,2.515838646323855787e-01
4.537581027633306313e-02,4.612964951316391587e-02
2.129623461453872615e-02,2.098688561369734668e-02
2.454780018168771505e-01,2.563780958921660913e-01
4.170664129738364811e-02,4.232711397204387549e-02
4.367724602282962443e-01,4.215986863191286127e-01
4.165674865607710796e-03,2.613382370803780073e-03
3.747751792094111134e-01,3.752742974056371139e-01
9.433392967404977819e-03,8.490907783570511222e-03
3.680374220013202680e-03,5.001831505489641450e-03
1.429196624326435350e-01,1.515515270543745519e-01
1.191987641027081601e-01,1.261644745070503448e-01
6.046367437411978574e-03,6.797533044732300897e-03
1.991409409341550474e-01,1.899903244798265833e-01
2.858246817280787368e-03,5.990210996878080237e-03
7.255009202962188486e-03,5.830848645478460199e-03
1.142427996143784326e-02,1.282402755850290364e-02
8.873695803538353309e-08,3.305436271660886985e-06
2.210482474741370940e-01,2.389604037181707052e-01
5.993173223214178121e-03,6.182381354792568402e-03
2.094944867032437659e-03,1.036510374205032448e-03
3.504171708820675302e-01,3.320496396638152325e-01
6.885055856552474429e-02,6.646152523508572219e-02
1.790243431635479832e-01,1.879960099889660396e-01
2.258151250181432076e-02,2.514500072739595665e-02
4.562397088480799057e-02,4.591269817899099048e-02
1.170764858420640375e-01,1.286245017194210249e-01
3.812257831290068177e-02,4.245767927720943413e-02
1.675712219548923033e-04,3.095373571815437561e-04
1.185858787255904094e-02,1.261036174786573164e-02
3.932361431058956081e-02,3.858911043015989667e-02
6.771881733423881083e-03,8.203207983787671673e-03
6.184659297892950575e-02,5.894715772658558339e-02
1.503775424618591927e-01,1.439941288285284948e-01
3.269025194226800324e-02,4.151117908472835155e-02
1.030013717503600566e-02,9.285241292903924706e-03
6.989378887549821395e-02,6.839380818898160852e-02
2.062961925819954412e-01,1.963205933681064774e-01
1.076599725346982506e-01,1.141336618288338461e-01
8.652153545111683497e-02,8.832440800906343759e-02
6.016006791147563565e-02,6.363710584552610683e-02
7.012816664494472829e-02,6.277635203982538659e-02
1.468713311198992103e-03,6.910535196718278804e-04
1.206603094174284879e-01,1.218332906363513157e-01
1.413311813463358768e-01,1.424150636378919976e-01
1.123844217324240641e-01,1.168636905684603822e-01
9.397726990085859995e-04,1.082773818243724928e-03
1.158400725695040226e-02,1.218662379228676283e-02
2.690667565857107202e-01,2.714992537989492360e-01
3.983849871325426811e-02,4.829947502207651566e-02
1.838856389018487525e-01,1.808400176296914852e-01
6.089791704458691335e-02,5.075510991903579849e-02
3.181409863574208852e-01,3.326684144347967220e-01
4.278927761903879023e-01,4.258635043777185269e-01
8.074365760379663415e-02,8.786629470659282348e-02
2.715237761292059737e-01,2.771337090263730762e-01
9.570993193201111221e-03,1.055303271517200187e-02
4.538938350374652209e-03,3.204809834997636442e-03
1.417304909200765295e-01,1.456318722733877802e-01
6.188287347483542589e-04,4.104847096187891537e-05
2.792388551541185909e-04,1.128193749071121962e-03
1.678653697929697328e-03,1.411503415658720267e-03
6.188506580191127648e-02,6.889461278735430072e-02
8.464776476416689677e-02,9.335260602979529587e-02
1.449354692677202495e-02,1.532519698120971864e-02
1.393686901974268977e-01,1.505504396341666717e-01
1.139890067854684441e-01,1.199052357574981881e-01
3.255945856386033982e-02,3.101819838412754604e-02
3.476277474621952690e-01,3.681209070277099982e-01
2.641033605250434624e-01,2.610211077053520290e-01
1.039840531787451783e-01,8.818799832428923791e-02
1.108929779523060710e-01,1.168820293804768706e-01
1.309578639763654961e-01,1.383730535328017985e-01
3.859088863600559222e-02,3.730992347738616710e-02
4.265891612051000287e-02,3.876692586587377615e-02
4.394230402167917382e-02,4.285962266491975120e-02
3.268399459545924535e-02,3.489705121295860052e-02
4.264360376860594840e-03,7.266514658341724844e-03
1.715737342650099140e-06,5.638363882466051807e-04
2.533659692926793286e-02,2.487416323990519762e-02
1.985211135786789649e-01,2.105577555645800070e-01
7.355261620036004921e-02,8.191894482856522386e-02
2.852547144483496000e-01,2.883929557593528092e-01
3.004581682479328664e-01,3.093908136356935401e-01
1.167641735511050077e-01,1.070922999954357357e-01
4.578900254964490824e-02,3.994151039675124942e-02
2.089216144000965308e-03,3.241758637556712251e-03
6.717028571875396925e-02,7.368222139125381320e-02
2.957523172186851124e-01,3.077052006870848455e-01
5.898536079476836801e-03,6.946448925697804033e-03
8.564518745573740030e-03,9.078566435218671585e-03
7.584700836153237570e-03,6.413062349249072994e-03
4.358257014482608271e-02,4.635130966730236640e-02
2.470461296620386771e-02,2.904635611282850235e-02
4.806362703559376864e-02,4.838720425435766997e-02
8.572277059171058353e-03,5.977568453758476917e-03
1.968132794849326850e-02,1.676200279320881267e-02
1.911336233807244267e-01,1.949417723898171362e-01
1.184778239241219971e-01,1.285676041972701189e-01
2.192364111042676214e-02,2.842663438760971092e-02
1.640904763564273242e-02,1.398613508378268415e-02
6.135153031803759240e-03,8.425338271588690003e-03
1.175933887402535877e-01,1.228783480519002880e-01
5.639729921059141726e-02,6.054449413784399742e-02
1.198990017028806060e-01,1.265898906111884992e-01
2.482935919157077398e-01,2.410719746836752775e-01
4.259507828335468843e-03,2.367498967146097148e-03
1.263298930881940063e-01,1.340775615971446788e-01
1.007760649313682068e-02,1.089049287510564755e-02
9.412150765478670411e-02,7.964084604877633145e-02
1.566767482745485890e-03,8.525443543226330842e-04
2.223497795086161744e-01,2.180310941503630640e-01
1.017673081266478319e-01,9.199550487367616491e-02
3.432978136935536939e-02,2.919894729653372753e-02
6.209137245917492956e-03,5.468273887179894710e-03
2.948716333920520130e-04,7.995736784453999133e-05
8.369107487204702558e-03,7.209486537198132525e-03
7.698103680275717245e-03,5.008746920082608745e-03
4.734402070956600928e-01,4.688034701105651680e-01
2.267399308257491905e-02,1.832181808197685946e-02
2.023461938696164419e-01,1.970221986956133819e-01
1.958796480889170451e-04,3.690911293565484158e-05
3.504148148522765460e-01,3.472258922071914666e-01
5.409376224021396513e-03,4.152324203324434318e-03
1.402053147298938304e-02,1.601166769504155235e-02
1.972865743400379832e-02,1.903922416516150642e-02
4.547135030088498452e-05,1.089380392587808571e-04
4.157843108719577740e-01,4.246391940924890696e-01
8.122023775690351277e-02,7.508499803589006871e-02
8.728618400277216027e-02,9.681561435960743534e-02
8.170542775920497380e-02,7.968952206660995241e-02
3.791285535794070710e-02,3.675883365996382435e-02
4.752602950759727760e-03,4.593961587403471922e-03
1.012552051374593504e-01,1.028029433488203415e-01
3.816234236890433864e-03,3.407514657326305742e-03
7.940366467824850824e-03,7.913948751507795740e-03
1.048226068033261400e-04,7.477109166454442364e-05
5.751163170690321361e-03,6.525299523266267152e-03
2.832909858809788897e-06,3.548714730245146158e-04
7.076647764154146356e-03,6.048537400098504338e-03
2.244605866974856354e-02,2.363438600035089321e-02
3.287991029342637872e-01,3.225509995950618380e-01
4.451997660852848211e-03,1.006544084401616440e-02
1.023984092321352304e-02,9.697331583448317444e-03
6.134793106854019920e-03,6.905654105499084081e-03
1.024155711123551360e-01,1.073160707012638937e-01
1.660160257163739161e-01,1.623217342209806457e-01
1.518356501807062442e-02,1.766538442276190460e-02
8.505165559171918854e-01,8.290556032027200928e-01
8.379203591109406647e-04,8.663816756500197086e-04
6.012815891707594396e-04,3.654100502228518508e-04
2.914772048034852073e-04,1.720635322731038977e-04
3.031513310206141246e-02,2.594552910301722165e-02
3.677339303248559899e-03,4.057773133835960305e-03
3.602901168719068164e-03,4.826113909876859551e-03
1.059088067286310109e-01,1.042735306338237744e-01
1.204804194353425355e-03,1.409782468407489928e-03
4.302760604563100888e-02,3.794343816699815436e-02
1.927377893815130500e-02,2.247931524911010379e-02
1.088108774671958483e-02,1.014924872045138739e-02
2.370570209190148714e-01,2.319146863129087910e-01
2.122643164702423153e-03,2.120804543636731557e-03
8.246507791701052081e-03,7.786186753131284395e-03
3.766571515591124464e-02,3.378219519257130016e-02
2.571453383200589249e-01,2.470593698607074229e-01
1.427776657845676068e-02,9.739556043515087275e-03
6.908650139105645960e-02,7.605691495758004628e-02
1.446675424041441171e-01,1.427760655147509439e-01
1.089952221107168828e-01,1.039700330106245046e-01
8.336322457238742878e-02,9.059275596848551104e-02
9.836015909561188555e-03,1.214024167670668675e-02
1.155195993236152012e-02,1.125172111347090727e-02
8.674800057913048361e-04,7.058092204055601811e-04
3.783042665321372238e-04,1.007127175615894028e-03
8.059527935670064355e-03,6.661303021512043378e-03
2.678578289051659379e-03,2.585882833738435346e-03
3.192472586286409250e-05,2.516841546520801618e-04
1.017459225790650762e-01,9.774644661746426100e-02
3.484794938024353417e-02,3.062427291538174709e-02
1.447910746962171036e-01,1.489006934016234573e-01
2.601371216748341042e-01,2.618880313830128093e-01
1.623512395669729491e-01,1.333860466866569061e-01
7.351880660739190665e-03,5.134554474292380918e-03
2.307495383175795500e-01,2.327600417666557120e-01
9.983177787824083771e-02,9.620018614377351396e-02
1.397705139009193798e-01,1.379012988037630061e-01
3.675458696692566335e-02,3.471530690257582791e-02
2.727851048887993124e-01,2.789487891027802591e-01
6.264107514222825440e-03,8.232447269220535130e-03
6.996889598571144619e-02,8.123073108633245554e-02
5.550331653878075588e-01,5.504939293628923203e-01
3.671070784450222169e-01,3.820518909213554415e-01
1.167841830548900159e-02,1.063461528460788938e-02
8.124675286410697195e-02,7.895007841171634844e-02
5.418573767914093287e-01,5.346119547316833254e-01
3.997222165435621033e-02,3.343303264483673404e-02
1.793359126760799005e-01,1.791366724892450302e-01
1.265341045778726470e-01,1.264675880783505402e-01
4.981237680261110801e-03,7.147707984511250841e-03
1.614521480167707967e-01,1.480045047449760898e-01
2.350524991874154419e-04,7.698984047278572772e-07
1.883184226179464293e-02,1.974294518573889087e-02
1.098570355939480422e-02,1.014591660475969680e-02
3.937154847241272626e-02,4.305274786536993081e-02
4.690047130592306379e-01,4.898860016526628836e-01
1.019113110205221301e-01,1.033460105068765567e-01
5.450067596125117708e-01,5.605325798257264625e-01
2.955227178597232274e-01,2.985889248354463010e-01
7.425260172717633445e-02,7.317841245057919719e-02
2.689355459910106397e-02,2.587982358940712699e-02
8.929101869652668506e-04,7.129981694406062461e-04
8.173217250463874883e-04,8.759106611190113504e-04
2.173038400978356333e-05,4.429872070425492012e-06
6.372057970186258136e-02,6.434098949658371980e-02
1.122532453801858537e-04,4.627678540733603163e-04
1.417764633446282997e-05,3.158274418435098830e-04
9.790513852203147280e-04,1.594911094566952648e-03
1.791184662147523032e-01,1.705908981394549384e-01
4.269314293262667648e-01,4.312041005376222591e-01
7.816062243091446982e-02,8.837381967673188510e-02
4.079685573542599641e-01,4.047928238356896524e-01
2.433448246066506615e-01,2.436397322942684407e-01
6.977381163021319221e-02,6.180306237222011473e-02
3.785427806118838584e-02,4.413406713042478113e-02
1.088951352129276379e-01,1.061727766089473335e-01
2.570486793499204836e-02,2.599129979053546938e-02
2.757216325082093578e-01,2.795378368009118208e-01
9.829176015062647542e-04,9.581937835077814197e-04
5.525509364647126359e-02,5.676959679938010234e-02
6.453774739566718805e-05,3.144424370430561597e-05
4.001368816003415628e-05,1.813525445120931272e-07
1.574451808487521897e-06,1.070654377680884273e-04
1.443711056743080812e-01,1.367563607942762494e-01
1.094339671552083809e-01,1.167621803720787638e-01
2.474313822924257070e-02,2.524960040831428568e-02
4.170598714712469429e-02,3.852854938369635468e-02
3.311326050600175708e-01,3.109822589965334783e-01
1.350440791549316170e-02,1.307937719976253604e-02
6.124216493811904943e-02,6.051631490826898246e-02
1.311100120058048824e-01,1.400164192601813518e-01
8.364487598858971404e-03,8.310917644588113051e-03
4.005377743070177160e-02,3.852270406359153271e-02
2.222599789481382038e-01,2.234649318402748552e-01
4.466027831867607628e-02,4.207027334261614210e-02
6.585375281999129859e-02,6.355665332937759926e-02
5.220861984038979026e-02,4.987005040072457762e-02
7.541771048680108169e-01,7.599835787056353764e-01
1.746910701469220686e-02,1.749301321121681310e-02
1.250305295856577077e-02,1.281964283455691057e-02
3.477526842293305470e-02,3.137726563684765935e-02
6.427472075321580269e-02,6.023941706856759254e-02
3.169852015458288208e-01,3.386977058968712040e-01
6.822563510378952534e-02,6.003402334350939340e-02
8.061628516556287871e-02,7.999701708876758022e-02
5.799439619995494163e-03,4.905709835955598432e-03
2.385401907243340017e-02,2.533529020627718620e-02
1.145669419449256571e-01,1.154018412019175016e-01
1.751237211736832384e-03,2.442439874976925357e-03
4.951725700355377735e-02,5.196589085239311512e-02
4.861309239680168537e-02,4.311330610455817169e-02
8.470978650765443804e-03,7.411439904496437518e-03
5.875887148668044666e-03,6.337911220096872043e-03
1.306888837585839375e-02,1.014086574896791958e-02
1.095917923467167390e-03,2.043154048453647061e-03
5.057855594722591303e-02,5.182757816035132165e-02
2.651247258027560495e-03,9.961510444867112141e-04
2.124205554108903049e-01,2.050856459755147077e-01
2.280472509585808674e-02,1.958857219081451898e-02
2.176145798333781504e-06,4.404010526938051168e-05
4.318067327310726872e-02,4.317483157136738775e-02
1.484072228529235635e-02,1.486016602543534931e-02
7.578604165907928958e-02,7.536613838068927096e-02
6.362626920121992186e-03,6.686557315132040345e-03
1.455800110909722667e-01,1.406647728020720689e-01
1.910794703965585858e-02,1.646230881328423351e-02
1.746325120056657935e-03,1.652274953782063762e-03
2.965884509341462031e-03,2.353826436961531030e-03
9.817003360616694419e-04,1.817586831424169470e-04
7.059585950870845839e-01,7.345966243103430049e-01
3.309865119470892236e-02,3.946819771500337942e-02
2.193356848807309287e-02,1.949868666839560394e-02
3.362661485359742103e-02,4.055908460448687247e-02
3.421329280662756961e-02,3.325005390220355656e-02
4.569887689244555434e-02,4.282153686300929629e-02
7.549864514033128443e-03,7.205917087770371751e-03
9.767935207643510184e-05,1.149148365278957455e-04
1.585845062309012288e-01,1.632390582899372888e-01
5.066560639032308133e-01,4.793199257773713140e-01
1.988344502668048241e-01,2.012084362849682617e-01
1.808417393834484410e-01,1.741400328054799329e-01
7.099266285332337799e-05,5.511123828948981249e-05
3.468897348006066278e-02,3.529614482930134439e-02
1.970184277652575755e-01,1.917667003051614361e-01
1.369599730565494722e-01,1.467889834401721327e-01
2.143259506584129781e-01,2.186011428441300974e-01
1.273390943158165395e-02,1.458228939336014482e-02
4.031522519222816014e-01,4.302740065044968754e-01
1.806495032290873076e-02,2.319925891844429669e-02
2.412037145674334263e-03,2.006944329951678915e-03
9.301791065520331194e-06,1.659400529011132998e-05
7.274601996166344398e-01,6.965375620708551541e-01
3.157609159005837496e-01,3.131577833826849622e-01
3.819217327450498412e-02,4.647238779247621354e-02
3.033120198775334994e-02,2.758539412764234727e-02
2.153395336892104106e-02,1.681623675759264663e-02
2.061476450268944216e-01,2.064924451930966742e-01
2.343696394610479336e-02,2.141907441472520879e-02
9.281627284312298290e-03,7.229181317103508704e-03
6.571530645668414994e-02,5.706794726180847849e-02
8.672272497185733175e-02,1.007398089080612791e-01
4.188039371349845576e-04,3.585434886897285621e-04
9.890741096496499796e-02,1.023436627205173977e-01
9.130305977301078624e-02,9.705343562495931387e-02
4.997145798991969173e-02,5.219614580519080921e-02
8.102087295494105057e-02,8.854441594906571622e-02
3.221064705740576267e-02,3.362658704739900084e-02
7.908069898196566638e-02,7.520920982390164045e-02
1.588350081002125880e-01,1.632903402589104547e-01
8.105892828922631188e-02,6.455361915136921536e-02
4.622112853916698905e-01,4.380214886300054511e-01
4.121442070232570615e-02,4.248569627593360570e-02
1.815657851124840086e-02,1.327568478653958460e-02
4.163618447117825583e-02,4.246064346560972369e-02
2.645504880640245915e-01,2.500622353146567667e-01
2.966281384545501471e-02,3.343268038133319353e-02
2.163168445448797050e-01,1.973618206176251666e-01
1.474708281322777703e-01,1.418670891284022906e-01
4.190242928675268486e-01,4.214127747613595765e-01
4.488008774853177035e-02,4.115303974779013080e-02
2.558325808154793268e-01,2.536682702317875071e-01
1.368695406204344621e-02,1.422138244375985988e-02
1.663065679867913316e-01,1.590394824617681613e-01
1.703142049712334793e-01,1.744653611212467481e-01
1.271576061461662972e-02,1.330937271672406885e-02
1.029756167238552039e-01,9.719673969996724117e-02
4.451894705505714950e-02,4.212585101168941221e-02
2.840710397618099667e-03,1.138288319943358586e-03
1.686446941934589480e-02,1.944889478860196974e-02
1.166814979583205526e-03,2.503805434846223272e-03
5.927832921007124556e-01,5.873751581192193649e-01
2.995493754946196296e-01,3.256773833317626599e-01
6.439785715480102202e-02,6.445618777774815567e-02
2.787761109278869692e-02,3.455219377179816892e-02
4.754500667962634035e-03,2.954598402804433158e-03
2.575596218785129454e-01,2.582080474681245907e-01
7.198183189127169796e-04,1.013835862027077282e-04
3.029507247515742310e-02,2.986995134837237831e-02
2.448454832032544715e-01,2.474468418209548048e-01
7.547662841742158193e-05,8.221201816621661002e-05
1.065835530894236466e-01,9.979216421408966531e-02
1.822921963121108130e-02,1.423797752763731293e-02
1.452597151700798783e-01,1.365318361200724417e-01
4.515785788126083777e-02,3.676694009488443160e-02
4.870794393798809352e-02,5.125008380504410266e-02
7.373441253466316014e-02,7.617091978225433435e-02
2.259843105619397108e-01,2.390742402457946836e-01
6.514360463564823622e-02,5.991772303376696751e-02
2.865962922490435799e-02,2.800660063502958749e-02
1.369715346137194700e-01,1.398569679966253643e-01
9.724854901278170982e-02,9.953883864059660802e-02
6.103806234395978136e-03,6.147737013076453455e-03
1.790584036845922072e-02,1.887374747842414380e-02
1.205305856244001661e-01,1.158641349051503927e-01
6.786912381383303217e-02,6.267093923698742464e-02
7.719329930319855648e-02,7.732648269258578233e-02
1.630595242326924026e-03,8.792763147685109682e-04
4.132782791604406453e-02,3.393597522966785435e-02
3.045886008616188190e-01,3.185412607683962283e-01
1.812926405273529440e-01,1.827414628475220459e-01
1.081594444481069062e-01,1.134338923222323742e-01
8.471213212169667259e-03,1.200946735099727054e-02
7.958583372924285526e-02,7.240485198372872966e-02
3.933475001304432422e-02,3.545168253676649756e-02
9.986455182264378228e-02,1.043445263014452784e-01
3.909569544574275496e-02,4.088156935610041259e-02
2.095443454709310354e-03,1.530534530544443291e-03
1.050879007474226105e-03,6.234405266393993879e-05
4.917521920865126558e-03,4.382028802154399813e-03
3.582110208457417889e-04,1.991289729352032365e-05
1.826880318983752360e-01,1.975922521322328596e-01
1.148716727532351628e-01,1.073390244216618911e-01
1.358545994930810720e-02,2.023457391831849639e-02
1.976280021080125077e-04,5.451644919693997754e-05
1.493194740435289380e-01,1.438697452441296543e-01
5.412082613627876987e-02,5.684936544855291596e-02
8.796153673846315857e-02,8.007856654718677192e-02
1.825340356473406081e-03,1.762984821381577763e-03
8.729132046990698557e-01,8.821724931684212789e-01
7.639059877663810505e-02,7.560365694778514722e-02
2.350461354403327041e-02,2.451071153461654648e-02
1.146075739007386129e-01,1.026151927345579640e-01
3.110143949339305713e-01,2.944944763047920300e-01
2.095781501173362704e-01,2.239767236465834144e-01
7.190406085307066847e-03,7.181416943053591309e-03
3.247368466887613769e-02,3.155627184003240854e-02
1.378230967279618852e-03,1.871385588901932143e-03
2.473992903449314107e-01,2.602459014015205407e-01
9.206472737009377405e-02,8.843200966903612403e-02
6.310208492285893089e-02,6.669363917685923460e-02
2.726901549542576353e-02,2.887230734509794311e-02
3.160205953057482198e-01,2.876373238071570082e-01
2.973558846272683284e-03,2.832782972573063152e-03
1.661252624189875071e-01,1.594468225138896134e-01
7.375622191629305213e-02,7.587925709409182318e-02
4.217335772946747413e-03,2.692770841898964752e-03
2.689768427277836604e-01,2.515454177687353465e-01
9.051267511331451132e-03,7.449951674711967516e-03
3.260077859563906971e-02,3.095675770334143165e-02
2.857522700430790551e-03,4.469403972694128632e-03
1.955534562611968563e-01,1.949602613252836569e-01
2.310886619320497506e-02,1.684336379223404234e-02
9.276841858632629834e-02,1.017899382768987088e-01
2.608554591250389701e-03,2.044369795217332829e-03
1.608679087592677914e-01,1.747952575350920634e-01
4.734810532028122659e-02,4.683648383004775789e-02
3.982963154125532257e-02,4.137897417321237392e-02
7.119832554606858599e-02,6.396297874061825095e-02
7.040059369311627013e-02,6.566974387375139333e-02
7.110900941242028405e-04,7.489907181695308397e-04
4.794445475218418046e-02,4.511148597963735712e-02
4.495779498383559863e-02,4.227801612346488574e-02
3.646543021942895146e-01,3.724260525082456752e-01
1.244825256218542141e-02,1.929814646210243831e-02
1.162653603791728545e-02,1.410163543397688693e-02
1.827664093003669166e-01,1.775790475306782412e-01
5.763187850012725655e-02,5.902166298341272183e-02
1.125595707342554597e-01,1.185812258710896155e-01
1.891080113222952386e-02,1.874258518533962470e-02
5.788133251997667345e-02,5.179448247378431319e-02
2.123789890981226114e-01,2.091344938179252877e-01
2.799402350776050707e-01,2.767473590070420597e-01
2.577948845848966261e-02,2.391715291393619464e-02
1.052890863579029612e-01,1.103069844161160690e-01
2.160376658251791648e-01,2.266777463158935746e-01
1.608795514197928767e-01,1.841641381312065506e-01
7.234587010125933734e-03,8.698377444019442933e-03
1.347857715206033855e-02,1.875617359345237503e-02
6.798849135249304676e-02,6.812679718761976977e-02
1.794105247700552019e-01,1.867019785938119625e-01
6.766483550064675279e-02,6.946083651862904051e-02
1.877989237545439616e-01,1.914122077935545840e-01
1.323575482989742050e-02,1.544590335057981906e-02
9.525365684272364686e-02,8.991513242814716533e-02
1.509696710996546488e-02,1.422967537937483776e-02
6.356267587906686521e-03,4.918301914730065921e-03
6.022379962617988719e-02,6.022931926184026119e-02
1.960429262204213541e-02,2.595564508761277409e-02
8.964656338421335760e-03,9.641697510281968878e-03
1.601896165726037213e-01,1.469023836370430269e-01
4.058859414231880819e-02,4.589381991744122258e-02
8.157479919590959749e-02,7.851820391666322618e-02
1.971742081646281342e-01,2.090695004881518715e-01
3.022653992326218217e-02,2.810137122360524889e-02
1.343564304293519591e-02,1.496170996341050080e-02
2.380837711690884706e-05,1.557440399332737880e-04
5.193480143357206633e-03,7.426774887776862143e-03
2.468564583193274056e-02,2.774547886343995198e-02
1.345051929354927622e-01,1.273083688409701042e-01
9.464799206223899197e-02,9.969705709846136965e-02
4.903151908431775396e-01,4.710075737120127393e-01
4.798621840898349700e-02,5.731409658373896182e-02
2.433162402399634827e-01,2.327188823194614731e-01
5.435165194735163546e-02,5.689679836026093063e-02
1.471711122377630521e-01,1.500730418819665735e-01
1.876935422218204697e-01,1.905604455339999226e-01
6.796409668799799353e-02,5.574761187832733000e-02
8.309118359026201883e-02,9.342256256311670670e-02
2.772885845184452358e-01,2.886344679619525788e-01
1.591803441900812299e-01,1.700118866206009605e-01
3.783652477700816252e-02,4.328289080832365548e-02
9.411489944339047620e-01,8.904140728056036957e-01
4.607740751538074581e-02,5.245589262248722545e-02
5.097423991963329418e-03,4.280662352491909975e-03
1.021723306715183015e-02,1.075822244682494294e-02
2.022654737245780376e-01,2.144442815699132143e-01
1.077874177872296946e-02,1.148218835036523937e-02
1.371208756706074061e-01,1.308096550938948610e-01
6.850333138668096220e-03,7.233798259829594957e-03
1.744129969052947982e-01,1.666003105631108094e-01
2.958416444016674918e-01,3.040453839148124504e-01
2.478259746087247695e-01,2.543946051889275362e-01
7.855915424991519180e-03,9.718545884882950209e-03
1.321243509075337164e-02,1.254173745428784938e-02
4.703321488946725012e-03,9.808602396256570558e-03
3.293853436680106803e-04,7.380361682232776128e-04
1.504232045313735611e-01,1.513582753840453654e-01
6.238339140681743028e-03,8.118378288294944220e-03
8.633466794475538886e-02,9.074603204023880265e-02
1.394466992900480207e-01,1.402551596846519644e-01
1.555374457970771229e-01,1.584632871983606417e-01
5.739186868623634419e-02,4.880473851065514346e-02
1.312879931232071029e-01,1.318142214952779945e-01
1.551864913429917003e-01,1.554154508355563291e-01
6.096566802724580347e-02,7.098654167374018886e-02
4.810498593720268223e-01,4.565491026668747065e-01
8.842316679731844400e-04,5.391325912317445528e-04
1.330745599211612638e-02,1.171562050829863359e-02
2.502939951542970110e-01,2.566766234450213457e-01
4.552842782455929216e-02,4.089983389193330154e-02
1.379621455101713856e-01,1.369961303204529357e-01
3.834835606264792862e-02,3.528359793380497766e-02
3.401853385596754209e-01,3.540783471287185513e-01
4.299559516166567841e-02,4.460231613624623254e-02
1.065264627771811412e-02,9.713039176535714567e-03
1.300931383180258536e-03,1.190984903943440466e-03
2.114765230040571709e-02,2.477286390195750782e-02
9.719078650569369345e-04,1.675232472405103340e-03
5.525371063566829159e-03,3.617157291883414325e-03
6.972413204920306640e-02,6.605808757002903930e-02
7.910115163187213250e-02,8.206855134580867683e-02
1.065390031614329852e-01,1.028136152589638336e-01
9.869890382581646138e-02,1.021227045607093625e-01
9.050711374647241181e-02,9.440404859288155370e-02
1.921009092177658820e-02,2.024855122126110671e-02
5.452799762864982830e-02,5.585098811109830835e-02
3.090947889279456419e-04,1.257084502031560049e-05
1.679302762933691448e-02,1.825374395417013115e-02
2.405860645611410803e-02,1.999793361347000989e-02
1.761170571296007403e-01,1.777284723362007879e-01
2.688717140089494917e-01,2.706726605225366900e-01
6.862477634002822624e-02,6.177912069883349094e-02
2.173120682076776222e-02,1.819165669180265038e-02
5.152958248900131599e-02,5.350469808336756616e-02
3.770742005480121756e-02,3.447422506140630089e-02
8.761979430467928265e-02,9.042396893707164984e-02
5.283848753234545652e-08,2.000853905688542488e-05
2.713534574644841171e-02,2.151817049156222114e-02
4.138353276049568097e-02,3.966329041977634251e-02
7.870790340194272830e-03,8.076073587986089958e-03
2.637928991665121001e-03,2.301315095636816133e-03
1.291040603934864583e-01,1.207149061508397681e-01
3.340102256326759472e-03,2.868774450305586806e-03
2.435708928961780040e-01,2.309884428193200168e-01
1.050974073936437464e-01,1.094153915870955257e-01
2.073875585666396515e-01,2.201164998879928392e-01
1.591177069148840342e-02,1.549959709885254805e-02
1.202397942013709309e-01,1.188380489176407429e-01
3.321775255840049402e-07,1.333075653042892561e-05
2.279075076081970574e-01,2.254130740574337155e-01
4.667560180160975486e-02,4.435752786223152999e-02
1.500159348165768305e-02,1.496228195346838673e-02
6.958881069646631612e-02,7.800207881471027394e-02
8.898482129646209660e-02,9.086435174665290215e-02
1.451977291045346286e-01,1.569907658000092576e-01
1.188987452418381330e-01,1.246354037476415100e-01
1.833919766647937669e-02,1.550123982268080715e-02
3.055774256249252363e-01,3.055070895390453733e-01
8.284940359552363243e-02,8.641198938830056686e-02
3.086255602770295904e-03,3.046089198331794218e-03
5.695653156933929567e-02,5.533740729101229577e-02
1.672574076934842460e-02,2.108339935592033754e-02
2.940681339577259634e-01,2.864687022139315031e-01
9.283550763843821663e-02,9.071793298638346215e-02
6.249035676400303829e-02,6.548536488191913918e-02
9.306046759225122117e-03,7.089154319357597080e-03
2.965652411657848653e-01,2.856122095290216656e-01
2.924802925488367706e-06,3.082482885561982843e-05
1.986946090817036936e-01,2.121855679990590493e-01
4.594308662313840164e-01,4.375075232028967642e-01
2.016352709656143646e-02,2.239539428671858887e-02
6.179501152494361327e-03,7.002942352119044707e-03
2.138694313372770384e-01,2.265226013533595817e-01
5.015181624848121800e-01,5.011473320412846988e-01
1.904350255374780837e-02,2.053460796434907268e-02
1.819032696527236870e-02,1.805195329360051795e-02
4.127687967626606392e-05,1.182230124119211100e-04
2.931642190652860940e-04,3.779539844361119922e-04
1.167457060377904282e-01,1.295291903176754300e-01
1.627289545409187771e-02,1.681256808405087039e-02
7.391355164889268359e-02,7.861190658208484783e-02
1.574540067198790250e-02,1.802612622698708533e-02
1.542193319790461092e-01,1.485118654213833933e-01
1.507113268113209337e-01,1.476069892561036601e-01
4.838233783111713440e-03,7.253459630707465716e-03
1.540801904379741905e-01,1.623469531959236822e-01
4.884395395588891214e-02,4.619730352218771874e-02
9.684896786508190303e-02,8.738169016780140963e-02
7.096207373859064749e-02,6.967845761813386274e-02
5.482186263797291792e-01,5.343672849163453309e-01
1.336832653501984769e-01,1.388476672429179437e-01
7.192330190957386959e-02,8.068001765776093570e-02
8.625995325332358465e-02,8.809121713972747902e-02
7.408802066401298445e-03,8.054386503918107079e-03
3.171648396249865387e-02,3.645122581230073738e-02
6.156847563545624763e-02,5.720902506802923171e-02
4.570718327806769232e-02,4.598380698918839299e-02
1.512625815768137497e-02,1.314020486963821989e-02
1.219795392187198041e-01,1.250492407550459484e-01
1.075052568683342036e-01,1.029254144755606670e-01
1.166125816950620148e-01,1.247626140651361404e-01
3.772841921617493821e-02,3.768995116273423512e-02
3.700476634090629768e-01,3.912529963626403817e-01
7.252780794216046566e-03,8.764240263227739483e-03
1.708871095530020978e-01,1.732064925904708563e-01
5.925387306712793243e-04,1.630846735410774572e-04
1.504098352046616127e-01,1.580917108263421578e-01
8.319951806212385823e-03,5.790529509637614217e-03
5.629584342476318115e-03,6.435694418774535498e-03
3.336515898073999682e-03,2.878969394531104287e-03
8.902059452099039772e-04,2.133072741597601433e-04
1.733789176424350986e-02,1.803870140228660754e-02
5.146054507328050587e-01,5.286907833668369472e-01
9.777805274698918303e-02,1.017643682558518337e-01
5.831482097595587499e-02,6.472924331399798614e-02
1.552296980499869861e-01,1.787914362657323231e-01
2.609172368764601790e-01,2.574373131250160540e-01
4.442756835137446248e-04,7.404620952297777305e-04
2.620797575242242092e-02,2.525368220092949131e-02
1.734471644611947361e-01,1.871696523484162045e-01
5.532157446987764730e-03,4.313273786115155023e-03
2.441594689174656635e-02,2.370624810351592074e-02
5.324116467962966386e-04,2.960243158281811366e-04
1.666879191106684921e-01,1.810654723869867255e-01
8.199762987923009437e-04,1.440624244653619136e-03
1.344059353808549871e-02,1.184281493990255868e-02
1.326291088856854095e-02,1.242372610520136450e-02
1.351174934194018518e-01,1.264599171657320720e-01
5.738811177336871072e-01,5.649393457130695850e-01
4.195623240078556054e-02,4.645625846870899550e-02
2.654798100703183172e-02,2.544259721751888567e-02
2.538855828740376186e-01,2.628028235550356473e-01
5.701461705479594563e-03,7.991814827474108193e-03
1.739733049863795011e-01,1.651094334577642431e-01
5.559077643660136764e-02,4.926172560400070982e-02
1.129977753943204634e-03,1.520914138690790786e-03
3.149173722016409549e-01,3.240273147505400853e-01
5.790506587843326485e-04,1.020694110145476449e-03
1.235437103631168571e-01,1.098375516311842492e-01
7.308816557219477428e-02,7.217580772440281012e-02
9.923154410734274448e-05,2.725871509717738440e-04
8.632457768736559456e-02,8.049086694316347212e-02
2.741952317383977711e-02,3.199415564864117184e-02
2.534721967886463534e-01,2.445557773167660598e-01
1.674899040396643779e-01,1.684762244921534646e-01
1.520690172158106479e-01,1.539101942438352577e-01
7.249436576565069235e-01,7.218566178976938419e-01
5.334848044790436311e-02,5.319289101508518219e-02
1.426145707535892392e-02,1.430345860227145126e-02
5.606541476088822487e-03,7.732595696618503427e-03
3.034728429717032938e-01,2.789845865412632353e-01
3.935080151769541623e-01,4.014667112580435626e-01
1.435930797290082828e-01,1.398226773888916474e-01
4.868432102593562433e-02,4.835864922002387073e-02
1.614345423146913427e-01,1.751161060186831875e-01
1.300716230731326604e-02,1.280347190995545677e-02
5.249648648338338733e-03,5.410011441771136326e-03
5.704788363440639609e-02,5.767336345984783175e-02
2.065988667199515350e-01,2.138825756227071273e-01
5.414010771350571960e-02,5.096539923913951525e-02
3.183754870575702944e-02,3.451664228389662858e-02
8.035679723303259733e-03,7.476272909412474098e-03
6.659767598571057767e-03,3.505946115657747938e-03
8.417946825239749908e-02,8.933020401705622782e-02
3.049816981815093100e-04,3.247863307099108760e-04
2.179677876136671966e-01,2.172010030866044772e-01
8.342212086996586909e-03,9.313097035814394201e-03
8.908319090423430509e-02,9.049410518224690336e-02
9.129139953260147558e-03,1.123451362816928201e-02
7.571906814625070647e-02,8.025466374224132782e-02
1.337321381983490598e-01,1.384379774075215896e-01
4.422655946279521050e-02,4.604105633272716214e-02
3.659059536275991453e-01,3.792271607540387834e-01
2.013175447747296287e-01,1.905184909814141292e-01
2.857899530742697737e-03,2.128831385863672043e-03
6.603343824354410141e-02,6.104685405748036531e-02
1.277260433238033670e-03,7.180032216565048267e-04
1.570342711900787197e-02,1.043461825597262992e-02
1.844380770719508955e-01,1.769002064633609650e-01
5.981822780055845792e-03,2.135804299547483000e-03
7.062075108942945934e-02,6.611457570898755798e-02
1.578413169107272529e-01,1.534783300255319061e-01
4.588661711436566731e-02,3.809600007013602685e-02
1.122212829234743997e-01,1.058302226715903127e-01
2.406677198797652767e-02,2.486466600696767351e-02
4.285439836977091022e-02,3.653008063460520122e-02
5.880324286111322102e-02,6.332515771310302799e-02
4.774066481891454678e-04,1.048433445684263891e-03
3.883829002847378337e-02,4.459891190423627416e-02
5.632438866621490847e-01,5.715382782126239292e-01
4.937339012911138962e-03,5.089377050987132015e-03
1.186980710081976809e-01,1.146603799408826979e-01
5.885155094290032141e-01,5.989127199392516587e-01
2.685518348321355719e-01,2.581724806821092955e-01
1.776589355233286482e-01,1.767693073366545520e-01
3.982718497230378941e-03,2.967828604862640923e-03
6.794984751442279501e-03,6.439060015790235361e-03
2.755744561860911605e-03,5.050106382099686479e-03
3.270692327541821487e-02,3.252575688110833502e-02
1.837522115506719234e-02,1.973140896875348604e-02
2.162378819174105848e-02,1.950449318699563894e-02
5.069048319235713862e-02,5.063046558495637450e-02
1.900364011260003566e-02,1.582704129167834470e-02
1.208061354479269683e-01,1.000890356579951651e-01
1.792151899555798414e-03,1.847123858462422236e-03
1.214731784276823143e-02,1.238262159264957689e-02
2.165470523772761169e-02,1.814210182135476968e-02
1.767881277097413661e-01,1.811537094236881917e-01
1.513936176497203152e-03,1.367344476073827650e-03
2.131408426462870796e-05,2.516051101664302852e-06
1.715192787283013331e-01,1.532781578124457478e-01
5.151410094479407231e-01,5.350578386345635762e-01
3.740013702416059710e-02,3.974397963130054529e-02
1.425856962549710422e-02,1.589186058739862351e-02
8.544098617330249390e-02,7.451030233089309118e-02
2.249306176838748901e-03,3.570904811565937895e-03
1.691672311086927019e-02,1.541087645002003730e-02
1.687274139478847981e-02,1.836407543852551852e-02
1.523139867968388295e-01,1.553553991783867272e-01
2.394738718457945642e-02,2.029859721235052414e-02
6.968896837517010723e-02,7.104816536072090793e-02
3.984788567809226245e-02,3.762531971657880059e-02
6.969034787239820894e-02,6.543627354291185749e-02
2.015350333914022463e-01,2.020787662383151384e-01
8.388934818412510652e-02,8.535496491321444001e-02
1.219427401975099398e-02,1.241462354941078212e-02
1.583135096540399800e-01,1.599004139163910931e-01
4.130325474147555215e-02,3.507340408389086200e-02
6.140068396921175009e-02,5.835828672336289269e-02
2.271664109485655447e-01,2.285055056633485682e-01
3.605838663816393619e-02,3.551189616833629048e-02
4.261003980231139500e-03,6.752710645950014273e-03
5.558466705335424890e-02,5.020723105002357356e-02
5.259854809637373174e-01,5.310287499958811219e-01
2.219967981770296778e-02,2.206932553554461635e-02
8.228365468657314330e-02,9.394622552121562054e-02
8.111053093234722733e-02,7.401590047389738913e-02
1.572734221566783885e-01,1.698032151384340771e-01
6.222818831826083461e-04,4.612153210147120538e-04
4.107442748925936582e-02,4.622492726660690221e-02
3.285278208492787427e-02,3.243651843828939535e-02
1.766854954697041902e-01,1.763052112366303714e-01
7.194507605673389206e-02,6.900089596329214703e-02
4.122478197254338950e-01,3.963716566212360237e-01
1.477132256800442467e-01,1.374728031790970750e-01
1.405352178442242084e-01,1.444199988274614266e-01
2.987055552145602769e-02,3.202023069018913176e-02
3.678277226020915938e-04,4.319715175667909811e-04
2.436789431269694994e-01,2.256809980622432044e-01
4.123234367459201188e-02,4.313280675064150999e-02
2.395590788829717599e-01,2.661650370638727892e-01
3.903848401401768115e-02,3.615485687246160901e-02
5.223047717207641299e-02,4.627086153882100511e-02
4.916175016559606176e-02,4.511876262038194002e-02
1.321301899346581099e-01,1.315015317579243670e-01
1.075152742040304021e-04,6.745050987967877477e-04
8.653168251537744771e-02,9.203700908663217661e-02
1.173037572631696374e-06,8.245671653445869073e-05
4.915252979458165083e-01,4.866823085161748330e-01
3.038476825691073802e-01,3.179872773710388234e-01
1.439958983803805159e-01,1.368164146859328079e-01
4.450254762258968461e-03,3.188825256555338338e-03
4.734229069439554322e-02,4.237412071660225099e-02
2.210847974603154589e-02,2.093753522671706890e-02
2.342370307587790523e-01,2.416484641121430799e-01
1.290841269366891364e-01,1.198208783853534909e-01
2.065932783912821646e-02,2.498234422295030760e-02
3.930547754979823311e-02,4.038523796356704998e-02
1.417367639055388540e-01,1.456571250177945975e-01
3.267690296114668658e-01,3.260965446120044353e-01
2.750149466727018922e-03,3.184030907408702885e-03
2.440338981520016187e-02,2.929590218743107627e-02
2.854152563525678699e-01,2.919220071626283941e-01
9.552247035814558085e-02,9.027398119862976855e-02
3.092002070570428959e-02,3.212740816057571558e-02
8.296414308440359930e-02,7.624640764998233400e-02
1.002692047203768005e-01,9.292744979448995524e-02
4.832000470637941303e-02,5.115156826542461427e-02
5.518577729252361480e-02,5.393504150764572014e-02
4.053337393936858567e-03,2.914149321116424676e-03
3.584493362308081577e-01,3.567538945385980709e-01
7.144305513875773631e-03,4.387824311502384889e-03
1.873547781374208243e-01,1.788617681650108704e-01
5.389676945399866220e-02,6.042992523231483643e-02
1.823863608411594242e-02,1.482980022289590374e-02
6.240483935074749022e-02,5.660093682586563729e-02
3.178207449641407556e-01,3.171473294701255830e-01
1.318650332638971433e-02,1.630411943537695210e-02
2.194503474799083809e-02,2.469791976576949169e-02
1.036300592851931504e-02,7.547688708485571739e-03
1.424769405670425141e-04,7.319279880939296757e-05
3.663439053864481210e-01,3.580948797999178312e-01
2.143804510887672987e-02,2.897111108995809037e-02
2.443551747416203117e-03,2.895990976633531621e-03
4.612334810971727150e-01,4.568219922494672347e-01
3.396762306667927556e-02,3.324338392349115989e-02
1.178018466170945456e-03,2.816425819345172877e-03
4.336480541898089965e-03,3.391282877641545613e-03
1.743424834680683613e-02,1.695965351164497453e-02
5.772885393372884782e-02,6.834192203135279475e-02
1.286716234792923200e-02,9.636338797234278095e-03
6.131945285652013952e-03,6.002923439592620404e-03
1.168217141544154215e-02,1.205275746831967719e-02
2.424115716823198037e-04,3.156790541425097819e-04
3.724117078709100054e-02,3.099956274683008522e-02
7.940428669863640061e-04,1.221906702529984307e-03
1.032110246601487986e-02,1.350852783484662693e-02
1.390444326563399814e-03,1.108240617458946305e-03
6.015803009537852575e-02,6.483853370471347188e-02
6.676534578509643603e-02,7.402823309334966018e-02
1.403129513222877399e-02,1.309082145819382391e-02
1.450375696744672649e-01,1.388768039216347616e-01
1.543065182809274377e-03,1.512207886765111215e-03
7.247350145023750967e-02,7.787015532055292788e-02
7.504902802332062972e-01,7.554055488765649695e-01
2.757601137576347686e-02,2.678123301231977171e-02
9.576366091589226526e-02,9.354758950305847032e-02
4.113153009405794841e-02,3.757989005048455872e-02
8.691402220812774471e-02,8.262390759501180015e-02
1.450749395631634742e-01,1.261934840961676796e-01
8.232180043919682527e-03,7.266194215077243466e-03
1.546775774134582504e-01,1.580659297865937840e-01
1.913285579326768349e-01,2.037343155391305172e-01
1.133985225466921549e-02,1.031496746989657952e-02
4.126586227221073488e-01,4.203112224972437305e-01
1.060997774566396490e-01,1.156856792157862912e-01
4.806755330712066121e-02,4.607789343554503925e-02
5.185553092797224872e-01,5.115000295721680024e-01
2.725124151453029581e-02,3.004641421700558063e-02
3.901932749365381869e-02,4.368777954781467160e-02
3.804140262292377006e-02,4.424179387010598874e-02
1.332811392059806907e-02,1.410013257344751823e-02
4.600540173066521715e-02,5.240975699003695698e-02
2.068383735696420478e-01,2.118830205210851803e-01
1.176553591884239025e-01,1.235482018291181039e-01
1.940329273096257912e-01,1.916261603232522481e-01
6.262409207032477998e-03,4.798301193661132745e-03
9.329602913169973699e-02,9.490116503569064055e-02
2.074213374332471993e-01,1.980111087379047285e-01
1.301502871340510792e-01,1.327819481363754217e-01
1.334310350487270640e-02,1.489277601994861040e-02
1.861897050982997681e-01,2.044772271682900322e-01
1.066603875197014422e-03,6.824038319002078377e-04
3.269779957502572804e-02,2.546627656509270823e-02
1.104664827722546538e-01,1.158592177048111127e-01
8.382673744933366589e-02,9.951446996554547120e-02
3.676948653983946186e-02,3.344958846812880193e-02
1.558133528918668499e-02,1.541394847224918270e-02
9.532231090281181873e-02,8.849859044773077110e-02
7.367103813596343137e-04,8.449737130954524267e-04
3.204305564693195915e-04,5.898001907472839866e-04
9.097251625648160311e-02,9.023652558662142997e-02
2.605605272970665798e-01,2.743456994526524695e-01
3.480542052216602233e-02,3.266265179179177192e-02
2.848045164278835330e-03,4.032118993047439752e-03
8.939634219510633750e-03,7.606379651186617567e-03
1.356881016912221075e-03,3.127141279544467492e-04
2.231704930777457796e-01,2.151216017095156363e-01
1.605703846613851793e-01,1.560479340890084665e-01
8.082804034988747271e-05,1.066358519323991936e-05
2.457148423965164769e-03,2.500719100603377831e-03
1.138349444118600950e-01,1.199972833146858986e-01
4.133453713189646703e-03,6.267321352147714811e-03
8.171563269821051356e-02,8.720747933958364340e-02
3.599374988439039691e-01,3.749806397449646500e-01
2.412174562493872229e-02,2.947960248907735212e-02
5.062450863565944037e-02,5.069114624628012766e-02
2.553081931097886392e-01,2.710999805605809887e-01
2.533655224650565585e-01,2.561290868690591638e-01
2.294725268034788213e-01,2.461273485372498793e-01
1.671819703407972577e-02,2.316555426128300010e-02
2.005091411327670492e-01,1.936072884742536249e-01
1.166878128101621337e-01,1.180709745509609110e-01
8.374316153852989775e-02,8.625871172214187588e-02
4.561044058630414622e-02,4.642806661076919611e-02
7.765302993444325730e-02,7.425185799381418816e-02
1.511091143175666285e-01,1.453571303661599645e-01
8.734221542743814126e-02,7.913885031003174697e-02
3.808043003859791220e-01,3.885752087395883958e-01
2.962426940352627658e-01,3.223556376669236001e-01
1.838054074641969071e-02,1.771882918350204186e-02
8.804280174794502922e-03,1.647124834871905794e-02
7.451171887287857398e-01,7.271752747903753589e-01
7.741943018443212064e-04,6.336809751930108344e-04
2.022757177193831857e-02,2.428992415819442724e-02
1.759084044731511545e-02,2.121877591977053626e-02
1.353406317090767585e-01,1.331459419650911358e-01
2.625558591059471824e-03,2.581221134229533601e-03
4.081066541765840903e-03,3.156638695814657867e-03
4.559126725450878825e-01,4.661386062590798240e-01
5.756389161167355106e-02,5.943842060132562000e-02
2.223905702826045258e-02,2.806815636411578649e-02
9.808271579664953888e-02,9.493299201122373798e-02
4.469443613965377177e-02,4.429279033954802713e-02
7.591304051052193136e-02,7.234819393425137579e-02
8.899085351967472358e-05,2.510339370910700044e-04
6.039781404726694142e-02,6.073009675784318828e-02
1.187786994787449818e-03,2.148980522773811207e-03
8.319695429264784003e-02,9.283106608849663044e-02
4.517726966198373773e-02,5.167370759453059070e-02
1.340751268288120079e-01,1.329368169989896264e-01
1.785576490664712510e-02,1.860646893774924732e-02
2.005206581695364032e-01,2.174468749452873884e-01
2.726834918535298025e-02,2.667282031737241293e-02
4.527559697580928882e-02,4.826221176883801339e-02
5.353031151582692861e-03,3.879247044739717303e-03
6.643167177074733865e-02,7.718444465801617416e-02
8.164516259837864900e-03,7.041105290640402130e-03
6.261695873193015788e-04,1.029854422316108268e-03
6.117521505806416959e-02,5.893260056473974273e-02
9.556330479101612929e-02,1.040311758718816398e-01
1.532545165722111295e-02,2.308212795077195859e-02
4.062570674104347135e-01,4.086443165778789188e-01
4.071005304830220951e-05,8.861004531273065270e-05
1.242759246495244302e-01,1.338304057301561156e-01
3.176105980293400955e-03,1.002649426127930022e-03
1.047834441030666072e-05,5.393884918635662677e-05
7.870650007486205968e-02,8.655194223078611915e-02
3.052781461327159218e-01,2.996830132902127408e-01
1.044530793683714903e-01,1.055109207146204819e-01
2.743143742461899293e-01,2.613632208729324558e-01
1.046369345633192394e-01,1.018145135289345721e-01
1.166433979477117001e-02,1.369814879983907198e-02
3.839805682906113904e-02,3.858647774184702228e-02
9.380535201720727190e-02,8.971140145705383540e-02
1.115601718862043457e-01,1.179372940458962848e-01
1.672079388576332148e-01,1.582760282347155101e-01
1.107019016757617991e-01,1.188397223348479775e-01
2.016041778184319601e-03,1.896471869621877597e-03
1.314919945067996032e-01,1.364532731022308210e-01
4.166260437056928598e-03,4.754292694277206278e-03
2.826754484776412002e-01,2.829598538446471134e-01
3.276361298680171424e-02,3.033966943748789627e-02
4.245671889113112468e-03,3.598415227472944768e-03
6.800808165888855804e-03,8.749924784705627803e-03
9.747467322075526949e-03,8.849398081192517626e-03
1.208129329980833638e-01,1.224031445286221653e-01
3.898950950321007636e-03,3.305114942941399930e-03
1.043203642006374082e-01,1.120681496883967759e-01
1.413861745112927545e-02,1.292400226915744327e-02
8.735689690445411215e-02,8.625983639258597013e-02
5.847847468371879937e-02,6.071979877165751410e-02
5.888764189706365004e-02,6.397698243763577652e-02
1.196302920417187249e-01,1.195001631343544785e-01
1.233306318358630351e-04,1.411687820999782872e-04
2.465302701962145474e-02,2.681380102683913677e-02
1.868906768102283802e-04,4.124820232622561475e-04
1.216023187898407076e-01,1.081428275574430331e-01
7.686748488972132250e-06,1.534289109013937987e-05
6.813417114531939919e-03,6.677051257968860502e-03
2.865148334871517669e-02,3.416700240534980421e-02
8.022718561405831061e-02,8.844674025734203249e-02
7.659886331695178741e-02,7.297760259551369644e-02
4.408798596212266940e-02,4.534355288638401704e-02
2.531008514828242753e-02,2.228860417345168710e-02
7.107297663022028172e-03,4.775104615454483017e-03
4.358286967576401882e-01,4.374319892417871114e-01
9.999151723824534557e-04,9.082002800685952263e-04
6.746277856522385962e-04,5.216524884609662809e-04
2.024907006711432755e-01,2.011787611205499149e-01
3.723035705034510835e-05,8.340481062373524733e-06
2.222887769230172048e-02,1.847611041262158318e-02
5.792249650250819171e-02,5.857717369678025476e-02
7.174570614119774037e-02,6.649866691441114197e-02
2.623095052131103055e-01,2.554661391828730310e-01
4.248425310539091088e-02,3.973522139698505706e-02
4.109640651834070568e-01,4.115192132730036145e-01
1.266276859198933562e-02,1.565342529592606002e-02
4.194852805306246990e-02,4.188853558891070250e-02
9.966078885713864841e-03,8.211784812728616795e-03
8.677665569500007253e-03,8.983764181583010766e-03
1.669606317341174734e-02,1.246209325442226845e-02
4.140108630324893513e-01,4.290976725101472433e-01
7.761994910764836997e-02,7.871525292607942093e-02
6.934894949794584602e-03,1.071967524825599184e-02
4.026220444553418876e-02,4.417949702234389570e-02
3.103141223064123655e-02,2.693400008949068530e-02
1.021406693515523531e-02,9.287229826725279525e-03
3.884623944934204043e-02,4.017265429745074667e-02
5.820820659245637407e-02,4.774475181198717388e-02
3.571085629453225191e-02,2.970299244434187677e-02
4.041430006390881596e-02,5.090345446227315107e-02
3.258919857299184542e-01,3.388124183925809718e-01
9.031014132346608381e-02,9.206744102030504917e-02
4.066899400774824647e-02,4.163513046042256749e-02
5.393516040132144418e-02,5.946694216756512330e-02
6.808713838167291810e-01,6.887814665863106756e-01
1.696879194638406874e-05,1.108889693158431397e-04
9.421519862129434930e-02,9.178578099915503385e-02
1.778017072001282506e-01,1.771209392151275874e-01
9.832576223763721257e-02,1.012732904202127276e-01
1.216051529552925753e-02,1.303572468026152446e-02
1.606062525978310673e-02,1.967004353027889535e-02
6.214415176381062056e-02,6.265374562887374155e-02
7.927097291986799025e-04,6.107766992375847663e-04
9.564445750263747548e-02,1.096745449540098005e-01
9.829531442688154127e-06,1.455530995640266540e-05
1.189196658114257260e-01,1.270588574397061021e-01
7.324710272438736403e-03,7.968718926520462417e-03
6.545555845181737220e-02,6.467879212433812197e-02
1.007952942915675033e-02,6.347558462721866572e-03
8.139581443084553669e-02,8.533380463833037388e-02
7.255010517119071800e-02,6.894606448603725346e-02
2.392401744576903300e-01,2.424203405380869480e-01
7.698003387529218922e-02,6.953189274982353452e-02
2.730118928267041278e-01,2.647900541402680719e-01
1.165014240147983250e-02,1.295681572302556650e-02
1.685495128484626806e-02,1.309845149408866288e-02
1.878159448472744575e-01,1.860650530044817008e-01
2.976007569478227510e-04,1.627768271263369546e-03
2.026318737251734531e-02,1.798860965865410264e-02
6.653917952547988048e-03,6.475890767651874998e-03
1.267409052760688423e-02,1.559239983945453177e-02
3.992674975790124620e-02,3.812044074656407294e-02
1.678913778062404993e-01,1.683248360113692721e-01
5.229470015504255470e-02,4.480573448858624769e-02
3.845276810348757790e-01,3.834095756494110274e-01
6.136567013669231435e-02,6.155898449627274227e-02
3.438084638802779147e-01,3.454275155617165805e-01
2.431267732339440629e-02,3.090861325323292913e-02
2.435150362210764668e-02,2.003071646326762614e-02
8.661715878938762436e-02,8.787448733223202080e-02
1.893467022747067352e-01,2.019447682316147519e-01
4.204603263678592384e-01,4.218401098160996510e-01
1.439863535412029272e-01,1.447144320097726311e-01
9.304398598797707087e-02,8.456060576882686031e-02
2.998767094318435245e-01,2.967243954292391184e-01
2.899830169988845685e-01,2.915101624855705453e-01
2.841209277299336708e-05,1.101543815799525772e-08
1.733183027983128683e-04,5.668505012533434475e-04
1.970016750384243238e-03,2.645704587427324690e-03
6.571061024140921469e-02,6.734756587641184400e-02
1.927886678888990069e-01,2.069016444383459941e-01
1.231926801085323625e-02,1.299938380725507853e-02
1.203894110515264272e-02,6.979404725165946205e-03
3.316334153190246721e-03,4.654671410641339491e-03
2.751809982119659756e-02,2.760710047295224234e-02
7.385479261532537643e-02,8.461720163251948423e-02
1.491806927477085098e-02,1.484163616045497749e-02
1.921703774107552448e-03,1.885852742926031169e-03
4.146573849320869462e-03,3.289042767833267288e-03
6.437927018376433663e-01,6.440953756739843383e-01
1.871821111762598730e-02,1.808392606024085414e-02
7.524187618070123096e-02,6.286961504730886885e-02
3.590012829644284031e-01,3.496384113753241984e-01
1.644784559848930239e-01,1.596385228237790221e-01
4.296520197780828720e-02,3.952614472221496755e-02
1.192575375716301150e-01,1.275679863332755681e-01
1.992544535823885521e-01,2.019270678591682522e-01
1.448521044031613088e-02,1.391642394930646051e-02
8.322468634493212711e-03,3.623222518034123572e-03
7.271531086786786006e-04,3.148503044654638364e-04
1.043748281951821684e-02,7.623198392279991777e-03
3.067930943847995903e-02,3.073362059891163872e-02
2.066150593547163850e-01,2.044203461139718625e-01
2.815664756818084952e-02,2.549888783384837015e-02
8.443491419815452167e-04,5.563957907357936850e-04
2.035228073315777791e-02,2.019334574572074700e-02
6.749047596749160882e-02,6.521526762126847454e-02
1.204924356739196789e-02,1.096227841954958149e-02
6.623366273196995557e-02,7.226169944746890783e-02
1.074405155443450711e-03,9.478711270394996665e-04
7.150777198831319292e-02,6.840837378737990582e-02
2.525489612694206687e-01,2.347932201443780065e-01
9.089939631910252948e-02,8.621897846096160389e-02
4.774463534760563926e-02,4.020243492187165757e-02
7.712273291522581120e-02,8.455677714398641964e-02
1.765806044833372057e-01,1.798102906402857526e-01
3.422828391298613632e-02,3.469021755146935865e-02
1.114342159730577486e-01,1.048367656222958660e-01
2.127255342098770263e-01,1.975666929752370737e-01
4.828864264345232582e-02,5.223691430141928077e-02
1.849745099577550789e-01,1.869851894709722573e-01
1.300169287165870401e-02,9.935684035871337333e-03
3.969550136660289774e-01,4.188947230118355014e-01
1.431656362424187263e-02,1.751337401573622304e-02
3.161547516510010425e-02,2.477881415298377465e-02
4.927037109215925796e-03,3.502487393444664743e-03
3.428976164750439926e-02,2.996731884432692408e-02
9.060319415265838047e-03,7.216788620469770203e-03
2.445367029676765239e-02,2.361095847150705002e-02
8.084479389110001135e-02,7.809872908945857117e-02
5.918781253644427726e-02,5.022683459927582139e-02
4.307459023975013235e-02,4.304618763601707893e-02
7.142634010217546780e-04,9.607376563182902160e-04
2.782511390351492114e-02,3.414729750814264608e-02
3.464040005370375153e-02,3.182555700166435353e-02
3.117769006530173373e-02,3.023613853958709990e-02
2.117586426607383568e-02,1.967646133002944747e-02
4.348170188672252634e-02,5.424207537595605866e-02
5.355589794093187361e-01,4.899177337658743858e-01
6.694309889736092811e-03,4.336246373775763142e-03
7.832186682655761789e-02,7.525355799263093448e-02
1.072574094159140234e-01,1.087506017293124877e-01
1.875407289978542613e-01,1.787411709469949594e-01
3.814337569968356823e-02,3.206555484666327033e-02
3.765680728898181950e-01,3.814618168717838764e-01
2.657271688566567036e-01,2.732476781238844521e-01
7.905771427279750449e-03,9.416076687766365347e-03
7.514172889357917384e-02,6.710884665253763481e-02
1.347955691760981123e-01,1.262105463031406027e-01
2.038179726303343542e-02,2.097737592460749076e-02
2.662875201794773217e-01,2.559705134109701574e-01
2.506110935971639919e-01,2.366942202023588626e-01
2.003475244905221775e-01,1.908208074754620953e-01
7.363959543909515625e-06,1.361156580123547196e-07
1.139605848396961080e-01,1.054405322163219777e-01
1.641335776998011781e-02,1.644343529122626463e-02
4.305320975936545447e-02,4.464952003791464175e-02
7.089018240487433842e-02,7.498639862236960996e-02
2.171162343220732482e-01,2.115107252489112077e-01
5.355226926700666634e-02,4.598482652855115371e-02
1.809163665753627664e-02,2.065474211022651913e-02
3.814755988350660570e-02,4.274456659743723630e-02
2.460544577541657132e-02,2.776555607329213304e-02
2.077807464818913208e-01,2.039442631379820015e-01
1.119025199182703545e-01,1.097193585179296188e-01
1.053123923945669255e-01,1.039766906703557120e-01
1.718709377558215933e-03,5.018538036228448315e-04
1.693026257645002374e-03,1.002202532326445508e-03
3.413401373658533910e-02,3.205678412057563070e-02
5.288094556340430796e-02,5.309287248324484620e-02
1.810889632417055639e-01,1.795871720994116627e-01
3.781831887377997553e-02,4.247477139026641785e-02
2.119735562282234337e-02,2.401914693063481737e-02
1.385922309966775533e-02,1.279696301817691804e-02
9.625352975025255886e-02,9.904796216937543363e-02
2.255426943341454493e-01,2.340530637158389493e-01
4.811770448009140833e-02,5.405614080116909193e-02
1.973374158909605436e-01,2.063401251890081833e-01
3.272407743685335716e-03,2.725345051038014204e-03
2.480462013383146203e-01,2.329497826936380300e-01
6.858826287735768357e-02,6.227847236432981076e-02
8.487265023887609686e-04,5.648886214575089782e-04
6.518088506726533136e-03,7.490441535027436877e-03
4.301125420999168253e-02,5.118249563940995006e-02
4.956617984343603817e-02,5.237619647923801025e-02
1.725523156549743642e-02,1.818246632911276958e-02
2.112620219822205353e-02,2.646393121726433803e-02
2.384356357450701791e-01,2.300660206875917158e-01
3.367955030280534324e-03,5.500386107158963464e-03
6.321190201224478888e-02,5.630482069593431560e-02
4.609471296405141111e-02,5.073856630898339326e-02
1.849312269299408992e-02,2.351936553850947353e-02
1.799786515640839496e-02,1.759328582391764262e-02
1.915840607027470277e-01,1.902084031432129674e-01
5.263150600870630802e-02,5.521992773002130234e-02
9.790248343068216896e-02,8.460457100146132059e-02
2.949960519339421897e-03,3.438873956937815723e-03
1.020663044383253309e-01,9.318375510443301091e-02
1.261725835256189625e-04,4.492288628554320451e-04
5.386068501048134338e-02,4.956359092352984747e-02
2.538010778912975010e-02,2.147986359394975578e-02
4.035368611556261476e-03,2.250937315529477276e-03
4.628284956046605902e-04,7.487424733891748327e-05
1.147852559844542326e-02,1.337157334244639707e-02
5.703163341012592452e-02,6.598667865216899242e-02
6.530669697449598306e-03,4.870018728679578746e-03
3.958076223121849702e-01,3.731417582101928532e-01
1.084226990464651486e-01,1.153144343034029212e-01
4.181420599224142109e-02,4.052543294069841512e-02
2.078644668525389712e-03,3.443492382888781265e-03
3.559238705581436752e-03,2.111994070177725894e-03
1.416114614834209501e-02,1.304960831786156766e-02
1.699960773892082722e-02,1.504450723647848646e-02
5.426913008092652813e-02,5.448095426204585534e-02
6.477226845501662597e-03,6.587793593256664054e-03
1.521735404886198006e-05,4.910498201861543524e-05
3.827975578789079292e-02,3.571428511788530408e-02
3.631853047518969219e-03,5.009365295606102962e-03
1.620295631967313011e-03,1.397955880536976003e-03
4.623274997001092235e-02,4.543397827317230409e-02
3.690829691267949464e-02,3.905850020921132482e-02
1.192196652841517532e-02,1.308404968801265243e-02
1.155557483371070643e-01,1.149516478010973175e-01
2.202126130040570756e-02,2.442417880794050047e-02
6.848638580551155708e-02,7.086459737916110668e-02
1.121691859280105341e-01,1.041763725354540870e-01
2.580903922500879868e-02,2.628476332708297794e-02
3.102994205076307632e-01,3.079285977381098216e-01
3.769751722490635726e-02,4.103203870432330785e-02
9.145330157617993783e-02,9.397788966674819333e-02
1.834132581228478144e-03,5.050438070032343615e-04
5.478577946531655585e-02,5.645715158335606193e-02
7.774353999064217979e-02,7.655250567278930329e-02
5.814720936002271134e-03,7.235849726402534404e-03
1.303674754511434386e-01,1.255145248826583237e-01
1.067916110991147614e-03,1.112170582817954487e-03
1.911253318792834402e-02,1.606112552322914652e-02
3.563365298482189941e-02,3.647694769869957304e-02
1.437314747549639691e-06,2.122983463042814269e-04
1.655689653075902990e-01,1.452091928777889396e-01
1.710134133928632727e-01,1.799019187143654774e-01
1.814265621266550809e-03,2.592991162231674061e-03
2.133705859351108514e-01,2.159885183843281153e-01
1.300258497351778064e-01,1.288649732775518919e-01
2.321574257378584694e-01,2.285325243239048065e-01
4.822462511954928588e-01,4.589491745646360199e-01
7.880527384801402566e-03,1.046281666665443109e-02
7.589660471061580871e-02,7.482589014927103210e-02
3.259263474099587804e-02,3.249924049245242474e-02
4.005379662711194139e-02,3.975650992596482802e-02
2.139407840048375073e-02,2.149142816507213644e-02
5.020616052955683556e-02,5.185031843137968832e-02
6.961448656468550988e-02,6.764919334063468348e-02
5.953760286639751820e-02,5.913177745909586891e-02
5.136065169915138284e-02,5.122043643848953748e-02
5.367263952714984750e-03,6.529348392757658784e-03
3.535366894459811282e-02,4.061363835388447779e-02
8.689658822666948574e-07,1.629168625273234730e-04
7.237551191367663783e-01,7.424796532298791885e-01
1.565668589859994710e-03,7.097034830295109254e-04
4.394739187145826204e-02,3.516573587856052646e-02
4.748347937150623060e-02,5.344267571340342859e-02
1.453863698567558760e-01,1.513505100806694093e-01
3.762754664439373065e-02,3.728412907770958795e-02
4.635602271332217930e-03,5.438683207931341128e-03
5.111276028660544785e-02,5.423472484856257242e-02
3.596118142984889299e-01,3.414917590771729961e-01
4.588641144958551243e-01,4.650684349780164761e-01
3.355724686374227383e-01,3.572663216984336421e-01
3.191450107522694063e-02,3.636133222240835877e-02
9.886865658689972247e-02,9.316630020965395442e-02
5.938707212511455148e-03,6.438852005191206956e-03
2.997634725861551552e-01,2.960390491731176854e-01
2.018239106744516009e-01,2.067009212779882255e-01
2.170357886693234650e-01,2.342520202484751068e-01
2.152546537392105996e-01,2.148771988922963394e-01
3.630656026788942753e-02,4.043846922231806446e-02
3.471887349165680287e-02,3.562776399795371945e-02
2.906254209710504993e-02,3.170220535026342656e-02
1.122033178702030662e-02,1.441175573813100082e-02
8.403843480185139991e-02,8.064624369437092821e-02
3.429667189674939776e-02,3.722339573202576579e-02
1.791489483079342637e-01,1.663878289890487472e-01
6.558664694990291866e-02,6.898369263792468453e-02
2.731542155045754705e-01,2.891064570950476753e-01
1.862538925237301399e-02,2.155914003505116430e-02
2.867087418957133815e-01,2.964982875951582275e-01
3.483203114838335167e-04,8.520353292592836936e-04
9.985469135853826742e-03,8.950752811142071233e-03
5.845442769089585376e-04,3.841481597738998486e-04
2.965063081518927793e-02,2.705634426764406270e-02
2.412870915147400253e-03,1.620952712407937269e-03
7.814589305130892338e-02,7.806054762582083362e-02
4.996693858343841804e-02,4.537758728022919102e-02
7.933798027211814985e-02,7.441863085477802564e-02
2.411380309206619457e-02,1.979767421625788087e-02
6.388386591347879062e-02,5.750351587527592623e-02
3.024503024034208652e-03,2.303431793961631998e-03
2.418611163892287752e-01,2.479250610261726773e-01
5.672258585852132384e-01,5.764835592559145461e-01
8.933245642431635047e-02,8.701596360644686667e-02
1.891937671910425738e-03,9.981614095708455682e-04
1.569379528106577826e-01,1.686793300516501726e-01
8.396999372994833066e-02,8.105655198308886478e-02
1.155828850656251128e-01,1.229985193680401823e-01
1.702536024164364586e-02,1.717387432068800956e-02
5.167125411194108987e-04,9.583374455055089719e-04
3.776701075617783926e-02,4.356107224376315479e-02
2.392637328789416415e-02,1.941611181841435690e-02
3.370639497555726061e-02,3.342622921077351150e-02
3.994805502806865749e-01,3.945160854219954549e-01
1.770466477906412484e-01,1.850429635066122291e-01
2.526110966817697312e-01,2.403904214544022588e-01
1.262458735914918570e-02,1.334757602996559586e-02
1.393374347681465217e-02,1.447704470914370871e-02
3.426519638004138502e-02,3.622053321513948182e-02
2.302667930707613404e-03,2.103606030063871150e-03
8.397639265224172631e-03,6.035653017909617564e-03
2.931387745241804121e-01,2.940794598917184643e-01
2.578391690757132065e-02,2.195408794378365946e-02
6.809465368162226362e-02,6.315723800147532430e-02
1.232566197133625335e-01,1.243436652482151211e-01
2.368136090602719970e-02,3.059605396691921983e-02
3.272718385833114224e-02,3.093588088232283179e-02
3.739168078586477240e-04,7.424934495118959074e-04
3.844944144954549614e-01,4.168372211186888721e-01
1.719511242275940238e-02,1.207497503454666582e-02
1.973100306860729181e-01,1.877241554451322125e-01
9.777197779854641859e-04,6.171740245319422974e-04
1.474041947324993343e-02,1.287935610991107656e-02
1.214288992363746073e-01,1.244322429175720029e-01
1.618387743540032897e-01,1.566355000227488692e-01
3.112027803129763091e-05,2.425192334686005993e-05
2.663251306586295053e-01,2.728881182489416024e-01
9.133292158689670232e-03,6.653710373600059923e-03
2.014771935485354729e-02,1.756837817326918280e-02
1.485541779510645144e-01,1.466823627679819664e-01
1.762168610901698740e-01,1.835074655757455431e-01
7.388187056764478067e-02,6.743759491620641977e-02
1.241618518527816822e-01,1.317206394075572107e-01
4.867642487212043428e-02,5.929589237704516180e-02
4.021516603321646510e-01,3.836111463568993019e-01
1.431466646319083658e-01,1.372421624878040203e-01
7.851552314808730657e-03,6.327089278530216403e-03
9.519327083796495087e-03,9.076589283947602768e-03
2.034692355859325230e-01,1.840323879333388701e-01
2.625121046117633375e-02,2.756932616318119242e-02
5.118256758464521794e-07,1.873545061263358379e-04
6.401371022382427167e-01,6.031009510399505391e-01
1.247460163471355160e-01,1.170800211352922421e-01
1.114482863103333637e-01,1.102070826707149676e-01
7.451873830897213363e-03,6.121791277457460344e-03
6.580980359855435891e-02,6.980038415544959074e-02
2.646461024793026590e-04,3.233234832243913085e-04
1.116613262317401184e-01,1.163534536135580194e-01
7.512385257314411211e-04,8.468653679308660353e-04
1.755729468825683315e-01,1.635440307553479300e-01
6.573110544639734418e-03,4.692306939128558160e-03
5.562176939000009965e-03,3.547288487312562268e-03
1.238630329273679833e-03,1.694479915047591555e-03
2.551932364588843094e-01,2.496113682425987468e-01
5.288573304696004077e-03,3.228811792505217101e-03
3.639651468803473122e-02,3.948258910591836285e-02
1.059468743404368141e-02,9.113257380193071078e-03
1.966430478225028502e-03,1.374890217095037616e-03
5.797150274340690662e-02,5.988428860132959802e-02
8.178621790382254939e-03,6.411694090337407594e-03
6.515018379817248684e-02,5.981844077279344779e-02
8.907881787536011916e-05,3.489846038984525034e-04
6.513935335331167559e-03,9.233376643767348194e-03
3.811881247789223326e-01,3.737553097548163561e-01
4.161875644456769843e-03,4.184950649610322780e-03
3.304040322608573638e-02,2.576852936293602681e-02
2.554158557016232220e-02,2.882134428306155211e-02
1.106285533720009207e-01,1.087509356301111646e-01
2.368704859770776397e-02,2.182344488727987891e-02
1.593406065018349860e-01,1.804600507396366404e-01
2.619401021838222432e-01,2.725566133662324919e-01
9.024427647220655338e-03,6.169713223191528040e-03
1.154154136787340496e-01,1.096611709094199305e-01
6.356552995686258478e-02,7.456266130988599417e-02
1.682202131825355496e-02,1.557444234636754660e-02
7.841382044664694509e-04,5.039477649700451313e-04
1.119855075373978742e-01,1.043703351809521507e-01
1.308579196027150060e-01,1.297228414594034096e-01
9.448625700441819772e-04,1.658009741569541019e-03
6.979613729007288526e-03,6.433665943819348934e-03
1.621723889540931107e-01,1.600302392235878057e-01
4.544838119765311430e-04,5.789377187412514554e-05
6.789749660171889856e-02,7.112724277840086484e-02
5.896105031805970453e-02,7.378660723280928979e-02
5.258522636602762758e-04,9.177705158158518811e-04
7.355829637380019437e-02,8.514488495593433570e-02
9.930979219904578423e-03,6.776051822340566251e-03
2.336412020940598633e-01,2.214684015603565204e-01
2.329991497248685151e-01,2.391762787160760517e-01
4.031871086614920441e-01,4.160198800419114828e-01
8.904309575432265648e-04,1.663522460092411396e-03
3.298237396050208298e-02,3.323710335844290431e-02
9.528159636631075569e-03,1.012607819125658712e-02
1.467224164951804431e-02,1.365653064594384881e-02
1.447619579865256322e-02,1.225915167292721507e-02
1.844742615937579877e-01,1.790155699579446813e-01
4.790502307039599950e-02,4.826990996605305673e-02
1.835641246677870708e-01,1.744030378506333245e-01
5.477356513240379948e-02,5.534572606491246910e-02
5.436802915408692760e-01,5.294439447251638731e-01
1.740013633100892174e-02,1.641422505636531276e-02
3.189836201666203740e-04,8.745870598945768406e-04
2.576886857820905319e-01,2.729896301599965547e-01
2.469838798592143558e-01,2.422621877003981739e-01
4.205268683855769574e-01,4.417101841657788963e-01
7.400366018938631107e-02,7.920649995557342560e-02
4.048151955437019611e-02,3.689148194663857683e-02
1.732936614693845467e-01,1.788435131656907207e-01
1.556257933248311222e-02,1.561045612840696040e-02
3.460576121306273290e-02,3.307198505794151783e-02
1.505556776122694562e-01,1.429665511474949025e-01
7.783168039749824123e-03,9.352470914556368017e-03
5.497145899762433119e-02,5.258784794545689339e-02
4.048199780002649517e-02,4.638922427044880892e-02
1.244429268210636664e-03,5.243980446833344279e-04
5.605609104558184619e-02,4.687556109624498729e-02
1.182583361682776682e-02,1.197223243279988379e-02
1.415147421745846209e-03,1.475315725697526640e-03
2.255269613811233809e-01,2.240207837095506693e-01
1.077917068058496936e-01,1.164665562721505371e-01
5.663173294104240085e-02,6.839070957914952786e-02
8.354435786379262041e-02,9.449450804065451237e-02
8.548682017886534423e-03,8.900276965728938158e-03
5.619243815635852624e-01,5.588331752326709534e-01
4.261051496616283761e-03,6.750497826735601253e-03
1.594778020400730301e-01,1.546776753131068327e-01
9.042312529096423190e-02,9.547150709310828209e-02
4.554591347452687476e-03,3.383842292305836840e-03
5.001764877789840330e-02,4.835178039358278140e-02
6.164684065523836493e-02,6.492333125950336403e-02
1.595768769152502292e-02,2.146547898093077722e-02
3.422394729100916837e-03,3.700346813344285342e-03
3.535752408889414160e-03,3.715232762261471561e-03
1.970382766359144444e-01,1.923020183969324226e-01
1.027757500678924311e-04,1.643042214184807905e-05
2.924760942304984249e-02,2.957720586224289738e-02
1.286273924917885059e-01,1.259807811982270598e-01
8.692471097697094563e-04,3.769001109258393145e-04
5.465496504630440455e-02,5.119078099387503605e-02
2.664179924457915627e-01,2.727261565417545275e-01
4.440567049790183213e-02,3.757270328462277570e-02
1.409111859639011668e-03,6.362674099919208778e-04
1.120462926650101984e-02,1.390187473052688881e-02
2.907070940816335047e-02,3.174975043570435473e-02
1.854027278817949043e-01,1.945034940261287093e-01
1.270406439530313370e-03,1.128103794610617848e-03
3.321753628775032247e-03,2.714298368180754518e-03
2.763542285536216281e-02,3.021106160703808385e-02
3.122708690292801820e-02,3.252422640418641681e-02
4.661862734044473072e-02,4.855010496720980201e-02
1.398973701741207110e-01,1.442822916539285294e-01
2.255798248143306428e-02,2.631536732842723950e-02
1.085972044181819293e-02,1.071724887871647672e-02
1.055161929868381615e-01,1.082779305541084758e-01
1.969276999801493899e-01,1.854339311169445892e-01
2.923627805403770097e-01,3.019362118753539104e-01
1.617296471146857650e-01,1.593972923654508878e-01
1.897319134044691546e-01,2.050477420659914118e-01
1.213236171493405763e-01,1.350473036334195465e-01
5.447203113081629244e-02,6.387952563105839254e-02
5.371891620784176313e-02,5.792071846077055663e-02
4.116176510569420979e-03,5.012086816864881091e-03
1.095341968076263967e-01,1.036630811996715057e-01
1.057089510336442356e-01,1.115036918667711152e-01
1.720470812205655527e-04,1.281404385995875601e-04
1.131866480204873071e-01,1.189039111738281890e-01
1.620720798418911340e-02,1.824580711689137436e-02
4.714598306555735363e-02,4.616816230407069094e-02
8.958535019458910287e-02,9.132685872408316530e-02
3.150562298923099969e-02,2.780613340185231902e-02
8.310360534696717427e-02,8.599928371991046039e-02
9.319377456228929157e-02,1.015773160434918498e-01
2.509940426472460073e-01,2.486295206744248976e-01
3.899646959285599929e-02,4.614426343237090777e-02
3.731904122942391044e-01,3.945493377413457625e-01
1.957012684510383649e-04,4.794640111911088872e-04
3.667181891479367149e-03,3.422036423406765639e-03
8.008229215899510464e-03,7.073305776386204675e-03
1.967656356411847871e-02,1.803404932328990518e-02
2.063184989931556301e-01,1.928686946438319949e-01
1.083360702320572688e-01,1.072716988264863919e-01
6.445867558063322314e-05,1.628937438892270063e-06
3.117314799227754226e-03,2.275452571973497935e-03
4.674050219417622866e-03,2.966034296672589044e-03
5.506773422165225224e-02,5.575986040575179464e-02
1.161584928048947779e-01,1.207825268694847770e-01
4.488774403489941001e-02,4.437258544292906753e-02
9.452389783737344398e-02,9.447524124925146816e-02
2.077682818750584970e-01,2.180039638926077605e-01
1.418103819165378865e-01,1.416749155784840231e-01
9.890348261370232597e-02,1.000067078779282859e-01
3.002890910233491258e-03,3.978130220099514863e-03
6.477477480702966695e-01,6.277726504541714103e-01
4.920384321241113579e-01,5.388606702492292344e-01
3.184764649640213774e-01,3.168724239460966596e-01
3.599385196202071757e-01,3.751366206609807463e-01
1.599509091959395168e-01,1.738442160059718578e-01
5.445597343329989376e-02,5.764780266218577642e-02
9.935592346663833785e-02,1.046035957588677956e-01
6.458067026235071728e-02,6.832593322106475520e-02
1.111502667081667034e-01,1.049098717241776918e-01
9.019882380547310360e-05,1.923124475176786062e-04
9.203605190181515794e-02,9.102819952043095242e-02
5.016748502285470895e-02,5.553255265081497027e-02
1.979306792526689535e-02,1.944084081189994748e-02
1.736215033976864774e-01,1.852482848138634064e-01
5.558042914831817088e-03,3.758293641576488341e-03
2.304378507699347475e-02,2.467468225258012335e-02
2.022283700839174608e-02,2.028438939005897806e-02
7.997277745308778787e-03,7.408098905640495870e-03
3.647349779124986133e-04,8.165054861833952497e-05
3.336093860487654439e-02,3.601989286817092184e-02
4.912804635415807808e-01,4.852129053597631358e-01
4.060349015845655940e-02,4.679599150148619491e-02
3.115722835763722683e-04,8.030753438634950694e-04
9.428804443293278270e-01,9.407277754148603011e-01
1.238997703867719333e-02,1.738200280146722648e-02
1.197629657317545414e-02,1.973949618857974778e-02
3.022242659693554628e-02,3.244000726141307162e-02
2.976790300165789785e-03,2.217122899937107663e-03
2.259281793316002263e-02,2.158821953801788596e-02
1.218959520381451139e-02,9.136275042900519200e-03
1.531560868993355473e-01,1.501124870899422092e-01
1.770071910039864305e-01,1.719133431103528897e-01
3.089514950944095145e-02,3.766940330525188341e-02
1.940137824420405319e-02,2.482078966753268820e-02
2.154323156544496742e-01,2.117074486361720798e-01
1.548582041074252902e-01,1.498571931426555814e-01
6.265226837034296170e-02,6.558497506155178125e-02
1.694656519372591055e-02,1.587664919793880733e-02
4.134315308052089605e-02,4.493472108867556380e-02
2.691273436071973946e-02,3.093147159499237686e-02
5.390307816603423507e-02,5.498591038327257235e-02
5.474543237966976450e-02,5.941271174356251017e-02
2.320990368256103248e-02,1.738372261838036156e-02
2.592293771638655708e-01,2.640204473480480818e-01
8.745004730613590259e-04,6.054796724047081065e-04
1.929415769631385447e-01,1.918032168705121610e-01
2.474111149382631457e-03,4.385093915702626202e-03
1.121561860293831051e-03,5.203887182334990345e-04
1.057404411496686188e-03,1.117301877069910637e-03
1.888535635950798833e-02,2.446906781137353840e-02
1.548839928759566942e-01,1.553583486505988320e-01
3.184822699984055094e-01,3.245074306396835140e-01
5.333789921274001335e-04,3.772449238775645616e-04
3.808778147129154162e-02,4.098182463088571176e-02
1.463595203406950207e-01,1.470353446468068703e-01
2.792559581165555624e-02,3.086599034866337882e-02
1.835180695157282577e-02,2.540736901571087267e-02
1.173666072315411937e-02,1.387117677304518758e-02
2.786410221403022303e-01,2.870544278480649525e-01
1.953360837296134404e-04,4.192209719334801920e-04
7.039706234257041284e-02,7.287625391440630263e-02
2.589691106671020981e-01,2.594902769043386237e-01
8.028602744449915563e-02,8.453541306256828758e-02
3.838547315854377584e-01,3.909847468619671584e-01
6.281600669443654188e-04,9.514028686875100095e-04
3.522472431697537543e-02,3.977650825738607981e-02
3.118846955425213716e-02,4.051603592824899042e-02
1.694647507734125536e-01,1.693667838289086014e-01
1.432086381343780288e-02,1.675446532796584509e-02
3.803724601398170702e-01,3.863315429410659196e-01
3.572610686696650051e-01,3.332025427322435895e-01
5.497840207442893957e-03,3.355053093303941164e-03
8.682309531767600690e-04,6.556481060802200151e-04
3.658624589843027797e-02,2.896149657368134525e-02
7.230431595107227327e-01,6.943359775281509050e-01
1.118634350969224950e-01,1.029673650419023478e-01
2.330755402888744776e-01,2.308835379042951941e-01
3.702266621300519776e-03,6.096716380759646323e-03
2.860293560925175095e-03,2.480816647112029164e-03
5.737088179083411621e-01,5.645318499147234936e-01
5.003028418967053054e-02,6.335499136214911564e-02
1.652035094727409992e-03,1.581490755686927163e-03
2.960949764157377873e-02,3.608626321489369349e-02
5.820917951993344504e-03,9.138402636421362121e-03
4.145713700247131150e-01,4.199957528554477126e-01
5.392140766352051390e-03,8.526307107161210791e-03
1.102483469085310114e-02,1.447952274341380956e-02
4.453545232576072016e-02,4.455382709356217608e-02
1.951363032206877290e-01,2.182310691923541601e-01
3.324405652159862033e-03,2.250057469992082330e-03
1.985849854143838591e-02,1.856505712934206076e-02
8.923515649404610839e-01,8.906648052436151319e-01
8.360043676039144098e-03,1.015209997164569743e-02
7.348095988291032665e-02,7.883527380026977838e-02
3.332685607276795747e-01,3.187518238683911265e-01
1.655476758732854214e-01,1.719088388768736375e-01
1.095274467145142695e-03,4.773993820808910562e-04
1.307455138040878595e-01,1.532415040642752802e-01
1.907758324187543431e-01,2.006926991882731492e-01
1.275516957862891376e-01,1.311218557987774147e-01
3.413315757996781413e-02,3.234966636539224338e-02
3.766908699089303869e-02,3.757235482405794219e-02
3.759707332410020669e-02,3.516085873133129730e-02
5.589993398117733270e-02,5.875719610096362400e-02
1.358773886570835976e-01,1.359023287802905433e-01
7.319940931748496193e-02,7.269973926856505841e-02
1.402901824747246166e-02,1.350478390241153202e-02
9.851310500767190143e-03,7.067413219610594287e-03
2.805205972594883579e-01,2.812474701047676939e-01
2.992705022137171975e-02,2.845611806593608892e-02
4.232659710732988682e-03,3.299244106016431966e-03
2.073157360023186735e-02,1.428400798661584245e-02
2.588972702503901033e-02,2.452223768389223679e-02
1.068020600272749920e-01,1.030070395241999837e-01
7.008691207520155453e-02,6.704733854180229546e-02
6.123474574477068136e-05,2.477257763648690712e-05
2.632787803646042396e-02,2.646171508510846218e-02
1.655014598632209843e-01,1.666160003062686912e-01
5.508120758811221179e-02,4.552121904960705623e-02
1.755095694468077061e-02,2.039150031202577318e-02
1.207837640256863992e-02,1.135542705143513693e-02
1.719815109418635799e-03,2.497323607437005721e-03
3.316646399008897021e-03,4.305967486056885667e-03
4.490883120977143652e-04,1.101932598276716057e-03
1.159650382018329387e-02,1.053890514046156718e-02
4.507905137082369729e-01,4.292859784813465862e-01
2.623402744397372241e-02,3.126879349486193921e-02
9.085216661655400733e-04,5.857415297370655618e-05
2.690584853422567924e-01,2.444873291138188742e-01
6.628245628342137319e-02,7.018181209687926470e-02
1.446538453586753425e-01,1.403951906985865805e-01
2.504962816677852033e-01,2.488809419797358979e-01
2.224524566128739944e-01,2.348432810674514482e-01
6.993268994629260431e-03,6.297213356317572959e-03
2.168030664552034747e-01,2.065212928294674066e-01
6.041674626639805673e-02,6.275858106959586458e-02
1.557446011923653006e-01,1.568004685116354546e-01
3.491181847500152841e-03,5.136051321842295854e-03
3.898832356660976162e-01,4.099001753438554219e-01
2.508949762194943173e-02,3.340449242898959475e-02
3.478429285243301861e-01,3.574919164566458529e-01
2.026642630774683901e-02,1.752959388974413557e-02
1.999939554113210755e-02,1.881050579807055922e-02
1.091144968328603554e-01,9.779273441660721322e-02
1.270964660019159309e-01,1.252231973335873327e-01
1.921332972608959504e-03,3.513272459531295404e-03
9.064464370272673141e-03,8.384957179879535052e-03
2.200559319828100571e-03,2.656627085697341097e-03
4.108040952320579642e-02,4.139691145927319738e-02
2.418167617490902810e-01,2.395675914271185591e-01
9.695359595806261888e-02,8.916064727986791616e-02
1.527427866635230717e-02,1.407189973825291769e-02
7.279968387671181818e-02,7.787649208728780748e-02
2.044611429995193529e-03,1.557455997798615774e-03
4.097447167945661439e-01,4.248656849707568850e-01
1.687169105011733874e-05,7.152203205332548046e-04
3.968117669486132676e-02,3.883876937321183859e-02
1.153816683176253910e-01,1.171402958427272684e-01
1.978099329115095006e-01,1.973618663628004533e-01
9.800275023056652379e-02,9.532947289069428065e-02
3.875528496873469932e-03,4.616846227370072393e-03
1.683408592235322021e-02,1.549443243074939518e-02
3.168820923763952802e-02,3.000381193031208954e-02
1.773256435111292828e-01,1.777846487507149520e-01
1.515635350787997715e-01,1.376083732544356453e-01
5.253656676445136661e-03,5.025941823961039938e-03
7.335306351829803777e-03,8.719191827595758684e-03
3.418801977601856890e-02,2.830089035564151492e-02
6.607768065720241724e-02,6.164176536707261650e-02
1.057641916169664992e-01,1.079961099503878724e-01
3.245462724017736389e-02,2.653534256622597926e-02
7.210250843519888132e-03,7.652401713212218966e-03
8.721182502870681794e-03,1.092273252859375654e-02
7.128537399331853763e-02,6.955446758361094606e-02
9.483161054712611893e-02,9.696802766871942536e-02
5.848648177106535864e-05,7.060648018809559043e-04
1.019430375788079289e-02,1.098961911372217659e-02
1.900447952429992204e-01,1.963740247489386415e-01
1.878274275145021821e-01,1.988721876995145910e-01
3.623291734534132558e-01,3.520789497942085067e-01
1.865880377594920370e-01,1.877591777911966353e-01
3.086622694220026997e-01,3.250042254778925943e-01
6.056041193942404526e-03,6.941633255729297985e-03
1.413717485026855236e-01,1.356230519797595457e-01
4.782131021758538325e-01,4.656550374440764362e-01
1.255149178230473006e-01,1.233781669366020156e-01
2.673628790746356357e-03,5.275170444429470688e-04
8.839565829304664446e-02,8.895395732781563591e-02
1.271133723798680559e-01,1.278580214452174069e-01
2.809612943930695494e-01,2.831162830751191573e-01
2.964176626245945689e-02,2.515619636213992788e-02
1.198641578526398743e-01,1.223996476455840865e-01
2.563485968402173798e-02,2.404435430078174021e-02
5.220695754466874415e-03,8.537198848105066393e-03
3.148157753028797412e-01,3.061803579702986333e-01
7.813939938845129024e-03,6.378269485662194267e-03
1.009736871796351881e-01,9.492440162903365009e-02
1.782113195162742803e-01,1.631435903754717975e-01
8.208371915365647586e-02,7.988743280646630474e-02
3.041063766586154030e-02,2.577449478619404932e-02
3.477869360526372189e-01,3.434774142673319708e-01
1.456524668611940965e-01,1.407693966413654241e-01
8.578112776218839788e-03,9.486858216877615615e-03
5.111102703256613644e-01,4.950932983480936245e-01
7.777049668816159167e-02,7.540436898601704518e-02
6.093406533236390976e-02,6.679053702323367592e-02
1.531649285330858277e-03,8.091959402799158525e-04
1.869297957505758508e-03,1.750727701387801019e-03
5.182583431984130913e-03,3.749341851930314707e-03
7.274406809052313960e-02,6.997250652200841248e-02
2.318612796169105747e-02,2.463959309202384471e-02
3.084406214410461144e-01,3.142472846620400495e-01
2.441331128531267630e-02,2.792982797823622895e-02
3.649562589096985721e-02,3.696341453675623667e-02
8.725268366358459593e-01,8.804951437887236221e-01
1.648928772786488126e-02,1.654824670915564649e-02
8.936967840757333026e-02,8.304049354081911860e-02
3.112830563925194638e-01,3.131004584300677296e-01
8.641437870355804518e-02,8.229159040196887265e-02
2.286865138258657379e-02,2.790671192571042916e-02
5.649733606157885529e-02,5.492923903380823869e-02
2.867353277059980429e-02,2.726331448170316030e-02
1.782277632221631355e-04,3.788042102086755535e-04
5.728362787519121393e-04,1.354485539845983778e-03
2.469510099832288308e-01,2.425905103080838732e-01
2.282141200695919636e-01,2.093159291667353872e-01
6.336359659922906618e-01,6.404633024938928276e-01
9.157940251352542083e-02,9.341278901620155006e-02
1.728760714991227632e-01,1.847719720587011338e-01
6.715997865594528121e-06,1.091460832257742827e-05
9.260837549524281176e-02,9.343945663904794363e-02
4.526156486213341046e-02,4.592923345747412789e-02
4.387598966016400918e-05,1.554228367386913183e-05
8.336961144210722078e-04,1.663463180036227482e-06
1.096580713187495643e-01,1.148266799274097055e-01
5.092567729990352815e-02,5.199747163050876669e-02
1.971010506314191781e-04,1.214103435029999017e-03
1.432413998245921473e-03,1.318359279846039638e-03
4.464397668851044151e-03,4.598093469798353143e-03
1.249296472702797305e-02,7.370049975788884634e-03
4.150807535867311743e-02,3.699295613583421932e-02
6.241667784554943976e-02,6.739253160922270558e-02
3.320011554321404268e-01,3.358133578921695950e-01
2.947599549696847468e-02,3.675489163031250839e-02
4.052923387565052216e-02,4.364186571173106488e-02
5.082522884015258646e-02,5.050664586119003874e-02
6.324159666476559041e-03,8.363021340190096575e-03
9.924009200013231280e-02,9.836002903684154530e-02
1.982243224360845379e-01,2.062659845269317060e-01
2.793313916040459505e-02,2.648060999201722401e-02
1.509460458193716921e-03,6.376242206566837267e-04
2.883152902806423445e-01,2.774691137528148555e-01
4.928821467192528484e-03,6.966837902612699890e-03
9.850736594569023050e-03,6.507599303884139402e-03
1.819175569991317298e-02,1.775169460032781713e-02
1.872009647904643651e-02,1.871987018357148397e-02
3.142407311541778880e-01,2.960545155035236853e-01
2.112279572250600757e-01,2.250464483955414152e-01
6.720103373115637836e-04,1.689136213558227462e-03
3.170695398028706286e-02,3.450130441937210302e-02
3.160642872916635121e-02,2.751024843581464582e-02
7.091830918002124673e-02,7.415633068884272538e-02
6.806155991546042339e-02,6.743328568247605737e-02
6.066702607090251886e-02,7.045259946399350104e-02
2.920084654652380790e-02,3.036272824212473201e-02
3.371208706217387191e-02,3.427014861065002388e-02
2.344826163387873919e-03,1.292130353270487140e-03
8.466939457104859235e-02,8.139728193116119170e-02
4.566224271021964709e-01,4.766258396188746693e-01
1.161690107519143950e-01,1.298516830987112292e-01
1.072530937086169783e-02,1.286353914037281602e-02
5.675720865877682125e-02,7.005858899713103549e-02
3.424792883610786737e-02,3.486421038248215670e-02
5.122532904493076050e-02,5.546782087175077675e-02
3.015130763784574230e-01,3.021065462982934213e-01
3.930024895206367386e-02,3.726824539768663208e-02
1.381884637741246646e-01,1.437357921217084222e-01
6.445942356123006813e-04,1.883176532302985188e-03
7.463161843658465411e-03,8.354738122401386344e-03
5.374805247983738266e-02,4.761104800465245507e-02
2.611571346787175396e-04,6.060482316025180564e-05
6.278925417219375022e-04,1.823606512491604569e-04
3.143153089334097677e-02,2.927529107019665247e-02
1.953539555635943475e-02,2.011899103063108027e-02
1.386984426219568800e-02,1.408137796970104424e-02
4.600611822616158114e-02,4.439423240421268291e-02
1.032409997035628885e-01,1.203931384167531704e-01
9.326122994343580275e-02,7.926347193687102721e-02
7.872891038588758494e-02,8.035224001963774121e-02
1.041734135660890154e-01,1.085350071821660767e-01
7.363205868560437906e-02,7.975189249768456501e-02
2.025401616211360001e-01,1.865033741989964022e-01
4.508004265663363708e-02,4.425850394773502006e-02
3.825278877768160252e-02,4.812682629920341654e-02
1.438591469613160756e-01,1.504050825779419676e-01
8.966244048011687284e-02,9.449533891760655835e-02
8.803783324913898312e-02,8.415904878822849655e-02
1.092405457593220025e-01,1.277435571149464211e-01
3.145659083481883167e-02,3.156857128277727742e-02
3.200699030454570021e-02,3.306630342105250364e-02
5.922831627864720561e-02,5.182209817620238301e-02
2.895425231079715167e-01,2.752419172610659492e-01
1.166237386789067687e-01,1.052226608431405253e-01
1.404928051176058674e-04,1.017026410391262643e-04
1.556681365579955581e-02,1.465373752244778990e-02
1.213580773789095096e-01,1.183053236766813815e-01
7.458014313768602903e-03,1.220926653770245882e-02
1.509206513137677785e-01,1.559088519468878054e-01
1.275708807147751811e-01,1.060491905486452141e-01
5.015537170213913744e-03,7.150993362313511244e-03
9.636826695104450113e-02,1.020273230306395773e-01
1.117004646002081186e-01,1.232327663430255044e-01
4.001039787609761977e-01,4.024019313286098520e-01
1.973245748147673950e-01,1.904135164353541187e-01
2.838857535671176005e-03,2.286153591896673571e-03
1.369268730166923187e-01,1.269479329132915113e-01
1.018745962978438585e-01,1.047562376532090861e-01
1.109089069154814769e-02,1.546130380279029694e-02
1.547444402997498747e-01,1.547031678441941061e-01
2.357426876668921104e-02,1.827466123273044710e-02
1.793755846009885066e-02,1.768666840886255406e-02
2.521701281765816316e-01,2.575627929918485326e-01
2.588022004177501292e-02,2.796309508557991499e-02
2.960722271160215737e-06,1.452754643928145888e-04
2.687946031231949751e-01,2.644132620083593510e-01
5.272228731702643945e-01,5.395392529226142875e-01
6.243324350297763635e-03,8.949741727681164230e-03
6.424030073822940660e-03,5.464431257261985649e-03
2.863804475373183181e-02,3.120164551639634590e-02
2.445323656937832893e-02,2.469640358846039371e-02
4.230360497035303563e-02,4.038175828587032418e-02
3.317156010610727932e-03,3.398183650581397281e-03
5.592836163128825887e-03,6.186347759902874159e-03
2.204690865885322940e-02,2.406068990268702204e-02
1.264464774730799101e-01,1.335658908097189235e-01
1.990660495671789099e-01,1.987665115904478363e-01
5.784962064150568802e-03,5.947074816285688459e-03
9.347591039852071182e-02,8.337113260040238116e-02
9.371135280060303996e-03,1.334481312575453750e-02
5.425926426427989807e-02,6.433699841441785361e-02
4.992554444096510280e-01,4.764322173967663332e-01
3.801994467021699992e-02,3.716605748446388108e-02
9.482973442035537437e-02,9.458498734776436823e-02
1.109038984745150669e-01,1.199629245445790610e-01
7.805876015170890025e-02,7.002887097240914627e-02
2.065414795436371631e-01,2.152171176132005870e-01
2.368425706790694696e-01,2.344278409651122941e-01
3.310372478839411492e-02,3.779192878369599939e-02
2.361113096303444790e-04,5.262120069735910528e-05
1.280135239877392139e-01,1.137408596391270843e-01
8.438198710745649367e-02,8.104663535815102848e-02
2.021631930391345686e-02,2.125182245650604484e-02
1.123983916629774649e-01,1.139993656098124142e-01
3.745800573377089382e-01,3.793719440665871967e-01
1.137176166234504376e-01,1.012665943948178465e-01
4.029297692605862680e-03,3.822935567392527455e-03
2.724337825628353818e-02,3.156853329243556466e-02
2.320442325579120599e-02,2.376583928645432942e-02
1.092172414816288406e-01,1.038323331731032528e-01
4.935019817673074773e-03,2.735116172616390475e-03
1.007436793956011968e-02,1.236191050358167315e-02
1.179882448681720541e-01,1.226456837794872162e-01
1.572315073620454348e-02,1.690702782957871630e-02
5.754897094748150435e-03,2.942955921321455028e-03
6.483560755559378275e-02,6.660845308195982584e-02
1.048963224973834540e-01,1.018918933458461129e-01
2.347520948169803667e-01,2.255653276688142916e-01
5.590417541935811530e-01,5.411065877379903633e-01
3.288192465473518261e-02,3.307763087400910490e-02
2.054014553020279150e-03,1.886779337779150890e-03
6.633135498516445861e-04,1.580880256910483775e-04
1.618807572332892908e-01,1.612194508478063948e-01
3.861888488183635310e-02,3.221986106501991548e-02
3.583426365058305085e-02,3.525244395478583509e-02
1.477455990440596813e-02,1.073561441579684236e-02
9.083020914500753579e-03,8.573741970808136312e-03
3.685796471501186455e-05,2.218434073275546577e-04
1.207776516426695493e-02,1.361000118466569077e-02
2.472555209082979988e-02,2.806675853621485098e-02
2.468891377100402851e-01,2.593493490958054259e-01
3.389626747978801147e-01,3.703743867981769133e-01
1.452944181330661057e-03,1.711530424225185098e-03
1.293718208951379345e-01,1.278181613485393497e-01
2.179674874772850324e-01,2.058685398980560632e-01
2.715148298809873587e-02,3.323116397564572500e-02
1.439193441930160765e-02,1.488278989038737711e-02
3.088320407552273550e-01,3.013884972744552138e-01
4.054366416603358975e-02,4.012125754596097826e-02
7.862720881446520760e-02,8.640164125228980141e-02
3.563738403302885716e-01,3.809423112643985365e-01
8.752788472692066973e-03,7.776226916855829771e-03
3.123564642086381791e-04,2.597382954719165997e-04
2.920457063740292125e-03,2.623034360142519755e-03
5.947341748110239468e-02,6.701007583894796893e-02
7.245852163870887541e-02,6.998503681192397297e-02
7.650490033571372139e-02,7.895176393798368497e-02
1.836572410875685069e-01,1.928844369783929980e-01
1.411735338295366793e-02,8.293913791520781190e-03
8.403210869605458322e-02,8.734271819938688175e-02
2.964545642286198907e-02,2.886123063778868111e-02
3.366044272633543499e-02,3.420603800535769456e-02
5.071025690507378891e-02,5.071595768496084400e-02
4.683587156768661414e-02,4.991230880117699525e-02
4.302956064379145289e-07,1.071314811176039014e-04
2.501157107157038397e-03,3.860522630743052751e-03
3.048778645694961709e-01,3.040144695724240065e-01
4.145223269116867226e-01,4.177096435286373755e-01
1.919204008377999593e-01,2.008704959360689268e-01
1.691758424922281540e-02,1.771978953932572265e-02
6.985089937176952590e-02,6.585438356697746742e-02
1.480821983589628542e-02,1.427625138664102844e-02
7.460896867777291885e-02,7.168060320730751389e-02
6.395920996763664046e-03,8.707555425722442177e-03
1.961491281424239397e-02,2.949732966230701747e-02
1.312985432173475195e-03,1.763029151529423716e-03
1.265711344521691997e-02,1.238836304540932159e-02
1.157130068961067099e-01,1.059923481563300740e-01
1.078860440861849693e-02,7.258776633356850243e-03
1.102563320657338336e-03,2.955765723989015287e-04
1.022432686858773185e-02,1.262772731135396002e-02
7.736000555960878718e-03,8.498180428601335989e-03
8.120454304141348778e-02,7.735829926044926474e-02
4.804744563587394213e-01,4.632363731003708018e-01
9.417650868704306757e-06,9.054903730607778592e-05
1.011101075858597542e-02,6.410068479728169184e-03
5.113998075603067017e-02,4.584108542055113922e-02
3.896199906587314438e-02,3.794164017964076624e-02
1.879795666561195899e-01,1.845367081873866555e-01
9.498648391189116417e-05,2.514130152924369402e-05
1.675973319575515263e-01,1.813647926409279465e-01
2.507480997745856546e-02,2.497322916111677227e-02
1.526038952949478576e-02,1.485246048597654335e-02
2.293534682776178779e-01,2.340132875906526799e-01
1.622180030450582622e-01,1.637921026037439665e-01
1.713406054050476204e-02,1.815770995198144958e-02
1.592878082449489807e-01,1.579254740896940401e-01
7.592170987851397553e-03,7.581961640347638538e-03
1.193955554855749557e-02,6.994473616150000128e-03
1.337656484784724951e-02,1.562082079836782898e-02
2.550409161615591752e-02,2.406473815479790584e-02
1.987674577735356329e-01,1.879940571773802693e-01
3.099996377651704216e-01,3.078838786248808135e-01
3.862522076432990670e-02,3.705680779274147379e-02
1.329716637611495170e-04,4.848196663272095657e-06
9.111783860421476811e-02,8.538439907909331494e-02
1.165997429529626733e-01,1.212834266125445704e-01
6.137400652208865144e-04,1.118590392082008172e-03
2.705746110122270176e-01,2.773755741462975988e-01
9.867747867283407914e-02,1.045835193770873889e-01
3.283327516943399926e-04,3.331917126173585572e-04
2.305646390267426793e-02,2.034440450278931709e-02
2.146299935568928268e-03,2.329278346624009174e-03
2.700083646885676480e-01,2.633112607310102993e-01
5.927690210522625902e-01,6.052138403934115285e-01
1.041021875987319968e-02,7.478193772305984088e-03
7.474553228283636885e-02,7.559486327273128026e-02
6.852255640805176018e-01,6.648528959239037306e-01
5.091102762976323914e-02,5.206535814113910643e-02
1.807750317637343007e-01,1.688554728927192938e-01
1.415626713478841670e-02,9.121755896693655580e-03
2.319844798581967640e-03,2.060568992596793422e-03
1.236703500280864933e-02,1.129134254338691294e-02
4.436952774671178851e-02,4.449097141479865097e-02
8.767150452217396805e-02,9.352589958178304796e-02
3.629347150149077605e-01,3.771746770692063211e-01
3.055601420910456986e-02,2.657442672784093851e-02
3.027750033177530886e-01,3.030850794491445899e-01
2.212771401816094330e-01,2.172066945137523519e-01
2.272795157562698953e-01,2.324168971169059406e-01
8.538077480613080750e-02,7.577405547795497409e-02
3.607792426731724622e-01,3.793410949611276117e-01
7.085867777127181216e-03,9.019084561825768329e-03
3.959344065869417340e-01,4.023147743693008538e-01
1.569779792732660210e-03,2.248371596457173459e-03
2.909844373039064888e-03,2.210008045620889729e-03
2.533773495486289166e-03,4.765896923253303170e-03
1.082189172698214781e-03,2.451561583844179271e-03
1.926981430787512994e-01,1.684081235461116210e-01
8.876746612686789439e-02,9.810017011123121911e-02
1.244902409682784733e-01,1.197479406746491115e-01
1.167550779925030126e-02,8.307838845037914324e-03
2.145526532186684543e-01,2.089000446445895276e-01
3.974268944436460012e-03,2.937768330679251666e-03
3.076273090643198427e-01,2.931011768283826036e-01
3.436702642284110154e-01,3.499137476944260694e-01
2.794693176348068530e-03,8.196219838591938542e-04
6.293793280143539226e-02,6.555202355041714335e-02
3.020129089715456114e-02,2.690169326531524976e-02
9.713596832277827942e-02,9.629500455951511828e-02
3.438069084489816379e-02,3.480453321357470514e-02
5.418635719288853597e-02,6.168533179567463332e-02
9.012966877529081378e-03,1.037933308179989078e-02
6.692716589903116575e-02,6.661248760417602666e-02
5.127902778184974947e-02,5.452365161369565616e-02
1.797526144733491427e-01,1.847426136300782118e-01
1.906540566534516701e-01,1.990151625825195836e-01
2.753883968007947436e-01,2.594071270827512099e-01
4.528541968714156624e-02,4.829826701674499317e-02
4.337208953123186661e-02,4.826553249125174749e-02
6.720495277638910935e-03,6.183307838245340193e-03
8.961692041531153026e-05,4.319026074213445183e-04
1.330626178948351827e-02,1.464418821293361588e-02
1.848627072451147768e-02,1.575829177540636825e-02
7.368518061497564969e-03,8.256020782615381554e-03
1.259264974794181147e-01,1.157192250206951351e-01
8.260719343573384721e-02,7.702588228378462465e-02
9.113122052700324549e-03,8.216329683472616691e-03
2.630939028317171632e-03,2.597319113304523159e-03
3.781621738884936198e-06,7.766023024482640407e-05
2.413606208400868663e-04,1.558694466726088775e-03
1.683275387145832525e-01,1.632474988664460724e-01
1.833420629056952897e-02,2.352680303119256133e-02
6.523761638478925429e-03,5.561139814863760335e-03
8.946539725974873847e-04,3.788054046446958593e-04
2.958866114501471425e-02,2.739506177997872577e-02
1.514807503429049969e-02,1.025450259321654227e-02
1.483199757274246584e-02,2.141463084624296853e-02
4.345410550193348764e-01,4.444725173740524116e-01
1.182289324152188958e-01,1.136018396522195661e-01
1.823374175078391057e-01,1.786127237206065477e-01
1.050808489828588543e-01,1.008707979946455724e-01
2.347446466784960993e-04,4.302034231104594165e-04
7.042055250530589172e-02,7.327230016585158101e-02
3.400597671015959667e-01,3.434006934193194471e-01
6.193739670222374316e-02,4.633080637928795736e-02
1.047020919029758579e-01,9.756781808373041209e-02
1.337895750987648166e-02,9.460950219337462344e-03
4.890536566055634499e-02,5.514690253844466150e-02
2.507002348024033322e-01,2.480184602361283353e-01
9.363476271821552510e-02,9.223523284147937262e-02
1.944055121597972752e-02,2.024163396495074277e-02
3.325576964754520248e-02,2.907284214799974939e-02
2.547845478923618234e-01,2.695889929240370408e-01
1.582516516356037295e-01,1.682317959636404070e-01
2.422039957698339172e-02,2.686468642274459848e-02
4.082694171127356220e-01,3.976074261151377742e-01
1.840046382535789615e-01,2.004962125795924643e-01
9.391460717247569756e-02,9.871899234341131868e-02
2.769439775613541030e-02,2.879371531689284280e-02
1.349609315254583775e-01,1.386440642783871025e-01
3.652531777232023713e-02,3.868655946461000555e-02
5.205194465421601226e-03,2.448610549935439570e-03
6.254058170416945672e-02,5.460947497514938298e-02
1.733838866603180928e-02,1.742276550525209688e-02
4.724176302196957111e-02,5.192529799185720274e-02
2.594280413581449007e-01,2.815096096611596210e-01
9.989632059706175793e-02,1.048356480670691593e-01
5.236988270794004086e-01,5.089679774958724146e-01
1.421094974877742771e-02,1.083154545027863354e-02
2.825758767610423577e-02,2.534458674784940621e-02
4.703745850111742954e-02,4.533346720660739321e-02
6.571284375331170810e-03,9.469482732122872295e-03
1.016051754577848305e-04,1.431875826288828797e-04
1.258794289531671717e-01,1.269838265487542306e-01
1.304035490200610159e-01,1.275822516280554209e-01
7.986216137442399277e-02,8.140260922001775479e-02
1.620026088307261955e-02,1.811247621869057495e-02
5.776711711700325402e-05,1.915514506940563851e-04
8.340340633275615811e-01,8.241922085099668838e-01
1.618352469326674134e-04,6.014773577363505128e-05
1.684036741523415037e-01,1.786645714766819382e-01
3.263231681294734288e-01,3.331986464228390288e-01
4.886057527627074570e-02,5.186513422569582338e-02
5.636983585341335439e-04,7.871155938067751420e-04
2.398005592438534062e-01,2.420221340986169756e-01
1.084064651118201023e-01,1.029213648213699872e-01
2.613471618681014255e-02,2.419550964766579298e-02
1.325268173587808296e-02,1.443679327129498979e-02
1.010675187154295718e-01,1.103239399306741864e-01
3.983523502324808757e-02,4.286065876904194411e-02
1.912288147335141630e-01,1.887675650587680165e-01
8.732865365148061339e-04,1.917542923872021148e-03
7.116780772746747474e-02,6.602404479566235940e-02
1.062317698780105985e-01,1.048190152815692833e-01
9.092081881612765204e-02,9.288942079825564246e-02
5.334703290244490435e-03,5.939094932902687189e-03
1.578910222165421859e-02,1.413113968835467624e-02
4.775200238532045782e-02,4.426897429106573661e-02
1.596942659959535004e-03,1.151368354283567597e-03
8.158004557870255150e-03,8.050303342676109683e-03
8.980296381392511781e-03,7.395848802058541983e-03
4.227875129365328555e-02,4.033544383614268147e-02
1.578178362312863403e-01,1.489472389543065600e-01
6.444613688022293729e-03,6.926995654401466203e-03
2.231921905965054964e-02,2.033419975709906125e-02
5.735939643613540730e-04,3.671189781003491854e-04
2.458246810449207440e-02,2.246839374445404672e-02
5.555571680204393070e-01,5.725893589711680276e-01
9.306012171273865541e-02,9.177034141694466463e-02
5.102609499786658898e-01,5.041361140291918952e-01
3.156455704009358820e-02,3.427752974619727860e-02
3.387688165942753793e-02,3.105771725291865334e-02
2.311759264458043174e-03,1.632601913708451149e-03
1.821876746447757545e-01,2.040691789419732949e-01
1.045300727054767828e-02,1.099314779335392421e-02
1.442339003333306668e-02,1.484330268178982344e-02
3.152907427461868785e-03,3.676106418072707261e-03
2.994493853033495245e-01,3.188430354745663831e-01
6.919969218912748465e-02,7.115456670445839682e-02
8.248329605105304829e-03,1.018410029788465593e-02
3.752637316264526707e-02,3.685098895595229768e-02
3.882870415692179535e-03,3.393443020585338015e-03
3.077126194690994678e-04,5.182556592824567702e-04
2.870841180234121603e-01,2.887072834785006648e-01
6.563766815286452283e-02,7.378236800302320764e-02
1.742993228293105573e-02,1.555527440238141726e-02
5.763781548045202041e-03,6.851717200118786349e-03
1.135930702356364591e-01,1.098825734482633543e-01
1.640368780822556646e-02,9.510739317904241819e-03
7.603938729041546073e-04,7.224060023515529614e-04
1.165933898093991644e-01,1.209535525385827814e-01
3.428025298266564880e-01,3.313534863628347926e-01
1.038633408555992253e-02,9.761425994717239790e-03
2.576054778188381633e-02,2.338344127917757476e-02
3.884370314705000160e-01,3.989552336869412463e-01
1.843218810374130587e-02,2.117240607484592585e-02
7.443581434476133352e-02,7.686553684078713256e-02
1.316088345567393292e-01,1.211102497053127836e-01
1.629390298730587841e-02,1.300309170566270149e-02
5.891616054308169634e-04,3.834407663205721857e-04
1.003188774476581613e-01,1.059631815688592132e-01
3.715010320185462289e-01,3.589419780790581993e-01
1.360179341778213445e-02,1.555528098282994189e-02
1.910679759156428958e-01,1.761520610671282183e-01
8.583730308125377129e-02,8.605360614435020317e-02
1.012360209449848260e-02,7.758909868636971845e-03
1.404408185387658881e-01,1.450575103341120164e-01
5.562643629240063281e-02,5.558185584684781355e-02
3.052171051456256320e-02,3.226194906476438640e-02
2.366869259155540348e-02,2.225323438220636746e-02
3.531660592944053101e-01,3.404869852496832383e-01
1.436376492738614943e-03,4.329359062454769510e-04
3.614711405397550651e-03,2.015024199568624455e-03
3.699894986765555564e-03,5.563165648006741272e-03
3.210447472473077629e-02,3.393744431338404505e-02
4.473767216845677720e-03,4.456497865676281762e-03
5.385305716598027832e-04,1.051434410809526983e-03
2.628804462966209850e-03,2.789522260727880700e-03
1.846890449220864594e-01,1.735770637348809931e-01
1.140890138813422001e-02,9.156943449372723781e-03
2.792826222943642052e-04,7.199820619282729268e-04
1.339419500545598919e-02,1.581473653835792012e-02
2.942977540993684145e-03,3.383140954695561080e-03
2.838680505564354917e-01,2.745383247810389005e-01
4.849920453313935620e-01,4.834794468873757634e-01
4.264710283788545296e-03,7.753285326204862118e-03
3.332050454300804487e-01,3.212407081373263029e-01
1.818936770278674342e-02,1.600285637972808511e-02
3.535422147671542920e-02,3.449914565239092790e-02
7.235480165070247698e-04,1.726029293893619908e-04
8.276943587507984423e-02,7.985064720483887879e-02
9.419728573936571314e-02,9.531219607736415855e-02
1.776160495324386190e-01,1.829444881922245025e-01
1.365560923067868637e-01,1.416974236918795427e-01
1.317480953727905302e-01,1.336780078273742678e-01
1.697693982549407579e-02,9.001386893531918704e-03
5.850379402969409920e-02,5.984310306773978766e-02
3.747687226535600241e-02,3.607737991466469091e-02
4.131513346713307222e-03,6.984561674388055190e-03
1.328666550602644603e-01,1.268649745277133090e-01
2.474064237277454753e-02,2.778027717157272383e-02
2.301153608407579057e-02,2.126097671719807611e-02
1.763658326644530630e-03,3.522856884604812569e-03
1.466868133157399508e-02,1.359480052891969513e-02
3.870579378889775751e-03,1.744570729262596249e-03
4.979921060002548416e-02,5.368245258177798546e-02
2.393459146792532855e-02,2.202161789520823074e-02
3.998810739299305667e-02,4.514419371971693795e-02
1.726733756549339027e-01,1.777818370465913955e-01
3.151445397139215898e-01,3.354829936096350163e-01
1.212190499736762461e-01,1.231263955510418784e-01
6.255326568606335569e-02,6.863830717322101649e-02
4.830374819142117110e-02,5.212743088523071749e-02
5.456524889619565055e-01,5.139084621826187638e-01
2.978526806122756831e-02,3.069029231078754597e-02
4.186267177538770534e-01,4.263197133303335828e-01
2.754461799538487562e-02,2.602984317859341479e-02
5.332854508023873730e-02,5.306266339340136307e-02
3.546883580465622077e-02,4.058978133798122473e-02
3.019093791834030066e-02,2.169656442140691435e-02
3.386623017441106609e-01,3.213850086205162215e-01
5.547734668808711883e-03,5.332148021045884749e-03
1.587430240499939083e-01,1.646966378042714341e-01
8.051144946688799930e-02,6.902327950107116361e-02
2.484118744617929558e-02,2.551894589058040577e-02
1.626727614373492956e-03,1.386956980741219092e-03
2.287787762761543942e-01,2.150846192775569543e-01
2.637913728543108544e-02,3.190334977737358663e-02
6.481599991076962552e-02,6.324670674712967733e-02
2.066488994501246279e-04,3.379594636142849639e-05
3.037653576392443399e-04,1.591258176454300190e-04
1.605046666936995117e-02,1.366900579779088166e-02
2.398207470441010569e-02,2.394090377013948293e-02
8.575319725158786835e-03,5.740247553630640001e-03
6.216291661234597532e-01,6.216447315564419540e-01
1.351873099137800016e-01,1.329046934103608746e-01
3.044967325852186990e-01,3.108943651957370991e-01
3.077408436002696413e-03,4.226875581639331914e-03
1.230975380212298055e-02,1.004293294459241218e-02
1.535371841042870167e-01,1.409349259261574172e-01
3.680352924484256438e-01,3.710059816918502285e-01
1.481115296576538190e-02,1.896307370679655921e-02
1.948280406251555186e-01,2.111647653084670062e-01
1.761413644169492615e-02,1.791730400358824624e-02
9.642644497854231667e-02,9.058017683871645576e-02
2.262602899686832689e-03,3.293458167051640725e-03
2.309366469600571681e-01,2.316958002729602450e-01
2.145379019441975565e-01,2.009616290283297302e-01
4.177929292113820581e-01,4.126861610830167004e-01
8.411147769648907868e-02,7.755736939697892296e-02
1.709693899721056315e-02,1.562524649259862050e-02
1.082397368725226613e-02,8.810393290602009167e-03
1.097289078403424108e-02,7.699176310241651229e-03
1.853038727451876699e-01,1.928912495716699205e-01
2.176093900583816326e-02,2.027090681985240991e-02
8.593455371254833663e-02,9.193871404968066707e-02
3.885022523781975386e-03,4.069202111615940511e-03
4.548332780250963908e-02,5.073572352532828428e-02
2.021316908781400634e-01,2.022593640616177635e-01
5.835587076447472654e-01,5.606204354735523365e-01
2.314526135804433893e-01,2.394537151690242505e-01
1.374891896874670949e-01,1.480430604471560663e-01
2.171996346634930478e-02,1.833968979882428380e-02
8.361776413841029432e-02,8.391558323698931898e-02
1.077755922321909643e-01,9.806201707355564900e-02
6.350085545081732841e-01,6.226572180619972530e-01
7.232986139714431273e-02,7.793256183889907263e-02
4.449057511830965816e-02,3.765462164512120569e-02
3.782227679322602149e-02,4.406768754685958661e-02
1.397608796584045931e-05,1.149411875419203847e-04
1.169160830012630839e-02,1.232571389825838463e-02
7.564942344867063573e-02,6.707055553574332862e-02
7.696766802738765068e-02,8.573186258530426929e-02
2.703519414911348950e-01,2.750198798039483195e-01
1.525658131919628482e-03,2.004174016847201645e-03
2.219483967784725495e-02,2.176303673187591353e-02
1.033197645478592663e-01,1.079719768240366140e-01
1.348642504025873061e-03,3.585426092106386818e-03
2.839589716156644683e-01,2.862732530894963601e-01
2.465867512143892770e-01,2.518109662249803926e-01
1.371626540521277415e-01,1.432029561465406331e-01
7.938059124032451064e-02,8.175814902240013948e-02
6.747508725962923781e-02,7.031640970838053117e-02
7.776629528388915268e-03,8.435271978651329508e-03
1.698376586629376239e-01,1.686020932364083180e-01
1.299963594401986333e-01,1.293948376736201999e-01
5.496805691396817323e-02,4.859916205139086509e-02
7.530455860098432541e-02,7.113901727920128593e-02
2.525606252144865782e-01,2.368251967514278800e-01
2.109563197991726549e-02,1.919667756272491407e-02
8.197875370889747383e-04,6.766545587625104937e-04
8.017130416210206667e-02,7.791489129955406212e-02
2.729469696239475995e-01,2.973579381370938246e-01
2.567196973966378581e-01,2.487413614734066969e-01
9.336308188542381120e-03,1.068787655027953788e-02
5.751139207883105425e-02,5.823173016055740309e-02
1.832413329758916520e-01,1.973923009525301031e-01
3.941862950451547470e-02,4.047060430893803518e-02
4.474170194252635735e-01,4.561286375686489092e-01
5.744276345452848168e-03,6.847422155515573219e-03
2.136155410594406667e-01,2.109601849639693161e-01
6.124590839142017226e-03,6.170218314810523887e-03
2.360551319810144308e-03,1.944188120444676491e-03
1.138597231762258346e-03,6.844878666371006322e-04
2.019615832492986304e-02,1.734208777680318683e-02
3.104084617489491493e-02,2.275681129852497389e-02
2.915036035722575261e-02,2.110500166567622765e-02
1.103224707628745619e-03,2.015109082787930111e-04
6.486356510906354095e-03,3.320042013753436803e-03
1.979651640955434333e-01,1.898834150865879866e-01
3.214253574527362739e-02,2.896486912098708913e-02
3.075465879043092973e-03,2.585831901692780578e-03
9.414706821574729545e-02,7.826819545242150178e-02
4.299748767836107932e-01,4.450954952937482556e-01
6.755073081954590143e-03,5.502243313302993336e-03
5.022731658263854780e-03,7.251863183892319660e-03
3.418244660043284200e-01,3.389564877074808247e-01
9.751480830716029169e-02,1.151756932239148962e-01
7.234466444856479939e-02,6.595847904081679480e-02
2.139164217489182562e-02,1.766835083529315342e-02
4.986532694597367588e-01,4.893870090163379150e-01
2.416818176532124426e-02,2.425591638214784004e-02
3.406404660078582447e-01,3.533779579622282618e-01
5.939562966025089402e-02,6.822648438887435329e-02
2.592421741970423951e-02,1.818644244433384113e-02
3.031814824088150881e-03,3.512108038494398538e-03
4.865221646887582865e-03,5.287926570030176791e-03
5.961549405317165262e-02,5.683722593567151066e-02
8.824956249196652669e-02,9.815597102558282216e-02
9.546031331423210364e-02,1.061608846889448982e-01
1.540087761232803443e-01,1.544141647909198500e-01
1.166540751348118382e-01,1.188961157114564737e-01
5.220572161624130458e-02,5.626375264917935631e-02
3.893953111349552909e-01,3.825705326538745288e-01
9.990997703219234305e-03,1.026260369890641747e-02
2.561400386345122002e-02,1.937943543684429032e-02
5.271352829842113757e-02,5.582949036370921797e-02
2.412073556931430048e-03,3.330710004077653327e-03
6.706517656768239410e-01,6.816262197572164894e-01
3.942036558023390147e-02,2.974899050255962532e-02
3.264065657799655740e-02,2.622256844302228371e-02
1.093287219970969920e-01,1.112511415730161046e-01
3.139458020860087881e-03,3.304491198289924523e-03
2.845996525135819355e-01,2.687668945204317317e-01
6.184464826268012971e-03,8.032525795238148331e-03
2.216236606991982619e-02,2.334944242354025298e-02
5.616510517587153251e-02,4.485994534644062448e-02
4.063188376207813035e-02,3.937963847136270040e-02
1.222727989860454079e-03,1.139086789801715656e-03
5.601853144646032519e-03,5.519171144898440268e-03
1.440453927200821722e-03,2.299726927978292500e-03
6.476983451768550913e-03,8.126466312432087738e-03
3.282668048607082639e-02,2.819811413225597335e-02
1.480882629024939459e-02,1.235752890702157547e-02
6.014822821912870765e-01,5.805274528892577779e-01
1.452972754929156562e-01,1.430558830211754728e-01
8.780492905486857180e-02,8.176600753542624667e-02
3.044822849465466108e-01,3.167339248001564411e-01
1.843737256231245958e-01,1.909366233993681217e-01
7.537714556524861831e-02,8.097024615196425634e-02
2.347819670504855405e-02,2.334072799447120886e-02
1.201295194909640512e-01,1.263599568366875481e-01
4.956027902995236573e-02,5.172481713670788045e-02
5.477291314877109907e-02,5.605600403211306870e-02
9.748274156218825204e-02,9.478620131891703215e-02
8.592696053136626537e-04,7.735389079036894501e-04
6.246705053630676602e-02,6.503457833117540221e-02
1.318483013577902672e-02,9.547143361607638920e-03
4.047805192853302092e-01,4.126702928166972040e-01
6.905711211457837839e-02,6.040780658404443226e-02
1.106162119710998176e-02,7.531533685576805373e-03
6.730546081086734300e-02,6.604843657239273247e-02
1.286425753055246701e-02,1.428676906353416182e-02
1.581034707145019258e-01,1.518918500749609768e-01
7.501505379742581803e-02,6.757067336480108988e-02
4.347195783468118385e-02,4.088377186266078933e-02
4.518434549535746414e-02,4.845354812009834006e-02
4.634604387679448073e-02,4.776858968601994937e-02
1.266011375562664520e-01,1.288086985231626791e-01
8.618755986482370957e-02,8.952858659657932094e-02
3.151043728602786684e-03,1.382779348250299687e-03
1.378450318192010477e-04,1.578495221936861525e-05
3.926428802912833027e-01,3.951392667420467464e-01
8.293300280449613163e-03,8.666710651168550716e-03
5.038110032804957172e-02,4.261645519935586962e-02
3.406245471269264691e-01,3.462811406591770891e-01
2.624737456564178967e-04,5.875296934864588424e-04
1.340399802345204894e-01,1.351210409366299658e-01
1.173887382035762074e-02,9.602811536178890509e-03
3.626711829810241178e-02,3.622945555390621325e-02
7.901440572446638555e-02,6.894693313405220181e-02
2.707911147972703603e-01,2.884409733497359518e-01
1.839991250755283192e-01,1.961679851494494420e-01
3.295737104962346842e-01,3.283182553929818170e-01
2.110219614098499900e-03,1.510003279416647802e-03
1.042742226658033289e-02,1.172104432853679837e-02
1.453903113157855032e-01,1.554743293763112544e-01
2.170152813448740156e-02,1.313547136026937436e-02
1.240714061542654185e-02,1.020672544039684035e-02
2.800787821864180252e-02,3.776572676937117734e-02
2.115837383293505958e-01,2.246309594260671727e-01
1.296909535367110899e-01,1.295318009077370269e-01
1.968562324970031009e-03,1.563668131180707618e-03
1.552548416177767787e-01,1.700190860706332352e-01
1.177226547053466105e-01,1.169069075176534522e-01
2.238793313856024883e-02,1.876449126154447131e-02
6.545766667978836478e-04,8.658786874079753152e-04
3.916394008438283669e-01,3.786998294440474533e-01
4.409424622842551302e-03,3.471318092716104472e-03
3.596371344582161012e-02,3.942455500971858012e-02
1.248576662131667923e-02,1.083063711342421506e-02
9.354963207312222417e-02,9.822770162735383614e-02
1.798659437721386936e-02,1.627546266654408477e-02
1.131950125581539374e-01,1.088702055382771983e-01
6.114255013649594339e-02,5.565095301673202155e-02
6.052212786203856748e-02,5.892074903281073472e-02
3.638129776707889774e-03,5.614212629317118751e-03
1.226429149520087691e-01,1.153592098347705902e-01
1.549651665818297663e-01,1.474796941409339257e-01
8.380991438793298220e-01,8.255709742188630518e-01
6.700543174346695885e-02,7.418696336515188949e-02
2.051569373060670720e-01,2.181238513930719436e-01
3.665451730543991538e-01,3.909209928089575903e-01
1.286072302001677915e-02,1.652770078734085504e-02
3.319050429430667193e-02,4.385870318105077742e-02
2.025499316125693727e-02,2.178288264754526388e-02
4.248928347161878144e-02,3.777046162013873720e-02
2.614567407801032112e-02,2.584121436802008093e-02
4.355716946720204763e-02,4.091593812908944638e-02
2.883040879698941031e-02,3.026646512504560516e-02
5.930765624288882910e-03,6.379540625289750050e-03
1.596368194363886189e-02,1.597815691898928081e-02
4.824926831300969110e-01,4.977008353373970073e-01
2.894368364685094841e-01,2.835510306376114453e-01
2.688010537781006237e-02,2.004624950482910423e-02
1.613061618396824937e-01,1.554774710541871607e-01
7.739626827355052842e-04,4.690380731589980290e-04
4.983383936613989141e-04,1.005314106042906218e-03
8.227320701737825259e-02,7.584382770821229691e-02
3.827459244955312007e-02,3.436762382183705666e-02
9.996548273081863611e-03,7.733443265812023869e-03
1.606888246679723242e-01,1.570755006618708982e-01
2.651330889073833311e-02,2.925376543479406288e-02
9.185826313177206841e-04,1.041873711969049056e-03
5.631027843301324165e-02,5.314812197554807244e-02
2.078451561016148724e-03,1.806086237664495438e-03
2.527717399550751497e-03,3.684409214607312424e-03
5.421473449341060458e-02,5.937207170110015558e-02
2.190967309637530391e-01,2.116831105963392912e-01
4.957931917966030069e-03,6.454756010786821818e-03
1.892442625794481812e-04,3.180587848257844763e-05
4.413316522401234399e-01,4.265922260614954942e-01
1.874193946098787200e-01,1.815813933807936265e-01
1.818128328458749150e-03,2.948161319826349790e-03
4.434857842660108740e-03,5.333523816755466815e-03
1.327219108278283044e-01,1.405218346185425071e-01
9.182036327267373548e-04,3.697686968714987941e-04
5.255227852307998711e-05,5.366399329272127192e-05
5.771353633378816655e-02,5.710816553872444939e-02
2.355492380330961172e-02,2.055348661722298728e-02
6.741408052182096267e-02,6.478562967105927495e-02
4.722290713602392102e-03,4.793813216995812011e-03
7.380787064298022226e-02,6.803427889285487695e-02
1.042935662457210588e-01,1.031961153037352225e-01
5.439699941937665983e-02,6.560737754870264726e-02
2.378125708899688634e-02,2.395351770012937170e-02
1.206683295034026395e-09,1.341661942893798210e-04
