Pf,Pc
1.006102165333115986e-02,5.729485626344912180e-02
4.533303601676076378e-01,5.382494725740574193e-01
1.187385370736519178e-03,1.102233927394720557e-05
4.319228335171242383e-01,3.597714253585788113e-01
2.451686900133435987e-02,9.372557611108365844e-04
6.772505440987512670e-02,1.533286753216099030e-01
7.718666428970881455e-02,2.153364145757600545e-01
1.252563799363348544e-02,2.518406226757989586e-02
9.796995067629151593e-03,7.606118978359826567e-04
1.700782487250435959e-01,2.793090227850241192e-01
2.471512962098273807e-03,1.718063778551393375e-02
2.584117329268151297e-01,3.381913423544307129e-01
6.608287943784296736e-02,3.875152397821760714e-02
1.671171664080931818e-01,2.154120046294541180e-01
5.140636099469816228e-02,5.480407906315808153e-02
5.600730703047236692e-02,1.281120582036118782e-01
2.157260684310306764e-02,4.887529468548269460e-03
5.562859943953456926e-02,4.667081487562197567e-02
7.274231828750374329e-02,4.245986104356387451e-03
4.559655529213926112e-02,1.110766086272851061e-01
3.264792945646723815e-02,1.109044143189382575e-01
9.871491895109997874e-03,1.158545513508691706e-02
3.607924960912538281e-02,4.725759347196179655e-02
4.371125821276743671e-03,6.790499741393939484e-03
1.419615822369290903e-01,1.366966165607053363e-01
1.601536204612181713e-01,1.798137542692891111e-01
4.639998844557842450e-02,5.765613438818194270e-02
4.378750269509335685e-02,1.541787845251499367e-01
9.235931735286820321e-02,8.969159114438030045e-02
1.056458591539866923e-03,7.386411971207943827e-05
1.191558932398187678e-02,1.252093410472502472e-02
1.882726744913275629e-01,3.490441877317343455e-01
1.925776694249628496e-02,3.912832749263771975e-02
1.720146267498612880e-01,1.186127004698753068e-01
5.529840521818019626e-03,6.923811381929568035e-05
1.163957380064501307e-01,2.418212272466188362e-01
2.396638651659110998e-05,9.991212262869309023e-05
4.911175258563606899e-02,4.551731398553750946e-02
7.354880684931747181e-02,1.212354217691390679e-01
1.030537151038488482e-04,1.638236747505611608e-03
2.790230732455865059e-01,1.256116347296838687e-01
5.896233575388981629e-02,1.566295636877276798e-01
2.011163821937822331e-03,1.698382133043273247e-03
3.187619300790005550e-01,3.125936500379907224e-01
1.135178494580661723e-01,1.472705137674108211e-01
3.715422322625290216e-05,1.804299010228569821e-04
7.591810850318751443e-04,1.185940442879464610e-02
1.732739400083171261e-02,1.929371061745510218e-03
1.107632212437126562e-01,1.369025925987799597e-01
2.119234699221004270e-01,1.563584108101255532e-01
7.577749584269970889e-03,2.176119241519017949e-02
2.925463512604516494e-02,5.376438723661607078e-02
8.330580003977705594e-02,1.103294960572819422e-01
6.756718680616018435e-01,6.699987606464312684e-01
1.037082275708066104e-01,1.375991280987911847e-01
1.762955737073539642e-01,1.187919817444121340e-01
2.000184443469438800e-01,2.613601898386564981e-01
1.459470775163376199e-01,5.511983977289131725e-02
9.610097403297164498e-02,7.892794893261290134e-02
5.564210292762931248e-02,4.205205710652908796e-02
2.074969800355599362e-03,1.862442843767153286e-02
6.471924485251636661e-01,7.541761094783658859e-01
4.148385382720620046e-02,6.240755557411506449e-02
2.296056763950255208e-01,2.570283526128122054e-01
6.526229527856201862e-02,1.183870777754131021e-01
7.430235031168201665e-02,1.628024543401935254e-01
1.594477514029851370e-02,3.749329279985006563e-02
2.395776799255761383e-02,2.243938440461787712e-02
1.930377226192262971e-02,5.185058505318514144e-02
3.945162749413308467e-01,4.052895990167482143e-01
5.044451965570528884e-02,1.055806241337703816e-01
4.375923125928469354e-03,1.856302449708719868e-02
1.779640925053308509e-01,1.706504081195618361e-01
4.151841126321969555e-01,6.889485095900426126e-01
9.425828530830758500e-02,1.022651020231943875e-01
2.087815554135162642e-04,1.723626706766060931e-02
5.534685794331557496e-01,6.564121012340887740e-01
1.914824108588987495e-02,1.176084128411525971e-03
3.674554348343464505e-02,8.248020812682353708e-02
8.740708809790210013e-05,3.382636061528768862e-02
1.684972695070964402e-03,1.464717987356336029e-02
1.040238904120118213e-01,8.976474121686627006e-02
2.925215086227618143e-04,2.184996876450582756e-02
7.231017913512726792e-04,2.922578518188565736e-03
2.774737271930252658e-02,3.003684779644998082e-02
1.065050084457442627e-02,4.435489058453224824e-03
1.731135460460119513e-01,1.446283621003301989e-01
1.553555841537390403e-01,1.090997764625623451e-01
1.361079382169717855e-01,1.064945977538486049e-01
1.621489534506046892e-03,6.678068314561659384e-03
2.253416975320034210e-01,3.310326361635966275e-01
3.696679699754462645e-01,3.969438294198259221e-01
2.773032502594031667e-01,2.057910572094691914e-01
5.285259759918028988e-02,1.019671960297059421e-01
2.431913523193895716e-03,1.986843792042205029e-02
2.533178073821562223e-02,3.626226853561078343e-03
3.779180319132734384e-04,2.307302485309753492e-04
2.529889269174711089e-02,7.542472438290284860e-03
4.253367318244518497e-02,6.221740700775202360e-02
4.071391747503980141e-02,5.537451082510312650e-02
2.589280485128388556e-02,1.530842591412655447e-02
7.909245667760676259e-04,9.056740775485040695e-02
4.035314007782630358e-02,6.891314346537190383e-02
3.120326950609840153e-02,1.297352146302037899e-02
1.269850180335593548e-01,1.108516484576882177e-01
1.221443885727085434e-04,2.702418238594090933e-03
2.314351820928274919e-02,3.145793633100927439e-02
6.308783730414029012e-02,1.386545637465952940e-01
3.206975108273808252e-04,4.596478007977742794e-03
1.558046041111481039e-01,1.759590510764601212e-01
5.815691268327677355e-02,8.488100247280160049e-02
1.409698199420871337e-02,1.383461039297823394e-02
1.557133385988687946e-01,1.316751515811283302e-01
3.959529606309523109e-01,3.011460402626212063e-01
9.210470245482184348e-02,1.772831020775838817e-01
4.507684337136344532e-03,6.624238070093706188e-02
5.919947892607734241e-01,4.198833757134534661e-01
4.735302912278069321e-03,8.156033069090810796e-04
8.406619309752885738e-02,6.282546890995156785e-02
6.105929212889134317e-02,1.461207529561976909e-03
1.004914379999961166e-01,1.089316535815133269e-01
3.852503255255836923e-01,3.472379272310839315e-01
8.689066322694047884e-01,7.549339845426881190e-01
2.143768915141700329e-02,7.764963073220705701e-04
1.178012658220689915e-02,1.629368113738537821e-02
7.715685936170514278e-03,8.438295220682732025e-04
3.025540903413068139e-02,1.069359870247982985e-02
2.125862705649582129e-01,2.071425345523338346e-01
3.610380602840192882e-02,1.027527823620734554e-01
1.878122950724898654e-01,2.410956831576364923e-01
2.431387733229217057e-02,8.563840819029392565e-03
1.162067962603900197e-02,6.950021859912357269e-02
4.064051266124452666e-01,5.980304669851413957e-01
7.277119651877696866e-04,6.160408370140890380e-06
6.839135129017061276e-02,1.052680869766263183e-01
4.781725134506439184e-02,2.964734649644431425e-02
1.870007493511320618e-02,2.694517373518673722e-02
4.540381225637027743e-03,5.063439180433889492e-03
4.775560887646115860e-01,3.949076647637440041e-01
2.777205515164067884e-01,3.165909750967526581e-01
3.011210813585154522e-01,3.536315964569468062e-01
1.850556307347083710e-03,6.681395683686673637e-02
2.808579112599431452e-02,1.203654277871180241e-02
1.450201358327520788e-03,3.220713397100434180e-03
1.344457231012484086e-02,4.209978742486206876e-02
8.274762131774264257e-06,8.037458987350645833e-05
7.871650780000558623e-01,7.741117695287080824e-01
6.755913464275091138e-03,2.603534070265099351e-02
8.120288525308758110e-03,3.323135277735807074e-03
2.392008811802211980e-03,1.900400577139036914e-02
1.096762756540712175e-01,9.666689576976209008e-02
7.345406021386537143e-02,1.330232814604580538e-01
7.110212004061352035e-04,1.257655504887713065e-04
6.188068570292878240e-02,9.622623798701911146e-02
3.527341949858899244e-03,3.624476565686918922e-02
5.121110727545016283e-01,4.092068693126513224e-01
1.567257281683872017e-01,2.752036538108111330e-01
3.002050023501185837e-03,9.361866670749478814e-02
1.543608470769524399e-01,1.648746799868587298e-01
1.377323885468466347e-01,1.315151132315866001e-01
2.178064573516534097e-01,1.577228582544628888e-01
1.476555585925735936e-01,1.287122991468230282e-01
2.538697881604079498e-01,1.415821409095586736e-01
2.821494192819569147e-01,2.611304697217660675e-01
2.017109483974195011e-02,3.944574775414404211e-02
2.371718699620681357e-03,8.030567822679949078e-03
3.105701775620231531e-01,1.379476333574559954e-01
9.502248247290448480e-02,4.803767585599270223e-02
7.552930052472667244e-02,1.450968091528664350e-01
1.200476365531398407e-04,1.749428267645866897e-05
3.634906627162855230e-02,1.871839165094104154e-02
1.411965082384887826e-01,1.495086870086239639e-01
3.007897175281971230e-02,1.055971650458407407e-01
6.520882683253031997e-02,3.988314538383135044e-02
9.125409012693420918e-02,6.352395177323469366e-02
2.066184783468193414e-04,6.447611991851233534e-04
7.915244859340142547e-03,8.664036481782183118e-04
3.610343572255462759e-04,1.327988887809747678e-02
3.577099323214798926e-02,8.792512425554803793e-03
1.769913914134352284e-02,1.671195140300494849e-03
9.670026717457511078e-02,2.214923467872337293e-01
5.410004195309113806e-01,5.737369341378507626e-01
8.036578696179838555e-02,8.420418454130276786e-02
1.898569202717943424e-02,1.206854241593182872e-02
2.723454693530083168e-02,4.288401918231932869e-02
6.373366290217606991e-03,2.023205228874751813e-04
5.832213539429441373e-02,1.066935507304386938e-01
1.410830113803538399e-01,2.070601237011671925e-01
6.212228657807325471e-02,4.807113632411022519e-02
1.198888030887113043e-02,3.134851610129357324e-03
1.685687441856614510e-01,1.686105717171249019e-01
4.996815844425509523e-01,3.538812301390136805e-01
3.003673129455267654e-01,3.671713214170676531e-01
7.903090124649826687e-02,6.180106608447114708e-02
4.905454181340362929e-02,1.592948945955239420e-02
4.104760542383847216e-02,7.100913630624393347e-02
1.084252260250306334e-02,2.700072204717794341e-02
5.703477527687663730e-03,4.951793550282026363e-02
5.581145875655436212e-02,8.307203560748395443e-02
3.774781608045032349e-02,1.720876896779637705e-02
7.203328302439768183e-02,7.657719293863310406e-02
1.013450553422059639e-03,8.171893572747248452e-03
3.908486724426980287e-03,9.004411396940144308e-02
2.281824602367284738e-01,2.677391841127421679e-01
3.905948268140511659e-01,3.185237388394097646e-01
3.463048383878110370e-02,5.276836261571798102e-03
1.908474974088859022e-01,2.607310090185585016e-01
5.525209529678282161e-01,5.125794468792871372e-01
2.182375697513497803e-01,3.208093070420531268e-01
3.361910328089787875e-02,2.164295828412146280e-02
7.180204571871706687e-01,9.262068264262772743e-01
2.177804316345875041e-02,1.949462699994200521e-02
2.117871956142787157e-02,2.365195575425413973e-03
3.489638963482018328e-03,1.430847401521689356e-02
1.027570243085659946e-01,7.700609149528744868e-02
3.862252129525162725e-01,3.752419008571569181e-01
1.163573363898648058e-02,1.069668460149803338e-02
1.049779029779964068e+00,9.895762553878526546e-01
2.733509468436014916e-02,7.086635085475981310e-04
7.911026192632966691e-02,8.797682534941704546e-02
9.522418114525744992e-02,9.694546633414521941e-02
1.529978059183609851e-01,2.310176379844649519e-01
7.720312285687343148e-04,8.806368224612596066e-03
5.858281201066042193e-02,1.249319485752491549e-01
2.302464308289400852e-02,1.049297558652520085e-01
8.893525972947835534e-02,1.465554091436770401e-01
2.713796582553801989e-02,1.091933200701992179e-01
9.959226187214646753e-02,5.124226003845244737e-02
3.850444403291740092e-01,2.798164702240670265e-01
2.648364146470605709e-02,3.893629435055400573e-02
3.396985942096495958e-01,3.625954147050571286e-01
7.400548897438757705e-03,4.170429435529017514e-02
7.862413479320293913e-03,1.184372958761681886e-04
2.238489076268636649e-02,2.561394687802671629e-04
4.210351572004258913e-02,8.885565596943216515e-02
1.905839305114322493e-02,1.039480484426303850e-02
9.291565057072614323e-04,5.777618281255063500e-03
1.090154114097347318e-03,4.079036652930850414e-04
4.310105593835064641e-02,7.034056489836933157e-02
6.439835566587405772e-04,2.561333083020004339e-03
5.119042819149726212e-03,1.040532938026117286e-02
4.124803831463793642e-05,3.168823989216261461e-02
5.369952157389563073e-03,1.617629706606825368e-06
4.944445861921576785e-06,2.847437509628716890e-02
1.228890625482375876e-01,1.144960806928812802e-01
2.170565904790771813e-02,1.489304549556318092e-03
1.233235915063174148e-01,2.596807744738410806e-01
1.089082947837985843e-01,2.888542317635215406e-01
2.619403570054296831e-02,3.399444808414586738e-02
3.993041140199411476e-01,2.767001582922440361e-01
1.655646461550900062e-01,1.093359611076286791e-01
2.308645779943785947e-01,1.876724622743793092e-01
5.684933891296971298e-02,2.688342548545869307e-02
1.586427369609664517e-01,1.269910686713833226e-01
8.539338420218811621e-02,1.289064511779316746e-01
5.849346452064497440e-04,2.464928812302868630e-02
2.484186564522302965e-01,2.272379788087552088e-01
9.945346938153777627e-03,1.500115272247203729e-02
2.755120723245791520e-02,7.357165972593561476e-02
5.192811310724256002e-02,3.554727358313981150e-02
7.263972016102441913e-03,2.053879254109061692e-02
5.358025779870809841e-04,8.283243810773820506e-03
5.432864301396324036e-01,6.612292133949277950e-01
1.464789711619126017e-03,7.389882556050783016e-05
3.656782645786096353e-01,5.795694889495446311e-01
1.765173424301504923e-01,4.507320562665990266e-02
1.739352465639940615e-01,4.487280422784187955e-02
2.166729496954169221e-01,1.391847522486579225e-01
8.418203567010958122e-04,2.268200613706875413e-03
1.365983748474425448e-02,1.485015739401464134e-02
1.074109178498593720e-01,2.459422742607734746e-01
1.736626414939836660e-01,1.370451594207724999e-01
2.806079800513440747e-01,2.094377287239998220e-01
4.617374968861961970e-02,1.132481468941702422e-02
1.307871848745023081e-02,3.473005985185957656e-02
4.992231647157380388e-03,1.079440302144496489e-02
2.948708191321736463e-02,5.306435113208358284e-02
1.320445670098511527e-02,4.623669589797420321e-02
6.335913448208756460e-01,4.911039472730392430e-01
8.286564467607627701e-03,1.349641417837249774e-03
3.320147284142566102e-02,8.008673044186306531e-03
2.643979073154665346e-03,1.360641177557728697e-02
2.358615210445788590e-01,2.941213959133168743e-01
3.511834118159181117e-01,4.340775062769877679e-01
8.550737732466288672e-04,1.355990120674063467e-03
1.616391217224917229e-02,2.847619837345583688e-02
2.570865761159212351e-02,5.094594254221504991e-03
5.408802642078328754e-02,9.907012810024029559e-02
8.181341854365740962e-02,6.616623030875667943e-02
8.422821557981158280e-01,4.628467709969186217e-01
8.457285521459867450e-02,1.864057892061010135e-01
1.707954357330880731e-04,8.487150449670473329e-03
2.548399956224455809e-01,3.983687215178714491e-01
5.206873347348760922e-02,2.893760061922471746e-02
1.616335097653456010e-01,1.472818080852587863e-01
2.396879357425894461e-02,1.814147238243780935e-02
7.892725541246203846e-03,9.373205781301475678e-03
1.953179057265990760e-03,1.873235776576873818e-02
4.248565487439018851e-01,6.326436823499387296e-01
3.939666283578174832e-02,4.854944834005003873e-03
2.117391279618687505e-01,3.793555813972256940e-01
3.981084520318827619e-02,1.360504850569039560e-02
1.595417124227291594e-01,1.533842163135983316e-01
1.669231312062122718e-01,1.220673024556962610e-01
1.139572378249381207e-01,2.372409925841458544e-01
3.250929884138090836e-02,3.588115361791294200e-02
1.358617620396698755e-01,2.197148634781599108e-01
1.242056450033753590e-01,1.715006227685537676e-01
5.858979374205861568e-01,5.837173050751939263e-01
3.215092761831735840e-02,8.466760475074271153e-02
1.833437565809636904e-02,1.712050219363388465e-03
8.106025770616759329e-02,1.409385165279342100e-01
4.894395619645873843e-03,1.693896354578428715e-02
2.295357250909241015e-04,5.865766612184397481e-03
3.947276269301014509e-05,1.757563122178363441e-02
4.232448452489070978e-01,3.359932403740895079e-01
9.069040448435978785e-01,7.243034084447155241e-01
1.247253900504459662e-03,1.586647360500853619e-03
5.060488778608709243e-02,1.466759185890689487e-01
9.581642296598860686e-02,2.257765234374743413e-01
6.243866038528675388e-02,7.138681714452950813e-03
7.722220183470363160e-03,3.953181956516643031e-02
1.060134909000717135e-02,4.789227054584384302e-02
1.584391944048450240e-01,2.272077781375521355e-01
1.027575841091167563e-02,6.393413237580615471e-03
1.375698864981114017e-02,2.135823358925495116e-02
2.723264215025473778e-01,2.687200322934114038e-01
1.055394721266379593e-01,1.415267606992610117e-01
7.310013122386752049e-02,5.740233763259171978e-02
4.524946603527290057e-01,3.020693148923714322e-01
1.129115082721063867e-01,4.769535264079005632e-02
4.260025198605372765e-01,2.251915319986446395e-01
1.212813575439234326e-03,2.811689614905689763e-02
6.959039191311927608e-02,1.081120375205936110e-02
3.356894805087262124e-01,2.281402004811178275e-01
2.630637332882143631e-01,2.768479839604235382e-01
2.446489325240616686e-01,2.928478490903699827e-01
6.622262170651829760e-02,1.455698331599532824e-01
5.023673429338698692e-04,1.407195331746924176e-02
3.726690293801412923e-02,1.665933731156113776e-02
6.213934171112470498e-04,1.714815243356051415e-03
3.311091172851158837e-01,2.887051088318982051e-01
7.402251422381232737e-02,1.136191978432991023e-01
2.746358495947481271e-01,1.349447499443132414e-01
9.358892269093224692e-02,1.149266705616759504e-01
1.020734901775462514e-02,4.354874811739553944e-03
3.197275801235113790e-01,2.506294639587136053e-01
3.094295063894944228e-02,9.397693492175517027e-02
9.602076299268466966e-03,6.954710511453896828e-03
2.242115805008502161e-01,1.697794773471931196e-01
2.798500259506320545e-02,5.430466004477976782e-02
1.636654753908781514e-04,1.245312375177913197e-03
2.180404193253782097e-02,2.070996297085461735e-02
2.143107902240206503e-02,8.144447256254253031e-02
5.733851438834649400e-02,3.243697508768548371e-02
4.838484573191458374e-03,3.352791783005571596e-02
4.072191395365051259e-01,6.310023736691009466e-01
1.567314465970315873e-01,8.481802685126668684e-02
3.227840720449535183e-01,3.909720210013378772e-01
9.658090365968574707e-04,7.854532289955955954e-03
9.399755186200409174e-02,1.167871817624433761e-01
1.634667586200845846e-01,2.070136821488440804e-01
5.557369182171958272e-02,2.103263145374224125e-02
9.694937762854573607e-03,3.839321696711148202e-02
1.518711682860192716e-02,5.227582997341905652e-02
5.107657389558113714e-02,5.370818068985950405e-02
1.180387641960464334e-01,1.895645409650409674e-01
1.900100275505899605e-01,6.333722424517691796e-02
2.893632659163096477e-02,2.185539297546980689e-02
9.167269873534351216e-03,2.419294644320386760e-03
2.356541545717178929e-02,6.164135923321873226e-03
1.432746518314283735e-01,1.155382477787377099e-01
3.666262910051561186e-02,4.748637559857119689e-02
1.795278584489057392e-03,2.262081460678081607e-03
7.753692855107749415e-02,1.280453353499715896e-01
7.911275673567763622e-02,1.272212903687333641e-01
4.686958618406087546e-02,8.586820205951194163e-02
5.412170198376704128e-02,1.391716463345281374e-01
8.021158375940967700e-02,6.859043836190936716e-02
3.667198795242180426e-02,1.050123449348193584e-04
7.357371990350121925e-03,8.860788700218916571e-04
1.842500123601953279e-03,1.306721798922927651e-03
4.287408606490883053e-03,2.046450706283511715e-03
2.969570285731436554e-01,2.357232215984469414e-01
3.606400580583256632e-01,2.817645386797079099e-01
1.202082027994851449e-01,1.128663075575293134e-01
8.427449945068719080e-04,4.036089340544222678e-03
6.009530357169072870e-03,7.426547018118759020e-04
2.044702438017341195e-01,3.913788929236257652e-01
3.640786233480219208e-02,7.881554322376546629e-02
5.418483732780308634e-03,8.258943404824827667e-03
1.279180161189306664e-01,1.430598196273857037e-01
3.746063864252397596e-02,4.961655294937096505e-02
1.687637199676795055e-02,1.681759418691487415e-03
6.280467549956075118e-03,1.111186944351049213e-02
3.461192857740882367e-01,3.530943979922470666e-01
2.559161175284762734e-03,9.207461749545231555e-03
8.888111734397831365e-02,2.673003698103753115e-02
1.099689777067367480e+00,1.444886709574321415e+00
3.586236735157518479e-02,1.053729942759640617e-02
1.995542810050613680e-01,3.084607812841972385e-01
1.942893588750186154e-02,3.441855648115086947e-03
6.446276665015724383e-01,7.113007308306923404e-01
6.203904399527385705e-01,8.958305246209913308e-01
9.665094649081701740e-04,1.391424629542596832e-02
1.473804548832570172e-01,1.277850533034513292e-01
2.487931449370131207e-02,5.227319426680964581e-02
1.440927113744411014e-01,1.314197323501013481e-01
1.040913791644910947e-03,5.691373743592072036e-03
9.748051831648568699e-02,5.915918455683569915e-02
4.523924797534067889e-05,3.689460164145673404e-02
7.141530479166821044e-01,8.220628294065884800e-01
3.159990177556527835e-02,7.118035147227412242e-06
6.038886137210828370e-02,5.983592257943434745e-02
8.168746378721190859e-03,5.000202871971677404e-04
3.476356637765435909e-01,6.312514074950212883e-01
8.345114493081197404e-02,8.411871025387542000e-02
7.198858476150130862e-04,7.104034771949630477e-03
8.772169618912487249e-04,1.492727217264503813e-03
1.719812688123011427e-02,6.234428453817594806e-03
1.022035627993027607e-01,3.471265589392923817e-02
7.248923414967085865e-03,2.918014988759618693e-04
1.134381968987471373e-01,3.688443112794703715e-02
1.228749830912448798e-01,9.503029298008491832e-02
1.009296138282441690e-01,1.035566457541929469e-01
3.184536143926661178e-02,8.730276849880455603e-02
2.249453227104231470e-03,1.747860976572312769e-03
3.057591361222867371e-02,5.187464670638231024e-02
3.141351158226788481e-02,5.249531134023904810e-02
5.922291023667008124e-03,1.978981487447943263e-02
3.818792766195407973e-01,3.365681374733870967e-01
4.070757141831993220e-02,5.239913778094679522e-03
1.917186077014393364e-01,1.635940890814044646e-01
9.373973879613319016e-02,3.031338181430778128e-02
4.872428605730064755e-01,4.326354241180211946e-01
1.352023374472324235e-01,2.369422238136965897e-01
3.155133557357237550e-01,4.218298283035005758e-01
5.232552219483422445e-02,5.838711167113168343e-02
3.005870162777944340e-04,3.917458476746113472e-03
1.168176236761719021e-02,1.261483779464110319e-02
1.285422095321011315e-01,2.357048681809091606e-02
7.280197972234903059e-02,1.679284635980873852e-01
7.109802428785755302e-02,1.024111826229759242e-01
3.954386211706790721e-01,5.576215870576461953e-01
9.464708449187247301e-05,7.510052922729892194e-03
4.275746862640478901e-02,1.163177283810470052e-02
8.988371870411193676e-02,2.148350286515034180e-01
4.225098173911658039e-02,6.027591690764463189e-02
1.110734028191288046e-02,2.266903203478275175e-02
7.273485149880348777e-02,4.455367235473003951e-02
2.525840999707846812e-01,3.204289220587583364e-01
5.423549364859606148e-02,1.745574400840960508e-02
3.882504871616643954e-02,6.500215297746448316e-03
2.996588165525878797e-02,1.269888600174004457e-04
3.406530513522993721e-03,1.516987796570748188e-04
2.417590110427852712e-01,3.712518996032545537e-01
3.802617363816345186e-01,3.539556108566811465e-01
1.275238896658529479e-03,3.521290447954601634e-04
2.104711550381420989e-04,2.617272119802914465e-03
8.398146553863668901e-03,3.628517934755157333e-03
1.782136002549839504e-01,2.369461633392761224e-01
1.300961182439002162e-01,1.608546953322304018e-01
3.053251299298154198e-01,4.306276917044834507e-01
1.694698231460731999e-03,3.249192665396723884e-02
1.198609598893465022e-01,8.140778469136758511e-02
1.517955067319597291e-02,3.697811932344871513e-03
6.493048700352740607e-03,3.167969105996791546e-02
3.841196370920503533e-02,3.704438786804738985e-03
9.720625834410109856e-02,1.300280266690985453e-01
1.389097522983982758e-01,1.598385175632021094e-01
8.906756695990969419e-02,2.366379196615145952e-01
3.964665052990845790e-04,8.913412285885997932e-03
5.838596814911119204e-02,9.790118688844097472e-02
1.535442927458849360e-02,1.442247823412584617e-02
8.417686197648795998e-01,7.633890880709753857e-01
1.140761563564135321e-02,1.653907275587827158e-02
3.448369974269147303e-03,1.074028998188759909e-02
2.584463600277258077e-01,3.083761425188181748e-01
2.867205292721396459e-01,2.712636152958302627e-01
9.635041089653328950e-02,2.097834048033039578e-01
1.401916229766693315e-03,6.762873803603898677e-03
1.661812907396093345e-02,7.009087672227640306e-04
1.191204775432605223e-01,5.478326467088542873e-02
1.242843843969975272e-04,1.642382868262052750e-02
2.923918207443140238e-01,2.875947754601336226e-01
1.604099002448853726e-03,6.053510233113932465e-04
2.823414440533312413e-04,1.920819522511972100e-03
1.758699070516814289e-02,4.916406603346515011e-03
2.011015900558080563e-02,6.998723234334851967e-03
2.880682511698209273e-03,5.504926805214088378e-03
2.772631098602755806e-01,1.737316872570093818e-01
3.469721906628293606e-01,3.681661274755329560e-01
2.841496921490934691e-01,2.626851694650942370e-01
5.628131218452835788e-02,9.456807243183457112e-02
6.063806227968022641e-03,9.706353444285454810e-03
1.549494311882444186e-01,3.191190560943764631e-01
1.415317126578141552e-03,4.167275063828100590e-03
3.237700073772001308e-02,2.264281383007769183e-02
2.013250209927153755e-01,1.004582234691100140e-01
9.508652734203108803e-02,7.755582836825967996e-02
7.541397836854508985e-02,7.630758170095119919e-02
1.305715761988395169e-03,2.454676690189207689e-03
1.613107239094101631e-03,2.416102764308297041e-03
1.303150962155580350e-03,1.813568492609021277e-03
3.880804055547662501e-01,3.947094654163572081e-01
5.926848625499921835e-02,6.379327410539339938e-02
6.999033246673477815e-02,8.938391411626914196e-02
1.989143186628740748e-02,2.876774468428826975e-02
5.590399953341137346e-02,8.351066624177766462e-02
2.839712078721156052e-01,1.749903731439662047e-01
3.597956154452828237e-01,4.105602122362296824e-01
1.089978520256911360e-01,1.153768014411271497e-01
7.119656496975118598e-02,3.162516140352981953e-02
1.671699447725085970e-03,1.075404336225105860e-02
8.503379391171025925e-02,1.028714685270391699e-01
3.471088465803411349e-01,2.687026375093689579e-01
1.336278974163731537e-01,7.960058962489421908e-02
2.903935557772936438e-01,2.057310614299493468e-01
3.199004660827911573e-01,4.207520891916695649e-01
1.830216681494293771e-02,2.051922738115501826e-02
9.009023719054831680e-02,5.453874477242694890e-02
1.165583354551688426e-02,3.123946473907984744e-03
4.179635781530027100e-02,9.896522108809406582e-02
1.580199539102122852e-01,2.345708078212935532e-01
2.949808118428158266e-01,2.197585661752196884e-01
9.822140974058320151e-02,7.505315454228189687e-02
3.858738998384179941e-02,7.547596986669678765e-02
8.420549959010773834e-04,9.769029850355947370e-03
3.674804391439472767e-02,7.867996809304754480e-02
1.056467335466683422e-02,7.019075788149951173e-03
2.783416852969261210e-02,4.608668622383084641e-04
7.721904610206303810e-02,1.414149989011126429e-01
8.465123308884392461e-02,1.975425841087907197e-01
1.164859811280389151e-01,6.471407346152667495e-02
2.675521579987463761e-02,2.157246544478035391e-02
6.539226366654160572e-02,1.358457749636778067e-01
7.276490113182463443e-03,4.480427273244576292e-02
3.796871826777677844e-02,2.991671414998153117e-02
2.734720586268792140e-03,1.351757871269310650e-02
1.510492775488188203e-03,2.159471218267518689e-03
3.370495205775491665e-01,2.799503329178369415e-01
1.557323890822383539e-01,1.057708982768478662e-01
4.171010821621891243e-04,7.378589875583446527e-04
1.087633667151812339e-01,1.399085095934167189e-01
1.495762648495664315e-01,1.397370696641767607e-01
5.506465320527018092e-02,3.435565077267337813e-02
7.388559049469631268e-02,1.723785555019033758e-02
6.891050548159774469e-02,7.900550857058469267e-02
3.853439120649076316e-02,1.047914868651174738e-02
1.674668953882756106e-01,2.873676784226449343e-01
4.519656724020323924e-01,7.175539581725581817e-01
3.032433515223514342e-01,3.252190018920854131e-01
9.482132243720061693e-01,1.056529791914708305e+00
3.401682826468933191e-02,1.255822169786738607e-01
1.423858668576770681e-01,6.389869497977164470e-02
1.450580979446514374e-01,1.404037258672120037e-01
3.182755907289155223e-02,8.689789495190935196e-04
8.882983636141933426e-02,1.133659755113949619e-01
6.782640075121940115e-02,4.863131667878988623e-02
4.302836716230108716e-02,7.019640911522456728e-02
9.704027679225535330e-01,9.746055043995153211e-01
1.522388649218679377e-02,4.798146907188825865e-05
2.111439934570850940e-03,3.613136714264206933e-02
1.352222187594218639e-01,9.307124121546382634e-02
2.589183728833730023e-03,4.899142724323049883e-03
1.142885094760274778e-01,1.118869978658927206e-01
3.283865959540894219e-01,4.264245819405024229e-01
4.210922065308606577e-01,7.013243679865562852e-01
2.566365529987406635e-01,4.277339922032787345e-01
3.348359743442403946e-01,4.671679508865152486e-01
2.698331999514242546e-02,5.683018396038150809e-03
2.448695331095546157e-02,1.703423881681212981e-03
4.487897140811668122e-03,1.612626253670018835e-03
1.095097321215490575e-02,3.302863177715391341e-02
3.829873241857765231e-01,4.712545094165843107e-01
2.735749417862036181e-01,4.602675883186086447e-01
6.476195320346117557e-01,7.694546121128087446e-01
4.389000290438445362e-02,2.517656982741115629e-02
7.160585219820820094e-04,8.773388148598149430e-03
3.745580920400282121e-02,7.747437733478432231e-02
1.104286529535203620e-01,7.480488299684583120e-02
3.504723686147425132e-01,3.146255547858373691e-01
3.964794133121288949e-02,1.351868702989134953e-02
1.354409556852214855e-02,1.110307809676917140e-02
4.263791463526107606e-01,3.812539420396174328e-01
2.917858428558757211e-01,2.851629943129946332e-01
5.489864535889024677e-02,5.770911945592242624e-03
1.369277852481752197e-02,3.558807691299791659e-02
3.286138177669024538e-03,1.906964539788850695e-03
1.363298924162662656e-02,3.998703448700210820e-03
1.729897327187286671e-01,2.591523991624181122e-01
6.207378330434982355e-02,1.646454809878587222e-01
7.583896308948163967e-02,1.149916774113303591e-01
3.724328411240596321e-04,2.736374546342483158e-03
8.874022990924032572e-03,3.385465524073367344e-02
3.393968441267008335e-02,1.159941340379743412e-02
1.210049364600197970e-02,4.031005545727590206e-02
8.755437428272214162e-03,4.848871513965209042e-06
2.884708418470684904e-02,1.545538961468501810e-02
5.252880855808558097e-02,5.190622042464607122e-03
1.076248178788333371e-01,1.703225187324927115e-01
2.730151533701524920e-03,1.426048750255267013e-02
3.028883473558854345e-01,5.388731277668218356e-01
3.989264493870019884e-02,2.388144776516042816e-02
6.790517718241523282e-02,2.343976591283443434e-02
1.225534929528509370e-02,1.772986334099047956e-03
7.459460182031520115e-02,1.211548383444064209e-01
2.199940931432250724e-01,3.168754089550532282e-01
1.273868160159753737e-01,2.449787975877623647e-02
3.012896254433043985e-01,4.136236454399527251e-01
1.180712640649146661e-01,1.436055301434985831e-01
2.779936389214678061e-03,9.730468042926779249e-03
1.345546718443522624e-02,4.262584677254651483e-03
2.215168270687150535e-04,1.885525061062690022e-02
8.197574201711815833e-02,1.695124558290116712e-01
1.352547984664522751e-01,9.163798305554364532e-02
6.383090373803922135e-02,4.447243893696210121e-02
7.818054856013455234e-02,8.588801245341100288e-02
6.401436983295269445e-02,1.377258407981921395e-01
1.080298564733037786e-01,4.246388880724769055e-02
1.831945495231115162e+00,2.051990357795049125e+00
4.045767607966989088e-01,4.787186886320440871e-01
8.091502682930636070e-02,8.690115594931485665e-02
2.808022387593107905e-02,6.594478524724312063e-02
3.050514999545696909e-02,5.397765710717838950e-02
5.787897134190155002e-02,1.031964592924714819e-01
1.148982358939763193e+00,1.613078219374242339e+00
1.015502842747095097e-01,1.494100985390868219e-01
3.095843454082176840e-03,3.897057318059216763e-02
1.967449055454562612e-01,2.946795264382520152e-01
5.670026651162071163e-01,7.199713302354812106e-01
1.025190711757083400e-01,9.885448564119304893e-02
2.029099800004847010e-03,8.010117885792536734e-04
7.221010953750571504e-03,2.619777144404786360e-05
1.470056538260703927e-01,9.668218373545667266e-02
6.181416316765463159e-02,9.626246338425692439e-02
3.951638671586008532e-03,3.975370944178614752e-02
9.590427452582947140e-03,5.782262198964301103e-02
3.080589044619033365e-02,2.886529747715776278e-02
1.686615904560931911e-01,1.181554616445599087e-01
1.119449547608381869e-02,2.828761281591078008e-02
5.113227475990369530e-01,5.700960046966412342e-01
8.625131543983959037e-02,1.641767816666704349e-01
1.283017953209849571e-01,1.592056262710843662e-01
5.483942932496017192e-02,1.236090672740985524e-01
8.906086174092868457e-02,6.085254158686129872e-02
3.184837987203707060e-02,1.938095975538045926e-02
2.016371601951932532e-02,5.278334643580949795e-03
2.045973271424930962e-01,2.682042224237961570e-01
5.843800776520760793e-04,6.683107862589445381e-04
1.062627887128014294e-02,2.258998650300992825e-02
3.411501308958241330e-01,1.873951428065442626e-01
1.538136728263857778e-01,1.524269120265332456e-01
1.270123926696750671e-01,1.972248280901041026e-02
2.139356383550623583e-06,3.237320905438232505e-02
1.776689502986205857e-02,3.303018541512839790e-03
3.107318899956752756e-02,4.518393726729132837e-02
2.213434777443150023e-02,1.382078382424466179e-02
3.786619377906145795e-03,5.901500839775728618e-03
3.398849849805308243e-01,4.442861023015301503e-01
5.774957965485651981e-04,7.123329101252401558e-05
3.243042052061446273e-02,3.130321031361803924e-02
1.361833034651871790e-02,3.811319677233109297e-04
1.668396273777609249e-03,8.182136620273186556e-03
1.876849757030369173e-02,2.484280197434280552e-02
1.323441803918604942e-01,1.188296585954456280e-01
1.572468166603764872e-01,1.483955933874945843e-01
6.039073275302335730e-01,3.552794088838553410e-01
1.742755704348605827e-02,1.997937670710495106e-02
1.718697292050956338e-01,2.244576116459187642e-01
1.750588500732585401e-02,5.971092421254460372e-06
3.275142975647249433e-02,8.219228023211964940e-02
3.333022546302507293e-03,1.624963213296604786e-02
5.714556061446379731e-01,6.925674941420062458e-01
4.770021902096368421e-02,1.661591973867190689e-03
2.483622670715068554e-03,4.330715008421930079e-02
2.044706041983652099e-03,3.249526272166952667e-02
4.865214701589793550e-02,4.319453405925633566e-02
9.075132687058040659e-02,5.066548604152167068e-02
7.987487451082674614e-04,1.407441722344559935e-02
3.341498219874410730e-02,5.614721581206173068e-02
3.529123078333822050e-02,5.939401432884356541e-02
7.209281375992538862e-03,9.552431376213066025e-03
1.116377906344852636e-02,5.243390233458179728e-02
3.150124862368084561e-02,2.269107114909585388e-02
1.008038983343552547e-01,1.409269598023427106e-01
2.018131071105535024e-01,3.374312956705354249e-01
1.150555711730070650e-03,4.023121659415888896e-02
3.896433894834232248e-02,8.320913714784300419e-02
2.675985016810812373e-03,1.488095343553115860e-02
5.207727520181424947e-04,3.491475838496119286e-03
1.026834278600575242e-03,1.849205018559346714e-02
3.659439720286928321e-01,5.667680253142853841e-01
2.330961012658472886e-01,1.536593858663849455e-01
2.975879801245398179e-02,4.624531186740423599e-02
5.408729776902039266e-01,8.267708266233786407e-01
8.911425789414199883e-02,1.975856630817450152e-02
2.003729744718347420e-03,2.613676131803341005e-02
6.818515181147246328e-03,9.624647139274822641e-03
6.385063150347996055e-03,4.365550875169118411e-02
2.651688844372689924e-01,1.800159839836403541e-01
6.126569592751882065e-02,1.508444087396793587e-01
2.229070449289568059e-02,3.118903038117160076e-02
5.904388407716919945e-02,1.206567385849617174e-01
2.622525004115986921e-02,1.183574968905620924e-02
2.179270517016928914e-03,2.686813251267975745e-03
6.206247844005848002e-02,1.041882793517607125e-01
2.241338541477084362e-02,3.930626896174620882e-02
1.095003481496321512e-01,1.690621170354316138e-01
4.741204058118404091e-02,1.555639596727439178e-01
4.642884893337634322e-02,7.895067964685688333e-02
1.261346572745371090e-02,6.748660954733677608e-02
5.832602042096776684e-02,1.306025606981046742e-02
2.317381196576245167e-02,1.180979355624399950e-02
6.052741152300444155e-02,4.202333924461561232e-02
4.593012681020017252e-01,6.556465903832910946e-01
1.123789629253236144e-03,1.288742011420765041e-02
9.905769024049676519e-02,4.610893611238141288e-02
4.945591853084104622e-02,1.451658097407325931e-01
3.512494910932729107e-04,4.190857336543369650e-03
7.611222444997891787e-03,1.442137129531474332e-05
1.458560160871326394e-01,7.985617881204251645e-02
6.274537354798756517e-03,1.233739446081661209e-02
3.642254520009954866e-01,4.064821349705076692e-01
1.117869763400104050e-03,3.613226647329962401e-03
5.837533050587755817e-02,3.665475316995042698e-02
1.871215718228100289e-02,1.117975775833254630e-02
3.365597632235577952e-01,4.749685346645239892e-01
4.534367245611846918e-03,1.707792767442780496e-02
3.937009746568669727e-02,1.210055944399396066e-01
1.318067546564381277e-02,2.849501725634473459e-02
5.428207989087115160e-02,1.137084718424331703e-01
4.328453632113426347e-02,6.593019529710596183e-02
4.988308239337927406e-03,3.868791212166889423e-03
1.090649540220612057e-01,1.099824763243621717e-01
1.740075023118409912e-06,4.574037453648124862e-02
1.829534233412608846e-01,3.285660809095324875e-01
3.726523598973165152e-02,2.014894923725034717e-02
9.012080754699568208e-02,1.344841508829813514e-01
5.500961945602825948e-02,1.861056193525532573e-02
8.248925484387709117e-02,1.486417585347947490e-01
1.734255628344937294e-01,1.059638559711552214e-01
7.267742887647678229e-02,5.706952313807877458e-02
7.644920389430584495e-02,4.114878659318415427e-02
1.459206429758010820e-02,3.627089854125371826e-02
2.087341074520437066e-03,2.814229744786937715e-02
6.796611297080354386e-03,7.409241783972109674e-05
4.316821919866658684e-05,3.013954411121351484e-03
5.048458501602117073e-03,1.253825350654306288e-04
6.263782681784443862e-02,3.394836198164367935e-02
2.692754986974622497e-02,1.028264038757253224e-01
2.342037634118763756e-01,2.043302670697770274e-01
3.874127147309210928e-01,3.868201628651720125e-01
2.608011479033586211e-01,1.777867662455911990e-01
4.501990292836446916e-03,7.814713442656395087e-03
3.171213212976534829e-03,1.857753083470849081e-05
4.357093420301340059e-01,3.479907009725883849e-01
2.153868822924696891e-01,1.990282703926486430e-01
3.543971222290085987e-01,5.947041093802030165e-01
1.918711535916088895e-01,1.877349468047633529e-01
5.748918140761533936e-04,2.376799407224899820e-03
1.459790120992834617e-01,1.853993018932340586e-01
1.965647073648106439e-04,8.598542493494686773e-03
2.582872054272234916e-02,3.165765027126802439e-02
3.003759979581066553e-01,4.936563430273279707e-01
1.889526520351935204e-02,6.013374556987680954e-03
9.617135532229821593e-02,2.399915621093872548e-02
7.158956644985762022e-04,9.876042954109843022e-04
1.160193253628261307e-03,2.967875885061008450e-03
3.456307661336016634e-01,1.926175293326696236e-01
2.571603450454087447e-01,2.577032846072844774e-01
8.590212328259580477e-02,1.386903687455404433e-01
4.906049574862849511e-02,1.081221007269015863e-02
3.314633712576187281e-03,1.760696049364088111e-05
1.062735076304991734e-02,1.035111694584461796e-03
5.407274139321332357e-03,1.384065347520371456e-02
4.286446052073528135e-01,3.457195382978107134e-01
3.423544571654855706e-01,2.848034934103327864e-01
1.757514549853736799e-02,3.231473211888631538e-03
1.979724515653264599e-02,6.541935834419752849e-02
5.754515102863070469e-02,5.262560680728493173e-02
3.109164950665476552e-04,7.554015778507895164e-03
8.352640607213358684e-05,6.681329737925964865e-03
2.284940479878307812e-02,4.876182209392369848e-02
1.091706096582251845e-01,8.696935768822729174e-02
1.907014230358263229e-01,1.825734828093494300e-01
6.407447924144293785e-04,8.039883725509211574e-04
3.058109546973895587e-01,3.653437097932073496e-01
1.005059492103324292e-01,3.021880614930759837e-02
4.878627509656110472e-01,3.587744306804594996e-01
1.593464879603988804e-01,1.326277047320170710e-01
1.258673362417287063e-02,1.039466856234557736e-02
2.592743776746132128e-02,3.305258177856432167e-02
2.474121881059564709e-01,5.112437267813605413e-01
1.293341447759562557e-01,1.835299156099903795e-01
3.516871155591320269e-02,4.087753036593338996e-02
4.829183204826895115e-02,8.750210782678294330e-02
7.274365533800199179e-02,1.684118553206493951e-01
3.195347265827007122e-01,3.613448446831956651e-01
8.431698291940599790e-03,3.173179523191506003e-06
2.822258827905340869e-02,2.379271657617198360e-02
4.580903038363243890e-03,1.892829577443282466e-02
4.954547647380162095e-02,2.076362994789386282e-02
2.057231980798458759e-01,7.553644543610613105e-02
5.340403882559958277e-06,9.423793233213710439e-06
1.751276786903104288e-01,1.366491100002753256e-01
1.514388373551370411e-02,2.563982420671342185e-03
1.415923725652151353e-03,1.082498728861129404e-02
5.539661984980682741e-01,8.256000705927281080e-01
1.965184032322793428e-02,5.766052889636873180e-02
6.805215395513330989e-02,1.241344351384407324e-01
2.146825127353953200e-01,1.134584378394799947e-01
3.419117465004551520e-02,3.381603555533427979e-02
7.367323770584789655e-02,3.464981193372054791e-02
1.606659709690184679e-01,6.994176039686089696e-02
9.561833765850520639e-02,8.252384941533071061e-02
3.842697788007421421e-03,5.102516652416849360e-03
8.697879886293596874e-02,4.845298277153072680e-02
1.160849664641529048e-02,2.036166129093338467e-02
1.499124373558400336e-01,1.454740074972733221e-01
3.255655400878636474e-01,2.705845526980740212e-01
9.932667534891913286e-02,9.731918423438330745e-02
3.976089267283197670e-04,4.340047633034215674e-02
7.765365153025220735e-02,1.239717250961260980e-01
3.264398054221110401e-01,3.223645804210631405e-01
5.894215450991167060e-01,4.493039587954869019e-01
1.089309680059600827e-01,7.399204129718485456e-02
1.698345061515992294e-01,1.290467096853609441e-01
2.039558295353953721e-01,9.118245988819123626e-02
2.399770923026809111e-01,2.637859027894330355e-01
2.484756951936736846e-01,1.861728038285577758e-01
9.379752427548766758e-02,1.254379352189607666e-01
2.567556229192086668e-03,3.222254320286483537e-02
1.552436686873084060e-01,8.988720148417257694e-02
1.565003670835543939e-03,4.585509813761120754e-03
6.075501112486205711e-08,1.004370798421306589e-02
3.109910466046995614e-01,3.118433272461675898e-01
1.472569345663118090e-01,2.443540725986332318e-01
1.428859614341077867e-02,3.423762443447340813e-03
2.927030419144296958e-02,1.059487250074840625e-01
1.138348519412386434e-01,7.747103023637523511e-02
1.261798613698313365e-01,2.244442586794521133e-01
4.061917558153410601e-02,5.902341290829320880e-02
3.211010110997795301e-04,8.634128557855203900e-04
4.643452133359817213e-01,3.006069181423233205e-01
3.912830435312715516e-03,6.258215499381790175e-04
2.033904071351887444e-01,1.675490083603934088e-01
1.832819950657302854e-01,2.453760080468179727e-01
6.098235010551191632e-02,5.441508487550552470e-02
8.831361988593496373e-04,1.713287534191341738e-03
2.895027274885410595e-06,3.249146759330574503e-04
1.914045213134163426e-02,2.412981036344990365e-02
4.495511847324229655e-03,5.751161045823856939e-04
6.886221586848075872e-03,3.123020554169930740e-02
1.268273929221893637e-01,1.234582023530248623e-01
1.046645415071469770e-02,4.450071994722269719e-02
7.899436351032848320e-04,2.190203065065259545e-03
2.039679964133186973e-01,2.207488273556313385e-01
1.103648838776038468e-03,1.146496869233598268e-02
1.549561080317884108e-02,3.040774168421698023e-02
8.120485243431204217e-03,6.776269179943244028e-03
1.376015676388485896e-02,3.699942891225523056e-02
2.211884873217039027e-01,1.886003723768035212e-01
4.443006976392026297e-02,1.166133667986478731e-02
9.257857693125861806e-03,2.303703100205357554e-02
1.450550037892714972e-01,1.801827800347008124e-01
2.791761836357452009e-01,3.315851973354498883e-01
5.455919977392137410e-02,6.364753686397750521e-02
1.074894513068258084e-03,4.510359722147836564e-02
8.311853343593685745e-03,2.170872235226728453e-02
1.545980930072298008e-03,5.377048237644475653e-04
3.611069118439260307e-04,4.089314586977080772e-05
7.806460496347189353e-03,6.090592997476885519e-03
2.098881280835769927e-02,4.943648895957795074e-03
4.360004612503715071e-03,4.471409261184148415e-02
9.799890349870341022e-02,6.126163939682419124e-02
1.253763686289212642e-01,2.378347990329852113e-01
2.177897391983683179e-03,4.209271277350610033e-03
3.868096081192567981e-02,7.121906230986281561e-02
4.145108579022103307e-02,3.099223763008740126e-02
1.372451490388023297e-02,5.447525899763341027e-03
1.133619697585721842e-01,1.929095320137003966e-01
4.820504988061384555e-02,9.121102236059649981e-02
3.251423004332902340e-03,1.371967289803834034e-02
9.511464025403540412e-02,5.587394993733242610e-02
3.357938354235741607e-01,4.605348537614833981e-01
4.764100338459032469e-01,4.976363353100985987e-01
4.266702964366616418e-02,3.399925402568015897e-02
9.972942267573398079e-02,4.374281420852649954e-02
6.969091096485308633e-03,1.796381482976675686e-02
1.925830827938811718e-01,9.263033927805096324e-02
2.986005427812683452e-02,1.152277889170822550e-01
3.503177718009400921e-02,3.682470851814800307e-03
6.226399252955808900e-02,9.262933694278603636e-02
1.869611127036403938e-04,2.132213655228810099e-08
1.964856052329899128e-01,1.252888354223064271e-01
1.606643630947418924e-02,1.158829729089844579e-01
2.165434718516726781e-02,3.323901189262287031e-02
3.182068808304183705e-01,3.351674796147094959e-01
5.047149049842151363e-04,3.529319608031175701e-03
1.500925581565631106e-01,2.065227962517278970e-01
1.426595478316194376e-01,1.205598068055180883e-01
4.827321706398594592e-01,6.155839647081616794e-01
7.757195445174143444e-02,3.672507654525417053e-02
1.438998225767077477e-01,1.653177724972353102e-01
1.311714977120090331e-01,1.616800535969455666e-01
6.007643141245473384e-01,4.969534257687212020e-01
6.371538076307559225e-05,4.888536552733460551e-06
3.372932265525803441e-02,1.813619340545602129e-02
2.596718265602153755e-02,2.904866693784400461e-02
7.128465060827904320e-02,6.550017337282652841e-02
1.462834256426525509e-03,6.492562455269449209e-03
8.022724674288708377e-03,1.862134953299162310e-04
1.352508298230288217e-02,3.628665541609035761e-02
8.795922856494346742e-02,5.757116789579451444e-02
7.003175548079131341e-01,1.285782902330682376e+00
4.959775521584816604e-02,1.960738992902794423e-02
5.315676517339739532e-02,1.071422944148091028e-01
1.504906099365812822e-01,2.083013890650720901e-01
8.360883389897967588e-03,1.243541712108241076e-01
2.811228113000283427e-02,5.319515779326908222e-02
1.932064336245440661e-01,1.648392359542495689e-01
6.220147547956506213e-03,1.287968379751383346e-03
1.818856976396505676e-01,2.495756528643495176e-01
2.634783004004635429e-02,5.331248410481314454e-02
5.001257070569781193e-03,1.250074067252264628e-03
9.647640318329880546e-03,5.159760283006197684e-03
2.535614904353251584e-02,2.654393054518244810e-02
1.439002681552746798e-01,8.377111992290460496e-02
7.397700787953828683e-02,5.526270177640410508e-02
3.266983918945836618e-01,2.990090193115199080e-01
8.269612052262086122e-03,6.465652986577524741e-02
6.277178919028849127e-03,3.090637180913776826e-03
2.571652119557693710e-05,4.724533184142526258e-03
3.666250247398554490e-05,1.113235199307238167e-02
7.660635173034047868e-03,5.078164074917786847e-02
2.515343655090413605e-02,4.593073212053420257e-02
9.093071471082259105e-02,3.056068742459770032e-02
1.640277249619543493e-02,5.840951336215856327e-02
2.851347139110615991e-01,2.346949177936625552e-01
9.278341497527720257e-04,6.427923032497507606e-03
5.118277966443203313e-03,3.542228122543741235e-04
1.384494192651197948e-02,6.035348426560201499e-03
1.236722718824726733e-03,5.212763535143050131e-03
5.305047874470453922e-02,1.161298669486952734e-01
3.905593240439502595e-02,3.492035659970911532e-02
2.932030097307219627e-02,7.218843358225206230e-02
1.071105932901720986e-01,2.412450082063834766e-01
1.429373345556656516e-01,8.837160472184921178e-02
1.393749481824118619e-01,1.328996842714351423e-01
3.115320170093571414e-02,4.251713316742453119e-02
1.936789599407599538e-01,1.969753797720296962e-01
1.856380586199986582e-01,1.191015411596331175e-01
2.676876921119277775e-01,1.509219949838931651e-01
2.593945394466404958e-02,3.422188943852408349e-02
2.758506716424511925e-04,5.853014343975014404e-03
1.509652600123020938e-01,1.889251266235053572e-01
4.656579286061277717e-02,9.777976086843118142e-02
1.021424709753038750e-02,2.930870322831609018e-02
4.394886837183756279e-01,4.498728877084022248e-01
5.848133239359704083e-03,3.540679284923358730e-06
6.822757263587034271e-02,5.970074297907697336e-02
4.633234991709001688e-02,3.898825485119205431e-02
1.180365774763955482e-02,6.292391615805049965e-02
1.410956168970680519e-02,3.293507096136061296e-02
4.672462252595903365e-02,1.930070324351637265e-02
1.083349490554446487e-01,1.341215935429241057e-01
4.064359145538666562e-02,5.398986685216815989e-02
4.778986236972965380e-03,6.922724137134683708e-03
8.666670225959429569e-03,1.392445772687904426e-02
9.628778526149132932e-02,1.113439776492514272e-01
3.425852715021980854e-01,2.116587686772133103e-01
1.200871727587450762e-02,6.121576588916204098e-03
3.060627460519921034e-03,2.150737888707516220e-03
1.546868624523216051e-01,1.516769569453689792e-01
1.133357553105163000e-03,1.704169606061245804e-02
6.410420565215896316e-02,1.592051955787985584e-01
2.219786455093008815e-01,3.738285210691550953e-01
3.030109478526636993e-02,6.221576941585883758e-02
8.492024830935567675e-04,6.218428676182173424e-04
6.212672786403732744e-02,4.811780294366029692e-02
2.636156176385024211e-02,6.608625168401822958e-02
6.747821987613586816e-04,1.794317116681278315e-02
1.745238049159681115e-01,1.187711697986856690e-01
1.923922346720871313e-01,3.230894869520101742e-01
2.735155816442731425e-01,1.105193945260866256e-01
6.584840141827799295e-03,6.286516113107046971e-03
1.807461369445445554e-01,1.854292531237884400e-01
3.753271161198759587e-01,2.846180784223977800e-01
7.927341189259885512e-01,7.686325361406649570e-01
2.133550243363273227e-03,2.619854586490412678e-03
1.629092769663895851e-02,1.573904294605251754e-03
4.112637803907224360e-02,1.627625601699031477e-01
9.063841210337747478e-02,2.050441661825127271e-01
1.379976293619908541e-02,2.149364741196160139e-02
8.468298161452723904e-02,1.721184235722257247e-02
1.346753863139472374e-01,1.377312861429505486e-01
1.230070174977884456e-01,2.182642109357416371e-01
4.753220204781896663e-02,4.155195075285172956e-02
3.108426723796469987e-04,7.207900277138632079e-03
5.490070830609246853e-03,1.416974972330636027e-03
9.743205513263922257e-02,6.322755033898816435e-02
7.181569564408069040e-02,9.589378907811342556e-02
3.339178085395377339e-03,1.450987240789626889e-03
1.192874788455318830e-01,6.334065680622304184e-02
1.113552824034067835e-02,5.054780631853290213e-02
1.319236444353423243e-01,8.673154129663428191e-02
6.696682806363798424e-01,5.928234473001520177e-01
6.777864835555645895e-01,5.877309790925547839e-01
1.940461741475090207e-01,2.747431250175937367e-01
4.618466421653052989e-02,5.226088738795648531e-02
2.795183379729007048e-03,8.307404679896954192e-02
2.634992995680139529e-03,8.120204008617095976e-04
7.006019702506462339e-03,1.275883868709915339e-02
1.869145195237673363e-01,1.849018188891771997e-01
4.699617805680665963e-03,1.112066697127482920e-02
3.083644422119054848e-04,4.201106040666343147e-03
1.095342472399708084e-01,1.107957728925951929e-01
2.338450791045379451e-02,8.533348155038096572e-03
1.075625602793462976e-01,1.372097144907786503e-01
2.682769788700746505e-02,4.283037073373717474e-02
1.720494930844490289e-01,3.470056588280577281e-01
7.073868880348818111e-01,5.644928697939538553e-01
2.448928495021740554e-05,4.258347666620939005e-03
1.295296701530461100e-02,3.227100890209702068e-03
1.928689596714752708e-02,2.941789478342785383e-02
1.519942174272811375e-05,1.301182541286839689e-02
9.258889659934148308e-02,1.363199143700618843e-01
9.024702120784287851e-03,1.858484524924336999e-04
1.592126001119278629e-04,2.631509669304407919e-05
1.351173002882628642e-02,1.184846727658005715e-03
1.092127551003575997e-07,9.988074673058602339e-04
6.199210012228544286e-01,6.975389240875869978e-01
5.721613236791112111e-02,8.483046406351896218e-02
1.954961993604910331e-04,6.662765019134182117e-06
1.699617655407215933e-01,1.193708697104732125e-01
1.035950124202337326e-03,3.733427039081137905e-02
1.077144392250708044e-01,2.012899325814303253e-01
4.839555772325328936e-02,1.935992899350670315e-01
3.387953370841990663e-01,2.484253202881628875e-01
1.420139553393527376e-01,2.556146440186379820e-01
3.534963093483357160e-02,6.391005648928284322e-02
6.044145872716385343e-02,7.041977501906265813e-02
2.017205835681431733e-02,2.951201965114809422e-02
5.789779005199109153e-05,2.517068151240832788e-02
5.970824604446298145e-02,8.034371152423751272e-02
1.409705130840318860e-03,1.588079345049360838e-02
4.590990143179185523e-02,6.910214592751402762e-02
1.173320941006982532e-01,5.259302392772262358e-02
9.781540595342859412e-02,2.613409374506119875e-01
7.049035917161053377e-02,2.519063680987506521e-02
7.481269259399141516e-03,4.636448173311295134e-02
1.427836978566036086e-01,2.028128247426089770e-01
6.171925021123282791e-03,4.542759614145242854e-03
8.685017001430227201e-02,1.098316611973605000e-01
1.352773412774555262e-01,2.643039912785722922e-01
1.998745867965480861e-03,1.228780341376295351e-03
4.765375829828810694e-02,1.085559597187161773e-01
4.261063615521121228e-02,3.351558945203918227e-02
1.394815139840412943e-01,1.249754199845130309e-01
1.367916293182958598e-01,1.027363469337458368e-01
2.655408152797864574e-01,4.683782440941113290e-01
1.892686389038235606e-01,1.874082719327224977e-01
1.434156888162478050e-01,5.610528854291393919e-02
4.218119253266982005e-01,4.999129828246164364e-01
6.193252789217892212e-02,9.404090960956588974e-02
3.465458921289840243e-03,9.079160467411201071e-03
9.051596826460659440e-01,1.083652144843209930e+00
6.408874350288415456e-02,6.433445265939838342e-02
1.297436035254344866e-01,4.482273200325821022e-02
4.716680672603300317e-02,3.703570053589928801e-02
5.820350356245448942e-02,6.024035697724820088e-02
1.925020882400036715e-01,1.835820671469888532e-01
1.572282137621735798e-01,2.381981886936105908e-01
1.303970048712168629e-02,1.177809720732885847e-02
6.036377206343101348e-03,1.576198563840856175e-04
6.246269971479279447e-06,1.080554671337944717e-03
5.018182698039026779e-02,3.899323545064967839e-02
1.854104050346472854e-01,3.408113976457917138e-01
4.331900669069404554e-04,2.096752703459055234e-02
1.297722980499825818e-01,3.388442400913646013e-01
8.603756609358640534e-03,1.093829670928665558e-02
9.978724052915005291e-03,3.892527265223269528e-02
3.144909152007186459e-01,6.369477627113738771e-01
1.325008531093436288e-03,8.229749788941309000e-05
2.577498477550611497e-02,2.899644688460449593e-02
5.123351332057707319e-02,5.993349423471378695e-02
3.821192084362596275e-01,4.102227437727436477e-01
1.904454964395043692e-01,7.862875494882559657e-02
1.132123547196408342e-01,3.296927138804357088e-02
6.971376639579635048e-02,1.869162954294187606e-01
9.338296940543043545e-02,8.504002102992477830e-02
1.497961293636006219e-01,1.004039376048474624e-01
4.379092936953875824e-03,7.197094814211222767e-04
2.599353890734183888e-03,6.959578151641823349e-04
1.283703202867370052e-02,7.497453712038465792e-03
1.584434504967050308e-02,1.344487009046337056e-02
5.870289407818276572e-01,5.911413863358059295e-01
1.400637454377095525e-01,2.615577695905660915e-01
2.673169118449451520e-05,1.314425931746413890e-03
7.527980826183863598e-03,1.573427215721101211e-02
3.420585605173414451e-02,4.611202406820635348e-03
2.700829720938611178e-01,3.059653669795093234e-01
1.317606089367625525e-03,7.348372977337436392e-03
1.600065081065087380e-01,8.196867866244604561e-02
1.308649845789577101e-05,1.312783402874888664e-02
2.291905871131560968e-01,3.788037166721294202e-01
3.162319316776478484e-01,3.890945878588669138e-01
7.036216933653952066e-02,3.648889874681707224e-02
7.020916586515775493e-03,9.548232734558501078e-03
1.467243741439181459e-01,9.485724855732845240e-02
4.405281112386129350e-02,4.684703108984074500e-03
4.340225146770877208e-03,2.246204582574941756e-03
1.972863640832014376e-01,1.339945588418347822e-01
2.866811964218780873e-02,4.504595704364775660e-02
1.925047512529006744e-01,9.005606370067939515e-02
6.934778006054234667e-02,1.179608824398219874e-01
3.196144717563109694e-02,8.744536822152025948e-03
3.133869441740332884e-01,2.912397660670301147e-01
1.537940404228360924e-01,3.015003023494502443e-01
6.094926950019619732e-02,1.130487177404707749e-02
4.045050794259254625e-04,1.157907760988375733e-03
5.891889306055476255e-02,5.879187942100475711e-02
3.862978715350431358e-01,2.442611887517878722e-01
6.919410307117837555e-02,2.188372976522949195e-02
2.859013438113169533e-02,6.322203119423983921e-03
1.809626787337957621e-01,8.123302399229950788e-02
4.320910926159911639e-04,1.112726657773854128e-03
1.081353968308528396e-01,1.144145603017952539e-01
9.832854734806136809e-01,7.071070633801438410e-01
1.296305919936787017e-02,3.719201697663420628e-03
3.016782229244634531e-03,4.906936788469083190e-04
1.956354137993894238e-01,1.592023427098788468e-01
5.496870406172315454e-03,5.618169597060283408e-05
1.724163797766560882e-02,2.397680771653426177e-03
3.749945909861962523e-02,2.245783280776868576e-02
1.151441116099646139e-02,8.304371108128242099e-03
6.836121626419869313e-02,4.812643478369731803e-02
4.239088714859974398e-03,2.605105529672144954e-02
2.145383968827669352e-01,1.656239341101500562e-01
3.297824413235904417e-02,1.004464433093444839e-02
5.569336335638531976e-02,1.703456814103714023e-02
3.290572942862996300e-03,2.639130872324295038e-02
3.425152829100815144e-02,4.760182246033880073e-04
1.343194791618350370e-01,1.366711579867163351e-01
3.508751945253919535e-01,4.884632019891109733e-01
9.748309083350184534e-02,7.853928658873940427e-02
1.158001336910720845e-02,1.349167673339050910e-02
1.441720071668021845e-03,3.191789294624490167e-03
3.934743337095630289e-01,3.361694712174740363e-01
5.562939311702035095e-02,1.125638412833968385e-03
1.184661543453007296e-02,7.769222895264956460e-04
1.432439203087922941e-01,1.121075369027375035e-01
2.819298598881160300e-01,2.344296111474261368e-01
9.978431038861247659e-02,1.041173131292340570e-01
2.118300734126792734e-02,1.226825719013885374e-02
5.656698885112398933e-01,7.757354526742830103e-01
1.051424841403541741e-02,2.218045599404780063e-02
2.762799031763005231e-01,2.188161786503603767e-01
4.337208113790255726e-01,3.390559607301930622e-01
1.005822639896048892e-01,1.091400323744628753e-01
2.276258465458456254e-02,6.423900613316196884e-02
8.849001228685048070e-02,1.002991787993202100e-01
1.758584778497124246e-02,1.356278372959319285e-03
1.111987934737521631e-02,4.321345135706445954e-03
3.315234661469767530e-01,3.685288698825598952e-01
9.266608091777365835e-04,9.268119194909222452e-04
1.606680384550080998e-01,9.347120502644663820e-02
3.671546603061968885e-04,1.129966255055431766e-02
9.486587745480714803e-03,2.495458801549138572e-02
2.770341389810616062e-01,3.290038090623925160e-01
1.444516598737925761e-01,1.978149684963138866e-01
2.391334508734155317e-02,3.039913365482394686e-02
1.055299229715803448e-03,1.973787032659657728e-02
2.530811516529120619e-01,1.036169419819933379e-01
3.995560009995647970e-03,1.877317950291950744e-04
6.376284815552341056e-02,3.756343339021875338e-02
3.266726261172011453e-02,4.096440520788271339e-02
8.036568141398964249e-02,3.333998645364958519e-02
3.572912174159313392e-01,4.256801231470484503e-01
1.924459192684867303e-03,1.151269987876849150e-02
1.157542651773987991e-01,7.042223566011437952e-02
2.569261785597101461e-03,3.749353023911405902e-02
2.114620168135951384e-01,2.292234677438995671e-01
1.646641536191587041e-02,7.498502722837740444e-05
3.493862733299703954e-02,4.639287401159534335e-02
5.130046249764663030e-02,8.209838226597603039e-02
3.294284924900756639e-01,4.350282515996516386e-01
4.722814099061681953e-02,1.808797864415765191e-02
4.228915237253542264e-02,9.489004423795693866e-02
1.065557151647652731e-03,1.010027678741537676e-05
3.160856493965821107e-02,4.987728590643129151e-02
1.601282050203131357e-01,3.136359807070928651e-01
1.661590711644515272e-01,7.311294254684176652e-02
4.315990988409818853e-03,9.244642728113395061e-03
2.347700666564180860e-01,3.326543020506001480e-01
2.191597462996925857e-02,1.406005741933714394e-02
6.060438004830159819e-02,7.798056128853499136e-02
9.824162335941662508e-03,5.363490886822725769e-03
1.662106851493969431e-02,9.891598038360956482e-03
5.272039014486275092e-03,3.706458169068922422e-04
4.984044157653867019e-02,3.254446357904443310e-02
9.772689404651289935e-02,8.203909465671953283e-02
3.704902611962736930e-02,6.258882397720443025e-02
7.716867146687067525e-04,2.267718157759050467e-05
1.532054939065751516e-04,2.446630491840868019e-02
2.980850565230762708e-02,1.514639616982173080e-02
1.524298301665215627e-01,1.453256630356976886e-01
6.521470018214543807e-02,2.354508121404867357e-02
2.459215994815627249e-01,2.101337821786659621e-01
4.310094386502546504e-01,7.676551050094637674e-01
3.060017947857493481e-01,4.355177424232514194e-01
2.083741251462353505e-01,1.498778266342738474e-01
7.851860161922004366e-02,1.441247462657680722e-01
2.012128830657775036e-02,5.715595167835863660e-02
2.966262068768424909e-01,1.859489166448264619e-01
1.826602676369297809e-02,7.786102500832191298e-03
8.014478069037335450e-02,3.139258096540286508e-02
6.409978703483770746e-02,5.659562233579111534e-02
3.156866414361558792e-02,1.807567307541610088e-02
5.871552871278538921e-02,5.309864059737140485e-02
2.776203438698780432e-02,5.404376594945464046e-02
4.095637115752701618e-01,6.467788363612337887e-01
5.540478405514415866e-02,7.948707348375212700e-02
4.056741242479102172e-01,2.560685174384070839e-01
1.916188898579690159e-01,2.683930176264507916e-01
5.936375772128895951e-05,2.725935909739239747e-03
5.544993031643231235e-02,1.037928071563087862e-02
1.376141864963064954e-01,7.415040573615401531e-02
1.337853336875624854e-01,1.180000807210445507e-01
6.842043158566785133e-02,6.906149819964425840e-02
1.252413728777976021e-01,3.972502701439158401e-01
2.706183580668897193e-01,1.858811646940311813e-01
6.469117982920268017e-02,6.211379591254009847e-02
1.609025590310599540e-04,2.037000162105779015e-04
5.460588607658453013e-04,2.228119201742930280e-03
1.643311534756288286e-02,9.730756678550082570e-03
6.714809174307671998e-03,1.406129028867138427e-02
1.615861890807208656e-01,3.805158478726554105e-01
1.035714033237408347e-03,3.901005475984152537e-02
3.134820802729162970e-02,4.450199770767267887e-03
1.245745288158696645e-04,3.602118161323865364e-03
2.922238343243506176e-01,2.079565878031992554e-01
4.435033200209456336e-03,1.757874534257703489e-04
4.488008183369659662e-03,5.963043445929628629e-03
4.747417939334040715e-02,1.235154392868326352e-02
5.070452817101478438e-02,7.464846464700113093e-02
2.880086472028057787e-01,3.517948403875291175e-01
2.080149735246929524e-04,1.628241468555391425e-03
3.413606426814919659e-01,2.360691525637164112e-01
5.996669014967985663e-03,7.339992010522348011e-04
6.342712020166399456e-02,2.078874659850752371e-01
1.318407094719139735e-02,3.454211274165987916e-02
3.905126610958694067e-01,5.125840590296883992e-01
6.923166634118928242e-02,9.552542163389103613e-02
2.932041514333910692e-01,4.913174320676466089e-01
1.191025910574919772e-01,7.957441398116502085e-02
1.571952831056524320e-03,3.517423862965637308e-03
8.558257021069079311e-04,7.237144980883238390e-03
1.620674096809147091e-01,1.951925719626834144e-01
1.414690633583380250e-02,4.291007138022299300e-02
6.611836213526110784e-02,4.827259755804520942e-03
4.467936017945816181e-05,1.839942278160726884e-04
7.668675489173238172e-03,2.391642294921335690e-02
1.584760118288717212e-01,1.027139927956404603e-01
2.862037420706707580e-02,4.691982967441121755e-02
4.853715929319492584e-01,5.087297884302459661e-01
2.150811755378623236e-02,3.165090285971057515e-02
1.946374527264447540e-01,2.002547925832560693e-01
4.096909491225762812e-02,6.771223747329647991e-02
1.852990404792450099e-02,1.131506039716026306e-02
2.704253283954033416e-01,3.958082982654175241e-01
5.218814885860946669e-03,9.350414325389484055e-03
6.343921290918123901e-02,2.831880042258529823e-02
1.167450290255851904e-03,1.265734054635546868e-03
5.281753996221711517e-02,1.056235435911257597e-01
1.127953678600476656e-01,1.612657463800213353e-01
4.230769597962624751e-02,2.213218581934135384e-02
2.921120728204785327e-02,5.636411960024091672e-02
5.127795401006625120e-01,7.801563289701831660e-01
3.854272072918985524e-05,1.310390691394744400e-02
1.421319692200804785e-01,1.380785627334733534e-01
1.401987341464776098e-03,1.535597571932791148e-03
5.495977560000184226e-04,1.974695170566069524e-02
2.380964635495087800e-01,5.588427778044080529e-01
2.934758889141642069e-01,3.627117487537873108e-01
8.552246299359286819e-02,4.752535569400541393e-02
1.164818033489925693e-02,3.097905333125726066e-02
9.534781872676124925e-02,1.677947621615267781e-01
3.580553625964657399e-02,1.243271119098168093e-02
3.283034714548413446e-01,1.420728322619478901e-01
6.750054869905407207e-02,3.398633652961716156e-02
8.957534915545995423e-04,3.517735588798486229e-03
8.916964987619543264e-05,4.765949040384521150e-04
1.098376139982074839e+00,1.128287750638486520e+00
5.320171407729704788e-02,1.134510886891659937e-01
5.701653617861394130e-01,5.146691658207630526e-01
8.050166273349716739e-02,1.378875224531922183e-01
1.453614776840438105e-01,2.580853104534535647e-01
1.738404668308718773e-02,8.387586840855315584e-02
2.196566749070762992e-01,1.860447080478502546e-01
7.487482055672470271e-02,2.207171228500185156e-01
2.327360560903247999e-02,2.485454117243288130e-02
9.934981787233608530e-02,1.932064911323538026e-01
9.947940555089460068e-02,1.016267508230675604e-01
2.725536421894365988e-03,1.725231864344130072e-05
3.285260428521279141e-02,5.251908794096397243e-02
5.309571638305309038e-02,1.136909133121159210e-01
7.814838738269720697e-02,3.287909241592198994e-02
1.405100861469540663e-01,1.005161044520344604e-01
3.223906593280553498e-04,7.944656884352786774e-04
7.396917163598824305e-06,5.099579400743239508e-04
1.141173104998214338e+00,9.343227527128186161e-01
1.179313323684034152e-02,9.643419422646255096e-03
1.064993920826301788e-01,8.582903174637590560e-02
5.917527765819435761e-04,3.614458664123834999e-03
1.622630179627283509e-01,2.633771400925778439e-01
5.294775361904265716e-04,1.250044614001158362e-03
1.031488657851298424e-01,7.771536886396604449e-02
1.240396927858510023e-01,1.012019618002092253e-01
9.921110227376012461e-03,2.760036142144454627e-03
1.241394889761260889e-01,9.678029281211973645e-02
4.239834418531753142e-04,3.285430587089861049e-02
2.791845857236922336e-03,1.259870457865464900e-02
1.350095631091482451e-01,1.386697343382919945e-01
1.996778262144292271e-01,1.115815522426663181e-01
9.659274920375889029e-02,7.713564746051625176e-02
3.102393552152498193e-02,4.415047891847250633e-02
8.196165049213390008e-02,1.671196820500851221e-01
7.417282460199234491e-03,5.191025473089308506e-02
1.089284601263890324e-02,1.509914631100786088e-02
4.020643754686715754e-01,2.879585990257931272e-01
1.738721203153402152e-05,7.911136447622405324e-03
5.799087991424524587e-03,8.780728743592172009e-03
2.980756258337112150e-02,6.793202315564256244e-02
1.895081503094267483e-02,4.304022290999184180e-02
7.450252446498097092e-02,1.340808224100733803e-01
2.491006125562963414e-01,2.885163508300158108e-01
1.097824507468095172e-02,1.347449286328829439e-02
2.311234226716465667e-01,3.566136610553464203e-01
4.363865760564665519e-02,2.095257235415333083e-02
4.904898450994789327e-02,1.066680418709678169e-01
1.383153448412609288e-01,2.195366889608200145e-01
7.970685543496785260e-04,6.025968255110904226e-03
3.321961062732708969e-02,3.745654005686029769e-02
1.398465386633088690e-02,2.006091960109084027e-03
2.205994371690948863e-02,1.170436379076864909e-02
1.707365524516204769e-01,2.231196612776591981e-01
3.932781472315819045e-04,1.735202167264988026e-03
1.500084199904556589e-02,2.700867987803567613e-02
2.745927982195455197e-01,2.398129065447671404e-01
4.250577455973584586e-03,5.601314256977043410e-02
3.414169880619975089e-02,7.144135826256006565e-03
2.929320103068120407e-01,2.678968787943503127e-01
1.168455163071841114e-02,1.791815415280439971e-02
7.794697025882378616e-02,3.239688846301796293e-02
4.562923294524514478e-02,2.798527350740266303e-02
5.274788436746481457e-01,2.819849779393310829e-01
1.681657948351399394e-03,1.614459290797963520e-02
1.673396950246211837e-02,1.494628310832286922e-02
3.601419825690384546e-01,3.154103119797216914e-01
1.905383096593612213e-01,3.502180426253870826e-01
1.637009901505195181e-03,3.612665776622045032e-03
8.552357117152402377e-02,6.950726291351150277e-02
4.650103230834429224e-02,1.093573750323481725e-01
4.086604394117776540e-02,1.115245230010452129e-02
1.115168355092822482e-03,4.788015934658107486e-02
1.683808508404997101e-03,1.375594668143086639e-02
1.160941210056271877e-01,1.558708818098630267e-01
1.808752104861795773e-01,1.423425509719234983e-01
1.505723312509744602e-02,2.900118852773524852e-02
2.982586444304549667e-02,1.932563790767009154e-02
1.210604086482922892e-01,4.145270050887028823e-02
2.287893118633254827e-02,4.243669471211005371e-03
1.208878108651496447e-01,2.188134440240637191e-01
1.477390514879834416e-01,3.083646289665391005e-01
2.062265241003614219e-02,1.538702934133814350e-02
3.117917642609936008e-02,6.141877331250342707e-03
1.977424919240187706e-01,1.229029763170682021e-01
3.480159290149218484e-03,7.201686237905779824e-04
2.269807193533729672e-01,1.309411893607361488e-01
2.487604350802072664e-02,4.149806267771764812e-02
8.168517096861575844e-02,6.058158357310820807e-02
2.611354753526198280e-01,3.153968090355155351e-01
2.129856107022023645e-02,7.207702641983869396e-02
5.265689420609315913e-02,4.652785737302478353e-02
1.158992555677655954e-05,1.999608727057837487e-03
1.048122447622021614e-01,7.152871078583045161e-02
1.016626797200297820e-03,1.813872193261004866e-03
3.117101490129055574e-01,2.398383218727427879e-01
1.495545510197964639e-02,6.810866996997684553e-02
7.094593830554429825e-02,1.041361377005123739e-01
1.941490248450529477e-01,7.797700586462050221e-02
8.679314671454158372e-04,1.077836834554216531e-05
4.634740038231889292e-01,4.837534100025988604e-01
8.272432404884437420e-05,3.712688043255898268e-02
5.339227004357318535e-03,8.550987714351945823e-02
1.316249206608280653e-01,1.515567214259470885e-01
5.986576773183228950e-02,6.432579535005598925e-02
1.592983112914741484e-01,3.380592162834766823e-01
9.218581601679010085e-02,2.577129642487279229e-02
1.461483620635199189e-02,3.230757548101673843e-02
5.167612864523994654e-02,6.615516721642986098e-02
1.944918992313506012e-02,9.157475896848427110e-03
4.611397879928311877e-02,9.013482499441359541e-02
1.789714773835885120e-01,1.767680429137545861e-01
2.905373246920971986e-01,3.380357924039497086e-01
4.993078157289296271e-02,3.724246434383107762e-02
6.372403970108871281e-03,7.928483754600050906e-03
2.012259994259607207e-02,9.039904650858844593e-02
1.699736214943081969e-01,1.791896693043110167e-01
8.780867872739267906e-06,2.218494663389595709e-02
5.353422153850943138e-02,8.283877746795061808e-03
4.201022892435930106e-02,5.564414940147197237e-03
5.755203112434913865e-02,2.048086059953220794e-01
3.465596704226199254e-01,3.824694957049372124e-01
4.061493110137150489e-03,2.369325008193752524e-02
4.421360669717842168e-02,1.252391394561454437e-02
4.066332463795741536e-01,4.267706092299573539e-01
3.793879903206962695e-02,3.798611472583724585e-02
3.459454476594987782e-02,3.099146962296270291e-02
5.864501019769201295e-02,3.737761690938921216e-02
1.032242699611263595e-02,1.379791857103070639e-02
2.697887861671611764e-01,2.835613299608821802e-01
4.751853491273627141e-03,4.217458176025998586e-06
1.221789681042202529e-02,6.641216938095645568e-03
1.563207365773800483e-01,1.179626626705016362e-01
5.895105442159987753e-03,5.381469822504540701e-02
5.467161190447723113e-02,3.205257775096722467e-02
1.969987258231522750e-02,2.748789102035614947e-03
3.884321097813289627e-03,4.285363888011039200e-04
1.288780670623826223e-02,4.805758424327670475e-03
3.500998429308401771e-01,3.652816696865117674e-01
5.108840987313043036e-02,3.687220887696766869e-02
4.938357839044205805e-02,7.589751404859194917e-02
7.373773421199443512e-02,1.506113031372211149e-02
1.347357361867365828e-02,4.012005533254276585e-03
3.579282279460294092e-02,1.278487263834938124e-02
3.378089383598412154e-01,6.040764941854497305e-01
6.960856527617961809e-02,2.031694666673221628e-01
1.357074019118291175e-01,9.040544846752292252e-02
7.719783300592500397e-02,1.000428870733101328e-01
2.599110334978279777e-04,3.208936101340288498e-04
8.532437954724397811e-02,2.189265550776957336e-01
3.046943254818387237e-01,3.374979906878773361e-01
9.287302179108257449e-02,1.923442016187779657e-01
3.558461092191821384e-01,4.086597998562271350e-01
8.031465938489652789e-02,1.885638492576602321e-02
6.283148609650397731e-02,4.591826737072565029e-02
7.359037913731138192e-03,4.682165992570661364e-03
6.831958102442450276e-01,6.877161523280788114e-01
4.348051786587819531e-03,1.603895283954199016e-02
1.742407781299234364e-04,1.127330531099859055e-02
4.247620945311624679e-03,6.689044454176344690e-02
1.322405237650836896e-01,1.319400723615713755e-01
2.718361756112761540e-01,5.654126076985733773e-01
2.493437047004330998e-01,1.707665044643053576e-01
3.054820450379198138e-01,2.654278891123661999e-01
6.393641395169265274e-02,8.296648627374635099e-02
3.744341594982780047e-02,7.066886960869874640e-03
8.545379950399712164e-06,1.286061919071753617e-03
1.659496572687174654e-01,1.076026349666633075e-01
1.233655906219453216e-04,4.107638179427980439e-04
1.670328108564807512e-01,1.628866652526545777e-01
4.134405431794846431e-01,5.482381015684724135e-01
9.193429495605041912e-02,1.243795195223000999e-01
1.704497942825626555e-01,1.528989736017704604e-01
1.029109676019485664e-01,4.382490699996399036e-02
1.232736138491520757e-02,1.458369755251574459e-02
1.607625707412531704e-02,6.314264668859961849e-02
1.554067019576809480e-03,1.949541867760605168e-06
3.230466347968075774e-02,4.980108014023719269e-03
5.996652663153204804e-02,9.670073142992086090e-02
5.296267185018667389e-02,6.855044778172288134e-02
2.539305275980595356e-02,8.749358183212428697e-02
6.466014016654972330e-02,1.396969262377862897e-01
4.952673101428741176e-01,6.243327614376813495e-01
3.500660409672881179e-03,6.203520886513472351e-04
4.904697667798827918e-03,2.576291511795801570e-03
7.382672367230090626e-02,1.299769297439670457e-01
1.727351234933529461e-02,7.775846732830736519e-03
1.209542924184803855e-03,1.486546429305521519e-03
3.572623185146773794e-01,2.667629549284133428e-01
1.289005524028294684e-03,6.385004087294296471e-02
2.234098190691203439e-02,4.306269548055752239e-02
6.426067780559726814e-03,8.274056641146616820e-03
6.636808983039965693e-02,1.447437376094756756e-02
1.256462847913192467e-02,1.242775840114340551e-02
8.689641814713349854e-04,3.276881977088701332e-04
1.972538055785429401e-01,1.903495456693672649e-01
1.363051496003239993e-01,2.840863531457357705e-01
9.472778054819742943e-02,8.950741732611411372e-02
3.029595037997433460e-01,3.055790517812619900e-01
2.960133554733472283e-01,2.500392717541109477e-01
3.171344035176622000e-01,2.077027137413174629e-01
1.456827465742880495e-02,4.088399674071592428e-04
2.343296235184935683e-03,3.596456226834356031e-03
6.971559804598327637e-02,6.428719460740753289e-02
2.894496065116275441e-01,3.296953439263630714e-01
8.810495847692778604e-02,8.633426861472964786e-02
1.180448189082301674e-01,5.031032182756165622e-02
1.285204033992590755e-01,7.170214853456054194e-02
2.319309490764195902e-01,2.552862613154456284e-01
2.231365363152207422e-05,2.005063283662919180e-02
5.309072217693845686e-02,1.265792082558687415e-01
4.488353975781474007e-04,1.798652172332574403e-03
2.580252681930881014e-03,2.622491201350629977e-03
9.100066915657714639e-02,1.078852639082709258e-01
9.792551848515974097e-04,2.440856386593783997e-02
2.476833681527152997e-01,3.099687090722808014e-01
1.412729793451513172e-01,2.119346530645866977e-01
4.684755774353649427e-02,2.333771495974486243e-02
3.910543893755955569e-01,4.965231403328320137e-01
1.865498591360430780e-01,2.768405226702232991e-01
5.304182412540766473e-02,6.644360529010183425e-02
7.918224234142673401e-02,2.891421246448672711e-01
3.577920166754227499e-02,2.940503872246574141e-02
2.456323247055679920e-02,1.169220042922922663e-02
1.000366335715340699e-02,1.153660496442894782e-07
3.889977768971641381e-01,4.122485854841104191e-01
3.617194114540472211e-02,9.648399907951386856e-02
5.127694596977194763e-02,2.398773907931752575e-02
1.724934165271127529e-01,1.251856254960276305e-01
2.133319015939807162e-01,2.201968205830086844e-01
3.219033329183403347e-01,3.763427979593459427e-01
4.360048087968690922e-01,4.615314132786447199e-01
1.426274860176259540e-01,8.261604543778795773e-02
4.951793196319118073e-02,6.635246684555809460e-02
8.310109929909206480e-03,2.067023508642575752e-02
6.132191236110992039e-01,5.885172206057409650e-01
4.839331001409030719e-02,2.778193065047911137e-02
1.032000337054135228e-02,6.707007298521533954e-03
4.164580441246963638e-03,3.891710079386487015e-03
2.854768746983103456e-01,2.101086611133878568e-01
4.263321331359608626e-03,2.535664337145722078e-02
8.990043082829014820e-02,1.167087264887800707e-01
1.175797993821849378e-03,5.912089135066959418e-05
3.708807969700577550e-02,8.210341630744509567e-02
1.288499290599724734e-01,6.295463420012015199e-02
3.515376628263728112e-03,2.959741032834702594e-05
3.979075939350791048e-03,1.142323040954413074e-02
4.226830447438244959e-02,1.588999175881442016e-01
4.249404643396467209e-03,5.185716298173183997e-03
1.063421049020993586e-03,2.936616605592045660e-03
1.632743766332794486e-02,1.579053816117119977e-04
1.522570767405767578e-01,1.296204990423061032e-01
1.601410805803243909e-02,5.641631964884958467e-02
8.407413663990679145e-03,7.149776603144041703e-03
1.506034121820741811e-01,1.788390420840522133e-01
1.168826712488921504e-01,1.511688428185966326e-01
1.024708334258831316e-01,1.156917084441450722e-01
1.849248290397548233e-02,2.897353813977561823e-02
5.014522419809734621e-02,2.211151643767346811e-02
4.243195940356946083e-02,6.149939828717088976e-03
2.382937782127881026e-03,1.594673749408917832e-02
3.745997136619230294e-03,1.513231330937744694e-02
4.078113329242944590e-02,1.243613433816725816e-01
1.753538219369039364e-01,1.471080126816187716e-01
3.027399892257302549e-01,4.029782560472207065e-01
7.359708745591055437e-03,3.816890190936417238e-02
2.283967259246100310e-03,1.158005024255990764e-02
2.047516213121682027e-01,3.438636459848676274e-01
3.127022113408111596e-03,2.941274960510366701e-02
3.507365510743769010e-01,4.168904019396687533e-01
7.532088427503584767e-03,2.806959598773403185e-03
4.542095044928369518e-02,5.947031153465241748e-02
2.198675517757243125e-01,1.900632687000670118e-01
6.851015998292522662e-03,5.874837362871363974e-03
7.487938424545413640e-02,1.160494927913678781e-01
1.953582944104922600e-02,1.863870664764344376e-02
3.423443400657458918e-02,3.597885055107411661e-02
2.825821614648796679e-02,4.686162596814040515e-02
4.491012873555272344e-01,6.169866919124344928e-01
9.668318289717772185e-01,8.498981115088876104e-01
4.176679493003686468e-03,9.564420140525748066e-04
1.949964830685363970e-01,3.188828089244719610e-01
7.449348220846585544e-01,1.075570599301043595e+00
2.322356493274664035e-01,2.686621050151390411e-01
1.329026397695622363e-01,1.466611342769076065e-01
5.386118107653310727e-02,5.829169462750335290e-02
9.749747403577450552e-03,3.898548114394404917e-03
3.542056259903089699e-02,1.862728378207228249e-03
4.610374790195892469e-02,7.821231237327722075e-02
9.454272212203048645e-04,4.648216360756420723e-02
3.884629396280079444e-02,1.729673165125920203e-02
7.034816857625625364e-02,7.136231129934383910e-02
2.864842191159087514e-03,1.520437837616111197e-02
3.599753345631540730e-02,1.484024472465335885e-02
4.149121459594239114e-02,8.800428846073117539e-02
2.221224191928495187e-05,2.670313387923620423e-03
3.627169519238854136e-03,2.426910791004362536e-02
5.217404464956921194e-04,1.466879962923343852e-03
4.834002062792623969e-03,8.808613751945460618e-03
4.582504783742261482e-07,8.667610455708773740e-03
1.015235849530991483e-02,7.668832244959704336e-02
5.831942001720641323e-04,6.276827513332360357e-04
1.755125912214069717e-01,7.362344394622254151e-02
5.485062326537013672e-02,1.407630890984114432e-02
4.136842288460598066e-02,1.502466642701925231e-02
1.556979156575667337e-05,1.074031283738416040e-03
1.030342883864961562e-01,7.062616252454397003e-02
6.038983040661154433e-01,6.488018763701086655e-01
4.101796716056812370e-02,7.406437285659443759e-02
8.169516570645884643e-03,2.293915103665091285e-02
1.263296819518508994e-02,7.623838641753648455e-03
5.036832921729879342e-02,1.513978385225270284e-01
6.685772726011985322e-03,2.974517505537982117e-04
1.143562063365290843e-01,1.995422809636485661e-01
5.356114305593654692e-04,4.082368753093865155e-02
1.080057448480856719e-01,1.345749234703266795e-01
2.484017058166089476e-02,6.002162248173220811e-03
7.024776464673868548e-04,3.240550272431906272e-04
3.469609630683143965e-03,2.034612513175749690e-02
1.096560923507559626e-01,3.136847301102742291e-02
3.317576715870086956e-01,4.964082090677122694e-01
5.866729572626255829e-01,8.163522414696005036e-01
5.356379164521159197e-02,2.805677612548939104e-01
1.570971550708788744e-01,2.648662230066805012e-01
8.359340506444880303e-02,2.775541070692077311e-02
3.508560099006886174e-02,3.465087307291597751e-02
4.317249002323672036e-01,5.467343880696688974e-01
1.168771999618965426e-02,4.845280960325108585e-07
7.050679539870867429e-03,4.881942627013096184e-03
1.949322558972117151e-03,2.457166045073833766e-04
7.648239977597174472e-03,4.096871487511915405e-02
9.177067185750577283e-02,1.082030307342570219e-01
4.606632170208050173e-03,1.102196362159704701e-05
7.174881917510528284e-02,6.407768356998880255e-02
1.984920722991127470e-02,1.718283695909678457e-02
1.011188007273848728e-03,3.995932232922203876e-04
1.158472849419508732e-01,5.141758592854978743e-02
6.420064129312168244e-03,4.286278228914830457e-02
4.366486927079724772e-02,2.160735716377872040e-02
1.230253893487019690e-02,1.524706377717861307e-02
3.725443926311354514e-02,1.160867606956634268e-01
8.340557911047813411e-02,5.487585251727051389e-02
5.437046251661211554e-02,8.017293325836462314e-02
8.648950290727178136e-02,4.262470628422179025e-02
3.629424923460132513e-02,7.722738830252880160e-02
2.953505248957554175e-01,2.678692223145329177e-01
3.306544141699484414e-03,2.230115859993630351e-02
1.291496237676249879e-04,3.087027530097784245e-02
5.495438757198147645e-02,2.324937913510718643e-02
2.512860312192846668e-02,5.580549870129971474e-02
9.882117819974739481e-02,1.985423301774762450e-01
2.671635782775684531e-02,3.870080015582302163e-02
4.586153502315191699e-01,3.947822304521388936e-01
7.259483706391353652e-02,2.458111872801656272e-03
1.594474551315469319e-04,3.359096408846898307e-02
7.043951163595529863e-02,7.990289809372622121e-03
2.249442464276979470e-01,5.859771464207053776e-02
1.237517041339536265e-02,1.994885128862016951e-02
8.043372395108039363e-02,1.419564777867383110e-01
2.022240543860562845e-01,8.879600777033466730e-02
3.131805402976466923e-01,2.395016513009216308e-01
1.114593381589457505e-01,4.479761292481065915e-02
1.671487789753060282e-01,1.478719957862118795e-01
5.931738176806796575e-02,5.281212411894088687e-02
1.276126738364471436e-01,1.332557096717002509e-01
6.093441766417957532e-03,1.950586372236055507e-02
3.253051417352243596e-02,1.676110527662462782e-02
7.572392281000934165e-03,2.251393316817124068e-02
1.054949162502902531e-03,3.020809523980569691e-02
7.754248082261777641e-02,4.113813540451468492e-02
2.235663568070360931e-05,1.662509980421122621e-02
2.204866116657175877e-03,3.919606318106094722e-02
3.847509173339403593e-02,1.194803008396730232e-01
1.099989718402442571e-02,4.290388729196811801e-02
1.536139722051829519e-02,3.215353454847229980e-03
5.237847595710101167e-01,7.182659640088561170e-01
1.385059025400875747e-03,1.362424260247331598e-03
6.683217472267734445e-04,1.720601266224627487e-02
8.764972292554744360e-02,5.761395391868112670e-02
2.725504732878586411e-02,1.861676176314965570e-01
1.525604879286926174e-01,1.498794749731654496e-01
2.236852857471259837e-01,1.930404203441213329e-01
1.444354820633348834e-04,1.942069525436317980e-03
1.382165575364284471e-01,1.698963753878515726e-01
1.351144317317675911e-02,4.786177705290865780e-02
3.453796046091379274e-02,1.652278102161719442e-02
3.667318323324534474e-02,2.758329302777524222e-02
1.779516026256977579e-01,2.238520117492153183e-01
1.786376010638471290e-01,9.679960750868540909e-02
6.253068856712834522e-02,1.184841099139868487e-01
7.803123722866964988e-04,1.775009265970528896e-02
2.650842123248434070e-03,8.879647214347934428e-03
1.513821124332998813e-01,1.626076103284810823e-02
4.973788215622133163e-02,4.012301233924808058e-02
1.517855487013456961e-01,2.219355683255876122e-01
3.361679016318479540e-01,5.082625722400195833e-01
5.059157749980610630e-01,5.473176078068625605e-01
1.002494398372438117e-02,1.472963328574216670e-02
1.200531024118880019e+00,1.310291543803573822e+00
9.023489148780282354e-02,2.130978574253216684e-01
6.439884901801450068e-02,4.836590521599205827e-02
2.805398240926869624e-01,2.429682625841568244e-01
1.524416872786070465e-01,8.186268489038356355e-02
3.033070424480754576e-02,1.199841236873007422e-02
6.062208677155756648e-02,5.651630329207243952e-02
2.806262835441127867e-01,2.690971148807935753e-01
4.246304449540332787e-02,1.263785888351223914e-02
7.287570444785795853e-01,8.531878258663856407e-01
1.313134907213297509e-01,2.425236622348849458e-01
1.157626359319857343e-02,1.159144689007801741e-03
7.226043586328965117e-03,3.976658873314318360e-02
9.907921083613140112e-02,5.810367997630477149e-02
3.891754695525948449e-04,1.771663331306903844e-02
2.060158285639453538e-02,2.204215070731728107e-02
1.254001043356781087e-02,2.018518051858824228e-02
2.019024007920986463e-01,2.645378963577246223e-01
1.434258204728198205e-01,2.365694373256115868e-01
7.385124496918243388e-03,1.609479123655734728e-02
1.618951837880263159e-02,1.865521922359879639e-02
1.487400516445700621e-02,2.817186484587025710e-02
6.905593477265935774e-03,6.018311272757327776e-05
6.637549101117355688e-02,2.254525788185807456e-01
1.161075770473795898e-01,3.708344575205151789e-02
7.414910109788119819e-03,5.060125053685196432e-03
2.727725649746103875e-01,3.668154895687909534e-01
3.525964998742264073e-02,5.959898450412818953e-03
3.317870985393590183e-02,1.697297668553606961e-02
1.374551921051835220e-02,8.169995141466766808e-02
3.747528882131052064e-01,2.585411735248125953e-01
7.034748150052061444e-02,8.423487310794012389e-03
1.740631822674157114e-01,3.518593758731824450e-01
3.671663929742457477e-01,3.699216253714391889e-01
1.685458631038659269e-02,1.132759030278144563e-01
2.541362876431849660e-01,3.519700291615142085e-01
6.966346171079557635e-03,2.238540425470574805e-03
3.672693486673599406e-01,3.120218520438096665e-01
2.613817581658997580e-02,1.879562390090477528e-02
6.381104840083172414e-02,1.819678670114024260e-02
2.812179965531731111e-03,2.547806891929801833e-03
5.330805496351596895e-02,6.975615545991468991e-02
3.505144407729186840e-02,3.248493520015539870e-02
3.354241632112385518e-02,2.965156584759166131e-02
4.278741207112661272e-05,8.039882762545269915e-03
1.821545463007248344e-01,2.222977632636713996e-01
2.025164480160572891e-02,2.615996002018076451e-03
3.302126575825592436e-01,4.442543705457867032e-01
5.808483717785035277e-02,1.136594307155721906e-01
6.123923689830174100e-01,6.758741366242845272e-01
4.829924133160562634e-03,5.679603304343206833e-05
9.375863362828029679e-02,9.302596621307919478e-02
4.080078519920697644e-03,2.598410466945218558e-02
2.503544259911374883e-03,1.584408832884835402e-02
4.296387786584844604e-03,1.353231298719860705e-02
1.813513934989173515e-02,5.116880007660000538e-04
7.927720321806580595e-02,6.629223869466716046e-02
1.375041826758394425e-01,1.617498847034287424e-01
1.792922286955678235e-01,1.787406631752197772e-01
3.060514827943877636e-02,1.219991403917034326e-02
1.813886688509461220e-02,2.428540479398642610e-03
2.015887816397790924e-02,2.560647796073590998e-02
3.108278203584041027e-02,3.546922132013451134e-02
3.993901338935145762e-01,5.204288345796327375e-01
3.714052130508570526e-01,4.970328073369469357e-01
5.190701322664719591e-02,1.216803922843228830e-01
7.814867579267482369e-04,7.433801176972520269e-03
7.295956465947006815e-03,1.226260570300365636e-02
3.665652597081098685e-03,1.731852237886470289e-02
2.371593312907056272e-01,2.504874045136224470e-01
2.676102817109802384e-02,1.844168922315218102e-03
2.753549593690116093e-01,3.023504343084815749e-01
2.054341415788831643e-04,2.536827322696112372e-02
3.657364201266352088e-01,3.605567344815765463e-01
9.747753531860435527e-04,2.145058305393043180e-02
2.648661647235988834e-02,9.965685768178850993e-04
1.757746231425654166e-03,5.541256809613162582e-02
3.008092471194958803e-02,6.254519469385799724e-02
3.895106249479455829e-01,4.136519118535136874e-01
2.069357174119628440e-01,2.941564240459557666e-01
6.105298017930004678e-02,3.415653430982063671e-02
7.412849752060692021e-02,7.807281147666018939e-02
1.111514469669239126e-03,8.669750456786635973e-02
4.579426754553540813e-02,9.486163034116967818e-02
1.460034800341860088e-03,4.554150126920379453e-03
7.465589101501543534e-02,3.259408923558174825e-02
5.795350038123550096e-01,7.563751871341101163e-01
1.439456871994568565e-01,7.036564745170550972e-02
7.772307650434162607e-02,6.043493220835208235e-02
9.348038837083596370e-03,2.370924350166466257e-02
1.055680291700284018e-01,5.201921218895869115e-02
6.164963346443111912e-03,1.441011557585737159e-02
6.325040241162352417e-02,3.040624290619325584e-02
1.635355295094776881e-02,2.490731265718932122e-02
4.059025123973561411e-01,4.718042728904491279e-01
4.874369532945317142e-03,1.080855946061182876e-02
4.760505693178713749e-01,9.627256983999354922e-01
9.807527105863668437e-02,2.340714950681794249e-01
7.056827455501300805e-02,1.117286600157415960e-01
1.178557379848366345e-02,1.633597651048306933e-03
8.382637165794773471e-02,1.112617527754838909e-01
3.025510745523358677e-03,4.326595202878799618e-03
9.157971453027631548e-02,9.604140739050907871e-02
4.481559122722962411e-03,1.632121821751288462e-02
8.446862741272860575e-02,1.379544924228234548e-01
1.049669152518447168e+00,1.018050262311065213e+00
2.119063393835608679e-03,1.262168690789369413e-05
3.137999703481307578e-02,2.362050682022763526e-02
1.502222072668223454e-02,6.305456824538784033e-02
1.004794715295786491e-02,2.225453729791658161e-02
1.488788683908491561e-01,1.888115727157043677e-01
5.808602767208613862e-03,8.912365427897984624e-03
2.183956481234625038e-04,2.888333399971489395e-03
2.361168447005077345e-02,8.461646784086890652e-03
5.806170236282084396e-01,1.993793714996864030e-01
2.224716795647016868e-02,1.223473685375185520e-02
4.877799685984800931e-02,3.938803666657885588e-02
1.004237380900067783e-01,6.992581255456883915e-02
3.111632984081935671e-01,4.177041004228193022e-01
1.689005973238730859e-03,8.462795714424787077e-03
1.890739073602452566e-02,8.546299056693089369e-02
4.791157381561603201e-02,7.831392763423836167e-02
6.205021036955089136e-02,5.294490876254677111e-03
1.418512134824447208e-03,1.471073889156811155e-03
8.248588665925838618e-04,1.095252347474460293e-04
3.213824030854244614e-03,1.390488325107925617e-02
1.532966961416342994e-03,1.601295654116169408e-03
1.583957673433243970e-05,2.375212539505126841e-02
5.431940157813623660e-02,4.631937446785478613e-02
1.660229394294268634e-01,1.685106956725046512e-01
9.927939750427121693e-03,1.184648332672004478e-02
1.213467009674650508e-02,2.698240290743702738e-03
1.367185022889021769e-04,3.235355219043169889e-02
2.546236469334942631e-01,3.206809954163447607e-01
2.195664584934712595e-03,1.336012140504969775e-03
1.228853513944555553e-01,7.331401127329814638e-02
2.428646429704438559e-01,3.318292470761072255e-01
1.333448816144762114e-02,9.767749650442924397e-04
1.126269292704126443e-02,5.634115516040090303e-03
4.832298550374088814e-02,1.138296300253268667e-01
6.610858376609464460e-02,8.535247591703541692e-02
3.142032079790138543e-02,2.465306192479495284e-02
1.886818763490731229e-02,1.040439662009266623e-02
2.847926227893348150e-01,4.711659779242843848e-01
3.621128940632398208e-02,4.136529360385696880e-02
6.290072173423970348e-02,4.591149709480258495e-02
1.130329217114414177e-02,2.802282712210952750e-02
1.529844415480147157e-01,3.933231713371049265e-01
6.198276057328408473e-02,3.981387282887859785e-02
1.873258421871916435e-01,2.224597853982754336e-01
9.170919940847563345e-02,1.517299236412318897e-01
5.439951595580474857e-03,2.107700459384387250e-04
3.175225868882302314e-03,1.085215455375820523e-02
2.622752724493056589e-02,6.264156400433422422e-02
1.458234858448686777e-01,1.384991634001745964e-01
4.028794623573620295e-03,5.962910956562086570e-03
3.436729810539515539e-02,1.554900688068859907e-02
3.192327775113360986e-04,2.524070174111086098e-02
7.538906787018116729e-02,1.826937855459347115e-01
4.505726192790308199e-02,2.751893040371886871e-03
1.211928112674651864e-01,1.227356477898510906e-01
1.630854774695488230e-01,2.298257574132933634e-01
1.770378063517578387e-05,1.574382741707904335e-02
1.571075906820389514e-02,4.329307041518423715e-02
1.301063038306999632e-02,3.777270049287930614e-02
8.152495124816340477e-03,2.147072823717747006e-02
3.764240934701978958e-01,3.004110429895326395e-01
1.738888430896767534e-01,1.684798206325833214e-01
7.349677917041914921e-02,6.095814047898475557e-02
3.741379210689436130e-01,3.995417831871880820e-01
2.254898788524763983e-05,1.923054005916123273e-03
8.135749477701841037e-02,4.169757720467787837e-02
2.533887319422822304e-01,1.245064564434864157e-01
1.000376337733968335e-01,4.307368224482639035e-02
3.722089980677428843e-04,1.124047151340519957e-03
3.177834765378221779e-03,2.491888311390935001e-02
3.442988983884817666e-02,1.443453153642122178e-01
3.980705576403316681e-01,2.892688994695454818e-01
4.204475308868955291e-02,7.747099840831439543e-02
1.496471209561632890e-02,1.116921289012817037e-02
9.769475255170202710e-02,7.984181270967397048e-02
1.582022705165215259e-01,1.059133505273133352e-01
1.463079758872310072e-02,5.557913546839283320e-03
1.909369088017484617e-02,3.907575358843091984e-02
2.111443854141293874e-01,2.519300390375882603e-01
5.827537914716673234e-02,1.233972493489523536e-01
7.819334460293333663e-03,2.602857526725205900e-02
4.745694603629287828e-02,2.965193619019621321e-02
2.437332648877478247e-01,2.312709636654312895e-01
2.050250525395110879e-01,8.612163127795462170e-02
1.861737598004785475e-03,4.142770746749551564e-03
1.688518386205375714e-08,6.086662492267052270e-03
6.399412804357172170e-03,3.672940143115207970e-05
5.541080697339276911e-02,8.880990194121765602e-02
3.960964118800332501e-01,3.877655748219578369e-01
5.055853154262053284e-01,5.774285624281870755e-01
1.690260776181103652e-01,3.025625071535859023e-01
1.044174357123666963e-01,6.210221775334569261e-02
1.403208301859170393e-01,1.757930179429604556e-01
1.837849577044660442e-03,5.331901915051115437e-02
5.635865680170259323e-02,2.543241391453512565e-02
1.558765579577390814e-01,1.840380944507993000e-01
9.164819593114270635e-02,7.540483869561170893e-02
2.829011807878625828e-02,6.094690607274168975e-02
3.371754054773509063e-02,1.601825268821317205e-01
5.072164799751757540e-03,2.385843366220231129e-03
3.554768730276436917e-01,2.879473135466399936e-01
7.386786894820773774e-02,9.067325398328431041e-02
4.806688287915465985e-01,5.940758301979626177e-01
3.672479590919047829e-03,1.543497494073532098e-03
3.916008667356777814e-03,2.115708902455606596e-02
4.839101503741078530e-03,1.303256111042017573e-04
8.387211935234358646e-05,1.078740429613628650e-03
7.579902030034388338e-02,1.646947607530092894e-01
2.032960293202620491e-02,1.247491571519895592e-01
1.344360557305341597e-01,1.504591574661237330e-01
1.320678233116892031e+00,1.510612772030925255e+00
1.913169805750375430e-03,1.734911954237252155e-02
7.559110670705326829e-02,1.136966407011080205e-01
1.164793367166280791e-01,1.651932884586047035e-01
1.843801266689891194e-01,1.860030318399158444e-01
6.821928652829767348e-02,2.567202482798278465e-02
1.160180491614788700e-01,8.858292883239587967e-02
9.955896196165048284e-03,8.422569116922341793e-04
8.801230248999666536e-03,9.315570115587498354e-03
2.611391293168801534e-03,3.188854680623037785e-02
1.386385909293325232e-02,2.600842142600697307e-02
7.362861466983487702e-02,4.290886311594981073e-02
5.855514634695570221e-04,2.663123458851471021e-03
3.256072120299561834e-01,3.952719736567023023e-01
1.011152368883772024e-02,6.244832757783075512e-03
1.986034631461942868e-02,4.723622494267575023e-02
5.572646607982233435e-01,4.067486463263765284e-01
2.297879720058496750e-02,4.335063191024673274e-02
8.726616657725616729e-05,1.163484489345130093e-04
2.294172817183838808e-01,2.739810828839992496e-01
1.937340285542552276e-01,2.067110656353577103e-01
2.624093543144868645e-01,1.529375837317774045e-01
2.781512779431381810e-02,1.400340975951363809e-01
1.730833736531920200e-02,1.165544058886905550e-02
9.878568747585165545e-04,8.900208553094432831e-03
3.201523593262885214e-02,1.979252991035889211e-02
1.562813697493275946e-03,1.042672044903867300e-02
5.287538743769331327e-03,4.297707470060206474e-03
2.789539535595280968e-03,3.121196142127184020e-02
8.155848041345628574e-03,2.155459823549788281e-02
4.946194482793718483e-02,3.501872485834259252e-02
3.119606101494535894e-03,6.241855122201425340e-03
2.287708585629815231e-02,4.231113434419414392e-03
4.477879076284250331e-03,6.927972795148088121e-03
3.459840922276437303e-02,8.443302469007790689e-02
5.967168118172926777e-02,1.457245757681979170e-01
1.631032821343010239e-02,8.627998329775069886e-04
1.212264408019872046e-04,8.352329856934624305e-03
2.001911796324087056e-01,1.450966370676032569e-01
1.135018526551552082e-01,2.772098240509653089e-02
2.588016399289187475e-01,2.815407860295795484e-01
1.181592212365401989e-01,1.295868616427491293e-01
2.626705007476393128e-01,4.540190874512282648e-01
1.632795411102236013e-02,2.579415615138661629e-03
2.170905056508729836e-01,2.157931481256744333e-01
2.736551322469732428e-01,2.258555449699002071e-01
4.319085498579764565e-02,7.718806484303745996e-02
1.091365365357778311e-01,1.398249154082689960e-01
1.018003884751141896e-01,7.504679662345832558e-02
2.785283118415747272e-01,2.049569134592748865e-01
1.539750505573787287e-01,1.863401986588261172e-01
1.625259926494949658e-01,1.591193077790016563e-01
1.258436546067066286e-01,1.528117960819951604e-01
1.886914308047611399e-01,1.318852326164542954e-01
7.363734020715646811e-02,2.494041831678216192e-02
4.219292297745513842e-02,6.131943947219181679e-02
5.303199501434020151e-04,3.810091188935661038e-02
7.090535667786643237e-02,6.900247581870826152e-02
9.555135736896119402e-04,2.855008206000988341e-02
9.497988129640047572e-03,3.369567699271016487e-02
7.138534527139467345e-02,5.653094019315810237e-02
3.193426297056155549e-01,4.358425264843700520e-01
6.379807547814787816e-02,3.846859634307507603e-02
2.498002614463371712e-02,1.293280357424405475e-02
2.277924933064218518e-03,7.398903702993449988e-03
2.042281833448195832e-02,1.355919253205360372e-02
4.089060550732362255e-06,1.486082394652625017e-02
1.789210583889309925e-01,1.497559832236859956e-01
2.039362203076379443e-02,3.246436764359673932e-02
6.566458270842711600e-04,4.731148019735455582e-03
8.590269092866075207e-01,7.707941377943815509e-01
8.510735846327724397e-02,3.333845069394258259e-02
8.114515450450977552e-01,6.852218990585693392e-01
1.547037304454572035e-03,1.298102642976902657e-04
4.149043241744686944e-02,6.336082264897886437e-03
9.118075982183169656e-03,1.946391474425993029e-02
1.181556635310843789e-01,8.156833432771312675e-02
4.573582376644313302e-02,3.584596227450778660e-02
3.852851837910657978e-03,2.804107502290505496e-02
1.913293823357859261e-02,7.638489088164440721e-02
1.752214370954596062e-02,1.808088789924156559e-01
6.016628225207482777e-02,3.644494895946816942e-02
3.864205868699020774e-02,2.895128420793063526e-02
3.088983489920526463e-04,5.352638275672651214e-02
4.491429439896443235e-05,2.167636540762542567e-04
8.913387789566870612e-02,9.971962040086297663e-02
3.114143477026698470e-02,3.509424123054406819e-02
1.564583258726163009e-02,2.714895063533959689e-05
4.853132307164197135e-02,2.475708368658046873e-02
5.417769650924824515e-02,1.534882942411985307e-01
1.083079505834263871e-02,4.851013603376740785e-02
2.259769332436764935e-02,5.612940235779697272e-03
7.146035980722793141e-03,8.689535964604915659e-04
2.960200880210328198e-04,1.155315265545368104e-03
1.281910603190689231e-02,1.416718373695468290e-02
1.327213598969400644e-02,1.975939768297979224e-02
2.457996122632469943e-02,3.698976261000454235e-02
3.568092726276589910e-01,3.250611449485530935e-01
1.976711717652848005e-02,1.847034673082508308e-02
4.907484713161212745e-04,1.423337567480580535e-03
1.314678359484253434e-01,7.623508526714864453e-02
1.392258611867080720e-01,1.634596250207101809e-01
3.359914005395685521e-01,4.297155710437357001e-01
2.189074289966499165e-01,2.311559916415002192e-01
1.406206211711422682e-01,2.328482998573669083e-01
1.671125656060953035e-01,1.622214327028631831e-01
1.624010579957096689e-01,2.777788809108722723e-01
3.833873342816521840e-02,1.121208443860190196e-02
6.210532735468105719e-02,1.166294931743307589e-01
1.306747363273522700e-01,2.305644277385621166e-01
5.290229189642500218e-01,6.616517137528364900e-01
2.918724195561865457e-03,5.739983941780824050e-03
1.588800704946572492e-03,9.143495755461823055e-03
8.881314273103752465e-05,1.133956653249128066e-07
8.224604239696893526e-02,7.633545009195130682e-02
2.737313493779330864e-01,4.100723505429635374e-01
8.427102023866503075e-03,2.012727387463474950e-04
4.145110199870321449e-02,1.052363666565619624e-02
1.326681442715519077e-01,1.993190375013740578e-01
1.202384121343545199e-02,7.756225664264871679e-03
1.299729655125352566e-02,1.423500993478891419e-01
3.731753380481638471e-05,2.165440896060005956e-03
2.491444452497441897e-02,8.700764426149741604e-02
4.962926696985231478e-02,8.353153313632301000e-03
3.468742756589300244e-03,7.616381111832900338e-04
5.056952013191970061e-03,2.372228054209888498e-02
3.917597491986262587e-02,3.183712638070800710e-02
1.163922563090432766e-01,1.479328953860832574e-01
2.208079653600397360e-02,3.845816851827653393e-04
1.867693170280319490e-02,2.154906584526366034e-02
2.247366480542497269e-01,2.677245371530352358e-01
7.530424376995643876e-02,7.587635484839758138e-02
7.018744416987655714e-03,2.138845291368958110e-02
1.823392857379813482e-03,1.872115842743617880e-03
9.191593108581964933e-02,9.789354957426428527e-02
5.971724231077136374e-02,4.943710509979485496e-02
6.839758027078819691e-02,7.464303362063949565e-02
4.822387762509993542e-02,1.013883235981087177e-01
1.634883004847904799e-03,5.925171920847262068e-03
2.680034679564360272e-04,3.871895678316926697e-03
2.392813842907263316e-02,1.332974125847935162e-02
6.255517821838764425e-02,1.228954425718058602e-01
1.737116209466982308e-02,2.546581023391202708e-02
3.236634632354713770e-02,7.916245166381934151e-02
1.010953872544513715e-01,7.580168240134402269e-02
1.345393690206668491e-01,1.227066571087924857e-01
5.326967549111096163e-03,2.499395456071400873e-02
4.915454647923035020e-02,8.862392159350526710e-02
3.748662486894706536e-05,6.395031992827261702e-02
5.776447703338207645e-02,9.788767076670497336e-02
4.301793590330302980e-02,4.545875645979144397e-02
9.485207965249329307e-04,3.429219294086192850e-04
1.094421106014269868e-01,5.741957743664571207e-02
1.757731262466916411e-01,1.217417725788034755e-01
5.760453970786381939e-02,3.730922785115209361e-02
2.966608338562718925e-02,7.273084643203257121e-03
1.350114352363879916e-02,7.861575175980613228e-02
5.695445561579646869e-03,2.426453222789719602e-02
1.915856089483661609e-02,4.198370094124527496e-02
7.985112243930215375e-04,1.052623878572343449e-02
1.413598508661201014e-01,2.150008734590699300e-01
2.884754575869410628e-02,6.743832737244629880e-03
8.258105735988726520e-03,3.987947465940186974e-03
7.032951331471744005e-01,6.599488778824696977e-01
1.830849001667975151e-02,1.002161965148554018e-01
1.010290243245804721e-02,4.157281844164331837e-03
1.116676266364425782e-02,6.705461697797755749e-02
2.708516574370438135e-01,1.184035083021161561e-01
4.447859986609589700e-01,4.859503528724719579e-01
1.687727434750360689e-02,4.133641404179665135e-02
1.168871969617441345e-02,1.605025222473325294e-03
5.598713851648816527e-03,5.886146277062469408e-03
4.719328246719338704e-01,5.859282687109104160e-01
9.986066767612145068e-02,3.086849581567455841e-02
4.855670003708434379e-02,6.024678089232649025e-02
4.378349135533735753e-02,3.860301698788633912e-02
5.516862198781109089e-02,3.619549178728039690e-02
2.549236719672106927e-03,2.081010806370573243e-02
1.126757976217450212e-02,9.602085190709772197e-04
1.613708070970335529e-01,1.600165931422821708e-01
1.096889396252391166e-02,5.284931603488290941e-02
1.106661553843125007e-01,6.226575260749477037e-02
7.654237517819384440e-02,5.275629276999287132e-02
3.861923068392095204e-02,5.262819419738878207e-02
1.290448926322446122e-02,2.395782892622468074e-02
1.159574256023734526e-02,2.133140338993117272e-04
2.104583523720379712e-01,1.529190200091864460e-01
6.821930629249228599e-04,2.977319393742005466e-02
1.259560488510261533e-01,2.585061181376752670e-01
4.529826268734656325e-01,4.443504672528679755e-01
3.065694141200032696e-01,3.269334627614992050e-01
1.124756280166678592e-02,2.028073291066160092e-02
1.649586461444637470e-02,4.073155038367250874e-02
7.851615554953220721e-01,8.209176587418807181e-01
6.109866422940677527e-02,7.517989031252339527e-02
5.407126067543828983e-03,4.606706073630809778e-02
1.624323262877848395e-01,7.930565635570310801e-02
8.891179526410898301e-03,6.866030701243973008e-03
1.747148094322137140e-03,9.679136829275323400e-03
5.013847627696249587e-02,8.067900831598300015e-03
4.648072377510782671e-02,4.374826184994132922e-02
1.468897217585600490e-01,5.565387508390861465e-02
2.004146365711750172e-02,1.073249171861027744e-02
2.551025955297000092e-03,1.472739729168508595e-03
1.603321946330037995e-01,6.899667483340518603e-02
1.773183536775599922e-01,1.503736292117409112e-01
1.144084748434719481e-02,8.643533151376812246e-03
2.705798906597609195e-03,1.758991768202921788e-02
1.279005492758683409e-02,7.031863477907708548e-02
1.430080163940654070e-01,9.631324897958963571e-02
2.623100947921446369e-03,1.378626188029738117e-02
1.376381245193457059e-01,1.396672973399275541e-01
8.162863731100467729e-03,4.643223463757459313e-02
1.794544844566760083e-04,4.792330412148508925e-03
6.666975970520702677e-02,4.381975108032890032e-02
1.002017163002008188e-01,7.923501872443604321e-02
3.309032839325662390e-02,3.743608655724296047e-02
4.572649926690595598e-04,1.235954461791721228e-03
2.264019217137075712e-01,6.294433123911691297e-01
5.385764721396834459e-02,1.312948606590923217e-01
2.874871156107751680e-01,4.745611115860527418e-01
1.042512705880674871e-02,1.655897439425301626e-02
4.921180508249213591e-04,9.862526580268267395e-03
2.132400775301719065e-01,2.414042744296049925e-01
7.249337496981139717e-02,6.059111952911157978e-02
6.800348122578489529e-02,1.709204898874442102e-01
1.984793236838136923e-02,1.480773324797582283e-04
5.336824087637466289e-03,1.350373807737248379e-03
6.167718035303593367e-03,4.876826949212096848e-03
5.447174962590402986e-02,1.259559599349257542e-01
1.173266024765442228e-01,1.631717380799334316e-01
5.189106698548632268e-01,5.003268237715711164e-01
3.389907434400291075e-01,4.239921650756677263e-01
1.287237689458491652e-01,1.302259017165744159e-01
3.468385712831326793e-07,1.476044703284037744e-02
4.564538414159542007e-02,5.049284548394956246e-02
7.950126624604876568e-02,3.939209829561186177e-02
8.793250030813871271e-03,7.315688563482634996e-04
1.905756260061880480e-01,2.426665117832784713e-01
3.223368090357098259e-01,2.991241828463012120e-01
8.771429548507353111e-03,1.398798787397739253e-02
1.585829149686423245e-01,1.062438181680564475e-01
3.099757669552543476e-02,1.355363721700149175e-02
7.227322466430295689e-02,3.637723350146820911e-02
1.963432543815092912e-01,7.146016518651222837e-02
5.695387856375580147e-04,4.537073660928337207e-03
4.919725850670463724e-02,2.165918562016156956e-01
1.383417281409698302e-02,1.081570689003036496e-02
3.733973750953257370e-02,2.937518858931983945e-02
6.488505355340580538e-02,4.004402846854336617e-02
1.817115380663663904e-01,2.245824157487409933e-01
4.289781271619103054e-02,1.020846781948382964e-01
1.028769444255196314e-01,5.560805147558934430e-02
7.568953677673788405e-03,1.578076936823998369e-02
1.286679442205252710e-01,5.287721376659842987e-02
2.252217588250752384e-02,6.511690477733019476e-03
1.815016230452469459e-01,1.923098727162111110e-01
3.499577849205420810e-01,4.847078735332875921e-01
7.499631686164015543e-02,1.892174449819254700e-01
7.906930040975153340e-02,1.612680930914798388e-02
9.003153981561147490e-02,4.375532454850273451e-02
1.305842357873459973e-02,8.350377372895709943e-03
1.052662431463420034e-01,1.988021632572449515e-01
1.178489542391708209e-02,1.364485693133763410e-02
4.039143915507936028e-02,6.293989586536698211e-02
5.097000990951455410e-03,7.773494544312450731e-03
1.756237335539354363e-02,6.181435551045516390e-03
1.119127473509864273e-03,4.280875576505459757e-04
3.167912873780842631e-02,4.426453072041760389e-02
1.356439625694067785e-01,1.101791226563753195e-01
3.774456528461473531e-02,5.587796997975576913e-02
1.163294435865261239e-01,2.599409354846355380e-01
4.305183417013192515e-01,3.184926550601073214e-01
8.848782032533177022e-03,2.850687072490102128e-02
4.607359236089811350e-02,1.290033203364246150e-01
3.107021314977437276e-02,7.235784776216847188e-04
7.053900128043450075e-04,3.560733988185019010e-03
3.008857380610836102e-02,2.445523016563585020e-02
5.945564686867350727e-03,1.561479743168988970e-04
6.817133076797234070e-02,9.073127295476728083e-02
1.036174255721905718e-01,4.889230818003276885e-02
3.161368877521500247e-03,9.567150138025467751e-03
4.578903840824141702e-02,1.118078934522871715e-01
2.337546964919948733e-01,3.742836106268363494e-01
8.311510014411153946e-02,1.069661175302995676e-01
1.568682053592133918e-02,2.791185788994173756e-05
3.882576280156450621e-01,3.389123191912967181e-01
3.542425784150144558e-02,2.111985037337422294e-02
3.270932795196243026e-01,2.509759161928321047e-01
4.571706656705917804e-02,8.377498101056278512e-02
1.827045340776290161e-01,2.524229150729904170e-01
5.501046909098634800e-03,1.335654671099125064e-02
1.394685594795101735e-01,8.894712038822059907e-02
5.115025223209192229e-02,2.238242270904465189e-02
5.862572571080749279e-02,9.901651621365381573e-02
1.218697118663785578e-01,9.458847325265178074e-02
9.652571782644810139e-02,2.205827765575404248e-02
1.338844509586100751e-04,4.816800797913163915e-03
2.950748833420464012e-01,3.185790324215971303e-01
1.458965342390712294e-01,1.841080719783231567e-01
4.236550313543177917e-03,2.748158336748586852e-02
1.905153346405791346e-03,1.511738303286968557e-03
2.003157889838132477e-01,3.141540755866164547e-01
1.784714130884170608e-02,1.104620041064822630e-02
4.552611353670860117e-02,9.252830032192604914e-02
6.078270455081359602e-02,1.430649417039531746e-01
1.936180878277830031e-01,2.862980529388853279e-01
3.004458256506266963e-03,6.711520484154193111e-02
1.240127941885993540e-01,5.867440431298384662e-02
7.821419755483026426e-03,5.121826339136187345e-02
2.101626961709365804e-02,4.783593477227822410e-03
2.647078921486139061e-02,7.799123963232575119e-02
4.075541795172692855e-02,5.596658437595503771e-02
5.953977392237662647e-01,4.249380668756729817e-01
2.603086026985320517e-02,6.194479974453725307e-02
2.582754294295865755e-02,9.799158997229346496e-03
2.532963949441992962e-03,2.698856681766564122e-03
5.524976860904645681e-02,6.706291187944340981e-02
1.449268410596293161e-03,1.490898468181105045e-03
1.116838224287055592e-01,1.660920871688129907e-01
8.429013653763991684e-03,3.167149556095595966e-03
8.925998887011210581e-01,9.832851946137799448e-01
1.356506540461099863e+00,1.649626812586852731e+00
9.741399494346351592e-03,2.246324829243428328e-03
1.724491509329901251e-01,1.538446892986897463e-01
3.587079954315028167e-05,1.332256752991958955e-02
3.744537373731085235e-05,5.216232593150328667e-03
1.470393398336169166e-01,3.475738453762767383e-02
1.803410104953547671e-02,1.178112325069945177e-02
2.316233486188181978e-01,5.209895548309491087e-01
7.010209101308166602e-03,8.354808640767066603e-04
7.445895874622080468e-01,7.820893553368155615e-01
1.005658737533268732e-01,1.470805589606514752e-01
3.285831344983120572e-01,3.479082608524959874e-01
4.986702921315277343e-02,1.566263864835415742e-01
7.732886159345307986e-01,1.068638639064169116e+00
6.531366428125526605e-03,6.258981337158215676e-03
4.055764503017490752e-02,6.471393032943160983e-02
3.132723009583493479e-02,4.334719723843098033e-02
3.062191637087105858e-02,4.546232365997920910e-02
4.972203039610686819e-03,7.013817225049352733e-03
4.730784122827261240e-02,6.390685468986864737e-02
9.406179318192950389e-02,7.793369606333737376e-02
5.283064675806430077e-02,8.838934113898040202e-04
1.401237583517815685e-05,1.704777826318594914e-03
3.858324316354785899e-03,1.343232271908728149e-03
1.152909221124192307e-01,1.443552162807975048e-01
6.409687368726207923e-02,1.142394023096508227e-01
1.430750568152807170e-02,6.787419701876533373e-02
3.856124483835835642e-02,6.958383147104975353e-02
1.915543655469036377e-01,1.670240542793227367e-01
1.041127927843472044e-02,1.362895707910141132e-04
3.828687517549270863e-02,9.921970255018938700e-02
8.539181072796277194e-02,2.537335293794913404e-01
2.721511258144412165e-02,1.318894066177894731e-02
1.431233532655932228e-01,1.926038978716348993e-01
5.632822773563541351e-03,5.840285933966469015e-03
7.671069207532789369e-02,2.641239850353913066e-02
1.565830245156997202e-01,1.240423400798431608e-01
1.100402588858905850e-01,2.386883826680336884e-01
7.151292081253578237e-02,2.113058845789364537e-02
9.817588947926557397e-02,9.847153675001768525e-02
1.175912661932368014e-01,1.135154316181519879e-01
1.473461131230341045e-02,2.189427203899192535e-03
1.497149474233391842e-01,1.011623901702075889e-01
2.399347183240051889e-02,7.875031500186460698e-02
2.200929119183673843e-01,1.998586968008104203e-01
5.543076840479362055e-02,9.881663365827370038e-02
3.894588081735680767e-03,3.628981750778273192e-03
2.785012091178324344e-03,8.361307704726077955e-03
1.727614600646340884e-02,9.473811940931155251e-02
2.937847938104269988e-03,5.019255149977114305e-03
5.012119370141437935e-02,4.609770029943845854e-02
2.081528624718740478e-02,2.815102559727754306e-02
9.408580978200532449e-03,5.765311995028322284e-02
3.564717859491370877e-01,4.352445086480866698e-01
4.354113741034467550e-02,2.401314064361036518e-02
3.328494941369625898e-02,3.879203099958809103e-02
3.069178997858882166e-02,2.781157851214626983e-02
4.002226796668046857e-03,8.597487530291342966e-03
2.203532385645194103e-01,3.556674369274088754e-01
4.258664877886766953e-01,3.364054063654753901e-01
2.098964980029882806e-03,4.573968040826283631e-03
3.354483792376474205e-01,4.160582384732367522e-01
4.093211592907701479e-02,8.483545339018305764e-02
6.204779693064713109e-02,1.733160560235401382e-01
3.137945292002719544e-01,3.836832767682048506e-01
1.092580559370634474e-02,3.052471309102660138e-02
4.158275133566413369e-04,4.405704888071780047e-03
6.755498624689693088e-02,8.250513753894880842e-02
3.937602088754011445e-05,1.537643384097670549e-03
1.166611638707204003e-02,7.438229779173243482e-03
4.685227693265769586e-03,1.153587222734730501e-02
1.182872753203335070e-01,1.603477640484258226e-01
3.403244389436590762e-03,4.320097017727188293e-02
1.358775354007180913e-01,9.106556692133772890e-02
3.287090401550750163e-01,3.749984770457824856e-01
3.830626278844489335e-02,2.768728287079347955e-03
4.930511948466066718e-02,8.521168448856128452e-02
3.092231819133279516e-04,6.367998913134409467e-02
1.734755475653327586e-04,8.996659177823255202e-04
3.696106608792329440e-01,2.843808503725091530e-01
1.997675182648606662e-01,2.534646020103146768e-01
3.255043521157049424e-01,3.934789609683559397e-01
1.962658941997141582e-01,1.613092248888713665e-01
4.437855944004841219e-05,8.861050533214126154e-03
7.647166449990863701e-02,4.540499781952934966e-02
8.910466951565178262e-02,9.243437948635799262e-02
4.483151761011908328e-04,2.914242374000152510e-03
5.617812993883703442e-03,1.564556872431190418e-02
1.926493496953959050e-01,3.161883190444823577e-01
7.878884861681918761e-02,2.727316745241922889e-03
3.366841764063741027e-01,5.027970121240484813e-01
1.601359714961292369e-01,2.727325789519382537e-01
1.586544000795983289e-01,1.543595054385448750e-01
8.623392710613198009e-02,1.108176426338023796e-01
3.865727462970175443e-02,7.195748058248893630e-02
1.247037934092618955e-01,5.717981702742443162e-02
6.242852156232476385e-02,1.857187717042741229e-02
6.774356167282171012e-04,4.893736541844821708e-04
1.438432872171403233e-02,1.287940798634731009e-02
5.693943629966329023e-02,3.905903475352116849e-02
8.272551282569332032e-02,4.185155948784333863e-02
4.127588057293846840e-02,6.385963319156558182e-02
4.154226598945500171e-01,7.809751861484415247e-01
1.320483516808193709e-02,1.173864595981638677e-02
8.004361831583562958e-01,9.271748862639415112e-01
1.877882096098285880e-01,1.406849003612361537e-01
8.322900649146657004e-02,1.086653655448528016e-01
7.598903249381415426e-02,4.859445304300767654e-02
6.716480150186125708e-02,4.233191874771307511e-02
1.658280873598560190e-01,8.711183670521599476e-02
4.078641374869511338e-03,6.212449779405241831e-03
1.224564252856569918e-01,7.339548568826605168e-02
2.223986350787060806e-01,1.000175579463650211e-01
5.788635077824640790e-02,2.851235444957098825e-02
3.557202095055765623e-02,1.050407752469789679e-02
7.185419044414579834e-03,8.570601538906633468e-03
1.077412071639196646e-02,1.921371183095386135e-03
1.678124405735567648e-02,1.304956755978387006e-02
1.039464402119417430e-01,2.764682325069056645e-01
1.202684084065833853e-01,2.032690090083317525e-01
7.646904577280314030e-02,7.047447506645487803e-02
1.381162377935717389e-01,1.565150515359532424e-01
5.840115039662778784e-01,7.633134864350421545e-01
2.366447630876554811e-02,5.890643032552518588e-02
3.265667011682222287e-01,3.017946652303380439e-01
2.284558349882558348e-01,2.266283708276363440e-01
2.545415556545337424e-02,1.186799368004606316e-02
3.970550657725879229e-01,4.331663614182608701e-01
5.504955880989521183e-02,7.629071465327399992e-02
1.193241055416837185e-02,1.273711179351273010e-02
2.156721976797627274e-04,1.295186703205470236e-03
4.752951120551064668e-02,6.361642462139876532e-03
1.268862370325563385e-02,2.566216933421169508e-02
5.552629786908627046e-02,1.516392296124464967e-01
3.241143179757806445e-03,9.637881148933845343e-03
4.399265295409604537e-01,4.042631841318608532e-01
1.942998814120279472e-02,5.122474390510869946e-02
1.425954209269146289e-01,9.729707336555802610e-02
1.424653540880968239e-01,7.736553607186180681e-02
3.970841030571537617e-02,6.928490684934085486e-02
7.150696684391646407e-01,7.086098182395914602e-01
4.190120525324116108e-03,7.898626450578856474e-06
9.284827826971249476e-02,6.301869416003422208e-02
2.355480986942374427e-02,5.416632220500425254e-02
1.738400711615182767e-02,1.680047437228720034e-02
1.345080671233030156e-01,1.678502239135957197e-01
4.193456807469030795e-02,6.952583050573063472e-02
2.552153079384715528e-02,1.026191213984743028e-01
1.548711668840679900e-02,2.316841670847499465e-02
2.362337974663912890e-03,8.858254120702372877e-03
8.157732887759609319e-04,3.738321620333483575e-06
2.155433429955656288e-01,1.693138104183372350e-01
8.117726557221753569e-03,9.771424633125741412e-05
4.558924157793469156e-01,6.456597345176502412e-01
9.124433732391194068e-03,2.493539688335337512e-02
4.400272543567925188e-01,5.378578418342085943e-01
1.271540142456518974e-01,8.054371410720653768e-02
4.226519589869030878e-04,3.195767706431977984e-03
1.269859401169972646e-01,7.128484924048605897e-02
1.778630581168591240e-01,2.082994867023276464e-01
2.055726662641025049e-01,1.326599317599929939e-01
1.558669784233518776e-03,5.850409853422219820e-04
4.382582429316043277e-02,2.230745053720693122e-02
7.599704585533881285e-02,8.642610038285425400e-02
2.826542611096723710e-04,7.011267973355838484e-03
1.194942841989820584e-03,3.098384232152071385e-02
7.340957194317783430e-02,9.767360233246205614e-02
6.184309713197519952e-03,7.040923784414757688e-04
9.873253090224817785e-02,2.210324122039142303e-01
5.570835849567266213e-02,7.069135465737498569e-02
6.033290910804780085e-04,1.220010470061848491e-02
1.636831227454195502e-03,3.563017175801770305e-04
7.989519335194965148e-04,3.442326761316167466e-02
2.692075122145504151e-01,1.699998868443877709e-01
3.359406855708081951e-01,2.543114470452971787e-01
1.128418022013852069e-03,3.484207598408647737e-03
3.376898743725248193e-03,2.070635230092549700e-04
6.425689491708930223e-02,1.473010648103701137e-01
8.031375923773571845e-02,2.164949896233349727e-02
1.989160340915545593e-03,1.597177558364155738e-08
3.567215711372393599e-02,8.630909247102651338e-02
2.676044304738685667e-02,1.833876696009484331e-02
1.150568405277090367e-01,2.760551145911464554e-01
2.365429181937355428e-03,8.149779029351933435e-03
3.762430783933684575e-02,2.140611849872399788e-02
1.501170602114408892e-01,1.115463089429236665e-01
4.506916203800577893e-04,6.775202740044997639e-03
4.229481747156071600e-03,3.456414748528405245e-02
1.977168989832178980e-01,2.384651116346162281e-01
4.483485713745272681e-03,4.081078988646299338e-02
9.954868318653806170e-02,9.431347967892857176e-02
2.035651957859004393e-02,4.782306649987638075e-02
5.231329234912819592e-02,4.784241761107671520e-02
3.049839531741283319e-03,1.359311223120572287e-01
3.161784405687235316e-02,7.959916134052835712e-03
3.149980810958169508e-02,2.026078503734739245e-02
3.282133104624354591e-02,2.321973931718920164e-02
1.510917839718459443e-01,1.652077791196374379e-01
2.600280894236572382e-01,1.886625546901682382e-01
3.369051507840542525e-02,8.900713344478705311e-03
3.662523555550026289e-02,6.472802874257711780e-02
2.920785640485444481e-04,4.701711224872260481e-03
2.095548089696983377e-02,4.131508780253635021e-02
2.296699872340536575e-02,3.554666444796269337e-02
1.779231754182962755e-01,2.721990595520679124e-01
7.307808131806750249e-03,8.342505978066311078e-07
3.889299723812300602e-03,1.725385416382728280e-03
1.189784728638757089e-01,2.157094749944406253e-01
5.162011734834440202e-02,3.067575332082830147e-02
3.258158348962907763e-02,1.230088349636671574e-01
3.165915965592725478e-01,4.105512337786335064e-01
6.169463774268905271e-02,5.633385710669129576e-02
6.089189621187735685e-02,8.418859517524709957e-02
4.956053848803142481e-01,4.852689363813249557e-01
9.575740886231416671e-02,1.466356119371817479e-01
5.721582293824038767e-02,2.390511927965091599e-02
1.123836644029755760e-03,1.733563112641233958e-02
7.420250515449462736e-02,6.873415703603664995e-02
4.947755318178640588e-02,1.006083643021987994e-01
9.210220230160841640e-03,6.962872772427884660e-02
8.796321198132932284e-02,6.872801644145930255e-02
3.047597575926864685e-02,2.421494390382051762e-02
5.056480910969083503e-02,1.626291463778969104e-01
2.697954941412337992e-02,8.115222789489012767e-02
2.297407306197401244e-01,6.629170434490055941e-02
2.686557326273606994e-01,6.032075326367782875e-01
1.599918536778316067e-02,2.479638919085852891e-02
8.478871833979755718e-03,6.907331006945505170e-02
1.308178609430649120e-02,1.651475894285181142e-02
1.648374834590049520e-01,2.423243889121820538e-01
7.065235049663660949e-02,3.224557364872905618e-02
1.259825673934703537e-02,2.942609628815085615e-02
8.806771247898681487e-02,1.306930072214679828e-01
4.000977564000559109e-03,1.505395787425858325e-03
6.774875606754078051e-03,9.625173933114648805e-03
1.513464029164082562e-02,5.988647152506733091e-04
4.993210268982470335e-01,5.952896181736415659e-01
1.958089673958795553e-03,2.915466333120310047e-02
1.628156089391893380e-01,2.325242629220519164e-01
2.335952115352211284e-02,5.093920617105465731e-02
1.570632262237280086e-01,1.874407160113659432e-01
7.122230065909775087e-02,3.515762279839496074e-02
6.157409409596451000e-02,2.935188139706237931e-02
7.768184643358777564e-02,1.429743784644393334e-01
9.962825463658359082e-02,1.527043602922484589e-01
2.750578147721318562e-02,2.017468600474568718e-02
2.267731267641967877e-03,7.971292276119090747e-03
1.013972429407972685e-02,3.654487778748857774e-02
3.030131762605429643e-02,2.109455041241665163e-01
8.625747608492205509e-02,1.102485309343313735e-01
1.406468808273501556e-02,3.546941841565417249e-03
1.433805465488180997e-01,1.800461014200489263e-01
3.292508607805787329e-06,1.332359004654862927e-02
1.417769384625644502e-01,9.462054277041795358e-02
1.049777490795368723e-01,2.346507110149456676e-02
1.038108790555613073e-02,1.100777962511811432e-04
2.092814139477208792e-05,5.556871001361759349e-03
2.897378277212395506e-02,7.946186628552545997e-03
7.552035900183863559e-02,1.059177202165830362e-01
1.830008804688153246e-02,1.240793049508862045e-02
9.392507902065008740e-02,7.318186751533498069e-02
1.505924650837181522e-01,2.044436763138649527e-01
1.609224314150880901e-04,4.975160366805180369e-04
2.149199698347980247e-01,3.364416308952690171e-01
1.385285291540275798e-01,1.038257330503571246e-01
2.128796894995943489e-02,9.543398347812365526e-03
1.949236820395387412e-02,1.798884776858387675e-03
9.258944564276784528e-02,1.661686678575307607e-01
2.544583765856955893e-01,2.769799946464626128e-01
2.610589953881514158e-01,1.760183398268048427e-01
3.724203417026575313e-02,1.016919263459552594e-02
2.284694612635773669e-01,2.736075776583636876e-01
1.113803336646803643e-01,2.027612270480058654e-01
3.519516043426662577e-01,4.457217236703956420e-01
2.143785336527463670e-02,5.298562735515117278e-02
8.438898668935797612e-03,1.669877805832404791e-02
1.326382502533322676e-02,1.113925346557436379e-02
1.274585831907454553e-03,1.945872873666825592e-04
7.834208819535061832e-03,1.323554061600567405e-02
6.043582678455782231e-01,6.014165377906879328e-01
6.750821033148432515e-02,1.389466457519850928e-01
6.265828120403999467e-03,2.045263725254777357e-02
2.969031967408360811e-02,7.527649087440854009e-03
1.890416734151826803e-02,1.364149092509739716e-02
3.712090859454204167e-02,1.238445983740885450e-02
3.035668974526117402e-03,4.809936937017778719e-02
3.669135879007745515e-02,9.766162056956731452e-02
3.719861301612789606e-01,5.253821051672005193e-01
3.265076803239250203e-02,4.127839541713595323e-03
3.615092848239448903e-05,2.908538825748083201e-03
3.999355183276435272e-03,3.431366960560939400e-02
4.397575117235711512e-02,1.041305878500667879e-02
2.015560033085728609e-03,1.960192523853487856e-03
3.017272892295259218e-02,3.896555617404274304e-03
4.536104363325475786e-02,1.366597589749894703e-01
5.799072567023279626e-04,6.968193991391683287e-03
2.618281401447741241e-01,1.962343316669648841e-01
2.857004942866082572e-02,2.878370267587101669e-02
5.545748422328894423e-02,4.485816622060295050e-02
2.553777586304661201e-02,6.196345115611951587e-02
3.640224624510299961e-02,6.730762469260374858e-02
3.106159078025484341e-02,1.851266771982547354e-01
7.162520428725699384e-02,1.846647703896191553e-02
1.708176850145384784e-02,5.095022987374925143e-03
7.677206410916352381e-04,1.842214144532283715e-03
3.924353564459363841e-02,3.465655653043504120e-02
3.508508285241423996e-02,3.075655491190146598e-02
4.584895587727363386e-01,3.250827060287255765e-01
3.448240081855141193e-01,2.370882219256865986e-01
2.364627327927482092e-01,4.697303401920593369e-01
2.364343214190779002e-02,2.511494183216499880e-04
2.080370464703683864e-01,3.276698144328564211e-01
3.081162012218021176e-02,2.329408351890803822e-02
1.455279041454517371e-02,1.613297603559355788e-03
1.452904375219655209e-01,7.773626730087968006e-02
9.026617958219086690e-02,8.780629040425795562e-02
7.344088175759976023e-02,1.755715415777740762e-01
1.699619487042525971e-03,4.608337785823103422e-04
4.802479098685683012e-03,1.544981489090399562e-02
8.302185943917557301e-04,1.531344345917511930e-02
1.025283941171659108e-02,6.721381659656243401e-02
3.014754139416755963e-01,2.071874301092010984e-01
6.985992530721460425e-02,1.349771854054621556e-03
2.528333064937295788e-02,5.806198811883584582e-02
9.052422364207614314e-02,1.352879909751211057e-02
1.955180050392823360e-02,3.465397039644596035e-03
3.515275917362706976e-02,2.090904110346814004e-02
3.317350438138564478e-02,8.190508602282271788e-02
1.635993582635210664e-01,1.049303728893929699e-01
8.896830937102222503e-01,8.509279667364221256e-01
1.933174781935022846e-01,1.615192874798927203e-01
4.552361780433949665e-03,8.091635770673935926e-03
2.175891425720699254e-02,1.814397720975184647e-02
9.030704108907610869e-03,1.985137368879816983e-02
1.805328205695911140e-02,5.251025686467125642e-02
7.475364365819658907e-02,4.976383782533869149e-02
1.278599315487326527e-01,1.286943333040789228e-01
7.163095756778170564e-02,2.429192727705640348e-02
3.621235893123042060e-01,4.548739735356095992e-01
2.991958136353758402e-01,3.036935518457619665e-01
1.215197632089799917e+00,1.407879300758578589e+00
7.393847752456804423e-02,6.361647189313701656e-02
7.876761232041758556e-03,1.828712126814921869e-04
1.420948109798505776e-01,5.234527549436786276e-02
8.404490401840492009e-02,1.118379042570512849e-01
1.262713315512600243e-01,3.829505784556840476e-03
1.252590069476492984e-01,1.349893057562771281e-01
3.779763820232517160e-06,1.406484268777734130e-02
7.357178478089282381e-02,9.835383971881829501e-02
6.557380745983117966e-03,6.663083167930733321e-04
4.358818916779270691e-01,4.393560217915094546e-01
2.239970842510782822e-02,2.814150961314408964e-02
1.231917737515286423e-02,2.612068427548542519e-03
2.406324682923412228e-02,2.127204767460124258e-03
1.541132753470272065e-01,2.173609306205751546e-01
2.448378360595707777e-04,1.322718677053188151e-02
9.974693897977898391e-03,5.006155808419908686e-04
3.887302058895918122e-03,4.325779833286749580e-04
1.562965873974373810e-04,1.547376840298328796e-02
1.181481604144075798e-01,1.590370690936029341e-01
1.557937126887077861e-01,1.162595284996285755e-01
2.299830211392287892e-03,3.994108367711827340e-02
2.763922968545707085e-02,3.508485581833221262e-02
1.270379372169599397e-01,1.390820704424723109e-01
3.470088458531697673e-02,1.054898402050434142e-01
2.630209659359921681e-01,1.814892223944064575e-01
2.444260764642818343e-02,4.120956992952611898e-03
3.174483628646265765e-01,3.794016090295999066e-01
3.126288376720301465e-02,6.360456140219744592e-02
5.840420250830120376e-03,5.678888314434681192e-04
2.277073442157270464e-02,3.637038901408760211e-02
4.596045620191990116e-02,1.080893071828536028e-01
3.431531721409242057e-03,3.365980545628366460e-02
1.127776941285632724e-02,8.143284508778681277e-03
1.155418052965217213e-01,8.228548409862258828e-02
3.985938339554345039e-02,1.885367663622948553e-02
2.700485473709762427e-02,3.640665448115322500e-02
1.355824105342216535e-01,1.251966580141518626e-01
5.682100026422356315e-02,1.504005106159661369e-02
5.301437536051725784e-04,2.877670635667982802e-03
6.705566699406245636e-04,8.070394875729282758e-04
8.863126971161048098e-03,3.815426551749213826e-03
1.028538865046910687e-03,6.339032672550050027e-03
5.128429854543251759e-02,9.569363536346707283e-04
1.074718566359972732e-01,2.397003655998516947e-01
1.368003319605209239e-02,6.310942419905068122e-03
3.782272705761680065e-02,1.575223420163187824e-02
9.909510569162318250e-04,6.836422169362921025e-04
1.073740030570013576e-01,1.288638433835135044e-01
7.580528541290902297e-03,4.762012269383526265e-03
4.491285102406526730e-02,1.409555198481728935e-03
2.883193655655917273e-02,7.051245421176999262e-02
1.070690650102587987e-01,9.554915651941252308e-02
2.181893220684300305e-01,3.072743814831793152e-01
4.357256086021584762e-01,5.745611280080392680e-01
3.440856957377896180e-02,2.657794463108608188e-02
3.323184339305960272e-02,6.147022017456832237e-03
1.739055994855684684e-01,1.764084062499824412e-01
1.452464036493589716e-03,5.535008571095564617e-04
6.062656229015453424e-02,4.383594084858239565e-02
2.732833702323981574e-04,2.457854175472477462e-03
1.865236044463672652e-02,6.306739277245124176e-02
1.757048112516284525e-04,7.104395634493993264e-03
4.915840124536574943e-03,4.020188033887390350e-02
1.283454800653254790e-01,1.558404898152241369e-01
1.197246680237987193e-01,8.606160187313136034e-02
1.024439850493984727e-01,7.485039973930593393e-02
3.459038646306562131e-02,1.551916892112864821e-01
9.731128426121116171e-02,8.011732988768530128e-02
1.061221879308985039e-01,8.551497883289030377e-02
1.868905376298114415e-02,7.790047595098925463e-03
1.742601041237122061e-01,9.316733435688233367e-02
1.972698467172790890e-02,3.780602602345570218e-02
4.013250903771331535e-03,2.603173802171370246e-02
2.057942415209493559e-01,2.828731559384858318e-01
6.162838224279758997e-02,4.370425684280844492e-02
5.660824347764624731e-01,4.037132978609125900e-01
2.546808251048429325e-02,1.278381918147965257e-01
2.719682421280238127e-02,8.749121442200987961e-03
2.166373619016232765e-01,3.132989182131789563e-01
7.557591655826118027e-03,3.471157564231476696e-05
2.652947455661561335e-04,9.963985155567073077e-05
2.942595521158130056e-01,2.224302423360174918e-01
4.544423503903889661e-03,4.500160599817113610e-02
3.455808264865330853e-02,4.237183201806733052e-02
1.331589616672044507e-01,1.582519062715198876e-01
1.217190095119932980e-01,1.512305815302389389e-01
5.529957114782498018e-03,1.435509375621924367e-03
1.612158655423837905e-01,1.245993700572913948e-01
3.348994590665542170e-01,2.988091265283308595e-01
1.665707868398726837e-02,1.580291759908868804e-02
1.529033207289637319e-01,1.787165904962537133e-01
2.411830254558816524e-03,4.643783704185124235e-04
2.213058030011274407e-02,4.730234548400194007e-03
1.034036494322490285e-01,6.375341666486616932e-02
1.101701533423238288e-01,8.797628832204706928e-02
6.599943881702136084e-02,6.143850916449174887e-02
2.635487145455330249e-01,2.814054171767740864e-01
1.483421033281906998e-01,2.919563655842392080e-01
4.945145308682274976e-02,4.188998432585262083e-02
2.054674389333930595e-01,1.885827129107529865e-01
6.483769519998285047e-02,1.234998997566380124e-01
8.163323947248277701e-01,5.649904328462631575e-01
4.735559570016692477e-02,1.308280569907434299e-01
6.561962076601941113e-03,5.829527900970832288e-02
2.619128503112900033e-02,8.610438917868244724e-02
6.540932301171982488e-02,8.386651202723711951e-02
1.912871171825561711e-01,5.316274073091704216e-02
1.504052735293620602e-01,3.729962555041526073e-01
4.737607846501651343e-03,3.521064284325237364e-03
9.319490723281496913e-02,1.974992139720881390e-01
3.753915843646488115e-02,3.973389553341406810e-02
2.173867407162989596e-01,2.258939198067746457e-01
1.986855597115546777e-04,6.351749880516587878e-04
1.766963292678760955e-01,1.538556360046894056e-01
1.729795940252836506e-01,2.899744625693093103e-01
2.718143301726158034e-01,3.960959231439902806e-01
2.542397230652199691e-01,2.824371277997348995e-01
1.911920447910982895e-02,7.652945616213514650e-03
4.173581974895386459e-02,1.791820057750209694e-02
4.153189621232660778e-01,4.580756462904982951e-01
3.698977309882198888e-03,1.389388465477200268e-02
5.807015666341958093e-02,9.643203414542798890e-02
3.417833288738496011e-01,3.010031154599810965e-01
2.205862687736006855e-01,1.893451874376228250e-01
5.498899758862945131e-01,7.060595008913330695e-01
4.241324160185030306e-02,2.755317063658299995e-02
2.429623367884181373e-01,2.265466725487457478e-01
1.563797614595948890e-02,3.646611185120255533e-02
3.519031471558269151e-03,1.891348009732461352e-02
1.839258872155462299e-01,1.502722649635904184e-01
3.559806444498155031e-02,4.208500174563803431e-02
2.461574779734811425e-01,3.923888296885608140e-01
8.194850481970886169e-02,3.237509022213716503e-02
4.601656332104581831e-02,2.698416697645380710e-02
1.182465238173774080e-01,1.989023975740308592e-01
2.310288236999579435e-03,3.270296441655454189e-03
4.599482912325567746e-02,8.761838706944587163e-02
3.759713826223894426e-05,2.199620006982633269e-02
9.716838415849471389e-02,1.657647301269294937e-01
2.036287741273356822e-01,2.287193845894163469e-01
6.531991026312658488e-02,1.537187984993035050e-01
1.362515027872534812e-01,2.128853667256595805e-01
6.660937246715235849e-02,5.482273169556623263e-03
4.561179060809577267e-03,2.164209566949031125e-04
7.049782393894542948e-03,7.171996014310146527e-04
1.916160080862713204e-04,1.245356590674958144e-02
1.859339996280803819e-02,1.515517023344505054e-02
6.408107549316501006e-02,2.103866061876048452e-02
3.162325276268595498e-01,2.828508306983024134e-01
6.676436699812976668e-03,1.691828325453556200e-02
1.451855802871339449e-03,2.412864555419250330e-03
5.904432378608879262e-01,6.597948118648399030e-01
5.017939385021348044e-03,3.549054197454063245e-04
4.804317639417731711e-01,6.713511148713074972e-01
2.760161059893612157e-02,4.691284812142088034e-02
6.698515104489340295e-03,1.332332825253584180e-02
2.667053934599220022e-01,2.975613419205975219e-01
3.015696912679618298e-04,1.353421516866651310e-03
5.325268418697177812e-03,5.176803989729695610e-05
1.506069503705663101e-02,7.675173121036663743e-04
3.125683265271545636e-02,4.434811011041726869e-02
1.001431382624656530e-01,7.769623578886494797e-02
7.452404132204397402e-02,2.985812425673466108e-02
2.223813770990744343e-01,2.116322965737457984e-01
1.977071659622142985e-01,1.886167500873840164e-01
4.532163967784148123e-02,4.332365040737693601e-02
1.122702876546937678e-01,1.714444296494991027e-01
2.800277781169265446e-03,8.206089868361273257e-03
5.684016843783661066e-03,1.348019670722865396e-02
4.654592507066787621e-01,4.477029093234696222e-01
5.874809850614012841e-02,3.409351659945636381e-02
2.048433357087740825e-02,2.253897227895536662e-02
2.353471083595370418e-03,3.181541451605293929e-04
4.992393385139019119e-02,5.811032253043433432e-02
1.395059161952646141e-02,9.451096583338955024e-04
1.039351975623182822e-01,1.087161763945019843e-01
1.462511494331039386e-01,1.471175285299067825e-01
6.956152052354219739e-02,8.317060753737715029e-02
1.753851259083864800e-01,2.548498289553857155e-01
4.738238494388988253e-02,8.135431829405657955e-02
2.098194638753963625e-03,2.073860336032816443e-02
3.987858162794884892e-02,1.677484264019473217e-02
1.134452719920442908e-02,1.865465097805292863e-02
3.297428598816977141e-01,3.710824125274224672e-01
7.487251225671086308e-02,2.085693480524701549e-02
6.577014860010871322e-02,9.805009843968530425e-02
2.137329259942954355e-04,2.367307989902749966e-03
1.136035467285823747e-01,9.226998780026172964e-02
4.909713075917988834e-02,4.376958377050317421e-03
8.804481087206665613e-02,6.338820350424986816e-02
8.216573506731336685e-02,5.458310241949243524e-02
2.678689648265205059e-01,2.708398475293863905e-01
1.425019725289146943e-01,2.120338293203615776e-01
4.270726261844628308e-02,9.661266289801856422e-02
1.052471136570805321e-01,6.160032557277764220e-02
8.873873104433094988e-03,6.708619108238521311e-02
2.630753276954017443e-03,6.549767577753601647e-03
4.533670339023390672e-01,2.472576813569272725e-01
1.684943081858405467e-01,1.884387727933750645e-01
4.342250722666301382e-02,1.338966220558058806e-01
4.909990712041679140e-01,3.955120932991137428e-01
8.097665186620180977e-01,6.028536453038260134e-01
1.101687933835834030e-03,1.097100483064401832e-02
5.606465125396133294e-03,2.054461505140746377e-06
1.174933166336819025e-02,8.668997028931195448e-02
1.566080944777509532e-01,8.193327701420324849e-02
8.055090113850755693e-05,4.732726583942909448e-06
2.751156849755427265e-07,6.705138060720981709e-06
4.711775453645911799e-02,2.462454510437024971e-02
1.126181012427816264e-01,2.338177726323369954e-01
9.357141203577178101e-02,8.998181808514726931e-02
3.531499708332021259e-02,1.089789496794498769e-01
8.410648914552334987e-02,5.985532854448071677e-02
3.511360916806015586e-01,3.451070250044186438e-01
6.842459257026134445e-02,6.333461335278744997e-02
1.266955369103474859e-02,2.296624982989468183e-02
1.555396402831604914e-02,5.784169978161190096e-04
6.134637536475306963e-01,7.706664954148815250e-01
1.473699697771660433e-01,1.342310894698918733e-01
4.194480298855363665e-01,7.998331537839868943e-01
6.587820232815420028e-03,1.861241451671913653e-03
8.505247458327530943e-03,1.945890758522435704e-04
1.229959394506714987e-01,1.645613378076843936e-01
2.493197070372861479e-02,2.062799559906916894e-02
5.198728913808377261e-02,4.512397752963889092e-02
1.481714640099998648e-01,6.223916605213117986e-02
1.257763746087619261e-01,2.068471906226522494e-01
1.296605894408296156e-01,9.718751501011850535e-02
1.581231064759461638e-02,4.603216133588958203e-02
7.872257800550772067e-03,7.299327439228875392e-02
4.444363101283412693e-02,2.565396455776271581e-02
5.324334115973032577e-02,7.936918146171580146e-02
2.727310727469108367e-02,3.840929676517903634e-03
7.775764010990244418e-03,6.017491176728943791e-03
7.427728637594527283e-02,7.431229698492287927e-02
4.477788778372431694e-02,5.881746225199557809e-02
1.724795938355143665e-01,2.598922035781649487e-01
4.073877300095532505e-01,3.453920740297409253e-01
1.690071824806241574e-01,2.325361558530085471e-01
1.872785186972305118e-03,1.707039300861698181e-02
5.248956561276543059e-02,1.202285019877867428e-01
9.564871802601288345e-03,5.866193992872157509e-02
1.882987465029212378e-04,1.718556265718745868e-02
1.132587068481790207e-02,1.904037875084126086e-02
1.949618687911598980e-01,1.885740698417938677e-01
3.685796922726456305e-04,1.290138381847719118e-02
9.970004045364497247e-02,8.312731496954146870e-02
1.067767712875012341e-02,1.063600246393786933e-02
2.447380083535647885e-04,3.513708356220890828e-03
6.303383160142488062e-02,3.137751642775076649e-02
2.627840888263264368e-02,2.085386760560776034e-04
1.282832867589843162e-01,2.092119787856055735e-01
2.356733393593825054e-01,3.267049517839392125e-01
6.862206494846943838e-02,9.895340945668350263e-02
2.756172199297223305e-02,5.471285257835378085e-02
3.019062218971468314e-01,2.688508396522843458e-01
4.882514487838353345e-02,1.518845382255028416e-02
6.926944438736050424e-02,1.639647373620887749e-01
3.619372344060931695e-02,5.098541704537435174e-03
1.604936018941413220e-04,2.067777301374323744e-03
1.094797192502048461e-02,1.935329434640006493e-02
2.062132006932676231e-01,3.424589818364782712e-01
7.442189911904482924e-02,1.493952774858636756e-01
1.117625487521624605e-01,1.046870964692949990e-01
7.544948340734775050e-02,3.728484171448368314e-03
8.298137427971460922e-02,1.153488949936848917e-01
7.350747276804985020e-02,1.260704660922682685e-01
5.996341470305339462e-03,7.841014870477529784e-04
1.092074660558648748e-02,3.532559701471938048e-03
3.824697641343484562e-03,7.439272036642151364e-03
1.052664653496975522e-01,5.484642770874285228e-02
7.420601572776759636e-02,1.097980359163144987e-01
2.686892561235326368e-02,3.272786183656616055e-02
1.042728379005765649e-01,8.915307950081295674e-02
7.469246818786940724e-03,2.939439546193516918e-03
3.102721971011950797e-01,5.028532710089473889e-01
8.970933648796480461e-03,9.459542783184702458e-03
3.655635958922611090e-04,2.193703348071415066e-02
9.423220855988465039e-02,1.305745899013197875e-01
2.381972669748189803e-02,4.390412274115702146e-02
3.511212915108294919e-01,2.901083978117164897e-01
1.034558069542534653e-01,2.117622763628591032e-01
9.834313903090649567e-02,1.004026206375419894e-01
2.867594917762990026e-01,2.865141081490126251e-01
1.441733472706971109e-01,1.092645744907960390e-02
2.735598872806228044e-01,2.703652364029066058e-01
1.712069042990968515e-02,4.414176133302398497e-02
1.992855347208387362e-02,1.600100237482999024e-02
4.558965050449318990e-01,3.194671908743472732e-01
2.056910993498580961e-02,9.198152832609612570e-03
4.083117486752153164e-02,2.773925471173912735e-02
2.200594457244117730e-03,1.201641814040601414e-02
4.675429914355699705e-03,1.242505641741875654e-03
7.815618122907719290e-02,1.346550948008189141e-01
5.579417415412169651e-02,2.562376539951828971e-02
2.958650921012223947e-02,1.589990688669052146e-02
3.643975893169144192e-02,3.341537970034413191e-02
1.939035997856481883e-02,6.207760550345357148e-02
1.211181209771165224e-01,1.571165671301932021e-01
3.501550751844269109e-03,3.806149901202772468e-02
8.858383735711647042e-03,1.011776126182127589e-02
1.912846106993599526e-01,1.582376340641305223e-01
5.858539045503822346e-02,7.149217644139176098e-02
2.720294974685839029e-01,3.055897622974575456e-01
3.701201916823613353e-02,1.502505549984576583e-01
2.774912625368105082e-02,7.990231423193377893e-04
1.681847400508213949e-02,3.628003507437303852e-03
1.515758869251390174e-02,5.590497985941279835e-02
3.805908954656861409e-02,6.423046003644729274e-02
1.108566266344568202e-01,1.438664170711209389e-01
1.156013889485094648e-01,1.338796256572796495e-01
2.242005218882325013e-01,2.712959621841698477e-01
2.426018863657890268e-01,2.396824722457605583e-01
9.474681345327091130e-04,1.042195788548550862e-02
8.095741712686638225e-02,5.104067243155931133e-02
7.994057272210178819e-04,9.095254796072583170e-04
2.356614795636069112e-03,6.113234545628171710e-04
5.936603424022399850e-02,8.095859153199848335e-02
7.869343400616872139e-03,1.375954180197087862e-04
1.150058944047133824e+00,1.190899134599127773e+00
4.209859914668268033e-03,1.107157626396278703e-02
3.365960009176370282e-01,2.351914065146873400e-01
8.375487004575606423e-03,8.690423034893403342e-03
1.274592407759059937e-02,6.011310074665123654e-02
6.146606572551831238e-03,3.584784389870531579e-02
1.066171271783886154e-02,1.760253236621364681e-02
9.163871205616574978e-02,1.369794737678597107e-01
1.659760063142830949e-02,8.915738202012191138e-02
5.690758869305372059e-02,7.123969416147834036e-03
2.031133614349605113e-02,3.312640759783926775e-02
1.491212469974393003e-02,1.295910899466176831e-02
1.176300650834399310e-03,1.664550200932190041e-04
2.304529597756567738e-01,3.050204411454362496e-01
8.624006386226240606e-02,7.342329508774286806e-02
1.787495793439837222e-01,2.587809223199879494e-01
1.389546016950818086e-01,1.337877514303620896e-01
1.738820890831565269e-01,2.986965130218625086e-01
1.184806045602208036e-01,1.370592112712024913e-01
2.793086152692743679e-05,1.645257321200910066e-04
1.453219860271055264e-01,1.302956089198075151e-01
5.789492483084109076e-02,1.043802992319038531e-01
2.166697423734075256e-01,1.754989657660430968e-01
7.030879571881992751e-02,8.803130353988726509e-02
5.987947914559592355e-02,5.238513437124107247e-02
3.125241877919880396e-01,1.662161132641537253e-01
4.246140297007321325e-03,2.364688571742329035e-02
2.780696604231016819e-02,4.453339543610370863e-03
5.867670309746875201e-02,1.178739404566804712e-02
1.650838804341506205e-02,1.502331792026341713e-02
1.780823812041215370e-01,2.962852136515416457e-01
4.404143937279021703e-02,1.866574052128353728e-02
3.445077476032144814e-02,3.204207196214915732e-02
1.004104440373131818e-01,7.794342657335893987e-02
1.108409670285789199e-04,6.487957984623478162e-03
2.385947986730948545e-01,3.913366272732014539e-01
5.987164723315941545e-03,3.492226234675055180e-03
2.503675009643934607e-02,1.050722351567430837e-02
9.505446567152549611e-03,5.750601555149383731e-02
3.814393422741976097e-02,3.144648518963186548e-03
4.196257802482308286e-01,3.961109614591877826e-01
1.399925600585159302e-01,9.158527005051217418e-02
2.682254872574487137e-01,9.279594487428832750e-02
8.221936575729905938e-02,5.952871714481146326e-02
8.332263748214163712e-02,1.456536364538380257e-01
2.845001944562538729e-02,9.746009948003686585e-02
2.357962596864849880e-01,1.535571054780331679e-01
2.249415334494822213e-02,6.259425225696928219e-02
4.859630359037697342e-03,1.425541810301967239e-03
2.774380107310217558e-01,1.793260790369061719e-01
1.532417901708325002e-02,7.770717910246458839e-03
4.624071863323404863e-02,1.070027951363072653e-02
1.318606877195413196e-01,1.535298650108625207e-01
7.489316768395585210e-03,5.644100709100034752e-03
5.232604285340753947e-01,3.355849841569659153e-01
1.913002952111759469e-01,2.337810688284237548e-01
1.696022562625781049e-01,3.915170258981107154e-01
1.413227124149552816e-01,1.995116842629076070e-01
1.372411828029404257e-01,1.645791623887190025e-01
1.462092379512100145e-04,4.507771356580814182e-02
1.145932102973109233e-02,8.086351679678851915e-04
3.872022623691556698e-02,7.075491173825725240e-03
2.026644314297360722e-02,3.560525820093869698e-03
6.985671814255751955e-03,7.218262702184967405e-02
2.052109102606599136e-02,2.712506125560883510e-02
8.807901961616564079e-03,3.792940319470135963e-02
5.498147626091342936e-04,4.865416003879470541e-03
9.576768013900811838e-02,5.800246362029787273e-02
1.556906313295485476e-02,1.179146799931560068e-02
2.201238656406978855e-01,3.298467069245311634e-01
1.767819672871529446e-03,2.664184812848835655e-04
1.030746365078470256e-01,8.160371160346507891e-02
2.254772678566685506e-01,4.012362289684834327e-01
1.163131054983387175e-01,7.729616845606084030e-02
6.381333891089642496e-03,1.405301959930508856e-03
5.045938076284175317e-02,9.355919951258460932e-02
1.126718509222423420e-01,8.866502248774991990e-02
1.876740201007602582e-01,3.637554412184696995e-01
4.540433498034844584e-02,7.201565333311676920e-02
3.079042151182999620e-01,4.738817494690762411e-01
3.125680919067146124e-02,6.882336610891737205e-02
6.299444077749646875e-02,1.131312455833804465e-01
2.598448456169218448e-03,5.267620607601353894e-02
4.100774252686752164e-02,4.551534946466283954e-02
1.349173274177954129e-01,2.001067395424104556e-01
2.202050717078191389e-01,2.030327810713455916e-01
4.016708416062882842e-03,7.284507671256464437e-03
4.673229655685433998e-03,6.392559051636256817e-03
1.140531434633011570e-01,1.408007081274968431e-01
4.131425805700607995e-03,5.231132160848537497e-04
1.282531039515378279e-01,2.379256963116268275e-01
4.406170515793687847e-02,2.725283521459240590e-03
1.234313244555040878e-01,1.081485463349445703e-01
3.904673346519493219e-03,1.061649072334416855e-02
8.456420927998220885e-03,6.559359554287172217e-04
7.016042309572287188e-03,2.267656457576144868e-02
5.423571125497708006e-02,7.132577287658713183e-02
1.318719555329628812e-01,1.890350192335502055e-01
6.433491199911954561e-02,1.126412194285219270e-01
4.094866202094682960e-03,3.854684372189432647e-07
5.634248884765840140e-03,5.832034144101696377e-02
1.746982705467057390e-04,4.529624711763002159e-03
4.410801231499401898e-02,3.004033560344648857e-02
4.905733863764617786e-03,8.495949105331961071e-03
1.966404821321700302e-02,9.247426293179516685e-03
5.160292949527315459e-02,7.932127856399502630e-02
1.322044016041612729e-04,8.488476600003956439e-06
1.027779083016901462e-01,1.653822790308951129e-01
8.945003512608611096e-02,1.200839246634331781e-01
3.337455895874010675e-02,6.605656963594516706e-02
5.321385920029298583e-02,1.282123952296646170e-02
5.279149481162429686e-02,8.118561101772851785e-02
1.931950839630674766e-01,4.061147240797417513e-01
1.532883178413555203e-01,2.314319006626701092e-01
2.365128251880741980e-02,1.074431682007947857e-02
2.018986291976140601e-01,2.518606944719035123e-01
1.827192447384891061e-01,1.347846813347382544e-01
1.275040099774137126e+00,1.218159864409849247e+00
3.367085866543016032e-02,8.360362396550307870e-03
9.887098125458965159e-02,3.345659382741224264e-02
1.326791459049084070e-02,2.721545770357329183e-02
5.730302473482610376e-03,1.039168454042723247e-02
7.028820006193844949e-02,6.171774289106272959e-02
1.797940385517117837e-02,1.829031643383033541e-03
6.379069002039602920e-02,9.602843735606075848e-02
6.262842649760894664e-01,7.622958801417053509e-01
1.047257104397217170e-01,3.479853651434451633e-02
1.686479506965968831e-03,2.517186598198686690e-04
2.095376963473629117e-01,2.375618912193709631e-01
8.956837600349416492e-03,1.187227576745224743e-02
2.272698324323965957e-01,2.980760221991351488e-01
5.623334438410871466e-02,7.366327303565992426e-03
1.787913939962461063e-01,9.001078521540394062e-02
2.762808776006712088e-05,5.520818573866924069e-04
1.801606692107597107e-01,9.160393961701457366e-02
1.340098622516465313e-04,1.022419126578029630e-03
8.623746989543523700e-02,2.797096310223223248e-01
3.603021349992561739e-01,3.431747708879818171e-01
2.192329055462263476e-01,2.234414736798352452e-01
6.147332398522142860e-01,5.506107995192286442e-01
7.113658959177726615e-01,7.604790711356100852e-01
5.215566493716236769e-03,5.625880691177091025e-02
1.878157450156896224e-03,8.107847898107613293e-04
2.956040302110590767e-02,2.600702085216178086e-02
2.167513212283262714e-01,2.801317429161066519e-01
3.003352309411105175e-02,7.881304528038438062e-02
1.282386759938693079e-03,1.527572174114149900e-04
1.276516482351361947e-01,3.731481189659918707e-01
1.257361935419500643e-01,6.834636764794792263e-02
1.589527418809746628e-01,1.628483875980296647e-01
1.500740671766581102e-01,2.487806253149262847e-01
2.050744652825704506e-01,1.781058708380176270e-01
2.197411456342968430e-02,2.286805320561270324e-02
7.624662200365130149e-02,1.897709319826203223e-02
5.386006189430228019e-01,7.472148510832511414e-01
7.520566689868940502e-02,8.364780733278495695e-02
5.114028728318167349e-01,3.368492406813757278e-01
6.867995731866641078e-03,7.654600244406980884e-04
4.433584583094750398e-02,1.459602905930839356e-01
7.215772999977373980e-02,1.092781347966904903e-01
9.638631038762317249e-02,1.054954808217132139e-01
2.151435919737804958e-01,3.892510268368909454e-01
1.525076724534284167e-02,5.529034734110028354e-02
1.147473642744676128e-02,5.058384967354226380e-02
3.878865604790527888e-01,3.481591576542522048e-01
9.906085647922965864e-02,6.376583014943042194e-02
1.740261745918259689e-02,4.089200054017532587e-02
7.594923379522933865e-03,6.188462869638531151e-04
4.008297664337065469e-01,4.103992589749761444e-01
2.809258484270256151e-01,2.361055514976461989e-01
2.277963495224201440e-02,1.574364122722954340e-02
6.423862437641736367e-02,2.203326712121394526e-01
1.535842083162514415e-01,2.078269498420015071e-01
3.845628664867998259e-01,3.413441581141636316e-01
2.300475752044401148e-02,5.490872944235434573e-03
8.365983096210574677e-02,7.042126262512928003e-02
9.244277927166635878e-02,1.091451440379112986e-01
4.391177793055228012e-02,3.447688643875297665e-02
9.494201295772407290e-02,5.739618385861326721e-02
1.534813580369175368e-01,1.571127064793917394e-01
2.190414142882454382e-02,4.921284821514344821e-02
4.168775663412920517e-03,2.130481320116216909e-02
8.210252512983476358e-02,1.459073846416569266e-02
1.715727186450805540e-04,1.096863028646980219e-04
1.879230016579858109e-03,3.080835073319951756e-03
1.108626257026433266e-03,2.816314996054974235e-02
2.492908013380053522e-01,3.028316751220054837e-01
2.720010095841694092e-03,1.019022802550925873e-02
1.560932319940427637e-01,1.103425415597551196e-01
2.625493983543349640e-03,1.120337684888928279e-02
4.682529000262704300e-02,7.641921745290142232e-02
9.340859408501987760e-02,5.364982752904803864e-02
6.615066162091030877e-02,1.111930809988910945e-01
2.909081720825313147e-02,6.601828459295343635e-03
4.512111903202802553e-03,3.306833460244557217e-03
3.225035670789719311e-01,3.011618613603549988e-01
7.009128518954127474e-02,7.588756417179011449e-02
4.531945526656512568e-02,5.997186024211162425e-02
1.299333631698167679e-01,1.770337240876233564e-01
7.256993074343935923e-01,6.885250408485928952e-01
4.856238056507188733e-02,3.691621249901089891e-02
9.169329804674879181e-02,4.905472178171175340e-02
2.330195728399749311e-01,2.571234187421732598e-01
3.555643463452139554e-04,1.150322101389152953e-02
2.280318127137291317e-01,2.859071350698736969e-01
1.548293570867029789e-01,1.917539436604805692e-01
1.533081783424280753e-01,9.557041700608530366e-02
3.112135210980596848e-04,3.504131716612744361e-04
6.070995025946790413e-01,5.017390058789719109e-01
1.512225317763829235e-01,1.160386592516120668e-01
5.286848417574292226e-03,2.940378385277153499e-03
4.419612161373386722e-02,1.723606409984544674e-02
6.756986496150328703e-02,1.551646523870126200e-02
1.860370679012813416e-02,3.189817586269122485e-02
3.825047675609915543e-01,2.876244683822358206e-01
1.506384582966481811e-01,1.751363039403697752e-01
3.546826732582500918e-01,5.584683411738262659e-01
6.822611865936913447e-03,1.072803652702022242e-02
1.718753740492875715e-01,1.215088282900783356e-01
1.826921837364630773e-03,7.097491547668505207e-03
3.917588680475454083e-02,3.855666334639019921e-02
1.703560078110757658e-01,1.184631115225072417e-01
1.960818948360131542e-01,2.226483829534311454e-01
9.152484142906766595e-02,1.593883462156867326e-01
2.500325521096968123e-02,7.685187653343739794e-03
1.296855427630864699e-01,7.865057395387907435e-02
1.612279641838227362e-01,1.042904086007337000e-01
1.342609464377306390e-03,2.509258183525167260e-02
2.921360539805489820e-01,1.403507735628432285e-01
1.375161295109002604e-02,6.324257176483764897e-02
6.668741866020236157e-03,1.630850971383934539e-03
1.117800478423182711e-02,8.214613937849815986e-03
4.672793514802994763e-02,4.665388285004233582e-02
3.410041013577724822e-03,5.834022146607240576e-03
9.046834209493453960e-03,1.059441879258900092e-02
1.277097461769154119e-02,1.096140039662293067e-04
1.171702272504425574e-01,1.773622394979997852e-01
4.562518948699843119e-02,3.479916312454151700e-02
4.557310495174322212e-02,7.734634072106129875e-03
2.094058178458526598e-01,2.626513710136130220e-01
3.233903078878230808e-02,3.371194055243220689e-02
1.117346824193573250e-02,1.505775382755569596e-02
9.807398265319318409e-02,5.614100175931240749e-02
1.466507633883174823e-02,3.288186663680821298e-02
6.890114882541920754e-03,1.823247148363925721e-02
8.200769482010548950e-02,1.013084269047286601e-01
2.338486926817694850e-02,3.870351527202768593e-02
6.982769958189485870e-03,5.303693141441391534e-02
8.271745185114089127e-02,8.014432882178958162e-02
2.801837892389018592e-01,4.653971672819582350e-01
2.138493471077540786e-01,2.354723914200336221e-01
2.003883122327808908e-01,2.431070227985758503e-01
1.357282903923063000e-01,8.595691424346643683e-02
5.627386251677151119e-01,5.906248172282484443e-01
9.169157407803149367e-04,6.792749316461205167e-03
3.014608392661185521e-01,7.060162788273016687e-02
3.252678565413560374e-01,3.145502077858455814e-01
1.882581115902516589e-01,1.553931620297306915e-01
2.438157419577343665e-01,2.669535111886539580e-01
1.128569874697000486e-01,2.196878112443041986e-01
4.779285078843840961e-02,1.011221172545262031e-01
9.939289110511217995e-02,8.052461123670631715e-02
2.339986323815975711e-01,1.899291348738365859e-01
1.517180996105055024e-01,5.741716314176735503e-02
3.135405483352092793e-01,3.594648144104737875e-01
1.825447721583535465e-02,7.873233524354452534e-03
8.906016793152384805e-04,1.609634860771433362e-02
8.826086828134485640e-02,1.280792428558371332e-01
4.437976441362076474e-01,5.120374301384712501e-01
4.419142772740888153e-02,3.394589213804998645e-02
4.730106245013457854e-03,3.840674237059737376e-03
5.836104747717644554e-05,8.614518057130466852e-03
8.007965598026330360e-05,1.720975011505136276e-03
1.943719582767581000e-01,2.595643926098391563e-01
1.664318994199122902e-03,2.928026534211300089e-02
1.051866372212224496e-02,9.806094437913028330e-03
2.309684428261432054e-01,4.242675928141946273e-01
3.433495833669566381e-04,1.647144309926883978e-03
1.680023951864440326e-02,1.963596262362394054e-02
3.055258141580222686e-01,6.226876760196926597e-01
4.700243365816857144e-02,2.407589525375050388e-01
2.978861059308333115e-01,2.818701077454918158e-01
8.978920864811014424e-02,3.013914520735156907e-02
6.177469265556209503e-03,5.951454186944668198e-03
1.776335090740739642e-01,2.382714498135770631e-01
2.205193614299294502e-01,1.588021848532792657e-01
9.731112790653234645e-02,2.919118330254003024e-02
9.313559224468244413e-02,9.694578754197835657e-02
7.808764407758911862e-03,6.163080592161102739e-02
3.847390108656638108e-01,2.059236979142338997e-01
2.707707446573569543e-01,1.848146394329477360e-01
9.454530850819886645e-02,9.318493665298591133e-02
7.062920957776966935e-01,7.180088418109015214e-01
6.370560093180975547e-02,1.515432256974875991e-01
1.864839837082715446e-01,2.192959144577891484e-01
9.295856411575251221e-02,7.720934097856130274e-02
8.366606869770845667e-02,8.607687449590474549e-02
4.142836784418049700e-02,4.495516149692905389e-02
4.487121440954654900e-03,9.580049204219683034e-03
8.703095504973583016e-03,1.508874728238206522e-02
2.691077558941558888e-03,9.072275322574050241e-03
4.445839439222344924e-01,2.648975203288319036e-01
6.536345583508190726e-02,6.703725976053148683e-02
6.684006647612451835e-02,5.387612562385080822e-02
2.895370754839333149e-01,5.068823248624965139e-01
3.639928993807675542e-04,1.490064215992865666e-03
1.440221436764340113e-01,6.490768747674856287e-02
1.075568600688567161e-01,1.221042558794144806e-01
3.195582290150967286e-01,3.991701793572464685e-01
1.479684587870850054e-01,1.088836136072040411e-01
6.583191042299094686e-01,8.129338434203018382e-01
3.049459293461119214e-01,1.389550840291532974e-01
3.073502829060602987e-02,8.637759676953840268e-03
2.605013995770771060e-04,1.790924886234038574e-03
1.906306272692580572e-01,1.370787158096498093e-01
2.504731388332556274e-03,9.730911401518636122e-03
5.929784122948602576e-01,6.989358925051905036e-01
1.063747242577646468e-01,6.940752957193996320e-02
1.163813157613508530e-02,1.551405742562553085e-02
3.154210229028471812e-01,3.565097895701938580e-01
4.956390383403558308e-02,9.121960325544653525e-02
9.866800123154753632e-02,5.740054973744569689e-02
1.152479746724836551e-01,7.241685263362897251e-02
2.623961866476697859e-03,5.915333606580818370e-10
1.358753407914007894e-01,2.872108391498973123e-01
1.806436449362587527e-03,2.182640104914073537e-02
2.305113483966355487e-02,3.830636330190652274e-03
6.576546193071651503e-04,4.778833283927821918e-03
5.143810246324027891e-02,1.586473922500057643e-01
2.089386976005955677e-03,2.217268261163200544e-03
8.035082172491393726e-02,1.784777065998987833e-01
2.076507500534704315e-02,5.298435482020383454e-03
1.067047931790295230e-02,3.671780506545769401e-02
1.674266410866834601e-02,2.987099192010740298e-02
1.556820089945013452e-03,8.166378790209757182e-03
1.828719800715701005e-01,2.420431422344679062e-01
3.470032642008259033e-02,1.085845317363170505e-02
2.624633937181008320e-02,3.304287795247261988e-02
9.613873153036602004e-02,5.351833861754629051e-02
2.817217522829024157e-02,9.947216213692948450e-02
1.035637465594904812e-04,2.573670450966901262e-05
6.126937557104824572e-01,6.077305114884634651e-01
5.679166944184690924e-02,8.773454836535565793e-02
1.288469242666076715e-02,2.412956233852043154e-03
7.749068061899648530e-02,7.625039942254398240e-02
1.053705038195776461e-01,2.618634025003905783e-02
3.088572929917543942e-03,7.599091467368905388e-03
3.175382675467888251e-03,4.494078829056219330e-06
1.102005282815206183e-01,6.687665267636726252e-02
8.245083968493858301e-03,2.236330573765514529e-02
2.388821738139114415e-02,1.173873053250246573e-01
1.663494194814550339e-02,1.505096607762104462e-04
8.432145462566814631e-02,5.610335060540466018e-02
2.506496020907506006e-01,2.680978771161696139e-01
7.389890861509535672e-05,1.102759711790263740e-02
1.647382105099556848e-02,3.692044350213608342e-03
1.730131618667971882e-01,1.937761548439682346e-01
4.937886415694179298e-01,6.179098218693064304e-01
7.251238104530320638e-02,8.940948013303532532e-03
2.114434706354208562e-02,1.137888343126451391e-03
1.026398848281933063e-01,1.351210482227985787e-01
3.919973902305187025e-02,4.474397658854781246e-02
2.510268070598608409e-04,1.127202760323437782e-03
9.719539433422954558e-04,5.107149739806703809e-03
1.494908297817429121e-01,7.168620122800685446e-02
2.854295474601565435e-02,2.886498971363639365e-02
4.274680182423679087e-02,4.659761124007160554e-02
3.228865009248733323e-03,1.723206755363694250e-03
4.769709118826233607e-01,6.232400475183097477e-01
1.518911479433725752e-02,2.374266296837614088e-02
3.571864121758141740e-06,9.153449430107805842e-04
3.116425345084626874e-01,2.211474315986715067e-01
2.488415935592740852e-02,5.639231570714653419e-02
8.573947755199141929e-02,8.363599564404143594e-02
4.040554140428725960e-03,2.646178800621331803e-02
3.154908323969738727e-03,1.255117584455626295e-03
2.536128045889788907e-01,2.592164792511626459e-01
3.687114312113200232e-02,1.151753219962652931e-02
9.779652257622131750e-02,1.420194325642850919e-01
5.363512789394822913e-03,3.018686681009289784e-03
1.160620955469650328e-01,4.137388124029902636e-01
5.424471108643336148e-01,4.315706935685068024e-01
2.440940673543701145e-01,2.349729213672181183e-01
6.479057652974887227e-02,6.651994496137143831e-02
3.474507927593954992e-01,5.225487661884571366e-01
1.815297174217296583e-02,6.369604882109035360e-02
8.691288300480311257e-02,8.148608927362427368e-02
6.350481588714632086e-02,8.261423308287854650e-02
2.735290688452775010e-01,2.812591918756612852e-01
9.070162141915275034e-02,1.564281815682784793e-01
1.959584161456854323e-01,1.606375982568163385e-01
1.214988416396328430e-01,1.337146257448047493e-01
4.657021319138724968e-01,5.381259350612090930e-01
4.162823201201209383e-02,5.025773062335447267e-02
2.340846062487130785e-01,3.494712290402304244e-01
4.881464610538937404e-03,7.354686077106443662e-04
3.430736532052522381e-01,4.187205368619507095e-01
2.697250840642045344e-01,2.564225535173029202e-01
1.982107704799641879e-01,2.152000281401067472e-01
1.648047201428460770e-02,2.964818243454045085e-02
1.131164720938640885e-04,1.431430482297009650e-02
3.994966828011189096e-03,2.075064513921320484e-04
2.361444714056396832e-01,4.404401230473599660e-01
5.362184480172598605e-02,5.007383317143194318e-02
5.791669566842240838e-03,2.748049798322538739e-04
1.473619730044248566e-01,1.038609656146937954e-01
6.286596051295437193e-02,5.851297913224663000e-02
2.622628654350788249e-02,5.489839960069449465e-02
2.223597861639402817e-01,9.789165845136228727e-02
2.358276907683361928e-02,3.829861254568880241e-02
5.827433338357533577e-02,6.196185097175949466e-03
2.930180611551953720e-03,5.535633596228483992e-04
6.694125561507885402e-02,1.067412872238032301e-01
1.024788772750614557e-01,1.701092285780348712e-01
1.305481478890415381e-01,2.588004566073091595e-01
7.048470913208352076e-03,4.991747260777564844e-03
2.937403613709674115e-03,1.971046961948794488e-02
9.297944135514046914e-05,5.235408712185749165e-03
6.887303168594732577e-04,4.612695940075807119e-03
3.370001982378478811e-01,3.222203467699911172e-01
2.148209705156335289e-02,1.326254341628714008e-02
3.324817211961704766e-01,5.098932488558364229e-01
1.921303129862179026e-03,3.593486573338124275e-03
2.641532952276694820e-03,3.052725669207055972e-02
2.704357776082031567e-02,3.068235323917475540e-02
4.812614432509324525e-01,4.379274385847568563e-01
1.685024777680231220e-02,3.070554572799982784e-02
5.679672973764027244e-02,8.581665641527881638e-02
1.316135754904020246e-02,4.886384409555984826e-02
2.204939633077413752e-01,1.768698483675234523e-01
3.680898399090606898e-02,9.874683309160255107e-03
2.322485472512637039e-01,2.771293990490515946e-01
5.693973621188988012e-03,9.418227914226811812e-03
1.345766280196223907e-01,1.086760918526961384e-01
1.067626350414472708e-01,9.126466066707533686e-02
1.195780654736207198e-02,4.815876931740052037e-06
1.165800048567390002e-01,9.656285374613506056e-02
1.874277068777143937e-02,5.842364517810645121e-03
1.542274208380695066e-01,1.284752906041261300e-01
2.756192018474907125e-03,4.033538749939607516e-03
4.874422303403513207e-02,5.822208704991564850e-03
7.698774254215175195e-02,9.345065548973501002e-02
1.522215565797935544e-01,2.668089523789133888e-01
1.467619117949254572e-02,7.106498689774275179e-02
8.834337731031606175e-03,7.077390982219214366e-02
7.122541604280224758e-02,7.400288649489779325e-02
3.211413391247360249e-01,3.661355436747881775e-01
1.997247355044000361e-01,1.882787785020703097e-01
2.429145699469588415e-01,4.713168888487545560e-01
3.333281541467320204e-03,2.936555343796263574e-03
4.798278439936037865e-01,5.652697010556492208e-01
7.638890707116630097e-01,7.832457389718047169e-01
5.352658629410898122e-03,3.927369781292262439e-04
1.059031683767966553e-01,7.700598727320526193e-02
4.275311425096710027e-01,3.556521973685068394e-01
1.303328616088941516e-01,1.585077538864809732e-01
8.012060759709541125e-02,1.208742744526774271e-01
1.130048992818514092e-01,1.241852029197357266e-01
3.431498715483256856e-02,1.160718451968816142e-03
4.489171199936858869e-02,9.538824339056514723e-02
2.294582030457326810e-02,4.042375828277165739e-02
1.811336903420896274e-02,4.925293294858706754e-03
1.478588063571489343e-02,2.439258707919514380e-02
8.924138125958136145e-03,8.456655572864582582e-03
8.719180001601808949e-03,4.631498487634704703e-02
5.331090580182440419e-01,4.469477478674987458e-01
1.496600391904414074e-01,2.594043222216166344e-01
1.726543029988998890e-01,3.505155302685104557e-01
2.998371552117794492e-01,3.402138067935220889e-01
1.365954380499050103e-02,7.162856727474770091e-03
7.471479998312179939e-03,2.240009493384634417e-04
1.730955471028964021e-01,9.358048502067768670e-02
4.233580427473134650e-02,9.268868882899997108e-02
3.338227760398977395e-01,4.094269543642965470e-01
9.007305456141755096e-02,2.058698909453106074e-01
1.832188776555459392e-02,4.003987972990742314e-03
7.894405162083389092e-05,9.845835578285583312e-03
6.487855227329967188e-03,7.824775023132881854e-03
7.119880843642002743e-02,8.771255006397558895e-02
1.846351227122393010e-02,6.107590884295702877e-02
1.896244412567198168e-01,1.407243416161252647e-01
9.940910905948113774e-02,1.571158361947707360e-01
3.139613055123429558e-02,3.107938330043620925e-02
2.126390503347415639e-01,1.569328043951495888e-01
2.225720989206962967e-04,1.964250645742430385e-02
3.352610146384919776e-02,9.456945162416796288e-06
3.234733649298190353e-03,8.047518391920058939e-03
3.451483020514764521e-02,1.035634162950406362e-01
3.099014541017979744e-03,3.208089407874051974e-02
1.774123836511766472e-01,8.109631032997897948e-02
1.476108322338970102e-01,1.409966723233381236e-01
4.025606551965468056e-04,1.602719017511084615e-02
5.295161218176987379e-03,1.712355910277941692e-02
1.553856726477450545e-01,3.456964617167578302e-01
3.288195569470128143e-01,3.727916758449062451e-01
4.277952613072405486e-02,1.200167484450269731e-02
4.272400287784828832e-01,2.857224735988740938e-01
4.633534379900938749e-03,5.144540467983092780e-03
5.637872228444993500e-02,8.984199706104268809e-03
5.164845720523288802e-02,3.522476947872244663e-02
1.531398121490610414e-02,2.654111147242304951e-03
2.353161854068593420e-02,5.104769358197045609e-02
3.794155218078042180e-02,1.902786352999245589e-01
5.643472509519497846e-03,1.420477199005816538e-02
1.969589240130278571e-02,5.228992998919775037e-03
3.080731509692595863e-02,6.732699394918305325e-02
1.020313604994247392e-01,7.321285346554826101e-02
6.015101006880263848e-03,1.151196491088757497e-03
1.076239054170113757e-01,1.252662888527449336e-01
1.619114219660792997e-02,3.145333782394957572e-03
8.070375686504797919e-02,1.550766690549328919e-01
1.720332920258709763e-01,5.402495252508261736e-02
2.040419164990862344e-01,2.649027532600132795e-01
6.320330155470597899e-02,8.971838979458430369e-03
7.192232457340677065e-01,8.341293102194686782e-01
5.254854796028093585e-05,5.821454736858524930e-03
5.668860449340474422e-02,5.905547776358278933e-02
1.491842850406225295e-02,2.544453225637203012e-02
8.331892850344677299e-04,7.681151095930870143e-02
1.879069261349686909e-02,2.011439531180036870e-03
1.626985802308285045e-01,1.103184567537270205e-01
2.420877838820924832e-01,3.101594634175567911e-01
6.944818072867074699e-02,1.309662989213779827e-01
5.816188010743629858e-03,2.043344413215104211e-02
1.005572418640571508e-01,4.576234011789308449e-03
1.469405841078819663e-01,6.719041716510278095e-02
1.171483486085461365e-02,8.438101454012383873e-02
3.251590470087702966e-01,3.400542035347151049e-01
3.988646697401163066e-02,7.997635111404578778e-02
8.422259792872370532e-02,1.581129061364060923e-02
2.681532887075283381e-02,6.404939735696223158e-02
1.663949643334897361e-03,2.641969092005544417e-02
1.042735816177529223e-01,7.242431340146633645e-02
1.562626297943414677e-02,7.332089894731273413e-03
3.369593681264673735e-02,3.986707901319670039e-02
2.839392722456932638e-01,3.614599517928550609e-01
2.616730970641256704e-01,2.091134094336849214e-01
3.476823337908326733e-02,1.744218359266706472e-02
1.086540069520147553e-06,2.733314445826734440e-02
1.494358839440200308e-02,4.854855676089946982e-03
1.104662406829901300e-01,7.747912254074405813e-02
1.822280961860311410e-01,2.420175598208423040e-01
3.932550847664774245e-03,1.378582417957548156e-02
3.717789863463083488e-01,4.396099940545222240e-01
1.043446084358674447e-01,1.018136341656973587e-01
1.487243860977331385e-03,4.319831628747974309e-05
4.865005054498341280e-02,1.255772301214355957e-01
1.367490074497225948e-02,8.876590190981624787e-03
1.094021719550158098e-03,1.751353801084417142e-02
2.041628710566282534e-01,1.455866265419573646e-01
8.825394288421299638e-02,8.046698690688873501e-02
2.814343181514490366e-01,2.503640092538595430e-01
5.698163674520391464e-02,1.629122442700667861e-01
5.394013926503254562e-04,3.166020609964370625e-02
2.330695635306958419e-02,1.342725792388147280e-02
1.504593145406570888e-02,4.261964675362684210e-03
1.299125425358703487e-03,3.387406763176233505e-03
3.465767004119301494e-03,9.422646151947396088e-04
1.536456093316698468e-01,4.038053022429443084e-01
1.576653968039854956e-02,9.811605660618044362e-05
4.694637887878647109e-02,9.664299198508023714e-02
9.008261408657285141e-02,4.847691494363406961e-02
1.298678119664484730e-02,7.644448235953288373e-02
6.472437998054282327e-01,9.167157654292303892e-01
7.792884974706791590e-02,8.821135494652121434e-02
2.101514452791629003e-02,5.062464124502707866e-04
4.976740038368533958e-01,4.965066867711860898e-01
4.078272596812263506e-01,4.049562354006115417e-01
1.320960144882637848e-02,3.929416218275714329e-02
1.866714008563222921e-02,2.128499718380605366e-02
8.966541495350082748e-04,7.734771441944292454e-03
6.390204027188493840e-02,2.792601964818305915e-01
1.275943253960242245e-04,1.161345479214165657e-02
3.330200986438809907e-01,4.727225286297394580e-01
7.402796582476911524e-02,3.327593971444881699e-02
4.683156687259518863e-02,4.096171823663853628e-02
8.307787334374669083e-03,3.469998365583285005e-02
3.247573762560752864e-02,9.741270107689768351e-03
2.312666534391050466e-01,3.019709957919215482e-01
5.364697364011883352e-02,2.174534419363456997e-02
1.975648399230069407e-01,2.138957585983836951e-01
9.747397716394061733e-05,4.448825266242019752e-03
1.214826682899937046e-02,1.339945112732147080e-02
6.021151366949804851e-02,6.901343384230104738e-02
1.893425223722377398e-02,9.467122501299560580e-03
5.104289974799740559e-01,4.559647283893628056e-01
7.824988788755005489e-03,4.973063124541261815e-02
5.537006331174905149e-01,5.452680918372225793e-01
2.664697999179874155e-01,2.045318536231749695e-01
1.853205812638891725e-01,2.174812970236620624e-01
3.198843022031812831e-03,8.522921147300407257e-03
2.724362088582769625e-01,5.548434112568073617e-01
1.726937969032686155e-05,6.706567647834238421e-02
6.164937698683641866e-03,6.813820699966728622e-02
2.818349280044751826e-01,3.181774485355093329e-01
2.696373432511122714e-01,2.726145064181411670e-01
1.369114828817884488e-01,2.362362081975473149e-01
3.385634005597218388e-02,6.449353411952091480e-04
8.147780698728777915e-02,1.372325988042819300e-01
3.934950431944785054e-03,1.020624147015270758e-03
2.533197446093216620e-01,1.541673585861376428e-01
4.710196439065345080e-05,3.608081440788950441e-03
3.315046901273751567e-01,3.279340440486216979e-01
2.752225494602030809e-01,3.060158670139190851e-01
3.728697690047351188e-01,2.508694293902679617e-01
3.006743672556980856e-02,7.859869738266581085e-02
2.436730562772770545e-02,3.829799917604970031e-04
1.177281552086402623e-02,5.912364765404582584e-02
3.969032666167036649e-01,5.633153878972594342e-01
5.737763188696713007e-02,3.192163322698555322e-02
1.282718357417192701e-01,1.186022583143263170e-01
2.999112170029219482e-02,4.233175890087071541e-02
4.471416110210288397e-02,2.129778294974032232e-02
3.866989272596751959e-02,1.819805160610076314e-02
2.599082485667258274e-02,5.168814323869655447e-02
3.864646364307758666e-03,5.171294997566628152e-03
7.358278077836728770e-02,5.642531113154649475e-02
4.625774254701284921e-02,4.060292917095021520e-03
1.945664172032534611e-01,1.489297567766324493e-01
2.336270824517867710e-03,2.006755792852838935e-02
4.445899562574615917e-03,9.862793276088551234e-03
5.230696970599911511e-02,1.771738587246491498e-02
9.881591035143098833e-02,1.245440477418362085e-01
1.013232271968815129e-01,5.852118486654296625e-02
9.055704906329171966e-02,5.646157330585620249e-02
4.098154964449022275e-01,4.001445440804598519e-01
3.785537009499437278e-01,3.315072387577072122e-01
1.712815330728746366e-01,1.785642909870358841e-01
6.006200463869881129e-02,3.114919003895234503e-02
4.507489214815212433e-03,2.242579067988193387e-03
8.578217510285020145e-05,4.660226438905758911e-03
3.083263090649503158e-02,5.312573318040021003e-02
4.525704242618786011e-02,1.355281479376897746e-01
4.111541984196350093e-03,3.665576052832558458e-03
6.246750926892451206e-02,1.259090349547455356e-01
5.216135193500717748e-02,4.311106225345580356e-02
8.458464971524588816e-02,5.709523885340492960e-02
6.217634019024165237e-02,1.923550773062104174e-02
4.933510562951504141e-02,8.710247610371316118e-02
3.913618051472753101e-01,2.865202835318198527e-01
3.240999402719440398e-02,6.237560945616255070e-03
4.459686717756018715e-02,8.567549242800834297e-02
4.332428327032292886e-02,6.011500659217343390e-02
6.794228630090065613e-02,2.807899377067368460e-02
2.378574603206564525e-02,6.011521350951545828e-02
2.381753425539374566e-02,9.804308330851562586e-03
2.341523858973552571e-02,8.313375272987635553e-03
3.221882088414211864e-01,6.049280582652982741e-01
1.257166854003645895e-03,2.179124408419246071e-03
3.309636250154546211e-02,4.794218375416928191e-02
1.022040396506742645e-02,6.956187032695035447e-09
8.143293644178666024e-02,1.062798109947643427e-01
1.025749263680017595e-06,1.732233418280986620e-02
1.277605795224337204e-01,1.334007382203457881e-01
2.235776452745455722e-01,1.664567194519134818e-01
1.911838020378519437e-02,6.083667032877868724e-02
9.123179854046113701e-02,8.734026264487548818e-03
5.251452040590880860e-02,8.643192961512359551e-02
1.275647590801774756e-01,1.666810062218882227e-01
5.254669958008795216e-02,6.692705178138964872e-02
7.293172989317880115e-04,6.076400027903119400e-06
1.500796141388143767e-01,9.311926350986164669e-02
1.810498211013613079e-01,3.516303184870850917e-01
3.417999171530596014e-02,3.370224671977204572e-02
1.613748005105617167e-01,1.598255263852724206e-01
9.080033317614699673e-02,1.463027579587968807e-01
2.131699535501641388e-02,1.298195174010052522e-01
4.450325775127774719e-01,6.076252293415361772e-01
1.117466567124279081e-01,8.850634083241733230e-02
3.623779446808094579e-02,5.107419535534925281e-02
1.963457874227103953e-03,3.040789012351738352e-04
2.092890860948620150e-03,3.447862889804940555e-03
5.216809886877763619e-02,9.228427911724079724e-02
3.052429173396721540e-02,9.669308735058011750e-02
5.806572390767743980e-02,1.338890697120832529e-01
2.765910102093669942e-01,1.233371093742991198e-01
4.009812255573533268e-02,1.043405932536985636e-03
7.051949776441521212e-02,8.476951023346053493e-02
7.380818385645497234e-03,7.480735326195766220e-04
4.759089494495896688e-02,1.491907193011961751e-02
3.183183642639112604e-02,2.658156416335406835e-02
2.904328474281093753e-01,3.762917968072833075e-01
1.620099207722259516e-01,1.908344143041236785e-01
1.925922437799951481e-01,1.787657456155928581e-01
3.722153596746285292e-02,2.980870620898048648e-02
1.592981370131740237e-01,1.611588574415452890e-01
6.929089707056836078e-02,3.089939654762363652e-02
1.072205484633920736e-01,1.746889160832456045e-01
4.493251490668832560e-01,3.027992762727355625e-01
1.779215088572916586e-03,2.076930862102601902e-02
9.535480243446339821e-02,8.158847253292533103e-03
1.284009714460433160e-01,1.883121296703336445e-01
1.432309860050537120e-01,9.160824479007446952e-02
3.250368268280012241e-01,4.498773107360307666e-01
6.181138995385074969e-02,4.686139267530665259e-02
5.873477939463214031e-02,2.235645997637978818e-02
1.958497489243357648e-02,2.378860206395488897e-02
9.833471731312545816e-02,1.280666157807909544e-01
5.899035603961506332e-06,5.290493489488473254e-04
2.365373739165103559e-02,2.165665691221491454e-02
1.406998833300104196e-02,1.548452279850871458e-02
4.754161519853441266e-05,1.451553842347801798e-02
1.483469128240705835e-02,1.671142985061654235e-03
4.240386754849992390e-02,4.156131890976735160e-02
6.158979419314086247e-03,1.085280835672640110e-01
3.435630091655796359e-01,3.198159534098776180e-01
7.673670447879076262e-01,6.548319171793598459e-01
1.427031839520151724e-01,1.465712998023909475e-01
1.229023570680879140e-01,1.462496838727451731e-01
2.764816119625701616e-04,2.579235694087269812e-02
6.076601126082216420e-02,1.512139325419265511e-02
2.046530910264852399e-01,4.561980249160840772e-01
1.489344867255369409e-01,1.063323677064001854e-01
3.775426501332378865e-02,2.024742695989682761e-02
9.718292992374326714e-03,3.854640225600664688e-02
3.882958817231440228e-04,3.880709039100721340e-04
9.364985734319836164e-02,6.149880588783369906e-02
1.369487957836867074e-02,3.460831743829705792e-02
2.889707089624709568e-01,3.398941041877747704e-01
2.771112857470657900e-02,9.474674699934394762e-02
1.087601351726877330e-01,2.382370768006922546e-01
3.643617399884235830e-02,3.268100396256068407e-02
1.717187889283973076e-02,2.711555585924880487e-04
2.140348869327091397e-01,2.158822132628265555e-01
2.042837613487689663e-01,2.445935296386189117e-01
2.069957314962659820e-02,2.543443603154543417e-02
5.769356891848861218e-02,1.312085575085917936e-02
4.572923393249610224e-02,2.620604211138228765e-03
7.454443121134015637e-01,8.966147396419299476e-01
1.168373018656970880e-01,9.265120797809840714e-02
1.275333947286626420e-02,1.557876416722508636e-03
4.065780392162018225e-02,4.482679415352752716e-02
1.129293986358928803e-01,5.772154163056126414e-02
1.785538570898287103e-01,1.571141458779034827e-01
1.643058352449248138e-01,1.815093123124866259e-01
9.658187495846813631e-02,2.605577448556343004e-02
1.887719115863555064e-02,2.307533027983487556e-02
6.920247077171407099e-04,2.991542622036098332e-04
2.629483349093433581e-03,2.818538923290288614e-03
2.567258332908902152e-01,1.050047494629089140e-01
5.604170142250384547e-03,6.115700288421317167e-03
1.062390901778929007e-04,4.894051358539595322e-04
7.491714673054618127e-03,9.694976987028810361e-03
4.555955166020091325e-03,1.182503052115208095e-03
1.804883821151445980e-02,4.553084146541730974e-05
1.954659798130030379e-01,1.583869184746029835e-01
1.019911224010772513e-02,1.522337323661395337e-03
1.577581708630346885e-02,5.823848534261746868e-02
8.948319497015337631e-02,7.170573100197910610e-02
6.577165836511106312e-02,2.856456962127912683e-02
7.102223051387230798e-03,5.172230451829905838e-03
1.061449698221173660e-02,4.641074558376908970e-04
1.332157300489820173e-01,1.910916201477496634e-01
9.049703300770612279e-04,4.644648887068231723e-03
2.259451243838892509e-01,3.790283715812213794e-01
1.406971244857069432e-02,8.554738527402560092e-03
2.253310693564369860e-01,2.470208662078778872e-01
1.500762093521992987e-03,7.288491738082142953e-04
8.913929279491191598e-03,1.971602600907973804e-03
3.745404068325717834e-03,5.865694124066578308e-02
3.747327210053080088e-02,1.296834838188819748e-02
2.894916144395787497e-02,3.691751225467643227e-02
3.066628497841829004e-01,4.103126755117391111e-01
2.812786081511898031e-02,1.000776758260560895e-01
3.407427449250095873e-04,1.571045269576450219e-03
4.188328705742799252e-01,3.581923455530968692e-01
8.579157965570716193e-02,1.120046582011631903e-01
2.594794358152257945e-03,1.950699019999868264e-03
1.580488639636649650e-01,1.099094363643603467e-01
1.042971820464348547e-03,7.768457050194232764e-03
3.121327790273405872e-02,7.589929604669687357e-02
1.506395364161684070e-05,6.940795261865737031e-04
1.826362105721951803e-02,1.939909463442237789e-02
3.583671803941008895e-03,7.643237340033265381e-02
3.321303815129161060e-03,2.677201045172589154e-06
3.172182534756563116e-02,4.438553042851106699e-04
6.645197262892692247e-02,4.673642290887775746e-02
1.615227306895623827e-02,6.925347799017590907e-03
3.361706056829104616e-01,4.111052795863857079e-01
1.024718324129674472e-03,1.465169821247570706e-03
1.932863479385389617e-03,3.204980081414852272e-02
4.255871277274668185e-01,3.473098927139452452e-01
6.218752719609164231e-02,4.180454139711410610e-02
6.024503945625803158e-02,1.464100066754856211e-01
8.368195382847747055e-02,1.430958852611253496e-01
3.196707828507935022e-04,3.223061474655113329e-04
5.305381717238215507e-03,1.427351530386105141e-03
4.654340289259389918e-01,3.158632004530836368e-01
3.289909338207947648e-02,8.029110456000030163e-03
8.678642988541243955e-03,3.545728705185854316e-03
1.282297498072308417e-01,1.411899313679311208e-01
5.255998612686944155e-02,7.822525378541986263e-02
1.244517748158065901e-02,1.021994533898486039e-02
3.084258623566899990e-02,1.822652364486471166e-02
2.189057218559822826e-02,1.538619794380421957e-02
8.779680223313521270e-02,4.493364401290757953e-02
1.444466558834555103e-01,1.648451784505491902e-01
1.059937305281871134e-01,1.633191061060036420e-01
7.136198777024276296e-01,5.402097823784058894e-01
9.538027148482171313e-02,1.098930237889436667e-01
1.198603157605986624e-01,4.299106574582311352e-02
1.085696447111046958e-01,1.061500251861004634e-01
2.750202761314435632e-04,1.343501316240301507e-03
2.664509496356596077e-02,7.713860471734580726e-02
2.254829462606378621e-01,3.031381578205916694e-01
1.517789738913289874e-02,1.415312988465383497e-02
1.267852034943189043e-01,7.246586470848619121e-02
1.120933781553356753e-02,4.055661391454754689e-04
2.454074146139038626e-01,1.368514892972903518e-01
9.165696281815743918e-02,2.349170855544338576e-01
1.753694183614762370e-02,3.167250261991873001e-03
4.622682919004086899e-01,4.811438002322420138e-01
2.647268140488400617e-02,2.986417602118593417e-02
3.156421328962020296e-05,6.451792283104413098e-05
4.147799915945532545e-02,5.095980247914023292e-02
6.491272853320310121e-01,9.167079202040828712e-01
4.149334960074734652e-02,1.329872572108820733e-02
1.705337647520786684e-03,8.204405309838569416e-03
6.437767427999900116e-04,1.695518996095726066e-02
2.255988195716724168e-02,7.249813624843118309e-02
3.655764322068855848e-02,2.995664555902763371e-02
1.008759099848149376e-01,2.016889394348767850e-01
5.833524460980402115e-02,1.495151888221009362e-01
9.870162449659919401e-02,7.198078767343944750e-02
9.896739005798119160e-02,1.742066609021432066e-01
6.916593965311970127e-01,3.531851128939587081e-01
3.184229029898547614e-01,2.573559924310647729e-01
2.532610428581738571e-02,4.712873149149897356e-02
8.414243834859042861e-04,1.104868785646432976e-02
5.659251416662612888e-01,5.601219073978633833e-01
3.762819367242532104e-02,2.677899940326188954e-03
4.143189400858427601e-02,1.239624236628989948e-02
3.257828864500978555e-02,9.730124439407096537e-02
8.953252124442001927e-03,6.309028232973612135e-03
4.508044069313040247e-01,2.851856467707239995e-01
1.810758224623737131e-02,2.818005136910343641e-02
3.125696365848986552e-02,1.008820904878362720e-02
1.915725642401001072e-01,9.548903858549954993e-02
4.742836158629499784e-04,1.909330893086858688e-03
4.945855591250501553e-03,8.494036933051709627e-04
1.623346593470311372e-04,1.487763206829706593e-02
1.545542077326213792e-01,2.263024787884092281e-01
1.033530039550669376e-02,2.972401976207843244e-02
5.093815161446479250e-02,3.975256689915424024e-02
1.289361343075976774e-01,6.729275866753894886e-02
4.171899750959848219e-02,7.295560354192909269e-02
4.880360927493716805e-02,5.130500588341751350e-02
2.175614299219111314e-02,6.815081319463690834e-02
3.670292557855848233e-03,1.792515747240498378e-02
5.959547369059687433e-02,6.082096021364000876e-02
1.658307135638263374e-01,1.872427406096389968e-01
1.102859982101446999e-02,3.476667383989659205e-03
3.533585897172284926e-03,3.174189264157184845e-03
1.342269432454581968e-01,7.650877680493167743e-02
9.896251791434113130e-04,4.964865433877584111e-02
8.926207922639314840e-02,1.622521405311951881e-01
4.370785947302154723e-02,2.335913643557226138e-02
4.738375631538627869e-02,9.411599108311834161e-02
8.484701542895162207e-02,8.557763389244674168e-02
3.603824625274820725e-01,2.093963461178917906e-01
4.196316627305182734e-02,8.929870842705128764e-02
6.478968246289827648e-02,6.496500633173303563e-02
1.142154894443859732e-03,2.439875233319232714e-02
1.960600182423595603e-03,4.011055071791135707e-09
1.217153350024223306e-02,9.768477015745059139e-03
1.330512166044111244e-03,1.667197335543004963e-02
1.596671906102608077e-02,2.501409841390543620e-02
4.240632338904495174e-02,2.003691262577288884e-02
4.864049141580455843e-02,8.690506128871947067e-02
7.521780865524936577e-02,5.349195074014941043e-02
1.996680428158780773e-01,2.174146254702206404e-01
1.015285464470306806e-02,8.853184231003309850e-04
2.997460724646636154e-01,3.016923937751869733e-01
3.624546823350494051e-01,3.575469711768935466e-01
1.110369684164533577e-01,1.595730630589762833e-01
3.669340060381234281e-01,4.285957328759805174e-01
5.662921672202286469e-03,4.863292928501595884e-03
1.756205254993641399e-02,4.049880798821465372e-02
7.210115983793317918e-02,7.034695646149620452e-02
6.331233128016985900e-02,6.675161088959068179e-02
8.287872231530285516e-02,1.299032606851953375e-01
1.067526918625109622e-01,5.899201925623243775e-02
1.995172025717952338e-02,4.091499318919078476e-02
1.240054839514800864e-07,4.921043055380713849e-02
4.716998016068835176e-02,2.045782421759565969e-02
6.409263396586281636e-02,1.705771303806571590e-02
2.839233330479646114e-02,2.910567786434910265e-02
1.532916702888536542e-01,1.457358535028513424e-01
4.510979546342429036e-01,3.424405383078584220e-01
6.203296913889536635e-01,9.157918438853330789e-01
6.330140482681202718e-02,3.098449768149375699e-02
3.727331489201926584e-02,3.744897362246663031e-02
1.380435548992507699e-01,1.282444559614239477e-01
7.575340558040649652e-02,4.990939399217259737e-02
3.340715515125815011e-03,3.679032376961328520e-03
2.836120477553693772e-02,1.930650368224432964e-02
2.652750890896480879e-03,2.358973192136325833e-03
3.029573863028189526e-02,1.704000312338059889e-02
9.101194249121971266e-03,9.524697698486253583e-03
7.675501123649527968e-02,7.441944726318112935e-02
6.637539325362753728e-07,1.823984860665194691e-02
5.532989393684158153e-02,4.340825339037560808e-04
3.034630326827766345e-01,3.385253508221420793e-01
3.555108696534333562e-02,8.166752251613579316e-02
3.508667714906753190e-03,2.109115703293195764e-03
2.897458305555283766e-05,1.112491845405635428e-02
1.607723266266906231e-02,8.073651895033898823e-03
8.083674207740004780e-02,6.075309490194388817e-02
7.453025120856089647e-02,9.420225030760603913e-02
2.327617426526887301e-02,1.163472278388898553e-03
5.889497746049099066e-04,3.099890290125696581e-03
3.175382650256436956e-01,3.929748510268025186e-01
2.345361077371428335e-02,6.487576964659892698e-02
1.600686910908944230e-02,6.088236664484524691e-02
1.020409288842860025e-05,4.791720508001282903e-05
2.674298254220897064e-01,2.333662876066656400e-01
2.140878291197307465e-02,1.394831746797596701e-02
5.720291022162864170e-02,5.260198164038721452e-02
2.603358613039528490e-03,8.824061008109467322e-03
3.248738583187219670e-02,3.939175545556200531e-02
3.605575464721255154e-03,1.056647793226532170e-03
1.938966741071006597e-02,5.122848257475633854e-03
1.398119463036242571e-01,5.755445231720275612e-02
4.889399159623295660e-02,7.659864563135773685e-02
7.023614239250555724e-02,1.067534054791493409e-01
4.789630202164173005e-03,6.095624047726513721e-03
1.400224656661762934e-01,1.810113504600097123e-01
1.189575883363798263e-02,3.641011700553203195e-02
1.464383746376309303e-01,7.462365261913100900e-02
9.984926394597288743e-03,1.634157077468050001e-02
1.275103869794805929e-03,2.473951461042312377e-05
3.262914119222575654e-02,8.570325888195787223e-02
3.246992086950585554e-02,2.081875789710184443e-02
8.193773563484008093e-02,1.276045275140882673e-01
1.580402648119551556e-01,5.091059952221065749e-02
4.556236126935480496e-02,8.157239422151398023e-02
1.701063007834124462e-03,1.137697684517187564e-02
4.020074355991808297e-03,1.399431904506108840e-02
1.505646939551596730e-01,1.192905470853157790e-01
4.619065025479249242e-01,4.605013869031513996e-01
2.646704549221111022e-02,8.758421158532465542e-03
9.209242812532307141e-04,1.158152555771336254e-03
1.287139840772767163e-01,1.350601861831018657e-01
7.715695044156554161e-01,7.593074609232184358e-01
2.205340463913548973e-02,8.737747656521362150e-03
5.417662477493272524e-03,3.361715827992900300e-03
1.567088360076001885e-01,2.310676893022372558e-01
7.758809870895159999e-02,1.504738281009881384e-01
2.189681553421045281e-03,2.220129334211080191e-02
4.182244556655599355e-01,5.193165985119413408e-01
8.928369941843766408e-03,5.402163194236780236e-02
2.748751949328950210e-04,1.009175082114766985e-03
1.402018600901968892e-01,1.005221903189536109e-01
8.936098104586938373e-02,1.008162298765989257e-01
1.270906050207799565e-01,1.178327228610049626e-01
1.461937674494921853e-02,6.726232468243632800e-02
1.663645555565218233e-03,3.258729277887197659e-04
2.646971598559152428e-01,3.879714002048136323e-01
2.775312673573203989e-03,5.953357700564476662e-02
3.243979712581624049e-03,5.914673401173715828e-08
5.482285582397260493e-01,5.566326223498575532e-01
5.047079596462250572e-03,6.847703841444769020e-03
1.008754978286839771e-01,1.631471264789257636e-01
1.107147645384804141e-04,1.644951900974398612e-02
9.637258896185073309e-03,3.367736331847756559e-02
2.179692559469743884e-02,1.102808757509533277e-01
8.507944078039524072e-02,9.082569680553531644e-02
1.955115654635912470e-02,2.580802823377764937e-03
8.246807841549040619e-03,3.125382415786507467e-02
7.188333856884943735e-04,2.517121636503170576e-04
8.365330387212728536e-02,4.933919200498298324e-02
2.260069632785667304e-01,1.958866900330429595e-01
1.988386396856603108e-03,1.070304716600318368e-03
2.647322219096631679e-02,2.990525559849436382e-02
2.018361535634459730e-03,1.068386258565016971e-04
2.223799505234065610e-02,1.119110281866168288e-01
3.010296934912181643e-01,4.587307018599897090e-01
4.831265649695320498e-03,8.659174716699778035e-03
1.392442033665737761e-03,2.542025675135699270e-02
1.868448745602178940e-02,5.947191023262535237e-03
1.330185222518379118e-01,1.205803540426412801e-01
1.116865046614321788e-01,1.322126474294719189e-01
1.840249855823328402e-04,1.323924280997654766e-02
1.867811719074983362e-02,2.646383055374911845e-05
4.843293987296903857e-02,9.160602174480982074e-02
4.549142124943829531e-03,3.215170409616811955e-05
3.854129571583327779e-02,5.929367057039764549e-02
2.878004932396412835e-02,1.057417526798502816e-01
9.832673506367531346e-03,4.515645436105095167e-02
2.357683201392931915e-01,1.342538580835382911e-01
1.168331097637047983e-01,6.349435747332998758e-02
1.858772364022284046e-02,1.803626311408373928e-02
1.154459523512294970e-03,6.013683846814327780e-04
1.521640112326049232e-01,2.770730604339770031e-01
3.158698306678367485e-02,8.204109247328485177e-03
6.353264680240067186e-02,5.524180271603851972e-02
5.464006462938366671e-01,2.628503126033331916e-01
1.719207759129696422e-01,2.764401287028203646e-01
9.555814395253395266e-03,1.061356795845887734e-02
6.142626255242384509e-02,1.046753211152352675e-01
5.257522083465807627e-01,6.382118297359283821e-01
4.537676437261955326e-02,1.069936339726936109e-01
5.941639642746583683e-02,2.846594030922520654e-02
4.909116198065027747e-02,6.153906064917399193e-02
5.451949423846734824e-03,5.344358662743881917e-03
6.376248671190304362e-01,5.772427653262950376e-01
1.468652218391836295e-01,8.550643442784509884e-02
2.321465346838805233e-02,1.537957538128004523e-02
6.745946007873698802e-02,1.229537309151667868e-01
3.438450520582709835e-01,6.207034032746291397e-01
6.072277319205489354e-03,3.381234664908952525e-02
5.803646132766732135e-02,4.464567245206916418e-02
8.873597952003951794e-02,1.798127320676159158e-01
8.192029969368155862e-02,1.505869364874432015e-01
3.074423703722050094e-01,2.588646232550775306e-01
3.950948864568258889e-01,3.277536093554867525e-01
8.419514675657784053e-02,5.019285217496363000e-02
2.660875225482225645e-02,1.098230900473639096e-02
3.575873521501820381e-04,2.170989181729854160e-03
3.483671950481166679e-03,6.302829500123356687e-02
1.670725090122772427e-02,4.422403248348450583e-02
2.457561614743138806e-02,5.769057977293452766e-02
6.231680745387427334e-02,6.296745725464922283e-02
1.213517118029510955e-01,2.808424209044353345e-02
3.054538604432208149e-02,1.840347629347070801e-02
3.377349877513170784e-02,7.415025349576613968e-04
5.045813356941483002e-04,2.743263222798550394e-02
4.196219124785458693e-02,5.609834305198391907e-02
4.604718341846123636e-02,3.322100824167472516e-02
2.571389532591880980e-02,9.117109754813246648e-07
8.189036453705889063e-03,6.660771854644588832e-03
3.514436680132403817e-02,1.421026809738511198e-01
2.207556177482369875e-01,2.434214430767077941e-01
1.851525324931830585e-01,4.413771570036300051e-01
9.325692975250604241e-03,2.453641385248788278e-04
1.088047978420795500e-04,3.750313944994765510e-04
1.116326806294210411e-01,1.670886402831914530e-01
1.182337220867062944e-01,9.912633673330027706e-02
4.069186337325064740e-01,3.647889743207717306e-01
4.326717944796791256e-04,1.407976277950249815e-02
1.610681934228245030e-02,1.802044733907366691e-02
5.958487854164415398e-02,4.931401983366336811e-02
9.174298920800155743e-03,1.414932930224715481e-02
1.004471624974021156e-02,3.456448156311037190e-02
2.940253914194742788e-02,2.600248627235074092e-02
1.169279419755793747e-01,1.059595010837080103e-01
5.554269533011206850e-01,6.396353667619857353e-01
8.332330590144522431e-03,5.730076991691172850e-02
4.593786136564605854e-03,4.723313036328454645e-02
5.695215866519316439e-01,8.110134914586932808e-01
1.044750214452235676e-01,1.474532118281898507e-01
2.189837633323575908e-02,9.698150818404807638e-02
6.130319643385934332e-03,2.539834805653747030e-02
1.944912030817061064e-04,2.227494671297776483e-03
5.997242926287589884e-03,3.914911698207860537e-03
3.242006410853892628e-02,7.706944640098321864e-03
7.430071845576135051e-03,5.670065538425349619e-03
7.086616567795168964e-02,1.041888379290182437e-01
6.009453685794703681e-03,4.400626921358566737e-05
9.282233764178812740e-02,4.082432529073776184e-02
8.274875078370286241e-02,1.447035064615901923e-01
1.741919235192408988e-01,1.607845009229703637e-01
1.800881193657595872e-02,1.369780189050558671e-02
3.318716479150538579e-01,3.723628133039851851e-01
2.004686247359259987e-01,3.823973571292778040e-01
1.654527827796321111e-03,1.950605587410716426e-03
3.508756034975552690e-02,5.044722387586241669e-02
1.829278495193020493e-01,3.127485419929371124e-01
1.581079462997596677e-02,1.924524035998692942e-02
2.565556552909731758e-04,3.443548744521623874e-03
3.102401651362463823e-03,9.275474839271952198e-04
4.309960542788243698e-02,3.296196299583414868e-02
2.146216918434083742e-01,3.431018848997460097e-02
6.077044524857706754e-04,5.504189974456114584e-04
3.431390017749804539e-02,6.287032798829757241e-02
5.000401711758618167e-02,4.450170576135415237e-03
1.120427293660473944e-01,1.309016125396230690e-01
4.567794564089826953e-03,1.260938789813111083e-02
4.759100376371769997e-02,1.312311686837013547e-01
6.283731175107473699e-02,6.343758978569812024e-02
1.191599644655998574e-01,4.705203372925832045e-02
2.344387236987156495e-02,5.859858822811670614e-02
5.285543249113751514e-03,4.876250085624929398e-03
1.250070846386837076e-01,1.475118923246718228e-01
1.042841262747979487e-03,1.268989538387006299e-03
5.202310630362381354e-04,1.240026902822804339e-02
9.048849372713028971e-02,1.487370779333248016e-01
4.746477561930162459e-02,3.338736220051751608e-02
3.982854448510197987e-02,1.823647641789935287e-03
1.022189746683751926e-01,1.881880987337470612e-01
3.604486791778756987e-04,1.119458320986746989e-02
1.128523139522224876e-02,5.175510913962348691e-02
1.175289361807075640e-02,3.672312619709722399e-03
5.245057273538990955e-02,5.094772371602104138e-03
4.320741484323713244e-02,6.369278325468559487e-02
1.123004060874627230e-01,1.999102403222277335e-01
1.674313431877038072e-01,1.620337662231830234e-01
8.551976541237540919e-02,1.851828075445823285e-01
5.151282268996126845e-02,1.162876931875622827e-01
4.240857474011916310e-03,2.792796729476562656e-04
4.447924905620988939e-02,2.026799254884694562e-02
1.697837532721194198e-02,1.417712373880790702e-02
4.539719807083142933e-01,4.839872878357642239e-01
1.110554610228592087e-01,1.309126437404345977e-01
4.744341356531174558e-02,8.659652125971475933e-02
5.666584198476357082e-02,9.021344965104841074e-02
1.906884162473971092e-02,4.096727797358858808e-02
4.342073162582994750e-02,2.589472877349513827e-02
3.257900531123942289e-01,3.393078326803425360e-01
5.140537845612508372e-01,6.063895835226256192e-01
4.632748233849665054e-02,2.270325036578448030e-01
1.199324076056818983e-01,2.066247834370344705e-01
3.808317351106957176e-03,5.391321638652717650e-03
1.464591976428627866e-02,6.209362770981909085e-02
9.039835245104579919e-02,5.444907924844477609e-02
9.643311379388411209e-03,1.967311536606826725e-05
1.036852560349306104e-02,3.498826407829962876e-02
8.705841601741089175e-02,1.459709445809325157e-01
3.304327145320971534e-03,5.225877337390724166e-03
1.397346783893081180e-02,1.357038523008869541e-02
4.422715934963963869e-02,1.118960599870726935e-01
2.716149412305924882e-01,3.045265448853036738e-01
5.741772153172371856e-02,7.293539952181328501e-02
7.162708231465006459e-02,1.458925177446250832e-01
5.967260762095719789e-02,1.677291261726264748e-01
1.059786758064933630e-02,2.154657875976883187e-04
2.334961988819778955e-01,3.330586564199726762e-01
1.813894687517508559e-03,3.009321857550889545e-02
9.492969427777508962e-02,5.228941406828169214e-02
2.032315026474575820e-03,3.595640148005303099e-02
7.202967456059748187e-05,7.832858153667056345e-03
6.606011445068588062e-03,4.417564546002079873e-02
3.903628559272752097e-01,2.550831188026052021e-01
5.288364807309159366e-01,4.991629005313847345e-01
4.052619483064728661e-04,1.321315308002700938e-02
8.332903734642572395e-10,1.465843503257024082e-02
4.443824645477680718e-02,3.652978677502595473e-02
8.824108458557734748e-04,9.904103659899561683e-04
2.546740362213728917e-02,2.173003289750991343e-02
7.448365601812412251e-02,2.853980974144417967e-02
4.038489050571021921e-01,5.183114263109594999e-01
2.570251026174210848e-02,6.715700772383047940e-03
4.425280008202738674e-02,4.904685091713051337e-02
1.907688996944931822e-03,1.587502021839534705e-02
2.748363220897803282e-03,7.648924710974421243e-05
1.122583501594942301e-01,4.906919485983964740e-02
1.205421464605506941e-02,2.804089106890231275e-02
8.413369031143583809e-01,8.122880657813316141e-01
2.025886048715475410e-02,2.443799893706914000e-02
5.659332440168895681e-03,1.179295135901900103e-03
1.913263768990744740e-01,2.037817321153105043e-01
6.069356941124444578e-03,1.299936583211400154e-01
4.353898530469425820e-02,3.493902005008570500e-03
3.419560491278318959e-01,3.226656947809110054e-01
4.138211198712899441e-01,5.015357172617560533e-01
3.046139610158534183e-01,4.803118026203095914e-01
1.946431354671852576e-01,2.353384117812942489e-01
2.292218626643573176e-01,3.074571874976577690e-01
8.078539224714421929e-02,5.458010350009468575e-02
1.646830615148604446e-02,3.743433140952356214e-02
1.546444058478680661e-01,1.767523647000032172e-01
3.406550089231921014e-02,7.641398513553132599e-02
6.042752190233994982e-04,7.372297368493812599e-04
4.453082148334076818e-04,3.507488326031802696e-03
4.840242856047508729e-02,2.193007336348760591e-02
1.252790000932292244e-02,1.369925322344079169e-02
1.898484122086656067e-01,1.727137644143908191e-01
4.394097555092515484e-04,3.208076380219536654e-03
9.877191231008486546e-05,8.649606576883912552e-05
1.887301930683409346e-01,1.679505267722305184e-01
2.920263112440085393e-02,8.093579793855115723e-02
3.100003450930141624e-01,3.367718631166251586e-01
4.040114100879252934e-01,4.580341768167285887e-01
1.262545990606903264e-03,1.268378848647356075e-04
1.392087825245703209e-02,3.445720258122818899e-03
5.471492133786158042e-03,4.987809794294619826e-03
1.808859457535838267e-01,1.261075102475537058e-01
3.230266815871974827e-05,2.914969056963797114e-02
3.998537780181158352e-01,2.630518888566929503e-01
4.037671192509667550e-02,1.300178460337657674e-03
1.585750534720132832e-01,2.106310713468179385e-01
5.507561106967859971e-02,4.838624567096203727e-02
2.525871465968998475e-01,2.971581627265011405e-01
7.583572125357637694e-02,1.946398166848773981e-01
2.090478012941353048e-01,1.959309505122253381e-01
4.166532258139048900e-02,3.839152164687569674e-02
5.537203767561843168e-03,3.317807279176066687e-03
1.718743911934845353e-02,4.465266015446489600e-02
2.855584213602102572e-02,1.145633704074967320e-02
6.210930810626776044e-02,9.599085883132343899e-02
2.005743128387861007e-01,1.806427633819551182e-01
2.303547944112918459e-03,5.798755515093738377e-02
6.402158148177101993e-02,6.915241148274127447e-02
2.443491730658426536e-02,2.343397712610589823e-02
3.694737842043281477e-03,1.310675776489039811e-03
5.758265563293635302e-04,2.719008298763782444e-05
3.012867037393367284e-03,7.059686431955233051e-05
9.990099422339583993e-03,1.451549625175126666e-02
4.175284572044035865e-03,2.989903821063921632e-04
3.519197923030646380e-01,2.968082835184868706e-01
7.827422044015756863e-02,1.693657945296579703e-01
2.349093187159905129e-05,1.508100301491277669e-02
3.993019993102977887e-03,2.362999639798257431e-02
2.117658785032873470e-01,5.490114944767198191e-01
2.219191685691880300e-01,2.169729760095504278e-01
1.189274057572825977e-01,8.943818996390083542e-02
1.453104194942812094e-02,6.493507347196705339e-03
6.055044204790423212e-02,1.013061397570396288e-01
5.754973656318182473e-02,9.126342420235840011e-03
1.910504902030061083e-02,2.359040957328667476e-03
3.809842760796977850e-03,3.538943273093581726e-02
2.907243780643670259e-03,9.256290373474352273e-04
1.092719295487120691e-03,3.772400905639815283e-02
3.046651431135673493e-01,2.927776027050254526e-01
1.443634466237297314e-03,6.925775180109979348e-03
6.903669536959820829e-02,1.068822205280285514e-01
1.945462509202680948e-02,2.362888008978192636e-02
9.793547262987549809e-03,1.673949057940673710e-02
4.096609226266632875e-02,1.732363840105530716e-04
1.207450887673876538e-01,1.610886552395884574e-01
2.904454709669472125e-05,8.698607001378562756e-03
2.936709854528412114e-02,1.104101412291671504e-02
3.054806723199652695e-03,1.831049300362208934e-02
4.776141996254102892e-03,7.370710959611615799e-03
1.546349092664662250e-01,5.244475870966616021e-02
2.960974457954374320e-02,1.885597966034379541e-02
1.314724321922693395e-01,4.594345568960582493e-02
3.435640360238918084e-02,6.852309105572732852e-03
1.455134078916260065e-01,3.739042970605582078e-02
1.349970593998681689e-01,1.344652124710835617e-01
2.462992550180531301e-02,3.876509009379087989e-02
4.338494553315679764e-03,3.666172687983821482e-02
3.981865649536253660e-02,7.523594116184126324e-02
1.343048731867770851e-01,8.464119826337392072e-02
2.997620708252099215e-04,2.036653377524655015e-03
1.226462886892708964e-02,8.061220828822471610e-03
2.987899495107940173e-01,3.509152129221992378e-01
5.926309758935612709e-02,4.144611133502057454e-02
1.121284048879432572e-03,1.499167574108381876e-02
2.325233468254346569e-01,1.272621838395059657e-01
3.921705673244343937e-02,1.200996508793086316e-02
4.535160539613793812e-02,3.903931750626608854e-02
1.138797420719339093e-01,1.961174959751434688e-01
7.705532406967956910e-03,9.489507856922289528e-03
9.600547648603943718e-02,3.658214644938229121e-02
4.034099673887220350e-02,2.762390154882048837e-02
6.831840907438209431e-02,5.886468287477742561e-02
5.682278676475578660e-02,1.408563747065690319e-01
1.110254322417315725e-01,1.877373192964960080e-01
2.038088593539844062e-02,5.547913388197073248e-02
8.676230822079127047e-02,1.438455710845844004e-01
1.816661983375984779e-01,2.274926193189531209e-01
1.164082194132129849e-01,1.685072299874744439e-01
2.346164915862193057e-01,4.522347048469582131e-01
5.006041927944012565e-03,9.139206672540780858e-04
2.527433851865994521e-02,2.694317674162749823e-03
3.495940910311545746e-02,2.928200370482904390e-04
1.437439589316113348e-02,7.364617328650653605e-02
2.823968376118823342e-01,1.679123850254609362e-01
2.058722927189467200e-02,2.142067840281497437e-02
2.028385263241651651e-02,6.036892576138615935e-02
6.052916698078886215e-02,8.036390908056111060e-02
9.468042408451596628e-03,1.538802096653807275e-03
4.715167621567330214e-02,4.959718423463155279e-02
2.269565936501660719e-02,1.200084689960835733e-02
3.633024874568390600e-02,4.122785060035518562e-02
1.681558683986275893e-01,9.437567286129729116e-02
1.973361137676360177e-01,8.649140817930521530e-02
1.298167431390988454e-02,8.006044378630613328e-03
1.930533112171390351e-03,6.405161196378980279e-03
6.317553445413116586e-01,6.552760518906851628e-01
2.466472004028718856e-01,1.917304775463929967e-01
3.900142671776423570e-02,4.675077739463751048e-02
4.817702578991885087e-02,7.954436655803098777e-02
5.310178927484082018e-02,7.839933516009209291e-02
6.075883826943719729e-02,4.327844794094158620e-02
2.599996775265444454e-02,9.448613378323365494e-03
1.908871214433641855e-02,5.918841954397470462e-02
7.725797680900518827e-02,1.779738520068322727e-01
1.536226389207230418e-02,1.990175218209657912e-02
2.871858586338446682e-03,1.851692335421784019e-02
2.582426416986253678e-02,7.209127695310857398e-02
9.007066245722127051e-02,4.989436270815404695e-02
5.812380328426701437e-03,1.728749060841826279e-02
2.505637380053702956e-01,1.330693252234277368e-01
1.555950233439287733e-01,2.569844740305869957e-01
2.257618388402474110e-03,3.305941799543858813e-03
1.039732068758593767e-02,1.976624091576192899e-02
7.009711495372367152e-02,1.618844406752339288e-02
4.321852558200903194e-01,4.596812786420708119e-01
2.970072691875472637e-04,1.899852295469915296e-03
3.029537784370175402e-01,2.730390438729718428e-01
1.634865971012302577e-01,7.302640967374827985e-02
6.708486645045930175e-02,2.942823012316765977e-02
1.286015859559530919e-03,1.533653874091673881e-03
2.604867109236323475e-01,1.090456495744964172e-01
5.674637628642967280e-03,3.013666068484384853e-04
9.582084103852361867e-02,1.259288740838368503e-01
2.169636250672107303e-01,2.248533700253391165e-01
1.131747308924314389e-02,4.049050713697952691e-02
6.655766836558330013e-02,5.227523002125590777e-07
3.489524011664645320e-01,3.247250887900538507e-01
3.015565270683509026e-03,1.213024064309451908e-03
1.028156530533515106e-01,5.516344706907379269e-02
1.213837926213640755e-01,8.834435745160770792e-02
9.707058674439171357e-04,2.543912418145596877e-03
4.235429760900751451e-04,8.324306587610613012e-03
4.134017388446180227e-05,3.565068316194364324e-03
1.630989142739733971e-02,7.874592132873429844e-05
1.146440981035900114e-01,1.273978877821591860e-01
4.178924164258374790e-02,2.622010788966697148e-02
5.655595998620790432e-01,6.129761428904061393e-01
3.670133731255000309e-01,2.506866077572347806e-01
1.551571210871103244e-02,4.129729965411822745e-02
1.635868524769904520e-01,6.469007895473521952e-02
1.748918993776894248e-01,1.206943240847290488e-01
5.789200194954337818e-03,1.936282909148583434e-02
3.994263563477753326e-02,6.623920232540457531e-02
4.930822411009503411e-04,2.569735257539721221e-02
4.862141947184236979e-02,1.587183105479199677e-02
9.377117403900409043e-02,7.402167208969440138e-02
3.589691282321539889e-01,3.785040189376691622e-01
4.657240923353636597e-02,3.760936072042703887e-02
2.239656850295851376e-02,2.609132012638844603e-02
5.770290153922027002e-03,2.748129004247657284e-02
3.291798135018323967e-01,5.529968409683628794e-01
1.129453793249634783e-02,3.804708275820685437e-02
2.510368133258917764e-02,1.189059876178148387e-02
8.464324976328884559e-03,3.610980290501354661e-02
4.252856640990166359e-01,4.492939103049805039e-01
1.158334749550310322e-01,3.408872099445736659e-02
8.985730781070230822e-02,7.783509897845172776e-02
1.372940774125128993e-01,8.471923316753979250e-02
2.529159057088134141e-02,2.066145232587024427e-02
1.392150253484917277e-01,6.128898697864174766e-02
1.769225781200091108e-01,2.521022289179000175e-01
2.620249087004398181e-01,1.089497376168234860e-01
1.435745194160881547e-02,1.050555545490437868e-03
4.888665315268802471e-06,6.294487387062031036e-02
8.606154838944880814e-02,3.317803001567731086e-02
1.478709794839776215e-01,1.628389452430062667e-01
4.518422243917121772e-01,4.054347714527538060e-01
1.882511707847720275e-02,2.733517950420357931e-02
1.848264791320666182e-03,6.321497223440743479e-04
1.495198968924051075e-01,1.969886489937515139e-01
4.093813584015877916e-01,3.508090590369535300e-01
8.935448674786503499e-04,5.233734689049709954e-03
5.863725070918276994e-02,1.017162017974106020e-01
2.706729973956568669e-01,2.705221234921192930e-01
4.520015524775124888e-02,4.536711471706308257e-02
7.801145346200568861e-03,2.995641013595026422e-02
7.324040519081040368e-02,5.434652654049468290e-02
1.073056403649977064e-01,1.212909963692674897e-01
1.292952990382709513e-02,3.943601596616150284e-02
8.591592173489676076e-03,1.338176203307874391e-03
3.001404471537413854e-01,2.970557839538194300e-01
6.640711869599490169e-02,2.820438736221972040e-02
1.097765924833976657e-03,2.790259261659241291e-02
6.955982560967588491e-02,8.338644456350639833e-02
2.370905304245686240e-01,4.634527123907533630e-01
1.506095117423688623e-01,2.419557391048931527e-01
5.641919194988682246e-02,1.228755313802411125e-01
3.156960665887156847e-02,2.058197074903133934e-03
1.324068344768244421e-01,1.102799314914552076e-01
3.695428170135402202e-02,6.049266355299458275e-02
1.330037473167438589e-01,2.452009342109316981e-01
9.457938353430883627e-02,1.755068364204266651e-01
3.957781038968597592e-02,1.060819911983571784e-01
4.177439517733496505e-02,4.987847829549117706e-02
7.992004373646637017e-02,9.137596288080029883e-03
1.266351270644401400e-03,1.354363068432361261e-03
8.807453281711268706e-03,1.726205444896534297e-02
1.994751134021614108e-02,7.788010253619051700e-03
2.728486702378659159e-02,4.545101258444229908e-02
2.715335825268057057e-01,8.950001637049921632e-02
3.430134431461735051e-02,6.794768814629302024e-03
6.878735674660603483e-02,1.494939818920302255e-01
9.174923297370256303e-02,1.423569034191798921e-01
9.292545203111500507e-02,7.280781245901837839e-02
5.538388213598258863e-02,1.323890533417984849e-01
5.429324847102267038e-01,5.409000088287179153e-01
1.133256299065999589e-02,1.028209155582282541e-02
7.265015770963270669e-02,3.914739255998659490e-02
4.637277290633679688e-02,2.337258984647789042e-02
3.266056563231042875e-02,5.554625519865287464e-02
1.108675210469336619e-01,8.018637063410843924e-02
3.745524974889433839e-02,6.484509289141809907e-02
3.037617736852136763e-01,2.579628590556673484e-01
3.972964764237406354e-02,7.847486177792345821e-03
1.371066612788984437e-02,6.176241807530318678e-02
6.357656861557191286e-02,7.274234701522484803e-02
1.548291609101138389e-01,1.421519367214863494e-01
8.039734372760574954e-02,1.290788372694471331e-01
4.789372570428918063e-01,4.315312235836669674e-01
1.982646805945409083e-02,1.507850983850074662e-02
4.916202257392011075e-04,1.352648292824025315e-02
1.190885638481609468e-04,1.192248356841793446e-03
7.263277503070220131e-02,1.711331586116934533e-01
2.907129360734664412e-03,2.571658900898021217e-03
1.353217892835173290e-04,1.404904009611767333e-02
3.097952872380277389e-02,4.713688932667114279e-02
2.571344035148464546e-01,3.491686151002317273e-01
1.121338299319516807e-03,1.080207484186183030e-02
2.218773996932157377e-01,2.111608839937488824e-01
1.383867968620141609e-01,2.945120877899895517e-01
4.808285968356391417e-03,3.154816388176766295e-02
1.278781144905251632e-01,1.099932119948490578e-01
1.467894217129078359e-03,6.018889542012921014e-03
5.426963063970944787e-03,5.815308112327089216e-05
1.956929333237417135e-02,3.830611036916744660e-03
3.152776752147440908e-01,4.202003774149313808e-01
2.046820996320597441e-02,1.088965905715404657e-02
1.233851679689463784e-02,9.561424401455843186e-03
2.550349914917239558e-02,6.597712300379730138e-03
2.074617234371227692e-01,2.369775127566825512e-01
1.872951277663879172e-02,1.811060176621980629e-04
7.852433807954764533e-02,1.161664948113340645e-01
1.219281488594076840e-01,1.475355023864325654e-01
4.277697074194424659e-02,1.015789775174100323e-01
5.975812529138667395e-02,1.018638200960841761e-01
3.263618911851710273e-03,7.390215951675299492e-05
5.026581818120031374e-03,5.453313156508761243e-03
6.932043974814293408e-02,7.075912294235607580e-02
3.264623631417753469e-01,4.086965541409602332e-01
2.208076362495611233e-01,4.292187843214497200e-01
4.524390110029139975e-03,2.691465462278670837e-04
1.180390263736815493e-01,1.937903846880204561e-01
3.746517892207736344e-01,4.916626979014657173e-01
6.268109401363612665e-02,1.033851025145442887e-01
1.496665546329406238e-01,1.856769755208346195e-01
1.971740620699172254e-07,1.263499783624840106e-04
1.871206804851759933e-03,6.852483368336288912e-03
1.055055097763490241e-02,2.338759792256092423e-04
1.387746998924184461e-02,1.097507021009509753e-01
1.691668930626995249e-01,1.707741502403502254e-01
4.343169068938772086e-05,1.237778407967661184e-02
3.094999786218530138e-03,2.782434431922845876e-03
2.973922150756309613e-01,5.365168499540891034e-01
1.039329561776021829e-02,3.360417431436039243e-02
2.383615887855057014e-01,3.211810565962417430e-01
2.916200410564890461e-02,1.239777571693499204e-02
8.269254764259261967e-03,4.528108118981923752e-02
3.025802384597697185e-03,4.906079650267059639e-03
1.746900004647786945e-03,1.557327145091522320e-02
5.820613370734330043e-03,1.448992758531300780e-03
3.243429066024260399e-01,2.687953892483764817e-01
7.381533366139172991e-02,9.703799921409546336e-02
9.679076371301861825e-02,7.221619656121870678e-02
1.326863981412180760e-01,3.494007569141312497e-01
6.279907455798787452e-02,3.389641543491420106e-02
9.379523023891950175e-06,2.547553679060857602e-03
2.845285373980879079e-02,3.971525809336635092e-03
3.744240478164588548e-02,4.010565207723069264e-02
5.161888844223753992e-02,8.773935822362803616e-02
6.115526127800025025e-02,3.861351693971835225e-02
9.800661181132510474e-03,3.000207512901254675e-02
1.326733171069248152e-01,1.301556812980756150e-01
1.073005220864740004e-02,3.694714196982144816e-02
1.039960551431263203e-01,1.479227987599215921e-01
9.586128330714536669e-03,2.377724875329836722e-03
4.241934571709995473e-03,1.261007282580239343e-03
4.491642780859376322e-02,4.547615124845452023e-02
2.701682564305931122e-01,2.241798501986166092e-01
7.399854347713569203e-02,7.475896242307412953e-02
9.748691799943655020e-03,1.745109608519478106e-02
1.653686779853733024e-02,2.037411150815487959e-02
1.158679757317220699e-01,1.250602055342752705e-01
1.583823594749507180e-01,2.502078246240884707e-01
1.644395808783459187e-02,7.022111290209954310e-03
4.683137674957162620e-03,2.952634154890127188e-03
1.382966052828094906e-02,2.456506476166942475e-03
1.021006880723133448e-01,1.690826984506426378e-01
6.418164063756570670e-02,1.557086202295313027e-02
1.614342122636830065e-02,6.893640053722317751e-02
2.619916634137501536e-03,1.512018572776823583e-02
4.997744484031960144e-02,1.230284594024333433e-02
1.107530934929897848e-01,1.106553354594286276e-01
1.149221284559271694e-01,1.468849544293972520e-01
5.753884044448964383e-04,2.999225742192159622e-02
1.645023129831681696e-01,1.528655542083196539e-01
1.731581015958129008e-02,4.405141564492576385e-03
1.091159870784448177e-01,1.117174109266093618e-01
5.401470422354354844e-02,9.077704165949268674e-04
2.532551411581686687e-02,4.302939694322446829e-02
1.729401805854684920e-02,5.475299111943689179e-02
5.185000057339351522e-03,2.993407367541663661e-05
4.618916076725250730e-01,4.185798763593508998e-01
6.924242465436981865e-04,2.975805642420609859e-04
3.619280374844018044e-02,5.770381156751142049e-02
3.218449284742606886e-02,4.371254490795366959e-02
7.008890720493913262e-01,6.635930516402986923e-01
2.019305557808043564e-02,4.324290462647709804e-02
1.418620322818738315e-03,3.227396648238883142e-02
1.045726201112372744e-01,6.198040529056157710e-02
2.186616885842187774e-01,1.142297282954386345e-01
3.496763110213611109e-02,1.534685769895249375e-03
1.178184151738087965e-01,1.430065501706506426e-01
1.108551502247012710e-01,2.648074772687238343e-01
8.768618319488549750e-02,1.570153360923125518e-01
2.404697920446092520e-03,1.533690486255247926e-02
1.956405994042191912e-02,6.811283313520737591e-03
7.399035475744004942e-02,5.883641671846627508e-02
1.533876658890052092e-01,1.507477531004490223e-01
3.549881584295516701e-02,3.284781875826814357e-02
2.989805077044534465e-01,3.979880441946830327e-01
3.543540342101414876e-03,3.191026733163822987e-02
1.753426064717698574e-01,2.778613438463795604e-01
7.777696835311349866e-02,1.180987801988728735e-02
6.140021046820252903e-02,6.950074778227967320e-02
3.230568155166980981e-02,5.636203575665543752e-02
2.588679002732758791e-02,6.096220028917046646e-02
8.847363255775661517e-02,1.381313798683795613e-01
5.045842579369243935e-02,1.582563718011663623e-01
5.780926975399329759e-01,5.841439102276692052e-01
7.408706336435640083e-02,5.637814000470037223e-02
7.531171571484980287e-01,9.903116981542487984e-01
9.033626530171356972e-02,1.303092390972790948e-01
5.457026648849028216e-01,5.462314658556072233e-01
1.150831999644482198e-02,7.387426926734988117e-03
1.800301581959307395e-01,2.134516908113453793e-01
3.241472123288156176e-02,5.330243023710799777e-02
1.026251338015382944e-02,2.058992437211943781e-04
2.722440236065030161e-01,2.756406022151019486e-01
4.002609380313517512e-03,3.691002539900809475e-04
1.328588307876697391e-02,3.485870914561957676e-05
3.593037927036342861e-04,4.686613879302979450e-03
4.232691448872064610e-01,5.194508360416789650e-01
1.762049027568689209e-03,3.328123917893102343e-04
1.364612640622426265e-01,1.207317526716546741e-01
7.901140535271956172e-03,2.811300170455114864e-02
1.672025908997664401e-01,9.845628080074164679e-02
2.105672838727744647e-03,4.419395960991598371e-03
1.973596342691475991e-01,1.494312809201537029e-01
2.750113216923752435e-01,2.988687405998851632e-01
2.204640778367382978e-04,2.330149899005304337e-03
6.705561574937480840e-01,5.597223260980902504e-01
3.106331980825123226e-02,5.677186453792042176e-02
1.018237306919327068e-02,1.558529875441392554e-05
1.872296201696199702e-01,5.994016060618309605e-02
4.599907659791561965e-02,3.091564049289444518e-02
1.827667419263372950e-01,2.500132399493147362e-01
3.063086578232080900e-02,9.109506858070856583e-02
2.792284166598705264e-01,3.749592987665186228e-01
2.834512420566657753e-01,2.031718651296882949e-01
1.107056373566418436e-02,8.500984175837637477e-03
3.671430835601317832e-02,7.709579704218580409e-02
4.344875191994821730e-03,1.696244119601642572e-03
1.334158524930192102e-01,2.697763209213329683e-01
3.787483954168299055e-02,1.797683659207837889e-02
1.505930971271173154e-02,8.256829028345168478e-03
8.905429717560966644e-06,6.852021003467547236e-03
1.550651308224289086e-02,6.235349951060296242e-02
2.692126809357953121e-02,3.956737339986710761e-02
1.236591971645000648e-01,1.952999841371397816e-01
1.267419140637103840e-03,3.280642806229834042e-03
2.766483070502678485e-02,5.957339305823950576e-02
3.946838036479718981e-02,9.543473418126297014e-02
1.749124482002476777e-01,2.944527148098746161e-01
1.513761755130385751e-02,7.161546240081760432e-03
5.705718322854974600e-02,4.167228682726120681e-03
3.693561303967066167e-02,8.994445619282225024e-02
6.067807233862799743e-01,7.424053693742636018e-01
4.618700961955878315e-01,5.147715909113352861e-01
4.876602316399073628e-02,3.413364755074144163e-02
7.417917715167481052e-02,9.518280100415427158e-02
2.220189041594133536e-03,1.401991477159228623e-02
6.282833057495884610e-02,9.102847648485654086e-02
2.726931456769154938e-02,4.880461593375254314e-02
2.638120723370045162e-02,6.472483612228407956e-02
8.143083486401078708e-02,2.260417894649368875e-01
3.387118057032219021e-01,4.446234142491225505e-01
4.445033384962965850e-01,4.759765990227379229e-01
2.599891025261677133e-02,5.751107461078464565e-03
5.499049726360478729e-01,4.036873704830730714e-01
3.270358069578322563e-02,4.996946925659113276e-02
2.876939100223727119e-02,1.768410623837853328e-03
4.052624397365120479e-02,7.408173537375152551e-02
7.079473948133148571e-03,8.309340203873796609e-05
7.479848142726276640e-04,1.343356816447731708e-02
1.219676979727113073e-02,2.118028658703779120e-03
1.863993377510180238e-01,2.208459633891040122e-02
3.832242503955729518e-02,1.784668120346270259e-01
1.633229756537648292e-01,2.208294818415826588e-01
2.580140433517435494e-01,2.459273668068741314e-01
1.724860823869098529e-03,2.335139855409045298e-02
1.432333003385007630e-01,6.469819506717021385e-02
6.901293491159253210e-03,4.296418356740563244e-02
5.127822465905032198e-03,6.258364916214340492e-04
5.642834186631628252e-02,1.473446826983889069e-01
9.351840429927459064e-02,5.994584460579162333e-03
6.335452686046674428e-03,1.058050152700227078e-02
4.740732226744048816e-02,1.269827944411705267e-01
3.742846320472451975e-06,1.201768656677877460e-02
2.547980068308464477e-02,4.955475541544437923e-02
4.690154537141760088e-02,4.566767553080321174e-02
4.107831513456511839e-03,1.781791588955590477e-03
6.682135753638407394e-02,4.897533659281036456e-02
5.002296231827551773e-03,1.914640190649575071e-04
2.693766812703816127e-01,3.161642926273409704e-01
2.179500794997800139e-01,2.539220598657123684e-01
6.388424343779832912e-03,2.282284660527384400e-03
9.430678202857837580e-04,9.550023580511538728e-04
8.376948317302539138e-02,8.849560054595974334e-02
1.179789306787858427e-01,1.949410821478044786e-01
6.930492716418445683e-05,1.814501996366814709e-02
7.260265893884554345e-02,1.126487608125437551e-01
2.751081657925269833e-02,8.833628638546714429e-02
5.696184152164651942e-04,8.485062227754603184e-03
1.654220771921827704e-01,1.285069852862192330e-01
2.422340216438921556e-02,8.249243440995701181e-04
4.715219472216844454e-02,6.067161764127987356e-02
1.651690772918346095e-02,2.199884020552835689e-02
2.970453170543881430e-02,3.491521447627109892e-02
5.563851639718904452e-02,3.945785753178300548e-02
2.151257771283364983e-01,1.406962033895544917e-01
4.751131320175168622e-04,6.760056401562583063e-03
8.931969773636243282e-02,1.775197644071757966e-02
3.963479851731109907e-03,6.130356571714546798e-04
3.447909376784613622e-01,3.979972004170282407e-01
5.898409490293621271e-01,3.975355009611461488e-01
1.131229970519936207e-01,5.857263163129638323e-02
2.643883602722292558e-02,1.329218774524964846e-03
4.211628016724761059e-02,4.094055917730887034e-02
8.370534349337606372e-02,8.805984113068057728e-02
4.130401436198691961e-02,8.372023429260194716e-02
1.038996432235667622e-01,1.624456130249886041e-02
3.381606091786492491e-02,9.352188421607250668e-02
1.650823775458862552e-01,1.449279639100669870e-01
5.311702226376017189e-01,7.186696724912672307e-01
3.266145244673435838e-02,6.467276778302842588e-02
5.966397176758909265e-02,1.582217090683802826e-02
1.644491923771822517e-01,1.421123967173860692e-01
9.581261130839948889e-03,3.488686539209630288e-02
1.921798406567542389e-02,2.213918805500683130e-03
3.421895740822243279e-03,7.964696972765697696e-04
3.600026781326031156e-01,3.235856080771435939e-01
3.149296088377158236e-03,7.323316275354875560e-02
1.357081748641646851e-02,9.667040950465735096e-05
4.223638245212446574e-02,1.027108712669211332e-01
2.252963541027486749e-01,2.922391657205574700e-01
4.771800255577120231e-02,4.859820817611434224e-02
1.778099821519733489e-02,1.100155381946441718e-02
1.232081551705748873e-01,3.908853682554945530e-02
1.496167400011151061e-01,1.090330645709403773e-01
2.435972478069746081e-02,5.699588996780288741e-03
1.799104721707367738e-01,3.388690816265471084e-01
1.321436359303354291e-01,2.536336368956763621e-01
1.112146918008561323e-02,3.045883492043369861e-02
1.780717337280877666e-01,2.026736799672084754e-01
1.425921401057720361e-01,8.085714980056196710e-02
8.877502288795177665e-02,4.461684851903431961e-03
6.658422563553392315e-04,3.134412068890497782e-02
4.712619289510796006e-01,3.736126817524121346e-01
2.239217500098691915e-02,3.624305073907159447e-02
7.228307688309586199e-02,5.281034101575093204e-02
7.589266117922689736e-03,2.000511880691853081e-02
8.509924546291476599e-02,2.163675864444379593e-01
4.566498904699856087e-02,1.615611402560330756e-01
9.247517099151903938e-03,5.172042762530769389e-02
4.289631904020006076e-02,1.079056789145723810e-01
8.669489697013839716e-03,1.446969375712574865e-04
1.122775103623509102e-01,1.142216059390151334e-01
1.640054172372978347e-01,9.778015125804886964e-02
1.094480416373079662e-01,7.305507237639226326e-02
6.077764117406779867e-03,1.116132861625527368e-03
9.317879886953406331e-05,4.901454573520228238e-03
9.750691683620400785e-02,1.082249371173961000e-01
2.323198033855724924e-03,1.241845859516692134e-04
8.751796631184796671e-02,8.935192125108319672e-02
2.236274723136138787e-01,1.123845156384595256e-01
3.655770130471470702e-01,1.630702505071235930e-01
5.572756284869232260e-03,2.447121948992837803e-02
8.580649429120845717e-01,1.075729691046515279e+00
2.532191936164059909e-01,1.823405260624907376e-01
5.503384030461631882e-02,1.310743952808126819e-02
5.740087336410309993e-02,2.105204932510539549e-03
5.369701203062112599e-02,8.963816813055247579e-02
7.118778845724199958e-03,4.586274943780753628e-03
1.354977222302800599e-01,1.170539054610811869e-01
1.107598988611220407e-02,4.244566562578142022e-02
3.150155149891270545e-02,3.306906106677934970e-02
2.004685223523646476e-01,1.168433550594608072e-01
2.825609249445124797e-04,1.244662808490523513e-02
6.618228728508170252e-06,2.286134065772646873e-03
1.001972119644374114e-03,1.152689833062862761e-03
7.185955721704481063e-04,1.030675788589284145e-03
1.641633971944869708e-02,4.825535749842781164e-02
1.916501302028996920e-02,3.556924990534492126e-02
2.329235298992938727e-03,1.419245281056887584e-03
5.445258555832625802e-02,6.830887961345019632e-02
1.428467524338949690e-01,8.912331253284505594e-02
5.559526584895313484e-02,8.104530604808235505e-02
2.243130143407602306e-01,3.576188000742205331e-01
9.847018049432382236e-02,1.823025143992879071e-02
4.040505203317187322e-01,4.962114756389510717e-01
1.356366421530783885e-02,1.295741664290505323e-02
1.836966188419945634e-01,1.685461433973998169e-01
1.196484888688532366e-01,9.283762444281606907e-02
2.632789961908274024e-04,4.674430815155601604e-02
2.089658718476875565e-01,2.280917346773516374e-01
3.298293972444355515e-01,2.941956569218209805e-01
2.422474831169887238e-03,8.725833538122722277e-03
9.743665883306894260e-02,1.795770871860788986e-01
8.792173950747615707e-02,2.151586458841993343e-01
9.716479762758779837e-03,4.877401251219724149e-02
1.778064194044103388e-02,4.821786678275471159e-03
3.384919128094328322e-02,5.447313400611231843e-02
5.311504408657810377e-04,2.585880211854946382e-03
1.061662956633686733e-01,5.372807601234864255e-02
3.828575980380279353e-01,1.534109634389742849e-01
1.880445188209519530e-02,1.283611665386199044e-02
5.614225899479523968e-02,5.760805233175779472e-02
5.272491386043769677e-03,9.236655397726513048e-03
3.890262700315001015e-02,5.009352343268244460e-03
6.480048492949536110e-02,7.567555904580650084e-02
1.587609641542618300e-01,1.609805663168577261e-01
1.329226720785423310e-01,3.031191910145684121e-01
2.320594469956213934e-01,3.459757669549365922e-01
1.415230672541946677e-01,2.784364742057403030e-01
6.868166560157319411e-01,5.315999687549928243e-01
4.691832530014428126e-02,1.054686036816168543e-01
1.583515552837020703e-03,6.811246274804653392e-04
2.939764602306008806e-02,2.783043536070663876e-02
5.353008750441816399e-02,4.291775868983224024e-02
3.787547293511865920e-01,2.347356132527731731e-01
4.150216461550088609e-01,2.905908647161964953e-01
7.167935607091792394e-02,2.614127917211091501e-01
4.453808848922272828e-03,1.967990369739653841e-02
2.700339729945471223e-01,2.369710297484796946e-01
8.010584210133225858e-02,2.505649578382466991e-02
8.097251170063854420e-02,3.852935609339285666e-02
8.934839218903800617e-02,1.481772553944977200e-01
1.139019458054030785e-02,2.755505541356792487e-02
3.028139364121690824e-01,4.405897791005125019e-01
1.263098124542855749e-01,1.918945662491882420e-01
3.246346140613723952e-01,2.606854415864557906e-01
2.676188750741943789e-03,2.077975126142375868e-04
5.606658985935612100e-02,6.772443075330969453e-02
4.601806127629615717e-01,3.460623860410386166e-01
5.396325439210207693e-03,2.953106046807735252e-02
1.608629947650144537e-04,2.793342335490041871e-03
7.878723525308543862e-02,1.272286463965659475e-01
2.516967462890715157e-02,1.157774092465476690e-01
2.628621917486484438e-02,1.540032682861572702e-02
7.863363990545461923e-02,3.311255356764304658e-03
3.202930260775090909e-01,4.103643697370127352e-01
1.601547808412866480e-01,1.293007140244964159e-01
6.278536208698626275e-02,5.614442594825985039e-02
1.075612859524379267e-01,8.878042942285005457e-02
3.126283945859818086e-02,8.462149250387666910e-02
2.250967678469817726e-02,5.478193633067780788e-02
1.572377719920166339e-02,1.892954936986873692e-04
1.273191586535760188e-03,1.510572539769548242e-03
5.203095701780796611e-02,5.636692145289748379e-02
5.336920883312286368e-03,3.589571506274753104e-02
2.112814041250262939e-03,9.895777191691781938e-03
7.819396701531671401e-06,1.219585272792112450e-02
3.731512568080098957e-02,6.938762466689291086e-02
7.891278000971846610e-06,5.330278573277898602e-04
1.213782617692735766e-01,6.502127007272001658e-02
9.262029033305647918e-02,1.275385089417049866e-01
2.762035434110957088e-02,5.663023245232123339e-03
1.557062480033096115e-02,6.677485805833198278e-03
2.141875840982806686e-02,1.675635325857115134e-03
1.328500476176771661e-03,1.112497961868429489e-02
1.558848849321502542e-02,3.082391705697427875e-02
1.539381718184329754e-03,8.710721356598795026e-03
7.127842838785293234e-01,8.199414309026852310e-01
5.137309087740081492e-02,5.963232845847623448e-02
4.830710332394724804e-03,1.516995349831253698e-02
3.828083071723531461e-01,5.941669688711044284e-01
1.992470110799890795e-02,5.459324627160605514e-02
5.885702310423869543e-02,2.921971905128620262e-02
1.026568705997593089e-01,1.618235617300158857e-01
9.486408233452180106e-04,1.393871023958922865e-02
1.527872786983942022e-01,9.519572272620642484e-02
4.671569097653033298e-02,1.135448618227517803e-01
4.323653908561764792e-01,3.720585826901784410e-01
5.327137671892690808e-03,2.660498810994924371e-02
3.161814383904805459e-02,1.633861865983019662e-02
6.762640688709475878e-02,4.311768181919780479e-02
1.841720040909110845e-01,1.632275284815551120e-01
8.211339422045594634e-06,3.227292329083525715e-03
7.414795979555337258e-02,7.035715713617790579e-02
1.468055158236299396e-01,3.505327013017589532e-01
5.591607906461808497e-01,6.756150324973050347e-01
3.078310946989591956e-01,2.959448086738840078e-01
1.159744905469812029e-02,1.489281080913687667e-02
2.601123272175080436e-01,3.206298909083952764e-01
7.201164005968993228e-04,2.685906475601345256e-03
1.030073263052516674e-01,2.903128777558040552e-01
2.005171130309941485e-01,1.317141822170737608e-01
2.453103324031933874e-01,5.704809747126327046e-01
4.886848146533282616e-02,1.245989421888620274e-01
2.370276768668777567e-02,4.469891272463261817e-02
1.408510061707685474e-05,7.474119153573088696e-03
2.732712207830734763e-01,6.109245264871732833e-02
1.377697788583662902e-02,7.733188141923577619e-02
2.492488378109795066e-01,3.292527456588747459e-01
2.066105501526261431e-03,1.311418144281252529e-02
9.209964188429012322e-02,1.406500232169476672e-01
1.009640386597571333e-02,1.485877898161478208e-02
6.931652425185204922e-04,7.609108109913787117e-03
2.750089892246957227e-02,1.013978613520014199e-01
6.640350584633786246e-01,6.206835816551008467e-01
2.033211321159223428e-01,3.079679416716578078e-01
7.112236352449406718e-02,2.450074591982107086e-02
3.319040915066467368e-01,3.108930517103433711e-01
4.279530063921060945e-02,3.643651558611765706e-02
2.125514641591872977e-01,3.213295978494399296e-01
1.259367059262002592e-03,4.234942921202411990e-04
1.192115573010953528e-01,1.718303522374571290e-01
1.858643331442640101e-01,7.253953842561156051e-02
5.455269747966021154e-02,3.712496442013001052e-02
1.436964969012393400e-01,4.827440387271148686e-02
1.640574334268037060e-02,4.126045367929133401e-02
4.272664399547616843e-02,4.533512017360330493e-02
2.278308653390406502e-01,1.642973210360292313e-01
6.967708650179062473e-04,8.966233763629386823e-04
4.602895418011032982e-03,3.673234160716600232e-03
9.030990893005098885e-02,4.822970269357568923e-02
2.558048271300005783e-01,1.851598529158396955e-01
1.608947257191469405e-03,3.589239963536397082e-03
6.995056901953634887e-02,5.702202634456439879e-05
4.758529359965012195e-02,1.152465018108233680e-01
7.504200604644038763e-02,1.103467252366343021e-01
3.363499138307389225e-01,2.857425993356985106e-01
3.069217355816968289e-03,4.175423810445128589e-04
1.879388233333204733e-02,2.743820508092114849e-02
1.483347654769105392e-02,4.920803280057099716e-02
2.850347669694047043e-02,1.296582542244751300e-02
4.712277334098343567e-02,5.964097210599615673e-02
4.153781158294458237e-02,2.799238338298202025e-02
6.361718680827671557e-02,8.816059204849076292e-02
1.565863369919932163e-02,6.101461591000718193e-02
2.681378495713446775e-01,3.714613183108608219e-01
2.151271834595277765e-01,1.567079033185892478e-01
1.646162338315786955e-01,2.700190996850883596e-01
3.065503902104865230e-01,3.979058911704687063e-01
1.644219497712699207e-01,1.298072299239941274e-01
4.840223587358476187e-02,1.098535851854377104e-01
4.042424815652574666e-02,9.969863822764553352e-03
1.911783091592568207e-01,1.739860287839099240e-01
1.448155558741347493e-01,1.140601561934847102e-01
1.383528700407550723e-02,8.203541965340730921e-03
3.299897133776646257e-02,2.129591012474205472e-02
3.211613479534735499e-02,1.534593019174746234e-02
5.779882216160862896e-02,9.741333105958119298e-02
1.287630328990647943e-01,9.241412736824380914e-02
1.178970563705365217e-02,4.039742248240460985e-03
2.623792008787070168e-02,3.186412284748606216e-02
7.278736274224862496e-03,2.830441612962264117e-04
4.230299395254981110e-01,5.121062592511488321e-01
3.970856646719529703e-02,6.849802520279820416e-03
7.637635965841521601e-02,2.641305324330693940e-02
1.190707219264084543e-01,6.778301004036410560e-02
2.191769779924868447e-02,2.089814986804110208e-02
7.011265151519298355e-02,9.046958886125628513e-03
1.831196375116541930e-01,3.078134693568134739e-01
2.725690371304824574e-04,6.628126948460541686e-03
1.995275712842679763e-03,2.335848290238539890e-02
3.056432941751483501e-01,3.613602405182405608e-01
5.489294941577978378e-03,3.886224488906843411e-02
1.760363004044206425e-01,1.434141173192971797e-01
1.627678069558667270e-02,4.099005228106043092e-02
8.062151044683568690e-02,4.438662525117389318e-02
3.897921467699234964e-04,1.511283514014058992e-02
1.685078324204321021e-01,1.527603688568481555e-01
1.213726335402428528e-04,7.178839099177522270e-06
6.357933276472671480e-02,1.131329238702606516e-01
3.168263545780021506e-02,7.800281852454200859e-02
2.467147814648820996e-04,1.318847375111671541e-04
1.751089872925129477e-03,2.053432166865046656e-05
1.365035115945758409e-02,1.923958467960593111e-02
2.527314853865393271e-02,6.877244502421574202e-02
8.845402322237027899e-04,3.439756715271269545e-05
4.205248111120363924e-02,3.230396580377353777e-02
2.760458968859847741e-03,1.122462485976637343e-02
5.676598416950092568e-02,6.388183398197026797e-02
1.402536377856154932e-02,6.795548986650308543e-03
3.546339560333355845e-02,3.085947351459101054e-02
3.849874044396857098e-01,4.564702827053178091e-01
7.650030222630842258e-02,1.439840674618595995e-01
3.225132691483884734e-02,8.007820136700147251e-02
2.089735578942906319e-02,2.037782951237096518e-02
2.830700933139082900e-02,4.345986150149023369e-02
6.720648867162866543e-04,8.017058469179128358e-03
1.583061255888865981e-01,1.636078882119320829e-02
6.297984917889160039e-02,4.840131054552298390e-02
1.787785771133577417e-03,1.450970430418790718e-04
8.183986371788712355e-02,1.379182744024121977e-02
6.197726358286695207e-03,1.624930573061901529e-02
1.057810355835595711e-01,1.059228114755386835e-01
2.004516709276040918e-04,3.947790476654472144e-04
2.094747565341842366e-01,2.415614963838182139e-01
1.686265090191377616e-02,1.418700178233919980e-02
2.076958973324774353e-03,3.929327479756222416e-03
3.858129520697493597e-01,1.976624852291164192e-01
1.596134692118571230e-01,7.536129563188917468e-02
1.404226602757691761e-02,4.158233228914136326e-02
7.205917606395946529e-03,1.404665653749408681e-02
1.343115754580099797e-01,2.070915702924983615e-01
6.590050458348992168e-02,1.455498145308772862e-01
9.479535245502034371e-03,5.204581819721845748e-03
1.502355783071203377e-01,1.454968950429167407e-01
1.900371656818280628e-03,1.356022564710375640e-02
1.469400100921681718e-01,1.562497313606403260e-01
1.372322681082172209e-02,4.104673360819266373e-04
6.363244034762070844e-02,1.432529420790808472e-01
1.898655422384691312e-04,3.455529469411920511e-03
1.759930577862818535e-02,8.916103347136342117e-03
5.211846820968485394e-02,2.170300427872228627e-02
5.440670290730004188e-01,4.772202825684904171e-01
7.085790151059628839e-02,1.193199722922910627e-01
3.643710964441203206e-03,7.841600975290871287e-03
5.281387594921417919e-03,4.381499966111256604e-03
2.240925705505428939e-02,1.024037192856056509e-02
2.016595528943201585e-02,4.667921448398209411e-02
1.910250789514460201e-01,1.856853385090858344e-01
6.713299570065657251e-01,9.350698813183208058e-01
3.138005670419950766e-02,9.146234575270061236e-04
1.751800990337760711e-01,2.116922127177239266e-01
2.209478320850993133e-02,3.130368257098897853e-03
4.396303046094522660e-02,4.180954024909831063e-02
1.048533394501956345e-01,1.853774208274805158e-01
8.388903804515089602e-03,1.978435890291278115e-02
1.577064144936545995e-02,1.629993104532122608e-02
8.288259343805975954e-02,3.155595535011523900e-02
1.427992091781930990e-02,1.095300730473993582e-03
2.244208087548352215e-02,6.421206920682462826e-04
8.946477518239277001e-04,1.567606448231179351e-06
1.464493299079270422e-02,3.855948649491208052e-02
2.681235621037724934e-02,1.279875753277068783e-02
6.987648379680042043e-02,2.009888517890447701e-01
2.344655265009645481e-02,2.940111927065948427e-02
1.755780657615537421e-01,3.230307376317562151e-01
1.125255640712905306e-02,1.003851254168573043e-02
8.381227117786656244e-02,7.738355641893743253e-02
1.566330013078582328e-01,1.273532927557500527e-01
4.394418789930976121e-02,4.088860105980801629e-02
4.853015526976955582e-03,7.285448248588326063e-03
3.898262197216396854e-03,6.004387165221145711e-03
5.409524532996632480e-04,1.050514195806896180e-02
2.189842266602916396e-03,1.476859850171388135e-02
3.378753643078672431e-01,3.874076286549206771e-01
9.443457413331166755e-03,2.626376368884235715e-02
6.871342907790467525e-01,7.375613710803845535e-01
7.706222167899900999e-02,5.342521613817802217e-02
4.450087822290842328e-03,7.548000057588212866e-03
1.582505750269877368e-03,6.321608601030924077e-03
7.699713766832570749e-02,4.333641415264276320e-02
1.220600620931814283e-02,1.001538360848821217e-02
2.272941325538883547e-02,5.745950864245176481e-02
8.919965348812126937e-02,1.071259368010612917e-01
1.150882233137970612e-01,1.385985464319747229e-01
3.756164252551350002e-02,2.427873483962057419e-02
1.444172674322729000e-01,1.454619685131879614e-01
6.970486611825606194e-02,2.530940677062805400e-02
7.155818926945418934e-02,6.030687166004632810e-02
6.705272860153315079e-04,2.703966656046472017e-02
1.809704807308125663e-01,1.688434441174612721e-01
4.604919930516190862e-02,8.398912050062952439e-02
1.274687221559532395e-02,6.541162171892220614e-03
9.961984246312325254e-04,2.018362092975790889e-02
7.075753976255279298e-02,3.998108130527130988e-02
9.316305065618021852e-02,3.095155644197540856e-01
4.887564438433573690e-06,4.398274452988260030e-02
3.631682962995960162e-01,4.694346309785242255e-01
2.456606395356698835e-03,6.786560863922130524e-03
2.737822342592935096e-02,8.300007781321087907e-02
5.537754090820648512e-03,5.353643800822150290e-04
1.383015241099211368e-02,3.132972046342467204e-02
2.366771374838801643e-03,3.083954704439786573e-02
4.598663312607143699e-02,7.863903874380506753e-02
3.037358648629615281e-03,5.625289601555755192e-02
1.566974908590408264e-02,5.101975250428916753e-02
1.207910771957847046e-01,7.340845967119170867e-02
1.268828733351134164e-01,3.718117806789184021e-02
4.148381475757055743e-03,2.966597715445886199e-02
2.262604234710383164e-03,1.244257661320218727e-02
1.288580488421050552e-01,8.839337426911314521e-02
4.976389998831604045e-01,3.355373987234530619e-01
2.773951900439984297e-01,4.781335781314984268e-01
3.568669121018817696e-04,5.124939361209395611e-02
4.501116068861023278e-02,1.955735108657928253e-02
4.181636979478547400e-01,5.784064077723747310e-01
1.944279435317915472e-01,2.815954497097905018e-01
3.868827632132610383e-01,3.857174498635572713e-01
2.507827866756521251e-01,9.841784085840567242e-02
1.953817179989108394e-02,7.779378310656537288e-02
5.232153158056702252e-02,1.412744410554951091e-01
1.353289514917771150e-02,2.031907065568015411e-02
2.864762794984016675e-02,4.120663198387315576e-04
6.157358163376936094e-05,8.218777978206326298e-04
2.407382077185157799e-04,1.272870683543762772e-03
2.328699194280182266e-02,2.459126013636352831e-02
2.094504806461461588e-01,1.161304336959148864e-01
7.746635589466417671e-02,4.372895216341377705e-02
3.903371430551091925e-02,5.439992852549712515e-02
5.647423696030438520e-03,9.805002363083498759e-04
6.293585948804815075e-03,3.052075955745836566e-02
4.431440331464478466e-01,4.810685809548767566e-01
2.858583829314047253e-02,5.519123091296186667e-02
6.690621999462590709e-03,1.413922700237831009e-02
4.545277333102263340e-01,7.572621753948890477e-01
1.305222113022527775e-01,5.195608832744979394e-02
1.460748988908044531e-04,6.376788397470258957e-06
1.192726456068831688e-02,3.913002225608251672e-02
2.324524674768034538e-03,5.687665617832188270e-02
7.732856196005202278e-03,1.331144753140147937e-03
1.692835710285852391e-01,2.009622491831361824e-01
5.264972387486169161e-04,6.978996642000013378e-03
1.747188283345366480e-02,4.047960237457314675e-02
2.461823211219100749e-01,4.107574905532916931e-01
1.608426014698164166e-02,1.305549558662845791e-02
2.140787058014425193e-03,5.512227538066357541e-02
2.089776816966627815e-01,2.395692274521296905e-01
1.152580346208757940e-02,4.193861908102442318e-03
5.247506937091687973e-02,5.189332306656350979e-02
3.257432677361705563e-03,5.095281875073680083e-04
9.271215500959742450e-02,9.760655634751680410e-02
7.343112940087295933e-03,3.011770020704931591e-02
5.151594856440159902e-03,4.613592294079492395e-02
1.442860085838721662e-01,2.053161415447096461e-01
1.945221843056743338e-01,4.782811103534422847e-01
1.056351384587318407e-02,2.827066895058272245e-02
3.614535386991821198e-01,2.624965017434662262e-01
1.208668801664310177e-01,1.784116215310594944e-01
2.048743234524454549e-04,4.190075936597922185e-03
1.064086583727583135e-02,1.087003316273327637e-03
1.149428992060329835e-01,1.691924014848763258e-01
5.330067626224127553e-02,9.931618523943784582e-02
2.336894624107843654e-01,3.331231620460409770e-01
1.235686161420641166e-02,3.103569528809220403e-03
3.621399403437854103e-02,5.629621216553110791e-02
1.380364003115287135e-03,2.247280019470115214e-02
5.166698808819359945e-01,6.926481489977678319e-01
1.403517042148026972e-01,1.803989222573736950e-01
2.884622106123608479e-03,9.915223000172535515e-04
4.610225564272831256e-01,5.918559925952362466e-01
6.694090207217424926e-02,3.558449749538653700e-02
1.445185371162850674e-01,2.500917412265151740e-01
1.061752344995659826e-02,2.416334695505737915e-02
9.173381590430370811e-03,2.245217829645821100e-03
1.913442422785776031e-01,3.977186302318228006e-01
3.368697342095185454e-01,4.338790418881763866e-01
2.521403339532947152e-01,1.188851393749617291e-01
2.067863786959574582e-02,8.091984106490543449e-02
2.287764700505868221e-01,1.917178900782648687e-01
1.285832263747029372e-02,9.110136203517823269e-04
7.874294954811084796e-04,2.484217637560137866e-03
4.732793541336257626e-01,5.504125559928739753e-01
7.743579366114004825e-02,6.297738878471556556e-02
1.205134316909430882e-02,5.695710577291615562e-02
5.877454779138966551e-02,1.463969151903636301e-01
5.166861520944945885e-02,5.445501679090758440e-02
5.936029779430065378e-01,6.092729176613697062e-01
2.796222846337101942e-01,2.493476812592314851e-01
6.311521246041804610e-03,3.699267020632680814e-02
1.358767559912387457e-01,2.183753553962227978e-01
1.309374084210628564e-01,1.913669353207567703e-01
1.576149567648053862e-01,1.579708555225059208e-01
2.456499756487000863e-01,3.201729523846366665e-01
1.257852699705172550e-02,6.148627733090982622e-02
7.757484914970852463e-02,8.791473839510524635e-02
7.431371141706605288e-02,7.314137732877915021e-02
1.753963862789859832e-04,1.379360594231128544e-03
4.455881152234232867e-01,6.188910409468882934e-01
5.052394498379816565e-03,3.668956317172761706e-03
1.970610108857558662e-01,2.506736402985043077e-01
9.476962081370363111e-02,2.156028285354681384e-01
1.437760684758636505e-02,4.107240131105382303e-02
9.100949357362501674e-04,8.100222467630178742e-04
1.017681184862598148e-01,9.915701025066786523e-02
2.305946098660275334e-01,3.040397725020732578e-01
8.563135606623548113e-02,6.656432231139379485e-02
2.600645066518373553e-04,7.579679282666389184e-03
1.310126319591523036e-01,9.131547164896469670e-02
6.788283388982596341e-04,6.029137087910599324e-03
2.864813984570116490e-01,3.130018018534719282e-01
8.028582735688667704e-02,1.780020905557132618e-02
2.100708359097885284e-03,1.777793991996853840e-02
4.236684150548567646e-02,1.500930611713713336e-01
1.756554177762046920e-01,1.428544247084103380e-01
7.144249265394101746e-03,3.069439898956881569e-05
4.498511311638122012e-01,1.993502302467361764e-01
1.294784335512167220e-02,1.224159368409314164e-05
4.175395003876368043e-05,3.553254620328095796e-03
3.324313897916275368e-03,1.735600719173666096e-02
3.193790892117736036e-01,2.153008312265549395e-01
5.791939025262423518e-03,9.380250871360914112e-04
7.609360328928233518e-03,1.446254462729742443e-03
4.919858811481795935e-01,4.422707096768619950e-01
5.319893236345007992e-01,6.472907184653925450e-01
5.458717007437054528e-03,5.180675403826982307e-03
5.016254949580064432e-02,1.772609071268386668e-02
1.062905685979195075e-01,7.420065441039866427e-02
8.046337726243833754e-02,1.105501053215853929e-01
1.277494669336962704e-03,6.699831594489447095e-02
2.815651634924078509e-02,2.685561592757804584e-03
2.253827563048838370e-03,1.443368769520114205e-02
1.432855582186400023e-01,7.403964634007563494e-02
8.691218872075311130e-02,1.049598785123179584e-01
1.063434740679732454e-01,1.436052344841215467e-01
2.381525321542141604e-04,1.751203930113282362e-02
7.774249669273221482e-04,2.730714057482804512e-03
3.181547480387262317e-01,3.249202440065327990e-01
6.939962920824424347e-04,1.656437167559315915e-02
1.657040894786715179e-01,1.990351450775346975e-01
1.611568612605308870e-01,3.639533963864899357e-01
2.261917815447978541e-01,3.281220458607545520e-01
1.016484966970361420e-01,7.366274839508962780e-02
5.904993483710744284e-01,4.397490074771651103e-01
7.229489926559032808e-04,1.102344426898737065e-04
1.533180664072871305e-02,1.034480639242416934e-02
1.322987654798208658e-02,2.046614234423515394e-02
1.054368609559234726e-01,3.861860178356394530e-02
1.440866864890510135e-01,1.254760327978909351e-01
9.188137622914828440e-02,1.217516414648623646e-01
5.178620405003730998e-01,4.399439229896546788e-01
2.755703306199411839e-01,4.539361417443076863e-01
4.156490507983742755e-01,3.092913193045065401e-01
3.765303689038267858e-04,6.922332391396758327e-04
1.282367448204746740e-01,2.157399150918404007e-01
1.622383026517441873e-02,5.578497666516246678e-03
3.563932487656715914e-03,7.305165942296350072e-03
1.191915444071327268e-01,2.151632050227169912e-01
8.494900912816008565e-02,8.494728021582624578e-02
2.665220350231463087e-01,3.654733075098455242e-01
1.060421214331074696e-01,9.087124149827084663e-02
6.286177019107494490e-02,2.234402031937841177e-02
6.092867489162904215e-01,8.734599510321550131e-01
3.693040460787932328e-02,5.007167002902632863e-02
1.525500325820976777e-01,1.026316273275988677e-01
2.416236082568201660e-01,4.246333747617426213e-01
4.953248855673521578e-01,5.940656516762976569e-01
4.095700417735246429e-03,5.842656569177623327e-03
1.566280804691228823e-01,7.667620177067763221e-02
3.179946307164864538e-02,7.348652982025183182e-03
7.478092177450596303e-03,2.110949650820392529e-02
8.294018310625676793e-02,4.744213910811569818e-02
7.998603987772803792e-02,5.172806091723753524e-02
5.179047174408888538e-02,2.649760556545693174e-02
9.620938580621206382e-03,8.399852976150087858e-02
4.052252085876912924e-05,1.030236898052039031e-04
2.274170285378624215e-02,6.309531189691852671e-02
1.951340435401993732e-03,1.356294451907337668e-02
3.904614747438444472e-02,1.951922771774249749e-02
7.568573808952339457e-03,1.517220267244177856e-02
1.275969290252357280e-01,8.024832732283580794e-02
1.435866768658375092e-01,2.372748939912168176e-01
1.599071677226726607e-03,1.032498272945888557e-02
1.791377184933673206e-01,1.978501700367266414e-01
1.529134957079976431e-01,2.322367204411350528e-01
1.477296032651701230e-01,1.295105078176560232e-01
1.080403995283240118e-03,2.476716538099796826e-03
8.984791664042916792e-02,1.468563932699859520e-01
7.334566240870261933e-02,3.208379417106616005e-02
2.527979244020420874e-02,4.469821184260039208e-03
4.032009555314386429e-02,3.135740530946351913e-04
3.328659518053694311e-01,3.191963037898590816e-01
4.556068122354626354e-02,2.432224579727326405e-02
4.633589210893415689e-02,1.817940376414949044e-02
2.318258208418394126e-02,5.410780888576493391e-02
5.455927882110619409e-01,6.299444131098289601e-01
4.901124099066610923e-02,6.387988147966490449e-02
6.076961068256555437e-02,1.125447829052655668e-01
2.178311697772946920e-01,2.540519257622483873e-01
1.448151806601680469e-01,1.123417986981744970e-01
3.270476472786760261e-05,1.369507594584240843e-03
3.575434338491760844e-01,3.642307366005261837e-01
1.972724392446744204e-02,4.146638953493123753e-02
3.210168835895265961e-05,1.301371763590167957e-02
3.357550133304532114e-02,6.126313263809459071e-03
2.966629105880097539e-02,3.940191352395054636e-02
1.903893293126009481e-02,1.095246427166698261e-01
6.536356245853313567e-05,2.626211317870009217e-03
8.270965070987347859e-03,1.606583864545571907e-02
2.955716993725690793e-09,2.426049013110717634e-02
3.358428212678783442e-01,3.625787699696818578e-01
1.207654710477429859e-02,2.361896954335161725e-02
5.134644719556418629e-02,5.764380721909735661e-02
2.739002690013375152e-01,6.008473706028534256e-01
8.355910218766212857e-03,1.298651392501017597e-02
2.485655013385875424e-09,6.177052650242199862e-04
4.763109603276834830e-02,1.245103122190534817e-01
8.549943410900576191e-02,1.566190649056652118e-01
6.690071564165891993e-02,4.642835122174379658e-02
1.533973632799824280e-02,8.549890213452494836e-02
7.528602865455396274e-03,2.144232248566649290e-02
1.153279767082433238e-01,1.496702555941396284e-01
1.700242624503101874e-01,2.979102053146068241e-01
1.296678975628400184e-02,4.788477431844109095e-02
1.038152314968020656e-01,1.033645684604343473e-01
2.741766266555389561e-02,1.336540763561120670e-01
4.556430384740638856e-03,1.213761396725478170e-02
6.884818512981657479e-01,7.737391875023913457e-01
3.620854136788190323e-03,3.226073467495936369e-03
5.393204127589026342e-01,5.977204869671819409e-01
9.714051821900619721e-02,1.340288185816616573e-01
1.412048549867682967e-01,5.253804709101340953e-02
3.944057497488642761e-02,3.374931983373156974e-02
1.019990748078036663e-01,3.841384626246951289e-02
8.338162857896413982e-01,8.602375313250703037e-01
1.009583503494635714e-01,1.872477347888012733e-01
2.663690287268158929e-01,2.839982609233636102e-01
3.927054603683485801e-02,8.484294293043982693e-02
7.838648940789483266e-02,8.851637012704541285e-02
6.976090954895070029e-02,1.785918053577486286e-01
3.732853101645183542e-03,1.179940292960596736e-02
1.162273177768810908e-02,5.717842917163248423e-05
1.291303071079995535e-01,9.890951810439509162e-02
1.074851843783292682e-01,1.338214069975510873e-02
3.734183805965507735e-03,2.123696090987675297e-02
1.764380976436426829e-01,5.371499230963317634e-02
1.771747694795676176e-01,1.477010125053961620e-01
3.024657001131166728e-02,5.614844983389377653e-02
7.873097478603316435e-02,5.155104253549906007e-02
3.451323940625675712e-01,3.964922104693971439e-01
5.212055161519240504e-02,5.559841122003458813e-02
9.505141281169728279e-04,3.355822692609388086e-04
2.847514477237782504e-01,1.342134692289941589e-01
1.277948657967898916e-01,2.011097037847631441e-01
1.310069117831287044e-01,8.161453033130812440e-02
4.859068687274033238e-02,3.434146298531116220e-02
5.930801524697208335e-07,1.387892590566574755e-03
1.079242698039408616e-03,5.728508410693935668e-03
1.431216416371046407e-01,3.474155320354724297e-01
4.263043478962363583e-04,3.079165650449494261e-05
1.122911487313639663e-02,2.145079426744141149e-02
1.952333327477888012e-03,1.099792435989029211e-02
3.408710544959007160e-01,3.577885674514954539e-01
6.263480664791755415e-02,1.111195114760675645e-01
5.959834124619443896e-02,1.210019648647032899e-03
2.761460929049002269e-02,1.653927067317352562e-02
6.487142975582083082e-02,5.822362877998470132e-02
7.686537410354108779e-04,1.917894661576052470e-02
7.064686544837192432e-03,7.726683487724755092e-05
9.943259378511737356e-02,2.451074761443508207e-02
1.195847491681070306e-03,1.054842065293140315e-03
5.607482942192745052e-04,1.504165802045390188e-03
3.548214926674091163e-02,7.622132049916628682e-02
9.470171319747675009e-02,9.814462059232556546e-02
1.991414273252290479e-01,2.092456862964272024e-01
5.693015987267430189e-02,6.306431633030935846e-02
2.952241788219153174e-01,3.340112880124129213e-01
1.252414310499985750e-01,2.064010384515544139e-01
8.321331946415301550e-03,5.026354208289167402e-02
2.428199768491875743e-01,1.856392576139661299e-01
5.556541899806502873e-04,5.142093146750664930e-03
1.153776381575815635e-01,8.270658643503440988e-02
1.158055175898572570e-01,9.683320212407484084e-02
1.265468795687012815e-01,1.769075991045360730e-01
6.228488503536905307e-02,5.052761199001940158e-03
6.706526246434740823e-02,5.664381222745289157e-02
1.676089218958195376e-02,1.928913372150267008e-02
5.047234629250190591e-02,2.299143928071511675e-02
5.089388561222240037e-01,3.552395719803810303e-01
9.137101041117584935e-03,9.982103822210991115e-03
4.054820114470266811e-04,7.509692959043694389e-03
1.056582294971347355e-02,2.104587564767056683e-03
2.147632245952879604e-01,2.773580595182123520e-01
2.014877334816729993e-04,2.313317173012240449e-04
1.266460595376697577e-02,1.904528276670731587e-02
1.082512677969762332e-01,1.223262301427847920e-01
8.962500805472864429e-02,7.286372862213288948e-02
1.634038846446310145e-01,2.147912286442089924e-01
6.577565926820397313e-02,1.654123590062345217e-02
3.977731671432060273e-02,7.485686877909218662e-02
1.345151014972641723e-01,4.156185056793263582e-02
2.686258674049876172e-01,3.957100870509917545e-01
7.313613488995812650e-01,5.733118608414888850e-01
1.597661562358547796e-02,3.682109773502099948e-02
2.249443402270383946e-02,1.466230763273514322e-02
1.931314834538854219e-01,9.451506116997519802e-02
6.001036158562469969e-03,3.320166822694002162e-03
2.598476573381066496e-02,9.662224843765256088e-03
2.627739366800884713e-01,2.081006134959341447e-01
1.044244875864845101e-01,6.235325909944189338e-02
8.829278240054286298e-02,1.219543386687493985e-01
6.760584648643801903e-03,4.010415134330883903e-03
9.983291423547251131e-02,1.594514257876464003e-01
2.407882708019953300e-01,3.030213555582287888e-01
2.523530579422388065e-03,8.507273587643123002e-05
3.655889182721721708e-03,1.777538057824736006e-02
1.069631461223620045e-01,1.315000202137177332e-01
4.206616062123347266e-01,5.137887353481024322e-01
3.120109094126557493e-03,6.248638505782515198e-04
2.480487578733389098e-01,2.930946306615526686e-01
1.887522849666159810e-02,3.364877325378664717e-04
7.853303142897107847e-01,1.146992327690567803e+00
4.195861921112385533e-03,2.602966379881928392e-03
3.330377847849970430e-02,1.576257420148469146e-01
7.371483052022545501e-02,1.327069030413398909e-01
5.309389322240633561e-04,3.447509215169102231e-03
2.860956109907544093e-02,1.218285615491391527e-01
1.628893491011814409e-01,1.832651178797312930e-01
4.287577213940692300e-03,5.289237128871501596e-03
1.738843502279600051e-01,3.863255222008740719e-02
4.941153980753063175e-03,2.647934174121435160e-04
4.853698458218528439e-02,1.563610943009839938e-01
3.567812426951537386e-02,4.664508235516626189e-02
4.148605859437404925e-02,6.075143746255291105e-02
1.724386480487888687e-02,1.160835273457728051e-01
4.747195247088090153e-01,3.017790343478259363e-01
2.743127161887895515e-02,1.683507397699439412e-02
5.365340185250430660e-02,4.374195895678147789e-02
5.082555170581115611e-02,1.176708880707807992e-02
7.028801834460868259e-02,1.462762768353521037e-01
2.500267770446358284e-01,2.734943797225263817e-01
1.656923608174335621e-02,1.225144892781428532e-02
2.539772190098410487e-01,2.880772742640736461e-01
6.874224308620385804e-01,9.900477159996394771e-01
1.559246840951508672e-01,1.167585804296810831e-01
6.285856049002841971e-03,2.100012995414824238e-02
2.150326645681848170e-01,2.022937269578027331e-01
2.438106121833100159e-01,1.812208557370425521e-01
1.468014232743787215e-02,4.942663232440438342e-02
1.794120871984152682e-02,1.657486821984051339e-02
2.979841099573951602e-02,2.075165316788759576e-04
6.567806947754211144e-01,6.542928940737215981e-01
1.888590080705465635e-01,2.649377133343254753e-01
1.037646140109666631e-02,1.033346012224309980e-03
4.933871777913361595e-03,1.811149364306770607e-02
1.188485285927673579e-01,4.764474019505210434e-02
2.410501084228653084e-04,1.833553470303935645e-02
3.406809117300500702e-03,1.813524354692550022e-03
1.653420978276703701e-01,3.146431370476082123e-01
3.865352169192151893e-03,7.329918569022636672e-04
4.870003035281846027e-02,5.222528559619657451e-02
2.507914567803874034e-02,5.234749819493003317e-03
2.669858670176755017e-02,1.678782106027556023e-02
2.743174066059246227e-02,7.548069712474440255e-04
6.651260375294401010e-04,1.072270408251818803e-03
2.975008838623008356e-01,2.448519034998761501e-01
2.122074449202116797e-01,2.644805728721393856e-01
2.135347287659020710e-01,2.403966530026923620e-01
1.425479409595901970e-01,1.392127639715478038e-01
1.309203035054401498e-02,2.765866176776075880e-02
2.562844428951324346e-02,7.045515013507316383e-04
6.940665778001360309e-01,6.006789036211978017e-01
1.000429815008830048e-01,8.562168214410492695e-02
8.911326525511364255e-03,2.990375176872274183e-03
1.611233929205580784e-01,1.273458261413306369e-01
2.423769818517032826e-01,1.751206742861890209e-01
8.882441984832432219e-03,2.317477404540111210e-02
1.261075775037795998e-01,2.460268440431406245e-01
3.436263324595538182e-01,5.360872850763005459e-01
1.914932013393386839e-02,4.267822666095211909e-02
1.096628499192976169e-01,9.496277717238400806e-02
6.123235834204933115e-01,7.928839354617309709e-01
1.695985945624806923e-01,1.880986058162242847e-01
4.615686458753507498e-02,2.809784562896494933e-02
3.053652726330428613e-01,4.111597022420808156e-01
9.885485745884724229e-02,1.412148390069078996e-01
4.155843392656240198e-02,4.801890390998079378e-02
5.255807931921938417e-03,2.170277038323892294e-02
1.736309435467347506e-01,2.045233321359561374e-01
7.149606245321007622e-03,4.388327631310050270e-02
5.358139954386745979e-02,4.553968430291462782e-02
2.404121812237476272e-02,5.267963778058050439e-02
1.738122585149868005e-01,1.579611568285025081e-01
3.638328526996100626e-02,6.431390558510635680e-02
9.726154264479844325e-02,1.289383920824742902e-01
7.868668362813319855e-03,6.368936919463802360e-02
5.696377210068089697e-02,7.370490564202790765e-03
1.434934166850125870e-01,1.805714003752472707e-01
7.192613762911520027e-03,6.100529284856100014e-03
4.435411432405413773e-02,2.338872498406435567e-03
1.096745063610909399e-01,1.122170980000704865e-01
5.807069035445352589e-04,1.465123601855900654e-02
3.512474163045560538e-02,1.662393079096521550e-02
1.926455525525247806e-02,1.419325076146261133e-01
1.015182168207151743e-02,3.238800083205584037e-04
5.636039854171936980e-03,8.211004861592738346e-02
1.301007161848752314e-01,1.439681828599415903e-01
4.318594976592209783e-02,2.002063908867292644e-02
3.975530351709931631e-01,6.183351620173579422e-01
2.365474310574732994e-02,1.750846983933200887e-02
6.540564417677288689e-02,1.867681347879480286e-02
5.181864828809879669e-02,1.001117103455495400e-01
1.919497470717775045e-01,1.324479376244888096e-01
1.191493463862223351e-01,3.743619983347882818e-01
9.778096401473444776e-02,1.024090091347814868e-01
7.261873347574732129e-02,1.414043868387556899e-02
7.608267995356374769e-01,9.854100615742051872e-01
2.585940991026398558e-02,5.145168720749634245e-02
1.411895416876515763e-01,9.070200719047705196e-02
8.222927704391797595e-04,1.787991166960161901e-02
6.578065466251238613e-02,1.225120038971511810e-01
1.980653789110129737e-01,2.778548783919685961e-01
4.217791007483298604e-02,1.603953103563012239e-01
1.309619913183823195e-03,1.081580056761663548e-04
1.406997500089727550e-02,1.037668678155967590e-02
1.432044194306104357e-01,9.412126072464911675e-02
3.164471573437575014e-01,1.888841539509310830e-01
3.397391090368068103e-03,8.002843555727213315e-03
1.727676117433789361e-06,7.283870198643593614e-05
3.649884865592972674e-03,2.226354799339583593e-02
1.006587558368104117e-02,2.439481847116478988e-02
1.074828505619426083e-02,1.493692021770823622e-02
3.246522348966388721e-02,1.305211891911706723e-01
2.427309153252501378e-02,5.123174349307779187e-03
3.435908899430812485e-02,4.990410828355208023e-03
5.945120574665357926e-02,1.271435053893165967e-01
4.640606969418756972e-02,5.592044344631240393e-02
7.703079150331876290e-02,7.878608965251418517e-02
6.355058752012160243e-03,1.957071722270745714e-03
1.922644512173668496e-01,1.569384239196657815e-01
9.171270873917187561e-05,1.796310009720169729e-02
2.326325641655272586e-02,6.898265266639366788e-02
2.141822214309328509e-01,7.812806457466277277e-02
6.951567237302432034e-02,6.124986396459935339e-02
2.057052997677910056e-01,1.598024960174529441e-01
3.149052818084462080e-02,5.801684031949971149e-02
1.752322924265493076e-01,2.090695180182262358e-01
2.652485477860612798e-02,1.273071018674182438e-02
2.526603841034606203e-03,2.904113081375821279e-03
1.015755820191839749e-02,2.127772898110127237e-02
3.848995638019903076e-02,6.650613876079065900e-02
1.299507741180250808e-01,4.697005509151074010e-02
3.790413685855594794e-01,5.606975272248106990e-01
9.048177910095013543e-02,9.078301757235393565e-02
6.428234628922790961e-02,8.221862378877181632e-02
1.255705749705329777e-01,2.324428065171595392e-01
7.376267474928199785e-03,2.234197390249135790e-03
2.688790165980124713e-02,1.890420776950862622e-02
1.236568307299453079e-01,1.389549414234365066e-01
1.126817936648875224e-02,6.777175859391942891e-03
1.324136025772699142e-02,1.021817204856922956e-02
1.358929937875351683e-06,5.427139249208125585e-03
1.751708743727541095e-02,3.745846463425147807e-03
2.571658423862825948e-01,2.663522540105355829e-01
1.205749326477806027e-01,3.443226375309635379e-02
5.302426449743539126e-03,1.703466503252712937e-04
3.908658979872330270e-04,2.851248889796070829e-02
4.410269649023678545e-02,1.001061366175427653e-01
1.086229242408273399e-01,7.869296305241937906e-02
2.202596535602431571e-02,6.747362331976395830e-04
9.184800570405476927e-02,9.962483105688742235e-02
2.767830579573866273e-02,8.929155017951349860e-02
1.896051093041029589e-01,9.850573994289743562e-02
3.021231429208668384e-01,4.053435704769104975e-01
2.220196841880270056e-01,1.259414082908715815e-01
5.135312544838638305e-02,3.075221494700804831e-02
2.775350450279057829e-02,1.263160278786717716e-01
8.611646141062446807e-04,3.023269628225132375e-03
5.165961860627821256e-02,1.427577969502964728e-01
1.187843110577192079e-02,2.655633228077546558e-03
1.290742873589044784e-02,9.562676992798782583e-02
1.467330889758373669e-01,2.277572808795251813e-01
3.352477897163753939e-02,1.800573020700045254e-02
1.117647532414286528e-02,5.138301789229653485e-03
2.697171925106531809e-01,1.380506930550993161e-01
2.703825323421321092e-01,2.519677782469785243e-01
1.601804613752206424e-02,1.158725621515847327e-02
2.365659638350016136e-01,2.744197637084394015e-01
6.525368118563234891e-04,6.947930246142227859e-03
1.167399824937295216e-01,6.168133498103978152e-02
9.736185619230504351e-02,1.149211364279118658e-01
2.516063184306110978e-02,3.770093419759944914e-02
8.336147742401465305e-03,1.503874979026727189e-03
1.365699618094883818e-03,4.550376301850969640e-04
5.888560093424798081e-02,1.194992280143214181e-01
3.532938578358417459e-02,6.878080105154977565e-03
1.720544752649453245e-03,2.442445971814766474e-04
7.889654057272034449e-02,2.485951675508019376e-01
1.148590738024013458e-02,2.751625403599314290e-03
1.382605783940357193e-02,6.348203233618198750e-03
1.497071021802842405e-01,1.605827846614232834e-01
3.379170831410769488e-02,2.496093310201149065e-02
5.462274726898484062e-02,1.090187484212521568e-01
2.007375691947156926e-01,1.171987355602979036e-01
2.400356255173475006e-01,3.383953352486122612e-01
1.650208413238103966e-01,1.083876833962423153e-01
4.276463798794735705e-02,1.517708865621271615e-02
1.412719727379665828e-02,2.005994593115601257e-02
2.178421015055707899e-01,2.873479891578587520e-01
1.702437997968464815e-03,1.688774329545526375e-03
1.004029920219960334e-02,1.481521156223582041e-02
6.374762129563156174e-03,3.020494818870958498e-02
1.175829715537476533e-01,2.023374791436827191e-01
1.210741756573298911e-01,6.054645102462376943e-02
2.413348133816654861e-02,7.519947964371835603e-02
7.536785616279673139e-02,1.478352099529637864e-01
1.052368769969503071e-01,1.477876302064485559e-01
5.793147923124464249e-03,3.749910890562448716e-06
5.682879409962520584e-02,1.241022783836254889e-02
9.955457393032447321e-04,2.647703883817328300e-03
7.243112864056097840e-03,1.332838981727723845e-02
3.188779411436698519e-01,4.605165644593302576e-01
2.701430731225498011e-02,2.303502038924508388e-02
5.615453518868298438e-03,1.892677884400143342e-03
9.392754101779546283e-02,4.821415181185102067e-02
3.001601561556959119e-01,3.282604516086188862e-01
1.399129182490399803e-01,1.371929772950528648e-01
1.323636040715327200e-01,9.763229982768698023e-02
1.339858038575465204e-01,2.601319218603798111e-01
5.020155160269257344e-01,5.687606728149953161e-01
5.381765520877464931e-02,1.162361874319209759e-01
2.397740653011050938e-01,3.754515974802236089e-01
4.114721601404743717e-02,4.572501958685686041e-02
1.917667615967639030e-02,1.211713812641746907e-01
1.973219465666706252e-02,4.638042462243013170e-02
2.876626219809255702e-02,1.133723507867047259e-01
2.773548341633233234e-03,1.313923834603252221e-03
2.520124539254101070e-01,1.335118316149753737e-01
2.136857548070903445e-01,1.607103919176284534e-01
6.105003643925018680e-02,7.456686941591585127e-02
6.404703892776697494e-01,5.680675890525322957e-01
1.635539968012216739e-05,4.742716173344325992e-02
1.496251140306289473e-01,2.107543409538572277e-01
3.895589229837859852e-02,7.908253682993260326e-04
2.204665523723922937e-01,1.738005391947044231e-01
7.656140050574739009e-02,9.859914116296718267e-02
6.813260968046516708e-02,8.897718556776737509e-02
9.090945784555692563e-03,2.439691543941916157e-03
4.116073669401722201e-02,1.514328715699226648e-02
6.352781529694279117e-02,6.476732747964629444e-02
1.649482149630747407e-02,6.127186978161024838e-02
1.385741915422767367e-01,1.956612872932255998e-01
1.888111102092048400e-03,8.682969866030698994e-03
4.971704269753325633e-02,7.985900360133739440e-02
2.328046623160737183e-02,4.478677389134048253e-02
4.973308013263726818e-02,5.891226353383573894e-02
7.939929315860253997e-05,2.364738423444506105e-02
2.458832966905769024e-01,3.637391819828663664e-01
1.009271319113305872e-02,4.367572890789811501e-04
3.765091381917152341e-03,6.532651015716027000e-03
5.128844705046207986e-02,2.375903981292369974e-02
1.786717718672221344e-01,4.740975933873533416e-02
1.748995924334779267e-02,1.326798068237283398e-02
4.699908855365299461e-04,4.730845123867455371e-03
5.832877868554103840e-03,2.282477304357064321e-02
9.415715758985278294e-02,8.043011519436014944e-02
4.145795029068335413e-01,4.193874750742550006e-01
3.755999553226074816e-02,4.985790833049545678e-02
2.490084676980813469e-02,6.030612449757526139e-02
1.999956273148524311e-01,2.267580575392627307e-01
1.312015782407444618e-02,9.550886698114102735e-03
2.117869723502561335e-02,3.092642260790552308e-02
2.687754750747545773e-01,3.189008123486745672e-01
7.688377327793394223e-02,1.709983473110433527e-01
3.553148219733269775e-01,2.951784479830878438e-01
3.533766002902079956e-02,8.464546460345107048e-02
9.178958740766804403e-02,1.179557979967013892e-01
4.821573226952553218e-04,2.977827369655672990e-03
1.515189248597574867e-01,1.577532301922971725e-01
1.004888328554879168e-01,7.108352507376519691e-02
8.408166574217404432e-02,7.504241257946445143e-02
2.594235528084232190e-02,6.297071842284017451e-02
1.347996700716672935e-01,1.091949564507040255e-01
5.619434990074867464e-02,1.026676990344784629e-02
5.049913846958842267e-01,4.796637132361167288e-01
1.705906313523013629e-03,2.879275660337095918e-03
2.077744648897358534e-02,1.266328718747827256e-03
1.844145211298684655e-03,2.004507458475302678e-02
2.015033454202693197e-01,2.908823142928675387e-01
9.178139537218070465e-02,1.360541192177370795e-01
1.237062959309232352e-01,1.251251524613372634e-01
3.821534414987038525e-02,5.864489521563690660e-02
5.648205963344737207e-02,1.295197511439924801e-02
1.378004359457412134e-03,1.092370784849747969e-03
1.134260711722467636e-03,1.903605042558364005e-02
5.811981327427657301e-02,5.889754172297655826e-02
1.351794696293430291e-02,7.484292565641474659e-02
1.774563114533870233e-04,5.014371324636299936e-04
1.164765387685766374e-02,4.474795987823531468e-03
2.096128567801983089e-01,1.106692939476384557e-01
1.983640205705161294e-02,1.360845264908720764e-02
2.757178785277397681e-03,2.664565116121504589e-03
4.800807014548244545e-02,2.077397287018949504e-02
2.430163905823149728e-01,1.402113293696047591e-01
3.135677804456987045e-02,1.443068002208131896e-02
2.925157251296892319e-04,5.793595662126241330e-02
3.339852867477666742e-01,2.157346970414479315e-01
4.260012171551840754e-01,1.483646206144103308e-01
4.220487732406875796e-04,1.050978946297405608e-03
1.103057632780737735e-01,1.219813991970241096e-01
5.724569756905238671e-04,1.571688143797217441e-02
4.387844775965643422e-03,1.156941303178317393e-03
4.525371200075386374e-02,6.049949198106994303e-02
5.790638887586245682e-03,3.126153886308062103e-03
1.022569242068266937e-01,1.363361706627434500e-01
5.437881825553241011e-02,1.050715455526932823e-01
4.135676918612544162e-01,3.239776535357412612e-01
4.098299750817182563e-01,5.860456307024333178e-01
4.897488310598489825e-02,3.566293813729925349e-02
1.122272805705304827e-01,1.559399819357640826e-01
4.783394498023853226e-04,1.546144444395466316e-06
6.023124581386908594e-02,2.464948395665476910e-02
4.875015171011828213e-02,4.051170710559167526e-02
8.882723687343900901e-03,1.085469895735540272e-02
2.536731553058075000e-03,9.312903418547445814e-03
3.010261182745891523e-02,1.339280919994792658e-02
3.238810281701105104e-02,1.144945418799844100e-01
5.082612959635343652e-03,3.784693077967663660e-02
9.318818945108569077e-03,4.877815382248866516e-02
1.414030550117780036e-03,2.421856348696060641e-04
2.458318806235144233e-02,9.462092242496171479e-02
3.985626737253809837e-02,7.311863421176506561e-02
2.935077874653921892e-01,4.066913826557903011e-01
1.670562228481287381e-01,1.915214590985754584e-01
3.422739588322845083e-01,2.320946698074137504e-01
9.513261363476868682e-03,2.171955489695688926e-02
1.830142081913138652e-02,4.165001791583594669e-04
6.984494778848183982e-02,1.610882437435845749e-01
3.771505151846586690e-02,5.504367491998159861e-02
1.288821694743319257e-01,3.580935963750600526e-02
5.162578347377691501e-02,3.917425608355392525e-02
5.916269574738704587e-03,8.153423746145399239e-06
3.625688947806428586e-01,3.701140563518703908e-01
5.607643539084155443e-02,7.373023068161764677e-03
1.913221362664695863e-02,7.110015476788461054e-03
1.291650443773316621e-02,1.116424578302024385e-02
7.283619256622261839e-02,3.736525517373627536e-02
1.142713622565212500e-01,2.694534320587728057e-02
4.776576681374652272e-02,4.677174550024276733e-02
1.836506162937137296e-02,3.200241658535159239e-02
5.008041900145929204e-02,9.944697086534269592e-02
1.289300730510806736e-01,2.822470257512025293e-01
4.063716426999056976e-03,1.917209201381978381e-02
4.739765990068565277e-03,3.676429499461619094e-02
1.444176821931983552e-02,3.560100934323874589e-02
9.302321335030301619e-02,7.054044308342824476e-02
4.222976976569018520e-02,3.443842488647243932e-02
5.867513890978212632e-02,2.836891026440662572e-02
7.310965508155670319e-03,3.990719465208752981e-02
2.081831825785027956e-01,2.600189144511835804e-01
4.286163778183516015e-02,2.457162142628363261e-03
3.290126720978774899e-01,2.558853439249542672e-01
1.008783210466315675e-03,7.269667745692796196e-03
2.302481114134370243e-03,3.996347245868336201e-02
1.012734669069657173e-01,1.521575003234604262e-01
1.069044980898187364e-01,1.975985533234403679e-01
2.250259711649650347e-03,3.912439435127081262e-03
1.235672576797466060e-01,3.765014625713526686e-02
2.437203730893660811e-02,3.837888596282896126e-03
1.040464925038409316e-01,6.005402503422742344e-02
2.035859996483848355e-01,3.756442779569289514e-01
5.024916836403309217e-02,3.395221152675360204e-02
4.795898794403741922e-02,9.597622104400332921e-02
2.578681174363590123e-01,2.317999727998787396e-01
2.530924656890878865e-01,3.023579781878368844e-01
1.678962913050473585e-02,7.321978153604791206e-02
1.085600640078925993e-03,8.100059880876952709e-03
2.271166626557039395e-02,6.508916777507219205e-03
1.696364479824444076e-04,1.319569616804652616e-02
7.294987113788728439e-02,9.309932129270770407e-02
3.359002888056477135e-03,7.760045824638276205e-03
1.879999088060232415e-01,3.038458338867805475e-01
1.956490046773302627e-01,1.153064445999107679e-01
1.178899736522938529e-01,1.243192784748450436e-01
9.704810597690063934e-02,5.664146930969588684e-02
9.733543559468722794e-02,1.925852128305924338e-01
1.226010261694543274e-01,1.481549351266126802e-01
2.680522354803143714e-01,2.334709099946856992e-01
1.515024750265381581e-01,1.631835818004038208e-01
1.096117035446231291e-01,8.486606720228964673e-02
3.076551271705495472e-01,2.573721417049208982e-01
1.139624523678074153e-01,2.798087406104426966e-01
1.577526577608865180e-02,2.520306373609572381e-02
3.448399393538149615e-01,3.735257566893568359e-01
6.769176032082496741e-02,8.001727737414802977e-02
7.508715978666067681e-04,1.656857550577527441e-03
4.652245969451184182e-01,4.040305958251990126e-01
7.840519712468847768e-02,1.203724243018784029e-01
4.343644647759108829e-02,5.981728897873429818e-02
2.500762576628432193e-04,7.024989975097794973e-04
1.380768325055408254e-03,3.460275121855901914e-02
1.743454412298829105e-04,1.830614966171703779e-03
2.487593099199744417e-01,1.896416174652674203e-01
4.422748487087789226e-01,6.237145492434409411e-01
7.925225892401423222e-02,1.374594374765793769e-01
5.019505107078467421e-02,7.883410759239820043e-02
3.488495628203883842e-02,2.410291208351023409e-02
2.622951964495065166e-02,2.538789815710275344e-02
1.098290083256924787e-01,1.025236120980591303e-01
3.852483270573937163e-02,1.314199417705682596e-03
1.150010578826088925e-01,1.184740131192906498e-01
1.982196715639178777e-02,8.384438273495146976e-02
1.003647500269200417e-02,4.400829204733498062e-02
2.238295085569302206e-02,5.407855825814294332e-02
4.393139662094956988e-01,2.634169139353178535e-01
2.255964971492410431e-01,2.078997849105580498e-01
9.981328412434585795e-01,1.099776967497858804e+00
1.482263122324524174e-01,1.373687351402607393e-01
1.096385112764697078e+00,1.043631321037351789e+00
1.622657720687997740e-02,2.311595057422269252e-03
1.993143500115990459e-03,2.464960005829950219e-03
1.335786970818908515e-01,1.917044428336719952e-01
1.127444151026003698e-02,4.769355355134095170e-03
4.879364447969997132e-02,1.661801768056822906e-02
2.144564362270600932e-01,2.556365375550061492e-01
3.131909798770871056e-02,3.253824240535546641e-02
8.849446241550372547e-05,4.733442407265915468e-03
2.383780129795906502e-03,4.275611375634989081e-02
5.126766762376042674e-01,3.703471534221063899e-01
2.435415189218650912e-05,5.391637280506420731e-04
3.065865379732399948e-02,1.369661668470294885e-02
8.980686425131375510e-04,1.606161351897175509e-03
4.611516106620383278e-04,1.781088245642336882e-03
1.315394964853213583e-02,2.800587524707193274e-03
2.043397061800335951e-02,4.622486285825019858e-02
1.014895919200595360e-02,6.391913236424284599e-03
2.941196154065707780e-01,5.148882658496497511e-01
8.733037656509026747e-02,1.036899675756869643e-01
6.797107795009224573e-02,5.638932867860819986e-02
1.082058767629352214e-01,7.890364922449333296e-02
2.613757424527581898e-03,1.761528542107020133e-03
7.326975613057132852e-01,4.772948569134050079e-01
2.150279783998352776e-02,4.592046897964300483e-04
3.608863088395741769e-02,5.243525827046931209e-02
2.575499991418980523e-03,1.479585807927781375e-03
2.219611187766437344e-01,1.798979611240587029e-01
1.495016546919649921e-04,2.821384360583340553e-04
1.121288441520707814e-02,2.554558177864321017e-02
2.214903542216130772e-03,1.209807980465014456e-02
1.696902587508785623e-04,5.723867545352223120e-03
3.055604973812547365e-01,2.726869111152387393e-01
1.799294890053665108e-01,2.761899863848729098e-01
7.621490923687868242e-03,6.146885459636584198e-02
6.104576520511822285e-02,4.674662065896550284e-02
4.753378510684940633e-02,5.817607259452325236e-02
1.616856540462114633e-01,2.364968314937344052e-01
4.089897631094206037e-02,1.613332097407761678e-01
4.984040017748857243e-02,7.632834065256466349e-02
1.612929262188360635e-01,1.878973219112170800e-01
3.871198257919162417e-02,8.368959693339901584e-03
5.072154601028440500e-04,1.550346391064610051e-02
4.727829817224951138e-04,7.490606986614654038e-03
8.583538493471494285e-04,1.125307572683437868e-03
2.382462683740308590e-02,2.596627785350283726e-02
4.410425948937127943e-02,5.072042324572478833e-02
1.039956113323692137e-02,9.460556428406131924e-03
3.711556263789958380e-04,2.249137878122169608e-03
9.591302871892120468e-03,8.824744382436612578e-03
2.043531135417725464e-02,3.903498043729574513e-02
2.977840267857559189e-05,3.953201065679061953e-03
1.061966556121633626e-01,1.198702542596932347e-01
5.195320583490084521e-02,3.542281795804552713e-02
1.122571404969506526e-01,1.146212824869878438e-01
8.941406582164531584e-05,7.657372354755671159e-06
3.298401387612919259e-04,4.620909163657183072e-02
1.441369238880354509e-01,8.608080168509232855e-02
1.615625249978276390e-01,1.176680703276903051e-01
9.647529272530583344e-02,5.109354762291931640e-02
4.539048912449204776e-02,3.261397101578035473e-02
8.616042289213983029e-04,6.928213820153223887e-03
6.665834154322064498e-01,7.870339442426679266e-01
2.583452308724819334e-04,2.183021796187276315e-04
4.090197646404393830e-03,6.183853344398360097e-04
4.889127273144446006e-02,2.575187595581870763e-03
1.591964857583292106e-03,1.199090277272633377e-02
2.798882858026925935e-01,4.275716816019651811e-01
1.155582123773453845e-01,1.006628292481580866e-01
3.552286229810351637e-02,1.111052702152134641e-01
6.498089528473592613e-02,4.164938556209554776e-02
3.237535659640560781e-01,2.617223788436372489e-01
1.226664691304137399e-05,5.705892531381439453e-04
5.223809919085985187e-02,7.090010946116355461e-02
4.911853059148944128e-02,3.421164234632848283e-03
1.559601765943340046e-01,4.597218171134252740e-02
1.008086932694120641e+00,1.040671761226285907e+00
3.582059871632581327e-01,6.104361771546301663e-01
9.726876735826653700e-03,1.087921320131775699e-01
5.620004784149344734e-02,2.586166849691773698e-02
6.268891390354688420e-04,1.491139024940792146e-02
1.000785379418579367e-03,6.345029177121468134e-02
3.015259569236676193e-02,8.969164441345627015e-02
4.205221623353803256e-02,6.226389947326846364e-02
1.906264740089407828e-01,2.924670887568254218e-01
2.059727784540396275e-02,7.454666586388891854e-03
3.508400038548564054e-02,6.259796556350444297e-02
2.843021885927273298e-02,4.287521095663025111e-02
9.020347185373948570e-03,1.468651819117144756e-02
2.355640154924374535e-03,2.256595494890114781e-02
8.910802250635294075e-02,5.442636485629940429e-02
1.086028185898226667e-01,8.539693342154172639e-02
1.516793758880024580e-03,1.021283492549930269e-02
5.193140905323660739e-02,3.611944022194607529e-02
1.847272421281942814e-02,1.334571042460480552e-03
3.067300944123189043e-04,4.037080111470113530e-02
1.064468902194519867e-01,1.197534825603366743e-01
6.081809196671113536e-05,8.549282883440688721e-03
1.322862599814512985e-01,9.680875512204439870e-02
1.795179541669518139e-02,4.331732565899458487e-02
3.218511421032026476e-01,2.698811456134143638e-01
1.581992890351643921e-01,3.417731140381538579e-01
5.350170172924026968e-01,5.078882936548531069e-01
3.954148764286323503e-02,5.254245907364821222e-02
8.030192589853261953e-03,1.303880036041097160e-02
5.192426187526279213e-03,1.597028723934446406e-02
2.566168336857233348e-02,2.704510234923674858e-02
9.452375758589130761e-02,1.173236432233753651e-01
5.591662549838455343e-02,1.064163639313715493e-01
7.558326020568354939e-04,1.810817402429578153e-04
2.234477397816973521e-01,3.782303105572397683e-01
4.048512694583019343e-04,3.881262179672978225e-03
1.748830241913512662e-02,1.700741238816207883e-03
1.372662194189799411e-03,1.094232164376914528e-02
4.488980036542415675e-02,1.043267714212700072e-02
5.521863242689984547e-03,1.614220355998160009e-02
3.257359745101898185e-03,1.605287451210065872e-02
3.034924778592251737e-01,3.576493831516755484e-01
3.539136291219664721e-03,1.489204297284994630e-03
2.038246118891879829e-02,2.395764820990839428e-02
1.169156372316605859e-02,1.023208288591805626e-01
7.604260661433705389e-03,4.685241562826542461e-04
1.564989411529597030e-01,2.443679988334173103e-01
2.734912398397514738e-02,3.875044860115564593e-02
8.138741020383447001e-04,3.423132142004144726e-04
1.362850316108173317e-02,4.199212975735112235e-02
3.149440069759631977e-02,4.750451583570620973e-02
2.066341560103032715e-02,2.029990756264286184e-02
2.797886134977525807e-01,7.037547444166596389e-01
7.211705144897606612e-03,1.642771376325225310e-02
1.620813708039300222e-02,8.289035185125116778e-02
1.956333704620682751e-03,1.064803424552527984e-05
6.485182833890516807e-02,2.251781307490781717e-02
9.236422316462820914e-02,1.057764032794660386e-01
1.061606171014202460e-02,1.261705089760199912e-02
1.492755778606885686e-01,2.250288534338615587e-01
9.834461113945937305e-02,1.647294220945829113e-01
2.758223022143746223e-04,2.198998332932766610e-03
1.036794671091753883e-01,5.963970342201065089e-02
6.113431836149722104e-02,6.702563087498573935e-02
1.184985585806614707e-02,5.736709306203912478e-03
2.779563433431939817e-02,8.279880724380855525e-03
3.032111883832813671e-04,1.639424955952419440e-03
4.782754059596898699e-01,5.517355202007594439e-01
2.906647851332243571e-01,2.311560846657606527e-01
2.726783900315952747e-01,3.329647343355669475e-01
1.100989870383879132e-01,2.230910309411038850e-01
2.957066526123435235e-01,2.258237873112479421e-01
7.060926338769658861e-02,1.278561772610203318e-01
3.396018084233592971e-02,9.001955703451006152e-02
3.342717750313669023e-01,2.246844402192898771e-01
2.033420970051363214e-02,5.186322552420541540e-04
2.454526500769692865e-01,2.608592686333941479e-01
8.020184389148895046e-03,2.725872421318262587e-02
7.829827474714301516e-02,1.029682988339291616e-01
1.436862688122055587e-01,1.738378299467121524e-01
7.425802674027649243e-03,2.467885638161261002e-06
5.048513909187514470e-02,1.417336973172972081e-01
1.199568746544057117e-02,2.684563600779019468e-02
1.072633937890462782e-02,6.206257906320921704e-03
4.520463478496395543e-02,7.129252489540010944e-03
2.929519564856886138e-02,3.169496181999981177e-02
8.375673293139429543e-02,1.157902739632245270e-01
1.144807395507623123e-02,2.603464023150583225e-03
9.909172356367956791e-02,9.551559352449953688e-02
1.744957949038507608e-02,8.321253965722480092e-03
5.376900294318592843e-02,9.047222636925683625e-02
4.177741886109115343e-01,8.148652014038225699e-01
1.375186934388534510e-01,1.752754380645462351e-01
6.931483990102734749e-01,7.091985871622327187e-01
3.494564190928462627e-02,2.325992498267545963e-03
2.373552326198411985e-02,1.731350287554183839e-02
8.463472064927374250e-02,5.946928460904715719e-02
1.006683054313852778e-02,3.979788633692098870e-02
1.056347243248985518e-01,4.874484627622645977e-02
5.037241617098511814e-02,1.512903961582275636e-01
8.151896472419271900e-02,1.087196583894108060e-01
1.153107153074264951e-01,1.377297025569086952e-01
2.161893710139317637e-02,6.630873041265608787e-03
7.187895060925225676e-02,5.537642769915473995e-02
4.437565290485198655e-02,2.729501709525795905e-02
2.621232625445070463e-02,1.303104285095231692e-02
1.219402847390084754e-01,2.501161030309134725e-01
3.329464808353794353e-02,4.247158615043349766e-02
2.390110280732012787e-02,4.950128877396822724e-02
3.860223276342797383e-02,1.231179873485831466e-01
7.127277463222942977e-01,1.074667963606063870e+00
2.651732435880663880e-04,3.506089329823450012e-04
7.879380050636472510e-02,5.703468830709403775e-02
2.618019929651795863e-01,3.757020113726036170e-01
5.404383975537822848e-02,3.444979889411081686e-02
1.183790476915360945e-06,2.340447044964818601e-03
3.011759945875386313e-01,2.936958711977329939e-01
3.960638087014142217e-01,3.356418498461657407e-01
5.251338103784439302e-04,1.135790574673550650e-02
4.932035169116930073e-01,5.284079649741988405e-01
3.291229474279065426e-01,3.479927138283956389e-01
3.805849336343283124e-02,1.435084871163962682e-03
5.490340725711077147e-02,1.438972231441585370e-01
4.561541093000466562e-02,3.464303750471909443e-02
2.103345217483392204e-01,3.409815566019847033e-01
1.367883519496449485e-01,2.051044614258619170e-01
4.918336992197656216e-02,5.061271757012050093e-02
5.780721825000173161e-03,3.203213461956581822e-03
8.942644466029563491e-03,4.686544583599142923e-03
2.265814047367935204e-03,1.224626709666759095e-03
1.863141105384597540e-01,3.461653843301664701e-01
7.205269445004337456e-03,1.583721650280951743e-02
2.530961943056692781e-02,7.683168989819134931e-02
4.215778511959126368e-02,1.278680393767634427e-01
1.391908777000079415e-02,1.962623034795555905e-03
1.061112090035526700e-01,2.317498850591362680e-01
9.024056459686101428e-02,2.466223648243549282e-01
7.850351276589936922e-02,8.474615985215123992e-02
2.297550645137881944e-02,1.759361400413369803e-01
1.058920790596442396e+00,1.215691034474917442e+00
6.779530917888667609e-03,1.280277094003611643e-02
3.252168570866125208e-01,3.363540652705725997e-01
1.182273977260835524e-01,2.734071102648634177e-01
1.161620222685023213e-02,9.165690603391375701e-02
1.985241093511727964e-02,1.160478208946573095e-02
2.976995739833264432e-02,4.003352831186804406e-02
4.675448612505617163e-02,7.351509080737088364e-02
6.210094438562991509e-02,1.907427243393569963e-02
1.225261347564454879e-02,2.218259070009469548e-05
5.927312197427310192e-01,7.267873703001304087e-01
7.864751371081402922e-04,2.283265707963526433e-04
3.165505466165247084e-02,5.270126914544114027e-02
6.787948169742598348e-02,1.823175187332213565e-01
1.872983202654601720e-02,1.029709391899436520e-02
1.800153685327562647e-01,7.842530275554795982e-02
9.043967889140855365e-02,2.520473933161582886e-02
1.760835521886846000e-01,1.985544448431165454e-01
7.998004708111282335e-02,2.712134784856026215e-01
1.720254423086371720e-02,1.600794019032548976e-02
9.423203975433969495e-03,1.047267834004581922e-03
4.200560942402606357e-03,6.829446466808278098e-04
2.864018162278253107e-02,9.016896140252531056e-02
8.513313997892639831e-03,1.448271681428447684e-04
8.447440819011503566e-02,1.430276824953053694e-01
5.967913250908319922e-01,6.019194700682164445e-01
7.691125765200428240e-04,1.340426864056455539e-03
1.198021707940256052e-02,1.438046656592632117e-02
2.519602516603049874e-02,2.542108048761539466e-02
5.237307421438686800e-02,2.122697777653925408e-02
1.197612241556605776e-02,1.658627589230784322e-02
1.545076849127428788e-03,1.864745296663393448e-02
2.528737547733671265e-02,1.248962847689463924e-03
8.252118825547131997e-02,1.176323616339194494e-01
6.478665937123262442e-02,6.747338061894526950e-02
6.771988542080184525e-02,6.314756665572970884e-02
6.935462826567324011e-03,4.506555231183798430e-03
3.537685723295472262e-01,5.030607484906697291e-01
4.415075087048152963e-02,5.526877235336550079e-03
4.294811195399152182e-02,1.384209244463723565e-01
2.617211883347016904e-02,4.650660898148461370e-02
1.128711503562473311e-03,1.823227302804068459e-04
5.361772704459228933e-01,6.913182398933306327e-01
4.798649047446134075e-01,4.139418106121389718e-01
1.117115343201229433e-01,2.171243942532108395e-01
1.385149038319093973e-01,1.356548605019767262e-01
2.000734317898492445e-02,4.496567970281740989e-02
3.051404500054168134e-02,2.093260662158572677e-02
4.354315278002241114e-03,9.134704680342558766e-03
3.663430601449419594e-02,3.854869988501788153e-03
8.264083065989501209e-02,2.713966021735688544e-02
1.985558251126350593e-01,1.945219662392790871e-01
1.958147372361475069e-01,1.386038346119133347e-01
2.890556180913023826e-02,7.984210691563255278e-04
1.707747010883756134e-02,3.505071823609784420e-02
7.440816033896652248e-02,7.997860256763482389e-02
2.013659454255282422e-01,1.009512671711029069e-01
4.534754638799658871e-02,5.020015613328544096e-02
8.552166134010562304e-02,5.133729063079062876e-02
5.970854329826935560e-04,6.096709526747823293e-02
4.253244876670905783e-03,1.549017862301919511e-03
1.188542874003439276e-01,9.705568681059996428e-02
6.587496050851619767e-03,2.776510743772818337e-03
2.151092206542791138e-02,6.722958258343612881e-02
1.539235210111654650e-01,1.494698812728078030e-01
2.745946811135421134e-02,5.429134225027280186e-03
9.603433200779437975e-03,4.521439421582564011e-02
1.443972962009926753e-01,1.107639834213917929e-01
1.068208313000406674e-02,1.621351343316520741e-02
5.654984994596332429e-03,1.544760862654168641e-02
4.215367639419229291e-04,1.668638086797991082e-02
7.566285471737052015e-01,7.682948166455565442e-01
2.209441202303936546e-03,2.902226428127381141e-03
2.954140105479929001e-04,5.577502428419905262e-03
1.256056449113371332e-01,1.057666651496299570e-01
1.204516617297092702e-02,3.319609486288843344e-04
5.067768944195374936e-03,3.445694028413764237e-02
4.369806092970093814e-02,3.980622923159467014e-04
1.269912340395265050e-02,1.997504787436926721e-02
4.473277039389655235e-02,6.821039438633174148e-03
9.251615495982212778e-02,1.142758708571188636e-01
2.213548431427352688e-03,1.942021528641503861e-02
9.561889101187447115e-02,2.938032270713755376e-02
1.735555362919515010e-02,2.621767039177061009e-03
2.702920273187529032e-01,1.655437386669051103e-01
8.608658769532906430e-02,6.943409795694739650e-02
4.016837653277575138e-01,5.005964895912177193e-01
6.653761819564354973e-02,4.292819245250788229e-02
1.005260674523184850e-01,1.338246391685892489e-01
7.844581687115852187e-02,1.779757900782978283e-02
6.026252159471509086e-03,3.901031860723982655e-03
1.500597816311838584e-01,1.431882689755809845e-01
1.013795940117119716e-02,1.970547615755827153e-02
4.698753248344599183e-03,1.337875155399555292e-03
9.139785577458330035e-02,1.992740927733122613e-01
1.510878276093925443e-01,1.263067389524751560e-01
1.999788858171552830e-02,4.268751671563070227e-03
2.069376328415002166e-03,1.094303467050093508e-02
1.566492999649901977e-02,4.941732121524733401e-02
2.531185933673163555e-03,1.782352938813989984e-02
1.398930902529825883e-03,7.902861101188757634e-03
5.172911433318027165e-04,2.756093444447023713e-04
7.364878682782316499e-02,7.307473382714389787e-02
4.582898002572403928e-02,7.709107279235494214e-02
6.605422396856847067e-02,3.645610156860280143e-02
5.406044481116561995e-02,7.860764617157765810e-02
3.024535726640310840e-02,1.185153303201791491e-01
1.060227789664627829e-02,6.122480041324275535e-02
9.438818982277503988e-02,8.421285453927004894e-02
3.377816614178120180e-01,2.770686916063380134e-01
5.827671911223609134e-03,1.439520648034661428e-03
3.130819607763333789e-01,1.965146772758632476e-01
3.504692129120058619e-03,3.299947757092818595e-02
1.097947983005889833e-01,1.265855732256422617e-01
1.126908459756071571e-03,2.829912647697046570e-03
1.187907958069352454e-01,4.069310274257073590e-02
7.284449351938213080e-03,2.527084794731175588e-02
1.005870585398686012e-01,5.624923347905011473e-02
2.078504636796756067e-01,1.914526002316173647e-01
2.470792737209925177e-02,7.343769736320111818e-02
2.111542348842159744e-01,3.247182430737078906e-01
1.000140834353304385e-03,6.365113629029700495e-05
1.174272638546974487e-02,1.687433058483475343e-02
1.196004245690695904e-02,9.205581644103181822e-04
6.005982862086218371e-03,4.390183179510048772e-02
2.803748124484598675e-02,4.174015078611399698e-02
1.167129113385079464e-01,3.941232181705910109e-02
3.203781065119069155e-02,1.713208047113336935e-02
8.404863126554323882e-02,7.683817746220390765e-02
2.983750035363957279e-03,1.531929048260438804e-02
7.646048383495578082e-02,2.081632651169001633e-02
4.882190962519596805e-02,8.698857780516751348e-02
9.796809822189257722e-02,1.301697327423877171e-01
2.301345021080381144e-03,3.780417611342479570e-03
1.593760244941020421e-01,4.541687732468432243e-02
3.423321897863595975e-02,2.167772021649902806e-02
4.869350877586738069e-02,8.518896940680185936e-02
1.596879406826126058e-01,1.094306269542275056e-01
2.298731212089850928e-02,8.498949920361785482e-02
1.000963548851484530e-01,9.480578620790190703e-02
1.277825047092769339e-01,2.368278277156227185e-01
7.356691577234666587e-03,8.684676915888374371e-03
4.674141685250077227e-02,2.372400593668613777e-02
5.360465087347910940e-01,5.504647427826114825e-01
2.851839741629046965e-01,3.729441705298530141e-01
2.052526987558155047e-02,6.759424736414039458e-02
3.918115647266071644e-01,3.269780708751615639e-01
7.682485756003792909e-02,8.305933063918830017e-02
3.672568747567279135e-01,5.707525514317325355e-01
3.631056828069931935e-02,3.893895974763566387e-02
5.688649672649146935e-03,1.941481037455226747e-03
1.241014803108836245e-01,1.718647546680190930e-01
8.861122087914059808e-02,1.337296925338800346e-01
1.981518944082788850e-02,2.554949047084358483e-03
2.490379056220878504e-02,1.120369472785223003e-01
2.212402669014897766e-02,6.900348192146322883e-03
2.605792230699838577e-04,2.295501912871353301e-03
1.088311850713351119e-02,4.731096935955127160e-04
1.004866116637256612e-01,7.424109925905922336e-02
1.027541062040568942e-01,1.553395299977941846e-01
9.821167401320513024e-02,2.929886472112818718e-01
1.289577298318931864e-01,1.640898804830316637e-01
3.513186747344912431e-02,8.795327206600186964e-03
4.449680434735441351e-03,5.398812418721943285e-02
5.527611393895356245e-02,2.289751862808771243e-02
2.166266880975113024e-02,4.313519406485000901e-02
1.689193890939454379e-01,1.926396615790760269e-01
3.704783538117661923e-02,1.666369430311887695e-02
2.256183912149403725e-02,4.824602290818768430e-02
3.406355000093325147e-02,1.295310433278176222e-02
1.357033476447619125e-01,2.229401157452540749e-01
4.122352125749084717e-02,5.931063949786761352e-02
3.259276772782468846e-03,1.252613736802950543e-03
3.814667933965101843e-02,3.534794711031609415e-02
1.013707115083311260e-02,6.909777178673874500e-04
1.386092642717816001e-02,5.375207038749781931e-03
4.527082534036654289e-03,6.429768136408138025e-03
9.737071200608774305e-03,1.854498692202598839e-03
6.575662715658576150e-03,1.055023261761744210e-03
1.967959376813551986e-01,2.253830085293815899e-01
7.774541396193718201e-02,1.144056214552356537e-01
1.798949798125803329e-02,2.831809186126882719e-02
4.164545739326714832e-03,1.014440677232636857e-03
1.600366508351262068e-02,9.839514154770785323e-03
8.736519327122797536e-05,2.711267930350679672e-02
7.921334457903816961e-02,2.746451684982124247e-02
5.160093723491892409e-03,1.219667869943860151e-02
1.861455660657104494e-01,1.510559507025608650e-01
2.198213917659276595e-02,4.898708491327546238e-02
4.746039401813311742e-01,6.063342953459909257e-01
1.772463702858758650e-01,1.313334955979363616e-01
1.680336045911945964e-01,2.730552017499545125e-01
1.908707465150938087e-01,1.746917242581730034e-01
1.063494396559536009e-01,2.217567035663271791e-01
1.267150498115236501e-01,1.259018490311687721e-01
7.167694057334525470e-02,2.715850669123395442e-02
3.496007935614475065e-02,5.416786455312841420e-02
2.858938538127510018e-02,3.426378075760969436e-04
1.173951030236119186e-01,1.617987951971951166e-01
7.770716542251628143e-05,2.271007709183839925e-03
6.961320797977212926e-01,7.102843999789411056e-01
1.022887437000439409e-01,9.089503472882390356e-02
1.390481130780159974e-02,4.278605769877837084e-02
1.595188975371931439e-01,1.990369326745932976e-01
5.049595105523250332e-02,1.401579033267930097e-01
2.984940993835874176e-02,3.342958161138470663e-02
7.460979555921745665e-02,1.062332316128107024e-01
7.393924991490379295e-01,9.129555630448423775e-01
5.299948389238114121e-02,7.165576105909124416e-02
2.066205451223147860e-01,2.150084661161835720e-01
8.325639951138016567e-03,2.216263174662679025e-02
3.296481306325590999e-02,9.514186016384890143e-02
2.959794370522317308e-01,3.554432574350562812e-01
4.565122540011559357e-03,1.263308000396141766e-02
3.842403302213792671e-02,8.892719072669021119e-02
2.519729499494485214e-01,1.697287322310285507e-01
3.236165255724724106e-04,1.535767603702158091e-02
2.934845364819771776e-03,2.281141310640276768e-02
2.064746218542296008e-02,1.047862776818051303e-02
8.733684397010590961e-02,4.680626966796429256e-02
2.369610564060702640e-01,2.581301877625927776e-01
1.294172086712516538e-02,3.717911009713331660e-02
2.723761509590950924e-02,1.397507360407978724e-02
1.712889723621606117e-02,7.081284204387168837e-03
1.829372045104766826e-03,1.082676569558797342e-03
7.391533005789631405e-02,9.696673211109514690e-02
3.927874869914354528e-01,4.190412868939731306e-01
9.001103545529431926e-02,1.016851020643209369e-01
1.016953259987589744e-02,9.488461575083428912e-04
2.634384390748178636e-02,1.819033272964434844e-02
1.093690811941734273e-02,2.335020518424722746e-02
3.035225384196636456e-01,2.920662040135891258e-01
4.484631625864204940e-01,5.128590924592856259e-01
5.435246258679454507e-04,7.949113527085533912e-03
5.825721171366178043e-03,3.658738698382217602e-02
1.829926932138049855e-02,4.099326371146898946e-04
3.812579679846140462e-02,1.621419500183784307e-02
2.186406277672551732e-02,2.986434627728199939e-02
5.901323779805124625e-02,2.872833910996359583e-02
8.874729792688480778e-02,1.104781512651708958e-01
1.345896011895024100e-03,3.073565489786979094e-03
3.171842225386718207e-03,3.927422402576455362e-02
1.237152092184360397e-01,2.788867217974513868e-01
2.522860030392264086e-02,9.770480526937186383e-02
1.645688063433135839e-02,1.422094744221755712e-02
2.149223596251446655e-01,1.872545042054406805e-01
8.209063089791092047e-03,1.518222568997586869e-02
5.297033967466285159e-02,1.153482629691952172e-02
3.939928764517636878e-02,1.697903931349486195e-01
1.946436325200005812e-02,5.108675995559258665e-02
6.292538976431420739e-02,2.287443451294123298e-01
1.059344714810921684e-01,1.492480266099594291e-02
8.628416034553231667e-03,3.039297979188628970e-02
2.787852506132016961e-01,1.525359942127433033e-01
1.058726335681107050e-01,1.515629788689187296e-01
2.163023237159165252e-02,6.986259164123903576e-02
2.501118530758419077e-03,2.214417888985910354e-02
3.376131448760703591e-01,3.793775910883382396e-01
8.919936068391325426e-03,9.998974048575810791e-04
2.559839006012181173e-01,4.529445382336865222e-01
2.365142716979125662e-02,8.185566482713876879e-02
1.135384851118357956e-02,9.556115854323159967e-04
1.146944718778318191e-05,4.353317030865941524e-03
4.604746985834148182e-02,7.249859338464412217e-02
7.971388082861487027e-04,3.449158288376562558e-03
1.833523643755219368e-03,9.894834734539880230e-03
1.391448584098402622e-02,1.473998767499190956e-03
4.126620523268212382e-02,2.419207466272543100e-02
1.076634245522916332e-02,7.586092127120342039e-03
8.593764815239209737e-03,1.244816289302191903e-02
2.099710524000718836e-01,2.204257197626239562e-01
6.956404133762883598e-05,9.192722396137866609e-04
3.531647725208094529e-02,7.838151309775299991e-05
2.335220211258471831e-02,3.109059899045587064e-02
5.161473061811235746e-02,6.406853902659186140e-02
3.980713229991257596e-02,4.170053680871570884e-02
2.850909489405345498e-01,3.938201597815008670e-01
9.113193958577230080e-02,3.035417395850250472e-02
3.677669882000410284e-02,2.964421891082804931e-05
1.706926411419991685e-01,3.393204460528571886e-02
8.783748847262407011e-03,5.901505427327905732e-04
7.634241488574028400e-02,1.346765360435739078e-01
3.872573727092766993e-04,1.067787584475595949e-02
1.725432557356857202e-02,4.348402995711961316e-02
1.620082538745338530e-01,8.012820145169102792e-02
1.254980076019477642e-01,1.086447446154836655e-01
1.629482392021801562e-01,1.010954916172723678e-01
3.214439152986216519e-01,1.867996803025493702e-01
1.655751221939820265e-03,1.501032644472684828e-02
4.624126195802723271e-02,4.731703751821595555e-02
9.495450770117815076e-02,6.682972010561985532e-02
1.305133086537524746e-03,2.855196070311918997e-03
1.330460283115114314e-02,5.580487104359980154e-03
3.277672181230942977e-02,5.469598482023976804e-02
2.312205308623033542e-02,1.923208644001985976e-02
1.364532847412925666e-02,4.927862930038448032e-03
2.392042337909064120e-01,8.657747441871105343e-02
1.389902618682154097e-02,2.916048752328131988e-02
4.492398900179166432e-01,6.249870487707401834e-01
3.839377664670404373e-04,9.631452093582953435e-04
3.799151442559696168e-01,3.337180490829027013e-01
5.072632519974366039e-01,3.944905187924701018e-01
1.731523035033158018e-03,1.424098324353633219e-02
3.520296209525691777e-02,5.426653321046437384e-02
1.512797378897301655e-02,3.991783107116029378e-02
3.195915371545861999e-02,8.971523593573790811e-02
1.382187594583615675e-01,2.907414365004450385e-01
2.710370261917778231e-02,4.915082575950543639e-03
3.096621562012312479e-03,1.516839361352024726e-02
9.504358907753437946e-02,1.068222952562111472e-01
2.530817080467533467e-02,2.801357355827529400e-02
4.140734371136658813e-03,2.064250250374848744e-02
2.112382304872009453e-01,9.232510690243125873e-02
8.853158621393887595e-02,1.656281815305431504e-01
1.580935127789540595e-01,1.992490631432059234e-01
8.526773964385088792e-03,5.660852897137452072e-04
1.427020999635444584e-02,7.596829556308417122e-03
3.113118191701453874e-01,2.009736322617755311e-01
6.319387825802276482e-03,3.695879958845594421e-02
2.357148246776221562e-02,3.841899407321835991e-02
1.895215721634152181e-02,8.207164737429231693e-03
9.966509561572150025e-03,3.063540516433242017e-02
2.218695287020021594e-03,5.841723423952631736e-03
6.243933213059423698e-02,4.672790521681435133e-02
3.062606859935492754e-01,2.393736250987390790e-01
3.611541414554268054e-02,8.971132324000449798e-02
7.226541112191796346e-02,1.108834925346343786e-01
1.697971632400073873e-03,5.021535602529623998e-02
1.172791235328659587e-01,1.208116566368387518e-01
9.675112037273898846e-02,1.759452097626805211e-01
3.921869516776116393e-02,1.801681120303663154e-03
2.917994203599020772e-02,3.419916420840509591e-02
1.488005063932162572e-02,3.593847474571196243e-02
1.983160826503798865e-03,6.284800921812655483e-02
4.177539373439941306e-01,3.095901766669582056e-01
3.064976810787362060e-02,4.664249144882008646e-02
7.837704288725197421e-03,2.057520956706205065e-02
1.811052166056935364e-01,1.751361603261299693e-01
1.545598479139768944e-02,1.521521865207362337e-02
2.407956419765317282e-03,7.439496006584156267e-03
2.378547873832285650e-02,1.720430681370904713e-02
3.720985103365161972e-01,3.249807056534362859e-01
1.881957182013397137e-02,4.011716765304288584e-02
2.040046664335674886e-02,1.168275434865134412e-04
1.636521327316288466e-01,4.878041314571159026e-02
1.491489478552339085e-02,2.102112053170386227e-02
3.221780722065708397e-02,2.377691592656214908e-02
5.464232861977115219e-01,6.831962333218077887e-01
1.000361240587601952e-01,1.232298921376272782e-01
1.129285837710002210e-01,5.562154222785069962e-02
1.115979370065430659e-01,9.060913327759187452e-02
4.125166214511466478e-02,8.865261480054506538e-02
1.083970590717136043e-02,5.932051082378388129e-02
2.471513066783914692e-02,1.157710324765474780e-01
1.319339959845998167e-01,2.336578806574847733e-01
5.175985042343207720e-02,7.870867826284820568e-02
9.484069030155402313e-02,1.434461315211084664e-01
1.297884791206238781e-03,7.703688273385764533e-04
3.001535979668248227e-02,3.408812835121610013e-02
2.484824936662654096e-02,4.850499338869448951e-02
1.301336665915228848e-02,1.398442424909638118e-02
2.704478778963910202e-01,4.240871377092099714e-01
6.081185709367255970e-02,1.024281936395184806e-01
2.419511359261543315e-03,7.128656507989225913e-04
1.365006387274057820e-01,3.266294786720703169e-01
7.403337422023063830e-02,1.450908983091707960e-01
7.954528806278693756e-03,7.109099709981006078e-03
1.138979790101601799e-03,7.063863530782669639e-03
4.739696026718157908e-03,4.061998230205312102e-03
1.715660771383276106e-02,2.767227343297925732e-02
3.327168355235979869e-01,2.612186925252331648e-01
5.134684095707130191e-02,7.492578403276684007e-02
9.810311552530225077e-02,8.544472254184876103e-02
1.672451191261997011e-02,1.654725123462969308e-02
2.821173969018759414e-02,5.368433445761833234e-02
1.431115628398916817e-01,1.112109495794099540e-01
1.526341211237432216e-02,1.989202498974235872e-02
3.614517748551246412e-03,3.088676355040420943e-02
2.063356613843009973e-02,4.706584495333595436e-02
1.187417583454975500e-01,6.441322423776142669e-02
4.324872034016375550e-05,6.819954015153382082e-06
1.136977637634484645e-01,8.165512356576325181e-02
2.894277050171067608e-03,4.192933101377068449e-03
5.993622945364193710e-02,5.573371781584896337e-03
9.759854272523091345e-02,9.395258954002057294e-02
2.006401410492520965e-01,2.253895470177054716e-01
5.154909430826901812e-02,2.869774456776649774e-02
7.171695926005851318e-02,3.028826695633174762e-02
2.371299040908221925e-02,3.709915524433054427e-04
4.989076403874568855e-01,4.269726248965045046e-01
3.732023758360774029e-03,1.292467231951054639e-02
1.135570309116738508e-01,5.927793300145094146e-02
9.424419313287163208e-04,1.458381251726603451e-03
4.356074524204727183e-01,5.153115750714124532e-01
6.953150080212344708e-02,5.040765893727377350e-02
6.184568066673020725e-01,5.951267227633217916e-01
7.688018899204121558e-04,1.582184608343974305e-03
7.716109765064523528e-04,2.623235850374267333e-03
8.450372597326910595e-02,6.947242014049528902e-02
7.157596870977810111e-02,2.576805117862847327e-02
2.160793951070553998e-02,1.957425839968556652e-02
1.187474173718203185e-02,3.061370410674843154e-02
1.516783442299493752e-03,2.857887899343240432e-02
1.975693560982917283e-04,2.184890795259106927e-02
2.562247786048994502e-01,2.637760589617410556e-01
3.791310586044464360e-04,4.826550986749787546e-03
9.019774973323509137e-02,4.139627285643639881e-02
1.817375399514312151e-02,3.651565969830206787e-02
2.940723842472309571e-02,1.158650408299803924e-01
5.576214422428273781e-02,2.085836728216344804e-02
3.311307866810359046e-02,7.710409493255871577e-03
9.407481582339349835e-02,3.794939600139707325e-02
3.808576124447494715e-01,6.155126694980718183e-01
1.270725143136891772e-03,4.235487379421894877e-02
2.546734923925419447e-01,1.335940560441314928e-01
1.901755065302317693e-01,2.258461411895346105e-01
1.392413187962925243e-02,4.583967624740860336e-02
4.621725123796157492e-02,1.409620739707736492e-01
9.016279012055513796e-04,7.720044127672644717e-03
6.503227817699548663e-02,7.665149117443245674e-02
1.242022528123017285e-02,2.941292949074005990e-04
4.673097836824317147e-02,3.175733792005201728e-02
8.980014765703646373e-02,1.807104663876350770e-01
2.414487916001610002e-01,3.177694222613807740e-01
3.069159532536675644e-02,6.527260460430935052e-02
1.230868600296986110e-01,2.620300805547067236e-01
2.914682419204933303e-02,1.657625365398231188e-02
2.120390210587195135e-04,6.177157108844395263e-03
1.951974062698569756e-08,5.519190614083990462e-03
2.817405970503401857e-03,1.073992447330281153e-02
4.224936227395967824e-03,1.317852949772288377e-03
1.429861222798897435e-01,1.725036541723788397e-01
5.405173864453550331e-02,3.221983286120699841e-02
4.464700416316896847e-02,7.948494913965191422e-02
7.452934628890502122e-02,2.871797585094225044e-02
2.246318490604438251e-02,3.658634980712763274e-02
7.232918689685620406e-02,6.303616197247681463e-02
2.895778182628669928e-01,2.381482176855331256e-01
5.060052806556592127e-03,2.978291242701522172e-03
7.315514926390542794e-02,6.387834118591517729e-02
1.011213850177596019e+00,7.936574338375756987e-01
1.968342916817113764e-01,1.111589614422749950e-01
7.763671073459235683e-02,7.568189128886683437e-02
9.048093462371099849e-03,7.090863292767567334e-03
1.429968761252762644e-03,1.647569933254092872e-02
8.747489599907327593e-03,4.568744025553655129e-03
4.028859912634573104e-01,3.638007748280816522e-01
3.175512076617633545e-02,2.153927420768950510e-02
3.802080112182231603e-02,1.247131462584486483e-01
1.595004665852550185e-01,3.715415119970404412e-01
1.237423661430359090e-01,1.093365509220795562e-01
4.002350691535352945e-01,2.635283256788542583e-01
4.390796998945656316e-04,4.370448245446034025e-03
2.098043573641921681e-03,4.503447530909050062e-02
4.642427424745821513e-02,6.102463709793114893e-02
5.310206321371373217e-02,1.291027418369134483e-01
2.594399896389898777e-03,1.539638392308491192e-02
1.553316871031441837e-01,1.420563717622894961e-01
1.696721168148268843e-01,1.805172419639502757e-01
3.549333415409407916e-02,2.563968351901203813e-02
2.240714537722767602e-02,5.468185682368635614e-02
6.857482188104511156e-01,6.329818288995954223e-01
2.994832462069409520e-02,2.451898323507955418e-02
7.621316392246572924e-02,1.223563861082977572e-01
1.759228170101380037e-02,5.065922862774331192e-04
5.409192225625548966e-02,9.638683841047442080e-02
2.319837954311554373e-02,3.965329894419327740e-03
1.643328571731653698e-01,1.342267760336678384e-01
1.219083241136204865e-01,1.824331917259453539e-01
4.457886259900466913e-02,9.000559442066687066e-02
1.769568510524638372e-01,1.791808746984107359e-01
7.048567011434844765e-02,1.189445211216673404e-01
6.699376516030811773e-04,6.570820411238016516e-03
5.027362525616113631e-03,5.361477767020572660e-02
2.015508886256827531e-02,3.462643411415024242e-02
6.529531156758926203e-02,7.236275274020945170e-02
6.731438982870859011e-02,1.831218213126436789e-01
6.372878758601095359e-03,7.096297281629746975e-03
2.733110837697736994e-01,5.645037531836095690e-01
3.211548869438464460e-02,4.522084243993207409e-02
2.064481306225820004e-02,1.001808668328561846e-03
3.289636949392688581e-01,4.481915509014177679e-01
7.471521448722985917e-03,8.552653246532902764e-02
3.206114889745975693e-02,3.358290542866002037e-02
2.638630635067611141e-02,1.998551349677357702e-02
1.114333975020245088e-01,1.713195504645726175e-01
9.435590478518261770e-02,8.961349202937980707e-02
5.495001168684346959e-01,5.665982128092429404e-01
1.843289645634762011e-02,2.560591208248989142e-02
8.057504450634075249e-03,6.670414800538327846e-03
1.451865165464075735e-01,7.045216738972318038e-02
1.366085926921222805e-02,7.377763437042164467e-04
1.024565963070809410e-02,3.472809567667878213e-05
2.153812121587689310e-01,1.826055441995904915e-01
2.455276890170268178e-01,2.256311078943697424e-01
1.210368011905518966e-02,4.166564213613361406e-02
3.779762757846106408e-02,2.666778557890301868e-02
7.130003945337747007e-02,1.152472601336576308e-01
1.217599083509362167e-03,5.554577192732785412e-02
1.947431160311527409e-03,6.796276472366978615e-04
1.397373568597926885e-01,1.235214155504169853e-01
5.432228254288677949e-01,5.395325146720016951e-01
7.023692813208488872e-02,1.367510176073521433e-01
3.039810650848278825e-02,2.067910553132864659e-03
6.438959006520716954e-02,9.636672955068169288e-02
9.517306299897861435e-03,1.220582047831214600e-02
4.175252404471493310e-05,1.252467860108172348e-02
1.813484554138093327e-02,1.996389322335816174e-02
8.211082413445789513e-03,5.667205859110342574e-03
1.436814087944124629e-01,8.258087210240339093e-02
4.341032752363394032e-02,5.042716343711615978e-02
2.065224428332833317e-01,1.754145818392108536e-01
1.638343776500497395e-01,3.900296528083268405e-02
5.691804897932996321e-02,6.462063377593699198e-02
1.349716722075403053e-02,6.155090802320919985e-02
1.637510568585193150e-04,9.606509729707942563e-03
3.381329108265767602e-01,3.839531608094781112e-01
5.925259771806207221e-02,8.894774836881351454e-02
3.132099063229964453e-01,4.302293014713124975e-01
1.043710883157715347e-01,8.157303757238475173e-02
3.988778524385569457e-01,2.942814269359701473e-01
1.643307581986375512e-02,1.085651228104945673e-02
6.814894095780721361e-02,2.591948914668438728e-02
2.638983745081598387e-01,1.632295197948721854e-01
2.009032388187929723e-03,1.077607776827239384e-02
6.954114569823731558e-03,3.741740851294940700e-04
1.481725302583302220e-02,8.839451638723926086e-03
3.216645058004466429e-02,9.773538722845082072e-02
5.981519358112435784e-03,8.227242424817890129e-03
3.100316632482807283e-02,2.876393877847145111e-04
3.565447217069941388e-01,2.168290042664678396e-01
1.333012323873102338e-03,2.095513112009719445e-03
1.340257201006599674e-01,1.899233609672903722e-01
4.650597489428368730e-04,1.704125934881329596e-03
2.009385357071380440e-02,4.897008361407725191e-02
9.481609783718140949e-03,7.365875237279304738e-03
3.029667956711082637e-04,2.929048543673077763e-04
8.630874764323581499e-05,3.045280543129219239e-02
5.915677717081039289e-01,6.257130383865303624e-01
7.746829882059649494e-03,3.907626621946861181e-03
2.365689554725667124e-03,3.035836165786800003e-02
5.562617109828148221e-02,1.237426566969850317e-01
1.768638404641516369e-03,5.511872469819960839e-03
5.064679557327676947e-04,7.319023637230660795e-02
3.214591555027120767e-02,7.698047401812627144e-02
1.711803622879805864e-01,1.690329554811158819e-01
1.093882706915775271e-01,1.189908265717279645e-01
1.184104414965394952e-01,1.422600257359569464e-01
3.082359843490299969e-02,5.024876143054322203e-02
2.189603025025232963e-02,5.388537074580253099e-03
5.048715839516101922e-02,1.368944696785761861e-01
3.042600738287595460e-02,1.148897795843663999e-02
9.829666171211515376e-04,4.203619067881637222e-02
9.479190769400042127e-02,1.366227886559524818e-01
5.661391409036974076e-02,7.107225966025451647e-02
5.191108240226816745e-02,7.842558719185703520e-02
4.369507815205313506e-01,6.407210900518673924e-01
1.614908029949486924e-04,1.530742293954938599e-03
1.429472308789101614e-02,2.059983181575110803e-02
1.435232967854324360e-01,2.502831085452112969e-01
4.720510835047884816e-03,5.026825291963324350e-04
7.197043025379140646e-02,2.974888336676350178e-02
1.495237008032989159e-03,1.477899706651623901e-03
2.064908804843262197e-02,6.838728771389783467e-02
5.604192958132395153e-02,9.103862390789889403e-02
4.985524056384368213e-02,8.752626292945812903e-02
1.063485757145432066e-02,3.423013619291352498e-03
2.036042313195787073e-02,6.193260294780965716e-05
1.140746630347059254e-01,1.085467782845498108e-01
9.851875485756996214e-04,2.240798930306034040e-03
1.503853109987712544e-01,7.301096903068261812e-02
3.559306155781261777e-02,6.203322066641147291e-03
9.655928058487317500e-02,4.643477826406659792e-02
5.852014012588032527e-02,6.833761073046501489e-02
3.697150152985271276e-01,3.302510635240794579e-01
9.604037762215602431e-03,9.947221755525329813e-04
5.167994325060606270e-02,1.391749113579876691e-02
2.642249631340221616e-01,2.884253241747145591e-01
6.109343318073685164e-03,6.542344795503166228e-03
1.168190748762134856e-01,1.289105927855067057e-01
2.380057200682329094e-02,4.259891848642240707e-03
7.225401789249863427e-02,6.890769287315723357e-02
3.727543131549011096e-03,6.236965322201246283e-03
9.191602254970988872e-03,8.052270378357628475e-03
3.197029531206042885e-02,2.900272549486382031e-04
2.069255777177981537e-01,3.351011236244065827e-01
1.948195033891174932e-01,1.977654346525258844e-01
1.772483633262997293e-01,2.050978465297474684e-01
7.795634658778814285e-05,8.096785697170142152e-04
8.164294004449249575e-01,1.146595617970351144e+00
1.903658554664928310e-02,1.917791088856887760e-02
1.240183590845233275e-01,6.083951120461336681e-02
3.222317632470270317e-03,1.148790829483788524e-03
4.276133936802245690e-03,8.070052064540568287e-04
5.015437959600151929e-01,4.768763240079388344e-01
4.966711458828923509e-02,1.034549805840493109e-01
4.882813654811140464e-02,3.913487826609607367e-02
2.565341905548416263e-02,3.333484258690767171e-02
3.856394060629919629e-02,3.896675627221164034e-02
6.730490862860969738e-03,9.807948968798352665e-03
5.358307062749799732e-01,4.835494954700886860e-01
1.142729616632819425e-02,2.957849725200067253e-02
6.251268788672324772e-02,1.369976316041938980e-01
2.969508682683831818e-03,8.650882920472122498e-03
5.895333443077990787e-02,8.675718758779318862e-02
2.235133416763701933e-03,2.867808201163110377e-03
3.327273280157503343e-01,4.270106442753924814e-01
1.373573741092990463e-01,1.487574576197959186e-01
1.353507892155074721e-01,1.547202312780681099e-01
3.513117445569782782e-02,1.109147349239072294e-02
1.407493735083943098e-01,2.176527672280609282e-01
4.229061289596840190e-02,2.128362387147970936e-02
1.379117868168739389e-03,2.476303352683887748e-04
1.991502430777856714e-01,2.170501833478732656e-01
9.199080363361697432e-02,1.804245593876902809e-01
1.397724758560919128e-02,1.472483622583399022e-03
3.451207640507713680e-03,3.137719407453680789e-03
1.254450400453198666e-01,4.724497180639081195e-02
1.266070208376020301e-01,8.467905280449811167e-02
4.078152292244317106e-02,6.517977600864091614e-02
1.768156838466606456e-02,3.371480552231102129e-02
3.393876548935144833e-03,1.751931535429759748e-03
4.109205387330508441e-02,1.254578396754901619e-02
1.367572150130591177e-02,4.209836048415007553e-02
6.703641365146166542e-02,1.340369516837300323e-01
5.444427297047873225e-03,6.696113466622918863e-05
9.671948965640576878e-02,1.624600151240358087e-02
2.871983902440901348e-02,6.953429960125669627e-04
1.736094706467794513e-02,6.751568154903332675e-02
3.787489976547602551e-03,7.336928936199459128e-02
4.625977839709750818e-04,8.377360430604301710e-04
1.734890346735315684e-05,1.583295433659155649e-02
2.097437503942560511e-02,2.038943249253174703e-02
5.521723813452613511e-02,2.989036979230357341e-02
8.514672594826709628e-02,7.668586949822271681e-02
8.519367341464526922e-04,1.922616594376189494e-02
1.479433827402130367e-03,4.926531076623432478e-04
1.152319955038148824e-01,3.455482862969407043e-02
1.563384646108606155e-02,4.601305528216065809e-04
1.230663625862556676e-01,2.363386565505521120e-01
6.742457904726339990e-01,8.812881075533939290e-01
1.613626520035791601e-01,1.817403084771351540e-01
9.198648361211876623e-02,1.136493910514309036e-01
1.927140156536447935e-01,1.700898450661178229e-01
4.832845779872543823e-02,9.436343077377088925e-03
9.831355677837017265e-06,5.278531523942027459e-02
7.779273387567807452e-02,7.068633175838530402e-02
7.428185567169013487e-03,3.855855667816781521e-03
1.463853796887827977e-02,2.271821725458376788e-03
2.010436815190464188e-01,3.658191395596622209e-01
3.310681740948732705e-03,6.992274642998139687e-03
6.279380616225846423e-02,1.381728258983926615e-02
2.425351547583684628e-03,1.577194037725831999e-02
6.782700242219521503e-01,7.395173102272963872e-01
1.510536300285499622e-01,5.980136848664988763e-02
1.574121306896476002e-01,1.569153312909912779e-01
6.144233089764442601e-01,6.986511061088790386e-01
9.279195779549838374e-02,7.100964436082864151e-02
9.323880477940936495e-02,9.451104410498654962e-02
2.997073525456271925e-01,2.480486244765437442e-01
5.797559530629551455e-02,5.766296483989932081e-02
1.478911599947251744e-06,1.076117378269723750e-02
5.170090142339145434e-01,3.405515775926266087e-01
3.248964121363345959e-05,1.549195977595399241e-05
2.887485668567166437e-03,2.399773755465987087e-03
4.853926923829966766e-02,1.000755090416809712e-01
4.021971316575248707e-03,3.078230392186478981e-02
2.107509813068672022e-01,3.692713226776569435e-01
1.181787608443658488e-01,9.511180963187722270e-02
2.522169631249262037e-02,2.513356745686751072e-03
5.514254513860078477e-01,5.610322034590508045e-01
3.002096480015809532e-01,4.737430122736568383e-01
3.373811016584327138e-02,5.775939726408522989e-02
2.137360693925224875e-02,5.435737655115070732e-02
4.227626872407670017e-02,7.525159289763894144e-02
1.290215831420393755e-01,2.092495334761966808e-01
3.830521614520809165e-02,1.763442986964445514e-01
1.348458194754233001e-02,3.047299634543030808e-02
4.722925880891903905e-03,1.010196959304559714e-03
5.820871889684221118e-02,7.114544186173568652e-02
8.443557731682956383e-03,4.223891315218138501e-03
2.506448609666085958e-01,2.293596257082054779e-01
1.489051771629412713e-01,1.707255046720230762e-01
1.068141729384126416e-02,5.274883841816677826e-02
1.079470981746167568e-01,1.131830051220451272e-01
9.693629282130008518e-01,9.829689306469375776e-01
4.784210837523679427e-02,5.110374169697045471e-02
6.809885433097079277e-02,1.584822726619834476e-01
2.629857697662153077e-02,1.997809974394252480e-02
2.712328224918377217e-01,2.055975519070379620e-01
1.557346898480264530e+00,1.646065684661247364e+00
1.592047624928572946e-03,1.113574719549791960e-02
1.428397231749173497e-02,8.981288540659038838e-03
3.057528815851341241e-03,1.301772113123823155e-02
8.578226931218256579e-02,5.880764480592304277e-02
6.942848728233481925e-02,7.488839624551900387e-02
1.271971950836039023e-03,1.270267555477033738e-02
8.577442856514576330e-02,1.465926968432577360e-01
9.222814946812601944e-01,1.098703726723983642e+00
3.545344432979001259e-01,2.874868195193651665e-01
1.214708363340763139e-02,5.917247306993459605e-02
2.872863554350401846e-02,5.616893078555559166e-02
1.042056976205992802e-01,9.961160156904920460e-02
2.146462920263707275e-02,1.428540878668237623e-03
6.487402461800884665e-05,3.007613663223886874e-02
8.136049572064119235e-05,4.936772608216722508e-03
1.167954577569381425e-02,3.091911338032458934e-02
1.709542205428871142e-02,7.405099067328738778e-04
1.175660597134222107e-01,1.749111344430256398e-01
8.373925021348618825e-02,1.805579016529779701e-01
6.693929650217685101e-02,1.106129010784321076e-01
1.073573462477998564e-01,1.693602475493307391e-01
4.106319442831529720e-02,7.083149271674531178e-02
2.952921777939147407e-03,1.185434124274601861e-03
7.555733486434325352e-03,3.544856266599252098e-02
1.111333551927395739e-02,4.679116411764949746e-02
2.595035045616323269e-02,2.003489074934552278e-02
1.335812257854199605e-03,2.927893088944912622e-04
7.545290332845398795e-02,8.014127778812576985e-02
8.323869021419305625e-02,6.692116638118202065e-02
1.334788106937385976e-01,1.846113553166685572e-01
1.718119789587673266e-02,3.406641768042942275e-02
1.293254657738475144e-01,8.224951797964613620e-02
3.320352201357707672e-06,2.511358652488289954e-03
1.359897464438764165e-08,2.596424165582743217e-03
4.866188270227997381e-02,5.597737813420281677e-02
3.646218247612450503e-01,1.700596898123369061e-01
4.244584969581583628e-02,4.192110916802813808e-02
1.928850567446841607e-02,5.558686012220751340e-05
6.401436967324918015e-02,4.500044930151143180e-02
1.598025789452361956e-01,1.888356197642521439e-01
6.434597210607544658e-03,3.585017760537732422e-03
1.150759706051724951e-01,1.051321562550801697e-01
3.686747893871008402e-02,8.212052390931479096e-03
5.167178050988354698e-01,6.742795876246713282e-01
3.499975458310937058e-04,2.522407131839983323e-03
4.760240465361080253e-01,7.798859676555145448e-01
1.733456752322073318e-03,1.670728981556063308e-02
1.151250716738918406e-02,5.649046919048744675e-02
2.043890685526364437e-03,4.196379171955529541e-04
1.599899448484017883e-01,3.291141793990186026e-01
2.861702352940515004e-01,2.032857317644881645e-01
1.836338432745819593e-02,3.190783957977386120e-02
2.582588953433207629e-02,5.224179808997867630e-02
6.192172246876136155e-02,5.320938889150107765e-02
1.362749180323614279e-02,7.011587728640428230e-02
9.016704440609785154e-01,1.395522984453980264e+00
4.920991520973432842e-01,4.094063198682277860e-01
7.761712431009470947e-01,8.993589979925687983e-01
4.431990176903942424e-02,1.852010990174810315e-02
1.102646231177023366e-03,1.792026463955049762e-02
8.515471308271220507e-02,6.313762394657539134e-02
1.659880217354846033e-01,1.863262412848827598e-01
1.453243742075148079e-04,2.292177509255202954e-03
2.348621134261945353e-02,1.064496328769897263e-02
7.100267344281060988e-02,5.704120672173627199e-02
1.530937392084907589e-01,1.111854133917120485e-01
6.918360288345930253e-02,7.235917577995286398e-02
5.544115398735741107e-04,1.540411192340118002e-03
1.012779929399170060e-02,3.891935477273201355e-02
1.090211203284778205e-02,1.522255371316063796e-02
5.996738536760331216e-03,2.112173735625401741e-02
4.925741417824028301e-02,6.363575357013408207e-02
2.962541223186864192e-01,2.659403110887788024e-01
3.229398495448037448e-02,1.515274374272918348e-02
2.297934319187842911e-01,2.609859169220795638e-01
1.714206543936557525e-01,1.902178013309481219e-01
1.198828797806983093e-01,1.515296798454315585e-01
6.399783719475654435e-04,5.136501871564878342e-03
2.227056147218355042e-01,1.856440614506996434e-01
9.587811829041374689e-02,1.288240456945011492e-01
4.265118103400117322e-01,4.894949299963587408e-01
1.108283909922836985e-01,6.275313131781941334e-02
2.206288240316262583e-01,3.176102142040342913e-01
1.122248430632659562e-02,2.916722334851969828e-02
9.677684198289417204e-04,8.944251416846416827e-04
7.404138154797702820e-02,1.454874117671560996e-01
3.338609781792103472e-03,1.770054263165247652e-02
7.409706973432385324e-03,1.097485362409385788e-02
2.487510461336652975e-02,4.883628787551051037e-02
1.152975005411201459e-01,1.497060226334886168e-01
1.556566571929980936e-01,2.493379328649657223e-01
7.616774221743401185e-03,5.267886563891906529e-03
3.833142352688392873e-02,5.357217651715664129e-03
7.973226172641301179e-02,1.290151772974776345e-01
7.524762849387587281e-05,2.872522614962460776e-05
6.119154375689208614e-01,5.503559555639552237e-01
7.444045076514220760e-01,4.890678556091750950e-01
2.812034912168491843e-02,2.359328674550348337e-02
6.536860099578677141e-02,2.529123680328636617e-02
1.166908456577431816e-03,4.301020206235407539e-05
7.800939194778373775e-02,3.100335362262395325e-02
1.179185691749062501e-02,1.194336763698404860e-04
1.318450964502338729e-01,1.032208946389890081e-01
9.655195114709708842e-03,1.265247366772105468e-03
1.964052754699656747e-02,1.181116697772870289e-01
1.016607245385370006e-01,2.288259405710535710e-01
3.407057745147896166e-01,2.985056494245339476e-01
1.752380488796385360e-01,1.897972762014675241e-01
1.150210573555296711e-01,7.331236933558223090e-02
8.893549911952070008e-02,1.443363832129735125e-01
1.130023294617030563e-02,3.520651544468827846e-04
6.196734417203364487e-02,6.021062745416330686e-02
1.149978182941590044e-01,4.995255786759476152e-02
5.037209862111551376e-03,2.267428470119728454e-03
1.615984121904503190e-01,1.155576376007541040e-01
3.046172463495283589e-03,1.923723359932845434e-02
2.542921493324149071e-04,1.338182060044463238e-02
7.021781989880582220e-02,5.232097238046109350e-02
3.027014311234012267e-02,4.161622735792733230e-02
1.919706521122508530e-02,2.604706752403176040e-04
1.151907839321752725e-01,1.139094669257893766e-01
9.787162755871079561e-03,3.631251061990031087e-02
7.569814867194832883e-04,1.603443142025297254e-04
4.001390384720707877e-02,7.220577602010179452e-02
3.388762370735401604e-04,2.360800832473610583e-03
6.538648162535562469e-03,6.096400085239849637e-02
8.050187074573522672e-02,1.296138229302870593e-01
2.044890436905435482e-01,1.852181370459193843e-01
9.172484891092140546e-02,7.937749817917036377e-02
2.638440551946843668e-02,2.104730362826677526e-02
3.160762293874908035e-02,4.869316863885204266e-02
3.977135627722120834e-04,1.246946556980666745e-03
9.242178188779714976e-02,1.459999578158726607e-01
1.591150296492511163e-01,1.942576008358630479e-01
5.698914322998396495e-03,3.740127011674008323e-03
3.403852920399091323e-03,7.962496108688545127e-02
2.913792621463480101e-02,2.107626381560067166e-02
3.300228491775756418e-02,2.555713176378501469e-02
2.018702656127454031e-01,1.407490339299217741e-01
1.391505057273336454e-01,1.755519547858150065e-01
4.676143912898719224e-01,5.791742949876882429e-01
3.761277908851163448e-02,5.527638809966443911e-02
2.925163936982160817e-01,5.543346852670929525e-01
2.123584697089870021e-01,4.418905781937097488e-01
2.307269669128112627e-02,2.544788367972046148e-02
2.187566074261106108e-02,3.372378577109255704e-02
5.889007330351110348e-01,6.512117391046038373e-01
1.031764482279139350e-04,1.787460325048423554e-03
1.220891440504928566e-01,1.767961565791065226e-01
4.306250502723149749e-03,2.264269639012532736e-03
4.590341751097542188e-03,5.599202331870930388e-02
1.961920685963475519e-01,2.083953523361082305e-01
1.325809215333899858e-03,6.619657092111647101e-02
1.713626012818128541e-01,8.306132564838446253e-02
4.500196636171759773e-02,1.071632407178075841e-01
2.982772474335697310e-04,2.108626498592770099e-03
7.406950958655629741e-04,2.998760787387629110e-03
1.632633608584675988e-01,1.307806883608718662e-01
2.365554675697686786e-03,3.310184313646141047e-03
6.881104794963129045e-02,4.417746472438592586e-02
1.045503310322812851e-01,2.169434166937005970e-01
1.278836558104868848e-01,1.179073216299268007e-01
2.637872927632043882e-02,6.039518847414327568e-02
6.585838952403491250e-03,8.612421586410931584e-02
1.475153177321020595e-02,2.834516236449802153e-04
1.982844121404161303e-02,3.209619523428420759e-03
8.566369665432891666e-06,1.587905396479094696e-03
5.168914588888244089e-04,6.061372571189708363e-04
7.691403585134526377e-02,9.022884810984361376e-03
3.675213110292044338e-02,4.856127687634836931e-02
9.365882154699491091e-02,9.630621971071536003e-02
4.814567855393889206e-02,6.323116019030347590e-02
4.652978984788942035e-02,6.315820505435489063e-02
5.112320656291264864e-01,3.664388109902512736e-01
2.715853507258001506e-03,3.669402236581032622e-02
1.418845512991463286e-03,1.983958933492261170e-02
7.875111895902683901e-02,7.020499152727251169e-02
1.680764695016436772e-01,2.286180181287955082e-01
2.447955565067182204e-02,5.150915574875519765e-02
7.780432340290589430e-03,3.557641848331018582e-05
4.634850991408706600e-02,5.559488447859931015e-02
6.195985807733702527e-02,1.952231712600978886e-01
3.365643224053697230e-02,4.718978382118221848e-02
3.842676109194012590e-02,8.609864541242800637e-03
5.348638475302323891e-02,4.823083593545805098e-02
1.087984089511000590e-01,1.057707828764014868e-01
1.930065882248352188e-03,1.931403080917717561e-03
5.441738924738759309e-03,1.009905220374676671e-02
1.455747442380967704e-01,1.148405319282796710e-01
3.074464814064922433e-02,1.832580250236780575e-02
1.042174038363802464e-03,6.465967845239730186e-03
4.735916802833771422e-04,1.283472039247801066e-01
3.495552031590905273e-02,1.688230401894475971e-02
1.321276693115323586e-01,3.162096940405008383e-02
4.158639157436109374e-02,4.213697352985086575e-02
1.024902506670242186e-01,1.095912534008087746e-01
8.170448813376789132e-02,2.136112650290979131e-02
2.179620117826761364e-02,8.274384860791458851e-02
3.848652853675463836e-01,2.707724796149754143e-01
1.941522760661427704e-01,2.329894844171216672e-01
7.234774756095418979e-02,3.327163742191608514e-02
1.353981039567264122e-01,1.356344514938562784e-01
1.429167253861071962e-01,1.442522598332963146e-01
2.497593079601842514e-01,2.882184634854335625e-01
3.172159699683341910e-02,2.159031895851037941e-02
1.043763402288351017e-01,3.400343508799884978e-02
1.272118650004691043e-01,7.845954673064634011e-02
3.389201816691534818e-03,1.479926413061601748e-02
2.717689685416009859e-01,3.872519910924134834e-01
1.151314655991075853e-01,2.555632348228642492e-01
2.356502912294980998e-04,8.740370393341183319e-03
1.275994250738156921e-01,1.574331115023237804e-01
5.036232993671693192e-01,7.405021933190587546e-01
3.585326934099933860e-01,4.789048730587978642e-01
6.941667093948543366e-02,5.671019519778990742e-02
1.181623112025232195e-02,8.836976538595844866e-03
1.385866385710080306e-01,1.542015748260326669e-01
1.923873984558676113e-03,1.861780455382008870e-02
2.088761467515299654e-03,1.425483101665830574e-02
1.619128829519251439e-02,5.853915636630960088e-03
2.508910499239830512e-03,4.655483085065630772e-02
1.397775561167113011e-02,2.253259190445872778e-02
4.277263863663551824e-01,6.107043825354330213e-01
1.936551280788995901e-03,5.204485565562952387e-02
4.143075016191974380e-02,2.780943185435001686e-02
7.659288903575087182e-02,1.337264898359039889e-01
1.248610697175719974e-03,6.768430733720178123e-03
4.753265728423809039e-02,4.714664515641697751e-02
1.947496291980466421e-01,1.316144345149618811e-01
2.508027488220064983e-03,1.010596077170988066e-02
4.614494279791895442e-02,6.401234858289776841e-02
5.835749824466709632e-03,2.029284674368595377e-03
4.140855999197703182e-05,9.968145445637640375e-04
5.224727183105926792e-02,5.322346867284549754e-02
1.998212519235273710e-01,2.296234191223888166e-01
2.570299166932832335e-01,3.255030411086101694e-01
3.112364708066605435e-05,3.244202558351050314e-02
7.586809886857126539e-02,1.616698279900523338e-02
1.038268496988044472e-02,1.691967319500851073e-03
2.086599071539130545e-01,2.299569976280201877e-01
8.066224133708863042e-02,1.868470053766793648e-02
3.668667359275223222e-02,2.861960564295871687e-02
1.240686332200086192e-03,7.864714375369624352e-03
9.045170418128795076e-02,5.451222272458195600e-02
7.543639887010891720e-02,1.058985854760911005e-01
5.350649919341354636e-03,1.396263187047835572e-03
3.737880476442414016e-03,5.746322906272535030e-02
1.468738688497172630e-02,5.705839019971081089e-02
1.494240438669659776e-01,1.851944053668536372e-01
6.277444586395355408e-01,8.104663760236778813e-01
6.525733769178484467e-01,9.303956182406842856e-01
4.131019082667953812e-01,2.668413716837550465e-01
5.911269378154094395e-02,1.041729017369905780e-01
1.911851930260112797e-01,1.683304051798227563e-01
8.727948425132345256e-02,1.225247987455766879e-01
1.567118826667338871e-01,1.196507237890111208e-01
5.576356827571448543e-02,9.304810236332879125e-02
1.659956902838694848e-01,3.557863529260135715e-01
1.983770352674945336e-01,2.427330950735381299e-01
6.719184598482760840e-02,3.504373507940249793e-02
7.499444376708183820e-03,4.560450444706295840e-03
4.835699898959847972e-06,9.820735733742851775e-03
6.230034464560633284e-02,1.623011879813726077e-01
1.458002871849511939e-02,2.738866811548364491e-02
4.341508186369504030e-02,3.921801169348474413e-03
3.138201652998793278e-01,2.419156298608669819e-01
1.064378160858817091e-03,9.857426298634115454e-05
1.781185332493274640e-02,1.206211346874798765e-02
1.045945465988089434e-01,7.795969249738525508e-02
3.177925283196838006e-04,4.873954481730872969e-04
8.969252550475115271e-02,1.346380513982693983e-01
9.964865100507412990e-03,1.968232294960581123e-04
1.322834878137174250e-02,3.540751471880420991e-03
3.555915981442376861e-01,4.725661374199217613e-01
2.223555602066733250e-01,3.453992427374675267e-01
4.169226375609505486e-02,6.344248620269635208e-02
1.846607320733789082e-01,2.080989999642198218e-01
1.108181712774880751e-03,5.554487555395286498e-03
1.407769116795500042e-01,8.719923758711113637e-02
5.725767282106908459e-04,5.294723317251340310e-04
8.702659036843223006e-02,1.037952614200009643e-01
3.912359079338955780e-04,4.728841707970971031e-02
1.171212686172868559e-03,1.607069760574004634e-03
5.479358343375611076e-03,1.767425218317021998e-03
2.289260474975318010e-02,6.138333898180832471e-02
4.613016888215238365e-01,6.638302679472360968e-01
1.679123264424431383e-02,4.018454121684712776e-02
4.496215795932535786e-02,5.802986358541217110e-02
2.298896085626333796e-01,3.033092888037861590e-01
1.558161037220049949e-01,1.039765134338670877e-01
5.710160432217623386e-03,4.307177069744347401e-05
9.329635542180297891e-02,1.914457095338286396e-01
2.082024543276749309e-02,4.505511614456822467e-02
3.817534897348957151e-02,7.919050504931229861e-02
3.256593097220837618e-02,4.398677702004253481e-02
8.580429346335619045e-02,1.277364032851305842e-01
1.123423768900046367e-02,2.773103743436985762e-04
2.221044067931569888e-01,1.526815249902530036e-01
1.271367672599896248e-01,2.444838025310137608e-01
3.182966506772356600e-05,1.188568178294830378e-02
2.322090745009469104e-01,1.715455082957891286e-01
1.017926777819147255e-01,8.430451010562539649e-02
8.254282926772180118e-02,5.218741002434657689e-02
6.519240915392525600e-03,1.675766774651281724e-02
5.927790780075444660e-02,9.072630586578629697e-02
4.551140670314819947e-01,5.908386242448380177e-01
7.384722595827869496e-01,8.112154513668777822e-01
9.901946852748648616e-04,1.186347226460154588e-03
4.315730886639761871e-02,9.336726174391917626e-03
1.892249530889558587e-03,8.359569563221342248e-04
2.434770225751456060e-02,1.572336090593831268e-02
1.795315071458447875e-01,3.188798244685353556e-01
5.333584225802589368e-02,2.947529123475214896e-02
1.537845528603304064e-03,6.281051583489405399e-03
4.599580347633173277e-02,2.317288677939345273e-02
4.605264250218169507e-04,1.584852462976410990e-03
1.040852102584660377e-01,6.362948924817551921e-02
1.393607039827879923e-01,1.528223447479299668e-01
6.027881485395452515e-02,5.942237554842230707e-02
6.137039272298302995e-04,7.147073696574791218e-03
2.492057872739064997e-02,1.437113980664950219e-02
4.839150889921301028e-06,1.830439921071390114e-04
2.645322764165196263e-03,1.463889484876527286e-02
7.293385769873296509e-02,3.997629478234761974e-02
2.332706245325304739e-01,1.701165940872859939e-01
3.831157935382369182e-03,6.576743220435502663e-04
1.660987597016106961e-04,1.479153246585624077e-03
5.374673066922600224e-03,4.567263409226509675e-03
6.469926947696931219e-01,6.101001799331768893e-01
2.024115643015808874e-01,2.672417424098871841e-01
3.802838863510845085e-03,1.118372260181932365e-02
1.607313657988297673e-01,2.113585235373156568e-01
2.502037571658528581e-01,3.469004161917763618e-01
2.375851836162175823e-01,1.348795173201122466e-01
5.704633241637854096e-02,1.350705691127812753e-02
2.878060888379284088e-01,4.038217478986761977e-01
4.102450239520537625e-03,2.808647647433527503e-02
1.234905071450051600e-01,9.420645578169016543e-02
7.250085007401535497e-01,5.666797972431677488e-01
1.224804683214963941e-02,1.593019397387171118e-02
1.129611426045761813e-01,7.634805035331730660e-02
1.796877598576444163e-02,2.544061682352436252e-02
9.767416577053024407e-03,4.372219959277283147e-04
6.683245066665877143e-02,8.488179088056202470e-02
3.245173089025050854e-03,7.929030641908411947e-03
3.644523883985276679e-04,2.250964516593305376e-02
4.577579258707940024e-01,5.691498569301062238e-01
6.692062229513276363e-04,1.041028090347335781e-03
4.107255499066407300e-01,2.936986789298355327e-01
1.661343238951655532e-01,2.598891837846222796e-01
1.360931889840238662e-01,1.114183772776106141e-01
2.388669101425548030e-02,3.199881287877869018e-02
1.333999123323927061e-01,8.872904389725411178e-02
9.079747586706175821e-03,6.095930155024091926e-03
1.831977294255078201e-02,3.395875399441011799e-02
2.003927144714572062e-02,2.408262669539757914e-02
2.145211189632988819e-02,1.474679346952794019e-02
4.768529211639453821e-05,9.795452672316925721e-03
1.684723513311621804e-02,2.106516325624512367e-02
2.962242019039926927e-02,2.141207872046608368e-02
1.199977505615038159e-01,4.705089382346560462e-02
1.463787118809311161e-03,8.552065745225960122e-03
2.957594713888436755e-02,4.964308543905688459e-02
1.875225983558592019e-02,1.707859980934199606e-02
3.617746210895349257e-02,4.387932837035540129e-02
2.696409668215481448e-01,1.980296446550272593e-01
3.631239958035618193e-02,3.014611238149541433e-02
8.407485227650066464e-03,1.071496491548395436e-01
1.524798355062520483e-02,2.151977183411167907e-02
2.394426708214822674e-01,1.392191617719927554e-01
4.873959329884321456e-01,5.274207287404664157e-01
2.376896983578556145e-03,2.528763172912517915e-03
6.591786338870273543e-01,6.853207737503338448e-01
1.750835146595791300e-02,5.760912811625949065e-02
6.127344711737490318e-02,1.085278001944158938e-01
2.387560512487137132e-02,3.561909407374827530e-02
5.671132104010495611e-02,1.448043061844751234e-01
2.074827131695314575e-01,1.702594923554096584e-01
6.878240760443604445e-04,5.007152042730558632e-03
2.855819919385624815e-03,5.052237232754317993e-04
1.463290672278820259e-01,2.736662920345261929e-01
4.191568117687020090e-01,3.990575004589684283e-01
8.056994445970765140e-03,3.577428962632588452e-04
1.234860777266299180e-04,1.705911310471606599e-03
2.620820450345078823e-01,2.843671615357021842e-01
7.508610397438737066e-03,9.722905732532367666e-04
1.646636948456072641e-02,2.218650875426357583e-02
9.182674236107453945e-04,3.965400014440861876e-02
1.480194865389423131e-01,2.061964173259663302e-01
1.727898010236215975e-02,1.335840515130776000e-02
1.689737256787714192e-01,1.670569101749675434e-01
4.257786196474519502e-02,6.378109316894584047e-02
1.941271289155109825e-01,1.569155139201544313e-01
3.875001934185723362e-01,5.065291607083677317e-01
1.259458285605131733e-01,7.775391516334013986e-02
6.782198695582108972e-03,3.565370485176532194e-03
5.080774461894236455e-02,5.700231471611710149e-02
3.073369675191044495e-02,6.624594468584112106e-02
1.351541707427489913e-01,2.189831611866774608e-01
3.225317482055663210e-02,5.983744903274318405e-02
2.310673292487587793e-01,2.250564684421240136e-01
1.088753785645064226e-01,1.009874036386675528e-01
3.442351057258545843e-01,2.920416627418971345e-01
5.441944403798942148e-02,9.662648272331099755e-03
2.730360034696182603e-01,1.607926984472776988e-01
2.810631621583821460e-02,9.996912025704514371e-02
1.346711561970855564e-01,7.895408292279426643e-02
3.385140532879391539e-01,3.333319131291266890e-01
1.152631223445206160e-01,1.778410949196518043e-01
1.312580085712348026e-05,1.577312446817650052e-02
1.750542684127475920e-03,1.223760331120719120e-03
1.109085454726610465e-02,7.076082071162585752e-02
1.978013670924002876e-01,1.340655183829421448e-01
4.444733865611241730e-02,4.463151984857189475e-02
7.376691184436269533e-02,6.862516053020703555e-02
9.127458447570228894e-02,1.332482924920465606e-01
3.176301178141580084e-02,1.053711578089310263e-01
8.503476952270677680e-02,9.261500656657316310e-02
2.196815997009168020e-01,2.239772896000087055e-01
1.063095644739396745e-01,1.029517862760385982e-01
7.681591635974672760e-01,6.565468766361419739e-01
2.322794150434518146e-01,2.128514297425030122e-01
3.148808568525850449e-01,4.012555718750621669e-01
6.258776024058015745e-03,9.442097934466044465e-03
6.004100018309238736e-03,8.503734498673551009e-03
6.442836969352305418e-03,1.184077847464348569e-02
4.741966397287619706e-02,4.721509042167579794e-03
5.047919026297739697e-03,3.505670324061463763e-05
5.266210845496999138e-02,7.385231979143509762e-02
1.284776197039510792e-01,1.718377168354870421e-01
1.504528963480520343e-01,7.390539704482108896e-02
2.629328453034970869e-01,3.281217845327569771e-01
3.494563531159136649e-02,1.390854658296487856e-02
6.485228854295052581e-02,1.180848375040299270e-01
3.601373395978948316e-02,8.172008271669208013e-02
9.778737476141564564e-03,1.371678641250458075e-02
2.821672521870779993e-01,2.515845081995619625e-01
9.529355781285953064e-02,1.662651651320957991e-01
6.970600305869498192e-02,1.538918175894465334e-01
6.529380996635016153e-05,1.840474048333028915e-03
3.198311135147501733e-02,1.055622301004637345e-02
1.602478134829623049e-02,4.042934510981690405e-02
4.008581140170509038e-01,3.958244043997284911e-01
3.603968499367845024e-01,1.913669986280443214e-01
1.371366639463907772e-02,3.321940706109386549e-02
1.330257945807013509e-01,1.995585013178628742e-01
1.010573788087269081e-01,5.474916972782156721e-02
3.899254641215914308e-02,5.783311074269334787e-03
5.256465142307359395e-01,4.211369487330669514e-01
1.006931327966749945e-01,5.334926526102515970e-03
4.971413348046143099e-01,5.286310050398284055e-01
3.778195733134943890e-02,3.080701844049074482e-03
3.452477166344095072e-02,7.201596573094735942e-02
3.366250578424194728e-01,5.214936869932644825e-01
8.629135490093901850e-02,1.616596710244219415e-01
1.237024231067348073e-01,1.060092787725139402e-01
2.360473632225101523e-02,1.451791561149785165e-02
7.644938549140879898e-03,7.844765666567601534e-03
7.316635389866899333e-03,1.611145834943118749e-02
3.524944405950449638e-02,8.219005616808025549e-02
1.603894161855306394e-02,2.898154454359204782e-02
7.051781661953970826e-01,7.115410446057687244e-01
3.139430377058616967e-02,1.271584702291834144e-02
1.806799602785164882e-01,5.169727299865829462e-01
4.431370935452138941e-03,8.304524407960624244e-02
3.624446144011049856e-04,8.327091287020445612e-03
1.035637954483727835e-02,1.619152065475882793e-02
1.174935351728444502e-02,4.877232698713770964e-02
1.622761962052774246e-02,5.805168527784423937e-02
4.643800563746564307e-04,1.890513462082128032e-02
1.961662170642873015e-01,1.860272905768819707e-01
2.450393813452686823e-02,3.334694505072992310e-02
2.871500144665424959e-03,3.561062242312276749e-02
2.186108555758379257e-01,5.947151454737578669e-02
3.198435245261210119e-03,7.722866026790983166e-04
1.329219259444703628e-02,3.649423639793424783e-04
2.600400574086499366e-03,3.771979372489552181e-03
9.028129467728958357e-02,2.001818228440342406e-01
7.222376454257007847e-03,1.335127414881650577e-02
6.529915530498482668e-02,1.035744154567831421e-01
1.199302007379137933e-02,4.626525830741010092e-03
7.902751490869190307e-03,2.514431632884198738e-03
2.572604835190915873e-01,2.920312709498778525e-01
3.631453858040108564e-04,1.048227659333827479e-02
2.515275567851195729e-02,4.817027577598280430e-02
1.996202530589065438e-01,1.935429389598570526e-01
9.482744961506370251e-02,1.783853591873733602e-01
1.038397671629513394e-02,2.332601527168699004e-03
1.954750068858833109e-02,1.545542137082170885e-02
3.569812501324471365e-01,3.876482163340689846e-01
3.434406839064665928e-02,2.473655570411063820e-02
5.723019529990734933e-01,5.858507865737890841e-01
8.396749268431277433e-03,2.922453252573634398e-05
4.547019437821664400e-01,5.105071506108583845e-01
8.770853909538724180e-03,1.581636439543741141e-02
4.176378075771906145e-02,9.642126270645312580e-02
4.455596606397974058e-01,4.323493092360499168e-01
2.567833956401828141e-02,2.768205459652130305e-03
2.153662122207984815e-03,7.316410733952858516e-06
3.153776029280289800e-02,2.827824404489171287e-02
2.425203494411777572e-01,1.813466719356493229e-01
1.306869916549412980e-01,1.935885239511364597e-02
2.969458724041852682e-02,3.054680359908049092e-02
2.666650814070431474e-01,1.870509684162949826e-01
1.615025820239470167e-01,3.467495647883442333e-01
6.551994755193675610e-06,2.356152991806844581e-04
1.944148321704606761e-02,1.361772412978648212e-04
7.398542195428567077e-05,7.763959215074394023e-04
8.672020915765487215e-04,1.960183946964839941e-02
2.867662822783259222e-02,4.363507338039537831e-02
3.835187191742415735e-01,4.145995298189268929e-01
7.242654297737602387e-02,3.568084748926750316e-02
1.487065307746445741e-01,1.797827100540976553e-01
5.015647602245362213e-01,3.293104182567193061e-01
2.920754994558682482e-01,3.028729637476781367e-01
3.582035302108535491e-02,1.234717762083419913e-02
2.814013893942312605e-01,2.223835040175068944e-01
2.246154963229356205e-01,3.274793687823533417e-01
5.543465391054229474e-02,2.185088910633182103e-03
2.761525172564644262e-02,3.329455687450531831e-02
4.132535114054108338e-01,3.224731694091466649e-01
7.632447714782819581e-02,1.010488352165874876e-01
7.043798163808433210e-02,1.589396588852451039e-02
5.927495289781281942e-03,2.351820296198462151e-03
1.891913085276502931e-03,6.822345755853355658e-04
6.052258069482934211e-01,6.163709329287467842e-01
1.315269610438937198e-01,1.623969461794394498e-01
1.395980671109340980e-02,1.568861839501176645e-03
1.722957525888045571e-02,4.735116247283972790e-02
4.523772575532939433e-01,8.694741133547850831e-01
5.987217449001441816e-01,4.760869757322055973e-01
5.720692477136230523e-05,3.559729148646685430e-03
1.703078678781031179e-03,6.061549026334521646e-03
7.117119145623677923e-02,1.863524694384148181e-02
1.328536813302582525e-02,1.315314157965521979e-02
1.915201956365698496e-02,1.605974265224298023e-02
4.400843854399064115e-02,9.751417164783943159e-02
2.887018625051409812e-02,3.476033075369416164e-02
2.345983075504841087e-01,3.858795061178684205e-01
7.520101705656699262e-03,3.836624869761969979e-04
5.953791450807887492e-03,6.152463096647979059e-03
8.997802498325981665e-04,3.796199056494981017e-02
6.037479905734798730e-02,1.783660380211250507e-01
5.787390609429617083e-02,6.019170763931229462e-02
1.824055718252582184e-03,1.873859905446360755e-03
4.597206418472801932e-03,3.948940672129760444e-03
5.479961249203869553e-03,1.001782231527735545e-02
5.821882136289852072e-02,9.789705198903576877e-02
7.692565286826601179e-02,7.074478389025855296e-03
1.408259886124678395e-01,2.218596423750051894e-01
1.371281217450080470e-01,2.227810265240880994e-01
1.761036369422006032e-02,2.445053760671521761e-02
6.976524788929999027e-04,2.011557536806566140e-02
5.968024017836551925e-02,9.448114775525465192e-02
1.436967417691523974e-01,7.157281494386015519e-02
1.843307393871110658e-02,1.530764634140467997e-02
2.582146062054110208e-02,7.397064696215611274e-03
3.036418222077042969e-02,2.057922014268229183e-03
1.486819125064835906e-02,2.276217653213465780e-02
1.540957517181794703e-02,1.787855291650312928e-02
1.126998759522414711e-01,8.043069522747990641e-02
3.318110984112456873e-03,3.686346018334035746e-03
2.445236667287439131e-02,5.694515021100026927e-03
4.350529519272792328e-02,3.180692119517102012e-02
2.675488520884685140e-01,2.866877748936097481e-01
4.521728093183610166e-03,1.491584826615403522e-02
2.936438089538432328e-01,1.427726709792230542e-01
5.268714349884492942e-02,2.682618207884240186e-02
6.881791915464165188e-02,4.383543521191841236e-02
2.642113263746624988e-03,9.253354190382879693e-03
3.231395975092823392e-01,4.174239621877573470e-01
1.758626773723695469e-01,2.699401786396632974e-01
4.190250058923507270e-02,9.325870332118992023e-02
4.917095702885013880e-03,2.651622475763740217e-02
6.096461481278641790e-04,7.932439365703402787e-04
1.332905022395573628e-04,4.373677579227997457e-03
8.977027590491098996e-02,1.381051176256883617e-01
4.872936445162789204e-02,2.420393692913123951e-02
3.418660630442945259e-03,3.208994301386473846e-02
1.702024112704869085e-01,1.639241741401629981e-01
3.601907808931674448e-02,2.494298766214402951e-03
4.757377066728408523e-03,2.016539147879098642e-03
3.595760176904847904e-03,7.372367979122347386e-05
1.423413536257986476e-03,1.677679688085948959e-03
1.599258277557845734e-02,6.074718449392401548e-03
1.164343953149850341e-02,6.494055620234215429e-04
2.087040052924976543e-03,2.478576554902059328e-03
1.856550855835366054e-01,1.245777080079152194e-01
4.635619093649745448e-02,6.540388410007480502e-02
8.075575168815089799e-02,8.514035227322300226e-02
1.439436553500883509e-01,1.995182230637888299e-01
9.458215345002363161e-02,9.163818664624386046e-02
6.518700370899681296e-02,1.511709751842773564e-01
1.154885415576157931e-03,7.534001470397838109e-03
1.039761402720868200e-01,1.747628044239425416e-01
2.642113309398058316e-02,3.982487146916645349e-03
9.987187673413816264e-04,2.018246820667108504e-03
9.348776788439251001e-03,1.656586416288177146e-03
4.242895604324004033e-02,1.331170082083787398e-01
2.837650041820852231e-02,1.028593463371046436e-02
8.305715575120165006e-02,1.323755401181320179e-01
7.815234173148033134e-03,3.259147194787993806e-02
1.842477674474972682e-01,1.534679875986576236e-01
6.421222902398509950e-03,1.015950396351302833e-02
1.381774829892752979e-02,1.073626469817753615e-01
4.916421491894180582e-03,2.490607182648419543e-03
3.222651707481793970e-01,2.921878444312208667e-01
2.241938371992760470e-01,2.020201455139714053e-01
4.562510338229664592e-02,1.041682489237424902e-01
1.430888030875933359e-02,5.513502606760947028e-02
4.550361412640676999e-03,1.004745848681128963e-02
1.428390667203663922e-01,1.969341016041035730e-01
1.986102977524360508e-03,1.743384841443132785e-02
6.908022223545356999e-01,7.893890727809201868e-01
5.983307710983525318e-01,4.959220934095906475e-01
2.782198941692131441e-03,2.776241514734149526e-02
4.067752316906254060e-04,3.303341442093195301e-02
5.917552846476042266e-02,1.410937029531015852e-01
2.474371541051773871e-01,2.257767266286239971e-01
7.774490730699752661e-02,1.732255736333156437e-01
5.384041159750061053e-04,1.899717125236578472e-03
6.488579010277709114e-02,5.741476640244463914e-02
3.484096739003066795e-02,3.600174289041094267e-02
2.398833129082961896e-02,1.895631609431160797e-02
5.366836565303194639e-01,5.092473833723147880e-01
2.872784169787851588e-02,1.006534548553357222e-01
3.764028911539380427e-03,1.082224063959220852e-03
5.823055126038503837e-02,2.028357277065019337e-01
5.772875106614801938e-02,4.947133294600347675e-02
2.655483532650246281e-01,4.403698216669291732e-01
1.508275113272049828e-01,6.288274309850283572e-02
6.176077263915868520e-05,2.325493911743643782e-02
1.419402512264922589e-01,2.350024597758309519e-01
4.349779934714127078e-02,3.648772208157409491e-02
5.671103343397258367e-04,2.357700518869352332e-03
1.081116981357883785e-04,4.721100017718312704e-03
7.258075801267284410e-02,4.669959054803165394e-02
1.904398543099134313e-04,9.916504251804663089e-04
3.570398400975854317e-03,3.526195984177777493e-02
1.440633758035163026e-01,7.097160976854506587e-02
1.477799839599137736e-02,1.036046547892880212e-02
2.357131745885977445e-02,4.386811483015070484e-02
4.346326721190627712e-02,4.053772506158861109e-03
2.451086420544762723e-01,1.723470024847159610e-01
7.518939373344152299e-02,8.966490600559441637e-02
1.331978901282023994e-03,1.016745960544861637e-03
8.869182231146480189e-02,5.745738764144548566e-02
6.269900944815882948e-02,4.286067833155098733e-02
9.010138527867007918e-02,3.522081230549376635e-02
7.018693976057353325e-03,2.767930828678626630e-03
3.592899777092660452e-02,8.886476759651566401e-03
8.917467802444688230e-02,1.472121768582587698e-01
1.717929171652023829e-02,9.030129805913691271e-03
1.544380309791037326e-02,2.113233343216809393e-06
2.364836291864564483e-02,1.038953884328293114e-03
2.033256275109248390e-01,2.620678385900372387e-01
6.261335645110434334e-02,1.318728398513228650e-01
2.179537480866648724e-02,2.898141868752861922e-02
2.332842193468370393e-02,1.418887033522618982e-02
7.620059980920436404e-02,5.133846364427144954e-02
1.407226829302400395e-01,9.260420882043884916e-02
2.122696820156792508e-01,2.928111638806195072e-01
3.415512472165111585e-03,8.905752764779675855e-04
5.129084286398701703e-02,3.936389109022946087e-02
9.830827783453820828e-07,4.443053354226102203e-03
4.362197340158554919e-03,2.664547459347590269e-02
5.361005269409035295e-02,5.517864327965985027e-02
1.759328936387596215e-02,3.484086025362150159e-04
2.942371680760981489e-02,5.657906852926899988e-02
1.257035956051553776e-03,1.435249810416336822e-05
1.054784477663972368e-02,3.271010361477928036e-02
2.294885667281223660e-02,9.179373870451557407e-03
1.393875986191727423e-01,5.999333250011418955e-02
8.443594606096593846e-02,9.905700892600741159e-02
1.854003010641670432e-02,1.764094390631075829e-02
2.766889559466434098e-02,1.046616397022124695e-01
1.052484770310278955e-01,5.211776978483503853e-02
1.368643031870527271e-01,1.536923311415609728e-01
1.090742339233513603e-01,2.443423044980353731e-01
8.541849347042409363e-03,4.561966542573368116e-02
2.603717434510944076e-02,4.695459303785010519e-04
2.166328084092993544e-01,9.298180361633862079e-02
1.414306645525095774e-02,1.490419967748805342e-02
4.335416086688257536e-02,1.049131162343392154e-01
9.753251535748679686e-04,1.721469046251248485e-03
2.033193988783288664e-01,7.497808331364538836e-02
9.562547160667392299e-02,4.171885834291427786e-02
7.083694433277437121e-03,2.262252751867188053e-03
4.930612787910765987e-02,2.034958076092611284e-03
1.718056169454084403e-01,1.338069246366861975e-01
5.728908892370897232e-02,3.928492927900600548e-03
9.111693063656138569e-02,8.091509102542376874e-02
3.328187436867458254e-03,3.116344994030784393e-05
3.231923099796542276e-04,4.454340321282521304e-04
3.772060888846326399e-02,2.494611152630027417e-02
7.981389533571428985e-05,4.467889589295038962e-05
4.637695716677730368e-02,2.756443375014061906e-02
4.436547073196721314e-02,4.218939925786177603e-02
6.846033287038746570e-03,4.509008749564141771e-03
1.620471101772993916e-02,7.557395239623377302e-03
2.682089744558330269e-03,1.261126600968283384e-02
4.542877033152700750e-02,2.244199205582603999e-03
7.776624002860704071e-03,7.669416874666464337e-03
2.271997964952111870e-02,3.008926485590349836e-02
3.963229905295334032e-01,3.328360633119648027e-01
3.082519481772415292e-04,7.485311827966332349e-03
1.361286069012415103e-04,3.696695760666937917e-04
1.221197699831764842e-03,1.783911766019132244e-03
5.160463237662434727e-02,8.310178133807465117e-02
3.204905344897158170e-01,3.626694578815841674e-01
8.009534509170172789e-02,7.768147944945390238e-02
7.412497201141328949e-03,8.180161400885815892e-03
2.126617324584380644e-02,3.214652030163454854e-02
9.923815853123268971e-03,9.563697649170728801e-03
4.820508425936407063e-03,1.285443725041088418e-05
1.624614055502092147e-01,2.362489467597244652e-01
1.792566375017732444e-02,4.455637247805131589e-03
2.047385958803576295e-02,2.802152611452609927e-03
3.394241050007256594e-02,4.757019853179667891e-03
2.224480409706100243e-03,1.862808176823224984e-04
9.333534613709527916e-02,1.586308555113943586e-01
1.889494412194633183e-02,2.122980369224644354e-03
1.042163519160781669e-02,2.880761018178840116e-02
1.983810538457397854e-02,1.122592587071609138e-01
3.728530487272004867e-01,2.481422711472843212e-01
1.401842325226655319e-05,4.589955109494581534e-03
8.990479041680443650e-02,1.163325646138899383e-01
4.264523105789377183e-02,4.152900925735968085e-02
1.861570636917442012e-01,2.064350735046094898e-01
1.714436039297458428e-02,5.384322090362925022e-03
9.968464962957540354e-06,2.149855027788679859e-02
2.033187238615293824e-01,2.544367273893310410e-01
8.436824257303221497e-02,1.532846184942057710e-01
6.497054598627351185e-04,1.237635837693462290e-03
1.556983871176777223e-01,6.697024725002004297e-02
2.203360183320758059e-01,1.148601491329291069e-01
2.925526384348935971e-01,4.016647087188842113e-01
2.806727251957302771e-01,1.786060699459914580e-01
1.255261144825139397e-01,1.716193918160449638e-01
2.455232705366517526e-02,7.301183277283011808e-03
2.093256151335549931e-02,2.754642407043800256e-02
2.233721665018273961e-01,4.261054508946556796e-01
1.037538929615158681e-03,1.119057065357011594e-03
1.388412666242596349e-01,1.320935383753386316e-01
5.226534927219050192e-02,3.885627781288013283e-02
4.569180385542670475e-01,5.289902755415745172e-01
4.440432564176909347e-01,6.517664018613534838e-01
4.646616544267184734e-02,1.263115180786459658e-02
1.539668867510862217e-02,3.381187809513834671e-04
5.435287861301855289e-02,1.970288588309425659e-01
2.483098556552235103e-01,4.540322014553256347e-01
1.364626869779612672e-01,1.595275963901362504e-01
1.461851182641707159e-01,1.257221737987795074e-01
2.392290069408911819e-03,1.317258568583047282e-02
3.536315159209270495e-04,1.151116446531475976e-02
2.651358839150782642e-03,2.351674536280664446e-02
2.659894453174306284e-01,1.575542092343125700e-01
6.597210777322418118e-02,4.765592220340852253e-02
7.249984196589147854e-03,1.127153371015933263e-02
1.756962147385269027e-02,2.932544222348021541e-03
1.435237279904406091e-04,4.675666806823236999e-04
1.433954888890543733e-01,1.183076633489576618e-01
2.390154263114722955e-01,4.231850856195053523e-01
1.617679887007350270e-01,2.442151913584094947e-01
1.229596700048179447e-01,3.407658057003524338e-02
4.294758868305606644e-04,1.252905369307687634e-03
3.480553119465930600e-01,5.346096221494103240e-01
8.072822540978695505e-02,8.593099825872935194e-02
6.790133032242247346e-02,5.926467896077562691e-02
6.210234135831330105e-02,7.398388102832965940e-02
1.076336741827580573e-01,9.393683988570547538e-02
1.365210548493960840e-01,7.231381980395397424e-02
6.356319368312807194e-02,2.266856109001118627e-02
2.487881307033474459e-02,4.235400267010678427e-02
9.789778534328111986e-03,6.370326974716040459e-03
7.890860311656315573e-02,4.504508887962374586e-02
2.505590744558138048e-03,3.985925962931042166e-04
2.477861388432896911e-02,1.660810857999865577e-03
2.658060452869482337e-01,1.437895520781146130e-01
1.850227893467653040e-01,2.595376990018922747e-01
5.715882853340108899e-03,5.926918613960927007e-04
7.986681420372298147e-05,1.584375180053444168e-04
1.021498495445184902e-03,1.757427640205576260e-03
9.563377833523579730e-01,8.621171602557541336e-01
6.329767878441736051e-02,8.075695334751120669e-02
4.276812537909471246e-01,4.579911810272112582e-01
8.411973395041737467e-01,1.101921724100652034e+00
1.400996400351814664e-01,2.205420887986495049e-01
4.442638351840556832e-02,3.889808508746235571e-02
2.338642043031779246e-03,5.154864927634019182e-04
5.158701661154000417e-01,6.352797692096384674e-01
1.675389012374775034e-03,1.098081063681493295e-02
5.497834781270424928e-04,4.364224713143748796e-03
8.767322021274361055e-02,1.009139200275458587e-01
1.286664740030529948e-02,5.563447925417966877e-04
7.471223193851521394e-02,1.989052566080160706e-02
1.049608209618631827e-01,5.096303329368474799e-02
7.089187171623176908e-01,7.122290406974567389e-01
3.676457510748955011e-03,1.492629219051793885e-04
8.852380189508661512e-02,1.846991918471622973e-01
8.218093220939516330e-01,7.695312731331805933e-01
1.400330211452434359e-01,2.679122059266894063e-01
3.085324120308428203e-02,5.023124955673460845e-02
1.063609486774460544e-01,1.627253551247182239e-01
8.419328142126053516e-02,1.150933767480269709e-01
7.041636455393816829e-03,3.279038512531177313e-02
6.768935790253730739e-03,1.343630156524074776e-02
4.418160289282258707e-02,7.541632943206180717e-02
3.450586895163945123e-01,4.017052830370084759e-01
3.500522206294957861e-02,3.407539967204218506e-02
2.469819985435486951e-03,5.154400953577319220e-05
5.186593005034103587e-01,4.357879731650500243e-01
1.403854878481663668e-02,1.623405547657819081e-02
1.272532549423261161e-01,6.755753581021904652e-02
1.980880183190684152e-01,1.291959246146968943e-01
1.257988755581707641e-01,1.973330739608004925e-01
1.611843886932728120e-01,2.462121390757885109e-01
9.397035510095514202e-04,9.350144610238719269e-05
4.685965720240313770e-01,4.256112351118074844e-01
3.911146512372373762e-02,8.008033514099325081e-03
3.901585412111661655e-01,4.706652850578716962e-01
1.934094996233738054e-04,7.233707569188244091e-03
1.327141321172493893e-01,8.180269082433809513e-02
3.036095103197183377e-03,1.115930603013383805e-03
5.643808186211007188e-02,3.372642878219538759e-02
1.314918123406843553e-01,1.255474741506732994e-01
1.791043432558424298e-02,2.130976318313267115e-02
1.296632903948617133e-01,8.167986041946727338e-02
2.386907800485327941e-02,5.007731779079201834e-02
1.751150123451018087e-02,3.229056603963754990e-02
1.454298714773910040e-01,7.781256150877052802e-02
8.697000287739464937e-04,2.093132345095246802e-02
7.399467104348933857e-03,2.247821296548234080e-02
4.224719148270929432e-03,2.216887037712714573e-02
6.684675384919203101e-02,9.652592259782200035e-02
5.221867108092532739e-01,4.897680587913554873e-01
1.163037793057915270e-01,1.077913790425430590e-01
4.529644968868842825e-02,5.273995767068759277e-02
1.397543446461599614e-01,1.955956717210852736e-01
4.357167994021333285e-02,1.086154182475652097e-01
2.178594943531195899e-02,2.497410884102562595e-02
1.535267865457821401e-01,1.425520056691211568e-01
6.163028555349485682e-01,6.129853411926435847e-01
2.714692733401906644e-01,4.498982938397502185e-01
1.977572203605223317e-02,2.064834357885593843e-02
1.216946949671330117e-02,6.545205076558721288e-03
1.234166849021569590e-01,1.021617176659816301e-01
1.340491812983689128e-02,1.240262974272340543e-03
8.468109935414551703e-01,6.739005244459917998e-01
1.764814001890777648e-03,6.827099838823663669e-02
1.897788760475359882e-01,1.536894767499169812e-01
3.657666954637362172e-03,3.302122835387213940e-04
8.699279971505449738e-02,1.445549905460547790e-01
1.422137562139538514e-01,1.980728730115877689e-01
2.019376438082538111e-02,2.604221622789618801e-02
1.012693137048378970e-06,7.895173833671310926e-03
3.635446469625112226e-02,5.384503195579121854e-02
3.266810921380002702e-02,8.677448850471182473e-02
2.104383272060963428e-01,2.000841468080886421e-01
8.544646988766869955e-03,1.301210672754385747e-03
1.975654407507859978e-01,2.437934245668728350e-01
5.864882185988057328e-01,7.270471771003591543e-01
2.727231949095642802e-02,6.872082272831007976e-02
1.473590350405864502e-01,1.422802707036693870e-01
3.419358401809952097e-02,1.019318276576510057e-01
1.724517861125533236e-01,1.491702182364897933e-01
1.915880104670157971e-02,2.419138149938410089e-04
4.351869292647521092e-01,2.503458366745187624e-01
2.887602939675593811e-04,9.945657228845090556e-03
4.867291189667436457e-01,5.245387133004730806e-01
1.548247974586459703e-03,1.633966998825190503e-02
1.333760484841637062e-01,1.223382612547656567e-01
1.780247907310994748e-01,1.333538896371800064e-01
5.912015504169256669e-02,1.048010426709365950e-01
2.107379672964696600e-04,1.834131704823786443e-02
7.556372955394415059e-02,1.728083337454832530e-02
4.843777371383531372e-02,1.307562867983934896e-01
1.128995072069509882e-06,8.602630752261482409e-13
1.335635011508553571e-01,1.285674384437384687e-01
1.003739193205737019e-02,3.131730152773971182e-02
1.251370724874983898e-04,1.749796311620382624e-04
1.192348917049454362e-03,7.418719958206745229e-05
1.528702485010184978e-02,6.485537732245641451e-02
5.445422002679834589e-02,5.463490157527122609e-02
5.397933423361926664e-02,1.468738098272689419e-01
1.238793404563245104e-01,1.103112153155346303e-01
3.551145292931020409e-02,8.605479704389969176e-02
9.953567897233316260e-04,4.161444192198302666e-03
1.910846043687280948e-01,2.153739794464379909e-01
5.198828970924051183e-03,3.764843447284272368e-04
1.900161045539327772e-03,7.476355295757967229e-03
1.201330541327508663e-03,2.311317872319612884e-06
7.661591409405430278e-03,2.622774054953248141e-02
1.271596827416777617e-04,7.505055718156235494e-04
2.018529990702113697e-01,2.090285804169532691e-01
3.811045015532245339e-02,8.150504357294674485e-02
2.104350852304787134e-02,3.665995891507412008e-02
2.119422364702744019e-02,4.424738989404339816e-03
1.509069514990215022e-01,1.108483476275814728e-01
3.279869316590403039e-02,1.392961600207595109e-02
2.318980378019684374e-01,3.408972132796681542e-01
9.241108062008422663e-02,6.099377063125532156e-02
6.043495017336336650e-02,1.272424744418997880e-03
8.489035216429101360e-02,1.527467635358056297e-01
3.325758370236013839e-01,4.131493716112156767e-01
1.388793981614811213e-01,1.458558309140986775e-01
1.451339054650200300e-01,1.371493773897195512e-01
8.094678059463629449e-03,2.829434570850224151e-02
1.994667860844196935e-02,3.408407590952314443e-03
4.798344488872678670e-02,2.170455821590315526e-02
1.090376117816779789e-01,2.072108721628189154e-01
4.149687667848873246e-02,1.461616187591628212e-03
3.237194507186631071e-02,2.977461309506669943e-02
1.107953975059919050e-01,7.853079519647471196e-02
2.177999036973935279e-02,2.534447225004297227e-02
1.331896870906691677e-01,1.997750296992738539e-01
1.244482535141424109e-02,1.753718305289380872e-02
6.504312253733242344e-02,3.503161336465605152e-02
1.031237135144853490e+00,7.577966843157559751e-01
8.219327210828729358e-02,4.733004768655732497e-02
2.962257149799319474e-03,8.686402119765720964e-03
1.308536624461912046e-01,1.653692244729203231e-01
1.915078400580761120e-01,1.655017898926542386e-01
1.885529457012969506e-02,2.887049049007553436e-02
7.982558295308821508e-03,8.599380650010587674e-04
8.722918284655563348e-02,1.198642928072619351e-01
1.380500537193506685e-06,8.967485881126468529e-04
2.852315209808398838e-02,2.700331249838871725e-02
8.175855467502995619e-03,3.694746047174916892e-02
9.402667317599473773e-02,3.972355252850681001e-02
2.603139684889816396e-01,1.888692325854397225e-01
3.749770457474576051e-04,3.091805905468427546e-04
1.375180270575590948e-03,4.267086999550752727e-03
1.020337612629774876e-01,1.213221621339138495e-01
2.604503213184837865e-02,2.836615558675767770e-02
2.221185151051494333e-01,2.579177501352548085e-01
1.642768091191553759e-01,1.566983907138463639e-01
1.112408214171169002e-01,1.296520866775037750e-01
1.263751414415695551e-01,1.031155613427264250e-01
4.005735596221981359e-03,1.887135939981819015e-03
3.091390628449298267e-02,7.915484151281512466e-04
1.659451845683222043e-02,7.898935980065824314e-02
2.221957608446239740e-01,1.234407643306722341e-01
2.914158169956119517e-03,4.354022116628465340e-09
2.699454826449497122e-02,1.262480737370021491e-02
2.946786707787684215e-02,5.927466930221068908e-02
1.613188364963681065e-01,1.837931073445032981e-01
7.316772056387381429e-02,6.045982432708946891e-02
1.831490307418713256e-02,6.067800081533633073e-04
3.878115907946181901e-03,2.026474479182981125e-02
6.284309306595321776e-02,5.387047138080949815e-02
4.007042980557164701e-03,6.245456709709109981e-03
3.884587942918132919e-02,1.588971600759972154e-03
8.976131063959398304e-01,9.027827358326567797e-01
1.509950843850751678e-01,2.095166165022195881e-01
3.998509811345939829e-02,1.076532214222624025e-02
1.800270104820982447e-05,2.447978336839319851e-03
1.763249964330564488e-05,1.165676679294814708e-02
1.049913531413693701e-01,3.965035378019510226e-02
9.511224789943101277e-02,3.643413888261253647e-02
5.586858305457088891e-02,1.069096384362780705e-01
3.094686381079942566e-02,3.524486263051667539e-02
1.285835002091086365e-01,1.341778483380663134e-01
1.271360260563508078e-03,1.313414959543434555e-05
1.729986911536817162e-01,7.094465150743087256e-02
8.268113136235710758e-03,7.146039741672099987e-02
7.299294803390510289e-02,2.825396037206609479e-02
2.027810839910021146e-01,1.905830817756534734e-01
1.366938006149937511e-02,1.797929764008007400e-02
2.771372206269044278e-02,1.484877882647464391e-02
1.555781180594154045e-02,2.560355091740005402e-04
5.558022561710578360e-03,1.651034416528118082e-02
4.844453917101153133e-04,2.119971100378406550e-03
6.328525297556858442e-02,9.075780784133258283e-02
3.819466610468342377e-02,9.413702635921532280e-02
1.332416939805142718e-02,7.647115469703243129e-02
1.478465770993828698e-01,5.883744486823817149e-02
1.174776438835059000e-01,2.043069557592633034e-01
7.247761488213650197e-03,4.859066774647770727e-04
1.436356075753757178e-01,9.708837255308386260e-02
1.328224468805821734e-01,1.109914557648918471e-01
3.224293744737866813e-02,6.552129590271766647e-03
3.622117645066773028e-01,3.460348380968135684e-01
2.608442205404584366e-02,1.051851616803432116e-02
7.266092882514976065e-03,4.700071153974321576e-04
4.883433421837495847e-01,5.291797658912299473e-01
3.356309757461098386e-02,3.707184379516553253e-03
1.480150484683611517e-02,4.172808351569042701e-02
1.517201014779592322e-05,7.087075445032430150e-03
2.120577834900429781e-01,2.514961240722651814e-01
6.424763983133657819e-02,9.035567782135817128e-02
1.007072326606677920e-01,8.246280412364800222e-03
4.686072468426759341e-02,4.407024003077935487e-02
3.820342763425547267e-02,2.807954673767928608e-02
2.703712483897299790e-02,7.924889771549863127e-02
6.651787225125949110e-02,9.551942334287737146e-02
2.421782132208898271e-03,1.027170111646484585e-02
3.569943968205353813e-02,2.060405149288949481e-02
1.058508775240488489e-02,1.077155467184861236e-02
9.498180810371809751e-03,5.287403819666808150e-04
5.578716101310052418e-03,2.834719611211630221e-03
6.632727479640780806e-03,2.789180480648967286e-03
2.924967711343740007e-01,3.013722237594735898e-01
3.649450103054470707e-01,3.917735017595392888e-01
7.488645550175142274e-02,6.396302663152067525e-02
1.200358662513449221e-01,7.231897437901207981e-02
4.155138023358192351e-02,4.690343606639339920e-03
1.062830491643528691e-01,1.323916046092228072e-01
2.175217937001480140e-01,4.319630194951129543e-01
1.003375241246950711e-01,1.639360067515006902e-01
1.385825488047500408e-02,3.316640863183752119e-02
3.118746113100431469e-02,1.747710358342035447e-02
5.359330623334330329e-02,7.377818373724085062e-03
5.049046479775513158e-02,1.009270126148589242e-01
1.004455451247756844e-03,6.439804608803838433e-03
1.124644968927587634e-02,1.990982052590146295e-03
2.258232415571329293e-03,7.910405919295816464e-04
1.033774433672142792e-03,2.548631082206067461e-03
2.803576516432971233e-01,2.223090344973124854e-01
3.625858286629353722e-01,3.028930700792566988e-01
2.999088072778489412e-04,2.657486249794195014e-03
1.577729190492274114e-01,1.868535466711764015e-01
5.110222768239419168e-05,1.153572957446877918e-03
1.096640087602046010e-01,1.178520694092947824e-01
2.108003168738331323e-01,5.947860260697544060e-02
9.479454999965364337e-02,1.192248816827034819e-01
7.402507819031964309e-02,1.067549729730199598e-01
5.757863347601058918e-02,1.037084647821561456e-01
1.318400234222370099e-02,2.632847967992327232e-02
5.988926722155934329e-02,4.462424593280173157e-02
1.707058175147830800e-02,3.171167285948259251e-02
4.108845286425804461e-02,2.466157423384134073e-02
7.328426555275397358e-04,1.495736648613997478e-03
6.625100132745416308e-03,4.497780070256403827e-03
8.764036964762672577e-02,6.484534350800540137e-02
3.386819976913483382e-02,3.675528705745076397e-02
4.643653845949514136e-01,3.835985898862332988e-01
1.605341980978954863e-01,2.006530407415413053e-01
1.404300642871106342e-02,2.165783714080602926e-03
8.593569620758652328e-02,9.509330361693864309e-02
5.992255310743942187e-02,2.474058315809948838e-02
2.761286092598847983e-02,8.700232493541761036e-02
9.685064128603586286e-02,2.870390176353432299e-02
2.943985675813458672e-03,8.346141147953384243e-02
9.189781601228100673e-04,1.133744302725516948e-02
1.131347778080500979e-02,1.788655541652701617e-02
3.320733302889286032e-01,4.067679960926741667e-01
4.225209401276052712e-01,3.761386946226307204e-01
6.450927412685204532e-01,6.027740701824054748e-01
3.070952520018954135e-01,3.496336508715514046e-01
3.958583769859986418e-02,3.069752762006922042e-02
5.180552999869961900e-02,1.004009123237822321e-01
2.044290675308109081e-02,1.144992387132627923e-02
2.280750296649393730e-02,3.298673704465776568e-02
3.272383058245262322e-02,1.486050274245166898e-02
4.454870059114169334e-01,3.974910918659206316e-01
1.694755205174101496e-03,1.484449172947865762e-02
1.286708937600855238e-02,1.086331552401928078e-03
6.003611411559009459e-02,5.306853311326737571e-02
4.481241479697966046e-01,4.959876214320711463e-01
7.930246704846877215e-02,9.611092646522943761e-02
3.146014796761295029e-01,1.702986716292448355e-01
3.211085463833852904e-02,5.639114079461565558e-03
3.519075326372946844e-01,3.637598850333012557e-01
1.517945953641720858e-01,1.585057606903445548e-01
2.214163182060495047e-02,2.113434823938585561e-02
3.371913434385672760e-04,3.839477856637458358e-02
7.665081866300478552e-02,2.380011078729756258e-01
3.239344647505662533e-01,3.243819139212862912e-01
9.529515150195493056e-02,1.040477898316428534e-01
2.253328553256717798e-02,8.391779101618138115e-02
8.157488611919092719e-03,3.873455685267924997e-02
3.477025092376317406e-01,3.760139236345111935e-01
2.706667534834012456e-01,4.127611279831603919e-01
1.065146832458207515e-01,1.284761542070685936e-01
1.206025741249978495e-01,1.176774797525165506e-01
7.605976351481984199e-02,1.829731616545577644e-01
2.200541634459696541e-02,5.466493873259841568e-02
1.743077001159487951e-02,8.705078581145732353e-02
1.464957853203121829e-01,2.163165037703719817e-01
1.468670693299241325e-01,1.260668034413273686e-01
2.481025670238693956e-02,2.550012435414172191e-02
4.000335080255348896e-02,4.745327387610781544e-02
1.923206125553278689e-01,1.763200685336466511e-01
1.008555869109168009e-02,5.558663291130997060e-03
1.337631899835163346e-03,2.697129751639891753e-03
1.324608248522206322e-01,2.693327527767038765e-01
1.870544561037484942e-03,3.317235689969246643e-02
1.287885379971889441e-02,1.538677889488502919e-02
3.091691146887249886e-01,3.155534732855912461e-01
9.190705777935709038e-05,2.331421573552189958e-02
3.086009964390508224e-03,2.331827610381024282e-04
8.959983846230913651e-02,2.133239411870763436e-01
3.245924876104516188e-01,2.217868526123821793e-01
1.478905858944368299e-04,7.639343928042299781e-02
3.180347228917413532e-02,1.263047506625751375e-02
1.612408602169476332e-02,3.160308061484393138e-02
7.596985402305664326e-02,6.766374293472413037e-02
1.292640085222865609e-01,1.778465186210062554e-01
1.128749766980672621e-02,1.064710741624538964e-01
4.268877916596526025e-03,1.293770438682836400e-02
2.837962672338594384e-03,5.125927109512845798e-04
6.821993051586827672e-02,3.697748238437864599e-02
3.484009021249337423e-02,3.686878416057776109e-02
5.313648637058657198e-02,8.435307608676577418e-02
4.665776134726943303e-01,4.322750440231588609e-01
7.475918017365855428e-02,1.233995545054927950e-01
3.552857990641901109e-01,4.909051585006206642e-01
5.597239938501017515e-04,3.013895893968066616e-03
9.393782790358097545e-02,7.241899240110083458e-02
2.363590391350015862e-01,2.744065058973945703e-01
7.552325844853545467e-02,1.731034729726997970e-02
1.916214367626327408e-02,9.632929705663004216e-02
3.035409630341907882e-04,1.290757739602282732e-02
1.248663914549115808e-02,9.861024077132323016e-04
2.370019718730232705e-01,7.785718976448172124e-02
2.212261418198922455e-02,1.802087446749029431e-01
1.327127869348199846e-02,1.609794326129549476e-03
5.531686358955757443e-01,6.344919792354770660e-01
1.111878237524324383e-03,1.057917847422070682e-03
1.330382594301780229e-06,1.298393911982374507e-05
5.481814194310126453e-02,1.004363747082676409e-02
5.484458474956326324e-01,4.977847206478632214e-01
2.141941529807369904e-01,1.436450784050580243e-01
9.526365358228786051e-02,3.531914520815697400e-02
3.432990600849417789e-02,1.065695767902166829e-01
9.088124262347287716e-04,2.754109476175057528e-03
1.762862938129183543e-01,9.073999955594712341e-02
1.211826832043896157e-01,2.226509841769984954e-01
2.240365508884431534e-02,1.354598422568437793e-02
5.393584641671164692e-02,6.972029599471903094e-02
1.374800502029269733e-01,1.644244470670222502e-01
3.513920970588097492e-01,2.597391354883137882e-01
6.172859566220583599e-02,1.358323408032013901e-01
1.302380385730594892e-01,2.157348698275379784e-01
4.180694642935266492e-01,2.786592075603474550e-01
3.263580288417192166e-02,2.487474749970996699e-02
4.610759296100745797e-07,1.232752159223532776e-02
5.406782871528047381e-03,9.209016083044632359e-03
6.917281120617516576e-04,3.757006929986776191e-03
4.969459072061857552e-02,6.093174638373317908e-02
5.378938207530217785e-02,1.806176037239139826e-04
2.469929986608895012e-01,1.471847914641392085e-01
1.324249955972501835e-01,8.670804125802500373e-02
5.741870034413978224e-02,7.056952354777923375e-02
1.051758488476310510e-01,1.761367413524912440e-01
5.087134040775271454e-02,7.679450600241155556e-02
2.898201601892727922e-02,5.429893205100491671e-02
4.050327276586403874e-02,4.142781913517066400e-02
6.642936396107509099e-03,1.770834025969037840e-05
2.110016062228973199e-01,2.443275058041704528e-01
4.385091786390368437e-03,5.463345826952590266e-03
8.300410407846134375e-02,1.662614605191270467e-01
1.026084167349524670e-03,7.006575999069498918e-04
5.707316313541384994e-02,7.781385518217787123e-02
3.699097841034258705e-02,9.107894915658259344e-03
2.320908082199202652e-02,2.963597145159175411e-02
4.259040236938598694e-04,6.885258121944009581e-03
8.642684274832954441e-03,3.186084942802999351e-03
5.335986614744110679e-02,1.849833070741594603e-03
5.698867294932495609e-02,1.039245640034637264e-01
5.938631339360032207e-02,4.223318184348687915e-02
3.471227278754635687e-02,8.265935832021540502e-03
4.389955617840883995e-04,4.413333051835510897e-03
1.675939911921250566e-02,2.891200238979055423e-04
1.730774866321132741e-02,3.067009905452721535e-02
1.152930848298556153e-02,4.905555210649184539e-03
1.073703457733909787e-02,3.325741861492737678e-02
1.561847024379579563e-01,8.256089463217473889e-02
1.321278977456523222e-03,5.052602753020549349e-03
2.131716505764530978e-01,1.779161785939764040e-01
4.410398619593473152e-02,6.708373616547892715e-02
2.218490217265021991e-02,1.028726816869340865e-02
3.856313256096652320e-02,7.306119451455007907e-02
1.148462752858765423e-01,8.252783886436040536e-03
4.297942850851156692e-04,2.514648027205813874e-02
6.269508267656080658e-02,2.038270143148467398e-02
5.191854885658189062e-02,7.601653550843587293e-02
4.950868124900518509e-03,8.522486170580949663e-03
5.146140587141644768e-02,2.859333940414319000e-02
4.312434077859276793e-01,3.646712056971236904e-01
1.704414240854332518e-01,1.277131706556779434e-01
2.946608739716219047e-02,3.716737905626878169e-02
1.487310697427130651e-02,5.373609727309874330e-03
3.941041187036013055e-02,1.138709395034305655e-01
6.428279231129012394e-02,9.892173695273170919e-02
1.140671750960599307e-02,1.845858752612548534e-04
1.251348389602875526e-02,3.606837532758333520e-02
9.446664271877036959e-03,1.681000213524807413e-02
4.351625015704885940e-02,4.153550470680890394e-02
4.941122646295212362e-02,3.449696790020242987e-02
8.266486545521495310e-02,1.671030710299912514e-01
1.386021054017237859e-02,6.141854979299891243e-02
1.116970701506673699e-02,1.954438486107096598e-03
6.647350390139802889e-02,7.013296889263186118e-02
1.838849033865444516e-01,3.050486637265416578e-01
2.726785720680608305e-03,5.184406825565004290e-03
5.133443489445479457e-01,5.370022354255064023e-01
2.712938940607244331e-02,2.898121406152016910e-02
3.127261831724090779e-01,3.238776336471211881e-01
1.899111840015050776e-03,3.058650892902947324e-03
1.770642750603368051e-02,2.981007750137440460e-02
1.769766078486319097e-05,2.405522018712831684e-04
1.612208808209049937e-01,2.139466876437582654e-01
1.164772138072332069e-01,1.734114275782634718e-01
2.336998622409344403e-02,7.309707527553449850e-05
8.873644452677598507e-03,3.236390549751195860e-04
4.175706035668386856e-02,7.006266955859742629e-02
1.397146095331990578e-01,8.070843798339145947e-02
1.118781576090152746e-01,8.146420651884619946e-02
1.565381835186291370e-02,4.632052680954558909e-04
1.082615824433552643e-01,7.196064284419789736e-02
7.803585226455576765e-04,2.627263190254382902e-03
2.338730991406895617e-03,4.608340792547869179e-03
7.030418508200950156e-02,4.141398841550592014e-02
1.696295586531665041e-03,7.592985533334950868e-03
2.780870175501277616e-02,2.827661974826593469e-02
7.905877482576924298e-02,9.218466973519309771e-02
1.880998278603413301e-02,4.185187015788587733e-02
1.488777904517201989e-01,9.528869762459732384e-02
1.834095875222522751e-02,4.224166390818726363e-06
7.395485300508088285e-03,3.012333077796163893e-04
4.667336111961196965e-02,1.142008827309490618e-02
3.262980551806667073e-02,9.831558997331886485e-02
1.317337294319480545e-01,1.782257546428607231e-01
2.711667715936203274e-02,2.066269129282292602e-02
1.030957856579910181e-01,1.007236876293044064e-01
3.611859019775510993e-02,8.582312172634174244e-04
5.401035886482959819e-02,7.201153214240406386e-02
8.955093466185605477e-02,1.418370857444549715e-01
3.376421997890419191e-02,2.576271635414367767e-02
4.957517329999398294e-05,5.581611528219258475e-04
1.111917461362057769e-01,1.331456417715838891e-01
4.666832521657503750e-03,1.503972684380165941e-03
2.297831529469133213e-03,4.935749033024498626e-03
1.114157839781689807e-01,1.197699341106828463e-01
5.351906903850843500e-02,8.778812202572047751e-02
1.558791883411794199e-01,1.515363425108815221e-01
2.223321616209536777e-01,1.738301094850224771e-01
3.956728777495514826e-02,2.795465758453424820e-02
7.722165086299448422e-02,1.103806429161908187e-01
1.231754012854219538e-01,8.798398443569102612e-02
2.157084799250102991e-02,1.019131398434279002e-02
6.896566611263070523e-02,1.644723395601546401e-01
4.235812233966980813e-04,1.102945899318438089e-02
3.434382017978923618e-02,2.127610759171814567e-02
1.472124089859419040e-02,3.427839429959859616e-03
3.743969543385667394e-03,1.740259367756410297e-02
2.053943960776816093e-03,1.326235754712988546e-03
2.430443641117281672e-02,2.289462464114822016e-03
1.860382220349530713e-01,8.120480166280250045e-02
7.661551835352134639e-03,2.541341038756719101e-02
3.343734550014983847e-02,7.119420768863143900e-02
1.406738404062469472e-01,2.318989253433364206e-01
2.712958193803466714e-02,1.141879601514299639e-02
3.148143132826466267e-02,3.732046873306265369e-05
1.222558627092345390e-01,8.691079524225375774e-02
5.484833221061710118e-01,5.206933883715354483e-01
8.766052863186857280e-01,9.201445861986325969e-01
8.024194922772771854e-02,6.800477919460849729e-02
8.611850891240696582e-03,2.857434884356534893e-02
3.424306208040541616e-02,2.570358191440940201e-02
6.736215279606036499e-02,4.426846138667688696e-02
6.538288463041090626e-02,7.108926481713756518e-02
1.768121509263587132e-02,1.043650590978960346e-02
8.644959567057312888e-02,4.291007421426345364e-02
7.640374982335317033e-02,8.305478410692199165e-02
4.192737010307666379e-03,3.973179397030670440e-02
8.724900349658640253e-02,2.692668750953804840e-02
1.554096164960104554e-01,6.396917370121359137e-02
3.404177768779440699e-03,6.980027395337420545e-03
1.904213933223706948e-03,5.667663949066783363e-03
5.788722155660497130e-03,2.428316022119217724e-03
6.080539694796625871e-02,1.094417665924221211e-01
8.766662491578214485e-04,9.318759496181553553e-03
9.397961365572291004e-03,6.166865487208483300e-03
1.900748592996723187e-03,5.109297750026943306e-06
6.246702207458598721e-03,1.088469849788639351e-02
6.120767678111398158e-02,5.370615453228615860e-02
5.532260259528892776e-02,1.073858017654467784e-01
2.283287405109499582e-02,4.494541327421238547e-02
2.188789200969431734e-02,9.771582860560110162e-03
7.779501092175174258e-04,3.675279254980563619e-03
1.154395662728292249e-01,1.006792791835276896e-01
3.710867191846277113e-01,3.415117550776035071e-01
1.194706710512176695e-01,2.970564088103133313e-02
3.986428456604242804e-02,3.717808496580932154e-02
1.130209213474414609e-02,3.426676284077467133e-02
1.276786984281403498e-02,6.196416640601774828e-02
7.508081875955532891e-02,1.129596097514285885e-01
2.488019189129663522e-01,1.704121734051692316e-01
3.479664826045432424e-02,4.539758634505921403e-03
1.923015801546892542e-02,4.492637829301719676e-02
1.147375541340847072e-01,2.301561431249609102e-01
9.360992567046381996e-02,3.876506683781560242e-02
1.928314693176761685e-01,2.262691265262491147e-01
6.490683167747568483e-02,3.769424578147349825e-02
1.042781383557883496e-01,9.034677877708603699e-02
2.850041558611705536e-02,4.281687013010587739e-02
3.391984572241085738e-01,4.417329835329393273e-01
5.897150696788037993e-02,4.150380785665979538e-02
3.045035748423781320e-08,1.844901959089306417e-02
2.862018134351104401e-02,1.725160646140974641e-02
1.258634953975198284e-02,3.669821051282416008e-02
2.110268114404718343e-01,2.525082389430727270e-01
4.776060519474080723e-01,3.456277846925725483e-01
3.177503764369684069e-01,2.644498960834776313e-01
9.055907206266838871e-02,8.441384361722381602e-02
1.543777007805381962e-01,1.159508454679260836e-01
2.882867877526240630e-01,2.726671987110509399e-01
2.146610117095374901e-02,2.523688204625499851e-02
8.153308619283551606e-02,9.449646906193959195e-02
1.607331276380659368e-01,1.545489739720899147e-01
1.150708081962232426e-02,2.477201803729792845e-02
8.161602842643743416e-02,1.685589098028638377e-01
9.818910368142379219e-02,9.347892646025150742e-02
2.160038776236685720e-01,2.917117522998176615e-01
6.404900402146104441e-03,1.073370327226350583e-02
1.666689800538960833e-02,1.700469262896031635e-06
6.091683273491092093e-02,1.099045926224729852e-01
1.575564601134807081e-03,1.012377853849643836e-03
7.313793701500416189e-01,9.333475453435327029e-01
1.651693764554438559e-01,6.856560828007830788e-02
5.513872973368397906e-02,1.017858859144759459e-01
9.322044284388732172e-02,1.809510488970931252e-01
9.799259339808089053e-02,7.217168626805529896e-02
1.690031909700616675e-01,1.351634217705725838e-01
2.562552341043352905e-03,2.992127301507103957e-07
6.240278068349047053e-02,2.687427847108342718e-02
2.152306306836694952e-02,1.563501231613269316e-02
2.328411065273142816e-02,1.211946458094656856e-02
8.154724922685499533e-02,2.337791656739531682e-02
6.500509707345515364e-01,7.395783817265589866e-01
1.286053628817154706e-03,3.730830938801463215e-02
6.893838623992151748e-02,2.033325813999971865e-01
5.210888434786162815e-01,7.373027468508357440e-01
1.311666956816201490e-01,1.312292108673185631e-01
4.825352360650710382e-01,4.636850845033054225e-01
5.221266111292077738e-02,4.175418448056035514e-02
1.851590484417846849e-01,1.852026258724892016e-01
1.881533427705037523e-02,4.541775598724215671e-03
6.886536437483793682e-02,4.028108731169508655e-02
1.154194829562402297e-01,8.792552192900240926e-02
2.695037221334949020e-03,3.162580571907637039e-03
1.089733759133653251e-01,1.196772586611238864e-01
4.034206968368199420e-02,1.582099075908049712e-01
2.408114760571446883e-02,5.150700121692238648e-02
1.336342455884156400e-04,1.103402122744553612e-02
1.286545739600211333e-02,7.217755416651194626e-03
1.422307978472316667e-04,2.181910521843787379e-03
9.827812137909794701e-03,3.267268471436798709e-03
1.426162100967190600e-02,5.746964078138028231e-02
2.744367266442081666e-03,1.008567130454475665e-02
5.801655149993162341e-02,7.145118311330757310e-02
3.599853498320712032e-03,1.110348599668019819e-02
3.486023271459923374e-05,1.870083524411290683e-03
1.925288974500899750e-05,3.705838683932955770e-03
1.418183459643060211e-04,6.695460986950556304e-04
3.609402848417215398e-02,6.403770026644971247e-02
1.206997769542545590e-03,7.689952867122513448e-04
3.108225888481923049e-01,4.102105774467269539e-01
2.878852964516116601e-03,1.210888212890457241e-03
5.913480501754395796e-02,1.084898284006432512e-01
2.281272326273469099e-05,1.042148377928203348e-02
1.313113820859936921e-02,4.513457087983475252e-02
5.287269596773785246e-02,7.763412276712865212e-02
4.800803868562797394e-02,1.175459896686357891e-01
6.017063970289274893e-02,3.621426501253087460e-02
1.315479478653436632e-02,1.800284020182293422e-03
1.533279316036722795e-01,1.451487702718576578e-01
9.890887825146373047e-02,9.706170188304753810e-02
6.870313691125405457e-03,1.580210561590192006e-02
2.329959362212467855e-01,2.106671356640659465e-01
2.491681866178549476e-02,1.977725357531679232e-02
1.374504278289053472e-01,1.518392697397784596e-01
5.734506440701429147e-02,6.875607391857348205e-02
4.531702620808314560e-04,1.141068912035237337e-03
3.241695497691299797e-03,2.690288848517519496e-02
4.711456613457032372e-02,9.752982069207286053e-02
2.521860640541292303e-02,6.926837455028474894e-03
2.872040892250237176e-01,3.946782184934636284e-01
1.148706015956052311e-02,4.161348384180313040e-03
4.552005161852135801e-02,6.021874003888593417e-03
6.615138846389796582e-04,6.954898984040621985e-05
2.121790023209821352e-02,1.909433297110095171e-02
1.686587288438487486e-02,1.039780962539270728e-02
3.898086859495030615e-02,4.551739098731398536e-02
4.046148552327000908e-02,2.684711130607920701e-02
1.889259552317767293e-02,3.369393115390888899e-02
5.138509908574478979e-03,2.840154346747551361e-03
1.640449180966637721e-01,1.948676781006774758e-02
2.946577021861243595e-01,3.705545543970741318e-01
9.084719821210210378e-02,4.821543223358859542e-02
7.480411593296806827e-02,7.279400175806079176e-02
7.538436388305867764e-02,2.188251846111946564e-01
7.131634193887260997e-02,4.260032202783258469e-03
4.953269072400100399e-03,8.544093694664841926e-04
4.490018152988321520e-01,4.944293297315701108e-01
6.784510140464408701e-02,3.348937153822627993e-02
5.365662283265890987e-03,3.500352159531917168e-02
1.003508065450594948e-02,2.638287857271302134e-03
5.107954748412162765e-02,2.935471807987957010e-02
3.571240088388788481e-01,2.954673992846666430e-01
1.703058133310522415e-01,2.469928577848557738e-01
2.285580467245510589e-02,8.469206981533232426e-02
5.841394093423833006e-02,5.188277219466629758e-02
2.892785431295498699e-01,4.752521596069698706e-01
2.277430421191894289e-02,1.400880720599759210e-01
4.349624637349013001e-02,9.481722714640818464e-03
2.633001633485803628e-01,2.981855831996992889e-01
1.267420667727961192e-01,1.720297251862560051e-01
1.315959642452298516e-05,3.014387271660862958e-03
2.104225165541646621e-04,4.494477439520562501e-03
1.544802504699869204e-02,9.572924523890302684e-03
4.120912526148949942e-03,6.705494694264812951e-04
2.668657040406905434e-01,2.005947250288593053e-01
2.794809755575771160e-01,2.149392496362130256e-01
3.262614984896919368e-01,2.214067314953923615e-01
7.385787607622169154e-03,2.869282936508728982e-02
6.567429671680159579e-06,1.161472246485000795e-03
2.883894974976921044e-01,5.041878497079909094e-01
4.224766820189794492e-02,8.203826180293972981e-02
4.429753987573011790e-04,8.591611700869271340e-03
2.451148675933654264e-01,3.521862896185939396e-01
8.083618212105833645e-02,8.249234384976485146e-02
1.455430325854532858e-02,1.655215212454590537e-02
4.460783875129633105e-03,5.775737106178132491e-02
4.345079595859798090e-03,8.277757444744834664e-05
2.854677772827018956e-02,7.382468191745870587e-03
4.053173177515839026e-02,1.029672264257132791e-01
3.777654167521737327e-01,4.769178832037725968e-01
1.593688295077545503e-01,2.841389110733169021e-01
4.484247480757168336e-02,4.413232869918109341e-02
2.958678289492501501e-02,1.552543815139489566e-02
1.405859257560676534e-01,2.071452506826972351e-01
6.382423264412444980e-03,2.208851782820090912e-02
7.100944999769037995e-05,2.708226732774780127e-02
2.538429193914545478e-03,1.026783412400959219e-04
3.462037300392350470e-01,4.744515696808754290e-01
2.215441155372030110e-02,7.234765103453580544e-03
1.616411877014742871e-01,8.850723500402615795e-02
6.936946198130875540e-01,9.908063499033665789e-01
1.297276541935280664e-02,2.669265288386627952e-02
3.460445288465893721e-02,3.354392076032215123e-03
3.779468957010186092e-02,2.961830385288395998e-02
1.343995289032561078e-03,6.585051059667539107e-04
2.179565175957943329e-02,3.008753709353796657e-02
1.410619393435747215e-01,3.209603111064985859e-01
1.540394600078793252e-01,1.836212109738175613e-01
6.289458846096399047e-02,2.014923564470762762e-01
4.649577042483784561e-01,6.257922937683626508e-01
1.124346245458398424e-01,1.936314667216725571e-01
2.089009031017805551e-01,2.012116805252774088e-01
4.274417386160903748e-02,5.949270418517477871e-02
6.605862284918498362e-02,2.489646912997382777e-02
3.984478422087352478e-01,4.654272076512951939e-01
8.133893174510962651e-03,3.628242143893813110e-02
3.465408651229128639e-02,1.362899994225693322e-02
1.352813380759416706e-01,1.912361498032983387e-01
6.902641204766099547e-02,1.130037130006651541e-01
3.284665004056443460e-01,2.756374658490406970e-01
7.082734124954659372e-02,9.978631248600061676e-02
3.856021786941944696e-02,5.064177625868566263e-02
1.617818990124732584e-02,3.860812453351771636e-06
6.848705478982572209e-05,4.456283651570937948e-02
4.663718369881487275e-03,1.345713092198691507e-02
5.121392970129390321e-01,4.154587220780602275e-01
1.819307758491141291e-02,8.407746033446193239e-07
2.610945759684590306e-01,1.355445588505071186e-01
1.776237576473545798e-01,2.406285708539986357e-01
5.573731654980363954e-04,7.465657022582420418e-04
7.654550415049467260e-02,5.363441023224260751e-02
2.445934900777118060e-01,2.169134798300774714e-01
6.926982391586113293e-03,1.164700892354779069e-02
1.490797464212832990e-01,1.369132902138084085e-01
4.312774055136450735e-02,5.253505661117183201e-02
1.639969120619524370e-03,4.221154604704770164e-03
2.441325731061041830e-03,7.621943043505087501e-03
8.667055077061409929e-02,1.147571102865837106e-01
6.283503635509331102e-03,2.383555032230422470e-04
5.274817537939509998e-02,7.221819322319955603e-02
1.721561538326936147e-01,1.838736011622528199e-01
6.130929964526479142e-06,1.719086529300673655e-02
8.249066287821375017e-04,8.738329544349908440e-03
3.169157757752681381e-01,3.798124718555572210e-01
8.427524090186933048e-03,1.666189028856297988e-03
2.345437666475716151e-02,9.885076650622898892e-03
4.931120981643699608e-02,3.178508719938659410e-02
1.141798797747216321e-01,1.028426580624134945e-01
2.544767599727808130e-05,1.447909941468290655e-02
1.319377271172633660e-03,4.120720460945197922e-02
4.941865151191812688e-02,4.329697310191016335e-02
1.065994342061600889e-02,7.029151377416939690e-03
1.823028590720678944e-03,3.883875164359452438e-03
1.465468523839417829e-02,2.744321247050301744e-03
8.452426512770669365e-02,5.630668116813139501e-02
1.564515072947368288e-02,6.568820233279766552e-03
2.446580318451502811e-01,6.716328610780085417e-02
8.155362407491630050e-02,8.403467561516456130e-02
6.169884327630562049e-02,3.896097862394846262e-02
2.301316630735025792e-02,7.340917461690245338e-02
1.470080143164872732e-01,1.063255657822950728e-01
3.964906009083383337e-02,4.430893501120525962e-02
2.817780927586563053e-02,6.359172694734294140e-03
8.551251867549816699e-02,1.629146456218883987e-01
8.619613380196913810e-03,4.881114822902647005e-02
2.336544531215451956e-02,6.666657868379721741e-02
1.654364279579328412e-01,9.727324598263549504e-02
1.097182700605362771e-01,6.418750712639502420e-02
7.347366633908065936e-02,9.499739128080360306e-02
2.309879186104503088e-02,1.219108229942078570e-02
4.576149935068728469e-01,4.660737442368231842e-01
2.115337090763968197e-01,7.309473677300751260e-02
6.500964137640509455e-02,1.115700145655722925e-01
9.586336103432165079e-02,6.010011702482136869e-02
1.052451262665284465e-01,1.425568604685767682e-01
8.529295103251327559e-02,2.267434233938618315e-01
2.824453708903369720e-02,1.483385865819374615e-02
5.930461813948975092e-01,4.755042554671883859e-01
4.244267593805957361e-02,4.420819121803740148e-02
6.360192761154491621e-03,1.836591156365772971e-04
1.226874500849611110e-01,9.628545344381242432e-02
5.175097394543123246e-04,2.860115362915961702e-04
3.687909316898600048e-02,3.323205043437515993e-02
7.923889914474987473e-01,1.032515395242880052e+00
6.041604499062334325e-04,6.142038108347522198e-04
5.471725332327876762e-05,1.892735910028149398e-03
6.548733800034092778e-02,7.002780985017177662e-02
3.243190720059609400e-01,3.684158072613882839e-01
2.958823282926358322e-01,1.387278310821065674e-01
2.899069179719885314e-01,4.318348790318002894e-01
1.690112571750138765e-02,3.546671861355873718e-03
2.375180908279578892e-03,7.518822844828056346e-04
9.634956313387402693e-06,6.506304801936043042e-05
2.484052393235602115e-03,4.047794368846877044e-03
5.183892547444761412e-02,8.904533023886185283e-02
4.983533274819065828e-02,8.779596513255354118e-02
2.078850394365863025e-02,7.160440443028720167e-03
9.889147780035533603e-03,3.081870907454475721e-03
3.486648728971217942e-02,2.790079119433568761e-02
3.691197185026057204e-02,8.062394141380338497e-03
8.529495916175221237e-02,2.046610211298688017e-02
1.056823864799638635e-02,2.024040559486331350e-03
2.581433446205248089e-02,4.793296145692130250e-02
5.873150232355457689e-02,9.383679046269846613e-02
7.930175414654920454e-04,3.834862906407100931e-03
7.300049000585924486e-02,1.170296622110133522e-01
8.150813446188355516e-02,2.967762035290422151e-02
7.779689106448020586e-02,7.758639808949821526e-02
1.129543639721691667e-01,1.154736509651563825e-01
1.144444491498691069e-02,2.582854927414494559e-02
1.065307741737084035e-01,1.868514391910192085e-02
9.795663001038630580e-02,9.257402592635537164e-02
5.247669662919553918e-02,1.044896962962022224e-01
2.050617477944593342e-02,3.775803072554364398e-02
6.132093206751838832e-02,7.618938437706093691e-02
1.316110599327527109e-01,1.100986247208706054e-01
8.194102051994622132e-03,4.203790695299951079e-03
4.849141874652534989e-01,3.910059219363938299e-01
2.678479519853245450e-02,1.798257876090491106e-02
1.808095676252717901e-02,1.938713123814072821e-03
5.196003211555021845e-02,4.061252930289264984e-02
1.244652364204889509e-03,1.703576837155005522e-03
2.786187352729945291e-02,3.007465250350725358e-02
2.535901849426821543e-03,1.092673328325753125e-02
9.757449261080805569e-02,7.727062063861413199e-02
5.609139115101058858e-03,2.535638876357176278e-03
8.693913924165850237e-05,7.287380605617800253e-03
1.007433795006832007e-02,4.669553129220829248e-03
2.291829179117592374e-02,1.358429827071648728e-02
2.409888891485120477e-01,2.375103523724561849e-01
6.399762241686254849e-02,9.676080869206558910e-02
7.586038927920962967e-03,2.358194804908896134e-03
3.677980061978560703e-03,2.665460480685451564e-02
1.105274338682522700e-01,1.251496316619669369e-01
4.583030523146369023e-02,5.628462270417270569e-02
1.718938908806239840e-01,2.125913110137755968e-01
7.901389014475590847e-03,3.630933582346377968e-04
1.659907533589175255e-01,1.927846836339472125e-01
3.595835193553361536e-02,5.506953320145346886e-02
3.584123140037553945e-01,4.019139426141060678e-01
2.282415301883684508e-02,1.998271353575989048e-02
1.949309158224843690e-04,4.041161200978564232e-03
1.682326338594782034e-01,3.014650208192519720e-01
3.334390291741787249e-02,1.754625192035061398e-02
6.423780601272531532e-02,3.042457033601377384e-02
1.533693702067143172e-01,1.953105240259082331e-01
4.903064300063573328e-02,6.284820871433113854e-02
1.290051836018300986e-02,1.246896865850562197e-03
2.118238319223257060e-01,1.368598773012383030e-01
1.830794524838527670e-01,1.083424239886048163e-01
5.664283739726565930e-02,7.427548471534106689e-02
8.737509792800322861e-02,2.877890048193040839e-02
6.172402366320001166e-02,1.653681278624043738e-01
4.981892164775955645e-02,5.864146335150605127e-02
2.289901257566201442e-01,3.468056605041903162e-01
1.110937066752941266e-01,1.651862698392742579e-01
2.469983937299527845e-04,4.438659759065692427e-03
2.315589397574660882e-02,7.039171019188182610e-02
2.293420618781631393e-01,1.430134815565778650e-01
6.889592175285177422e-01,4.917027866249024104e-01
8.700667500898605355e-02,4.426127717445745013e-02
7.742967882211125238e-03,1.253269160037440112e-03
1.043360883689325042e-04,2.064633917842803839e-05
1.074004280278272327e-01,1.552081158838350960e-01
1.720530294758007778e-03,4.390288883741166187e-02
1.906487621636324126e-01,3.130727871498896753e-01
2.149530457177359355e-02,8.370952697145418731e-03
2.218826607010020990e-01,1.604174791384286869e-01
5.865049559330050982e-02,2.001559062099736719e-01
9.414034428624230844e-02,1.363187548325658360e-01
9.570353076598191525e-03,3.784646194895149168e-02
3.139246826836639692e-01,1.978224324384972588e-01
1.100238685630618024e-01,7.988770836900488392e-02
3.877753117536007765e-02,1.534494363179166932e-04
3.449468151804350180e-01,1.382746254589098112e-01
1.013003708336268280e-03,3.739698809396093619e-03
3.770551592587109146e-01,4.530831668285680847e-01
1.539183335157339122e-03,5.395214144192850107e-03
2.822054863717908448e-03,3.055179601800682085e-03
4.729439801362862565e-03,7.361969660445432176e-03
6.195440841139548613e-03,1.364063563412435537e-02
1.013969065376997047e+00,8.889943480397869413e-01
6.426043749853108111e-02,1.265714709922396708e-01
3.244734093069617971e-03,2.503430486757478313e-02
1.411649894826543239e-01,2.722339600006167259e-01
2.371454543594210540e-01,4.444455401135040118e-01
1.007901200976616882e-02,3.641155493189002224e-02
3.061683504049378390e-01,3.773391800473505642e-01
3.041208928317954210e-02,5.745847024009246434e-02
6.846577827821503925e-02,2.214437535255685263e-02
9.459808349697292063e-02,1.271488258273778815e-01
1.715659245018891221e-01,8.127509265974933172e-02
8.228199023125902511e-02,5.999779463703519555e-02
5.808561444891681066e-03,1.428148498915357383e-02
2.381223991130543283e-02,1.287385874994912728e-02
3.983358774855664391e-02,6.254216677356722043e-02
5.252279848197058953e-01,3.842109888292010167e-01
1.644354450189375316e-02,8.281400497037413357e-04
9.546356348465035238e-03,4.928918334833048174e-07
1.443207084167484611e-01,1.684161796409517631e-01
6.761801684622666293e-03,1.942330096733049880e-03
1.443329889479107175e-01,2.414720201149315737e-01
1.223661750616998785e-02,4.883004555357010890e-02
3.398097643020078773e-02,5.527513373426739401e-02
1.142084033981359895e-02,6.753943193841901614e-04
3.899376267476095670e-02,1.827797643201161185e-02
2.219508224669928306e-03,3.254656994136346897e-04
2.353670268043604654e-03,1.358816682826287543e-02
2.936550096371998500e-03,5.120908237978933492e-02
9.520391999676006134e-02,2.616992198656043489e-01
5.596012519741941360e-03,2.122801267656849924e-03
1.095607156450715131e-01,1.001935333572098880e-01
3.150012602688379570e-01,4.350843327878774480e-01
1.460809260593969039e-02,1.574895069112873828e-03
1.146178540303171081e-02,8.257691179726262681e-03
4.341137160451560839e-02,1.077620449153442739e-01
2.796181798555937847e-01,3.728339507290760468e-01
5.757279627259726494e-03,2.354966088561913449e-03
5.329113818639885820e-03,2.519316965977514908e-02
1.420485833460992386e-01,2.720205267680532168e-01
4.098389454784231306e-02,4.974240101260150176e-02
5.159570472768986588e-02,8.683085853481205263e-02
2.731784176681155505e-03,5.048013046435665519e-05
3.258520417406105332e-03,4.363868855628469032e-03
7.024906936917001132e-02,3.705649543951956143e-02
4.500996960438666261e-02,1.199669192489485614e-01
7.006499852783580617e-02,2.906697948296603495e-02
3.838978475093590137e-01,3.139244280985029056e-01
2.129539346960630242e-01,4.023124399001825058e-01
9.930632717128407005e-03,4.387971509841199699e-03
2.101973027679000187e-03,2.575201891463383200e-02
4.673765833221343174e-02,7.434402607724860390e-02
1.053972027321234822e-01,9.493292677374420840e-02
6.169360185634490540e-02,9.589953962974064050e-02
1.670015519720139119e-01,2.718850284068243806e-01
1.761876452942262306e-01,1.123421754717056353e-01
3.683501803491850968e-01,3.995999100771257528e-01
2.118327806446599071e-01,2.619466670285178211e-01
2.641069649694517685e-02,2.161252117264954656e-02
5.912270749831546879e-02,1.478558330744619287e-01
3.800687670366021398e-01,3.326748200329151528e-01
1.361316580907963140e-02,1.701979926080698187e-04
1.871636514299714407e-02,3.452357760265664741e-03
3.192085976594804045e-03,2.119182320337702381e-03
3.398988332492381970e-01,2.085092071171015526e-01
1.363279600260880724e-03,2.104884625937194446e-03
3.148280518598710609e-01,2.798816084432920182e-01
1.919953619909481601e-01,2.000609547878573480e-01
6.123224667020196743e-02,6.586691065618698049e-02
6.753282125965082150e-02,6.000779564993627413e-02
4.453135216326606360e-02,9.607045799915478468e-02
3.502854588004714921e-03,1.868882214805898641e-03
9.077136443636771301e-02,3.591960203733645524e-02
2.541285008419243065e-03,1.574441526377808316e-05
3.795043233167251229e-01,3.497462444824587235e-01
7.379617409579987105e-04,4.385647778265402974e-03
5.877916084488189058e-02,4.062319302496765483e-03
6.626677713977419115e-02,9.460862509076796434e-02
3.495866539677697921e-02,1.548397249469114821e-03
1.571821290466948184e-01,1.615997842056579592e-01
1.687302277676429596e-01,3.332694297404582007e-01
1.456503278891250197e-01,5.823289034355104421e-02
1.867546237702226719e-01,2.243140166142030822e-01
2.003488090479066050e-02,5.970472592791714606e-02
2.306740534618240412e-01,1.843143158163342010e-01
1.029249098860029743e-01,1.767557145158054066e-01
4.081263487510886079e-01,4.464752899040058121e-01
7.211037240710227447e-01,7.826319836838223631e-01
4.667675569091199461e-02,2.541059215765723717e-02
5.212373098102055305e-03,1.541752197423243735e-04
1.605759421995029204e-02,1.189136598289518634e-02
1.919253459095343617e-02,3.261548692797026309e-04
1.314081912737749824e-01,2.011653252643767764e-01
3.459753419209203595e-02,7.097307683450126969e-02
2.373598956055336939e-01,1.530706615197063025e-01
5.402885206730031814e-04,1.821391796835289054e-02
3.734475957116966671e-01,3.701652694832338608e-01
1.110814693590920221e-01,1.259660445002246110e-01
8.805220000239777356e-02,4.900242458097212039e-02
4.081905884815768548e-01,5.000726566213760105e-01
3.912073220097894016e-02,1.246633143700343060e-02
8.066385858053052790e-03,1.573503656427580446e-04
1.243197652097290974e-02,7.118687222309350460e-04
5.747790585608040376e-02,9.940166643590395146e-02
1.149069411252336831e-01,7.316074889105636525e-02
1.232852366738747263e-02,5.671770783439997795e-04
3.135136216889574182e-03,3.493694210202327038e-02
2.074228894693768421e-01,1.951005096862827026e-01
5.839031541917776708e-02,1.635795847557000859e-01
7.900092974546084335e-02,4.008910179274012553e-02
4.416322555660163740e-01,5.525231124696111662e-01
2.732568781476578759e-04,2.428308818848848999e-02
4.778720826404262350e-05,3.196857851818196272e-03
1.332203444182016860e-01,1.421151257256041134e-01
1.964742315124505811e-01,2.168989599426426051e-01
5.516527471425597580e-04,2.034641718232806356e-04
2.025331110558489245e-01,2.717314199420844956e-01
2.410727650090109531e-02,1.914073685691610989e-03
2.144142360156356675e-01,1.978115243666080381e-01
6.288229256663846467e-02,4.741821778456280223e-02
1.211079207972514185e-02,2.586877167934876481e-05
3.154773522844413897e-02,1.556217099767660990e-02
5.768048672981394148e-02,5.622881798762220662e-02
2.859601682166608492e-04,2.990861722564291947e-02
1.850492608165287914e-05,4.830243196449588057e-03
1.605861608924549766e-03,1.317251661179574297e-02
2.775813559711996919e-05,2.116881208721138607e-02
2.862482373184112028e-01,1.557554922563171018e-01
1.713883044502035767e-03,3.316230689037504280e-05
1.080779445856652234e-02,1.101964518258962376e-02
5.337633426350080722e-04,1.473201935533285066e-02
6.570053240100966196e-02,4.322429424062759762e-02
7.300660751443991715e-03,6.922734736154437154e-04
3.782057652409873821e-02,2.077767848232693268e-02
3.949762320173522828e-02,6.174477144830121684e-04
1.806166962596793268e-01,3.390599908281908825e-01
4.748578349734907528e-03,1.124324404051367000e-02
2.081171463132657287e-02,9.049830775799730040e-03
2.539607663778471469e-01,2.734468033486208149e-01
9.754242963336660910e-02,1.058483482408688614e-01
5.390623684049109521e-01,4.538587266133693454e-01
1.835531669848299019e-02,5.463092153868046724e-02
5.287820877172901002e-02,2.203908492274240030e-02
2.176913528241313789e-01,1.675242764904021631e-01
2.038357624950732413e-03,5.702904060310085878e-03
1.065312883905028402e-01,1.150624551758941128e-01
2.052016852472175870e-05,6.048201118291790003e-04
1.834023317215407456e-01,2.914844793250392918e-01
7.281102221611553127e-02,1.043608219582591590e-01
8.082496191990792779e-05,1.436155375700744544e-03
1.353407741555231851e-02,8.784023136656155320e-03
3.506391545318253145e-01,3.855656881129128077e-01
6.283039387910401008e-02,2.757290033688981901e-02
2.507462709878285345e-01,1.840598233659437033e-01
9.704805990411052852e-02,3.427812533248970200e-02
2.036840871783097140e-01,1.970420411601989663e-01
2.055315387748440914e-02,2.303090668687553244e-02
2.702018840680852838e-02,4.921324082151871254e-02
1.313293371464586690e-01,2.055193419993726067e-01
4.385546582646359585e-04,3.122006368305933147e-03
2.799524578789679974e-01,4.473599439767942387e-01
8.113747432004617122e-02,1.641160988869448112e-01
1.020844302764081363e-01,1.723470510489315544e-01
8.839811068298437935e-02,1.244912500227697283e-01
1.059809976459229613e-01,6.360757843419923008e-02
1.243712284097259896e-01,1.518392729165468358e-01
1.464328827477485995e-01,6.656032205517919964e-02
4.574057035392689943e-03,6.935202258905143538e-03
6.388262726980415973e-01,4.928824846171855900e-01
7.783331715135129170e-02,1.245412511325983546e-01
9.723626180535648311e-01,9.010184911916375716e-01
1.980465895808417032e-02,9.745287116274321815e-02
2.027251099362774290e-04,6.865142920652450402e-03
1.243789967703428333e-02,1.732875915133845479e-02
1.878545213756507015e-01,2.089830592490174999e-01
5.405771232595690812e-02,1.531394468500070494e-01
1.537404621222569941e-02,1.613750379457416784e-02
2.717681493827028838e-02,2.656362830391130123e-02
3.303513614501722706e-02,4.460467864405877336e-02
3.867450230184017040e-02,3.532516545235058619e-02
3.328594893100596530e-01,5.043965105910493962e-01
8.440522425749618285e-04,3.333469390555326723e-03
2.112153827595898009e-02,7.497122685673786313e-02
5.452392107818394319e-03,2.986330215323518278e-02
5.904350083327983834e-01,4.122113032443758818e-01
2.071195933178508492e-03,1.255389889138096467e-03
1.743241159185769575e-03,3.227516860969924521e-04
4.360865619367027546e-01,3.615127575885739852e-01
2.194079514480142268e-01,1.270835396522547178e-01
1.307849574242692277e-02,5.357435109912844773e-02
2.989451910078436483e-02,5.247240733072804086e-02
1.991455494840440807e-02,7.330727250787813408e-07
2.547426205878549388e-07,1.398463529711764519e-02
3.821337989437883359e-02,2.954616204471671378e-02
1.671055631630183986e-03,1.248104827228153392e-02
3.411344001612530430e-02,3.739852121244977012e-02
2.609872697176067735e-01,3.715147409817939339e-01
1.062446075507214455e-01,2.622963861363111771e-01
1.808619913118221035e-03,1.208735574145997083e-02
1.760780734485446752e-02,3.677351880352522796e-03
2.348646165961045806e-01,3.006498382407544745e-01
7.141758960346368534e-02,1.916684699391516811e-01
8.199015227099686054e-02,4.233257664747552135e-02
3.221637824206175643e-02,1.133016418814217913e-01
1.997584957285507279e-01,3.628766161834910964e-01
3.043749518719230870e-02,5.515930838069939670e-04
3.452272017176989671e-02,3.098910652630459950e-02
3.152801711257496170e-02,5.149640710579601183e-02
1.463086637054999105e-02,1.571248405463509146e-04
5.945055675679173507e-02,1.801972534806499660e-01
1.611096061440158989e-01,1.511946966964714256e-01
3.121557409502263847e-02,6.991447083952339464e-03
7.016659015679239664e-01,6.811650915752550661e-01
1.010976970171877654e-01,1.077809372122324055e-01
1.005605705642024783e-01,3.108931165617661099e-02
4.523492241757733068e-02,4.519115400817225875e-02
1.303000023178138220e-02,1.244320473531474076e-02
2.641268032036433455e-01,3.616067322303837539e-01
1.721855496064983448e-01,1.610203450477391829e-01
4.128835359895971502e-02,4.476782223626490920e-02
3.166253240894862514e-02,5.938223179844353411e-02
2.101731843784166581e-02,1.748157576103728239e-01
1.667042278822306858e-04,9.213025780155478101e-03
3.597437634031390441e-02,6.178606189340589763e-03
3.122286295346317440e-03,3.579446263336719114e-02
1.501943798649676108e-02,6.033680089693278098e-02
2.012550225307064081e-02,6.163612197277602844e-03
4.344275436632198673e-02,1.835829092333967488e-02
1.346021692288761062e-01,1.182222916625405296e-01
6.888782308579572897e-04,5.770200200239809611e-03
5.222376445673242856e-02,1.153267786193003068e-02
2.265464167121152561e-01,2.198928640190945250e-01
4.663441729761347299e-02,4.190341370975487340e-02
1.000730589498828038e-01,1.445453685414787581e-01
2.879576603308448782e-03,3.526642524657563893e-02
4.780499844585304331e-02,5.839494814148257079e-02
2.149095795796114247e-02,4.915532248139887345e-02
6.685361765043557059e-02,8.790608494578786014e-02
3.444748501083556014e-01,1.669519671461685284e-01
5.045301804040419613e-02,1.254409322459544840e-01
2.201565576918365630e-02,6.729723015500560512e-02
3.863503242433150714e-02,1.438607234993044826e-01
6.055284311070161657e-02,7.052687254065106819e-03
2.550869396870543773e-02,6.463728403933291511e-02
1.160059101327100967e-03,4.386703411754106982e-03
3.464472989200829967e-02,6.316586895960650538e-02
4.963969632154703951e-03,7.014360668441538098e-03
3.512866217819865522e-02,1.555709758202817976e-02
3.928419182853037234e-02,5.961035880388309421e-02
1.401353266882983221e-02,6.954630075015607281e-03
2.617551000426014685e-02,1.901059749691405608e-03
1.055721488266847530e-01,1.833435052669776522e-01
1.378349943139682288e-01,1.544491093249260039e-01
2.462999047675384356e-01,6.233124560386736623e-02
1.234940534534234580e-01,1.000112079894104056e-01
1.197527045139867852e-01,1.030332277122276569e-01
3.203327121479795231e-02,2.748614035538174058e-02
1.475029494824054432e-01,1.180068215039956486e-01
3.144313848469882516e-02,4.792184355311575328e-02
5.660086606888841548e-02,6.528601553645099753e-02
2.134564449478618467e-02,4.435140376958288111e-02
6.073267451690525943e-04,2.941790290777172509e-02
2.413555823883030416e-01,2.912403487588559603e-01
9.577562672583368741e-02,2.171023695242359219e-01
1.638350899448068115e-03,2.868337754163014365e-05
2.536163331339166509e-05,1.215600896650778986e-02
1.603619546502883016e-03,3.693819727192401768e-04
3.527492240904552077e-03,2.799345822466466148e-06
1.664485093301276142e-01,1.265564934988026025e-01
1.642091968046098180e-02,3.971753379022809963e-06
1.625776010631283519e-01,1.906033747345395879e-01
1.199105765797745249e-01,4.954750372599947550e-02
9.819671984071800044e-03,6.933183101323201446e-03
2.907504300987228622e-03,3.899249976355652347e-02
7.649004383477032709e-01,6.504280356699934096e-01
2.426306194875279751e-02,8.487528985900610543e-03
5.925492210021517624e-03,7.285467663983600205e-03
6.465567365134434752e-01,6.124373558659073069e-01
2.239966676473935658e-01,2.245504189632229752e-01
3.297015271704157313e-01,2.160668353471106029e-01
1.907971794199529170e-01,1.493221808038903697e-01
1.053631706965316023e-01,2.161416250279949922e-02
2.399164592749016174e-03,1.059441340444497188e-03
2.790877076508674337e-01,2.616603926924893075e-01
2.196827546229161883e-03,4.327601681419657609e-04
9.688186746959225049e-03,6.718851396247016612e-03
1.999770556843765909e-02,9.191580823579317133e-03
1.349198092633720758e-01,5.145910719709784198e-02
7.856709207474743550e-02,1.314864136218523438e-01
1.088453493298499435e-02,7.545501105218103358e-04
1.689903323797495305e-01,1.319313824399099278e-01
5.804673940915672410e-03,3.977073916099091791e-03
6.782651263119278406e-02,6.906353031809278620e-02
1.093877145964836650e-01,3.982344406953080423e-02
1.567689995133262140e-02,4.896975528027796426e-02
1.011779306730118712e-03,2.924923859772761078e-03
2.681848556557241969e-01,3.175597574935198342e-01
8.629089952853369327e-02,7.825161022001905775e-02
8.575191900760174846e-02,5.064006254614750874e-02
1.560447149265241085e-01,1.298587281734835119e-01
2.022630387511241967e-01,1.864446716177363683e-01
3.237164311884879742e-03,3.955514432203741798e-03
3.403757409061957673e-01,4.802811662101382773e-01
2.543777015877299666e-02,1.065144630446835695e-02
1.154769564492542488e-03,1.879945363735232525e-03
1.357855512546774224e-01,2.071387497063666705e-01
3.699942848582402164e-03,4.040016893520514962e-02
2.519973136635821612e-05,2.028531819140837536e-02
6.503828902344024332e-01,5.945785518427997296e-01
5.170918713353322982e-01,4.724348053610712417e-01
1.190506586826418217e-02,1.437883314352983444e-02
1.945009851874375806e-01,2.475042076521369039e-01
4.687871430416015034e-03,3.454343594304931566e-03
1.615689471591013338e-01,1.724919736911310342e-01
1.975572445645725483e-01,1.886953861675921551e-01
2.615237545219335491e-01,3.281328610285818570e-01
2.098695371279142661e-03,3.456547016941161066e-03
8.714179944475718143e-02,7.394318359121158923e-02
4.396971823115490563e-02,3.802349548539914886e-02
1.088597891493516545e-01,1.100275418169302660e-01
1.129600503311476434e+00,1.754711740039572865e+00
3.833752354966892678e-02,9.140642241199542495e-02
1.034075329670768317e-01,9.927353282941166202e-02
2.534233449872407701e-02,6.947205706038704631e-03
3.108884426772908806e-03,2.370945330490830962e-06
1.325459275854070640e-01,2.004908117611591684e-02
9.647062556768205843e-02,1.434948951205267942e-01
1.454640603644161700e-01,5.744604370333161042e-02
1.670719406662580760e-03,1.844325031623367185e-04
4.522187963587818147e-04,6.808059602491983373e-04
5.076518042938282793e-02,1.864340566276332517e-02
6.732907335170201270e-04,1.768505455703121365e-03
2.554409500570118882e-03,1.112421857513296421e-03
5.660685511551005050e-03,4.912231082598127532e-03
1.682171326941989857e-03,3.055614282847749462e-03
8.664277943280673799e-02,4.858450883100220302e-02
4.524235957449505852e-02,1.700976861410594468e-02
1.145337022470555299e-01,5.844629288741845508e-02
3.391355726808650273e-01,3.115343338058149114e-01
1.277527662236007666e-01,5.599605432836301383e-02
1.241066441159057940e-03,4.278253996191557634e-02
2.214942103921939409e-01,2.413141440621829059e-01
1.371623973733153770e-04,9.507245751622046609e-04
2.131684807125998060e-01,9.374472353494540944e-02
3.456690439834272932e-02,3.591236187812413272e-02
1.719849159026093366e-02,9.470860519309049971e-03
1.834926714295683770e-01,2.365286528403926225e-01
7.570822574620732562e-03,1.057194060416585162e-04
1.140947378706460014e-01,2.167336224247702614e-01
3.115259350888355695e-03,4.515565337098842794e-03
4.505159191823986716e-04,1.465278099362391298e-02
3.572271299425789327e-06,9.734676154631560210e-04
1.022660680633846880e-01,1.279003834051220014e-02
1.503192265373292855e-02,5.316633594824042748e-03
1.266358289139501436e-01,1.056105271947776758e-01
4.125602716050275759e-02,2.885994312352923100e-02
6.207050992781736332e-01,4.274679042120673178e-01
5.539677980787222067e-02,2.797823834771659759e-02
2.978482913506651231e-02,4.053721871629770157e-02
1.848636330409061945e-03,6.549347678620268121e-02
4.127054965390209995e-01,2.784868123614415159e-01
3.021813596541014432e-03,4.447183509121634820e-02
5.806235130636744346e-02,2.132191380171141043e-02
1.972843815266388801e-01,9.649215819618373047e-02
3.583917160765147381e-02,3.325029896830764692e-02
7.260449557393761078e-02,1.637737606395213708e-01
2.483375582600779730e-01,2.131780536266544568e-01
2.825623560325901673e-01,2.569789398344037301e-01
1.455848670392844157e-01,2.025286976538717143e-01
1.720390815041641652e-01,1.453163784075831577e-01
1.183741985398068380e-01,3.363779284938833714e-02
6.664257110535951045e-02,1.198359422906238175e-01
4.506879193988210658e-02,8.475527168759097729e-02
4.981403859337025283e-04,4.614978345415545607e-03
2.093770124469581176e-02,2.110419325763375140e-02
1.492741668762745944e-01,1.772761760800754538e-01
1.322081423896942498e-01,1.533267542376352266e-01
1.925679226560860153e-03,2.481981424790823034e-03
7.658754032387692610e-03,4.651267727324731745e-04
4.350277177773978488e-02,2.944484668024404186e-02
3.120979768966422041e-01,3.248382432842527590e-01
2.038142564949096784e-03,1.211373024263858941e-02
1.952451418460909027e-01,1.448828003538803200e-01
4.566583894898982449e-02,3.905506263768297737e-02
3.213104775452703121e-01,1.696008040977569631e-01
2.720076094126034748e-03,1.566623828612985839e-02
2.421040692229497748e-01,4.538785479390495814e-01
4.607197613426514821e-02,1.038240730381564947e-02
2.456305086599786663e-02,2.417448967725343081e-02
9.795037052886258587e-06,6.963310910331239542e-03
2.702780098853405644e-01,2.629292913074374738e-01
4.225330875573890532e-03,5.837329277347507589e-02
1.223737905941607168e-01,7.571408090685372017e-02
5.611746057072479477e-02,5.282104346008963114e-02
1.765822184425618448e-03,3.758051096997520792e-03
2.369256860279893989e-02,8.764265915425190978e-04
7.134654027777812858e-03,1.613138559621766013e-02
1.123263785762530359e-01,2.128338258953940965e-01
7.031065422412018096e-03,4.155164159256054257e-02
3.297381643968869125e-01,4.696880904418966884e-01
1.726682359314364312e-01,2.396384672723068376e-01
2.672957939504974623e-01,2.810623707079088485e-01
1.079140621548117102e-01,4.771596787419887797e-02
1.941343118899872267e-01,1.888366702210700909e-01
9.706657186324313402e-02,1.718063193976752945e-01
1.606316577988390337e-01,1.879696067285703265e-01
2.369535687751155723e-02,5.317740367309004880e-03
2.614500580353468218e-01,1.670436347620610773e-01
9.161293109434165416e-01,5.918508090788998643e-01
5.061708938645361616e-02,8.157520552816084625e-02
5.442247402347310734e-03,2.638759355692291879e-04
7.657394321619113270e-05,7.315186348962494749e-03
9.674898261424105805e-02,1.427499237644604957e-01
1.013193822291085650e-02,5.904069094159773365e-03
4.776104135485735591e-02,7.948193766461400522e-02
1.319759841514493159e-01,9.906369681123690374e-02
1.409545939033569201e-02,1.926469124049132176e-02
4.389933010461166164e-03,2.209606991737492546e-02
8.568784385270571818e-03,1.149654780514639159e-02
4.208737660027712241e-02,1.151852763010407787e-01
4.556179499631037716e-02,5.932691604362552024e-02
1.288459864766126027e-02,1.494809651640382347e-02
6.777403014856484302e-05,4.702111511259110706e-03
5.632999260900999235e-03,4.939112903975601465e-04
7.575930003652092681e-01,1.033000910636164837e+00
9.879001769762280061e-02,5.013478202163609843e-02
4.970185070500446854e-03,9.815766322085589177e-03
6.502015488917868569e-02,5.430759613125886454e-02
4.968848374475368090e-01,4.670626289442409429e-01
5.287670139423789745e-02,9.230340302156764265e-02
1.425373834965635023e-01,1.934390291247105043e-01
8.406590560373164780e-03,1.036046074342070579e-03
6.300492764452058497e-04,8.870313136894316525e-03
6.396324604412301782e-04,4.100776888870534889e-03
2.562654134013197822e-04,9.132846720119729492e-03
2.868300909328384829e-02,9.774649557128008495e-03
4.412196576868186726e-02,7.882187825290007388e-02
1.584079750148982557e-01,2.643726409229981700e-01
9.338682899710536167e-03,1.180364319448497104e-03
3.825723278454583320e-02,3.888133731874111182e-02
1.019045477734706606e-01,6.237144679739686087e-02
5.613623643548977249e-01,8.104770431286656418e-01
2.152575785852697821e-02,2.899998415168840264e-03
3.129326112844481138e-03,4.840701761071972142e-02
1.623205872571737221e-02,1.561146008127496795e-04
6.117731151237251058e-02,5.144173515368419269e-02
4.900964081862874827e-03,1.860120959010268596e-02
7.836501188055759737e-02,6.245134116414562814e-02
2.300813125174850857e-02,6.797147285568339026e-02
3.143040417711230605e-02,6.956287485529490111e-02
3.605636706619573806e-01,4.273641010370629045e-01
7.394031827352332172e-03,6.650003202291534903e-03
1.953090492778959686e-01,2.079882781182652574e-01
7.479121234658387372e-03,2.212211884280024937e-02
1.094463341742846901e-02,3.928863206648161577e-03
1.613947874891691892e-01,3.007930442566847939e-01
3.708468559836067963e-02,4.211158889348344536e-02
4.752378698166874845e-06,5.750398352816564473e-03
1.753372172739935675e-01,1.092254190069492509e-01
1.777610275412608298e-03,2.532629423539321887e-03
8.925877010421728874e-02,7.002110979910006194e-02
4.085615942220603009e-02,1.438092937116491332e-01
1.053491322773365422e-04,1.451365528431332796e-03
3.706640759360960077e-05,1.456837153144568443e-02
4.673982088428581955e-02,1.400766661018673920e-01
7.458352755959447855e-02,6.513374696400373032e-02
3.973127101413460593e-01,5.276823923298135099e-01
2.311742893565561438e-02,6.376667768710056472e-02
2.164940497582211465e-02,4.081420888526374885e-02
4.032334875574741240e-01,4.863126008798903110e-01
1.227676049744066099e-02,7.812674689546739160e-02
1.107204354765081201e-02,3.189523224476401540e-04
2.819597064232564222e-03,6.900067620102185925e-03
3.818012224630245905e-04,5.345021909758347708e-09
1.552579463498010848e-01,5.685142039405260972e-02
2.134236006794470661e-02,9.243510354967081691e-03
1.128275473613045031e-03,5.217898069552277807e-02
1.075459527005465654e-01,2.094888039107185851e-01
6.245143271174891791e-02,2.780454896367403478e-02
2.380717263290036689e-01,1.814387166823184239e-01
2.528871674210346199e-01,2.940909680165646467e-01
1.647569302012047154e-01,1.569202901614580870e-01
2.021848699328193388e-01,5.056822291596725638e-02
6.287486043544456005e-02,5.524892286728827484e-02
3.091885379497972403e-02,4.341265673921580748e-02
5.445346791772743720e-04,3.253180568261657829e-02
1.058849289124920157e+00,1.254201087561754191e+00
1.194802378437725791e-02,7.125657282593646918e-03
1.934738283153363198e-04,3.039088866171355680e-03
1.340800301363682667e-01,1.814575950301093588e-01
1.552952169004430949e-01,2.010172842656935688e-01
1.040907204734480423e-01,1.266222513783611392e-01
3.329009094900896581e-01,2.379773806236118450e-01
1.240785241897171716e-02,3.506045392508449349e-02
1.825216754357177340e-01,2.770355135505248034e-01
8.330280138723321348e-02,4.587625351604204121e-02
9.948997641579444828e-02,8.001158429360397117e-02
1.663260469798813757e-01,2.160780854543345175e-01
8.301560971207326556e-02,5.330559329456929785e-02
8.128133004258944472e-02,1.290749940299755760e-01
1.526494046176912756e-01,4.061754405537956053e-02
9.252498799452404943e-02,1.239128069129354637e-01
2.864805381856730393e-01,3.530999021828285511e-01
1.379744398087729730e-02,1.911024053032978412e-02
1.641047170412694017e-02,1.224843048088433521e-02
2.024513581298672746e-02,4.122697742814741828e-02
1.375065940093338213e-02,4.411749040161303675e-02
7.741059753933187126e-01,6.254126171710664428e-01
6.856950466689444796e-04,1.889079440946259009e-05
4.021555566538524625e-05,3.893229358663916496e-03
1.548199083585947121e-02,1.694220309647187159e-02
5.833114472816684597e-03,8.588687312964037729e-03
1.406821801225016828e-03,1.809297180786661650e-04
3.704981819032464319e-02,3.854612656301935336e-02
4.521077379494536572e-03,3.062674760359159788e-03
7.456197254063565150e-02,7.108644074685989411e-02
4.951861695552421672e-02,3.476111271872757424e-02
2.946335968559358337e-02,4.109533391849067713e-02
5.658477248258706599e-02,8.001081127615064514e-02
1.861695420557537770e-02,3.431265007572210229e-02
1.341296957707120360e-02,2.468625100007455558e-04
4.388639593774828519e-03,7.125630353734488680e-05
7.921819716871120084e-06,1.094146657992240909e-02
9.532956610174667111e-02,1.506551934851116936e-01
3.846470314745840252e-02,9.268086397819809408e-05
1.437347682630750467e-02,5.180931913775183029e-02
1.409494323516002623e-01,8.765539977849003128e-02
2.014925056531952086e-02,7.516581084894147224e-02
1.638779541807300344e-01,1.610242866652302485e-01
1.154145609798583154e-02,2.698472245813707867e-03
5.408846638782111027e-02,1.299253513936061977e-01
1.482282835706182911e-01,5.211025209270778863e-02
1.290671382678918767e-02,1.023290703360499147e-02
2.940399060705534695e-01,4.300408246848506644e-01
5.900914769411197414e-02,4.697231423243040938e-02
4.345613946989983407e-05,1.312298735793801909e-03
7.166317173090998271e-06,6.335293593089749058e-04
5.975030326663143682e-02,2.236183579375647032e-02
1.536082479818172246e-02,5.860097359884455792e-02
1.107237487355570288e-01,7.722803115747253755e-02
1.587275903249042480e-04,6.443633906857183791e-04
7.504701038615661790e-03,1.500497117614906471e-04
6.345819720945037982e-03,4.835223851846539959e-03
3.411293254989798077e-03,1.735493606958186594e-02
8.224940132553823502e-02,1.570322436151956047e-01
1.067886161915801782e-02,5.143111757972863851e-03
7.111884907394475271e-03,2.369564586014762109e-03
2.630286177706621098e-01,2.819668969397604585e-01
1.472423471356379410e-01,1.185821825854540545e-01
9.202421508790357974e-02,1.096712685784109881e-01
8.122547619385986351e-02,1.810175018985110684e-01
2.687282587406436205e-02,1.837819217121538715e-02
1.485980245583242432e-01,8.473799626303564481e-02
1.703079674727886461e-02,2.652952586094268692e-04
3.447316418243145386e-01,5.530221914723354448e-01
1.098214161688893381e-01,1.216663669876186238e-01
8.059781328684522978e-04,1.711482956068504854e-02
3.650344365829112370e-01,6.333892538344324530e-01
2.500942567502341674e-01,1.505352880465430920e-01
4.887791580747782860e-02,3.944107984914868581e-02
4.497839566284640711e-02,2.585661322463021425e-02
2.120185834061406038e-01,2.978893286483654257e-01
1.351734002361451026e-01,1.051331412445732638e-01
2.301769868654385959e-02,3.676191130196850010e-02
1.159447280894079779e-01,7.819273467220955176e-02
1.714648455530883454e-03,7.666064742614401607e-03
8.747076847097237304e-03,4.900417121980269429e-03
8.377604834422389124e-03,3.550517452138467894e-02
1.362774895592407977e-02,2.762128208154232545e-02
3.483098155396863738e-01,2.983549356568406807e-01
1.242804451688068745e-01,1.039522717586893186e-01
3.783873593348648923e-01,2.449320116097507272e-01
3.248594824659611913e-02,2.074851474641707265e-05
9.246915476815345536e-02,1.991831237899683582e-01
1.205459677107195487e-03,8.850524311614247014e-04
1.668991367226318190e-01,1.488255468795478820e-01
3.557292452580803482e-02,3.283869222939041817e-03
1.040768340608767967e-01,1.559686859374190548e-01
1.105312673300879039e-01,1.260347013375310021e-01
3.733946186684618945e-02,2.475603971595237776e-02
2.816468893383843822e-03,9.680380625790399596e-02
2.140244612522226864e-03,2.450391074411813631e-03
1.868606520765258086e-02,3.405929662507739130e-04
2.536716830088063881e-02,1.128201412343203883e-02
2.723352589119623635e-01,5.810562512095882592e-01
4.638440988264478683e-03,4.694199970597401350e-02
9.745153519198575948e-03,1.343740869491680950e-02
1.363408943071512010e-02,1.508903514875240860e-02
3.597805683679260267e-03,2.316293206897438242e-02
2.610052680619250332e-01,4.752283412849343525e-01
1.760953956760092851e-02,3.648603141472472194e-02
7.230926603822224186e-02,2.671258395702945029e-02
8.046090007113204656e-02,9.717695340174020702e-02
8.409676562312642933e-02,1.441978280696915027e-01
1.378470543901539849e-05,1.480006948503006028e-02
1.327928540634485712e-02,5.856347357335057839e-03
7.576217276066204986e-02,7.496720714761691273e-02
1.036308250305091605e-01,1.206782809655723848e-01
4.187282743829589399e-02,4.129399373397866363e-02
9.740345261622596063e-02,1.100748748160515211e-01
1.468592237725295235e-01,2.406192652880193295e-01
1.060517836916485520e-03,1.289566618840033924e-03
1.249565207862810955e-03,2.038813115650460559e-03
2.813906903855723993e-02,5.269298584839343658e-02
2.409386018483544167e-01,2.359832060949923205e-01
6.746457422211079441e-03,1.651511270798365323e-03
1.765133935626389816e-01,1.650695875204184482e-01
6.446815155835151044e-03,2.902550975728668270e-03
8.482525082779579506e-01,8.628139626809155915e-01
4.386311853275887129e-01,4.374536538915727579e-01
1.851705578502217675e-02,7.726500897177385196e-03
1.330265299629297248e-03,3.538239908618203127e-03
6.039885726430922752e-02,6.751258011444072338e-02
1.504756646490434668e-01,1.326143016528898155e-01
2.479747565828281097e-01,1.396482462045771089e-01
6.834398958136242213e-04,1.213545107206736445e-02
4.147002997479954933e-01,4.067998036626935821e-01
1.004445817692544984e-01,6.529805467554075649e-02
7.846995553507507548e-02,2.117811613867466580e-02
4.704483281505648408e-03,2.824511168087318405e-02
3.825097061358903594e-02,3.312728281746363246e-02
2.326469168677081784e-02,2.976482917208976217e-02
1.891217679738909085e-01,2.427131871795633611e-01
2.606862148955642056e-01,1.826464512387866446e-01
7.016842894882599491e-02,1.957594084015888969e-01
1.452534574872227369e-01,2.215586543795217689e-01
2.708218388015348060e-02,1.111256374925263078e-05
6.725848288297024691e-02,7.324186629331236320e-02
3.651797945097599862e-02,3.961895396138529965e-03
3.237984515322106516e-02,2.587929746073791559e-02
2.064820052240834702e-01,2.255105885498448204e-01
3.673213267206962285e-01,2.948898926439268431e-01
4.016299257549787381e-05,1.598476665234517795e-03
2.327173851691547932e-02,1.698931353241257824e-02
8.824509848948115494e-04,2.396266689230852273e-03
3.126488330933235166e-02,1.114084191252231494e-02
5.842672064891094030e-02,6.954037985921945886e-02
1.806986813709512418e-01,2.965875766998603003e-01
1.353808335443736910e-01,8.410690845059626275e-02
6.355506934881045844e-02,2.240804545995783714e-02
3.693739200861494987e-01,2.812126301204099232e-01
9.424207160453938747e-02,1.616266598248129460e-01
6.556183182405922981e-03,3.762320709083992465e-02
5.315479732674974755e-01,5.370352041773880369e-01
1.433156754043140302e-01,1.849864088105692972e-01
1.203261376355322862e-02,1.415005280717335570e-02
2.105301123135528418e-01,2.119432870765597388e-01
6.330423844643001327e-04,5.999932120396829580e-04
1.517878445492428820e-02,9.030682778594043003e-02
5.969650110285318334e-01,7.935116577729459664e-01
5.675849421766894221e-01,5.757696161833694148e-01
3.438136305142028021e-03,1.812231672045290596e-03
2.092601005254439983e-01,9.684064745050793843e-02
2.177818563332027391e-01,3.769934317387034772e-01
2.010833104184719185e-04,1.503245296018876007e-02
6.383633960520221362e-02,2.995563048497116090e-02
7.015875755439471284e-02,3.968682934815804392e-02
2.272671071159612644e-01,2.445582257131743431e-01
7.479388007778275949e-02,9.921178826468407541e-02
1.738857592090246179e-02,6.101434468866868271e-03
4.095192705606744143e-03,7.674613541231310038e-03
5.000354559729821569e-01,7.399699951230112038e-01
2.947226602213477362e-02,3.117271148397395344e-02
1.033421180924729010e-01,1.668585804022126862e-01
9.527208043743419161e-03,3.600189825847164432e-02
7.256866830368329489e-03,9.858096892251535463e-04
2.748676214724062733e-02,1.532892693110534180e-02
8.284809442714348438e-02,9.563163276239375343e-02
9.030635601980492588e-02,1.844009478017911152e-01
3.514205811516660574e-03,1.400256350364163620e-02
5.554694002327820873e-04,6.754140477640514437e-03
1.186250023122641106e-02,1.541539951948405623e-02
7.432203744507447085e-02,1.357375399397408103e-02
1.343393786986052212e-02,1.427035468901713226e-02
2.814973030843319346e-03,3.809797012509591203e-03
3.728304996946348038e-02,5.466388562388639627e-02
8.190956636598858975e-02,1.351918622255091351e-01
4.828815259594642639e-01,3.901964158989169595e-01
6.281527287756560884e-02,6.973978553994243657e-02
1.838072821772485099e-01,2.632682162225035150e-01
1.391756818867007084e-01,1.911788265782819463e-01
1.995826527314366883e-01,2.513864429797317834e-01
1.891500819075846163e-02,2.527136015440102461e-03
4.476843301822142768e-02,6.283585391459310665e-02
7.491989291017928099e-02,2.573434787518115718e-01
2.171329254551960380e-02,1.117093050223611980e-02
7.163355252711175276e-04,9.184963293493761394e-03
1.995103210618617839e-01,2.204434569303148628e-01
1.773095765602581420e-01,3.009073220629026602e-01
1.285499696417934379e-01,9.952460251637584854e-02
6.293394138356349365e-02,1.649309079792300459e-01
5.828160528551039506e-03,9.682964518536090002e-04
7.948394675979753021e-02,1.231577789464823325e-01
1.102917252074470285e-02,1.581450647758779818e-02
6.451960892210630016e-02,8.945467295269937669e-02
1.641374541866943211e-04,1.204717893962576171e-03
1.177486676770896253e-02,3.966485302199691115e-02
1.050314515712604119e-01,1.186167192544448634e-01
2.975027415093045319e-04,1.442392258868002014e-02
4.616883601661566500e-02,3.629179624932586667e-02
2.674534318469775074e-01,3.463243025875725745e-01
3.970777297449354371e-02,2.130525004829284409e-03
2.821877589985243365e-02,4.152961234496840848e-02
5.003624713411946451e-02,4.260225637734066373e-02
2.553292478797526688e-02,1.041714014181911556e-02
1.494086878198066237e-01,1.097097839145418641e-01
1.798304781929097595e-01,1.403713237987684048e-01
2.918284767198287555e-01,4.097576565931559389e-01
1.320925508737968476e-06,4.916866480772558688e-03
8.081141933172391809e-03,4.012546666203403397e-04
1.192674151443781916e-01,8.561877484869440114e-02
5.816894077863189608e-04,1.174934613640974020e-02
6.787572855274542905e-02,1.187170727575762030e-01
1.570058853691316250e-04,3.021435536958324772e-02
6.248194808411172696e-01,7.763572258799033010e-01
1.984434707875921133e-01,9.652416061231201827e-02
7.724233473195259159e-02,1.019712543264000015e-01
1.736937057018868857e-01,2.290399295441880034e-01
7.910746528805845390e-02,1.125729802472066193e-01
1.732166539387717807e-01,2.850883785366754575e-01
4.562967443899967890e-02,4.748425486476014895e-02
3.349018953810488104e-03,4.583566748697425418e-04
7.878501386586309399e-03,8.852460190785551566e-04
2.250811523072362430e-01,2.253882185272450545e-01
2.144054798063874112e-02,1.464467654590269514e-02
2.690683756089318757e-01,3.002069602162779072e-01
8.742088692970842456e-02,3.213988644534653688e-02
1.923776012891867046e-02,7.349837269187358725e-03
3.798247951427727656e-04,6.245083340406730035e-07
8.443533072201422907e-02,2.184589789924933426e-02
2.927926300866612319e-01,4.221021201010352053e-01
8.166007928796887791e-03,3.345419117867498397e-03
1.939714191230525187e-01,2.165529271602261996e-01
1.279456372714567192e-02,1.500557046064724884e-02
7.551136340945747982e-02,2.301157630471642734e-01
3.955848603060971302e-02,9.511844468687459531e-02
3.738438177031360721e-01,4.354721508858713785e-01
6.406381660116433618e-01,7.856485120643881270e-01
5.931889827344415111e-02,8.596843763390538129e-03
5.495726013178926089e-02,6.210195294778329822e-02
1.032998890447944362e-03,1.915921984076105226e-03
1.305028055068248871e-01,2.469356524608933012e-01
1.133671511296880513e-01,1.226911029594022762e-01
1.217000687120509128e-01,1.446787308333577216e-01
5.592648568716973578e-01,3.263538844263436101e-01
1.595030389396506765e-02,8.165844433295686017e-03
3.609372910541894242e-02,6.434401476511357465e-02
1.482356250012300744e-02,3.750037799434574604e-02
1.194116945827227751e-02,9.365710876209770719e-04
5.226527507350482438e-01,4.940468564212045499e-01
9.133193840944930919e-02,2.720272008576628542e-01
2.362157551484038648e-04,7.687043686971851324e-04
6.084443435314138698e-02,7.774692406991906037e-03
1.208976153429987266e-01,9.920919208156429858e-02
7.528265072051947004e-02,2.050000905022979214e-01
1.576150859129940296e-01,1.638151160826780972e-01
9.982517446273328487e-02,1.366721441911518953e-01
2.174037852425839308e-03,1.868820850771793821e-04
6.485322233431167760e-01,8.250927080327100649e-01
1.964858400145553796e-01,4.322336993715687470e-01
4.423195535317419182e-04,3.180630512508393626e-03
4.825897545509818740e-03,1.520254822949156093e-02
3.429265186472461868e-02,5.435753154084806832e-02
3.876568701903778530e-03,1.271079622889724307e-02
1.224839421310808807e-01,2.248185341237067536e-01
2.178849669652835053e-01,1.504631079721859555e-01
8.092995534664582102e-02,7.108507970972943735e-02
5.091370410288796611e-02,5.630034220718502930e-02
1.430631777504666469e-01,1.375951899112795862e-01
3.735597477697769619e-01,4.161823265898663693e-01
1.261991168864658001e-02,8.318756736862460699e-02
1.920172498393864502e-01,1.475514088653231970e-01
1.330177753807005037e-01,6.727323946413982236e-02
3.954198986053580889e-01,4.611983537267445032e-01
2.482813156912137202e-04,7.865280352736755271e-03
1.425795637187588817e-02,7.275955347439838627e-02
2.356082320529705454e-01,3.423310524920278874e-01
2.339231384218132346e-03,3.906388300050161154e-03
1.441017113216614964e-01,1.754470345738916859e-01
2.402246228802464023e-01,3.095955809440953943e-01
2.419393619073611224e-01,3.831155893995658035e-01
8.667379511179081064e-03,2.289618415258127399e-02
3.369881183808855641e-03,2.067222177954694887e-02
2.564056332902190927e-01,3.412607330408895523e-01
5.693691860457320703e-03,2.166782338926576384e-03
3.150558615853093353e-02,1.870803510632130032e-02
2.271995053031981154e-02,4.025047966005350711e-03
1.523627108754531667e-01,1.453810135567693840e-01
1.439597385109269712e-01,1.007165628361517129e-01
4.519120796783513902e-03,2.654016100587532415e-02
2.764602222192755199e-02,7.252143337648091215e-02
2.185944352431073903e-03,2.051544703540968129e-02
2.123085030041188814e-01,1.238370193520182960e-01
9.676992010247620346e-02,6.902372789502005113e-02
7.383351336558444111e-02,6.899444574607954683e-02
3.409301613494923888e-01,3.007772578331173730e-01
6.382842731950099117e-05,1.171174216518709559e-02
8.109433520027467535e-02,6.090210281283240518e-02
1.348429366534072693e-01,1.642956543587414664e-01
6.397805783943059238e-04,5.360109053609437256e-03
7.827149282427331434e-02,9.445711891380723438e-03
1.648175617926424530e-01,1.531247428862232418e-01
2.072756492300025302e-02,1.075899791930756688e-02
2.315143832394339629e-02,5.466041800543270518e-02
4.360433935684544793e-02,8.547213867241366947e-02
4.759910176424027306e-02,8.595293586553477694e-02
7.734747870662938597e-03,4.087181344611846151e-02
2.959736872989569511e-05,1.762932385141719772e-03
9.443350221600387284e-01,9.600159849766041198e-01
4.589060907250110122e-02,1.650744302016288537e-02
3.077861371579704297e-02,1.235664288143582638e-02
8.819272815885316474e-02,6.262040858699295665e-02
9.698930359239316124e-02,1.108716175193369402e-01
2.102018681856705063e-06,1.093599124958859669e-03
4.087701967019860436e-05,2.916103972001346523e-02
3.532341121158330804e-03,5.440324722593203877e-03
7.997811400841360607e-03,6.037501790683708416e-03
6.601852052759708822e-02,7.654412319008445376e-02
1.078296966588419836e-01,1.673178326752319811e-01
1.142843373232131296e-02,4.408099655811376777e-02
7.883038805882693068e-02,6.751409716194523014e-02
5.362575206537514155e-03,4.289233205198209921e-03
1.071081781566826929e-01,6.968896997072250576e-02
2.557598696206995342e-02,1.714661289432923424e-02
7.355264492533150622e-02,4.300695796090103773e-02
9.311638224074501868e-02,8.168254998496014829e-02
1.304219432180477945e-03,7.858038370511541068e-03
5.557148138741564497e-04,3.350291308398624813e-03
3.442666580822875133e-01,5.075455508747083178e-01
3.193955785234713074e-02,3.292538088125657181e-02
9.027417237393582650e-02,1.510842285651057548e-01
8.569853921403770836e-02,7.248943983440669925e-02
1.234735422788860691e-02,1.379502027616381736e-04
3.951361407662492761e-03,2.561720681908134963e-03
2.382432241954611160e-02,2.521685012833095769e-03
1.087401608556907984e-02,1.062078626546915198e-02
2.626181009488263909e-03,1.429086464979760192e-03
1.473955087803374350e-02,5.531755121323123081e-02
1.520227165326643731e-02,9.128573475078369942e-03
1.575524810914789853e-01,2.277831856235184305e-01
5.260755980398838273e-03,1.656210865366866247e-03
1.581216957817393742e-01,1.176626843123757954e-01
2.667469714379975317e-03,5.659057789845363916e-03
4.966009601697264240e-04,2.119323001450058516e-02
1.436158560098963477e-01,1.586560854501530282e-01
5.173656389488918116e-03,1.990891336607665139e-04
9.267199195563907699e-02,9.790977682750906519e-02
9.302428324983089136e-02,1.242398182183232780e-01
9.617754086553041704e-02,5.545062365697130818e-02
4.691801250013165336e-02,2.573844278046591091e-02
2.084298833292615866e-02,1.213615765069439231e-02
5.103096042495815915e-02,2.050721187737089904e-02
1.931686027227276850e-02,3.763301859883416006e-02
2.502012931157575684e-02,1.855156689670293957e-02
1.040192956276612402e-01,9.926584825515036292e-02
1.089493039756128101e-01,1.081363368990241602e-01
3.333973602440434836e-01,4.583190933892609120e-01
2.193490906015044609e-02,4.036452068943399002e-03
6.200810489240646262e-02,1.726735799346213254e-02
3.303742190598699668e-01,1.436900475286606582e-01
8.113393770327999299e-02,1.615839214634526011e-01
4.394245979308892408e-02,5.974387786690750490e-02
3.531881817204579610e-01,2.810864583801953587e-01
1.838022193177583363e-01,1.432300966176632273e-01
5.731285324027213246e-01,4.747812017751022462e-01
3.603382430711619608e-03,2.047570070286670527e-02
5.471805852121649171e-05,6.018181456873514940e-02
3.285145546344073186e-02,4.568169458824428847e-02
2.463746662729965689e-02,8.185673918862738929e-02
3.432437405808187042e-02,3.667481598652440333e-02
1.434645905929405330e-01,8.256082293009395223e-02
6.513839754074780830e-02,1.147004395485836242e-01
9.122203588088109716e-02,9.351364809806830825e-02
9.952452460492772213e-02,3.090821940607120788e-01
1.115337017191985261e-02,1.444094453860336573e-02
1.331459742590633544e-02,1.255084008155832875e-01
1.070189539786946600e-02,1.115611506616759167e-02
1.182942375917913486e-01,1.400732544200987140e-01
7.317828943443383492e-03,1.145956154056865933e-02
1.595692036001544528e-03,9.594003306849997054e-03
1.558078953960438488e-02,5.706414665453534221e-03
1.933200144691573329e-03,8.639560346199138489e-05
1.489893905194089596e-02,4.767930939457587925e-05
4.009139097177970290e-02,9.560796599993157466e-03
2.652840873094924889e-01,2.075986411044009605e-01
5.593955822256428678e-02,6.841239876673305131e-02
1.413906666795108208e-03,1.370813227592829198e-02
1.354766486480594480e-02,3.455314576279722855e-02
2.935274978797885494e-03,1.733446663540983215e-02
7.780018631877015645e-02,8.945352614602378183e-02
1.000562093309967926e-01,1.590109359078875073e-01
1.654514355255204861e-04,2.269331860231943093e-05
1.460800425910599963e-02,1.864169312823999239e-02
8.470682846631912011e-02,1.575415696491388740e-01
1.162871905399167349e-01,3.296278548447888479e-01
6.182830211151660012e-04,7.095646697632569493e-03
7.418599593659808145e-02,1.533018402489576548e-01
1.350782449238350502e-01,1.748602656793754040e-01
3.784897616111792401e-03,1.760011117622727332e-04
9.709593645380657639e-03,9.456348498902310273e-02
5.304183413068908753e-02,3.886015612616691706e-02
4.088171674102559355e-02,8.477289763248633397e-03
7.157426603383133974e-03,4.262408590778853784e-02
6.199332162282157610e-02,2.337401297265817579e-02
3.491358509502922036e-01,3.475636785089978864e-01
2.733039536699470862e-01,1.384544891772441222e-01
3.508059906218932156e-01,3.863684407550110889e-01
2.956298500226771722e-02,1.126893349980706213e-03
1.347422106124210360e-03,1.242663222187878960e-02
1.189169043749821637e-02,2.004078551030692018e-02
4.009269171511340435e-01,4.296625717060590377e-01
9.205944035996985186e-02,1.476762469495338237e-01
4.343570821569859609e-03,6.791287594855362902e-03
8.873202672773053412e-02,1.398988368425539419e-01
6.442783811484932566e-02,1.016215692407597543e-01
9.043209169652134671e-02,7.154429567523852562e-02
7.972183170681474904e-03,7.212695367141369693e-05
8.889102231373130492e-02,1.010501611762501945e-01
8.803671987794464693e-02,5.484541481574081029e-02
3.427868795130164115e-03,5.217460146127950171e-02
3.454834629929208565e-03,5.373823068768776275e-04
3.223507948442776920e-04,1.594309286459860741e-03
2.825398381699754935e-02,2.671998994113089151e-02
1.176547063457251963e-01,1.298228739199372428e-01
1.303783478028961162e-01,9.609297054724624809e-02
4.294244121591825336e-02,3.134281858055019878e-03
9.457110430773164877e-02,5.765578839478856243e-02
2.168090569508113099e-03,2.004072620963136611e-02
4.240084695161661782e-02,7.313570812661279730e-02
4.133687702778231048e-03,1.505768651394934947e-03
1.109296655362693590e-01,5.257148784610241911e-03
1.796150603052458169e-04,9.136000453032977150e-05
1.413471114852231716e-02,2.795675987061909274e-03
6.198389700449243207e-03,9.857147801260362011e-03
7.688650974393604343e-02,7.986233042509165159e-02
2.941850469450809635e-01,2.548081983152413188e-01
4.417272619984183996e-02,7.225876349765905649e-02
2.257585441026171286e-02,2.671377420802812167e-02
2.348134478039118067e-01,1.678100612370033440e-01
6.115573527120936326e-02,1.246621489006723149e-01
4.998407126328977684e-02,8.930916404391706434e-03
1.503709656546428630e-01,1.895707408407809602e-01
6.191897291582236680e-03,8.023307084908961836e-06
3.825216770977220987e-02,1.028291825613039112e-01
2.356676758197749910e-01,1.200663271896246498e-01
1.996576811416016506e-01,2.045017684702396255e-01
7.362811731605069243e-02,1.921772205181997983e-01
2.724015239299202307e-01,3.981713552935752243e-01
1.175628343531028575e-01,1.207718380685998960e-01
1.737874776501931173e-01,1.017809190318842844e-01
4.056643504806934919e-01,3.460781400478564751e-01
2.420923247273887302e-03,9.294490120229537133e-03
1.522632132889533687e-04,8.370821084394454990e-05
3.914353990631566083e-01,4.647590357593352484e-01
1.090197798459986989e-01,9.074873191719062815e-02
1.916042285616881887e-03,1.083550123596091659e-02
2.731268719232027905e-03,1.225236339975881638e-03
3.918609246073736889e-03,5.299214275959560766e-02
7.033744897662365207e-03,2.391083883092982987e-05
3.879218286566742373e-03,2.614115210900035905e-03
3.941942570411292590e-01,4.296591909105328955e-01
5.638156162467307039e-03,1.488631302388034906e-02
1.817267526287774382e-01,2.689014146452650689e-01
2.157623890442228812e-02,1.971727146854743585e-03
4.438680270110786572e-03,1.598942146485158103e-03
9.204924165701953986e-02,8.866127220245967333e-02
3.739472550327942700e-03,4.138079331794462801e-02
4.499481904766716722e-01,2.920003924803261652e-01
5.858444927765547872e-02,1.972870033680919899e-01
2.649880999088669725e-03,2.170875157519859631e-04
1.079426991020481369e-01,1.702450017008214633e-01
4.265164832972658665e-02,8.718126395181860500e-02
2.083466042231247976e-03,6.027776142777627709e-03
2.657924596906247605e-01,3.315334021362741357e-01
2.610146962721660024e-02,1.163117703894508553e-01
1.003969964820563459e-03,6.046152440719375007e-03
1.836158726058115531e-01,3.248187728423320153e-01
2.315157810735692448e-02,1.018737783439628737e-03
4.091253317733441327e-05,7.090471916059036452e-04
3.962870445145161465e-03,2.447157996139976647e-03
2.893083915999395545e-02,3.193214441322503316e-02
6.190565146157288832e-03,5.255201151666358435e-03
1.688475296238413081e-01,1.963046080574041563e-01
1.764700752179619858e-01,2.730369230913693435e-01
4.373186867952251555e-08,3.210877470752247081e-02
1.026870369434320779e-01,2.067314840404988474e-01
6.677547079108102357e-02,7.360806411925104042e-02
1.700327934663810672e-02,6.831968934408208689e-03
7.267911979938370196e-03,6.299092805225139230e-03
4.485460065182046013e-02,1.010365602201413193e-01
5.363587053903277890e-02,1.661545577961067444e-01
1.342165989232269041e-01,8.729610452271190091e-02
1.800980308580223122e-02,8.996538224871560713e-03
3.010142893020366014e-02,1.040126704080361342e-01
9.544721351498324305e-03,2.190804887423255728e-02
1.601195067510911060e-03,8.603327430968304903e-04
8.709434045504885202e-02,5.237473742226585183e-02
1.545974491743395962e-02,1.603194313968549570e-02
8.213887249665156832e-04,3.351905342000285198e-02
1.903717216922396482e-01,5.309912177910421915e-01
7.530274472570499221e-03,5.898580286792185108e-03
1.343121720505463801e-01,1.696898313288953131e-01
6.284455909560751619e-02,9.596880483859603767e-03
1.553339005121476615e-02,5.243281234720913175e-02
4.644009277782560133e-03,1.881780204424603111e-03
1.741848345209601884e-02,7.891069678648650332e-02
4.975982233908279317e-01,6.197313479523942625e-01
2.929546349519466242e-01,2.762999105865118210e-01
2.090026040226324600e-01,2.790242586643351119e-01
6.436738714524688210e-02,5.786206209870725647e-02
2.664215592974024036e-02,2.690370911423907788e-02
1.647494193172582486e-02,9.863305632587071603e-02
2.648308910303551547e-02,3.672989560947444859e-02
3.022061174100154624e-01,3.249517902678181192e-01
1.758114694437829528e-01,2.112088156078730239e-01
4.265040731129574416e-04,8.296180479896279186e-03
1.645696795215358665e-01,1.107560545547638282e-02
5.307540913646171193e-05,6.365669040513807168e-04
4.535218695110902754e-02,4.924177471601767081e-02
2.331801049021391820e-02,5.797033825259329670e-02
1.784075925743621449e-01,1.293396310104608371e-01
1.420416435664476340e-01,9.009884484891525491e-02
2.671020903994868537e-02,4.394199103517461291e-02
2.814980656468966177e-05,1.309429499232689018e-03
9.234998463579885755e-03,6.805527618422325085e-03
3.005787068574549553e-02,6.056501074471674212e-02
7.878029283458884424e-02,1.337395484027602832e-01
3.162278689791183078e-03,1.132771656984323986e-04
3.295680477333531259e-03,3.967155347011452199e-02
1.753102271785304464e-02,4.078628600505353717e-03
7.576100815813344158e-02,5.335605966117985127e-02
6.421507247211417913e-02,2.548659221023309371e-02
7.395375075220285421e-02,6.242401909402143373e-02
1.777373828165623032e-02,8.036205109421514642e-03
6.686519920520832272e-02,4.887815925287515573e-02
9.295024445476932724e-04,8.138200213626905447e-05
2.827738011811301716e-02,1.124333348440241867e-02
6.153835763880196458e-02,9.355598824630184662e-02
7.791893870555445523e-02,9.737038551220217331e-02
3.038989507270114035e-02,3.394304859228897131e-02
1.115177201814268604e-03,1.818019291674931662e-02
2.585417502551746738e-01,1.320572275399637951e-01
8.900501309502270586e-02,7.139028045869030836e-02
9.345871980118896083e-01,1.169241954547029838e+00
1.425242999194425639e-02,2.384387825496880886e-03
2.402823151311511141e-01,2.060132148462725798e-01
1.766738336130691533e-01,4.765020527309220960e-02
1.371932819889973461e-02,5.289786097448238161e-02
1.974312352090289852e-02,8.724350212169860314e-03
2.994607031706943978e-01,3.343431520398625345e-01
1.634384682993550832e-03,6.095319969623181310e-03
3.656374058695597857e-03,4.569284917152150946e-03
1.981005145140597723e-02,9.442454403153003467e-03
2.984402690097527015e-03,1.210410874690564614e-04
1.482843907509705517e-01,4.345495635463910572e-02
4.065296434921968348e-05,3.340957339369449858e-02
2.206896985240150433e-01,3.176998965656606666e-01
6.258250091074445652e-03,6.003684026718186101e-02
9.210287602108834307e-03,7.173860514612019233e-04
1.124636545739495369e-01,5.169427689864446868e-02
6.212939332364750961e-02,9.058180088782885608e-02
8.798660649993659405e-03,2.439342084381851275e-04
9.507676470144561798e-02,1.844633670946464465e-01
1.679403414306862852e-01,9.683243840711935890e-02
4.875829081423912470e-01,4.667419302537724746e-01
9.172396209556362909e-03,8.898248393411717361e-02
3.445292093304593295e-01,2.515962561918873019e-01
3.646307440665545740e-02,1.097473480822788901e-02
8.936779596568508732e-03,1.811616866661718136e-03
4.818481697963575283e-03,8.405954663798642992e-03
1.482680577326122850e-01,1.188736971371581741e-01
2.272829326562448848e-01,1.824955100516226225e-01
1.092916054958201072e-01,1.388100520051041287e-01
4.824601191253777128e-06,5.434928505137636041e-03
3.345642684007865686e-01,2.985087123547748855e-01
3.883110486211242135e-02,9.219099755129786522e-02
2.405180402146525967e-03,1.260747074833098308e-02
7.164800486439733274e-02,7.794086211635148365e-02
6.198632721806632620e-03,3.591617246969343921e-03
5.828946559398014669e-03,2.671335325928000590e-02
8.867954339191001789e-02,4.067013022653527543e-02
2.496049704147256312e-02,2.000317560691764265e-02
2.930822500092894120e-02,4.595799713820587773e-02
2.670466604998745011e-02,4.506666576882809722e-02
2.565763173047441725e-01,1.554046492483370512e-01
2.106847293377501207e-01,2.977128123830418693e-01
6.888865605920284352e-02,4.305814760981039463e-02
5.007009987607641266e-02,3.206990315452424006e-03
3.360694067504250190e-05,1.436976122612731816e-05
3.615623578764929347e-01,2.665700782571280292e-01
5.159095099184739242e-03,9.335272073860145792e-03
1.531478236542520299e-01,2.258263720477112213e-01
1.472577176227700957e-01,9.631847722660788480e-02
1.800596523557429496e-01,1.935173415612101711e-01
1.688083717405831907e-01,1.096909661077994508e-01
1.479155762289512399e-01,1.766795611400081289e-01
2.138985148043525963e-01,2.195179374616862966e-01
2.402102443300253298e-01,1.608420045539900312e-01
6.861013828600164288e-01,8.838545233000536516e-01
2.408440081716179126e-01,2.142523661938947888e-01
7.178910717556001575e-02,6.904185888268409010e-02
3.187413171287034608e-02,5.274788729546074639e-02
1.845601352475174581e-02,9.579599907733373984e-03
5.984116092641610790e-02,9.748549681403151368e-02
2.851744964209051644e-02,1.060721654917347150e-02
2.150927382255313491e-01,1.319996475926868695e-01
6.426569194450779121e-02,9.189496149113911272e-02
3.480683379738468142e-03,2.551392412858338385e-02
9.950799571896956630e-03,1.120136349867360218e-03
5.621600411491636806e-02,8.414437025971709117e-02
4.538494231676257901e-02,9.794507734338901705e-02
7.930092861800162873e-02,1.590855938892105428e-02
6.262151932333583082e-02,3.505483671423907654e-02
5.460012819962677122e-02,9.928107607008677948e-02
3.004909081431300297e-02,3.156445405715592456e-02
1.452222159421834302e-01,1.907299477264436105e-01
3.881095207559262083e-03,1.012591174114397911e-02
6.058635130357889476e-02,4.700113838506572023e-02
1.420372251226907460e-02,5.405230655825178643e-02
9.086403295657094134e-04,3.514417205043039228e-04
3.166601458579086370e-01,2.162404111631270331e-01
2.958334578772611745e-02,3.746814556307627442e-02
1.643217317764735508e-01,1.686152462791954132e-01
6.372455081690593659e-02,6.318178275157819435e-02
1.285335066529133194e-03,8.130763338969342231e-04
2.428563653824059865e-01,2.989542022983360248e-01
2.094286515309809193e-01,2.285911999121694183e-01
4.543276769831657708e-02,4.534204060518226553e-02
4.090237427416020671e-02,5.360248873401313868e-02
2.984682888356647856e-01,2.527303892699136467e-01
6.022733142427600522e-02,4.561820126705710965e-02
6.833824332164914472e-02,7.636135790339339258e-02
2.720705556148486637e-01,3.304235267739941695e-01
1.165986599739133982e-02,4.494372717864596710e-03
1.057255620487581871e-01,4.994731922963471793e-02
7.970710802276093077e-02,6.274820976876793743e-02
1.365329640648975384e-01,1.338748984697730737e-01
1.564270960998078580e-02,1.143433913373948473e-02
6.404354127192497977e-04,2.702025745977825605e-02
4.692978044398923854e-02,9.407787268739727440e-03
1.759354508150590829e-02,6.087063022201986105e-03
7.092091858627672107e-02,1.398719762235862973e-01
9.792479283740349039e-02,1.374661391397783428e-01
2.096444655921059913e-03,8.342510007154209329e-04
2.724396917423366465e-03,6.850799923652808182e-03
2.133805324925531002e-02,2.600317859374909010e-04
7.483268735107866110e-02,1.042317480272367397e-01
3.436111555427380782e-01,3.241099794974588444e-01
5.332771541309908048e-02,3.510027921343313040e-02
1.254634496125437149e-01,1.696016219046980467e-01
8.731436560585659201e-02,5.487666000371504982e-02
5.294963332060219786e-04,9.215756326910606519e-03
7.375805484138187040e-02,2.182769282436471114e-02
2.130481711473471054e-04,6.548140774681345151e-03
1.458600517078257816e-03,8.989324007414685111e-03
3.311681296808029890e-02,4.867296895249359490e-02
1.329056474612842591e-02,4.834343364271402599e-02
8.232386396332246059e-03,8.017766294648726380e-03
4.997046710200487435e-02,1.034885669678348510e-02
1.832145317457494968e-02,5.278088089205712052e-04
2.080444576362199538e-01,4.251815875323579075e-01
2.940546963078657233e-04,3.722617187322572324e-02
9.179383432827695199e-02,8.741196950833732271e-02
1.179873328016297351e-01,3.547253856671615801e-02
1.612114593606483459e-01,5.112683451555415787e-02
5.946288548523737116e-02,7.131748186108502474e-02
1.787317546489972705e-03,3.225149858043633612e-05
2.159837552091524795e-02,2.767510542092675371e-02
1.149031210512658774e-01,1.024871554757769837e-01
2.308465574700970225e-08,6.378485338534402478e-03
8.437109092284213185e-02,2.608037714037731575e-02
2.161180765188243022e-02,9.090963818574156891e-03
4.331770073387791742e-02,2.617499475145116869e-02
2.205186832036795386e-01,2.593983686163850999e-01
1.193350512286253245e-01,1.305082356048529180e-01
1.057790910157273973e-01,1.737752605556743268e-01
4.003624944583218381e-01,2.390860713730646459e-01
2.360898141850791276e-01,2.047463831562488790e-01
3.100643252032931341e-01,5.377691894608885859e-01
5.009222430158319916e-01,1.902626663412531893e-01
1.320740139834816751e-01,9.328109246879545680e-02
3.334712080878770440e-02,1.319107228870379858e-02
1.063543389396690020e-01,9.191944318613909370e-02
4.817244869980827349e-02,1.781145764213108440e-01
6.078002443319296426e-06,2.664652977627718789e-03
7.599022470746770175e-01,6.200807574569283664e-01
1.410383495408728538e-01,1.392944384048860618e-01
8.652163440141644180e-02,1.278611286398028679e-01
1.536534517804136798e-03,8.347924835293028811e-03
9.781605985875164999e-02,3.794575976123405053e-02
2.373793198506354927e-03,9.533635563467339133e-03
1.495232563505367596e-01,8.908754584043179769e-02
1.427923832127788546e-03,3.699263231526737222e-02
5.851139012811684692e-02,4.399208885066727137e-02
3.464510468637870683e-02,9.266850246034121982e-04
2.045814908209531435e-01,2.634435871094563120e-01
2.487499977628006981e-02,6.109891502125872065e-02
4.552163736565068702e-02,2.049191837367293767e-02
1.524408130232063896e-01,1.320286219392811100e-01
1.220098635422821598e-01,6.772654834351386766e-02
6.133582883655016617e-04,1.766763397611960254e-03
2.295385112474058326e-02,3.090752633386821286e-03
1.094628443060320470e-02,3.433821855408857038e-02
4.643181202062200003e-02,1.121632504075073117e-01
2.857897848056726864e-01,3.630960550287539723e-01
2.039992039271544891e-02,2.071759694272667235e-02
6.992627928885941646e-02,1.121768636523962775e-01
7.887632519969937916e-02,1.726403747003333045e-01
5.926451429726049824e-02,1.282920240976410664e-01
1.941844481105241549e-01,2.607913713063805816e-01
2.002359532462983649e-01,1.143985731697629293e-01
4.054692797254812013e-03,2.039446725566911554e-03
2.098899200190267045e-01,1.291435531644922752e-01
2.280135454794532304e-03,1.239085841747871938e-02
2.892260187686414297e-02,1.963461996042528690e-02
4.891527155845040026e-02,1.069639819908151657e-01
2.512797261638177737e-02,3.531399424135396592e-02
1.951120262035498445e-02,7.169216726248532623e-02
8.222605516053528704e-04,6.215343077846601470e-03
1.466142944812763305e-01,1.025797726344443161e-01
1.782179575114295131e-02,1.192156736165399938e-02
1.970099803476792373e-03,1.266238846449623109e-03
1.216411269800585920e-01,1.118622388717058214e-01
1.204961511080082232e-01,1.862916306451111448e-01
1.411197114727013868e-01,1.180337226923316302e-01
1.632393026227876298e-01,1.952374703286822999e-01
4.595433447561111939e-02,1.734869086271874639e-01
5.281249130080627879e-02,1.106652358769404515e-01
8.247798995549537882e-02,1.548092730267244532e-01
5.828882048053729038e-03,6.113954581140888453e-03
1.608216736372093392e-01,8.655278923000100932e-02
1.072995992260678509e-02,4.384599649300147117e-02
8.029585426261855174e-02,1.058416361739798334e-01
7.301681444265923498e-03,1.391240339776732156e-05
2.064600929083001274e-02,2.473711103618066523e-02
7.984929570150452183e-02,7.047406113064992594e-02
2.106628707836639709e-03,9.557835446742681679e-03
2.013886076936706182e-01,9.447491595495280392e-02
9.489669479578992026e-03,2.624504919365943517e-02
2.508135268252746630e-02,6.279760130298678300e-02
2.821732008302886910e-02,9.953900131369925255e-03
2.803920796648944891e-01,3.255341875275694630e-01
6.529537050816804078e-03,8.758144279649283936e-02
4.651113913337273122e-03,3.690263262612396983e-02
1.501068162466905921e-02,9.264730016888830799e-02
6.084472223016222925e-01,5.343652081689452826e-01
2.693659844927552283e-01,2.376624742494984621e-01
5.596847794288406967e-06,1.091764708307913249e-03
1.938881448254177742e-01,2.199295724276206232e-01
3.231175491654582344e-02,3.350763094772251770e-03
8.046153792680151018e-02,6.374080646319017773e-02
7.603609202502866794e-03,3.210646147055583473e-04
6.132204122281783264e-03,7.441276889123868421e-02
4.858939522129398364e-02,5.677535566566887376e-02
4.800044372306331436e-02,5.469258706104943024e-02
1.655625371106763388e-01,2.660366391033128219e-01
2.100342596837610210e-01,1.949376202958059134e-01
1.371099578008024532e-02,4.732471621888266478e-02
5.895568811946253623e-03,1.273922962273635329e-02
3.570638904397476221e-01,5.807818895250907998e-01
2.796771440074476839e-02,3.631580193612144597e-02
1.552309500874384657e-02,2.719822056247231043e-02
1.538357960834982607e-01,1.379210430975672808e-01
2.814098525920992466e-02,4.561938922762320825e-02
6.683322957176027201e-02,4.496350206002577149e-02
7.174396397461932628e-06,4.741159880598051074e-03
8.898785325268476418e-03,2.659094441831691760e-03
3.251142100880661800e-01,3.358685106238523121e-01
5.315406564324673747e-03,3.421070104104926950e-04
1.379479865826901616e-02,1.351237845881186374e-02
8.844054693275672785e-02,6.086025060048184249e-02
4.039556153733474958e-02,8.905292205590295551e-02
4.478016747295301622e-03,6.286653698465364658e-04
2.937477633266373234e-01,1.420870955402117330e-01
1.086852747697940829e-04,3.191287161461556915e-02
3.513090902848675645e-02,1.537393548648762487e-01
3.840153582965753765e-02,3.811883903347722258e-02
1.631354629042268412e-02,4.095797986944020412e-03
1.186460620684943457e-01,1.309092223481389261e-01
1.636804701851968802e-01,1.227705611825827409e-01
5.311418905605450047e-02,1.148209562008282170e-01
1.172129253879970268e-03,1.996187990105655063e-02
1.638092232950075417e-05,5.544516650146022289e-03
8.880267120631465602e-03,2.331066934004501906e-02
3.433068231553518812e-01,3.438073928281181746e-01
8.684585763307207246e-03,2.259608410720281499e-02
3.887800430907363547e-02,2.873958041450564577e-02
1.193733011870065641e-01,6.216491081722531203e-02
2.957033545136222592e-03,9.121854092522471442e-04
4.764885196655036653e-02,1.432461895411043518e-01
3.733322756828510447e-01,5.083800570636897165e-01
8.519667198548027676e-01,8.455983129520169284e-01
2.690527736425795560e-05,1.082826282207579411e-03
5.182925966043640947e-02,3.361108298514073334e-02
6.682925308599103019e-03,8.824995231530465033e-08
1.318896642906557289e-02,2.207760918526041616e-02
2.030351282677466881e-02,1.848124710596275757e-04
5.426277938255415385e-03,4.024727179486226047e-02
2.932275506437358459e-01,5.962952037185383913e-01
9.140550345053324310e-01,1.168113161657078125e+00
3.778248710047093226e-05,1.212243513126240284e-03
8.275954253249008866e-03,5.333506531048092664e-03
6.449778364963590360e-02,4.067073652683177859e-02
1.106730546155452327e-01,1.954879519758693507e-01
8.447046621033807434e-02,1.264252187446543996e-01
3.711500709253861552e-01,1.820677776720939778e-01
1.448873849234658950e-01,2.268032447532745410e-01
2.242416202038657533e-02,3.054276460043087366e-04
6.816740997946743423e-03,1.968934571535566058e-02
1.210512513155489328e-01,1.355967981521953303e-01
1.787881789108233116e-02,8.493700070943067254e-03
2.247333055696972004e-02,5.249784975876482795e-02
7.963505651501773253e-02,1.954488766329245397e-01
2.037608948512961149e-01,3.357143585012478670e-01
4.962841657440335563e-01,5.655458146468504976e-01
4.490029675322283059e-02,4.542415759275180570e-02
3.395646752319630198e-03,7.685591018487777145e-04
4.600622598046211225e-05,2.145722953567327201e-06
2.258407704912860758e-03,4.652916097582545773e-05
4.021388494932995328e-01,5.365509007543003417e-01
6.945846324283361239e-02,1.578193740683915547e-01
9.728006339584097106e-02,4.277186678124765551e-02
4.937343816472667402e-01,5.104717058889332026e-01
1.026729032196558866e-01,8.073528277839685241e-02
2.834580623033258751e-01,2.371368958176605923e-01
5.297901804108946788e-02,1.238802591262425506e-01
6.888336933795734252e-02,2.593688311951579829e-03
2.618531731208593311e-02,9.409801321295679921e-03
1.655351927315086157e-05,1.705032800210889293e-02
1.008787268132114306e-02,9.022599206436551084e-03
1.585785091813417258e-01,1.486353728446446754e-01
5.336492822790874103e-07,6.451131274264093780e-03
8.402780486719664890e-04,7.025093236569339254e-03
4.155747820688328494e-03,1.669092919227706598e-02
8.426659844743437933e-02,1.768708377169979640e-01
2.362071556116953075e-01,3.403037220301362020e-01
2.128881297741531259e-02,3.235495619016402757e-02
6.499612087797205151e-04,6.969562517773002209e-05
6.938544857057130609e-03,3.915338131616908496e-02
9.274886678964905373e-02,1.300068104469760122e-01
1.109893923702136714e-01,6.786330893959302557e-02
3.056984254620630573e-02,8.574129925077469960e-02
2.384121592809462786e-01,2.718871283008971740e-01
2.818833011835739089e-02,1.068821853957642627e-03
3.300591196796906490e-02,1.794894892328063596e-01
4.026192017106398208e-02,2.231676062914213568e-02
1.341523636338589525e-03,1.326372214878512694e-02
8.604788357619831685e-02,1.084478566555618223e-01
2.079795594352424476e-02,2.073307401286939369e-02
4.927679747685353648e-03,3.323847128243456652e-03
6.034731838887907179e-02,7.850993536973843723e-02
1.990925754790816293e-02,1.067596661816617998e-02
5.769971497631911500e-02,8.079926584170618598e-02
1.751191270114248466e-01,9.482030721710746346e-02
8.583042161466482300e-02,2.292472373778887615e-02
1.363777461994087614e-01,1.012549622596415136e-02
3.320351737703303163e-02,1.192854418473538250e-02
7.555653035970162634e-02,9.519079110376529873e-02
1.515534427587632424e-03,1.368908760881541210e-02
1.251396943213685907e-02,2.603172684499324013e-02
3.120452254747476672e-01,3.619687097140507626e-01
1.074826884440533009e-01,1.170930765547029961e-01
1.186820063966842476e-02,1.081929037362662580e-03
1.313031408940574900e-02,3.522796044216137956e-02
6.182328149382284276e-03,2.132363945947862542e-03
3.178482515575704881e-02,2.935519369192276032e-02
5.836250255312879637e-02,1.002803094361124220e-01
7.004120707108251187e-01,5.385744066229328775e-01
7.249169175273293027e-03,5.179769600354890667e-03
1.160905230516070669e-01,1.860063351667070874e-01
4.372983673914508289e-06,3.797813016189760180e-03
8.957662284795173471e-03,3.791513554005009751e-02
3.622851764671857766e-01,4.447692056227092738e-01
9.190454973263379422e-04,2.592475399718095069e-02
1.544677800497524789e-01,2.522967308086579985e-01
1.410190696081476402e-01,2.166332968643208956e-01
8.728423105382421276e-02,1.481778098835755120e-01
1.907246640545045072e-02,1.746763204092393077e-03
1.104106077600692654e-01,5.594500922613209609e-02
1.719154118423308784e-03,2.412402295570014740e-05
3.132147942410826169e-02,3.690771256565453934e-02
5.253136729058647050e-03,3.227937248847029955e-02
3.649006808419326675e-01,3.200551382981483561e-01
6.682322115104612562e-03,4.113782104040186911e-03
7.740205275130906948e-02,8.699516530942592862e-02
6.899536949497566025e-03,1.335876088378348369e-04
2.504242371773080511e-01,3.669801628883162525e-01
2.363909915208849220e-03,7.101036287267607449e-07
5.122599041567366986e-03,1.622336223716156866e-05
1.344472933245480506e-01,5.049586108736001111e-02
1.468149203654131874e-01,1.083125870666228757e-01
1.841060174420251494e-01,7.898551553071982145e-02
2.750795300021477430e-01,1.331098654191170405e-01
9.005906877653122034e-02,7.294298941667863578e-02
1.648300526091356910e-01,1.900481100732309969e-01
4.142743961919548301e-02,1.251621734856631640e-01
1.943048887711184766e-02,6.039640824694596233e-03
8.256957792857977374e-02,9.665709987517952240e-02
2.236860740699166683e-01,3.749744328412967787e-01
2.729141833069054224e-01,5.028620528381023691e-01
5.556155648352949922e-02,6.237350356537391810e-02
1.610749004654427330e-01,2.622560650031303120e-01
2.399360541324813134e-01,2.207868939102182737e-01
4.662857107610318685e-02,3.526939347629161337e-02
1.454805470783928495e-02,2.211292709118979800e-03
5.874386300844675751e-02,7.445005244228258823e-02
1.136768719210430323e-01,5.638357407597741761e-02
2.479782221731554326e-01,1.225511479008421223e-01
1.683592179508468512e-01,1.162472633563091384e-01
3.257147603047770568e-02,6.775649477492122486e-02
1.473337802725359011e-02,2.489540903113566378e-02
2.572858888509679254e-01,1.702920374026475614e-01
5.526516169198203432e-01,7.847001790162247969e-01
1.015430048571858450e-03,6.608801951641440908e-02
1.278666309259006342e-03,2.923327378767283033e-03
9.284236373904150227e-04,1.066568413768754879e-02
1.771320280215495611e-03,1.582276549771440693e-02
6.863551559000340418e-01,7.461407276612473938e-01
5.950981696942923230e-04,3.415039369395982908e-03
5.469897744396019258e-03,9.110030918907158128e-04
2.478957382085003602e-01,2.877763947594333405e-01
1.782641521453269887e-02,7.211109945018143001e-04
4.922190599486135909e-01,4.546009972463072035e-01
5.983852577229995147e-03,4.210083484661013873e-06
2.922305667910123778e-02,3.554291507463613886e-02
2.321529259477558144e-02,6.316856370719187153e-02
5.875790474681515975e-03,8.792124298472616534e-03
3.759383742682589208e-02,1.277619292776543403e-01
2.242188989119605347e-01,1.813233693708088956e-01
3.657928759098911381e-02,7.212266082585233606e-02
8.341492221890154518e-03,2.477437660770578920e-02
2.076815095612068451e-01,1.789622675313874145e-01
1.355242007415281003e-01,2.188606758262389707e-01
1.613246331181514281e-01,3.289349690701783846e-01
1.424433255934292875e-01,1.711780245634690056e-01
2.789141855724224794e-01,4.831236383430981274e-01
2.653137152320254790e-03,2.405851404939174289e-03
4.714846897668069359e-02,9.404047526437411472e-03
1.164050735679406437e-02,3.998461124086874485e-03
1.179774234156546510e-02,5.913038038871912955e-02
2.433640214346478176e-02,3.451966049888278293e-02
2.503558856248050413e-01,3.519647753722213168e-01
4.995328835605224865e-02,4.464191871537638578e-02
2.903297027777779205e-01,1.940149849351011369e-01
5.266897747330186218e-05,5.396872383373757260e-04
3.680701202017694004e-03,1.492669402079263921e-02
1.805270467482911478e-01,1.027160268453348457e-01
2.371228168173279693e-02,1.434727769945237930e-01
7.938287546515031831e-04,4.229710126921102341e-03
2.616359444684302482e-01,2.219461611715660421e-01
3.713216783305415825e-01,2.870295981260325702e-01
2.652176654807169112e-04,1.300247883733423985e-04
4.482905359692194135e-03,1.036563862276502481e-03
2.411057864118889282e-01,2.333310304777060640e-01
4.157004190572198554e-02,1.133673178538992798e-01
7.347957781489817750e-04,4.059705286880134489e-03
8.823997994961300939e-02,1.111464517638514476e-01
3.056269886883681841e-01,1.858647366337213835e-01
3.718324581514226290e-02,1.472028923221020040e-03
2.871596767303260123e-03,3.329702143409889788e-03
4.771152385264491175e-02,2.343992064820215118e-02
2.383516541724338411e-02,1.249588556549917524e-02
7.094640417890731021e-02,6.008084647679866330e-02
1.184871910288589902e-01,1.376060819253686063e-01
1.784418274936258875e-01,6.817575542094740648e-02
6.804196122933337323e-03,3.910289682558448082e-03
5.814976187400609092e-02,2.530089062567327310e-02
9.146834282327447052e-02,1.173387798575834112e-01
4.123812302636121196e-01,4.180785131739768179e-01
1.389137094072828704e-01,1.967664886395138202e-01
2.963596559847256340e-01,4.025913786044663101e-01
3.857764590464126120e-01,2.485182798845598506e-01
1.119229491005787258e-03,2.619737369297262669e-02
1.467977136246699510e-01,1.089303960438352259e-01
2.297438383359570225e-04,2.459543389013635529e-05
1.008193467430413062e-02,6.673970726967212545e-03
1.473616004098840526e-02,1.563033871166984515e-02
2.602870101007667908e-04,1.172257385685424209e-02
1.774674427301463631e-01,1.860587702807889321e-01
8.508551066436415011e-02,8.657656264851200378e-02
9.000873616073829431e-05,5.251180649057661824e-04
1.911972483100576603e-01,1.077060743173691715e-01
2.986990974606728438e-02,3.069385219015496533e-02
1.704689360571431120e-03,8.415120927183697549e-05
9.172453651190125160e-04,9.168779808814134973e-04
3.927499579158388876e-02,3.094653604856593271e-02
1.910710521574396012e-02,6.665283439974516166e-02
3.004568356374172702e-02,1.654712715822888661e-02
4.546865854419636691e-04,3.916787226413518709e-03
5.896230118105087042e-02,9.950844758459098660e-02
1.654019699650951733e-02,2.768639848886893587e-02
6.266852265228999193e-04,1.387028604451622221e-03
6.408114580623931744e-02,4.542512430365549386e-02
1.398645703529487194e-01,1.089363207128543204e-01
7.850900128089333130e-02,2.463529466848415894e-01
2.660883732372296140e-01,2.362494643019000529e-01
5.460849773983610794e-02,6.252474652722572745e-02
8.594530438917723225e-02,8.903097088596139547e-03
1.610325720027222796e-01,7.572348035060866289e-02
3.032782804399344889e-01,2.095026017495537629e-01
2.852008602793116090e-02,3.850208463584783164e-02
3.285574228979096234e-02,1.755616102300290235e-02
1.750131946535058713e-01,2.444041827712289394e-01
7.108684922143743146e-01,6.675916588794300610e-01
1.234225877745767225e-01,7.422290102291033420e-02
8.504187807329186000e-02,1.493063175899518591e-01
2.271931933203875376e-01,1.357401270112043590e-01
9.321258078410252224e-02,1.249122716862432897e-01
3.555465305823303588e-03,1.965399428564135187e-02
3.323793251376366571e-03,9.260174817162941663e-02
5.853488838113108522e-02,9.238242462589033033e-02
1.952093988280003412e-01,1.697943087966397591e-01
1.742994541886268844e-01,4.060998801305175099e-01
1.729308209444392341e-01,2.270714612781693786e-01
2.614754562326834786e-02,3.832989263122552146e-04
2.193002568011819323e-02,5.136144117168215707e-04
1.545327275954292429e-05,2.436213198451349024e-02
1.011777764056385892e-01,5.687630013921960576e-02
1.487452103541487180e-04,1.872768398570817325e-02
9.455719966634874157e-03,1.830120763998687589e-02
3.575866087306879548e-02,3.876801020136925319e-02
1.538277064826225338e-03,1.838625111496167489e-02
1.295285492807178584e-02,4.847350906371462528e-03
1.924666098585624818e-01,2.401790566816311978e-01
3.826585256632376777e-03,1.288536144338841291e-03
6.360270708999481160e-02,7.313493127351884671e-02
4.543595006024869071e-02,3.058215961603116123e-02
6.537656921588212988e-01,5.269205367600597878e-01
1.830620806447786145e-02,2.899228552830025360e-04
2.330103930323734057e-02,1.172952584624680494e-01
6.325781628382437516e-02,3.910864064295390546e-02
5.517709296381358153e-02,1.706155496517974268e-01
7.548193589285428096e-04,2.745710892648114011e-03
1.480894008787770610e-01,1.231533543489641280e-01
1.389085910273846203e-01,1.414242199935096256e-01
3.238689123241478285e-02,1.430688104769383025e-02
4.845482884796448696e-03,2.080702288963602251e-02
6.802476140301602810e-03,6.649620159894340139e-03
2.559269451763361829e-03,7.474766607553584574e-03
3.058061363067243743e-01,4.382523313007749555e-01
1.201972660445369545e-01,8.750350356715895506e-02
1.773256209731374766e-02,1.171081341313194059e-02
3.854542619125927994e-01,3.417631081176325525e-01
2.276674204762085666e-04,6.532931676707238490e-03
3.783597936409895113e-02,5.256250474097175218e-02
3.157900403656760391e-02,2.226080011913786350e-02
1.668477957447320748e-01,2.388918086852082345e-01
2.814586269072337846e-02,4.554991943660157555e-02
3.679600795955121576e-03,7.159964749469723694e-03
6.779158740306595078e-03,2.629770888504817921e-03
3.389018156792502311e-03,2.449699475065787030e-02
1.145831130744728033e-01,3.604823538234837033e-01
1.426627246659954440e-01,1.810215215980946757e-01
4.637404093138159378e-01,4.534729720453118951e-01
1.051880591567937728e-01,1.057486878335982955e-01
1.727264469742466769e-03,1.419290639090361604e-04
7.661198620989292940e-02,7.863911987012377203e-02
4.494798415096349503e-02,4.671681372173456387e-02
3.624189574208647874e-02,2.511760505489281370e-02
1.844594335235852922e-01,2.771015561817580797e-01
2.541381280181353921e-03,1.030713631677192076e-04
2.310028702603373341e-01,3.588378183215376604e-01
9.306335863001236053e-02,5.241245196252960342e-02
4.624718640692508653e-02,8.154449559854197449e-02
1.563384799024739296e-03,3.979252470426754805e-03
1.652189300722199672e-04,6.607524308379263134e-02
6.694284290863800491e-04,6.397969462076839343e-03
7.862360079258597827e-05,9.898007679270096233e-04
9.334945524868316913e-02,6.030702868646742321e-02
3.290662379166352930e-02,1.014609500220887972e-01
3.429697729651573490e-02,4.232197608761276153e-02
8.690180297399858686e-03,1.013260030498733602e-02
7.010893157883499871e-01,6.811552825708889758e-01
8.046860911051095799e-02,1.711926416646758833e-02
4.510910535055347170e-02,1.443067715090090852e-01
6.431184441512903527e-02,1.661229976927504695e-02
7.584515910911424075e-02,1.239083035858056930e-01
1.698468649068700931e-01,8.777043859721392338e-02
6.741353738064579347e-03,2.447390362963638988e-02
7.772022777936928029e-02,7.722738548234001424e-03
3.103473846195935627e-03,1.769582921586789273e-02
2.404288302637046515e-01,2.964902257844045375e-01
1.807555831433446669e-01,1.157439655644520032e-01
9.710706451394940375e-02,2.598256205755208881e-01
2.826883656225700223e-05,4.630904502715782987e-03
1.252688070342451165e-01,1.333235759698977452e-01
2.258620997751462425e-02,2.956653804244245565e-02
2.600683531083659503e-02,5.403144530980831528e-02
9.911348882449865297e-03,2.458680433536447954e-02
1.166131118563886425e-02,1.230587234802634909e-04
2.597437932250922302e-02,1.022982996710396913e-02
1.816705864234212462e-03,3.826960815283001176e-03
3.159199971102737148e-02,1.268021110211960643e-02
3.831876016578067978e-01,3.374548627362488618e-01
1.100746862131410375e-01,2.366812958299535918e-01
1.663369302571499619e-01,1.099979354393051806e-01
6.267661917889362500e-02,1.111807121394454700e-01
5.461132014462759601e-03,3.988234180042261878e-02
3.305309936259202830e-02,3.730702360233970061e-02
2.179229321850534862e-01,3.005170712819637546e-01
1.456038909486973183e-02,5.401368401009027514e-02
2.883180480804510906e-02,6.451466641091870013e-02
4.579722282011278733e-01,2.172618193677667009e-01
7.631498153551716235e-02,1.043479723353924610e-01
1.423918899109350156e-01,4.872090870349181368e-02
1.166634299567967901e-02,4.557886607338705078e-03
4.058424815621382020e-01,4.807564516606557259e-01
1.419700107425447833e-02,3.550018558332886098e-02
2.059922407680724044e-02,4.590994244446351766e-04
4.903891054721330467e-01,4.781356027136903775e-01
8.494158280115109844e-04,4.573292790913683487e-02
1.031689171173243852e-01,1.759830814260880949e-01
4.257170617942852842e-02,1.665200608508664304e-02
8.896863385969937948e-03,1.061021663694243760e-03
4.136721899889083537e-02,4.652656009711753082e-02
2.175307685004226055e-01,2.067265667283044173e-01
6.266944471323088184e-02,7.830510856507671980e-02
1.631072713619151904e-01,2.380697474785938017e-01
3.548247140575765124e-02,2.794054861110061017e-02
3.951480089534555387e-03,3.915685869972093842e-03
2.288144628377343781e-01,3.669633303447485950e-01
1.379927335902328966e-01,5.553431586989045904e-02
1.175788880921250640e-01,1.559493277174908432e-01
2.396690554077800794e-01,1.381802753861586797e-01
6.145270300445015293e-02,1.498116057303925386e-01
4.593702109247186499e-02,3.636476448924092636e-02
1.433247771912166645e-02,5.467362275273789790e-02
4.016292187812651182e-01,4.031780084398206010e-01
4.222174116933411631e-02,3.613299399007157547e-02
3.890090675536643245e-03,1.105222569838618628e-02
1.287272020357178859e-01,3.235036085655824956e-02
7.863958229138036105e-01,8.351755881328161157e-01
2.997548933294856381e-03,1.831278116735553501e-03
5.546861777435845298e-01,6.412492685176530705e-01
6.937262805146378053e-01,4.296405372996521255e-01
2.458649745889065000e-02,4.962870618315977367e-02
9.069099913489489517e-02,1.073085556635081511e-01
2.962530028949615711e-04,1.819739958915920705e-02
3.570762893131728995e-08,1.180265149955697819e-03
3.396264729230866414e-04,4.663360454692434820e-02
5.155612353035687878e-01,4.114447267712041945e-01
3.483476764400202531e-04,1.744488653677638001e-02
2.017464747677457856e-02,5.081121401328612779e-04
1.216995349149290091e-02,2.361589821720080961e-05
5.357216955755129267e-02,5.760362191856109593e-02
1.510500633898129719e-01,1.163151364295443302e-01
1.424965395090428688e-01,1.115562793336626751e-01
3.858110214552541023e-02,3.592260798885714423e-02
4.110552817262747016e-03,1.169294453274104598e-02
6.209738427359366708e-02,7.853264222160437347e-02
7.387852511652026610e-02,1.675487962718533730e-01
1.914268031965680184e-01,1.663489975306385871e-01
3.891428732727472695e-02,2.239099189821456420e-02
5.450521042232639446e-02,3.024506328105009897e-02
1.991698030656418594e-01,1.348631213440119603e-01
5.898440257054818892e-01,4.650647241735331172e-01
3.441267745196577993e-02,1.376895674867838204e-02
3.499384730311057290e-02,6.366905889783176786e-02
1.449294393579603560e-02,6.616593160801495640e-04
1.441227643492335730e-01,8.582185608819661859e-02
7.104642284033798640e-03,4.732023316901352514e-03
1.818616510481620707e-01,2.038329569860598822e-01
7.783369667899202315e-02,6.958774107609305704e-02
2.563584832802146950e-03,1.993681081661443418e-03
1.049872603475497526e-03,4.964045273186859682e-03
9.361138335425589485e-02,1.345467863707680845e-01
1.043997631392934167e-01,1.068356321602354220e-01
7.338141812499441273e-03,2.922906312851072247e-02
1.948059618265487736e-01,1.263165464767510293e-01
3.179755074835438622e-01,4.980919887144206748e-01
3.685664903886279320e-02,1.024240775566767070e-01
1.140036839319900075e-01,6.457626957629393483e-02
4.394412866446310850e-02,2.840916666798048648e-02
1.645387852867106039e-03,5.400773387919052988e-03
1.675107884188890405e-03,4.493017011853961363e-04
3.204363433820055923e-02,6.765914975105248585e-02
5.386109244897140796e-03,1.063894679088606306e-02
7.674333806158840920e-02,3.028935902745521005e-02
1.906342514928627838e-03,1.047104305394693652e-02
2.208374133846085184e-03,1.660819458548174472e-05
1.525811383320519743e-01,9.801175844140752602e-02
6.472366387984276014e-04,1.695850707952757013e-03
2.288259973606541803e-04,2.247471375731087699e-04
2.617931943495026004e-01,3.126393966636498156e-01
2.483443371273873213e-02,2.793291385152040299e-03
2.741626596599249302e-02,2.745423622404619818e-02
2.765233321669469460e-03,3.654781770121319755e-04
4.387563001528414081e-02,2.748138217933499342e-02
2.426207037703740493e-02,4.031215728804177049e-03
1.535609219652414315e-01,2.536623276885251466e-01
9.860226233267959106e-01,9.794049764391363766e-01
2.663982784363438938e-01,1.686495216535155439e-01
1.799854810038313199e-02,6.705100743408483940e-04
8.883816348889794767e-03,5.553088510695914672e-03
1.050253371899897009e-01,1.436687894016159539e-01
2.887857024882765911e-02,8.141480608437544689e-03
8.392695773248316435e-03,2.651509948726177984e-02
4.981445328339184631e-02,2.130669330242783779e-02
6.364513341240991655e-04,8.759257091876297696e-03
5.879221637870470779e-02,2.565808015905162928e-02
4.629158505948584301e-02,2.859460949074146136e-02
2.869373680938212476e-02,6.795933902633277679e-03
1.790911934682229423e-02,1.697417885984536107e-02
4.304666159928113162e-02,3.904175811978581601e-02
2.453185901745946625e-07,3.403507209192053497e-03
4.578879561542359422e-02,6.439751815279097513e-02
1.461634971128637772e-02,9.434933420780655276e-04
2.341296485366780866e-01,3.620414396269531210e-01
1.869734230197319935e-01,3.189163339989756207e-01
4.450960991132694804e-04,1.625189696916984339e-02
6.658099621808881430e-02,1.291705720288056081e-01
1.568371467851541624e-03,5.555260363158784354e-02
1.735726233993361775e-02,5.731737981754924521e-02
4.287115395249158079e-02,3.473058282510016470e-02
6.539139541684735324e-02,5.808899765408463006e-02
2.055355209385737458e-01,2.843557537207354602e-01
3.375219903755671130e-02,8.756007644526296596e-02
6.173482355331575550e-02,1.666275159095500016e-02
6.230262205491552546e-02,1.060824959187629812e-01
9.948958058127792270e-02,1.188790893575901036e-01
6.107428159327006915e-04,2.308986890494240177e-02
2.166750158543351984e-02,5.973646393985784309e-04
4.285734832977276809e-02,2.430759033596588403e-02
1.188707019944316989e-02,3.556466216546012166e-02
7.009993189820418191e-02,7.993139478411334653e-02
3.448998948016149951e-02,1.598199626929966768e-02
1.827151699525797202e-01,1.344927012956144696e-01
1.062626796413383840e-01,1.401066716648565469e-01
1.380680914034601581e-01,1.991581647390328891e-01
1.598745275459253698e-02,1.896763747575031314e-02
1.114738916115930040e-01,1.079499839149648810e-01
7.006052557515064505e-01,6.817145126586950932e-01
7.021085383732529606e-02,7.306430129020184683e-02
2.448603028865297127e-01,2.527549365412605775e-01
3.367016449579793985e-03,3.790940345980787959e-05
4.798273910686770560e-02,6.912169976630112844e-02
2.887842521247178662e-01,2.933273479404406303e-01
2.243393408076007067e-01,2.052259301970488226e-01
1.440272504509930983e-06,3.361326675888113430e-02
1.182770413052076051e-02,1.021688339156138050e-03
2.850079708760478586e-02,7.271923103555565614e-03
1.522270166462106472e-02,5.736005038559375407e-02
7.705833952841957546e-02,1.751906526737116165e-01
1.682974212851264233e-03,7.049109854989021005e-04
5.782007475277076841e-03,3.125984258495777268e-02
1.580808177559647199e-01,1.278029137369796064e-01
4.257473624891974090e-02,1.405074035850477909e-01
1.808065980247439697e-01,1.950329512208030525e-01
4.471718085539492377e-02,4.186147984279321721e-02
7.504693220137004760e-03,1.843771527581332913e-04
4.853533524610769909e-03,6.697798013668225222e-04
1.035958903059079894e-01,1.152577304132955394e-01
1.688772463017150782e-01,2.367662006421717424e-01
4.380077277566388205e-01,6.679982086835498656e-01
1.360319944109440390e-02,2.186649615698471605e-02
1.187859600679804645e-01,1.875251913438334000e-02
6.334867574670195213e-03,1.178767785300892205e-02
4.380806478776380197e-04,3.988934219256889957e-03
4.497309792902846361e-03,5.409231058797454861e-02
2.415111956766486864e-02,3.956179928426050568e-02
8.207504512609931080e-03,2.232044739899708211e-02
2.518489516525509453e-01,2.288696047997939298e-01
3.049227732090328824e-01,4.033373344431663843e-01
3.042674424470084293e-01,3.750554104221239804e-01
3.147431236597509341e-01,1.743433286812300642e-01
6.281810911999782809e-02,2.037487747553362247e-02
3.794589036892721534e-01,5.797231176833281818e-01
2.141525561828489313e-02,4.078886631323042772e-02
1.598149158171606769e-03,3.951691927974046795e-03
2.173473970630490984e-02,2.902093798548023920e-02
5.802569925186894370e-04,9.483796214227130025e-03
7.388231704906640315e-03,7.422857106179895324e-03
1.274726320225258794e-02,2.504295576139368290e-02
3.497144982183506695e-02,1.024834020297633527e-02
2.081102874917377388e-02,3.214067123198874332e-02
1.988367985266585938e-02,2.755250526594527766e-02
1.178141592623949477e-02,4.328505136094468186e-02
2.242961732717220144e-03,2.673881998108694480e-02
1.396549546847829781e-01,1.451975491188704503e-01
3.785570078350857792e-01,3.693369140690937469e-01
1.076605756655140030e-02,1.549577674024541635e-02
4.345855444173200161e-02,2.665850287008176070e-02
1.288975182719281388e-02,3.837163033357820358e-02
3.938153699246574879e-01,2.243690636373559255e-01
1.084418807839518384e-01,3.456041922398355587e-02
2.903280077005788995e-02,2.739471456434177180e-02
7.372196130485566927e-03,5.502353707167386039e-03
2.491560317619458675e-01,8.824010201987830815e-02
3.316664476469231015e-01,4.091213862688054537e-01
3.985394101853834137e-02,4.847759973831958918e-02
1.189067893369535056e-01,1.013293002332528725e-01
5.537984415729536175e-02,9.891468611411438627e-02
3.116489679060748322e-02,8.284611644943220892e-05
1.426762806708949290e-02,1.590488759209576775e-02
6.389287599113315386e-04,2.581381067603709736e-02
2.543904938484765621e-01,1.169034087088182960e-01
4.358429514974620361e-02,3.910591522712981993e-02
9.626051114386742491e-02,2.774500712249156065e-01
3.683525897860442933e-01,3.554277718954242937e-01
5.511230115362081988e-02,2.380339224471154924e-02
1.922430546397177822e-02,2.270169947136033498e-02
3.672653686896663796e-03,1.290239489978975732e-04
1.858313695166834978e-01,1.512993358071355321e-01
5.691328437368695786e-02,7.006512481482794763e-02
3.477438029606839259e-02,4.883875603555092731e-02
6.421603421087516972e-02,8.025622359266600114e-02
9.713666191446744536e-02,1.052687798589262008e-01
1.810879669868351721e-02,7.724335389495091270e-03
3.326562968293481776e-02,1.040356516779218365e-01
6.949211875014502660e-01,6.874041276271748435e-01
2.651488761601547214e-02,8.489016451222776427e-02
2.322414683822739134e-02,6.897365212356323418e-03
2.356260457909964967e-01,3.123641892234152451e-01
5.652544989533596353e-03,3.077382165584219249e-05
7.139397301564821552e-01,1.134396618661726031e+00
3.982369344679615071e-03,1.147457933286185261e-03
4.728161201142581926e-02,7.329350125563519058e-02
2.428631128405777523e-02,1.544995501182108190e-02
7.871941551319999730e-02,3.411087934299193714e-02
1.103945903061073625e-01,6.597279909833764222e-02
8.936020050565098016e-02,8.459391009719668952e-02
7.950499635718423497e-02,6.005736452195494651e-02
5.365858102953626751e-01,5.102945965740133261e-01
3.144620370475452176e-01,3.629919794147911105e-01
4.738053578910958463e-02,7.118584030309503541e-02
4.002024230318586978e-02,6.442075524906423767e-02
2.070490556764199297e-01,1.554006009541085420e-01
1.700793410535456907e-01,2.124679114961168791e-01
2.854648068802630688e-03,2.965082921550216827e-02
1.960702515005118551e-01,1.920955624348437696e-01
9.326122314879778386e-02,9.761637684704109474e-02
3.776571698674596189e-01,5.411850306386196685e-01
7.336424792282623952e-02,7.576899203009869466e-02
1.610366775381772558e-02,4.369253418762184243e-04
1.239969149318303522e-02,2.784819039069543509e-04
4.591215879801756328e-02,4.121065243096118380e-02
8.683250844472821528e-03,3.959680926721892077e-03
1.537427304805395745e-01,1.208560009120845380e-01
2.727795997398360390e-04,7.935877179025000372e-05
4.030512906785288507e-01,2.251237279428274507e-01
5.920705780401557677e-02,2.560594895645349617e-02
1.324475217089065848e-01,1.093852065733404433e-01
2.737019884315216103e-02,2.264649317369659201e-02
1.847122735205307953e-01,2.850093532387819595e-01
3.792708414625740043e-01,3.526449859067678494e-01
1.532819607672515627e-01,1.398787136356824390e-01
1.924116589924113225e-06,5.708192930110915497e-02
2.059811769615425318e-05,3.330664123449392222e-02
4.738705389367364740e-02,2.712945459750208330e-02
2.935132481227988727e-02,5.952176238535942382e-02
1.075674205923196885e-03,7.679648106844347787e-06
1.586754254674111950e-02,3.270945333429655776e-03
6.435715316612364290e-02,1.195138794252614961e-01
7.073393099764048453e-02,6.874822961435418656e-02
8.990336559206589528e-02,1.412177481973525550e-01
6.325589193370213803e-02,7.792719731121829085e-02
5.549457034137688163e-03,1.956619830448068538e-03
2.123862240223208797e-01,2.289311208965007505e-01
1.118337749591653829e-02,6.270481401915972697e-02
3.042439726109129067e-03,7.557649682369632855e-04
3.505632976716702696e-04,2.751429921245933038e-02
1.053486039781429719e-02,6.256701287974576623e-04
4.174202607906664364e-02,2.637602308612299953e-02
1.228560065997183134e-02,1.071794543881495441e-02
1.008409299634854817e-01,4.002967780714246360e-02
4.261780192028498740e-03,7.136145276560798556e-03
2.028502858863689973e-03,9.345369300546217325e-03
2.747076540702254599e-01,3.211380729958973612e-01
8.335908113641175843e-03,1.319168512963479409e-02
1.303217321153431196e-02,7.075393142345952346e-02
1.472711918640992323e-01,1.486786406790151227e-01
4.040829702649686821e-03,9.353115977664685707e-03
4.209150405205138168e-01,5.212969860251592813e-01
4.902165221458820027e-02,6.157936684209199679e-02
2.015014983485616251e-02,1.314457802355640213e-02
1.350561423391646344e-02,5.210505858489105149e-05
8.360979134720328276e-02,2.955444112937202338e-03
2.902978733126896915e-01,1.359268076815194071e-01
4.296380964367101929e-01,4.329900549883139438e-01
1.126516640852380791e+00,1.328080842786163451e+00
4.273473574013943177e-02,2.327212594527810693e-02
3.179674870741775405e-04,1.127393144777933363e-02
3.403217092620122175e-01,1.877784837371795912e-01
1.053345839503136011e-01,1.038222472442027755e-01
4.752661392796173750e-02,1.256191623902989662e-01
4.345700703233715823e-01,1.728944080463031274e-01
1.975534833413181927e-03,3.241778205695638321e-02
8.674149510548949393e-02,1.861416673149682288e-01
6.994097359494066968e-02,1.145836206781689418e-02
9.105404315588429276e-02,1.073507423693325358e-01
1.267048246345503781e-01,1.323072798613545986e-01
8.491525932339075156e-02,1.071556377195832244e-01
3.326628391019796280e-03,9.312832432921438336e-03
6.265541756914073945e-02,9.545804453901960904e-03
2.205385977835815359e-01,3.103688296611224473e-01
3.351070508981791179e-02,3.151049551338834130e-04
