Pf,Pc
6.307332948107459425e-03,5.689283757318585287e-03
4.767932651126419175e-03,3.239434570883003434e-03
4.053094334076506753e-05,5.721214844075429200e-04
1.333553582822432915e-01,1.205065304589154895e-01
1.172793507680095493e-01,1.442547306593243150e-01
8.225982216219848838e-04,1.500066436818722456e-03
2.786693591886010499e-03,5.709224111973000039e-03
7.384295408740705613e-02,5.172798996311739339e-02
1.982616005780757362e-01,1.673031034846290954e-01
3.573906664505452357e-01,3.553271617582720032e-01
1.158729842875228823e-02,6.413478727535736751e-03
2.299609146701281359e-01,2.586360166923876158e-01
2.826286605764743391e-03,6.313663973404544426e-04
1.466424218083421660e-01,1.631986862521337123e-01
7.741765496328993157e-04,8.490641854295523426e-05
1.409067226242083914e-01,1.406508737863526037e-01
9.111917851800790252e-03,7.503443638695221976e-03
1.917893749083482424e-02,1.416732265737343302e-02
1.055330093650925088e-01,1.288433519168931118e-01
1.183155584876254678e-05,3.971872696307440732e-04
2.968421764129584028e-01,3.155419147328090146e-01
6.502755861859088257e-03,4.974946966599382188e-03
7.512054856080095655e-02,5.798415520972662746e-02
7.805716507271616422e-02,7.963659287406517351e-02
1.555235337533694417e-01,1.660908449982857193e-01
8.228615966294010320e-02,9.150587272630644753e-02
1.069963951895726434e-01,1.018372761956072986e-01
1.677655066662857020e-01,1.447517905162661322e-01
7.856368818512067878e-03,5.460928356636703986e-03
6.271911382175743288e-02,5.778379450138835388e-02
5.760758921606059374e-02,4.360410892735900462e-02
8.898370808379346686e-02,6.813598719579394558e-02
6.942533164672655410e-02,7.301704242748083273e-02
4.818593518385578395e-02,4.423549378443845242e-02
9.034815140660954966e-03,1.644746524302656207e-02
1.524634766045333129e-02,2.024882982822381536e-02
2.054987897905092545e-04,7.993214206026803695e-04
6.853361835767410315e-02,6.224273803173762526e-02
4.151408724880985973e-02,4.830249302266079875e-02
6.651027303671416102e-07,6.925874681693230397e-05
2.180122845383718894e-02,1.844937569485983336e-02
1.317283920157348923e-02,1.778719711913938004e-02
2.576341987168125347e-01,2.550226917016133465e-01
4.928662913518027516e-02,4.758094600297139293e-02
4.970606859215331505e-03,3.710880228928214227e-03
7.204325970416229630e-02,7.364914283334149381e-02
2.042242292683679183e-01,2.205586308217925284e-01
8.035549938807770576e-03,8.073491811137336466e-03
5.900092927270218779e-02,5.698307427161728583e-02
1.569040284568541943e-01,1.898648011323513796e-01
2.222571233408810604e-02,2.265526270241442416e-02
1.034388708551826491e-01,9.676300517252581224e-02
1.520644343254784481e-01,1.530932074078423522e-01
8.972030456406063226e-02,8.265715881709781443e-02
1.312404978688736261e-03,4.578482773875790094e-05
5.450224847638267950e-02,6.329357939935215116e-02
5.794713701814208778e-02,5.642620438342621503e-02
4.965544037916317932e-01,4.752267228944939692e-01
1.378839444056175756e-01,1.262334796919462321e-01
2.166346580695048263e-01,1.928841939967913810e-01
7.550046424147140189e-06,1.083651902500420625e-04
1.255907361598985464e-03,2.931063153480378825e-03
1.891535030087723376e-02,2.565909437006999930e-02
4.238148157740534439e-02,4.230465233320860469e-02
4.702125747313152387e-02,5.607739137035429311e-02
6.314811394174108103e-04,5.340638190065519349e-05
7.473013597647375737e-03,8.416159569525712494e-03
3.193640539624575253e-02,2.758125861935601872e-02
1.358565045220399593e-02,1.029878094434180484e-02
3.980692942670969181e-01,3.627814660224853438e-01
6.851689447911152309e-02,5.607673289837496883e-02
1.390859071691508131e-01,1.600554486268712107e-01
1.276593773301866290e-02,1.129797217499922679e-02
1.883594427625691903e-01,2.006390328495112063e-01
3.595309030436262265e-01,3.305356931614755189e-01
9.678617410420516098e-02,8.002383466369776543e-02
3.891598004350775401e-03,2.516758359124130623e-03
9.327835278496576787e-02,8.530964275787558670e-02
4.171598267423962808e-02,4.361544820943780154e-02
5.528535544989342243e-02,5.550853457548603209e-02
9.115061533725654641e-03,1.594407514684041682e-02
1.822446111406101077e-01,1.738399108235618440e-01
2.051261993530628658e-02,2.197449749641266353e-02
1.979222703596867500e-02,1.200317152234584885e-02
2.694140974631907201e-02,3.139380672206175393e-02
3.197421262559858174e-02,2.869425838195245604e-02
1.384121032244034358e-03,1.339375611613353133e-03
2.291992463245731346e-03,4.628297626267974946e-03
1.752205137021584092e-01,1.884838476072243918e-01
6.865131949661784638e-02,5.609281827797794190e-02
3.679924512500056671e-02,3.504470147096065691e-02
1.876399969328897688e-01,1.852466560788486316e-01
5.409808075301592023e-02,7.067507196057323804e-02
8.998248218694221423e-01,8.986890728663792238e-01
4.996096515643473346e-01,4.803744588283053174e-01
6.168781197091111523e-05,1.017464247415039155e-04
1.768470819747875117e-03,2.209106776857086216e-03
1.903381536986285538e-01,1.784517388225429213e-01
1.200247418331750436e-02,1.268536763210113133e-02
3.262455633136399080e-01,3.766939657992179336e-01
3.098567930512911503e-02,4.299252791213337144e-02
4.038920168256875977e-03,1.082073810457930343e-02
1.350337049952591573e-01,1.180580564764772550e-01
1.644231962207127681e-02,1.190187764264368474e-02
4.080178870498971100e-02,3.867880896481370318e-02
4.517357213181229236e-03,1.895991904550815193e-03
2.682468585008388438e-03,7.155995614019910502e-03
1.119223667547384243e-06,3.320804469292364905e-05
1.774638446740592623e-01,1.668843202304823581e-01
1.738679016364972907e-01,1.578267152127232065e-01
4.741609779907803718e-02,4.661073063012770301e-02
6.226119923820036539e-02,5.970953436342604087e-02
9.108996169000495519e-04,6.252864441239281345e-05
4.711802032728020645e-02,5.466963979854885802e-02
1.299699728295016822e-02,1.856614678498160614e-02
2.725514648233416659e-02,2.482995734803402840e-02
2.069842153353675385e-01,2.407149346521247901e-01
1.040847695737294604e-01,9.304877576254808047e-02
3.255582872756017654e-01,3.092208875271196811e-01
2.221134472908436325e-02,1.796425349257051510e-02
1.798502504050305817e-01,1.912066526226117447e-01
1.985178785425631698e-01,1.800752906728130820e-01
4.847206983151007564e-02,4.248744748146253414e-02
3.020805591496938947e-02,1.879070232049390859e-02
2.069676509956298524e-02,2.458395206386580767e-02
8.713766187603763647e-02,8.239546250192293642e-02
8.348651133948603587e-02,8.564628855856316891e-02
3.288550517373692306e-02,5.009389814468300645e-02
1.086550087112518777e-02,6.348788784470124451e-03
7.872448837223437745e-02,8.334997684903167059e-02
1.102923718487442695e-01,1.256882622149035900e-01
1.305266277127185015e-01,1.352867086139959152e-01
2.390492137396125760e-01,2.205593546778686909e-01
5.458943512627347783e-01,5.682625665664327030e-01
4.964011302377814572e-02,3.456274647944931194e-02
1.788674466625943477e-03,2.089936498244009989e-03
1.787280567638438455e-01,1.993067261999838247e-01
1.932678135000795161e-01,2.067715590338158604e-01
1.549004920126932638e-03,3.417521266248823523e-03
1.062295835577539357e-02,7.159363449428389654e-03
5.012447932876411272e-03,5.738158866331596886e-03
1.554286633815932517e-01,1.636221519796122736e-01
7.599063039507639172e-02,6.775213091904043472e-02
3.863131981245749441e-02,4.466662933917625589e-02
1.204143364522776774e-02,1.875252952864662342e-02
7.094070109325012474e-02,6.618239975102216399e-02
1.561236321095059720e-01,1.703647278302480028e-01
2.173115594790816715e-02,1.187938177870091067e-02
1.566903456008484076e-05,3.529185146638752360e-04
9.028549188270541814e-03,4.643916149489597453e-03
1.196410829259357128e-01,1.427336685681937223e-01
2.157111233617722140e-02,4.343914576554766538e-02
6.254704366176272456e-01,5.788310516663659477e-01
1.546079804893450149e-01,1.714421981152407792e-01
7.657808760750059733e-05,9.272533503744265822e-04
1.341545135519608689e-01,1.223501323733781065e-01
8.569480543887941781e-01,8.356692392265413494e-01
7.629071238607729177e-02,7.527060537405462493e-02
3.129300067713738811e-04,1.350551300400692079e-04
1.513910166132211854e-01,1.597094767007743443e-01
1.892661956601372555e-05,2.558051535051426872e-04
1.394852130990513472e-01,1.550810879975847156e-01
1.145564778863407754e-02,1.127828169453794563e-02
3.727557805334580756e-04,7.896022025458678071e-04
1.402817195694940587e-02,2.318263067822727563e-02
1.624513617399341893e-03,3.857675694644998286e-03
2.074628348619519946e-01,2.207375372266274782e-01
2.219238966152335402e-01,2.264626638639087586e-01
3.035923707942254565e-03,1.159764835006383052e-04
6.752552731998881508e-02,7.937065858002444185e-02
7.952024220947793293e-03,1.105379173741146206e-02
1.706868229400041459e-01,2.059088720266231409e-01
9.267280194591077935e-02,8.605149490319578820e-02
2.687537293268448257e-01,2.508573581010170028e-01
6.709535291500809146e-04,3.706016362683426713e-04
6.502220860442335659e-02,6.773906864626551283e-02
2.981325225859591740e-02,3.570663762181548045e-02
1.693090207815251078e-03,1.179936643333430934e-03
4.357109011926291881e-02,3.668795524835723881e-02
8.776438017219700613e-03,1.593943843534595048e-02
9.358382405528527584e-03,7.184454069608671965e-03
4.310752234021540154e-03,2.577347808424384091e-03
9.554138318029460619e-03,8.129040756558011255e-03
4.739181260114221778e-02,3.477391730462771335e-02
2.492137869861084376e-01,2.612949792664487347e-01
1.363908495453862169e-01,1.328556973879287673e-01
5.134545399304561719e-02,5.323017205637983751e-02
1.006037989878413516e-02,1.128723925773864739e-02
1.156242309796763762e-01,1.095333224443098830e-01
1.647108204918074428e-02,1.772419095898179059e-02
8.162115401146348426e-02,8.453752262067894263e-02
5.703770228854915247e-02,6.423496855726294752e-02
1.608073764392412008e-01,1.517269746513978113e-01
1.029246483571541471e-02,9.684785921855430108e-03
5.022360313022494749e-02,3.939913564362878401e-02
1.285739451763844299e-01,1.251741285895539013e-01
7.913316967219410350e-04,3.625228481709406501e-04
5.766159870275391897e-02,6.386135828240013801e-02
1.425471240068271021e-02,1.614190241592819777e-02
3.541050561858531936e-03,3.591770344551976674e-04
5.134543327989692096e-02,3.934931977883012605e-02
2.410271488102730050e-02,2.632599505617169017e-02
9.176329174828155855e-03,7.542120561981151099e-03
2.009474512194523999e-01,1.649719923857196069e-01
4.201330471092949992e-01,3.877166396324890352e-01
5.179743327933989533e-03,5.631177412038270054e-03
2.658815412408350228e-03,5.698138342676756273e-04
7.676492825557032496e-02,6.429522315489470674e-02
5.178720245564310577e-03,1.776518530104701996e-02
1.000687087877312085e-03,5.823973309602698380e-04
1.026825055003012521e-01,1.110651634656093512e-01
2.486924587331907632e-01,2.482478450736752273e-01
1.098641818138820503e-01,1.269691736918968361e-01
2.666434317779838303e-01,2.588296508426350950e-01
1.720367400250626122e-02,2.969857084790397672e-02
8.142806034150765204e-02,5.821089064000536939e-02
3.328300357821462052e-01,3.750092970408070991e-01
2.198925190529930906e-02,2.455046786793573660e-02
3.794387756959446967e-01,3.656293066938082759e-01
4.840562488581683781e-02,4.523232908325230950e-02
1.911220562724720018e-01,2.150774756689171618e-01
5.257826465161257118e-04,7.021119136048287798e-04
1.294132441426218763e-02,1.431008742048715289e-02
1.412832338031823516e-02,1.538893079539218819e-02
2.478264301406785941e-01,2.601473813544301072e-01
2.672264860639560480e-01,2.610256608017736402e-01
6.228721441123052927e-01,6.135198180076598673e-01
9.776918676627070759e-02,9.213584758932244489e-02
3.860978581114072488e-04,2.023329818964581298e-04
1.047785680843728306e-01,7.874798024445202327e-02
2.321129927667658632e-01,2.249459083416550098e-01
2.753600709161928978e-02,2.361940776326945310e-02
1.698580252925147721e-02,9.506596513049872521e-03
3.538348040063519218e-01,3.191279092605588397e-01
6.480190749526981535e-03,7.542924422265345416e-03
3.215974621147066892e-01,2.972005388654784253e-01
3.768061049913923322e-02,4.357226370850381114e-02
5.196314647904839859e-04,5.242345234740425916e-04
1.038698725491639076e-04,1.088042769982290657e-04
9.188322082073285824e-02,1.198196035773275853e-01
5.666409116116732404e-03,2.701368813731366142e-03
4.302323748047042623e-02,4.012447834179625611e-02
3.755902623677839225e-01,3.720070731699652300e-01
8.660157152879398301e-02,8.849654308292513594e-02
1.269487104682392453e-01,9.654027703404892413e-02
3.202447225946519066e-02,3.959370223957841411e-02
1.845549004799444670e-01,2.192989905515320137e-01
7.017355451796999932e-02,5.275535585407048478e-02
3.045291397672751366e-01,3.300102454662056095e-01
7.781741958678909700e-03,8.775021104999706015e-03
2.669689403754957335e-01,2.633097923946808860e-01
2.632302120616448193e-01,2.726221930939999871e-01
1.993795767885463144e-01,2.316320507169817300e-01
1.408041913361105651e-02,2.086272258823594627e-02
3.052874754696156476e-02,3.087241867937223772e-02
1.954792505899878574e-01,1.952481536174806298e-01
7.089345327447944996e-04,7.991511883493320953e-05
1.887108711986965753e-02,1.760099378786202096e-02
1.824866626515394413e-02,1.475477001594259138e-02
4.317391578745630176e-01,4.249601583890093570e-01
5.581862716155270437e-02,6.510094984723548139e-02
3.988184607966781953e-02,3.747873392931944797e-02
8.543436436047115168e-02,8.210452519575130170e-02
1.028464830882724751e-01,1.303184095365159945e-01
1.133130047974995475e-01,1.091172971574973088e-01
2.976812489993413413e-01,2.959153383141236993e-01
7.545499639230874855e-01,6.778158126233221337e-01
2.730228286639219213e-03,3.303897751711352862e-04
8.876995988108739299e-02,6.843452243451828010e-02
5.289580132710942385e-03,5.194740799588848032e-03
3.065452010834925425e-02,4.997768619723705341e-02
1.119369181462775281e-01,1.020257552433861820e-01
2.646582522018145131e-02,1.876147114077527170e-02
7.514881472946148555e-02,7.455973204544946720e-02
7.412448280360857122e-01,7.348368390456304633e-01
9.347625637290746248e-02,1.097404931818434515e-01
1.361441401096915079e-05,8.370176504522229121e-04
3.521141303463513200e-02,3.717861257261927815e-02
2.045905133715174018e-01,2.145905898673855505e-01
1.684546770884702950e-03,2.414574681967187209e-03
1.096989174931587568e-01,9.087381156168300445e-02
1.400481023590119563e-02,1.469372021251522109e-02
1.161862683512726244e-02,8.833399082581624290e-03
5.510157558082073512e-03,4.317615941991342042e-03
2.316429874821229751e-02,1.156834715508196429e-02
1.178669626679612475e-01,1.196641845324721148e-01
1.309316385542569350e-02,1.188329917391751055e-02
4.834806682579454451e-01,4.310926822507959999e-01
4.377920925801864760e-02,3.606199587299672299e-02
1.124305831992502246e-02,1.874974890982265829e-02
8.566716426977534493e-02,6.358395952587463096e-02
3.681616405544116052e-03,2.099323357830011009e-03
3.276421952902014954e-03,3.581284001424126125e-03
7.634863047276253638e-03,7.048562583418841419e-03
2.518711106763892316e-01,2.373952465858025218e-01
3.333789770269967798e-03,9.071504587310371542e-03
1.588197097565132720e-01,1.512858309891047248e-01
3.579938665936157737e-03,7.577023283607071859e-04
1.252858363379124890e-04,6.540499583023919473e-04
2.390476063211628976e-01,2.779005392406619923e-01
1.816552858331847431e-01,1.869679448545693012e-01
1.288203758133864459e-02,2.001802255101015060e-02
1.621752179181059073e-01,1.516167348100326273e-01
4.262034354538815628e-02,4.609074635206802245e-02
2.803509452795901330e-02,2.234073702321217464e-02
2.837283444131076249e-01,2.800379370653894862e-01
2.647568498383030041e-03,8.433104127350416965e-03
2.602774681599166473e-01,2.478233337680960657e-01
4.198512905303750792e-02,3.948246414869749366e-02
1.291222226783988736e-01,1.123683257998587676e-01
2.652322226499674238e-02,3.354965205319580118e-02
9.015518899235296091e-02,7.768203978878172877e-02
3.528104170577042037e-02,3.259943912239060548e-02
1.697511328737022207e-01,1.298873022756125983e-01
6.681301000345501572e-04,5.698796257053140144e-05
1.167218452911928696e-02,1.044487149829975009e-02
2.385688798433673596e-01,2.702814308616097172e-01
1.521552395732608462e-02,1.464881199787896292e-02
7.775132258961877903e-04,1.327386596848117431e-04
9.882715490824617310e-03,9.788640422851843312e-03
1.473386308917149466e-02,1.149231395160549112e-02
9.999070369614539155e-02,1.196252019450958770e-01
1.501418229658655901e-01,1.708016069313038343e-01
1.693772725951948332e-01,1.596232799864605867e-01
8.353800029142267880e-02,7.946559461890642662e-02
2.992814537434320028e-03,5.097942219703196012e-03
3.514026806268241796e-03,3.822581233344848894e-03
1.597442697470845829e-01,1.484443882477885224e-01
2.476182370103508661e-04,7.305124132079463765e-04
3.671058333226706605e-02,3.678754031889259341e-02
3.323832488470671725e-02,4.132237994534926351e-02
2.756472679054523464e-02,3.760978403452670121e-02
4.396343057695528134e-01,4.833665208541781944e-01
3.914898296447795745e-01,4.026541606517772265e-01
4.348155986591720201e-02,3.667283000843916951e-02
1.349109288147976038e-01,1.331785803573183047e-01
2.518013976512232556e-03,1.055733174842545495e-03
2.787200728480426423e-02,3.707647574150956665e-02
1.309990284686074827e-02,8.101300069190141978e-03
5.005314667929993506e-04,1.414824682344551811e-03
2.971061364711425831e-02,2.178109506769606435e-02
1.792424077991943213e-02,2.745672073583510855e-02
1.558051960647291283e-03,1.420640227822031780e-03
1.745767096204921265e-01,1.643051397171202410e-01
4.063192619916249602e-03,8.089734119789431313e-03
2.322626765576469021e-01,2.810614805105110525e-01
4.352233172280753348e-01,5.076756731924811916e-01
6.300226880536568923e-03,7.335563645606989550e-03
1.482842917238136153e-02,1.882472875503110946e-02
3.794251179292134485e-02,3.710792127722281619e-02
2.485055998145125067e-01,2.530478237846970901e-01
8.712934270594595298e-02,8.513590602527762452e-02
9.240105244060935197e-02,8.516461362736722773e-02
1.886938653474411753e-01,1.909240390654921848e-01
6.874213891136027321e-02,6.132924310758482850e-02
2.182608749459287109e-02,1.467682296001306640e-02
5.408324450756089030e-01,5.582427762753838785e-01
1.313376196452741007e-01,1.343400553163261735e-01
4.557960329188454618e-01,4.542660623891031091e-01
3.792722814910970408e-02,2.392929069269438686e-02
2.907057669589322140e-03,5.532265788942351305e-03
4.215403838809357422e-03,5.430098491978729847e-03
2.756037047827334385e-01,2.956054583404322811e-01
4.505780339761725900e-02,4.831585410446626733e-02
2.803906765012108022e-03,3.772977189080461199e-03
6.095121239705405917e-03,5.710446252299604918e-03
2.468703395325399230e-01,2.740663870399309143e-01
3.567280524751370528e-06,1.286738831418979831e-04
1.639020204414629311e-01,1.512839793034420899e-01
3.489225198026894847e-02,4.524833127333717508e-02
2.505749281670022308e-04,2.326697246605309057e-03
1.614928739768925004e-03,9.388186196658676185e-05
1.569149103948963521e-03,1.892136579534925032e-03
5.134494104914973100e-02,5.238748871077608671e-02
4.392567224280762017e-02,4.639317954036802777e-02
6.284679304352262796e-02,5.532911380676806129e-02
1.909021124029487357e-02,1.401501094451007394e-02
2.043320550445092143e-01,1.906172634348923534e-01
3.513566021908214876e-01,3.087565929985052193e-01
1.526688699936572802e-01,1.687654438325230377e-01
2.587100373212131502e-03,5.491426214224103507e-03
2.166614887013034174e-01,1.938018617517736630e-01
1.985140752615855153e-01,2.107070788878152579e-01
1.251878679958745057e-02,3.571077668791004540e-03
1.707659908316477501e-02,7.229974383637100509e-03
6.987368927281394082e-02,5.917077656536996744e-02
7.517854517914174250e-02,6.689471559686435698e-02
5.038425089759488926e-03,3.322918877574833774e-03
8.366802549009201605e-04,1.490586860083165186e-03
1.466211034609178621e-03,3.288964237240050211e-03
4.079478381039028378e-02,5.376816463297660886e-02
8.695816233373966642e-02,6.987442257410543534e-02
3.699388620765437508e-01,3.767886998044092106e-01
1.870828803451861019e-02,1.236293571457885987e-02
1.429808499080500485e-02,1.155100800426829034e-02
3.992938672337534300e-03,8.000476731857375338e-04
8.795177617192724171e-04,1.046654473216890096e-03
1.144411480930954556e-04,3.838497203965451421e-05
1.621472091278882699e-01,1.846685876001431803e-01
2.178054256173757308e-02,2.217201748781974166e-02
2.660363186732702528e-02,3.555563655330159362e-02
8.432491278506981658e-02,8.410708940912209330e-02
3.618611290606424391e-01,3.403844092433075952e-01
8.825707232357825616e-01,8.339785549226944594e-01
1.051333191161505504e-01,1.056917207942802833e-01
1.364766079261090469e-02,1.068034840726412096e-02
3.273199755734445410e-02,2.695811280905206428e-02
1.755742885987504089e-03,3.357148928618583408e-03
3.271196630770426689e-02,3.661858316476754999e-02
4.813749407521415898e-03,3.213592288293380846e-03
1.049224491276352922e-01,1.039030361277868686e-01
8.104561992897298117e-02,9.247804794053961219e-02
1.323280807993246766e-01,1.212346036025628432e-01
2.168946975557682275e-02,1.792281430303447817e-02
1.013398773033012401e-01,9.421978359971207306e-02
1.273861044450388391e-01,1.284221164216875766e-01
2.167810457006683067e-01,2.059755834346993497e-01
2.351421877740484112e-01,2.522340149720566083e-01
3.819367696914910404e-02,3.248811779575309228e-02
8.930033858419341233e-03,1.052991628785975887e-02
8.316213031357862218e-02,9.118161403294140765e-02
1.457771659523300067e-01,1.196083661588434321e-01
4.687275607240469141e-03,8.622007538664796036e-03
3.424670549593009788e-02,4.084061840538484589e-02
5.477689769103973871e-01,5.752802483802826883e-01
1.797005237354065699e-02,1.560288653571806176e-02
8.721990940456443575e-02,8.986478781927424719e-02
1.066593338379907222e-03,1.668334609074575547e-03
6.597326301978193031e-02,6.329009562748888484e-02
1.116259004106266717e-01,1.027671350989668164e-01
4.763324527209007730e-02,4.935987551605277440e-02
3.731362619334615199e-05,3.713839443906544148e-04
8.762559334303320069e-02,1.218576516560063577e-01
9.661222459773440019e-02,1.150449599834168085e-01
4.509289926694686618e-02,4.592942655725933826e-02
2.317679370590675081e-01,1.941111709553750286e-01
3.175309940830429306e-02,1.898170730745936396e-02
6.969655309363022300e-02,6.775203230003919164e-02
3.692513427270220916e-01,3.448639273163856545e-01
5.189017579434260750e-03,3.455035758249821835e-03
1.081263212810468742e-02,7.421058498603885951e-03
4.345192189169170272e-01,3.833441795496420057e-01
1.373525981891140224e-01,1.292285295705478121e-01
4.629076125568012262e-02,5.957430392968585814e-02
1.438152176307412600e-02,1.497826472073025134e-02
1.236308630298028621e-01,1.175046455048995853e-01
3.344526085178929908e-01,3.093272716545092949e-01
2.746387744970977263e-01,2.225693710628993960e-01
1.945298437561710642e-02,1.719786814086719101e-02
9.715828190944442166e-02,9.806885330795117595e-02
1.838800345881767828e-01,1.922322009161883394e-01
6.212599711817879018e-03,6.372326889165548687e-03
3.713952065177043090e-04,4.948422384942506103e-04
2.062150712132341732e-02,1.553463442018831672e-02
1.378331832266443957e-02,1.140287987910977054e-02
9.792700597316617711e-03,5.921100225166108302e-03
2.808689458392435792e-02,2.673939679692341476e-02
4.880699973702821992e-02,5.585591395297461598e-02
7.891000683246151073e-03,5.692822110682688001e-03
4.074268228349179656e-03,1.329565541275666649e-03
1.476589383691374359e-02,1.766347013158233586e-02
1.480518755659439578e-01,1.581233634415356859e-01
5.930930960260168833e-02,6.143162517066924622e-02
1.547262946470055744e-03,1.868737200564998943e-03
7.302933137279184195e-02,8.347876471772529283e-02
8.146175560278877403e-02,6.373453848540815148e-02
3.259973439113895283e-02,3.500269415412428364e-02
2.339319087688497209e-02,1.790608924577909503e-02
1.912424446040416615e-01,1.610179144244976157e-01
5.555431573288226177e-02,6.448706419247909882e-02
2.005987793464880480e-03,2.188889741640880071e-03
5.120717278428905256e-02,5.613354630531387085e-02
4.569492802123850390e-04,7.918986782395717641e-05
1.680026330363626821e-02,2.011655018443277848e-02
7.504916864532926515e-03,1.231496412533962526e-02
7.504981276572483817e-02,5.671067711289917018e-02
1.590870830447284334e-02,1.278380325806114694e-02
7.636238795472545526e-02,8.457070953642749356e-02
1.229566406557711794e-01,1.208509543568756089e-01
7.782677144844641270e-04,1.191344042398045358e-03
3.097979537185148735e-01,3.054576678145228263e-01
5.995627403652162291e-02,7.440602143716042172e-02
4.186314951061614886e-02,3.176038868888993172e-02
9.352995287572453062e-03,1.302426052548835006e-02
2.460772107322842933e-02,3.247346709597005027e-02
1.111776372960479875e-01,1.215429173532776852e-01
1.145669035469008574e-03,5.539238314217858478e-03
4.304361083887977418e-02,4.719263256625897546e-02
3.805401920764244286e-03,2.681093715630670886e-03
2.531316205983697581e-04,5.566686240323860582e-04
4.413321258081037701e-02,4.771716144176010865e-02
5.784678845172527839e-02,5.327266761190140726e-02
6.208629996655790073e-02,6.298381635415904733e-02
2.968003959909267658e-02,3.184435824226460737e-02
1.829016465242803979e-01,1.696565149910091996e-01
1.798207355257458173e-01,1.717542711210378326e-01
5.703855745883895309e-03,7.496925878032796413e-03
3.263054559994227246e-03,5.168345402372910785e-04
4.641503794612669154e-01,4.605255766757980207e-01
4.573360273713327762e-01,4.425164352135180779e-01
2.960612563561513255e-01,3.421427286717561578e-01
3.226624663519924319e-03,6.805814266920997765e-03
7.459552516604111422e-03,9.324735244400392947e-03
6.310748806346317963e-01,6.406786936056962922e-01
1.017003368657494744e-01,8.011988530497074490e-02
5.516756449249184992e-03,4.496276700101406107e-03
2.930378039321514527e-01,2.958608934080350639e-01
6.113041816089893887e-02,4.348297047560953366e-02
2.825389142116604413e-01,2.917597633231842624e-01
6.649755695568554392e-02,6.182500258126479714e-02
1.578768289505103409e-02,1.861972195220933102e-02
2.287591603626612743e-07,6.750761433613677387e-04
7.788477403160308336e-03,5.155663592242379703e-03
2.300538131891057946e-03,2.407878896605649549e-03
2.304776105185606105e-02,2.163786196622380711e-02
2.653957024971316005e-03,1.030604977628496672e-03
1.433983272072329451e-01,1.486380113654711399e-01
1.856240824268162726e-02,2.125580496081280746e-02
5.917124545203108488e-01,6.031667602818840956e-01
1.771638443581013619e-02,1.263464432357172366e-02
7.004903005383727142e-03,7.819992604233680020e-03
2.123035765422535970e-02,3.404100815945531461e-02
4.222596807784372713e-03,2.133126317218944201e-03
3.493155479281183085e-01,3.271811691685684309e-01
1.926476868773917273e-01,2.038979082812183430e-01
1.683776520775114582e-01,1.600031037541811141e-01
2.014760117082296104e-02,2.167865062970483758e-02
1.820116913384449142e-01,1.892580489113546982e-01
8.726779800219966465e-02,7.766413439749497716e-02
8.659129320074190894e-02,8.767109652077380300e-02
7.967823900529384662e-02,1.128871764055423554e-01
7.568140533149213534e-01,7.405972406224433646e-01
2.971769973243421417e-02,4.563187338577018304e-02
2.325259052940332749e-01,2.162286608391656151e-01
4.463632621281168368e-03,3.294391928782458741e-03
4.782946601557051510e-04,5.468210713071552367e-04
1.384134016316753979e-01,1.689244032865222789e-01
8.064031808247128230e-02,6.595728049922587599e-02
3.088455453113174709e-01,2.773016344114167531e-01
1.001385825265832486e-03,9.678847158880435255e-04
3.013002218831336773e-02,2.050500590810800175e-02
1.151677657670868975e-03,2.591247308039047476e-03
9.058242281355037562e-03,6.746242313850099072e-03
2.606882556085101110e-01,2.974896261378644491e-01
5.575839158706804438e-02,5.833147365873531109e-02
1.740224932700872766e-03,3.106251844681863494e-03
4.296057056351099043e-05,5.822899097385482144e-04
1.782999644456233213e-02,1.774457522561202066e-02
2.598072753813399083e-01,2.605969794600229150e-01
3.299823970850064569e-02,3.033528397529214674e-02
6.065428423350053416e-02,5.703295993870816788e-02
3.767130886722901834e-02,4.295089745780816815e-02
2.032810355128601004e-02,2.611062534253668493e-02
7.188943836332992166e-02,8.139033236218809475e-02
1.312879012475524736e-02,5.787836419087440294e-03
7.018179036149109484e-02,9.749855186592190637e-02
2.290461194236344811e-01,2.275149109242541878e-01
1.285676924078701933e-01,1.310996197450102485e-01
6.106730393076242012e-03,5.140559456934124492e-03
9.698145371693933647e-02,7.623843978623820461e-02
4.837830177938702847e-01,4.373309514567877976e-01
2.781284578881560235e-02,2.249978857749227595e-02
1.495195966351864914e-01,1.477996030926820303e-01
4.773919599026599930e-02,4.528649052106861750e-02
1.310116811043575691e-01,1.434846856035447982e-01
7.776519996700265690e-03,8.211798039793816867e-03
7.351462616064813327e-03,5.578207391429990808e-03
2.376708253046286023e-01,2.178622673868762238e-01
2.590117531798892102e-03,1.277015135736169751e-03
7.716762021769290298e-06,8.170736780421184657e-05
4.355482518844630557e-02,7.090369955209346875e-02
7.631064041238099643e-03,7.591611774818031629e-03
1.312273609316667589e-01,1.474651217691721472e-01
6.190503844404386669e-03,9.732346495186051244e-03
8.681065913959994107e-02,8.818679927437608757e-02
1.396556580020226574e-05,1.786131438936645270e-04
7.661848770209719883e-02,8.211755054228717099e-02
3.440812311534034440e-01,3.593278341168663070e-01
3.879512557020209579e-04,1.669265730248012663e-07
1.339796886109811480e-03,1.102815444934295073e-04
2.547604101004527152e-02,3.445362834385692907e-02
5.060125619435219546e-01,5.260432144562955381e-01
2.691582979321250346e-01,2.639513035226258575e-01
2.522786498961083774e-03,3.922408713236813851e-03
2.519457133218983569e-01,2.536948835596806173e-01
3.650667840279140930e-01,3.728452182578518292e-01
1.761662915596330301e-02,1.297165500662044758e-02
2.761879998281215748e-02,3.272952209414051877e-02
1.353902248030167677e+00,1.311968557041872652e+00
1.320831904302007843e-02,1.641370193804854438e-02
6.162552325713514800e-02,6.144846554173553910e-02
1.812681338980741963e-01,1.842897782568061471e-01
1.338836018750770834e-03,4.118991769726451646e-03
8.207776646126051494e-04,4.460673957213474243e-04
2.239966486177456285e-04,4.027495306590847188e-03
6.732854465318694956e-03,1.394088288229950595e-02
2.210702229942995700e-01,2.427608320172524869e-01
1.641292828210986002e-02,1.791891009953679517e-02
1.893343720035410571e-02,1.923531387645644256e-02
2.510031115965042931e-03,8.726088794853550934e-03
3.884120019947796543e-01,3.902826597111501150e-01
2.886126487195296835e-03,5.435887377034126500e-03
1.753353241447338368e-02,2.098302873082117173e-02
1.077598942777957536e-02,5.501365478440445496e-03
2.201125281443947618e-02,2.594100885137951354e-02
2.956875791585214779e-03,7.236507051464971811e-05
4.427454735266216990e-04,5.265562072793547772e-04
4.790691943168987749e-02,6.185585339793110010e-02
2.052083160184038635e-01,2.003224783684227073e-01
6.355607043810615475e-02,4.963890291031065188e-02
6.873619701225287815e-02,6.483983297653225786e-02
1.257748519478004215e-02,7.476556714457421697e-03
1.261774038591963621e-03,1.527548142892733119e-03
9.384906851251345605e-02,1.079532455105515071e-01
1.993032337302126297e-02,2.879969452778823741e-02
6.313979688491354603e-01,6.640531789467950530e-01
2.823325575584103176e-03,3.855222488191294844e-03
8.913629016272285339e-04,1.415567974642443874e-05
7.363472004571183685e-05,8.244548003379339649e-05
2.722913007753855474e-01,2.634602392358635359e-01
4.232232063923312550e-04,3.593429833487505991e-03
5.961740644588575666e-01,5.815024673090617435e-01
1.453617272582180819e-01,1.525613770606965569e-01
3.532441149157677374e-01,3.404958453787679251e-01
9.681536564239267423e-04,1.553741374851403583e-03
9.661869562032833481e-03,1.017944148543966677e-02
3.424861346266824119e-02,3.651823348664998831e-02
1.860489520535959507e-01,1.992818806906664353e-01
1.399277802394946826e-02,1.003343241968830332e-02
8.633857364704558557e-02,1.049710079862608558e-01
1.596363081546484097e-01,1.475037780750602656e-01
1.393161443587231096e-01,1.254067678579292022e-01
6.565660963042029008e-02,8.195323705003138004e-02
1.739942490618702486e-02,2.071205246927607796e-02
1.976342967315303234e-02,2.415577045233383013e-02
2.566031590750295077e-02,1.455039812833260407e-02
3.246233977096524195e-03,2.533636684330199847e-03
1.424243895487832881e-02,1.637975425779509067e-02
6.591274684343505197e-05,5.142445794476062891e-04
1.825760173009783327e-01,1.714926496359017449e-01
1.145294625703924480e-03,1.582762208148668463e-05
5.550670272331811178e-02,6.730012786260532176e-02
6.706293198222952612e-02,5.571718937500256402e-02
6.516418995064160447e-02,8.667740220121600281e-02
1.965325689282935995e-01,2.040892864754350333e-01
3.110182688703725939e-01,3.051691029613830541e-01
2.130037681122046514e-02,2.751537119333832132e-02
2.215164661982307881e-01,2.537848569485328665e-01
3.122889796121544603e-02,3.900033006844132177e-02
9.380144341219757986e-02,1.056486725575436075e-01
3.139291391543808651e-01,3.033849989163046601e-01
4.180648268421041647e-02,3.821124393900683647e-02
2.272092488702521715e-02,1.681892755977904691e-02
3.626256770174480781e-01,3.855135782578186232e-01
5.063871077982212004e-02,5.244517349570013837e-02
6.462134887490029837e-03,2.289216690727001804e-03
1.621737263117747148e-04,8.822586218995734462e-05
8.647611774007751828e-02,8.206640262426478927e-02
3.052012478306764115e-02,2.724819213360307399e-02
4.572760695533877929e-04,1.216051130988186771e-03
3.601791483392225435e-01,3.189674093927817311e-01
1.700703466142740594e-01,1.634381424483531409e-01
1.504659416605656080e-02,2.073169739302433562e-02
2.361008520394610455e-01,2.229303020483645037e-01
2.808814683526552822e-02,2.610515362169944786e-02
1.502201987145882767e-01,1.029716222260553399e-01
1.234298045713869835e-01,1.073180219415774544e-01
5.591019943740014458e-02,6.052855360272685337e-02
4.116412626378188749e-02,5.062221174980539862e-02
8.308356672540279098e-02,7.238916787593394075e-02
1.105665247834433929e-01,1.193278081233814514e-01
1.012553927578218119e-02,5.336351276461853872e-03
3.824138194170244944e-05,2.015924325715587849e-03
6.438346036134419414e-02,5.268647097979983068e-02
1.730338199348441242e-02,2.008278349178540048e-02
5.948727492541225912e-04,3.040985986476573669e-04
2.383360806701541061e-05,2.256358891444156911e-04
9.797791824395904459e-02,1.058143708017613011e-01
2.709157716299755436e-01,2.755348528951926945e-01
3.511452304221594489e-01,3.173665631778460061e-01
1.149157540453849408e-01,1.178115443799517825e-01
4.742908524837315815e-02,5.056331383900295601e-02
4.488258737798843032e-04,7.782802111156005150e-05
6.383233338525762246e-01,6.360043350085287095e-01
4.195939601701925356e-03,2.134330069465522998e-03
5.399335036850396591e-02,3.363973837177890169e-02
2.763109583512796813e-03,2.832182020859027975e-03
4.623743008652714259e-02,5.622896616831774691e-02
4.657333986335231157e-02,4.064132158590323673e-02
1.453554940884402291e-02,1.562324677233865519e-02
6.237491309077401215e-03,1.000616573499143666e-02
1.481225284237027871e-04,7.886841709747926518e-07
4.068428131238992912e-02,2.557630335550158812e-02
6.352462412574709331e-03,3.099562039289439908e-03
1.523456794136786351e-03,9.094561187738068719e-04
3.409829624416861171e-03,1.744977366739494228e-03
6.923079211229872087e-04,6.512790341559774676e-04
2.098585842022148151e-01,2.292763942452239467e-01
9.011410607786529692e-02,7.011471435677453512e-02
1.345394525113811079e-01,1.218042362314310373e-01
1.901113881224440472e-01,1.842967942935293812e-01
5.505414517421146001e-03,1.320173870338298833e-02
4.153498995524625587e-05,3.274589104361877922e-04
1.613331924202476017e-03,1.699276755186693126e-03
1.149465572063242992e-02,1.159601735930598614e-02
5.271811358178614126e-01,5.324546723685685823e-01
6.759559023992113558e-02,6.187744787824610987e-02
3.638255867117615172e-01,4.096270669852864477e-01
9.108156425607936979e-03,8.666767301886367167e-03
4.591715185204650607e-02,3.127829131709024962e-02
4.623504111989334975e-03,1.435271730392788207e-02
6.452182027404930464e-02,7.201832889242081037e-02
6.315308991325208066e-02,5.886676296444827428e-02
1.083378019532360917e-02,1.696327991401297766e-02
2.766953774254627407e-01,3.134284402979692352e-01
1.403107127671370663e-03,4.783120665026503889e-04
2.244545525197353536e-02,1.362747667818563560e-02
9.608901601212103960e-02,8.378565561562108244e-02
5.268879914142436411e-04,2.462560353476592428e-04
8.823051966924067013e-03,1.713203515371046134e-02
4.180993491233802456e-02,5.057008156342700927e-02
3.179163378728145362e-01,3.272728615784673556e-01
4.325644044426179419e-02,3.730125455515378302e-02
7.239076680097412952e-02,5.783692210986568494e-02
4.902929127747022719e-01,5.372989916588407633e-01
1.602956078482307978e-01,1.756418383359048263e-01
5.088156583557446044e-02,5.010940005410365744e-02
1.929554221580503937e-01,2.039795349708810601e-01
1.579980516844851357e-01,1.723814150848312909e-01
2.168206635352555312e-01,2.140998864142783786e-01
4.831807637720150067e-02,6.711495086513523389e-02
1.092765602187641960e+00,1.095608619880538592e+00
7.234752079484516041e-02,6.104993273577704466e-02
1.298210513657893361e-01,1.508051509889044295e-01
1.949947665417807452e-02,2.280258725720482951e-02
6.521959274786071070e-02,3.259635814835927514e-02
6.573186563684652040e-02,6.139091793898526772e-02
1.087357649979648179e-03,8.853344616282756352e-05
1.217008676588384047e-01,1.173404130950149726e-01
1.131950572495505833e-02,2.825022083893413000e-03
2.494743101540217167e-02,3.571688299725704618e-02
8.420878749917803940e-02,9.014206881013285544e-02
1.244419617070889085e-02,1.654566111636246797e-02
2.026619835240979148e-03,2.054056360644714030e-03
6.094638827739794207e-02,7.854839951626402250e-02
4.484583545664241888e-02,4.416142876537042933e-02
2.098978404221460165e-03,6.025152814793812263e-04
5.102101406327086419e-01,5.252658556282466806e-01
2.273636570024644560e-02,2.182594685042150637e-02
2.426153916385420106e-01,2.369361695777835730e-01
1.095293990047778790e-02,7.222277442145918006e-03
7.014152864693751210e-02,6.143349367664713984e-02
4.039556918795397800e-02,5.561054855074301639e-02
5.382499108695208007e-02,4.504624499902831064e-02
4.680007463413056457e-02,4.043147419294822881e-02
1.328562538213194644e-01,1.113624394070448637e-01
2.733175325324321654e-05,4.223071057540335894e-04
7.988005632786478877e-03,7.239995963381041545e-03
1.623635883181615835e-01,1.544398821810676337e-01
1.231587595314066579e-02,5.373884466028526312e-03
8.936322442351971040e-03,5.173974381993144168e-03
3.290792571755310481e-02,2.904198322678626029e-02
7.367051748637273812e-04,5.517785219678913826e-04
1.110629084694486797e-02,1.138701048096348728e-02
2.958133614290089919e-02,1.900679483938511743e-02
4.764236787773401885e-03,7.576124959968519659e-03
7.294906386366009632e-02,7.560787085899278726e-02
8.719759966004254556e-03,4.747400943767659219e-03
4.070472850442558022e-02,4.280238867434785904e-02
2.832429667394897616e-03,5.665500239025421381e-03
3.020301168460360897e-01,3.192428637844557104e-01
6.150305790368132061e-03,4.606985478016689672e-03
1.162725322343673108e-04,1.973555065243904564e-03
2.296862918906539264e-01,2.248349300203241197e-01
4.142688629671882894e-01,4.158983946948347499e-01
1.517314374903956653e-02,1.154437377866400320e-02
8.802232524701691929e-01,7.934524432227573199e-01
1.841968053784965031e-01,1.746053304578415177e-01
9.511909798206143185e-02,1.050308686261972324e-01
1.476589887931415712e-01,1.243868246171524056e-01
8.139645775272121020e-02,7.481292766726931054e-02
6.978013987219387759e-02,7.262044826157884603e-02
1.450864003991940779e-02,1.544167853897339751e-02
1.578498125978031533e-02,1.405231954027316710e-02
2.038935105916456492e-01,2.286504110089987440e-01
1.023943652320017245e-01,9.108993031350268166e-02
6.016250001781703327e-02,5.157898506392320087e-02
5.508843557025853294e-02,5.902250397996671588e-02
1.489607148590286340e-02,1.781238595556977264e-02
2.110627377731318088e-02,2.636079767397201887e-02
5.070319616482581670e-05,2.653842194626746150e-04
3.448678636469052101e-03,3.455496860593708017e-03
3.982363674431086548e-04,2.812762665620871906e-04
4.540371202225224750e-02,2.830881405015677268e-02
3.706236997386020901e-03,4.469822361257199533e-03
2.863784785191737792e-02,2.568346731555221779e-02
1.201208271764666602e-01,1.158570396050986329e-01
5.573222802661391417e-02,6.763910330551375916e-02
2.826668444139362676e-02,3.356160350290438021e-02
2.514421847191387061e-01,2.430419658144838124e-01
1.106742363572464777e-01,1.006987042183124376e-01
2.123890658167064960e-01,1.962637236403122487e-01
2.633836595174092118e-02,2.557671837481617291e-02
2.238778608172119211e-01,2.184544098777256027e-01
1.683554010212844759e-02,1.306994888206949000e-02
1.858504566468352883e-03,1.304934857642922824e-03
1.134010429805027212e-02,1.198209662815113812e-02
5.518891052911917283e-02,4.266059499587537829e-02
5.873650052742000749e-02,5.700131431719938913e-02
2.649400325090760511e-01,2.637663708295676646e-01
7.862835362918589865e-01,8.199921272116905691e-01
4.390404724030518013e-02,3.950575667712134115e-02
8.618598583878191166e-02,8.068980035200185030e-02
6.509894047864248079e-02,5.969607585920926746e-02
2.060164022727704880e-01,2.519404329934901710e-01
5.018590171644386755e-02,5.235088450431671370e-02
1.869203704790091680e-01,2.029639175960676611e-01
1.912609116171475887e-01,1.853005393226454245e-01
3.023253622268348879e-04,3.109317579988504765e-05
5.920795892369693642e-02,5.842147296247290206e-02
2.082675827450650441e-01,2.392119063561570502e-01
1.987778644111379191e-03,5.569058609357731802e-03
1.330875111475013535e-02,1.321741894344364600e-02
1.792024330661467005e-02,2.603174305706247235e-02
4.626605831284145466e-03,4.081848695425341345e-03
1.401840075358725402e-01,1.468814873160824708e-01
5.756268256638371944e-04,1.191767362374615520e-04
6.183314839221254640e-03,7.561406459104250827e-03
1.702755342355043167e-01,1.750839625196244087e-01
4.354425288492547175e-02,4.200659173621647258e-02
2.271507826625107206e-03,4.328671424861666762e-03
4.808763579669675381e-02,4.725784401360935694e-02
4.143299069616038915e-02,4.805121374802315964e-02
1.683943979529411439e-01,1.688048159748254118e-01
1.300879580424915416e-01,1.278742588858089169e-01
3.990664276698369650e-01,3.734504701837441099e-01
3.647139318216608417e-01,3.527876703105718437e-01
1.434940815832631833e-01,1.422753867644963865e-01
9.441846393362093382e-05,4.035999437864322891e-04
5.472283190644377116e-04,4.144946440258123949e-04
3.820852795215943370e-02,5.447348380417420949e-02
4.325170297468396152e-02,3.562995778120868484e-02
2.604237647032110053e-02,2.291560314573236334e-02
6.958285305924261435e-03,1.862246613281795700e-03
5.713406562913743263e-03,7.380911059264020323e-03
8.150061038536733637e-02,1.016993950133999181e-01
1.971651587015174900e-01,1.654559640242090623e-01
3.456414781790630164e-02,4.070340926527735853e-02
3.688817903600965370e-02,3.849745907332412231e-02
2.122827635726483482e-03,3.805121912890448849e-03
3.047402681262313760e-03,3.064507472531357961e-03
2.006728518132446307e-02,2.270585128042269460e-02
2.189417529118648995e-02,1.635622856106001832e-02
7.815850630914394567e-03,6.043862265312043708e-03
2.688802998204825601e-02,4.420853486343587907e-02
9.866740235723754637e-02,9.565746495771869362e-02
5.930519421376045583e-03,1.781851104599277468e-03
9.562135574763618029e-03,1.042184706930806767e-02
5.645504093515961441e-02,6.434043807305311891e-02
2.589964213239912428e-03,4.498260361390047247e-04
3.026325303023095215e-01,2.765510335197566838e-01
2.557796259361659885e-01,2.651770635831149359e-01
1.473072530477588689e-03,3.195285635365130482e-04
3.967392474175872319e-02,3.638250032564684794e-02
8.636611233222974554e-03,1.112805907253072712e-02
2.011477541694869642e-01,2.005754601321516062e-01
9.532183722887378058e-03,1.194854907922106996e-02
7.376665052632853936e-02,7.052278909126631634e-02
6.317360658671639963e-03,4.174783055618878046e-03
1.654470922474319053e-02,1.984629012164734058e-02
1.020167447641168179e-02,1.098725033599233514e-02
1.373353736933439206e-01,1.194851674386986778e-01
4.505292672111453449e-03,4.913212118839572866e-03
3.396419623486293671e-02,4.172590966373033311e-02
7.678505258385261156e-02,7.827495981018949001e-02
2.950392782137302092e-02,2.591281368713339167e-02
3.318574731712857773e-01,3.131638745940680812e-01
4.769385538507906613e-02,4.187493810977375996e-02
1.417164370422504815e-01,1.819850105001040996e-01
2.216870527117771605e-01,2.541118522567970550e-01
1.029402105596695510e-01,1.105784994811315480e-01
2.871871906720014495e-02,3.251072913468049802e-02
1.111704301382669181e-04,2.004872399599074741e-04
1.032620352035196892e-01,1.054559198845494705e-01
6.222377305842395623e-02,5.994007268906705044e-02
5.399459954397786005e-02,4.872021469624632922e-02
6.629088610266040767e-05,3.825620689804212077e-03
2.185204608968599471e-01,2.187118820575337241e-01
7.636913863769957851e-03,4.974130767627107062e-03
2.228697277221374229e-01,2.643749128263662707e-01
3.776169511964493162e-03,3.443298411933308229e-03
3.187974563327908989e-02,2.526906832938343589e-02
5.558591818893084124e-02,6.638718174353828994e-02
7.017428009905350705e-02,7.014281996309666700e-02
1.265924505155988089e-04,8.986568838699643706e-04
1.958668024804446212e-02,1.040008197341160852e-02
4.864405565949465882e-02,4.561742021021880644e-02
2.543299531853164264e-01,2.494186849771367620e-01
2.029266825628950680e-03,9.780485976137352159e-04
2.647898632572380784e-01,2.416938636205775426e-01
3.341128518046530133e-02,4.939795970716469309e-02
5.280826600678364437e-03,6.036118971990074621e-04
1.069677049674189057e-01,8.275402911282818408e-02
1.623266786796799879e-02,9.734774614926668471e-03
5.754012848755240108e-04,4.428521177903173707e-05
5.307428427648420710e-01,4.883808672417473962e-01
1.410748686414106841e-02,7.480567798368305092e-03
1.465564979868552720e-01,1.700145033675051209e-01
2.705898230013017991e-02,1.713104346330539957e-02
8.958393871312563261e-01,9.078702343521460882e-01
1.920503304165697978e-01,1.948131551887994362e-01
3.542699470448441770e-04,4.963903897548562361e-08
3.405083996857490025e-02,3.355529641803491753e-02
1.966655634306609113e-01,1.695345063023328547e-01
2.642208932032265034e-01,2.724429974086155504e-01
1.314477521117068861e-03,2.243069974807688008e-03
3.230458156495557426e-02,3.645271688668776794e-02
8.367848661808849342e-02,7.332757141134535472e-02
6.813521920577449154e-02,7.738735180992842300e-02
3.325007677732026989e-01,3.188638657081683259e-01
2.052006393562571251e-01,1.808286891805802321e-01
2.152870237353784934e-03,3.564425549553831341e-04
7.762954384751639264e-03,2.507201900865861210e-03
1.998188485255099622e-01,1.955852148710406635e-01
1.510361927715664918e-03,1.432159810289751868e-03
2.654428202493378519e-01,2.644005132110015532e-01
8.233320082038246557e-02,9.930238790676822191e-02
1.033726027349629942e-02,1.547100635254398254e-02
1.587742720025663370e-02,1.256914477460077499e-02
1.089519542826014181e-01,9.728527595164981889e-02
6.247377157040877316e-02,6.528014826380959534e-02
5.315565726312389098e-03,2.860057444302372288e-03
9.456931047132571821e-02,8.843642425995827672e-02
1.818568206318423031e-02,7.351325813307598919e-03
8.525633192422171769e-02,8.850364630861701221e-02
2.307455464828443159e-01,1.919518850340311278e-01
2.625653754011928560e-04,1.931568865815905641e-05
4.382928514327057989e-01,4.513423614833478870e-01
4.309062025617201031e-02,3.918156190327025390e-02
3.857777984277920708e-02,2.895552534586117235e-02
3.392087228981380959e-02,3.490973437862544826e-02
1.028656806949962976e-01,8.682558082392459464e-02
3.649481113732500059e-02,4.276257531932883826e-02
1.455963919302187028e-02,1.781916898939183563e-02
6.830217909355254698e-03,7.298463935978255664e-03
1.323845667550343922e-03,2.573303335896048698e-03
1.706701583844286163e-01,1.563563268001451623e-01
9.074550065514307151e-02,7.699423447205290538e-02
9.446861397885478878e-03,9.548965607128406113e-03
9.275555212167053976e-02,8.235350701610782975e-02
5.206722912808863235e-01,4.981919952871220469e-01
5.340626718826891467e-02,6.107280652722449354e-02
5.533573360904146810e-02,4.984734411828605632e-02
3.650185559473921593e-02,4.975612266738990708e-02
6.464029991888692317e-02,5.894063879792487554e-02
4.159629335231265768e-02,2.800996179929495997e-02
2.562092009415815885e-02,2.648315579197017822e-02
6.315964704378275452e-02,5.260738333857527260e-02
3.205697508714117072e-02,1.958008857865615321e-02
5.523605434856713320e-02,5.995239784454758913e-02
2.358215369776926751e-01,2.285325806789071656e-01
1.585209812853287659e-01,1.782928729828918701e-01
1.453968703900607451e-01,1.437272552778107726e-01
1.822220484454833422e-01,1.729350541086157600e-01
8.028645434075115661e-02,8.606259835261892421e-02
9.728637971478405755e-02,1.021783617914196057e-01
1.917425766826890213e-02,1.961218556876857810e-02
8.723182639113842562e-02,8.192518738561219149e-02
2.663852165231966212e-04,8.607350805367556005e-04
1.777899774237739761e-01,1.950802643844893602e-01
1.809523841970482050e-01,1.482615240975213577e-01
2.464881691375223928e-03,9.065934577715569279e-03
1.681377407772818161e-02,2.290356512784194956e-02
1.926695409861984773e-02,1.243650395103699374e-02
1.385275377798033947e-01,1.427715306579759036e-01
7.967317457919497262e-03,3.858918895034657744e-03
3.341546456578433407e-03,2.369584467748019670e-03
3.997618879668206615e-01,3.764853106098483004e-01
3.812002657000958944e-02,4.553209281338019970e-02
3.334130814527962450e-01,3.070311763835645302e-01
1.187604694666951621e-01,1.306880289536317685e-01
4.377956754114989413e-01,4.805997960171958794e-01
1.072903822817719913e-02,1.103704935128017699e-02
3.082534981175247615e-02,3.164169798484844920e-02
2.433444412018017367e-01,2.990369081928842543e-01
6.486183510433751439e-04,1.345612693698325065e-03
7.837713456243194932e-02,9.319174111071780453e-02
3.447981872537303396e-03,3.300171228260324018e-03
4.375587391623689260e-02,6.665925302804891206e-02
1.024151506843174464e-01,1.059219663863241595e-01
2.460816740996288332e-01,2.291667401047557395e-01
1.722409971268070994e-01,1.679541381729955651e-01
9.740702673124318478e-02,9.754001160492985212e-02
2.613524480804715888e-02,3.771145791520320867e-02
1.398365267926092725e-01,1.347986565616799415e-01
3.404468980557349977e-02,2.912842121142242280e-02
6.246354387546454445e-02,6.277041365122895678e-02
2.094407452169072884e-02,2.550873433207985833e-02
5.798353272273723547e-02,6.336910557272353028e-02
1.730795445189734771e-01,1.457704176372695559e-01
6.817065762058734449e-03,7.984864247542083557e-03
5.494855936893688897e-02,5.300344725061581497e-02
1.152187032712412469e-02,7.579394994300787253e-03
4.152213213008364850e-02,4.748038425394019574e-02
3.589830973657002211e-01,3.412070757794810061e-01
2.772837823693219406e-01,2.454825028290905653e-01
2.135641533926440072e-01,1.880756932641413082e-01
1.856623466788007853e-02,1.699503265289875262e-02
4.340545946704756921e-04,1.783189123856814473e-03
2.594320393904294905e-02,2.289032468720249985e-02
7.673836302037290169e-02,8.384558536287778363e-02
4.317940332172579693e-02,4.050258107799394047e-02
3.060142372800477018e-02,2.681833320269941603e-02
1.385078928965733161e-02,9.360815941555064579e-03
1.019630151992278577e+00,9.797272275144747189e-01
6.862128504934432265e-03,3.938424314900939791e-03
5.616739658940116380e-04,3.833959360100930801e-04
1.473802679884905487e-01,1.515278814042368416e-01
1.707481966290863031e-04,8.606345881293706035e-04
3.903752965840885485e-03,3.704090851364323818e-03
9.733654789172919708e-01,9.512564498180182682e-01
3.881930352130773532e-01,4.077567893590847148e-01
7.760695689811412945e-02,9.055907683521492724e-02
1.381768503231927958e-01,1.231066504507574849e-01
2.493254989526894972e-04,4.991863875714160287e-04
4.292208167620254616e-02,4.031801848544042804e-02
6.202053927928296018e-01,6.404311901762900217e-01
3.894122399767944165e-01,3.653018015847607769e-01
1.463683989558504711e-04,9.862868901631563644e-06
2.618577630422727880e-03,1.545578130117054860e-03
4.806051481433142768e-05,1.883986649070874044e-05
2.158174582857510376e-02,2.909786915691511822e-02
7.085019856507097577e-03,6.449563478437959560e-03
1.776374403565438298e-01,2.133873396724846327e-01
6.199596491786246721e-02,5.723875387440353207e-02
3.467989391400172407e-05,1.167427705410722634e-03
1.060735126995849750e-02,8.891812098698697459e-03
1.115955319705415894e-01,1.407488343508158379e-01
2.231925970795081357e-02,2.803075019187959219e-02
2.588388497444981881e-02,2.730843551445894316e-02
1.714089021463430576e-02,1.195997828482375271e-02
1.610438209700101597e-01,1.943543814178832763e-01
2.016577993899061616e-02,1.352603232088265758e-02
4.592801348778016157e-01,4.646999917424221027e-01
6.645821722864417302e-02,7.504362791049234982e-02
3.253616628337838157e-02,3.806260268759840276e-02
6.088482125327451420e-04,3.326969772826873610e-03
1.746765714924214119e-01,1.542106482916223431e-01
2.911562582685935374e-01,3.010072319401836949e-01
2.563988652210643249e-03,2.833776667169421361e-03
5.905851791886244234e-03,4.205178404565636588e-03
9.766670214544397044e-02,1.154071986378652492e-01
5.288475611601139992e-01,5.594223261487609733e-01
1.723708327807424445e-01,1.795473032021968618e-01
1.776350993419700342e-03,2.983878968893776112e-03
5.989342005031161181e-03,7.237617829499807393e-03
3.584741105778099096e-02,3.150744040001434570e-02
9.383506148954827430e-05,3.966754849373192428e-06
3.225325067689773645e-02,2.412751077365073854e-02
1.842996169333723812e-04,1.864340475833871385e-06
1.634273731302954835e-01,1.715870774254998898e-01
8.247402673698599196e-02,7.478690743829630172e-02
1.956804627432329469e-01,1.851184945034627383e-01
8.226933318985206467e-02,7.313949925136314922e-02
1.856268430626228649e-01,1.576217757377433026e-01
1.621302828154725650e-01,1.782291145587191206e-01
1.563584323177685531e-01,1.689907424233452471e-01
7.746267460559737306e-02,8.737473048079015536e-02
2.712687465092366787e-02,2.664912290616885254e-02
2.554638498224959253e-01,2.954049888038643434e-01
1.819219093748899174e-01,1.666047310919547830e-01
3.975073047583983603e-03,1.951382114929264442e-03
2.722443069608117619e-02,4.342562691992105095e-02
3.284615056783457554e-02,4.881187241391900244e-02
2.578008253523248264e-02,2.907083084075985993e-02
3.653365218752287549e-03,7.283123570668067343e-03
1.545789507371202361e-02,1.266299191619520495e-02
2.078810690590924670e-04,5.270396011199366846e-04
3.091811391412406240e-01,2.850796736116105734e-01
9.765590580060148559e-03,7.476535706125417985e-03
5.731779269770240909e-02,5.646878148055167745e-02
2.301661161352957022e-02,2.241992430699075306e-02
2.359259131154344269e-01,2.482401216687584733e-01
1.653120469576844220e-01,1.489548590942230688e-01
1.573859619574891273e-04,2.711671554771981742e-04
5.989839658982797771e-02,5.316185553925655005e-02
1.102733922095987945e-02,1.025720474266649321e-02
2.685405808653706580e-02,2.590561597155881593e-02
1.705271318157624005e-01,1.951151674825077620e-01
1.641881236585586434e-01,1.907337500661414609e-01
9.364981832959354269e-02,1.203628070612830225e-01
6.368547105262957475e-02,5.382880722288222591e-02
1.862782655152517841e-01,1.927673683005332317e-01
1.449281927911966195e-01,1.449817599978956151e-01
2.328375216652363994e-02,3.043117819416359809e-02
6.630936451734115167e-02,4.587215054482841198e-02
1.934205908794436601e-01,1.930334322066821484e-01
1.342585474377807307e-03,3.500554374265943446e-04
1.867322621554189099e-02,2.783079538005631820e-02
9.317109629720995035e-04,1.647870206326813608e-04
1.829213641954797187e-01,1.845783568959614429e-01
1.010866947569635521e-01,9.352986725062785445e-02
3.679420692952890121e-02,2.218199772414055151e-02
4.802885502660158012e-01,4.597806328050837443e-01
1.085784569228887692e-01,1.171802551480436577e-01
4.601237701762061344e-02,5.706221617282317138e-02
5.845627344232912082e-01,5.484331917444066340e-01
8.512445396439347056e-03,4.955152963850250475e-03
1.387681031926478304e-05,2.848038742237299646e-05
4.119788920397806677e-03,3.102173059481103373e-03
1.441802000776050419e-02,1.545821540655322075e-02
8.008680231579599906e-03,1.486342995272236622e-04
6.941355080805072797e-02,7.033901841437646685e-02
3.156688714133593782e-02,3.512134444688447960e-02
1.125481834766945272e-01,9.022208428565113569e-02
1.448459020817677127e-02,1.557014510157515852e-02
3.255130740151960245e-01,3.277581638698671140e-01
2.732760743213518140e-01,2.822545017146812496e-01
1.918393452976034086e-01,1.684600481452008247e-01
2.783354703231404326e-01,3.210733960824807554e-01
1.124005881932433198e-01,1.177802210129901689e-01
6.291339045309644017e-03,4.599699496119834079e-03
8.987089566620508618e-01,9.396124381970032413e-01
2.266016480304157074e-02,1.937829283065342981e-02
2.390446686166846843e-02,2.036285934107254225e-02
8.327518678940597219e-03,6.121504609515168206e-03
9.390339254500833233e-02,9.525881872829071451e-02
2.183660087688371609e-01,2.170143299105525003e-01
1.773068831673428325e-01,1.761379338301927167e-01
7.374757755379486579e-02,9.065988821053663771e-02
5.161663346172319471e-03,1.058779804154038641e-02
2.023260732847590240e-02,1.391688522911710760e-02
2.707037812133785692e-01,2.881432273501167152e-01
3.844881981945651866e-02,5.118556357798532963e-02
2.431801802219077935e-01,2.271966969704370676e-01
1.128110540768953451e-02,1.449711879087513949e-02
4.308209511205816217e-02,3.808864061602756923e-02
1.852625463485486803e-04,2.907189976196770438e-05
3.710792648817731743e-02,3.964888954107684271e-02
5.468721500524954121e-02,6.252397495427045038e-02
3.850007997619271823e-04,3.156638349453966654e-04
1.705293226943111959e-02,2.223580074227519271e-02
3.890084658553168703e-06,6.263744841528625664e-05
5.015591627771606026e-02,4.060192067314443570e-02
1.335706880367870837e-02,1.184328200235330864e-02
2.615193432301043085e-03,3.470415185073156585e-03
2.052935210519838405e-01,1.797590818920172251e-01
5.431488980683175233e-02,4.359968796422297038e-02
1.144025603169271238e-01,1.281693942502703243e-01
1.148023938198731823e-02,8.896756033729951579e-03
1.137938026790968754e-01,1.137495435920130304e-01
1.702302805133593666e-01,2.045356899073204893e-01
1.286850888852100472e-01,1.279052714638146682e-01
5.621341920509515672e-02,5.782420430375018877e-02
8.324440630570462824e-03,1.147878489977840685e-02
3.547802307299711966e-02,2.691235003483761004e-02
5.137856032121235900e-02,6.260352563707589912e-02
3.133368656457043849e-02,3.360891725547881376e-02
1.213643758987522714e-03,1.563415131703838230e-03
2.568572560606288691e-01,2.291689952051328139e-01
1.839183731733484359e-02,3.713527104261597767e-02
6.468402136660365842e-02,5.343524254245029387e-02
2.364748545974157679e-01,2.322378861750538648e-01
1.996242064750831501e-03,2.564495882723929077e-03
1.592393855360530602e-02,1.366701515981930300e-02
5.723045036785285450e-02,6.318006131557202254e-02
8.732716372994267159e-03,1.048867790599326659e-02
3.453348758535091517e-02,2.393910778346367355e-02
1.210685783908139884e-01,1.098190870730275659e-01
3.744966011167333991e-02,2.865225352486781146e-02
2.175599271612408403e-01,2.533603075967281737e-01
2.373393749784517143e-02,3.260673650070906870e-02
9.749143199469906262e-02,9.817123570676816735e-02
4.697538909721469397e-03,6.134846362648501729e-03
1.156744000001976849e-03,4.079800357259479368e-05
7.161060391863385832e-03,7.271489159389731352e-03
1.109630348714201326e-01,1.131625203555858133e-01
1.680818671127221331e-01,1.528509429308063383e-01
7.618448661652986844e-04,3.673668225283526314e-05
9.457541783958067381e-04,6.287912716924446018e-05
7.912501239110503182e-02,6.111608443263308321e-02
1.818137805225069348e-01,1.791964337141262464e-01
5.313120718833706096e-02,3.532737772741863930e-02
1.040706272959943677e-03,2.026052772982554241e-03
2.396352825734341385e-01,2.949559179317245428e-01
7.797688937367555639e-02,7.769539385013676802e-02
5.754987748215397575e-02,5.891766495709344076e-02
4.169573417904585966e-02,3.761426621788996338e-02
3.113737235920789950e-02,3.326304971630820312e-02
8.974969442910427087e-02,8.242181048822483369e-02
2.462446137089495390e-01,2.701572947105331801e-01
9.856168880454392600e-02,9.540047088266455366e-02
3.121328426021054842e-03,1.151469472728006496e-03
7.059466677536524633e-03,9.397088683897955250e-03
5.053452782473787375e-01,4.902392226547425125e-01
6.318329243492602082e-03,3.469956088504073163e-03
8.840116657376528506e-03,8.558704582898684493e-03
1.551240155510276095e-02,1.428766721406261875e-02
2.121160562043580486e-02,1.911841056897051888e-02
1.217258332421847222e-01,1.305318432689693831e-01
6.287601938592750628e-01,5.731046033483792046e-01
3.446562452854122771e-01,3.661242558346299303e-01
2.499823880516894858e-01,2.780113698834713043e-01
1.976083058800075509e-01,2.360351581489368578e-01
1.256290854388935341e-01,1.196315043994143346e-01
1.514950867751236330e-01,1.363319435566127114e-01
3.223676364410656137e-02,2.736451347604092546e-02
4.084616604420951980e-01,3.943386109660403371e-01
6.451607862326090570e-02,9.025824121444192549e-02
2.843831603521967000e-03,2.449837619243792810e-03
1.359306802007419213e-01,1.465709296671165451e-01
2.332396783122825668e-01,2.362593184785019285e-01
3.065453991307917278e-02,3.713734015717184284e-02
3.958027052993931538e-02,2.595176268754284185e-02
2.852025365170509068e-03,5.195789095981355812e-03
1.418494424962106759e-01,1.490847994466253934e-01
1.643868025512500511e-02,2.536165192805231797e-02
2.195384411457136087e-01,2.255399952035729016e-01
8.168951514418222593e-02,6.433771729301984710e-02
1.209050419749698596e-02,7.982292643539093749e-03
8.023769148730824918e-02,6.818624271960509187e-02
4.944396875577954098e-02,6.319083001167216662e-02
3.507527748746727125e-01,3.151715491690914028e-01
2.991589028263303904e-02,3.295965796802152736e-02
1.246945466708027778e-02,1.328980575347459177e-02
5.060260140749602703e-02,4.709810452943780090e-02
2.053055674639455222e-02,2.022405773706000345e-02
2.127284644220746868e-01,2.278538992665415930e-01
1.574827514689992446e-03,2.050909042183583515e-03
3.884971883638981514e-03,5.764036974133679263e-03
1.291610489336789958e-01,1.316170305667967444e-01
2.604447251116114859e-01,2.677521473417273645e-01
2.865377663435805800e-02,2.369557030955269858e-02
1.370627865626503072e-01,1.343945581955774127e-01
2.721814381829673057e-01,2.435895416590476148e-01
2.353035612913650237e-02,2.698575722169683014e-02
2.284449892741305110e-01,2.010312530072784210e-01
1.985715675373882494e-01,1.934895172926942852e-01
2.739876400203395401e-01,2.520186674186335463e-01
3.739190831911592960e-02,4.361368878726907400e-02
6.219081131895515258e-02,7.871115681255522190e-02
7.339037037759900406e-02,7.919147122095211710e-02
2.008887328852129450e-01,1.884083077342556256e-01
3.188089402840063678e-03,1.306580906127018799e-03
1.920437825264667830e-01,1.695361759695638015e-01
3.062517318862411492e-02,2.799127206604415039e-02
7.560571168547218501e-02,7.182787742837552780e-02
1.389792462917252536e-04,7.907505646463148423e-05
3.591654787877397448e-01,3.490178644263169927e-01
1.391196851425148262e-01,1.393079950293086566e-01
8.281758332978565729e-02,1.005153026196831806e-01
2.789365060178780956e-02,2.574609006845412704e-02
2.230975813850118866e-03,1.056049840189218612e-04
4.826191834692484693e-04,5.686089009366565106e-04
4.643756006006270753e-03,1.426947737242920166e-03
2.102885344605031070e-01,2.154255747926843712e-01
1.886406879971126715e-02,1.559647542739683347e-02
5.465897990085393648e-02,6.548564557433940447e-02
3.389713109367004096e-03,1.952451799599494268e-04
1.544683170318622144e-04,1.555199455586517361e-06
1.471090819909381953e-01,1.536540851355956971e-01
1.094416482974335143e-02,9.523335152999136757e-03
5.453542059883043081e-01,5.462758936283691469e-01
9.221847504090636971e-02,7.858636980976579922e-02
5.906059803689475696e-02,5.570819773733429875e-02
2.329379703986849959e-01,2.492569904722934382e-01
6.232898848268614810e-04,7.520408454203351273e-03
3.737338312933773943e-01,3.775333801779031662e-01
1.678369769135271972e-01,1.667435639354455934e-01
5.880492616995659783e-02,5.360368186335798257e-02
1.586750774126813660e-02,1.769887820147538274e-02
8.269769042658062230e-02,9.047986817459698072e-02
1.998994165734732653e-01,2.155055078444602090e-01
9.606451256194975183e-03,1.004744965154457867e-02
4.765834505045431907e-02,3.254299005753408247e-02
2.017386735605980128e-02,2.684324073673180835e-02
5.100720904798880517e-02,5.181029513407700571e-02
7.951224796106882986e-02,7.903050650355974982e-02
7.365257063897201820e-03,8.762480868394931927e-03
2.057875504730158622e-01,1.820672285967413206e-01
4.913809007600381668e-02,3.585274588099581633e-02
3.743629610149948883e-01,4.309179603605620135e-01
4.682778856596901337e-04,1.774649913990429019e-03
1.358111340512221064e-02,1.477025845922247220e-02
4.482333502356907196e-01,4.412749766334262413e-01
4.763147759148970151e-01,4.695086681630620262e-01
1.128256545328474858e-01,1.033807206443347199e-01
4.526234501415269534e-02,5.503829038974965976e-02
9.180800270294096899e-02,7.989445667471674339e-02
5.215608640236022581e-02,4.610419352967189827e-02
6.446445651459178569e-03,7.241539408850651213e-03
3.651727064692222302e-01,3.467842593409042329e-01
1.273260954384184962e-01,1.031961115043420751e-01
6.744390608334405179e-02,5.843302217538799692e-02
2.094456835620494423e-02,2.320180631023453094e-02
4.412508439643132545e-03,5.330458074086759888e-03
2.177441553790764994e-03,8.288807131837294586e-04
7.852694404185991961e-02,7.575440523009814575e-02
1.173528705280771633e-01,1.290063139847207330e-01
3.465051145612176309e-01,3.280278437495338095e-01
2.883436494644004422e-01,2.626908374446849659e-01
1.990142133920014267e-01,2.148377765708296971e-01
1.886921089231632376e-01,1.458470537621984198e-01
3.024472948039536035e-01,2.879476983001055812e-01
4.250239415662139530e-03,2.953282463970862814e-03
1.058161924688887656e-05,3.816991683062639917e-05
8.613126159513426749e-01,8.776151791959686532e-01
3.666038207435030460e-03,5.470252788266184198e-03
2.353808903525937343e-02,3.166793094668805125e-02
2.832474727749325473e-06,1.166921713630198788e-03
4.338024734396116883e-02,5.641108899434126023e-02
6.301269928721903169e-03,5.117038189379833832e-03
1.161066507443455492e-02,1.517726751170843727e-02
1.769753026483287736e-02,2.225338208655093172e-02
7.850485897711170086e-03,4.937225775250517375e-03
9.792640291382576079e-03,1.027271054344884235e-02
1.083635190247761448e-03,2.567259586116177306e-04
2.092633772475842660e-02,2.365186619451186203e-02
6.544503303208814952e-03,1.263815627217741537e-02
4.125441302089803697e-02,5.008307208575829561e-02
1.844829135499949715e-02,1.635636941704405115e-02
1.665576505441515032e-01,1.663043173585429801e-01
3.383248310007109377e-02,3.793762517243142590e-02
1.066797294511005571e-02,8.154738121774859211e-03
9.852985622201347604e-02,1.144180999256949327e-01
2.828377883190031153e-02,2.710231092999328129e-02
5.036737259977548675e-02,4.510626824082463598e-02
3.551616822633366644e-01,3.497841697844782383e-01
6.270047540473709657e-02,3.622751857385859281e-02
3.501204639788854656e-04,3.348545111830567565e-04
7.518785056981348294e-04,2.479064225691276330e-04
6.128061611150876359e-02,7.854315613352662317e-02
3.059402625214151517e-01,3.464925386959481490e-01
1.529840437739949169e-02,1.168137552581946688e-02
1.405945770403169148e-02,1.086949010945052578e-02
1.879618752084517286e-01,1.782248364716824407e-01
1.561916456802450791e-04,7.666601908310032839e-06
2.444704072686335050e-01,2.188916621810764740e-01
5.327421560121466115e-02,4.540123672737865490e-02
8.057810295149156476e-02,7.750646901019078716e-02
8.028001938951336708e-03,4.565436723949513158e-03
6.990804058709139401e-02,7.687794596110933409e-02
2.031831561656015639e-01,2.178220114847738698e-01
1.340234645140068459e-01,1.456930617262285066e-01
3.344362790562314947e-02,2.588324169011959816e-02
3.635190140967906568e-03,9.101751809882371175e-03
5.497391457265240989e-05,1.350639665367152646e-04
5.741220285496927318e-03,3.576140299042596463e-03
9.394377760799756116e-02,1.072658460172953854e-01
2.279370665509690506e-03,3.176837486488664954e-03
2.132729137880557402e-01,2.086520069504902708e-01
7.376208627711379473e-02,8.394108940640808425e-02
1.570195622775260591e-01,1.583039666636179843e-01
8.175217686929527050e-02,7.521703478011322608e-02
7.589549951528518426e-03,1.457532360264718850e-02
5.003161305925029126e-03,4.670867328078634126e-03
6.994560290369431714e-05,1.252785540339407028e-04
2.108555897453414651e-01,2.185238704731265746e-01
4.390175741539024679e-01,4.181896393739569784e-01
7.986730679220718776e-02,6.932409176976332688e-02
2.491184581688048877e-02,2.769056730797535629e-02
8.331346423481351959e-02,1.148878573350877175e-01
2.559015913637575079e-01,2.136557719131767785e-01
1.009941520676931881e-01,1.017474866319975774e-01
4.094651419872384651e-06,5.908899805319996028e-04
1.733823471440886291e-02,3.262391472009403687e-02
9.786709749619681986e-02,1.127439718290362547e-01
6.309456436846172522e-02,6.901588838015373928e-02
4.405522724677084223e-03,3.882475428190285127e-03
1.204698401867039005e-02,9.188168623694641102e-03
2.839362223714146996e-02,3.006243540402139119e-02
1.015242644140782510e-04,2.784611139563795620e-03
1.733801695558924716e-01,1.806112687437807784e-01
1.111340083033527347e-02,1.506357156272397982e-02
7.162687638438539062e-02,6.590352395589858803e-02
5.431392576572793840e-02,4.987577259496707438e-02
1.265559379831561818e-02,1.912521241494301305e-02
5.295926171211303574e-02,5.698679082301245924e-02
3.161482135257992054e-03,3.116462766676720338e-03
1.356804706030195762e-01,1.471890447042357164e-01
3.568317912140093161e-03,2.920961131153476664e-03
7.013840038490190554e-02,7.253247195994455554e-02
1.010431264972321552e-01,9.683448183780683782e-02
2.148487805560793384e-01,2.630735223567182146e-01
2.175923214361872617e-03,2.237173980758258313e-03
4.677477064600871898e-02,4.173750202285020361e-02
2.990297319926096820e-02,2.896008051590397148e-02
2.482843765728423146e-03,2.642090862740040149e-03
7.517298836393422785e-03,8.685371010090080571e-03
3.843671739005173338e-01,3.974687026315970595e-01
2.380120865140679387e-02,1.259466408906300197e-02
1.318692267069637991e-01,1.190359842735349422e-01
1.521140372483581298e-02,9.492936157522183227e-03
9.901119199755682720e-02,8.567330822069264828e-02
6.477605781662171269e-02,5.598709584779563292e-02
1.432113542461246614e-01,1.732123709387137500e-01
3.984194184039779006e-03,4.397126578022208555e-03
1.112247164793717449e-02,9.692498218301459287e-03
8.883236714107848242e-04,1.067198682269816079e-04
2.023235241722405944e-03,3.825520934882660658e-03
4.168736084454582325e-01,4.261185782654587362e-01
1.798649095833438072e-01,2.031986988721057319e-01
1.113694615733948345e-01,1.233717722840236286e-01
5.247235884219796781e-02,3.957888247442360730e-02
6.942315049243672487e-01,6.679601688886626087e-01
1.787382525644165832e-01,1.838016643602255751e-01
1.997959717530301549e-01,2.503986589063226798e-01
1.394473904868655505e-03,2.930706372504726979e-04
2.104527553018567185e-02,1.957467426656744197e-02
3.165184747217283413e-03,1.321477680463861628e-03
9.339304050527474921e-02,8.798379711580725515e-02
4.160502423286993601e-01,4.030153871726947501e-01
6.102679589716986097e-01,6.211233576482754204e-01
2.870942487663482590e-01,2.963192292341900735e-01
4.054034051344462819e-01,3.697076810944799341e-01
8.079881044249001554e-02,7.977851148717818308e-02
3.106618324681816035e-02,2.043769195127781782e-02
2.664199281786013840e-01,2.524893144416125446e-01
1.275825431369651819e-01,1.338902356876045807e-01
8.902735838581460337e-02,8.780020323512849334e-02
8.581967230920632683e-02,1.009778844149169519e-01
4.016193501377527536e-02,4.375047897243923567e-02
8.462153209010006560e-02,1.203239377990159148e-01
4.274070042186976608e-03,4.129893312571424405e-03
1.057640637396844580e-01,9.488231027559299036e-02
2.439456202235279828e-02,1.332294727610645706e-02
1.023907603353143708e-01,1.263737332769729882e-01
1.519963414761230829e-03,3.672077266247800761e-04
1.601496628613271467e-01,1.549134766509737693e-01
5.503377790848990037e-01,5.446800406898174574e-01
1.690872960662421765e-01,1.938504435903310175e-01
2.556866147612176232e-01,2.244566711682851323e-01
1.761915973245961609e-02,1.515823228811783926e-02
2.638322077077143168e-01,2.903288021959058995e-01
5.999613717721082873e-01,6.007505467003256827e-01
6.846638548509823563e-01,6.344731421788735171e-01
9.218241500661623899e-02,7.892971232857048935e-02
4.344933034607766087e-02,2.356804963937217390e-02
1.823028528627717026e-01,1.801058491973561715e-01
6.814905236152427048e-02,7.157435913772031144e-02
9.319259763774470628e-03,7.223950938563444661e-03
1.282885666970386140e-01,1.089821395703877566e-01
1.146744680886150735e-03,1.230096927680208660e-03
3.403117509994498663e-02,2.799337922855646074e-02
9.053019748925058077e-03,3.375362430434735404e-03
2.896169853172835332e-02,1.707674681097416658e-02
1.242379569391833865e-03,4.053869569176894402e-04
1.489812582088731680e-03,7.979019696225437446e-06
6.625621749762937440e-02,8.132107232140065034e-02
4.135839664713268360e-01,3.940433988543090016e-01
9.106155391391364739e-04,4.814488256173009685e-04
6.539864106899610785e-02,6.480492488474479118e-02
1.604983241368836480e-02,1.412819600397034574e-02
1.170219222167190147e-02,1.677217699315289648e-02
2.087803394599050809e-04,2.215922437763083322e-04
1.644925448711724580e-01,1.884693267083801804e-01
2.314059291018055395e-02,1.792843052926492570e-02
4.827948975493684403e-03,5.553236565389485686e-03
5.267672977088027828e-03,3.960306997383562268e-03
9.628046485627379802e-02,9.906379921678959422e-02
6.984057132972706916e-02,7.941326980110458011e-02
4.499566235901238630e-03,4.859045859203998952e-03
7.284309061821138409e-02,8.888924044448497097e-02
1.237705070777012605e-02,1.284363947498088840e-02
4.140377591904483533e-03,3.912066807147548085e-03
1.279737338053621165e-01,1.122193949231481969e-01
1.620655679679928740e-01,1.601112425380903093e-01
4.377709809721471866e-04,6.952229339344016086e-04
1.685025425166224167e-01,1.679176551473108570e-01
3.314916353989960651e-02,3.504375687263224654e-02
4.173784207168537708e-01,4.563004488174389195e-01
2.372386484642560658e-03,2.656160952197155617e-03
1.861302819377366052e-02,1.311658215581126656e-02
4.455341225798357951e-02,3.457087356358862218e-02
1.494690155097532988e-02,1.627322793977501944e-02
1.909028477716972810e-04,4.258366692219646600e-07
2.452155725100659336e-02,2.284302628164226745e-02
1.125261613723752413e-01,1.388126827579190536e-01
4.317575652764339689e-03,5.434555723914540060e-03
9.330045419213141289e-02,1.030503158682896797e-01
7.664719499216166021e-02,8.130261980199469940e-02
1.939649704268725239e-01,1.799805192462202996e-01
6.846111166485091548e-02,7.937241853771791200e-02
1.369980039166329433e-01,1.259531060873194663e-01
1.279375787575565693e-01,1.394748536300954023e-01
4.558539474916094569e-01,4.882218089201960098e-01
1.183455944004074417e-01,1.246044169280647873e-01
2.693970683887752515e-01,2.788882619210551472e-01
1.033067400469014213e-04,9.383417343171400059e-05
3.722614511667596271e-01,3.537107023705731712e-01
6.876829180412581677e-02,6.792728053060734239e-02
3.994893077891811251e-01,3.949738869112861539e-01
4.072013954674648557e-03,5.616391588430495393e-03
1.030885345582367302e-01,1.098263832856656158e-01
4.172499583438064041e-01,4.166210137901540378e-01
2.222045568942213889e-01,2.350599602588688275e-01
3.813734411427474602e-02,4.952702576637062898e-02
1.215888239486461880e-01,1.359123033455867657e-01
1.063929384241332592e-02,5.782617355332317702e-03
5.080900666147653705e-03,7.618780235934886555e-03
3.680444587468256062e-02,4.082780012506215944e-02
9.125530200889540866e-02,6.000294546492423997e-02
1.544537946624543903e-05,4.926706388258657256e-05
9.335598120683932105e-03,8.015072196281213326e-03
5.492314136071979082e-03,6.885477449414252431e-03
5.962995325527380847e-02,8.023441343862058872e-02
8.988171600592523292e-03,1.535541271255775296e-02
1.176797500211900216e-01,1.121627892003716487e-01
9.353055069254805759e-03,7.426829023628431919e-03
5.919716602745109940e-02,6.182241975359869385e-02
4.743476975858301747e-02,3.935482149569655141e-02
3.806671428445193017e-01,3.815510983908950715e-01
8.342441105768153009e-02,8.640859073070605856e-02
2.308956628922755744e-02,1.163341520030516593e-02
3.163653458796858442e-01,3.141811411173774382e-01
7.673471767071813688e-04,2.981510182514758665e-03
9.003177295515435441e-02,8.263157816732658034e-02
1.545232356300187682e-01,1.472848642627535010e-01
1.485653512137276544e-05,1.654208118697366716e-03
3.000907034559492370e-01,2.746329229089130575e-01
8.902138249580674248e-03,9.722719129185502032e-03
2.633300697508706434e-01,2.620966405478705186e-01
8.961612300412922713e-03,7.418871022194499336e-03
2.161147150245370033e-02,1.979788922110946661e-02
3.280996134296476630e-02,3.354525519152676966e-02
4.098668037039138873e-02,3.460746865637927272e-02
8.853322215085299707e-01,8.691530411156752622e-01
1.147446362749469234e-02,6.627713113210049328e-03
2.069810132692686752e-02,1.684214903743627006e-02
1.965045160915766288e-03,4.152707712397319360e-03
1.407768104436748768e-01,1.406866149081942852e-01
3.455858891375359482e-02,1.726479782744794883e-02
1.132513987773354136e-03,3.504155969095443875e-04
4.430709681032914127e-02,4.787371459558087405e-02
9.061197329095962427e-01,9.896534368861092945e-01
1.159579641569255526e-01,1.152089721991855914e-01
1.033930501296465194e-02,3.389527782268378798e-03
7.120244466009802327e-03,4.971086677479384652e-03
7.640203642790499789e-04,2.558416865745353000e-03
3.559818745906878634e-01,3.350653504613191891e-01
7.374083397955378963e-04,1.450118192669936452e-03
1.062083912344679269e-02,5.842689551389570156e-03
4.788338004467769526e-03,1.934669681322832326e-03
2.191505208962693241e-01,2.044360771252791420e-01
4.168805666089195339e-01,4.441811975993587569e-01
1.493850418001555977e-02,1.428396192860639964e-02
1.477250352282522272e-01,1.554219614249580661e-01
1.604951901294619232e-01,1.817684734966388826e-01
3.763693029136463974e-02,2.692436139602212911e-02
4.373249931193390339e-02,4.382965440255569972e-02
2.554806434380717528e-01,2.512855582867965509e-01
6.844946312083953488e-02,6.507148170352933247e-02
2.309080306363722468e-01,2.560664704604451725e-01
4.808330312457990453e-03,2.628167493034384850e-03
1.077339944105955950e-04,4.123059695809517308e-04
3.388720835504147044e-02,5.507018616144068734e-02
3.020595385371124819e-01,2.610475456909666647e-01
5.242410718925590019e-02,4.699235744331308612e-02
3.392845164362001120e-01,3.374614491581569009e-01
5.028152741552379540e-02,4.105401854250448346e-02
3.900369256949114127e-02,3.237564786687380236e-02
6.470911579668088554e-02,4.649289543645774431e-02
3.569602846605377661e-02,3.692127497413660864e-02
1.393950064801907363e-01,1.320643628043967621e-01
2.218636650348820849e-01,2.480714353793409821e-01
2.083579325915108429e-02,2.693662781092385355e-02
7.094104691624170643e-03,4.299918794751305361e-04
4.748894381272038821e-04,4.034271222884278434e-07
2.248158536612230446e-02,3.462470379982170859e-02
1.531375411187358869e-03,1.020056934844396426e-03
1.130454736116823152e-04,6.865190134775556511e-05
8.194520003384938439e-03,9.427215941393339224e-03
1.915900096535564853e-02,1.161613950667217225e-02
6.951492565216361216e-04,8.478200785761196749e-04
9.368895275972006012e-03,5.748590158205621817e-03
2.352641227010760297e-02,2.964147015298025656e-02
1.667548095814750525e-02,1.517603728651674422e-02
7.622841811003224909e-05,2.777466239074278306e-04
4.963958258876235638e-03,5.366385631303653009e-03
1.737681977561723662e-03,3.562704517520410077e-03
1.403817893692866844e-02,9.702062297581080449e-03
1.469803698815016213e-01,1.732031548760947781e-01
3.703711672454818582e-01,3.478402094165800040e-01
5.228708092356231241e-01,5.240790211975635549e-01
2.442442917416870842e-04,4.969728901698794703e-04
4.792606243033962349e-02,3.932975265801062770e-02
4.889579261872869370e-02,3.269718750757787118e-02
2.262079561767979252e-01,2.061353188043478502e-01
9.347436520502549681e-03,5.692589601373477561e-03
5.902819202505510399e-02,5.062934193287989271e-02
5.504687347104598831e-03,7.226186805199759193e-03
6.525514224088418969e-02,7.108597540780589585e-02
4.348400990015099075e-03,5.680381248006753994e-03
1.044144069985379576e-03,4.370629310422853228e-03
3.743163308148652474e-02,2.911175633224879003e-02
3.286433047941485913e-03,2.107988718274415949e-03
1.938032190028745605e-01,1.942941745493151906e-01
2.010447381231385555e-01,1.976931263929306015e-01
9.491346046665498359e-02,8.579816588970047564e-02
3.757199566747885244e-01,3.948615616261104133e-01
4.451890967081265776e-02,3.741798788348308508e-02
6.901574319860807709e-03,1.912707979992144761e-03
4.919562811377634938e-03,2.307361735476294844e-03
1.564385458908623683e-02,2.179841486679191809e-02
9.274057964645107330e-03,7.735150266482544029e-03
4.229594801566568391e-02,6.488083747787221078e-02
1.527612149904959563e-04,2.112991211382351283e-04
1.207310350632656293e-01,1.304210922452850308e-01
1.346613459090221510e-01,1.617736352338921824e-01
1.169972975082329558e-01,1.352464302087018344e-01
1.936607124922976320e-01,1.976796640146780970e-01
6.381121804522632557e-02,5.212256972625631951e-02
8.210061237526504463e-02,9.655981245887443332e-02
2.047559402070640855e-01,1.667131670195996507e-01
1.094128572101964961e-03,6.121077560757155712e-04
1.034085672281076229e-01,8.870395363514087250e-02
6.508085605297658782e-02,6.868113193821195894e-02
8.212795799760912174e-03,6.548473136059625339e-03
1.952125704857171906e-01,1.833580775489967452e-01
2.192295018959546581e-04,2.696683769732342401e-06
5.419077703543400543e-02,4.902893126670073570e-02
1.209187638202790654e-01,1.296989285796488478e-01
2.378370916509211369e-02,2.207174494144467647e-02
2.255262548535358347e-02,1.737649984152971755e-02
6.627847266836410789e-01,6.916247139378897124e-01
2.399743273037540509e-02,3.790320358872956846e-02
7.948132723360831764e-02,8.670326800550784418e-02
6.268417535233512805e-02,8.224905658805999054e-02
5.003785019322677385e-01,4.789881568925141719e-01
6.477443691024749838e-03,6.116574867053094743e-03
2.081769952097720436e-02,1.872006690772052076e-02
1.692328692492414341e-02,2.064454141603545151e-02
8.259754816947209588e-02,9.132368331393082850e-02
8.966194213709194338e-02,8.647534380978717794e-02
5.142172415734501921e-03,2.268609811316318805e-03
5.881823648609185717e-02,5.655391233916400029e-02
3.878982384062425876e-02,3.659657980813887934e-02
7.480241378648979029e-04,2.483477778781531010e-03
1.124776283040772318e-01,1.050094549278491884e-01
9.686657797894248495e-03,1.066215394408423327e-02
4.136409486943772376e-03,3.037402539085555086e-03
2.355338438455783365e-06,1.181382771022918227e-04
3.300221693566388059e-01,2.993102355449048790e-01
5.470221656218047235e-01,4.936326759787055818e-01
4.750515902318004913e-01,5.111612114503850668e-01
7.295968112770469943e-03,4.715411407632654275e-03
7.788063248905019442e-02,6.572186656415887618e-02
6.718228364238972017e-02,6.501914042357624657e-02
6.606756220434288618e-02,7.952959947438406618e-02
1.108767579634071798e-01,1.079872991798680321e-01
2.481937354923644812e-01,2.829300403691874521e-01
1.630058242430964394e-02,1.383192592575841276e-02
4.417406868565604446e-03,6.267391447816569178e-03
4.241200692956316742e-01,4.062898694761358787e-01
1.100424868150991220e-02,9.152677102462109665e-03
6.123934321472498943e-02,5.835020182413906686e-02
2.040878808814528544e-01,1.983348534990226619e-01
1.003805704985197104e-02,3.131112020956702650e-03
3.425969044373870093e-02,2.437861387604673899e-02
3.862286774836109701e-03,3.072785499664018680e-03
4.265990372450248480e-02,4.924602384668934352e-02
1.247315696206573220e-03,5.896649370742669538e-03
9.947226307450612870e-02,9.580551145226282039e-02
5.811186903599378090e-02,5.990496890559865450e-02
7.114279626454728112e-02,7.329412446817935856e-02
3.368896849621254991e-02,3.618110895354199885e-02
4.178922520697474219e-02,2.560898779907070169e-02
2.564212543892562812e-01,2.631623203041945636e-01
4.044009298857356161e-01,3.942161076135350384e-01
1.128842337842022037e-01,1.039527104052574979e-01
1.052782019584691670e-01,7.859982358811982983e-02
1.092166502671588629e-01,9.129781380464808971e-02
3.007096781316097658e-02,2.318922969035494552e-02
8.258582933984310454e-04,1.010514102106114696e-03
1.466475424467639753e-02,1.667948144333537136e-02
6.217631437006100950e-03,2.485672636407463588e-03
7.528070265546063511e-02,6.832574677519268058e-02
7.906491098666002318e-04,2.641363735040630663e-03
1.061185751949719584e-02,4.278661721575613940e-03
1.728570127806134116e-01,1.759730481634782240e-01
6.089424583262962633e-03,5.818806114700487107e-03
5.498699098068169158e-03,3.022890703759935609e-03
9.070265762676466004e-02,7.506012621496260806e-02
5.232897999848349106e-04,3.983172395432142861e-03
2.464381305683479573e-01,2.743167139296820434e-01
3.570722019466844935e-03,4.767693901061830983e-03
2.401417671155455652e-02,2.879794104646976605e-02
3.042269349139966050e-01,3.328505336286651239e-01
6.385255153480576262e-02,7.660431301473838439e-02
1.428464283711183619e-03,3.520102950435903370e-03
5.455000109482462112e-02,4.705188056103680461e-02
1.823672114363513591e-02,1.058523924194580690e-02
3.483287507892907260e-03,2.848290800659858575e-03
9.744112873208136960e-02,7.615820284866663126e-02
8.079960538693940764e-02,8.136126298257083389e-02
1.356501317274373848e-02,2.010213678636934773e-02
4.067744064869333043e-02,4.708230202930897140e-02
3.320844984452511750e-01,3.112924667749004670e-01
1.279776626978391119e-01,1.428016834224685450e-01
1.414393643513592357e-03,6.701732886233138266e-03
1.054898154910910851e-01,1.111426499207882751e-01
8.532164528654449798e-02,9.453519030220931818e-02
4.279142888194432948e-02,3.144427460710943339e-02
8.658626727567653170e-02,7.781632058639140204e-02
1.331679381671339313e-01,1.269032243850355957e-01
7.694850628886652430e-03,1.034330692996366643e-03
4.486397072295561506e-02,5.047673166230532554e-02
4.182241009293085066e-01,4.459239924281478973e-01
1.051026478751355443e-02,1.811879858377975216e-02
1.671723100457238043e-01,1.682249472684079483e-01
3.784404825647383341e-02,3.204099460881481426e-02
5.867775809807460607e-01,5.328295365553420426e-01
1.419035663433255122e-02,1.908091371410064463e-02
2.059069215734925240e-02,2.335618808881517044e-02
3.558709825358331771e-03,1.800587522372384909e-03
1.189025350366481118e-02,1.095142290189569934e-02
2.064214084574535202e-01,2.224026008519365549e-01
6.758952149267949058e-03,8.124371118084608087e-03
1.395122790362753268e-03,5.669258053031295437e-04
4.992399852537272170e-02,4.941477772860181777e-02
3.930749075197021575e-02,4.523217685343219885e-02
3.358520290142508885e-02,2.941878357114666859e-02
4.539116273925708489e-01,4.347430952154503481e-01
1.791196433314682646e-01,1.750177217390402884e-01
8.387257722671752347e-02,8.318143582289352911e-02
2.163886625850485607e-02,2.385901296596332904e-02
6.275750987871542286e-02,4.068153032515362671e-02
2.669453063175318275e-01,2.519970716277610823e-01
6.000645581988960781e-02,6.631415571687759858e-02
7.237214701582642302e-03,7.044016644804250958e-03
2.374430799964408548e-02,1.519195098092662038e-02
1.919876229013277313e-01,2.056648099334200119e-01
1.277862124244023012e-01,1.218893433912231067e-01
2.048724090063151304e-04,7.860088343997483377e-04
1.892697248315421219e-03,3.037136936221053549e-03
3.495048249386278720e-03,2.905744530052124623e-03
2.345824236532007695e-02,3.067988432872469431e-02
1.327680358760659762e-01,1.322561090976801246e-01
1.715416210998772437e-02,8.780788624511544349e-03
2.715005889933555863e-02,3.882745648156366719e-02
5.177632755791047314e-01,5.475601312999361925e-01
3.367674357545555851e-03,1.882849927972165931e-03
1.571159395173806206e-01,1.759914060741515074e-01
6.131951948884739600e-02,4.495644445291772234e-02
4.791666329699371084e-03,6.052689901877687968e-03
3.455180102816613266e-04,1.439175855137569049e-03
3.925213382563134956e-02,4.859154019439466954e-02
3.409150333472802004e-03,3.201197755883353983e-03
1.218354578955229278e-01,1.263646652234949319e-01
2.853689867304025614e-06,4.356217747723062906e-06
9.621877282798880918e-04,1.295301333925329883e-03
2.641495716866808317e-04,1.392966636596043660e-04
3.768651028903504535e-02,3.624559208169575442e-02
4.053189829189543514e-02,3.884621632683332021e-02
2.439304352880348147e-04,9.743967120567506525e-05
8.327884627685126773e-02,7.374811884808687990e-02
2.895018439475069774e-02,1.642056359693832082e-02
9.466412661434102371e-02,9.711599550910166023e-02
7.727994508879436342e-02,1.143661546501585358e-01
5.311078364138338559e-01,5.328865984595684280e-01
1.118415383014927924e-03,2.324935939939757300e-03
1.181472443527372719e-02,1.175264207034089695e-02
6.069736277607956643e-02,6.902666258005486777e-02
1.390310465338407964e-01,1.615185474198549409e-01
5.310076135327929797e-02,5.223962394126965142e-02
4.797442063971308246e-04,1.401222394579622376e-03
3.774519198794420646e-03,3.007645862324556576e-03
2.351048200169697839e-05,1.126591070326116182e-05
3.852248965231928196e-02,3.531138122174942023e-02
8.769311691950867167e-04,6.754714796214226265e-05
6.034227825295247066e-02,6.586176055622704195e-02
1.775192170190030561e-02,1.782332504465824682e-02
4.980676874205655080e-01,5.038199544919758077e-01
5.128477803596626083e-03,7.991828327976012100e-03
7.269007261335432013e-02,8.384696111682936326e-02
2.991252238170811865e-03,2.213123556751931667e-05
3.764106609644476964e-03,1.525716563552307779e-03
6.136763997963401440e-02,6.535919189990155309e-02
8.444622819493046925e-03,4.398808758057373529e-03
7.002472084687537401e-05,4.014498919603445176e-04
5.094811321643875901e-02,5.991354348003261748e-02
3.646792973554392747e-02,3.128672029092174206e-02
2.161694164713557631e-01,2.193824046075426304e-01
1.953956397623267394e-02,2.795227636728861084e-02
5.725071172187514712e-01,5.103408382351976025e-01
5.273710352692515674e-02,3.654223298916039336e-02
1.332699565338641215e-02,1.665015456233679553e-02
1.305668072153630399e-01,1.398136500319070996e-01
5.067729737074730401e-02,4.139963751824686511e-02
3.789452644096713563e-01,4.218595557343746139e-01
3.685391383609682749e-04,1.089458662863832322e-05
4.740783546694500583e-02,5.159068265138289089e-02
1.275409255865420366e-01,1.245662791754682530e-01
4.462440315351087067e-02,3.978928997767268438e-02
7.275591318121876760e-02,8.278559785443020957e-02
3.036008059387655389e-01,3.113045044596722821e-01
8.507538710498335766e-03,1.041098225523072809e-02
6.575956064819235038e-03,5.937187716860110355e-03
2.078233454254991338e-03,1.540350469356570546e-03
2.635390014580019646e-01,2.760008421610972151e-01
2.668253973639391208e-01,2.862434080586279128e-01
1.371851041878003122e-02,1.570227700282873090e-02
2.157967226876677386e-02,2.481578434586467763e-02
2.231471666772828419e-02,3.036020280272147889e-02
1.955026952153541674e-03,4.300173406782138372e-03
4.106141357570227551e-03,9.921731044331442637e-03
1.019785717024513218e-04,1.128317971219933760e-04
1.757531010023020701e-01,1.546754484432566468e-01
1.137403274112648577e-01,1.185680295687580182e-01
1.763306383393029204e-03,1.355190377279003868e-03
5.826131546773536535e-02,3.712893479448264172e-02
2.870044967628569005e-02,4.731994164384401014e-02
4.255965539060646563e-02,3.666806752372502726e-02
1.607985335416401707e-01,1.739544137306748839e-01
1.428156548211644006e-01,1.430434324812051294e-01
3.933427302401046322e-02,3.867992431830138966e-02
8.490888401344322267e-02,6.687493379477511823e-02
5.917248089025461261e-02,5.336471114430344637e-02
1.161897189658310861e-02,1.073683737619226045e-02
5.235415667770334375e-02,3.524207000358482028e-02
4.117577982907214690e-02,3.647458776139621967e-02
1.799923245014698261e-02,1.445739225429427781e-02
1.596762783998920410e-01,1.422816084099924050e-01
2.211900533548473435e-02,1.399811328266687901e-02
2.231602154157242002e-01,1.895935141372308563e-01
2.315848330924305809e-01,2.265339069192094379e-01
1.045519550419185366e-02,1.390751224947920153e-02
2.263261363000101251e-02,3.260166591142282799e-02
2.919740186474866772e-01,2.953205016134747840e-01
1.968479095605520923e-01,1.881917099385075343e-01
7.090410510317193826e-02,7.481120743202933354e-02
9.058159931880336441e-03,6.533226519186978616e-03
9.300001785845862790e-02,1.047383762068023055e-01
3.867026447209226392e-01,3.866481834948085061e-01
9.462852905331495257e-02,1.029074986922932922e-01
1.118931827810885037e-02,1.620892444354442297e-02
6.400835465867378282e-01,6.782139196378992319e-01
3.621276362892209000e-02,3.060179220973301140e-02
3.537607196676887528e-02,4.191372785563534514e-02
7.945426108062896009e-02,9.329373301934824891e-02
5.071301176890979229e-02,6.191966338187182561e-02
5.786945671218217228e-03,1.116672494308376846e-02
7.615076672676240888e-01,7.998756345768892606e-01
5.933255011834167592e-01,5.955816192088542183e-01
3.347241968653309838e-03,3.190468731905482091e-03
1.731579465118219807e-01,1.486305912699344700e-01
1.152904905965081464e-05,7.612722074063474256e-04
3.369001791753908903e-01,3.422866130938801987e-01
2.101832203147876305e-02,2.246847349877266128e-02
1.590334422451387220e-06,1.379102005013923030e-04
5.460026266186319283e-02,7.445843738162051528e-02
3.285315862656123381e-02,3.542862528566156910e-02
1.280771093613705391e-01,1.365411635770170384e-01
6.054518299391800466e-03,4.320181002234107191e-03
2.504547528505085487e-04,2.462263704345610173e-03
2.367158138952005220e-01,2.411871554514344596e-01
9.841003641046970358e-04,6.386588431443249300e-04
1.247762890224824034e-01,1.320513123603677119e-01
2.785410909596088003e-03,1.854446754146194757e-03
1.062623693006624383e-05,8.595912289527216329e-06
3.230942854329743597e-01,3.359750865148342647e-01
1.833910299363459839e-01,1.732415066559458983e-01
5.797070007207072266e-03,7.962801020037607244e-03
3.746898387625657856e-02,2.491512394040470979e-02
2.153295146381851988e-01,2.280686839128431842e-01
6.477383056497378055e-02,6.494682360956968714e-02
2.608544494436378369e-01,2.702938526843261524e-01
1.108435752640695299e-01,1.099379887758433899e-01
4.161431526066144970e-01,4.153648233534623646e-01
1.119376204261374741e-01,1.030244081549203106e-01
1.196769601595039922e-01,9.921466896750524844e-02
1.888794717446028865e-02,8.914707179246309648e-03
5.494284362934020310e-02,6.249124035389963527e-02
1.024449746151432084e-01,1.285477770760113103e-01
1.349175211491015700e-02,1.191121572626401177e-02
6.300395779519283312e-01,6.666497969425059233e-01
2.026642127370473778e-01,2.055904077093975435e-01
2.972550672682213735e-01,2.537162755798801905e-01
3.868410540750532103e-03,4.990510645842571348e-03
9.165200130685641211e-02,1.012412640702005373e-01
3.390164452346284413e-02,4.121383959839577255e-02
1.849048039442372782e-01,1.844628358707366411e-01
3.459374630565104775e-02,3.614817444505994543e-02
8.821304961414080936e-02,1.052341467541715037e-01
1.782293643851394407e-03,5.672364954478739587e-04
6.994350960113707161e-02,6.288037881620694991e-02
2.120116315662327888e-03,1.851151507218976337e-03
4.206000018317958278e-02,3.125568568853284018e-02
2.287385725093383018e-02,1.818105418554797487e-02
8.578766819708737168e-02,7.657153735812001483e-02
1.816782352871211259e-01,1.890513805693843641e-01
9.109948819678810594e-02,1.147763031038730869e-01
1.419054690099043892e-01,1.099751685115490651e-01
5.382413319165788718e-02,5.029707840691934745e-02
5.249387526939389842e-02,4.116893253025410288e-02
8.374301064748028434e-02,6.625600008280890796e-02
1.176568706515248725e-01,1.243961431692943709e-01
6.206008337618409629e-03,2.267284854799417933e-03
1.751015538102295571e-02,1.936158953529948726e-02
3.288468559504320599e-01,3.257944733627620160e-01
9.495738844499641840e-02,8.179507214579581631e-02
1.044726038120947532e-02,7.146252842734093086e-03
1.774364650946226862e-01,1.643536784729862643e-01
8.412236690519454135e-03,6.964616480149845093e-03
7.253312138420411892e-02,7.782841572264366514e-02
9.438018225746939646e-03,2.629981117870608225e-03
3.021942245059095616e-02,3.105113342984657659e-02
3.449435236421135587e-01,3.313255261000208618e-01
1.229331760922417090e-02,9.877712716808236329e-03
2.683940136588737826e-02,2.086649202391431535e-02
2.221824083510113776e-02,1.578342434456793397e-02
4.705253720391031069e-03,2.877753601923528203e-03
4.508839529738063456e-01,4.453570470075743359e-01
8.667312583896035838e-04,8.662084118692246369e-04
5.439305848463588198e-04,1.641437456328297129e-03
2.898875657273586315e-02,3.201302545108410114e-02
3.011202798496999140e-03,2.535415789757541113e-03
5.984552681680416208e-02,5.491311456318587886e-02
1.578390430457305045e-03,1.224624526886233160e-04
1.211909200534659571e-03,1.672274581338119206e-03
1.337525978380620442e-02,1.591615362289990759e-02
8.977741512562897527e-03,6.364880268916491349e-03
1.866812534788467662e-02,1.914848411394086056e-02
1.801692806942395975e-01,1.864818802224740835e-01
5.555692939074174941e-01,5.085284154100137011e-01
1.166910408567433527e-01,1.054261561665353619e-01
8.936490964679686885e-03,6.959836002111801680e-03
4.043557477422476260e-02,2.308147277543207490e-02
1.096342461315088362e-01,1.420894996316246772e-01
3.346497786195741786e-01,2.793983689261133607e-01
1.641556251413859744e-03,3.438488891598191072e-03
1.106661604942449969e-03,3.487399291680456665e-03
8.851708370723797292e-02,9.453015739439059317e-02
6.106553230748988648e-02,5.083637505739938695e-02
2.388878170528963008e-03,3.284124121588620927e-03
3.050339002979377684e-02,2.891336200216521740e-02
2.672866001461944585e-02,3.044597206244870069e-02
6.851488902601434762e-03,1.021727992594483568e-02
9.588185662830239764e-02,8.583783108887935165e-02
5.000151222666396160e-03,2.099729344047838661e-03
1.447288619598761971e-03,5.601149011689633347e-03
9.217859140234022086e-02,6.752048443078782769e-02
1.972877224260084512e-03,7.056555592262207972e-03
5.310639771620664223e-02,6.821923331779924937e-02
1.288056041987023330e-03,2.399687401469564364e-03
2.148877508558589555e-01,2.268072838063645014e-01
1.597981021698873516e-01,1.406884623654928446e-01
2.001190721103107972e-01,1.824934356477524722e-01
2.717310056911513283e-01,2.394695479403991523e-01
4.399620520427386001e-03,3.814150324646681673e-05
5.337991748551280252e-02,6.803799510303680520e-02
1.615287290823052418e-02,1.742130060151044976e-02
1.608881220311321469e-02,2.093194001550341757e-02
9.061742333738520561e-02,7.970416066200818050e-02
2.394714767319887361e-01,1.798041990058931727e-01
7.936198797839497110e-02,7.990144113357591782e-02
1.839914635351509176e-01,1.890299887701679393e-01
1.485343303095296164e-01,1.278508828952452936e-01
5.208268729426139661e-07,1.484539716369004912e-04
5.287041522741401951e-04,1.885491273204833733e-06
5.717930656402438021e-03,4.023296580207599837e-03
2.906812561110849128e-03,2.448076150543235414e-03
3.673177737378454655e-01,3.407510704959770265e-01
4.304299092909991825e-02,4.550576791341562344e-02
3.460457464904510404e-03,6.324804528504874256e-03
1.160631153749476924e-01,1.082946725194748883e-01
1.953909705721792837e-03,9.440466629594652243e-03
1.236774802648455129e-01,1.176551696447894757e-01
1.904155305124064224e-01,1.813474038098387142e-01
5.922877880092800506e-04,6.833320976495066001e-05
1.849110130626399340e-01,1.902048463467868600e-01
5.653718968442648235e-02,6.378829562666704645e-02
8.186869080252845432e-03,4.587476556299577637e-03
2.503159586839256989e-01,2.559594562726418832e-01
5.685212152938289715e-02,4.656332633021255385e-02
9.385513873533951612e-03,1.300592508494101233e-02
6.278339734443383682e-03,1.001769222347793399e-02
1.376882732860284890e-03,8.325230212445737521e-04
2.072638257554675068e-01,2.279426938400774538e-01
7.249809374434720843e-02,6.213007695434399208e-02
5.618423890966124656e-02,7.237867066698222551e-02
8.477917237916901549e-02,8.938361146160542225e-02
3.775452983458869038e-01,3.486199308050152990e-01
2.969151971597196096e-03,1.882179619960591861e-03
1.890648775668285486e-01,1.980124531391478648e-01
5.086851016525376773e-02,5.515971069023904716e-02
4.976993997744989101e-02,4.559616762504763859e-02
1.097137170697249156e-02,9.007716751902069066e-03
5.416713779585462241e-02,5.741426040996567420e-02
1.201462650974798735e-02,2.571924943712832271e-02
4.660233646941883481e-04,4.670907432913175523e-06
1.572526412930675133e-01,1.701292243101137358e-01
6.755100341303460487e-02,7.744065964860509521e-02
2.478111768592258270e-03,1.009915269406105182e-02
7.611645432144664714e-01,7.256771817865066421e-01
6.245182225600384718e-02,6.407277470984125423e-02
9.559180550749363237e-02,1.069076354241024901e-01
1.036242949910328852e-04,1.492422967204288587e-04
1.243372856487638331e-02,1.413951521441036800e-02
8.744529243928314544e-02,1.188640139769173709e-01
3.083701229234863186e-02,1.980061887477996274e-02
1.673735800097383153e-01,1.869814024010161280e-01
7.022202428027600474e-02,7.357445799988641955e-02
5.951982095144251611e-03,2.273973377093905894e-03
3.664545557762024564e-04,1.167404426184171212e-03
3.528127499583108215e-03,6.625814548840997659e-03
8.655872415666425457e-02,8.781932153160912358e-02
2.178930208359662266e-02,2.132648201259897125e-02
8.952279684816091820e-02,9.722979074819620982e-02
1.295367375105270225e-01,1.001470688404410420e-01
1.154280445062840464e-02,1.157651125145454235e-02
1.997939296868863901e-01,1.804774959299653703e-01
1.601205130361072274e-02,1.344730448210855987e-02
7.784631675312067567e-02,8.307835957116478653e-02
8.393638773319649082e-02,7.761649425847678974e-02
1.357037749974659702e-01,1.420508967259107302e-01
4.068530913187857201e-01,4.317789305361551255e-01
1.775693336956557511e-01,2.113186964900551634e-01
8.697216217575802488e-02,8.161339454804707183e-02
1.069477173575593548e-01,1.017545505835758118e-01
4.178635934226191838e-04,1.494100700617475219e-04
3.705767557941503656e-04,1.151889701772801697e-04
3.738799622454065403e-03,2.625851994734745756e-03
1.482700372832372049e-01,1.471201537158770833e-01
1.277425250307634985e-01,1.131234012034634667e-01
1.149936029894276790e-01,1.120066584068585974e-01
2.140574627846131561e-01,2.215141987503471133e-01
1.281350478003874874e-02,8.285948310929913338e-03
3.598087570717395378e-02,4.004750412389330994e-02
2.156976361008831888e-02,1.578934024610528786e-02
4.686974748687237208e-03,1.008218263766568791e-02
1.488866419808333209e-02,2.479989289277391082e-02
9.023193798783163411e-02,1.024744737703130876e-01
3.354987020328699041e-03,7.065965984136616390e-03
1.966767845530306702e-03,1.070814320468324197e-04
2.798307206536965533e-02,3.990718583640570638e-02
2.017736358433344090e-01,2.213707802090111865e-01
3.954617245737806347e-02,3.303581491367862943e-02
4.528474437194648233e-02,6.151198129359063821e-02
3.016439510520566025e-01,2.807769689178902239e-01
2.300035757694701977e-01,2.235857785006050147e-01
4.445620401029922873e-04,3.255783235834248447e-04
1.231916153397703481e-02,7.050646368580399531e-03
4.610527853287640226e-02,5.462715772950183651e-02
9.406251578542871306e-01,9.424337604629702270e-01
1.979131272231426097e-01,2.095924362411759612e-01
1.203986030406307452e-02,2.136292934543591870e-02
5.805914931900697795e-02,4.996541232201636568e-02
1.918537032139849274e-01,1.950896779299538253e-01
8.453254477578784135e-03,2.501027641224234585e-02
9.001941832530549123e-03,1.129640091272810822e-02
3.301138149728227722e-02,3.603317363903252302e-02
1.281746229949945193e-01,1.255471135375625935e-01
1.459160457486063933e-02,1.790788999362248612e-02
2.997374857510428162e-02,1.802020666287755535e-02
9.516671210965307881e-02,9.023767701889176540e-02
1.101292094331442067e-01,1.387074906532884955e-01
1.367333127954826477e-01,1.388376808151060571e-01
2.909534530633633639e-02,2.006236754602994804e-02
7.714012353866858684e-02,7.217832475639483769e-02
1.070113799890008884e-02,8.144927922167076798e-03
1.958125485161091219e-04,4.339121877206645900e-04
4.190699010716842920e-01,4.013894660129038172e-01
7.563663647689508607e-02,5.803804372347894092e-02
6.096977263306553596e-02,5.341113106524664200e-02
7.968313591156610254e-02,5.203160321230687613e-02
2.918469489086349400e-01,2.971836871637039135e-01
4.367717343835045989e-07,4.330220135243167327e-04
4.477282164567007727e-02,4.025601655208457808e-02
6.748616128884093643e-05,1.221790935566158557e-03
6.917983656552371442e-03,6.682485659145301869e-03
1.167556377805244704e-02,1.155398411182626851e-02
1.559666171634643914e-03,4.349856553277589430e-07
8.497356575242330512e-03,1.975002727401430069e-02
8.541093933631072757e-06,1.975750788702402725e-04
5.711537966492302894e-03,7.579305604916247024e-03
8.520567947767640482e-02,7.290283156217891580e-02
3.838074837499066416e-01,3.935539871568233816e-01
1.156502529288913755e-01,9.122733551756163906e-02
6.901010492614471914e-02,5.274728653573002024e-02
2.567842506848913575e-02,2.373747615279606787e-02
2.517641263250096698e-02,1.471677436085365616e-02
2.548167196502507115e-01,2.825560384573629347e-01
4.200362093637131228e-02,4.348416676190805519e-02
8.799217321450605866e-02,1.019117243024590946e-01
7.706285449895614037e-02,9.799592847329517686e-02
6.962484992997329536e-02,9.063883522020305117e-02
3.639200655672080731e-01,3.395701159875249009e-01
8.029512674206278414e-03,1.362338153027600751e-02
3.410169762966304696e-01,3.827599650366837469e-01
9.651929978780449115e-02,8.855878953240683971e-02
2.668835967946316893e-03,3.249527161847159690e-03
4.026295460239553980e-03,1.035605769220081340e-06
3.251994422025454301e-01,2.967685269865260600e-01
3.267506317199160570e-02,3.544507791053545798e-02
1.077206876657375162e-01,1.216263870409747677e-01
5.729439910457797061e-03,3.600562914499465597e-03
7.518896098430921139e-03,6.306672462336933641e-03
2.684017260546824879e-01,2.547000705132333453e-01
3.480455210334439109e-02,4.768631698921579204e-02
1.034581230458442649e-02,1.455272130124379316e-02
3.272652381628713553e-02,2.877298273000067699e-02
2.171760851705139828e-01,1.943578268809367515e-01
4.329977053482320787e-02,4.061536960490500642e-02
1.427884483973869412e-01,1.494836756818446466e-01
1.387074903919558178e-01,1.210475155750920101e-01
1.000081178585474073e-01,8.488173542321489351e-02
1.981546861665088033e-01,1.771075380296066593e-01
1.123421517454615279e-03,3.548647253172235606e-03
1.127852387416151125e-01,1.062308075796940254e-01
1.413334276518792183e-02,9.257014770771421555e-03
3.944900412703322701e-02,6.304286929217182978e-02
4.249642384399991007e-02,5.288714910848545808e-02
1.021264751059344084e-03,5.631760156206166469e-04
2.695073871966787056e-03,5.598506114988927723e-03
3.136899042094137280e-01,3.328355273856396512e-01
2.625386208054608650e-01,2.477550091775112540e-01
4.192642740999109052e-01,4.602145384391355676e-01
7.033777283373412459e-01,7.612351035243559716e-01
8.896208694258144964e-03,4.671322871529054108e-03
1.193272876166778795e-01,1.124653431648764551e-01
3.849013257723407078e-01,3.785524422093412000e-01
1.633488905573753092e-02,1.096459412904776665e-02
1.602918595224673282e-01,1.494171163341080633e-01
1.375207690183597453e-01,1.399739270195458352e-01
1.197766947805145761e-02,1.476863640649814235e-02
3.346709682275034875e-02,4.998537786041371001e-02
1.924943743400041596e-01,1.735175618236487749e-01
8.245916252363978682e-02,8.595361318399329098e-02
9.842074992843910031e-05,2.262101262384581372e-06
6.154610608871274174e-02,5.266771854667345182e-02
9.350316354288794318e-02,9.022199341394906980e-02
9.355468906646716718e-04,1.772297739588820568e-04
5.673567149492850237e-02,7.364822193923858951e-02
7.358292176659711817e-03,4.988832824540041615e-03
7.777716672866947789e-01,7.494693551469409076e-01
2.302954343297202908e-05,4.343940658145972094e-04
5.990684734340177148e-02,6.385276693312626206e-02
4.752683155583970788e-03,5.079979031234809102e-03
2.289491265670105271e-04,1.880623968143426859e-03
1.864762119816126829e-02,1.263590987411069254e-02
2.030607804489689000e-02,1.604031403898482921e-02
9.806003523264183487e-04,1.781523945091248017e-04
8.429846596657339375e-02,7.021430960971535018e-02
3.436458631795812763e-02,4.008102802572174189e-02
8.147293099505603306e-03,8.251597802703552337e-03
3.650522948613901808e-02,3.403057107733384323e-02
1.621837457384145637e-03,2.894417728983625024e-03
2.419193152979086658e-01,2.618157694413519865e-01
1.008910049470889206e-03,6.908667171327320666e-03
2.509308079549065276e-02,2.141292234287674526e-02
9.732576081852495342e-02,1.009201446536002883e-01
5.227257270785639065e-01,4.641790732454365020e-01
8.618677744934417906e-03,2.038451401913773595e-02
3.213175501769694777e-03,1.482176912276357734e-03
1.747596809513137298e-02,1.313270396361198092e-02
2.511291912431426812e-02,2.648320390087502071e-02
2.360504809894849133e-05,3.236386190666652339e-04
7.822467148173297899e-03,9.356980895069550580e-03
1.388873157102159077e-03,3.937039012934171779e-03
1.532011536900684638e-02,1.173007180579209961e-02
7.283459705865354388e-04,4.266721379786812796e-04
1.214581776767888061e-01,1.111344121312418665e-01
6.141224873460947482e-03,5.195429863022104841e-03
1.397422115664201381e-01,1.491789722906166904e-01
4.474721337263105198e-02,4.096350402261945273e-02
8.491375476704228487e-02,8.994144225984036789e-02
2.108186768293307187e-02,2.785649390333291842e-02
4.181243097422591547e-04,8.131407338672931714e-04
2.823096198696326692e-02,3.162673863509185557e-02
2.993414518624465948e-01,3.130709064018178944e-01
1.255164342910018160e-01,1.210932724348829648e-01
4.610795120401712903e-03,5.451135400546706228e-03
2.513721715248768973e-01,2.492498821149747856e-01
3.861977978779364967e-02,2.934165397030561936e-02
2.999695760136313755e-02,2.613126959891360832e-02
7.972375337885225085e-04,2.487082293312460092e-03
9.748153926963062932e-02,1.250007318919706123e-01
3.467484365604086571e-01,3.446964083853760741e-01
4.326723467536439804e-05,2.081671833500811988e-03
5.274180175865147285e-02,5.852606809857228282e-02
5.232173206083165625e-04,1.695121311405705430e-03
3.766093478428342300e-02,4.131830363545573037e-02
1.040764764311691570e-01,1.063668508141659835e-01
4.604867767124917743e-02,5.168443758588431997e-02
2.171374039163069818e-04,3.007942556138719340e-05
6.349330558752469544e-02,5.107258608876413808e-02
3.691762645213307326e-01,4.135200799541123295e-01
1.414197226810589847e-01,1.678489120204827989e-01
2.171613704922119303e-02,1.713056777707670092e-02
2.162320702671794992e-01,2.282479781670653518e-01
1.661698929784364079e-02,2.474879451697975172e-02
2.840202753336355107e-02,2.336638671191884967e-02
2.490112082946900063e-01,2.608887853829490178e-01
4.132319407695504709e-02,5.801244736860061701e-02
7.676071402945561228e-01,7.813901198887370780e-01
1.279518958566797371e-01,1.373413225450902941e-01
1.052356236946518087e-01,7.858371745116075890e-02
2.019152425747105725e-03,2.310492460691828363e-03
1.121795783407104202e-02,8.093948199386226394e-03
1.384190442127418430e-04,3.911181714077427950e-04
3.931279941753254570e-02,4.368797196105343034e-02
5.519841097402833352e-02,5.675253600632814560e-02
1.046290848888296703e-02,8.015523708065219397e-03
8.373909367348335037e-04,5.974084006384510273e-03
5.696800529351076121e-03,8.498426881874025091e-03
1.647382183103435552e-02,2.525482400750504383e-02
9.792949054253528851e-02,1.105676069073936729e-01
1.432420923805649907e-02,1.302901322050152230e-02
1.529536733914149405e-01,1.166846459206313247e-01
4.614525702311358772e-03,7.672398856759224742e-03
2.778033839392618845e-03,1.193618675521270183e-04
3.190216947429837940e-02,2.682012604611987150e-02
1.510921081095028054e-02,8.856566272246400515e-03
3.893303011129482100e-02,3.004059808691211114e-02
2.655122137456999553e-03,2.979694750145513594e-03
1.201542139644664123e-02,1.510632433055861083e-02
9.175220082007577369e-03,5.966093351045069319e-03
6.387670771144291493e-01,6.235665280591418114e-01
7.027942308670716287e-02,7.120801930963005510e-02
2.646839079481306395e-02,2.356472169999291461e-02
1.053032654199303163e-02,1.198353271892883994e-02
2.854474945418598170e-02,3.505588941677192927e-02
9.445047726549037070e-02,7.164078317044161870e-02
5.597801079833955584e-02,7.536244502899638875e-02
1.204666879319259143e-01,1.161716828921911804e-01
1.562880843590726265e-02,9.826002071470264082e-03
3.504987758987040958e-02,3.539396166346334832e-02
4.818114647586071997e-02,6.013309426556431164e-02
6.558442698293531770e-02,6.346984433641641998e-02
3.488962839286107159e-03,5.384724734582866344e-03
1.479188434131522567e-01,1.535948070330554471e-01
1.972719182832343918e-02,2.388133665282541826e-02
5.384108016558122323e-01,5.785963612036592041e-01
5.984675458553446363e-04,2.612042176226378075e-04
1.237218533485925302e-04,1.242830443700692830e-03
2.911796226094654286e-02,2.587486890419205335e-02
1.826756821947143200e-02,1.915978653927327691e-02
4.080923938436652465e-01,4.275533748591098249e-01
7.287616257342473085e-03,5.273025384641233555e-03
9.459655184807512149e-03,1.242863641078881601e-02
2.332637620512862265e-03,3.620157289459559335e-03
1.007681717288153311e-01,9.607334974196568567e-02
1.627926728958100366e-01,1.427264851757652497e-01
1.335116975154351489e-03,7.214268378339249875e-05
1.309838498435589027e-01,1.435851483372693194e-01
1.570652087523116414e-01,1.607077998765693572e-01
5.312278048879842673e-02,4.623240165905976445e-02
7.152336355350263908e-02,7.117536031953153319e-02
6.885574771235893066e-02,5.004470916950272408e-02
3.646956023557265669e-02,3.971756664993111169e-02
3.970266129828019935e-02,4.339232229050676154e-02
6.907150616120710795e-02,5.342697545177323842e-02
2.097557593173159374e-01,2.152806336797387088e-01
2.679278204672340055e-02,3.067952890942216015e-02
2.809205900583246554e-02,3.353044814156024012e-02
1.244281672613495038e-01,1.297874248461305668e-01
8.911703526663265762e-02,8.748001201509977842e-02
3.246377153778540886e-02,4.437479507056744932e-02
7.499802283082186716e-02,6.599429913547837090e-02
4.484960738646670379e-03,8.056423931538965813e-03
9.620176957944374940e-02,1.032550897782656962e-01
8.629536694764688987e-02,9.159860593280617913e-02
3.053655053163208954e-01,2.889617281734488952e-01
1.446795177191201043e-01,1.662434466882863338e-01
4.217708769303873256e-02,5.172725296149380952e-02
9.402816321062046345e-02,7.332261244976119585e-02
4.927156160893936265e-02,4.120061386313868257e-02
5.274028438740585578e-03,4.920247593245921126e-03
1.581445359598606434e-03,3.592823461101873027e-03
3.963314038291070041e-02,4.410078590922372754e-02
2.170960051280412251e-01,2.338451639461590625e-01
1.628458226838301603e-01,1.770515283969327780e-01
2.817702472193656191e-04,8.871348977633053347e-07
8.622441768349543064e-04,4.882659111013711890e-05
2.312335852474186604e-01,2.293233557154747138e-01
4.834288487205266188e-02,4.681118038404834258e-02
8.463471069741418384e-01,8.772562182152376931e-01
1.610905801900943540e-02,2.887061059615437381e-02
1.468926127536101427e-04,3.669055507622395377e-05
1.742576503022466312e-04,5.290215433574703072e-04
7.988239251918027861e-02,6.696907202213797650e-02
1.146211474667485491e-01,1.074547397669330523e-01
5.599979684338828034e-02,5.033470644047020881e-02
5.332556302750937616e-02,6.039114421336765764e-02
9.012181296964244179e-03,7.389219291705406180e-03
1.898876967604494204e-01,1.597787572398887690e-01
1.172978954748145897e-01,1.232112384538966016e-01
1.485724907825777819e-01,1.648091035006311045e-01
1.445679577876573044e-02,8.401536719156877525e-03
6.846061392555538496e-04,1.620808801665508773e-03
1.355367620767172765e-01,1.358913787337907575e-01
1.460543080773120950e-01,1.135672454171035850e-01
6.189047265427282188e-03,1.017876820519086727e-02
1.639098803892341180e-02,1.860232220989574761e-02
1.848084870125499962e-02,2.378260886487094938e-02
3.710424364746248149e-02,2.885933292046433465e-02
9.668846163611514999e-02,1.083159099937997111e-01
2.459331794511467328e-01,2.577192783502540441e-01
4.904845550756697925e-01,4.897732896604687913e-01
3.465667115369532904e-03,2.550459473144358908e-03
1.906065017992591634e-02,1.840393149794855229e-02
2.071149422088575109e-02,1.958888495104078517e-02
1.847936494448178257e-01,1.671995452914457336e-01
8.499340964592370928e-02,7.280335247373186103e-02
9.721923431705148388e-02,9.281055952410033338e-02
6.693964929395652963e-02,5.647089044469780217e-02
1.272983754713653270e-01,1.316607441260898570e-01
8.107118365508071689e-03,1.262097621205675833e-02
3.388009560020355249e-02,3.694633652204927510e-02
2.880466810099344827e-02,3.771966394518790761e-02
3.926125236385465058e-04,5.794519667500371629e-06
1.256676808632067877e-02,1.355022040444955715e-02
3.388240532874823296e-01,3.179916954127576800e-01
7.125501397896781552e-02,9.514036891606279800e-02
3.215168168000421406e-02,4.030397465243566735e-02
2.508655078420652523e-02,1.545722000222777767e-02
2.058997620290960173e-02,3.862864773358617998e-02
1.199517083103942977e-01,9.234294285037128458e-02
6.830667385368616173e-02,5.262977192276006161e-02
2.003248128423416596e-01,1.877482179676416563e-01
1.360616282729980586e-01,1.221924221548499334e-01
4.471657684460369868e-03,6.197429038690003417e-03
9.552516999547719379e-02,1.018167270876016023e-01
2.687544053539638877e-01,2.313086945982117115e-01
1.633248494533143941e-02,2.340460113637573072e-02
4.956778994745982686e-02,3.284556234504087957e-02
7.894037933646297356e-02,8.911239856741866305e-02
2.371932409131188038e-05,4.472516325535539879e-04
1.628939324423156476e-02,1.969311275622881788e-02
3.352914417905359934e-01,3.286309431823338789e-01
1.112625895726521391e-04,7.128076120763972507e-04
1.377881190163537332e-03,2.293646256537700250e-03
2.740982093525328733e-01,2.708425170877273302e-01
4.296382549932219186e-03,1.807494795319376747e-03
1.517943849456918903e-01,1.532777188287227088e-01
2.979453403751158771e-04,9.857316450272253158e-04
8.218536827488273026e-05,6.776397234308114120e-07
3.141958245228596795e-03,2.428207989429330502e-03
3.641167304447335273e-01,3.382952892962695080e-01
6.913944376198372099e-02,8.961075610148175330e-02
2.488715399110065854e-02,3.317583156695223107e-02
1.840664764329427716e-01,2.265859370098465275e-01
2.299394590504100777e-01,1.925993664636808933e-01
4.291763638735367203e-02,3.042949556077885476e-02
9.672158952349557692e-02,9.284318905173823133e-02
1.398712434755018663e-01,1.655526746649884362e-01
1.987968168363577759e-01,1.930819824553390573e-01
2.138370098682924880e-02,2.189530787167248693e-02
3.952655034358377268e-04,4.591227440618323428e-04
2.226917742541015613e-02,2.053820947505104189e-02
5.807926997940522640e-02,3.933753884251895566e-02
6.835905537761169382e-02,7.158779062719840269e-02
7.931679608951568150e-02,7.509414229487118564e-02
6.629166549631891787e-03,6.964068423645060346e-03
4.358766507358958417e-06,8.175631162247009505e-06
3.052292810719028915e-01,2.960840814890999817e-01
2.407220283869928104e-02,1.214474033499718907e-02
9.736145450682118230e-02,1.095172156421079096e-01
1.485466284770859957e-01,1.202875511777487250e-01
8.337005067188100427e-06,3.132050881354108015e-04
1.682331240589633736e-01,1.615242744622994442e-01
4.553490909234548384e-02,5.114444939730553030e-02
7.116416721210573615e-02,6.624426791289009242e-02
8.150462307873074935e-04,6.135128906140185998e-04
1.305745327208346074e-01,1.217658953979671305e-01
2.350794919626993384e-01,2.376200031120846712e-01
8.191123967525203164e-02,8.704915017430971125e-02
1.012329077122538744e-02,1.315894018443747662e-02
1.709154263254559049e-03,4.158036176285020155e-04
2.117107084132006933e-03,5.683183566795192883e-03
4.848143183001678985e-02,3.511919269958101164e-02
5.009244064591290803e-04,9.935607013505219715e-06
1.617600865383445746e-03,1.206605961173024119e-04
9.158970670208368969e-02,9.051534795293217361e-02
1.590185257169525294e-03,5.580882896219047876e-04
1.098583399803383306e-02,7.305420552038679495e-03
1.887472435801567858e-02,1.445763146679543074e-02
3.946237940656618925e-02,4.270643902495638300e-02
8.748922755698539111e-02,8.618378995348924265e-02
2.291360469877631173e-02,2.531846953347346996e-02
1.542791719129022465e-01,1.595554733939122394e-01
2.124507361939512520e-02,1.250895575471983913e-02
2.264329310458070010e-01,2.361900623605890093e-01
3.470041639026569258e-02,3.571224080241184456e-02
9.773751850994506774e-02,1.134879206418787922e-01
1.229490957732042380e-02,2.340700078480020124e-02
1.070504521684671403e-02,5.119244185438019332e-03
4.889027574038238601e-03,7.785654906675029902e-04
7.787459755985047180e-04,4.127606008835866202e-04
1.761499105442128621e-01,1.584845187364382901e-01
2.052263456748197878e-01,2.250960711013887117e-01
2.118682928288017353e-01,1.929646065654747888e-01
3.978789351291838750e-01,4.292315846307718785e-01
1.051836683230622932e-01,9.570252296688645799e-02
1.833933230816620352e-01,1.555022117322967523e-01
9.432685565782553128e-02,8.144410782768309043e-02
1.627089676914215688e-01,1.748063527105629400e-01
1.293867770958042999e-02,1.502435172616370732e-02
7.322151600604004384e-02,8.253750424473366154e-02
5.721001528682715526e-02,6.645248250044238914e-02
6.216019662381717242e-02,6.877678374084850166e-02
9.285669470477488086e-02,9.925773115851981021e-02
1.437965850009124691e-01,1.707488886254526772e-01
1.892756609736199330e-02,1.355993104064368883e-02
1.288324984596053158e-01,1.255526593055264206e-01
2.956525224161605722e-03,2.642997796734505422e-03
3.082727972383583759e-01,3.313694838947971455e-01
5.070383330404481387e-02,3.162156378098783527e-02
2.373387259473541122e-01,1.863292087355425675e-01
6.178603626774657048e-02,4.176658056820960890e-02
6.217915612490169247e-02,7.617057241072072715e-02
7.633521508318923295e-03,6.461689545237903932e-03
2.945130053094291989e-01,2.999666361518671387e-01
1.300594176445116490e-01,1.491088305905517442e-01
3.948511870045126148e-04,9.025870680241975926e-06
2.987310812873465449e-01,2.961004352210566681e-01
1.452386676121854014e-01,1.717456507123980014e-01
6.500151664191375356e-02,6.098094316026601153e-02
5.423255447081289787e-02,5.566465873964641931e-02
1.072522499595822826e-01,1.476264519539379205e-01
1.447796622029646867e-02,1.253377772133451931e-02
4.329598011246969108e-02,4.356433823138281675e-02
4.098396900304213109e-02,4.077871089571890456e-02
8.226308747196365428e-03,3.739094468445212840e-03
1.959900017144064477e-01,1.941527111981004861e-01
1.029390527821070073e-01,1.290305506861905149e-01
1.078449485594171475e-01,1.154315728652649808e-01
2.591025626784140053e-03,4.136408655040702724e-04
2.555638950618347761e-03,1.772644028868128677e-03
6.174535205620527989e-02,5.732277472654071643e-02
1.846339464141726339e-01,1.755145192954250810e-01
3.365276369490096536e-02,3.799048421165891060e-02
1.584690795657336948e-01,1.613455548398584349e-01
1.430324528418588093e-01,1.518296976395787923e-01
6.240122752062066125e-02,7.083695816631083164e-02
2.988216469428034427e-02,2.607513203347270464e-02
8.288322046929406939e-02,1.010354602737482260e-01
2.355513792623862290e-01,1.969664194959672154e-01
2.765926952357086136e-03,1.469300043895181858e-04
1.725933076690572623e-02,2.914122816633331683e-02
8.570780546304857320e-03,6.274153300340487918e-03
4.068965757434028774e-02,4.333539731227444708e-02
9.411430962332575922e-02,7.636199175923123750e-02
4.348506276261617648e-02,3.635926939867446805e-02
8.582281657587602364e-02,6.278973716976422870e-02
2.546831756956391968e-01,2.764149255195273991e-01
3.093028899690111397e-02,3.463546015805334805e-02
9.694923546883993382e-02,8.225598159869021431e-02
8.985095123608279055e-02,8.652591141698082189e-02
7.728867747164065716e-02,8.320197776495420749e-02
1.618609027932593758e-02,3.098367302223212563e-02
5.526081764641853356e-02,4.708727495859742207e-02
4.179770780816817743e-01,4.114590667960219550e-01
5.187129181549784973e-02,5.892877273586613618e-02
2.152859729181460721e-02,2.274393210719524022e-02
1.825405602731690682e-02,2.160104613376512273e-02
4.168184899678221804e-03,3.075308276592762270e-03
1.028770341389070170e-02,3.828824349526516006e-03
1.176906528757281634e-01,1.298302150856833481e-01
2.892703010813190909e-02,2.691186353473200635e-02
1.099575652897737626e-04,6.321126995529169725e-05
1.363128654675671049e-02,1.381509748498165741e-02
1.081507036610995787e-02,8.890582525450474102e-03
2.903747618276819042e-01,3.257181558616452643e-01
1.002317381862241202e-01,1.161549830293893415e-01
8.003624536840400761e-02,8.150985621000479686e-02
4.008259843830214858e-02,1.548389792980695880e-02
3.344467628007877745e-03,3.851392221257297563e-03
3.734533161436164733e-02,3.510357319472080795e-02
3.504609050007417848e-02,4.005524915668577657e-02
1.646127438412207378e-01,1.471889374418560159e-01
5.532291610439886431e-02,4.917539398822388941e-02
8.347959227648973088e-04,1.451656125408962248e-03
5.823855141869251767e-03,8.671030246694612365e-03
1.185572107405377246e-01,1.050771038470909857e-01
9.898464839265205817e-02,1.060452195438442852e-01
1.656628122826964145e-02,1.075797843752462901e-02
1.042708024373236223e-04,1.172006721820682015e-05
5.681112334706377165e-02,6.297797390825915498e-02
7.140206512573199493e-02,6.944384665401079348e-02
1.240439915506341279e-01,1.055757670483028487e-01
8.901444496684078958e-03,6.900753954889423530e-03
1.162181317163095418e-02,1.209974546235633233e-02
9.889777675488202469e-02,1.201038861849734185e-01
2.078879294543870271e-01,2.479624282425007542e-01
2.383750308299553494e-04,2.212428622402134396e-03
4.398271916179542773e-02,6.094100568158286602e-02
1.318469976376654973e-01,1.029729465257117060e-01
1.459617545008961015e-01,1.270221829451311235e-01
6.886337702708669739e-02,7.049384066421374162e-02
9.974815467148356873e-02,9.789748156729377593e-02
1.868211015614768683e-02,1.539632448787949491e-02
3.191375644679105006e-02,1.833874190832720033e-02
4.039163418186620530e-02,4.303430590141187062e-02
1.124886967501881746e-01,1.065974498312777657e-01
9.674364457118207750e-02,1.097322883049105802e-01
4.439741874212448369e-01,4.457421027472715513e-01
1.038822857439376385e-01,1.336437397333824217e-01
1.268469788034114754e-01,1.312700816247804048e-01
6.105045163052628607e-04,1.617166293678654488e-03
1.940009336217162483e-01,2.131974538851022782e-01
2.944984963759497698e-01,2.920699073907664367e-01
3.514230954584120215e-03,2.821499976843550375e-03
3.186682235704890176e-01,3.076885511562702513e-01
1.644342706466001474e-05,7.708047329398458477e-05
4.702514595799018525e-05,6.072500726231457122e-04
1.763648710148175980e-03,6.119202449155401909e-03
1.201537281646121585e-01,1.429983609855807469e-01
1.721134631042489302e-02,1.211479891198544330e-02
2.222505914855086029e-01,2.067681239329109966e-01
4.590780113286035968e-02,4.886042402074751434e-02
2.152753257033529488e-02,2.317836767116136440e-02
2.006327786052468365e-02,1.190171521247450695e-02
1.107819347692572537e-01,9.450802034580788047e-02
1.447008078114568330e-01,1.371455279334062027e-01
9.097892293360698712e-02,8.012589558201158035e-02
7.499328814223005235e-02,6.568707688383577936e-02
2.548387478533722245e-03,3.895853187628901902e-03
5.204049978707232099e-03,9.583932528791494834e-03
8.108839766691935957e-02,7.981764940274219122e-02
4.292213410231250463e-03,4.486056050139472853e-03
4.336683201855361380e-01,4.730703229328926396e-01
3.211287056462959755e-01,3.289420567531872730e-01
7.301543115535195916e-02,6.243707934977726220e-02
1.988584279562253254e-01,2.111870626622859293e-01
5.467489799997660160e-02,5.838541752338526070e-02
5.648605675617189570e-02,6.718362074147403440e-02
1.040706072821915261e-02,1.741243442111033157e-02
1.002930720171350690e-03,3.951122844611887862e-03
2.641043568327872126e-02,3.429164967240393158e-02
1.156235648460896548e-01,1.109664984902070384e-01
1.382810119061629317e-01,1.208447275638290797e-01
2.724529521629289516e-03,1.886073457505432890e-03
2.121097996447765810e-01,2.139090789542658633e-01
5.335375400333345342e-01,4.893683014067637949e-01
3.119956005341530732e-07,7.381738938754590657e-04
3.156681865503868385e-03,2.258877558247469365e-03
3.290054653778722721e-03,3.795045049555263034e-03
8.019919513165543398e-03,1.185995775318003827e-02
2.223581875808339492e-01,2.071750985202134576e-01
1.678643197274294341e-01,1.863128867925962773e-01
9.051525486135220122e-03,1.504690660002265014e-02
6.132051220676734693e-02,5.934213793658717900e-02
5.764808195549861415e-04,3.411033538784870507e-04
5.142978891148608338e-03,4.432235656997823847e-03
1.839105721038149788e-01,1.968664514062530846e-01
4.681331937013556710e-02,4.949105761014237215e-02
7.456181801407089915e-02,8.580746840425915178e-02
5.667742894416523186e-04,2.238647225766474927e-04
5.737909040417992629e-02,6.254458047160502132e-02
3.736837402084481341e-01,4.005115541671451784e-01
2.996106779814893262e-01,2.884364095344445489e-01
3.840434834797718661e-02,4.022249487854255567e-02
1.364396344854522658e-01,1.149566398122245092e-01
1.642609911207233986e-01,1.518108774842110986e-01
2.084615859795015125e-02,1.111157100450934146e-02
3.742130287694458435e-01,4.047956374074065389e-01
7.004917216787016898e-02,9.297181996381433111e-02
1.045715106121399528e-02,7.951218244477278180e-03
7.468858054597857579e-03,1.231874091607460843e-02
1.433778095074367542e-01,1.719134829125396891e-01
7.449708302875221845e-04,1.458387587796786729e-03
8.516890075457024534e-02,8.102392113468021018e-02
2.433242434197211979e-01,2.536795039656150608e-01
4.880142451244776775e-02,7.159417547881068156e-02
1.938891584101369093e-04,4.602217701834215120e-05
2.755567910673093271e-02,2.398935173806754709e-02
3.825922581838324399e-02,3.694140252834005045e-02
9.831831979358418658e-04,8.356300959206458502e-04
3.150013391886473044e-03,2.649594124445721864e-03
7.433600364383566132e-03,4.049825046053597520e-03
4.946049118432499156e-03,3.101995618521107348e-03
9.348715876816783565e-02,9.750310895761363228e-02
9.363457871589676851e-02,1.066859032217158110e-01
8.559088805280801529e-03,1.367342003022495658e-02
1.210224415328975753e-08,9.819838997519735220e-04
1.271746912310416644e-01,1.468863220297284833e-01
1.295027678586596620e-01,1.390467511988413285e-01
7.194783359480182335e-03,4.197113191533380881e-03
1.925268292208482668e-01,1.906518021071916813e-01
2.702788333721151126e-01,2.760911163449505934e-01
1.538025557812678977e-06,4.022120144055742175e-04
3.230918094327305239e-03,4.200547486739937314e-04
1.063932794043133678e-01,1.158149639431457767e-01
3.132698727081915102e-01,3.214442790557556218e-01
8.335849237777118504e-06,2.999249199087578618e-04
1.508426913958515851e-03,3.026295542632918985e-04
1.221602704830901560e-03,3.104166854471992077e-04
2.079720265677159619e-01,2.100693211302819829e-01
2.860223362650025566e-02,3.511269001821649277e-02
5.398442115112075945e-03,6.874066663730132344e-03
1.724208735607372347e-04,1.788274331246592671e-04
7.083921124096499711e-02,7.886255455699794914e-02
5.309042238399983059e-04,3.728336690587118478e-04
8.352834334112466813e-03,6.865264015979165302e-03
1.797944920881577521e-02,1.988290811355918758e-02
1.980371532933448975e-01,2.307665309634834017e-01
9.924534597138862102e-02,9.964739702016472966e-02
3.629567740274250529e-04,9.999016742888360639e-05
3.650773754217811855e-03,1.198587718453780933e-03
2.478173874316219952e-02,1.413296494390059790e-02
4.265010855003485831e-04,2.159091500430365193e-07
1.047088016746239164e-01,1.061124376999468266e-01
5.643212965756103094e-02,7.570260084910807041e-02
1.234888259434169938e-01,1.003648784631816920e-01
7.717067377053561661e-02,9.579635957037355154e-02
3.121809098983134856e-01,3.234870723165634843e-01
1.533824475872087034e-01,1.206642377086342560e-01
2.737131023312176503e-01,2.518529306481291363e-01
1.561888042730792507e-02,8.788299497239750527e-03
8.672611443022427979e-03,2.589343527625682755e-03
6.288331712294471798e-02,5.880097788990257951e-02
6.914937261489023657e-01,6.441202786275579406e-01
2.171795579060433259e-02,1.547798564480755250e-02
1.346620094118137871e-02,3.931236386235876026e-03
8.289426864499938041e-02,6.598100787617026952e-02
4.962970409077135936e-02,5.793696330443487419e-02
8.097374196418974032e-03,6.630705233944609971e-03
9.831601123703316667e-05,1.585676367245005729e-05
1.170437319068051152e-01,1.256945511948429905e-01
1.402895089750395563e-01,1.293890143173453966e-01
2.060456704204067027e-03,3.163126276620256694e-03
2.871320463776968479e-01,2.869279299232212477e-01
3.180274690879972971e-02,3.013792356724796090e-02
2.232899276974524214e-02,3.076070634675668464e-02
1.888548730320399605e-02,1.567312701674800079e-02
4.115107819789181644e-03,6.496935131188254393e-03
3.287864727112920771e-01,3.762702588878975574e-01
8.724612742874271465e-02,7.202504838691364819e-02
2.768051089563310779e-02,2.810814282309013340e-02
4.650050250831104992e-04,1.032142490976106293e-05
1.918878762347814640e-02,2.116413531835393755e-02
1.017883216447917072e-01,1.054793857356107895e-01
1.411426591607703711e-03,4.414833007131664460e-04
4.383383220397787938e-03,3.986740268623148800e-03
1.794530970998271246e-01,1.846426968206525687e-01
2.639897493301737730e-02,2.124072352788065887e-02
2.797832498966921003e-02,3.330502816767633850e-02
3.276068345907438796e-04,9.614492800364439744e-04
1.531161771716685847e-02,1.928882726430193942e-02
1.026586732627386006e-02,2.554367482274357698e-03
2.291168630085116398e-01,2.274523767111264749e-01
6.300353381147638654e-01,6.527601509662280810e-01
1.066671426730225053e-02,9.680364151818981328e-03
3.375851211342908303e-02,2.034735938201330877e-02
6.983007326184541286e-02,7.202835134826017505e-02
9.681866289585262797e-02,1.234030819654429734e-01
2.015261349872871366e-01,2.304396679776015977e-01
6.558972861483507166e-02,7.592897953787240695e-02
2.071685222310480079e-01,2.312904789706115016e-01
6.265793259346236210e-01,6.194073985558008477e-01
1.503804014833193259e-01,1.267949234932752856e-01
1.988929112189677384e-01,1.889044596082712357e-01
7.791457558802729333e-02,7.289313372283902359e-02
5.423591708477720763e-02,5.870750538768464144e-02
6.832218388564228681e-03,1.484801173596667773e-02
8.063673505459827140e-03,5.259381816321482238e-03
3.459691400011383894e-02,4.657654007855758366e-02
2.813450371913991596e-02,2.517982314111387107e-02
9.301041594426680097e-05,3.530618161055660062e-05
2.874543432941715267e-03,4.779242801179574458e-03
3.113868414141428564e-01,2.653362176944098483e-01
4.484910149331457208e-02,4.459456384291761444e-02
2.234161392310466121e-01,2.325764713641984283e-01
4.444810733906509048e-01,4.104449088787463507e-01
1.009447387407060547e-02,7.345673307334822134e-03
6.106161746701574411e-02,4.525918614022442915e-02
9.949903886903846417e-02,9.531376025247524642e-02
1.580829604655968335e-01,1.526797632400713201e-01
1.314444803890945368e-01,1.447696868241797608e-01
2.783552970165973500e-03,1.416319800943099255e-03
1.028867411866959090e-02,1.611341945309207463e-02
4.008483669004856559e-02,4.113014109179463640e-02
4.574191976048248148e-02,4.717248757106323048e-02
3.174009504021437205e-03,2.548134227012321344e-03
1.089510427727049813e-01,1.173914032258267931e-01
3.348590750350378120e-01,3.300469340297812471e-01
9.699009505307015777e-02,1.064840927760570960e-01
7.256845850519184904e-02,5.174539434475407956e-02
6.533748526552085600e-01,6.169073854869459028e-01
4.976801515332582304e-02,5.544353900495477272e-02
3.948508144241264211e-04,7.185141477493156700e-04
5.438838708486871953e-02,4.375291351544532970e-02
5.262193918383310104e-02,5.306044740821537486e-02
1.549671386250751626e-01,1.816399589380992829e-01
6.522022255478179820e-02,7.751815936366221460e-02
6.330030856577232266e-03,1.963752574841347298e-03
6.468708598113484531e-02,6.040098708093556007e-02
6.911206679731933533e-02,6.259956468322634693e-02
1.822716556949877977e-03,2.244911693462975941e-04
2.935307948160986030e-02,2.540616863028370004e-02
3.882509137434360380e-02,3.747685001105254682e-02
2.998972544747475211e-01,2.952444449627358303e-01
6.380204370520193950e-03,3.825197614803281434e-03
5.621419186747032837e-02,5.444615290458219847e-02
5.343965797581856463e-03,3.819909789029768410e-03
9.634760254631745402e-02,9.440918299509057365e-02
1.990700311924014088e-01,1.965539126674984149e-01
2.275843648581100248e-02,2.105258389589629783e-02
6.043743316726463491e-04,8.813982645181456753e-05
1.706155822981009762e-01,1.851611291823905825e-01
9.810726419972357060e-02,9.081989571857450316e-02
2.133719724405964413e-01,1.932821802962365332e-01
2.748855699777146694e-02,3.237265565298226566e-02
2.500114747374202473e-01,2.485824218957448650e-01
1.874084502139993225e-01,2.063431604361384009e-01
7.560618572860508535e-02,5.517415932719423738e-02
8.155307690316024316e-02,7.427535151049692586e-02
9.938824392436027000e-03,5.277428810898495727e-03
4.840940534867783224e-02,4.232825623951502053e-02
8.933440551417957953e-02,8.382621070011027353e-02
5.695762888051736361e-01,6.504740198304302945e-01
2.376736940915204904e-02,2.243585320477326644e-02
1.327271912879440796e-01,1.392156900959454768e-01
3.018396431428592777e-02,1.895453936206437442e-02
3.370493791093594205e-02,4.632884502077495165e-02
4.077300328277230768e-02,3.574558261834076545e-02
1.252981949294153241e-02,2.046700348699662803e-02
9.359588606459033622e-02,8.245446863449469588e-02
4.453598156150060383e-01,4.090213139000253850e-01
2.250611171649685369e-02,2.648491055298025226e-02
1.628300620007027688e-01,1.639881240155733333e-01
4.089273701836725339e-01,4.120357550773269817e-01
1.445536394113854373e-01,1.137368527261500561e-01
2.057942793964717965e-01,2.318386296328923402e-01
1.124675783584888344e-01,1.035795357508725034e-01
9.411762030579745586e-02,7.967201885451788423e-02
1.374799065679962497e-02,1.089517236394895242e-02
9.979184940986407168e-03,1.256151370295304978e-02
1.331759296226533995e-01,1.022990801891997814e-01
6.690839595283154008e-03,2.676301148763472748e-03
5.335278700536464497e-02,4.403667398793861820e-02
2.737017193066915220e-04,7.204397276547414388e-05
7.382309999634020792e-02,6.748530096098137587e-02
6.877886468814509505e-03,9.695390904083577011e-03
1.117732085327940161e-01,1.165203384737410891e-01
4.764655985073669789e-03,3.059216588789851095e-03
1.121830751699205188e-02,1.387752540833817223e-02
5.028773035669163033e-02,4.839622524557297967e-02
8.261660915717578034e-04,2.430551274192319002e-03
9.148409643292256736e-06,4.271762496535099325e-06
2.590156859291654068e-01,2.805703702344774508e-01
1.230134450870238108e-02,8.669801377080166987e-03
4.505356113722431416e-02,5.558445591880181030e-02
1.167693244191463642e-01,1.069570704206136563e-01
9.995707300488451685e-02,1.148482432962926181e-01
4.187759364526502832e-03,3.553831824959414066e-03
9.614117777515278351e-02,1.183522268904134839e-01
1.728505141296786743e-02,1.846679906799895965e-02
4.548626812328061646e-03,1.437544526296925113e-03
9.768220713002320754e-02,1.030091288295323093e-01
8.430459709620100051e-02,6.367927120156807730e-02
9.748645320044360685e-02,9.289266079685880306e-02
2.893767752254866848e-05,3.173937010786657313e-04
1.298342391025304465e-01,1.252635811192227278e-01
1.279063156777872912e-01,1.395233144337183206e-01
2.110789123912639939e-02,2.741950697163639955e-02
2.050079965245908600e-03,1.343121950044593414e-03
2.332252927276028676e-01,2.424492777982283354e-01
5.695163031767394579e-02,5.345161409082781895e-02
2.530220986110560261e-02,1.005615239880017046e-02
9.689168592813953915e-03,7.395432890949933148e-03
5.564016054960675001e-02,5.207882501996882740e-02
1.013568368784451001e-01,9.847393969899115307e-02
2.533007195338600210e-03,2.170019048021114538e-05
2.457176928141733552e-01,2.519823699790301741e-01
1.092751507517781412e-02,3.233561964554752290e-03
3.595165646277879989e-02,3.497140853945408800e-02
1.057615833244656689e-01,9.940426770742399887e-02
7.309533565429086888e-02,7.329394838667094292e-02
2.895415754794714372e-02,2.716322989872630919e-02
3.777368653498475864e-02,5.637747827842201631e-02
2.423188257091792308e-01,2.556072154013943054e-01
1.795809004643517393e-01,1.642275411479363068e-01
3.870963244036211837e-01,4.227167622933961089e-01
4.253062684957665401e-02,4.858144576264303294e-02
2.913671942409998827e-01,3.020046349004145703e-01
1.105609821324114381e-02,8.699210670098411410e-03
2.507690226772665842e-02,3.834190656851967777e-02
1.577907885413205313e-01,1.851511059980636420e-01
1.375989765200926265e-02,1.178490699507253776e-02
1.176274981074556820e-03,6.824667324519457896e-06
1.567681166497408548e-03,6.033005824914183541e-04
2.362682611979948985e-03,7.874414473559631982e-04
5.321011864274885483e-02,6.579482539825408371e-02
5.297793914004267357e-01,5.563446233851313538e-01
2.185707930007029561e-03,1.939290680689651760e-03
1.934243054208844570e-01,1.329123793579711499e-01
1.631721833336991900e-03,7.049705217043860392e-04
2.336953641838411810e-01,2.535645391147567929e-01
8.821012254998403246e-02,9.558677493463908770e-02
7.161598710637433196e-02,6.714292583287689853e-02
2.353829677141107066e-02,1.680534869805716883e-02
8.943671209780307274e-02,8.312919618457392801e-02
2.527492197266135998e-02,3.018296651454797225e-02
9.777882134529393421e-02,9.659592651220162696e-02
9.170454116159404423e-02,1.122531045085485291e-01
1.730244022433349502e-02,2.228060807459261369e-02
1.164651567856515441e-01,1.249295936614098351e-01
1.282938637960941326e-02,1.502301863394091622e-02
5.448762152966576261e-03,1.193379055447493266e-02
4.495854047805095122e-02,4.590444194336452954e-02
7.144995211370390453e-02,8.235328461921771759e-02
2.365333730847555271e-01,2.360160331933994216e-01
1.760482271470294180e-02,2.679439345313831475e-02
3.197329480485486264e-01,3.057820130266687975e-01
3.105839049907276744e-02,2.171062137661178282e-02
1.252900866504046140e-01,1.181133800247274740e-01
3.109423251826059012e-02,3.376868285974085615e-02
3.693967683297848525e-01,3.856245245248089981e-01
1.080312805523724468e-01,1.178278675250410690e-01
2.334319647643517404e-01,2.473200371357030802e-01
4.054459185376467489e-02,4.566448064995903833e-02
1.685634516062562149e-01,1.818270552014151498e-01
1.494269416856251059e-02,1.486395498379168567e-02
5.450161660514388218e-02,3.877116357236950334e-02
7.653697998492117738e-02,7.953768314901965564e-02
9.878572861912204850e-02,6.461187011274593939e-02
2.047697554885743731e-01,2.500514172424275205e-01
2.589570889480589887e-06,1.045385259102481245e-03
5.320430125554435896e-02,5.330075806650941966e-02
3.405730497220254595e-03,6.132876100004527875e-03
5.619397411764932848e-02,6.064322342342126637e-02
2.144904222594401846e-02,2.298755386144754262e-02
5.242033047959585718e-02,4.573399711095577080e-02
1.811692521355513230e-01,2.118897015860443378e-01
3.366642899799353935e-03,9.098680659841063456e-05
1.149742060992917925e-01,1.285332331647632831e-01
9.760481387221711658e-02,9.096101437584067084e-02
1.868324881110785055e-02,2.653039422558069876e-02
4.573704505904628570e-02,3.328988925097844248e-02
4.612839878895048235e-02,3.950211140643086066e-02
4.397682142093431445e-02,6.002847317550123046e-02
5.751657729775099155e-03,2.652885795217004884e-03
4.439550062697398061e-03,6.476603510701106452e-03
1.455096740459466869e-03,3.682839421997690516e-03
3.970318263868983233e-01,4.196437947877201258e-01
2.161936761487062431e-01,1.966658996350704736e-01
5.515243279887432210e-04,5.634487746913486444e-04
9.083969324224800551e-03,8.879320094820414982e-03
1.504099528153937382e-01,1.682437984314011648e-01
1.018306504064365736e-01,1.230759012334864261e-01
1.775191971154018930e-02,1.168711882428757724e-02
2.774401883315801356e-02,3.733692805703447970e-02
5.484189849936749184e-02,7.499467574965724970e-02
6.104215231389793495e-01,5.705253927435185446e-01
6.453056220710863544e-02,5.432750290703650814e-02
3.391678910928042599e-03,2.816827372095746622e-03
1.690754601265533341e-01,1.683203739654512976e-01
3.507954599045931868e-04,7.974210802108575762e-04
1.510201511324343882e-01,1.477915224179523201e-01
1.516670080510848229e-01,1.659832140212567086e-01
2.412177483815105272e-01,2.524913428873020171e-01
4.719743420914002813e-02,3.834423784442624744e-02
6.068919263728866746e-03,8.617509706313107804e-04
1.291260492072346909e-02,1.357863725387905944e-02
2.042947613157883591e-01,1.964402165315529136e-01
6.622572996938846934e-01,6.210955231783924502e-01
6.322843029440289482e-03,1.365689368490830349e-02
5.245419569204636673e-02,4.405395602600448157e-02
1.642987802573934453e-01,1.724841732005979178e-01
1.064484858094361247e-01,1.160308110646625646e-01
2.299714291997157281e-02,2.890689539702135172e-02
5.676433930515430160e-02,6.500392803658330831e-02
5.594579850534217580e-02,5.131979287628583852e-02
3.781934810824297010e-07,3.775922230116297379e-05
4.484515805887948070e-02,6.106204858819926085e-02
5.534004812408731960e-02,5.245316529572032621e-02
3.053251689281684389e-02,4.296411587410153138e-02
1.174937645947438658e-01,1.371800071387467290e-01
4.386325142756978407e-02,4.021624043429664064e-02
5.453214794850790720e-02,4.764220583456418162e-02
8.809171943122652212e-03,4.064148605082516276e-03
7.355320558052134972e-02,8.166268100117460293e-02
7.313931502724192735e-02,7.683499687375988652e-02
4.586427192236688932e-02,6.193752263731108765e-02
1.277480102145701901e-01,1.441654819506694718e-01
6.020392808303915988e-01,5.993835199956285553e-01
5.858816236673672351e-02,5.404322337235283741e-02
6.907396052007862969e-03,7.278307993447570221e-03
2.489187144995565898e-02,3.634901006772876808e-02
5.331275494609089005e-02,4.456660979331322769e-02
3.870018742542957486e-03,5.698374855537863617e-03
4.833163363019558255e-05,2.830252698969008032e-05
1.152084260180462061e-01,1.309140117865039699e-01
8.880853241979860813e-03,1.194050384385952207e-02
9.653981297046480836e-02,9.965415149329970301e-02
1.791723173250085038e-02,1.129430836059005204e-02
2.443358115865943651e-03,3.676763866985150548e-04
5.402955071104603019e-02,4.525444037710054518e-02
1.138603262431814311e-01,1.495749879863978726e-01
8.544348810524708335e-03,4.363738322181452342e-03
3.988236062821728378e-01,3.744856213124905242e-01
1.062825856351597847e-02,1.104565782022811846e-02
2.221034310412514992e-02,2.128947326577508917e-02
5.290818653520096282e-02,6.866655729580541101e-02
4.908348219373762783e-02,5.655795901051263036e-02
1.213519377876791632e-03,2.731007715231595443e-03
1.981385522194992754e-01,1.853800952319639428e-01
3.246700308318013761e-02,2.214147419741363532e-02
2.508264195232672109e-03,2.222875954101945477e-03
7.863150713085420573e-02,7.076867475579183553e-02
1.484790556941426075e-03,7.519995297231366060e-04
1.986840162170048357e-02,9.713986973003014072e-03
2.192324682378802847e-01,2.183026142302659511e-01
2.266963085636650166e-02,2.944108661947816841e-02
5.025125406462131739e-02,4.093826068563245074e-02
2.188442205577778854e-01,2.142126676088230708e-01
1.950768832515757667e-01,1.960535434177778924e-01
4.758302745893042487e-03,1.424149893543618425e-03
2.580282639506459308e-02,2.634502742107735010e-02
1.052219127184907642e-03,3.715763132173362064e-03
2.330630822826047430e-02,2.624176576785114748e-02
7.229455769331612214e-02,7.387486207157407947e-02
6.532974062380396407e-02,6.637061470144037245e-02
1.290731001971980041e-01,1.763610169920783177e-01
8.413363446273259758e-03,5.384080431593214582e-03
3.594692162292500611e-06,8.510753535353254373e-04
2.822274717885286596e-02,3.853167411360169242e-02
1.367652096539462465e-02,9.942053319707636408e-03
2.683335945596402872e-01,2.277563260717773985e-01
1.625692786946719010e-02,2.747857104089257083e-02
1.285828922100699101e+00,1.292832635985047718e+00
2.699158687581224708e-02,2.991862408665562148e-02
2.500915866133650647e-02,3.046054134986754883e-02
9.878769573230930523e-02,7.981459884875824473e-02
5.094082192461150960e-03,2.066995743039607564e-03
1.287624931644085029e-02,1.178892385398358847e-02
3.790295150049827438e-04,2.298348949318961953e-03
1.644579919140319937e-02,1.167393691510238037e-02
1.452050468140864969e-01,1.520730732353609838e-01
1.460239408966076773e-04,1.144305522303546502e-07
6.777743329518254312e-02,8.804617190161918849e-02
6.427925414780867597e-02,7.402143593747427530e-02
6.710283163458210555e-03,3.765442630001915141e-03
8.443385287633414782e-02,7.846337718897962443e-02
5.566742744809731469e-02,3.348643942874666296e-02
1.074156903191122309e-01,1.012265182368471683e-01
1.321476076364723473e-01,1.211929654999015088e-01
1.250376929563518924e-01,1.553359838055605457e-01
1.684297600434772890e-01,1.817630952930239518e-01
9.932229813389627671e-04,2.913271636382804681e-04
3.624340320766400447e-02,4.000930565341812017e-02
5.659955991001845987e-01,5.425435433001691843e-01
7.962719551836835996e-02,9.405465218204772659e-02
4.430106874054693944e-01,4.042034098640260309e-01
5.897010209701345484e-01,6.205718002934648148e-01
2.081524790005832154e-02,2.072430088662500711e-02
2.270402652244644381e-01,2.500360132801108248e-01
3.916599262894644023e-02,4.111914383858867456e-02
1.567879726747236843e-02,1.318092601156545599e-02
5.861726393302535768e-03,9.048035847314275446e-03
6.534037329133175753e-02,7.985453289822441736e-02
1.548120065647831112e-01,1.376153174680626035e-01
2.026177372060264659e-01,1.549150185408258440e-01
1.251271830165788523e-01,1.475101552232778446e-01
2.998175402728161035e-02,3.576315838644336664e-02
1.934344194994808835e-02,1.752772084890225415e-02
1.881261424624428025e-02,1.618327274795259424e-02
1.352600356900138159e-03,1.588362566605082361e-03
4.734894257578021320e-03,4.142412284891639623e-03
7.726156620238054662e-02,8.432854879087206545e-02
1.898461748209415434e-01,1.807221958863449163e-01
4.788170977573362186e-01,4.441114362890282163e-01
1.923798655449306463e-02,2.467876738712432294e-02
1.231703739794720760e-02,1.563935958858359010e-02
4.154919575845223909e-03,3.181717930891093948e-03
7.869462248355517386e-03,1.252794137492961243e-02
1.882685328162739605e-02,1.016432580120174047e-02
9.055623147374521065e-02,1.010039775185367222e-01
1.872989998035432535e-01,2.293951030004494074e-01
5.030852641433346262e-02,3.879902784842710617e-02
4.319588843266886080e-03,9.756837592222906974e-03
2.185118553059392336e-03,5.624514299792113606e-04
1.903451500882183053e-02,1.485282498565660900e-02
3.994320838093937120e-02,4.506320467777743394e-02
2.357930204955093964e-02,2.137007582366103400e-02
7.270605227264271934e-03,2.095462428360480092e-02
5.080208059685619171e-01,4.567180067250186104e-01
3.815060180991460687e-02,4.817684911485856092e-02
1.148027227471466911e-02,1.069305103018298488e-02
4.646306309747469387e-02,4.749458852199772707e-02
1.809717138679674542e-01,2.038173566372012691e-01
3.381837503556822059e-03,3.704015551138507400e-03
1.682190888719883315e-01,1.655854511265405782e-01
5.666992180609167762e-02,4.527754900983231579e-02
1.721860482505457313e-01,1.713300577905758071e-01
1.099873141036036700e-01,1.453503542542063376e-01
6.235707132260975144e-02,7.158776253051048200e-02
2.952502746949372346e-05,2.290128309550228981e-03
4.314603248347453901e-01,4.864370548110164005e-01
9.001294701049153413e-02,8.416345028423011243e-02
7.961606627834707378e-03,1.622535787197443291e-02
6.774691759727685669e-02,9.142543197467166427e-02
5.359695500146850061e-02,3.448952417715975965e-02
8.969450149286037344e-02,8.482085540275756397e-02
7.555077724572610565e-02,9.175691598609717059e-02
2.702258654668152071e-01,2.712330063270013691e-01
1.323502660108394867e-02,1.496022789344605107e-02
2.011591758160180543e-02,1.750856323414313673e-02
3.669885236727803424e-01,3.836616289138779501e-01
3.133007704727749226e-02,2.917541514368323166e-02
9.486020450771262547e-02,8.414959567298466170e-02
6.958730544508213989e-02,5.063253049051968935e-02
2.153129435309871498e-01,2.417484925242003035e-01
2.966457056098410761e-02,4.428110021662505502e-02
1.857105167941719426e-02,2.332362313897157202e-02
7.423631169349688419e-02,8.304467007047557081e-02
3.064061633944801036e-02,3.303488587831347051e-02
1.344152007951183699e-03,4.421846629064789301e-04
3.639304995057596648e-04,1.301533308194991129e-03
1.348041631320567001e-02,1.714777125496569354e-02
7.999046669693638326e-03,5.564674625034128977e-03
2.291158954699089919e-03,2.737852025426728252e-03
2.121780732116114801e-02,1.455003327280448948e-02
2.537107503243264395e-01,2.487733597788266138e-01
2.424061758683301870e-02,1.699588407885700356e-02
1.926062825500994471e-03,4.062623283563733355e-05
4.174000398950863944e-02,3.449445885457591565e-02
1.159831486789523157e-02,1.569143253679369104e-02
7.725302934780935160e-02,5.290008317031160562e-02
2.667101126901387509e-02,3.808721097671702999e-02
1.895282689719814673e-01,1.848203603272534634e-01
1.469007598980844320e-01,1.569069953861559341e-01
1.385826418076683275e-01,1.150714323871068895e-01
1.185860240406308962e-02,9.405672007974865897e-03
1.472097272591929851e-01,1.518789467947544991e-01
7.826675423162454681e-02,9.036838485220689832e-02
1.687679024997847388e-01,2.122008974445614704e-01
2.084006481415255629e-02,2.341507612412906808e-02
2.150136971091393470e-02,2.174545194372961079e-02
6.209855263971751638e-02,7.667809652618259864e-02
7.224498837942662510e-02,7.059935510774383027e-02
1.015297070404223845e-01,1.028443759165757337e-01
2.883693637642087675e-03,3.039131054049983276e-03
7.227465549742542045e-03,7.594433879661566938e-03
1.967863414645434350e-01,1.921510301610989679e-01
6.682598597248674832e-02,6.353161007430051244e-02
2.336116182401618559e-06,5.295693960219617765e-04
7.246810034851287885e-03,7.275164737821691527e-03
8.071267209218409289e-02,1.206081650681293527e-01
3.161064557596658664e-02,3.995061443107548321e-02
1.779562049300899840e-01,1.813272181432822316e-01
1.377062460875156935e-01,1.150054841280831880e-01
1.656011704566605347e-02,1.864924274290635439e-02
1.625470821097163288e-01,1.767630973246120674e-01
6.328609849570271395e-02,8.100779755274763183e-02
9.758043059155461065e-06,3.119238538121435738e-04
3.301746507740943581e-02,3.373815295779523937e-02
1.260656463965350964e-02,8.501237044925577177e-03
5.400938604608531562e-02,7.242788551263662500e-02
2.291672889072076183e-02,2.957204717420009593e-02
2.669053592866895697e-01,2.629708896566849696e-01
3.349435926493992636e-04,2.169577845646393412e-03
3.338562581732800599e-02,2.986715090510617260e-02
1.304647281177181289e-02,1.507286852676542263e-02
9.694963099553430275e-02,1.121946996936299124e-01
1.564766414691769469e-01,1.493562679331944809e-01
4.824069562136570205e-02,5.334321199553860443e-02
9.916397867729987228e-03,7.317437620002578344e-03
1.063158491149998434e-02,7.135498092863320867e-03
3.671567856245931405e-01,3.554280775535884063e-01
4.895008036938083840e-02,5.148084800821799839e-02
3.365387212313887821e-01,3.163106939254802241e-01
4.621802883508220085e-03,2.498348237023766127e-03
9.840559689624295628e-03,5.191868352937360417e-03
7.389070157142707540e-02,7.812971701064702623e-02
8.940693625420799559e-04,1.227834013571167107e-03
3.149786715881254251e-01,3.116257573281001059e-01
5.848715501530922685e-03,8.324536428987804049e-03
1.641528533277784516e-03,1.472572679279144118e-03
1.225576416583977479e-02,1.012029696928518942e-02
4.792307460767000066e-02,4.471907999411326579e-02
2.471089237131688949e-03,1.025828891831778679e-03
8.694757704294701905e-02,7.593138425722822937e-02
6.300040936909694356e-01,6.545867198166057666e-01
3.698163248853151164e-03,5.731010240738698648e-04
2.181570143064306619e-02,2.010160321183860829e-02
1.767951099628584447e-02,1.803700149892474916e-02
4.132033859808135756e-01,4.657251380577761557e-01
3.667538108058152613e-01,3.991241354031650479e-01
1.717490714888395553e-01,1.762417546393546530e-01
3.781588222859013368e-04,5.310025774291017922e-03
3.702967679039480958e-02,4.484762311666266182e-02
3.606873236083319445e-01,3.548929368433831888e-01
8.392041709114530916e-05,1.204642806990581473e-03
9.459422595101064923e-02,9.001943512168547601e-02
3.149038740015919907e-02,2.179927239754851295e-02
3.253938161020006412e-04,2.147348673661103396e-04
2.642281071570874891e-03,5.151189427904397274e-03
3.511876927881843555e-03,2.222786800920627595e-03
7.039636472306257109e-02,7.088383148316997062e-02
5.946577218362800697e-03,9.552294275893781147e-03
8.353632571934513362e-03,4.846532842589927267e-03
2.582244376389042709e-02,3.070625369535664312e-02
1.172701939778893329e-03,6.638583275758702098e-04
4.388233476638332686e-02,3.785328520887989295e-02
7.938488921425089495e-02,8.171379327504262047e-02
2.671699842646056422e-01,2.696149715183311368e-01
3.738604930767369834e-03,1.617552156838244831e-03
4.862502918359872667e-02,4.162433960270257860e-02
1.860726308011926844e-01,1.815526724758795840e-01
1.180631178241232648e-01,9.520289676535624579e-02
1.327731771790375929e-04,6.302081364303407129e-06
7.204091174898885619e-02,6.339407977278271877e-02
5.501593177812184876e-02,4.527092435172731799e-02
6.474027186824557467e-02,6.204617341505478528e-02
9.737334701375289711e-03,5.476255541802183165e-03
2.697826210563408073e-02,2.225922032548225543e-02
1.900777322631940630e-02,1.336590576891491869e-02
6.696000531796229144e-03,9.890806188525355300e-03
4.759584272521986612e-03,2.507170355697129708e-03
1.700278511505319279e-01,1.723646358262347633e-01
7.787177250180313259e-03,3.497049682475560344e-03
4.087023736870205176e-02,4.727309811303112563e-02
3.274184398313431110e-01,3.008261102960838596e-01
1.115340626774800337e-01,1.169081576834578862e-01
1.627297681181352415e-02,1.235499672601222607e-02
5.799299521810592772e-02,6.023995979555556157e-02
1.818051989407353797e-01,1.679627493831437612e-01
2.566007302487137709e-01,2.554729454036062108e-01
1.470733050203038572e-01,1.339332672462529294e-01
7.089813153301119386e-02,8.411750911727447488e-02
3.202452815017162456e-05,4.264553823499633585e-05
1.654462375518882533e-01,1.277568224099555061e-01
7.181187838081379282e-02,8.265738299406216738e-02
4.906928071141032910e-01,4.692293300292377234e-01
8.656024328439858306e-02,7.573502354622783928e-02
1.778497853745883081e-02,9.797669540411453604e-03
4.957441467975717136e-03,3.075168662579131837e-03
1.163421183188629096e-02,1.930682228496692979e-02
1.063049709078069255e-01,9.657434154906309465e-02
8.959264837780810120e-02,9.017648412258655322e-02
9.084140072565178789e-03,5.115361555155389234e-03
4.852526369718851429e-02,4.342960280679719620e-02
1.066930346478849739e-02,1.339836808761937781e-02
7.124361278553199665e-03,7.723026276906928833e-03
3.672173550471734271e-02,4.112789494609054436e-02
3.289849974423009193e-02,3.397077808310906832e-02
8.907511526400663238e-02,7.140324678868961716e-02
3.850511805623701034e-03,3.276457798052907593e-03
5.918433550574012797e-02,7.746561349849752365e-02
2.349660492990190714e-03,1.702403850176016946e-03
1.090170899310693824e-02,8.715806025813689281e-03
1.267791672680094739e-01,1.350666929293904694e-01
3.142032090434985895e-04,5.325365279111309458e-04
7.730442545342535243e-06,8.474625314037575845e-05
1.184387821000107699e-01,1.484276753738990595e-01
1.593185455876878001e-02,1.983188408276773812e-02
1.112431295109833351e-01,9.755760176003830386e-02
9.110198717767463455e-06,3.829950287747424780e-04
4.833012021538680286e-02,7.288475959572560114e-02
1.184965488567272379e-01,1.328459199489510634e-01
4.063041472938593544e-03,2.388428025669157937e-03
2.097592234254721244e-01,2.549655532661720958e-01
2.548624954535582687e-01,2.468228432000559303e-01
2.117487620151074779e-02,1.842098048857780321e-02
3.190817061416222900e-01,3.173616639213213686e-01
2.964140616237949666e-01,2.629104900552541868e-01
9.477189225384883078e-03,1.072357824527769322e-02
2.251996900114044617e-02,1.738178156959632389e-02
7.793120234545500291e-02,6.479037728481334968e-02
8.932903476888645611e-03,2.102864993924236092e-02
1.121754856526922944e-01,1.112277119489753080e-01
5.484802518017289907e-02,5.578731737635830856e-02
7.871064322063113516e-02,6.887135267917195158e-02
1.044419116274640236e-01,1.067077609804482768e-01
7.007999280860950642e-02,7.338003071297519164e-02
2.178992080637459361e-01,2.419079671597197112e-01
2.465339193048686761e-01,2.358250283923113422e-01
2.452961600388044172e-01,2.468144815463077513e-01
3.964748541255889644e-03,7.436079363492405399e-03
2.087359051046695031e-04,1.060025102019216103e-04
9.986230328825318123e-03,5.948591600828925276e-03
2.729097706690677321e-04,8.672733737370233193e-04
2.347519821346345514e-01,2.553757513810483992e-01
2.614315612708442149e-01,2.281279397644567775e-01
4.126280645413194503e-01,4.265764882499925026e-01
2.047496733524181156e-01,2.396162376981485209e-01
5.456604031382428222e-03,2.813863945572828585e-03
1.115310976725756853e-01,9.639042735528643990e-02
7.919415000412413641e-02,7.007674491095368385e-02
6.002594991134744574e-03,1.036098891222714084e-02
3.779259281567275419e-01,3.722872755399296851e-01
1.124998243444317453e-02,1.006148682638180469e-02
4.929809843012251114e-01,4.656022428188192896e-01
4.645365552118506554e-03,4.123897476581683472e-03
1.771549681144996349e-02,1.516033729209603081e-02
1.430319266466120176e-01,1.235765064394390850e-01
2.702819066354550295e-03,2.000844480785703670e-03
2.535015369337242919e-01,2.688180767730720122e-01
5.503073789116547099e-03,9.385973793224157077e-03
1.494785796006151413e-01,1.491457212753575789e-01
3.240637055742633388e-01,3.897282508781936827e-01
1.770032258047929130e-01,1.678755770842484951e-01
5.438842059279408794e-03,4.534544295104230710e-03
9.039896172941247867e-04,4.960019223469150953e-05
6.694793053045363339e-03,1.735344484558520167e-02
1.489274282623557211e-01,1.239311571310167115e-01
2.793525062258934988e-02,2.065919905949175836e-02
6.371204807588059030e-03,3.775889018066099553e-03
1.743796009528394420e-01,1.966157588542832013e-01
9.090318941979559642e-02,9.629289191370180023e-02
1.099069530222350488e-01,1.544871952492105627e-01
1.579952349283364130e-02,1.421205490242489176e-02
5.332554612739923844e-02,5.018267915782000099e-02
6.789254789985362804e-01,6.537058552827295088e-01
8.434400866231562058e-03,9.206854528317091890e-03
7.802891431699176573e-03,8.280734584261465261e-03
3.915547452526473016e-02,5.219789744608931137e-02
8.457552867026315591e-01,8.729090868169468997e-01
3.601241440703538410e-02,3.801849867171799152e-02
9.181459137201294918e-02,7.429763140159856283e-02
3.465871994558787032e-03,2.887991294431912354e-03
5.382240126351985759e-02,5.047557774840785022e-02
1.888001863510279377e-01,1.924795848358869799e-01
3.794999871526676949e-01,3.773602232764722286e-01
1.159038928270433519e-02,1.529340373517753919e-02
8.839201551704120585e-02,1.086048061440652024e-01
9.163264977482212317e-03,1.119666859356394963e-02
3.840222208222242306e-02,4.117027439988568682e-02
1.917602004044255959e-01,1.826572141217788214e-01
4.617433553341541985e-02,4.456282397590382444e-02
1.069355573225336253e-01,1.151736946783913640e-01
1.385111261247450876e-01,1.583293077827057915e-01
8.574221131043954780e-02,1.271102719700443751e-01
4.617342678713368814e-02,4.706201916600954993e-02
4.817968515158763676e-01,4.502187119246730540e-01
4.203359644250403288e-03,8.609645272421783888e-03
3.203563326099184098e-03,2.373585235468564456e-03
1.614497372412538635e-03,1.484551692512517949e-05
6.817714882992588488e-02,4.972456000118846697e-02
3.988415133742148622e-02,4.094251533189226938e-02
2.957786385240594729e-02,3.034897767734980045e-02
3.605371462978412822e-02,3.391593785318402360e-02
3.879777257017193171e-02,4.524514270174301300e-02
1.499618774966053059e-01,1.495669652290976814e-01
2.090356957960785508e-02,2.565274457155032953e-02
9.319478641911528019e-04,2.487715039848465391e-03
4.579605188923540626e-01,4.209074290142093000e-01
1.298270371160306358e-01,1.142431209528992214e-01
4.144685184221448375e-03,6.569446945033501593e-03
1.550598006541660046e-03,1.379307775077876202e-03
7.547050355183705650e-02,7.185516232512470514e-02
4.358475623568969573e-03,3.407162709931296080e-03
1.742412517001263185e-04,9.766758558453600587e-04
5.935680568049115508e-02,6.633644690095667762e-02
4.335646396449958639e-01,4.408662305612169874e-01
4.820495879960871692e-03,4.011689027197436717e-03
7.299131503250518883e-03,1.024328650626700997e-02
1.432064662660949006e-01,1.707101150888646057e-01
5.422089554576066221e-03,3.518010984001129510e-03
2.458659828373859768e-01,2.396387461709502120e-01
1.998277320624680317e-02,1.956566563502319667e-02
2.328815795106557035e-02,2.738578382605759073e-02
1.421413622171545377e-02,1.151431155901398544e-02
2.133916483137456577e-01,2.122363097096993945e-01
2.249111183062460217e-01,2.189243961401282357e-01
1.536032428805584327e-01,1.540917095804961445e-01
1.445329963536557683e-01,1.403213351656286134e-01
3.187454385788018874e-02,3.015565854091065492e-02
8.918835438089710299e-02,9.263332124285424130e-02
6.215706735847207343e-01,6.088410820810020718e-01
3.646420606274110021e-01,3.919630925825284828e-01
3.187142516379526946e-01,2.923087583892601815e-01
8.161471877496505323e-02,9.380306959087622576e-02
1.914512224456209680e-02,1.674478896885976328e-02
3.434699734099962154e-02,3.117351756362513396e-02
1.582552465147574628e-03,1.032361413774182009e-05
3.093270771098882710e-01,2.443517440232500504e-01
5.647505434582968803e-02,7.362966116370787961e-02
2.520592544654795542e-02,3.277856175860195675e-02
1.216779781328265623e-03,1.032212598238925211e-03
6.420468596507722045e-03,5.389031493844710641e-03
1.034412272560852018e-02,2.034684443343237267e-02
5.878920397398299316e-03,5.271731432583706689e-03
2.016715086977970139e-01,2.077321459097031531e-01
1.363408245349673198e-01,1.391256435793965796e-01
3.027037897895765509e-02,2.164854826332167359e-02
1.058330615167126232e-01,1.123198282779924451e-01
1.670365112631947424e-01,1.705666032111752550e-01
4.699559678555751546e-02,5.484024614335507308e-02
4.549091739789368552e-03,1.426877633964063760e-03
9.387776385485512021e-02,1.224832784039875527e-01
2.113956140106725001e-03,2.304177671083538267e-03
5.657797020945647126e-02,6.321932674689899334e-02
3.535591477973742958e-02,3.713149552797274933e-02
5.616964215479286655e-03,4.703050495562802018e-03
3.471511195602765276e-02,3.723165723442520281e-02
4.543042272994960579e-02,4.285294276827433801e-02
2.931720496449082003e-03,5.839155374326049711e-03
5.724922658349312216e-02,6.550121442881234879e-02
1.161014257714247482e-02,1.426621148965370907e-02
9.653901380779791874e-02,6.468067599215929220e-02
1.661681716852173680e-03,1.406187022077626334e-03
2.533688683881505851e-02,1.708857314359815346e-02
2.254681614235670151e-01,2.357819732619789721e-01
1.160497604052993736e+00,1.160436910358898066e+00
1.380217378816234464e-01,1.423059504323635482e-01
8.642609606055559612e-02,9.105283742913652945e-02
7.777940862207560757e-02,1.041815276119563011e-01
8.330618182698945606e-02,9.533119689475151592e-02
1.822749750325945370e-02,1.993734608818587342e-02
1.846286370525375697e-01,1.789096606264470868e-01
2.567265306728017983e-04,1.268966921012034711e-03
4.048739314959624164e-02,5.660067046824778653e-02
2.212036013457931716e-01,2.459120054501580110e-01
6.058529299684432823e-02,6.785764957074551240e-02
2.006758275729919952e-02,1.236776006085877136e-02
7.807876603417504557e-02,6.295246488614811287e-02
8.442050588774856201e-02,8.983112322614206224e-02
5.894259634491169075e-01,5.842827397409829926e-01
1.411208036594816528e-01,1.307005496711342862e-01
6.519015865699417933e-02,6.712783035970587564e-02
6.560253815815701994e-01,5.696823936008368339e-01
1.106497546580312435e-01,1.185171578139012499e-01
1.411935483803347102e-01,1.468356460981160572e-01
6.055872379373106185e-01,5.992144114718401804e-01
9.624038175473475717e-03,1.152829609308980360e-02
1.843811208177066063e-01,2.056595131509137142e-01
7.444069719794588202e-02,6.771314952412853250e-02
1.323919427625349643e-01,1.284488711738236422e-01
5.492239340827614891e-02,4.769224953931604227e-02
3.408313432299252873e-03,2.363910910536855866e-03
3.774199945940839157e-02,4.101125328674679049e-02
4.809393874197927243e-02,6.722403835418916396e-02
5.211261710493564348e-01,5.639125585174444844e-01
8.216761657397518848e-01,7.673797585299025892e-01
4.649717797830753563e-01,4.287497151414821350e-01
7.876496180109410217e-02,8.236375563314414505e-02
1.266741683924215156e-01,1.248055013124675233e-01
1.267856903085720979e-02,7.744961643260839419e-03
1.723945129028953138e-01,1.701302124976697416e-01
3.193582824884187710e-02,3.369872345803350683e-02
7.219076680562168391e-02,4.213937226299783317e-02
4.696625397662749224e-01,4.716646344628254162e-01
4.650581498509673839e-01,4.891302336291918351e-01
5.861419821726514615e-04,4.427683486722640348e-04
3.527706532150391011e-02,5.142474354847208912e-02
4.044829154060864546e-03,2.551002156245905234e-03
1.440465242058339979e-01,1.201635944645005616e-01
1.093965374668734447e-01,1.056581752860199924e-01
2.698679248838319576e-03,3.505352413009428514e-03
8.104406605532012142e-02,1.031033106145732015e-01
1.018526211702576109e-02,4.209229975219964774e-03
2.483076863041235125e-03,4.588432686461258424e-03
1.166669596789349055e-02,1.171130917154186019e-02
1.263054176743233781e-01,1.031020622455713631e-01
2.118092285852897494e-01,1.837507461681060772e-01
8.714330316687124434e-02,8.240738607671541094e-02
1.689147729947048093e-01,1.737158666981830357e-01
3.510353478336773747e-02,2.212395732242290400e-02
1.147739533435463977e-01,1.100964956299181480e-01
2.805684182906168292e-02,1.479135749349285572e-02
1.324251668202430477e-05,6.968554711850977971e-04
4.829280654435329743e-03,4.110820086694184222e-03
3.844302016395765298e-01,3.529908361815773943e-01
3.337469010558566905e-05,1.601944625991611956e-03
1.882578670177257121e-02,1.991353862792124077e-02
2.396244765067799820e-01,2.296709189397805329e-01
1.609774254152614159e-01,1.676247339715673801e-01
1.577880762466725428e-01,2.107588330689618150e-01
5.131558250689320644e-02,5.456085351777882619e-02
5.322934586560843818e-03,9.532417189368334876e-03
1.421451477127818816e-02,1.022573608316649542e-02
1.602773058329283072e-03,2.354038698343012624e-04
1.623535000728171382e-03,4.729556216991255037e-03
2.094328709448539313e-03,3.910851049068441929e-03
3.314259363884300980e-01,3.419070673187889486e-01
3.134408181297034229e-03,1.988859894174804886e-03
1.213770496164624687e-04,2.272627649750531310e-04
1.118689958693541882e-02,1.668799657735492090e-02
1.134797976208704691e-03,1.623310739065968568e-03
1.941540096414107741e-01,1.999709944327360545e-01
1.095118005691536056e-01,1.437099969393712817e-01
3.519805234514213343e-01,3.534283316207391112e-01
2.959699912513479372e-02,1.592775303670289702e-02
9.421904764992577791e-04,4.670930977105387653e-05
7.705115790159915157e-02,8.316586907112757943e-02
8.757198748043336367e-02,1.007614426404584013e-01
2.990380574997013319e-02,2.709045196083613785e-02
9.426981322182427514e-02,1.061262514867748474e-01
6.267777320686301890e-02,5.610829011129129379e-02
1.587234599531575918e-01,1.595351460935107435e-01
1.082189582072472650e-01,1.113568066287142777e-01
2.163796881101649194e-01,2.076611865690900505e-01
1.665981536066037105e-01,1.695696279142996643e-01
2.855824778370641762e-02,2.422188780511205092e-02
1.734902378870419870e-01,1.942749855261860503e-01
3.558435673585241266e-01,3.480333678226206207e-01
1.489673140077077129e-01,1.285621190770268873e-01
3.128377309622552838e-02,5.066281597901687445e-02
6.186394793594812702e-01,5.819867079184251057e-01
1.889153402508577870e-02,1.320430630571937415e-02
1.310473012563941331e-01,1.170872215283277479e-01
1.273332586371003494e-01,1.481740365734129372e-01
7.611767015534738612e-02,7.274043060241874858e-02
3.121753706376997894e-01,3.332628998935399101e-01
3.429504554529395378e-03,4.930676342579623679e-03
2.637165779474699365e-02,3.140986673217049940e-02
1.360879177269695983e-01,1.109007467216420739e-01
6.363297954318077217e-03,1.168803134693918201e-02
9.410989858849812262e-02,8.919780603834233379e-02
3.902369836606016818e-03,2.745992420398547297e-04
4.817240423101937785e-01,4.467900735633857368e-01
2.292076382590482464e-01,2.172017825495222154e-01
9.711827057507237126e-02,8.868678593532189347e-02
3.258739739291212079e-01,3.283589262453550095e-01
1.238423084273166386e-01,1.113349830980144284e-01
2.602044284423068315e-02,2.646193252042447833e-02
1.752183345370781839e-02,1.580018393738956070e-02
3.310577995287397601e-02,2.550617495488159692e-02
1.816759990067381980e-01,1.898785845861611365e-01
1.232212213539325280e-01,1.438977272269811036e-01
2.156328177103667698e-01,2.125662118840837278e-01
2.608384669978960554e-02,2.191490367432167435e-02
2.853782554833727003e-01,2.700248199120571790e-01
1.475924070926488106e-02,1.876612160313663111e-02
2.070177819470272323e-02,1.971673312567555694e-02
1.157641993350459406e-02,1.257793000308404623e-02
7.862282993819975918e-02,9.168669699977059773e-02
9.676446311261411859e-01,1.020829839419420848e+00
7.601744102398329261e-02,6.301871076521156634e-02
1.524199750550703225e-02,3.137266682141724716e-02
3.031877156378183780e-01,3.075371339420922001e-01
1.953923387195641856e-04,5.818583818099403585e-06
2.062809147671289256e-01,1.856326979554705492e-01
1.456009435171654320e-01,1.422203622685146163e-01
5.924376509324405645e-04,3.407108393121355077e-04
2.945735521044367915e-03,3.697347421616268941e-03
3.310828459032297832e-01,3.455560101618295743e-01
1.076658408202405687e-02,1.057905964469216080e-02
2.665516714639223350e-01,2.671601749474512011e-01
8.482584424534262823e-04,4.992135939535762289e-05
6.357004229649730088e-03,4.073349297099938815e-03
6.330326567835286656e-04,3.101849789582826803e-04
4.225014082746014754e-02,2.751612339092382106e-02
2.209185075588927794e-02,1.630746238636530607e-02
1.339825135390953700e-02,1.127437763003614514e-02
3.123771123581480791e-01,2.958120062206159862e-01
9.165511173534991729e-02,9.269222680483193977e-02
1.771500604667333723e-01,1.879738843968828954e-01
1.579462633827807480e-02,2.411495463049728380e-02
1.009567584163786544e-02,6.965380425939631838e-03
1.126097590199694881e-02,1.838108864648128893e-02
3.444175386926167093e-01,3.689933451074614013e-01
7.340973420039931252e-02,8.968483713284110259e-02
1.207728610148062348e-01,1.160963059300919170e-01
8.071824510730614063e-03,7.356858370507640167e-03
2.862116918422855094e-01,2.864265050889919229e-01
4.011479716163834919e-01,4.136984143250751478e-01
6.182037189928374712e-03,4.746882662812087345e-03
3.953243927579939143e-01,4.360436230244310596e-01
9.958924124935147806e-04,5.421023950320191104e-03
4.583077174997095965e-02,3.640650698480072528e-02
3.396702908203855925e-02,3.630174982101699171e-02
3.907056928606500446e-01,3.652466173245211833e-01
2.139222692152534938e-02,2.260841969966880666e-02
1.303539699734795713e-02,1.538513521786756023e-02
2.613820061716656262e-01,2.601387517490337808e-01
9.462982019046861301e-03,1.207662298188130062e-02
7.905641317267179946e-02,7.995105360336335343e-02
7.715275497206931787e-02,6.817598726006346421e-02
3.614786814439796547e-01,3.493042693512621311e-01
1.238262417901478118e-01,1.331499212010783251e-01
2.796033843185324885e-01,2.255555016896135800e-01
3.340695817865999007e-01,3.356307018740756765e-01
1.411108806433008372e-03,1.578887785329448562e-03
2.396392051975975920e-02,2.069383051877728488e-02
1.966367120531980345e-02,1.414215653143816205e-02
4.017192124560450134e-02,5.621084072694799288e-02
5.140000228790371235e-04,5.747030822727388364e-04
2.214408629408173845e-01,2.270560290540256099e-01
1.561086694782840879e-02,1.131861785239937634e-02
1.006815461987502561e-02,6.121984782737243530e-03
1.614506154773245883e-01,1.543158597925430864e-01
6.498372620200890126e-02,6.004821708488498194e-02
1.198301022170645269e-01,1.306557791766466137e-01
4.505494589803712979e-02,4.141492869761535106e-02
3.323583556291241636e-02,2.596553460304702049e-02
1.722076053399607121e-02,1.478621112882631296e-02
5.109565620520047091e-02,4.229488004246397675e-02
3.559878458752193109e-01,3.423059673932423719e-01
7.867303403018495456e-02,8.215936806064155773e-02
8.687802870856210780e-02,7.741214214658755088e-02
6.860479722635083773e-03,1.454403061187047996e-03
1.394435914636635576e-01,1.253798526269266633e-01
1.543185462772983345e-02,1.166884578846063766e-02
7.065811901974182463e-02,8.310762657530990083e-02
1.274404490885361514e-02,1.246548710717926452e-02
2.726194409119852557e-01,2.678813997989241691e-01
4.003150974989326712e-03,2.401579973122472834e-03
4.436379648349035218e-04,2.655443904220800184e-04
3.961202534090598193e-01,4.201680869699200849e-01
3.543187812692761285e-01,3.656729904155796573e-01
3.999499518040883737e-03,9.121859378944909480e-04
1.116172240005286059e-01,8.166352782800262444e-02
1.660003688623183926e-01,1.658570967979058342e-01
1.129006748952928775e-02,8.644066217007138550e-03
1.300944710104130209e-01,1.081182587962582209e-01
2.557007373512757420e-01,2.396425657416003108e-01
8.256147778291016148e-02,1.042356583142735882e-01
1.292612970302573156e-03,2.041051919342327267e-05
2.783779535334334615e-02,1.848645018996565928e-02
2.796994738402168793e-02,1.966915593529831516e-02
3.376841427276344731e-01,3.332053499945350494e-01
1.338683270421857450e-04,9.018628442745873813e-05
1.123733704133144384e-01,1.125639861698574107e-01
4.433791226881795330e-04,1.929214015653441926e-03
1.895754528838981268e-01,2.012382294454155285e-01
3.692328479111162999e-03,5.216753090340142673e-03
8.134406677359366572e-05,2.936341373545834103e-04
1.372393758484424624e-02,1.734277774031369249e-02
4.270661685352137305e-01,4.256342842169057450e-01
3.594504601814440398e-04,4.529280353909854550e-04
1.692330148282941149e-01,1.914353502259623363e-01
3.724171301759309632e-02,4.593215703492881802e-02
5.035999956992626841e-03,1.348526972046956230e-03
6.347879745875870117e-02,7.958646070559426133e-02
2.668453664488188437e-01,2.541276040332148822e-01
2.047615462617269171e-03,1.184466151394128258e-03
5.390497287340280386e-02,5.833649465603220341e-02
1.280795044877406676e-02,1.231463385827985535e-02
7.077227352494408485e-02,6.389848386604307651e-02
1.550354445806668459e-02,2.338443182722262786e-02
1.288550491209198429e-02,1.799181240313789745e-02
1.120700238684938432e-03,2.324131536028397496e-05
4.961421826303894162e-04,2.798757154577457846e-03
1.452234533292529398e-02,7.511782587926564038e-03
1.935647985970668505e-01,2.069537970825109374e-01
3.121259024752475256e-02,2.536003283310522133e-02
9.863415051919083298e-02,1.091801882508999372e-01
7.233973587625355806e-03,2.952993633288541944e-03
5.665638606130200469e-03,3.171435009363229168e-03
5.130361698559973704e-03,1.273300653815042684e-02
3.456781662794730092e-01,3.672249014078077245e-01
1.799573477381775088e-01,1.575470101961976843e-01
5.429205015550799818e-01,6.204523154403812635e-01
5.699457288759461442e-03,2.315547899747714966e-03
1.338894427943347343e-01,1.338869113454919657e-01
6.132857999757544698e-02,5.827191203606549297e-02
4.217003783865308150e-03,3.425241881588463131e-03
2.321790340407912934e-02,1.471618247134167702e-02
6.526487571859809593e-03,1.469698743946372919e-02
2.410965694656636363e-02,2.845581907910668326e-02
3.917679646422422834e-03,3.458998184554972453e-03
5.321287872767859195e-01,5.585511460270270456e-01
9.747103433318084556e-03,1.356210128353856070e-02
3.946261957596102626e-02,2.775215304031011451e-02
4.576622529321178745e-01,4.907762617814228068e-01
1.946552178941927946e-02,1.455187959865113234e-02
5.958305471940095188e-01,5.843014709236257209e-01
1.954459808511032348e-01,2.067795265033171292e-01
1.705291676236037751e-02,2.125615582230044182e-02
8.102488388681930095e-03,6.829635193462951087e-03
8.778830337257138849e-02,9.789431977062069967e-02
1.274071360764824357e-01,1.238403381896337058e-01
6.599502892882876288e-03,1.097060908721541640e-02
1.837531405992995836e-03,4.526742998870727716e-03
2.729519538841868043e-02,1.727290689502196733e-02
9.829487278132383044e-03,1.239872036321936627e-02
1.577319591036575625e-04,8.556244882074727455e-04
4.503461936384040888e-03,1.661507395388020936e-03
4.029912524100140447e-02,2.379090299320748766e-02
4.067087844127410812e-03,6.253705040982259281e-03
7.510765531094570902e-02,8.302395060761839918e-02
1.367462864175216820e-02,7.791522771423893025e-03
1.501119814150197185e-01,1.631368034081572271e-01
1.887047501487326695e-03,1.259949736853642564e-04
2.878150340805671684e-02,2.621306754948090137e-02
1.849342833411517228e-02,1.867635715039674821e-02
5.165784027075029927e-01,5.037437080610295270e-01
8.058050607911613171e-04,2.917804642349440536e-03
8.693813976543615651e-02,8.644280362961268005e-02
1.202127596639028517e-01,1.174619299561049518e-01
4.238407553200856126e-09,3.439481120939357037e-04
2.276514310539745622e-02,1.453094903418850406e-02
1.222449729590948525e-02,7.852325260143604851e-03
1.426189556864995321e-03,1.312680849572230371e-04
1.747627128824699172e-01,1.622139074676576809e-01
3.726440185409694156e-02,4.269122840657283563e-02
1.578093623950590704e-02,1.168431171644302401e-02
1.057617727435933713e-01,9.287078595292359851e-02
4.401315495802689964e-02,5.325898110145621533e-02
5.007198178029736296e-02,3.410708592611371576e-02
6.399786629939664684e-02,7.871325782837375329e-02
2.648350426070919528e-02,2.478360098737948658e-02
1.838753022155227221e-02,1.390279981967524996e-02
7.583673502693757951e-02,9.629880875286220276e-02
1.233190414991120615e-01,1.162543432054023718e-01
2.635719905746584935e-02,1.613944724970598626e-02
3.368456808470395303e-01,3.041170513049403779e-01
2.913726550337061294e-01,2.876385357076560179e-01
1.154149025610259937e-03,4.084486647266906759e-03
2.106484605844881688e-03,6.068250151372734519e-04
1.521423536386051073e-02,1.622578174159055447e-02
3.195322184331863581e-03,4.974095530566080212e-03
1.779771494931131348e-01,1.831727384793037372e-01
4.257595691910630656e-03,2.596565982946860088e-03
1.331332840345436364e-01,1.596317697814856051e-01
6.617877260539408932e-03,8.014770595437280265e-03
1.078609680266264317e-02,8.994744974063360182e-03
6.101852217881958626e-03,1.106316818785551929e-02
3.254619481463845183e-03,1.443895616105239036e-03
5.387743303739046113e-02,5.738442136951199535e-02
8.291334377686773727e-02,7.624440697140723311e-02
3.362423746157162247e-02,3.243612055904049329e-02
3.898928489991014545e-02,3.833319840436432563e-02
1.232648891706920047e-01,1.195423120494968627e-01
1.793193221211277595e-03,1.632890585546294734e-03
1.268423597987155399e-02,1.646782377917752407e-02
2.338536613358487264e-04,9.968545791053219987e-04
8.619517370207949516e-03,1.251683163917414673e-02
3.408319198622790022e-03,6.863016061929528774e-03
1.894493980173785064e-01,2.122019018956172731e-01
4.791949761968916643e-02,3.136937525387319819e-02
8.932283371845911590e-02,7.737547989014617600e-02
2.286212003417863181e-02,1.933687705350514013e-02
3.288779799108528801e-01,3.122235155905258019e-01
4.786350162274592007e-02,4.508487150802942961e-02
6.502028143824846451e-02,9.795237611723725535e-02
4.244121816139763137e-01,4.516746700103705381e-01
6.916764598527176677e-02,6.834242625120126591e-02
8.008910630049427548e-02,6.632984340184709671e-02
4.201053928970022167e-01,4.285184028824281510e-01
2.414127383085014344e-02,2.871707480232749826e-02
4.565285214191507068e-02,5.868486116354753451e-02
1.383746440175200910e-02,2.627194347815689501e-02
2.303907118475886223e-02,2.158886709676659590e-02
4.457976569078447304e-01,4.585016457906688769e-01
3.366992601805953583e-02,4.018828159399812777e-02
1.842527027366124559e-01,1.862972438017075905e-01
3.982791273238150409e-01,4.077037203803971499e-01
3.214394661113203350e-02,3.503462644007162424e-02
1.605278641600482170e-01,1.634988885465005481e-01
1.053646064605664873e-01,1.543042574728724914e-01
4.743283597244358184e-03,1.993842089951180629e-03
2.883119227116057864e-02,1.990766620391897987e-02
1.595877647943694522e-01,1.655975558445698936e-01
2.988410726618179539e-02,2.935773808822085898e-02
3.180065726884770405e-02,3.205094077647535622e-02
4.279848985242550898e-03,1.262384623279572560e-03
1.313861583733358894e-03,1.133501884003930253e-03
6.308178478310164095e-02,5.330926203278903847e-02
2.760372503387052007e-02,3.635554880836108782e-02
2.864160133498406258e-01,3.153277532889454671e-01
1.181265053506831047e-03,1.800934914095878329e-03
7.040938809826090272e-02,8.900835104285839683e-02
2.684955297597023671e-01,2.744407996513831827e-01
1.362450214114838409e-01,1.244727721450735319e-01
3.621979358725217757e-02,4.038849579795365102e-02
2.016535568333289452e-01,1.966653621214502490e-01
6.568764494750816141e-01,6.665823982829094385e-01
2.969088172995838493e-01,3.068782926075561135e-01
4.230412132499662692e-02,3.697595801653669190e-02
4.915272987441915431e-02,5.442307802657599114e-02
1.381249785816623986e-03,2.276032808512281312e-03
5.479612954686099947e-04,1.919044718566180257e-03
2.604248367133660258e-02,3.493828344555590520e-02
9.140902218967086879e-04,1.707643889841988730e-03
3.437770809353396517e-02,3.819290844247803102e-02
9.036150303012279936e-03,2.697093507951791105e-03
8.628430641174902882e-02,8.082234576014336869e-02
2.910819289791595141e-02,4.020161984756526197e-02
1.851153527595824910e-01,2.275522119805613863e-01
1.079203226482196021e-01,1.107966170281468182e-01
1.099790567571740920e-03,4.002937746302759098e-04
1.084309228621468252e-02,1.319241544953659272e-02
6.214000900579885744e-01,6.681935051676863857e-01
9.465031865771727365e-03,1.051505938881196894e-02
2.934570076145758596e-04,7.720517616032823775e-06
7.103215285410948744e-03,1.080498425866368954e-02
1.224924317810187763e-01,1.257043687819071054e-01
3.021869023594762615e-01,2.734673293773460800e-01
3.701282352338513409e-02,5.234618477969574246e-02
2.322502997652309623e-02,1.674780373061974040e-02
7.042574226678025018e-02,4.546290483056675269e-02
1.562139951407090499e-01,1.202067479827589741e-01
8.953094023095452270e-02,7.836377978297627556e-02
1.496695495151047044e-04,1.864782294633421118e-03
1.587916815532985958e-03,1.030994409614581974e-03
3.296247998409699842e-01,3.076304696141411998e-01
4.243064378378951645e-02,5.509813799995414568e-02
2.863649672452298414e-02,2.627153165880569824e-02
2.067164794517801218e-01,1.962112829259018143e-01
6.478317254339083231e-01,6.207277745572946648e-01
6.484448066070558347e-02,6.671077260623262117e-02
1.028608237474788918e-02,1.618840351312035922e-02
5.256904664028675539e-02,6.062835085780238220e-02
2.003518268600892049e-01,1.547523943820666437e-01
4.861690330031285395e-02,5.468258011498286497e-02
3.630959135609936744e-02,4.298944013467827924e-02
3.846376779860980356e-03,3.707333691854539960e-03
3.937514732023780165e-04,1.063193204619250048e-04
1.078715468305232600e-01,1.175717099042211250e-01
8.061105551040130546e-02,9.916463402218907153e-02
1.127289548385050633e-02,6.334463261573117579e-03
2.356522561081397238e-01,2.522753106342085494e-01
2.297037298086474291e-02,2.075525625671913871e-02
2.440472241929176056e-01,2.920121427402538328e-01
4.656035394716354081e-02,4.696876794140211059e-02
3.609870406907766394e-01,3.321455535122051494e-01
4.876004452217631846e-02,5.049774016172697833e-02
1.322151896127605206e-03,5.677841672034806587e-04
3.405356700972680950e-03,6.898557006197213355e-03
1.331826054865094006e-04,2.927332047565658056e-05
2.257271645144879463e-02,2.223195107766122100e-02
9.342527959655190506e-02,1.073091197497699073e-01
1.031533688990816282e-03,3.518419827661671464e-03
3.951070624961452483e-03,1.873790733356774573e-03
2.010693376402014967e-02,2.019430560985784398e-02
2.293167043003699612e-01,2.601886437155757625e-01
8.740922372316461963e-02,9.624271165959367991e-02
1.645808857816931326e-03,1.732561482414042391e-03
1.461005219081933787e-02,1.548412581478706210e-02
4.900856675864654483e-02,6.487795403965049279e-02
1.704050468252927275e-01,1.865189165013413641e-01
3.405242673473986986e-02,3.355399156480163431e-02
2.037495105355672422e-05,3.509296344425687805e-04
6.478398938824256326e-02,6.128493295097236365e-02
4.181524275276966851e-03,5.770368650884471866e-03
2.036681535087188702e-02,1.441486494721453890e-02
4.325333797550431902e-02,3.141810521670228978e-02
5.879863438909545791e-03,5.388133345964621346e-03
3.854819446685874267e-03,5.877755233083438967e-03
1.030894003004276162e-03,6.379484686276638535e-04
1.720735976758451524e-02,1.450639103660053206e-02
2.174975418779682423e-01,2.080077225599426538e-01
1.495517903252072123e-03,5.565267125557363595e-03
4.840451569375046198e-03,4.281073456475240242e-03
6.883410117887919788e-02,8.082438210988039662e-02
8.319682143000758923e-02,8.864134774381343673e-02
2.373326454411275530e-02,2.331097445089323761e-02
3.523972657451506230e-01,3.731416570240739805e-01
2.339958505748298070e-02,1.947625842777269550e-02
1.107463388860641627e-02,1.461611501442435131e-02
1.008534881035452746e-02,1.172562796134481514e-02
3.333789227256298004e-02,2.700653097132754352e-02
1.620924354959420721e-01,1.809902752312421426e-01
2.257706199302360328e-01,2.143899968795351108e-01
3.262067032999681204e-02,3.381876266972101003e-02
6.212424447636511610e-02,5.999171777454041787e-02
2.491188753281327328e-01,2.553114439817234516e-01
9.412742326309368746e-02,8.397680818005913428e-02
1.044515052882323937e-03,7.714950828399982875e-04
4.091752603482346623e-02,4.100354684986798337e-02
1.726946473482026193e-03,4.770712876366524656e-05
3.822775774539700910e-02,4.299852663994603585e-02
2.108653925022856493e-02,1.159144574460106020e-02
4.213029581032216864e-02,4.318034906600422274e-02
2.859180980877349398e-01,2.962418958582758166e-01
9.757443247987904189e-02,1.112461715664488787e-01
4.402504125005179611e-03,1.770535723739265948e-03
4.234675855493861413e-02,3.477658685932324273e-02
7.510985510534761156e-01,7.881434784219221168e-01
1.714564165006527937e-04,1.840986842876030061e-04
7.540394631586140595e-02,6.566372249515534110e-02
3.425224007860381420e-02,3.596182120550852485e-02
7.705253428494597892e-03,2.227753423808420501e-03
1.367008492542239606e-01,1.242025620337728897e-01
5.257207561519911150e-03,4.002377591700093107e-03
1.685632130040956023e-01,1.777319426278414771e-01
1.621299715003920727e-01,1.752526725819598952e-01
7.720090213618134578e-02,7.617591443526910977e-02
3.363290248540493771e-02,2.412900820541263522e-02
2.015029915755268703e-03,6.811421514913075948e-04
1.681131190221219407e-03,1.908699525632751113e-03
1.725691756530440824e-01,1.556983147685790103e-01
5.589117913074559407e-02,4.527775362297827705e-02
1.063729417225328239e-01,1.198251722956030912e-01
2.606507905246802786e-02,2.420152466990625750e-02
2.132258431425361478e-01,1.994163415844963372e-01
1.655205222083650299e-02,7.014783239417854595e-03
2.279951039217555965e-03,4.080268405319925585e-04
3.164073906127679286e-04,1.559314657397328210e-03
9.900431710489134007e-03,1.731181548622618555e-02
1.635654298162418294e-02,1.260838456741665732e-02
9.668359730285733256e-02,7.705696043647640436e-02
1.905492178352332366e-01,1.761554850105726544e-01
5.977870651496956789e-02,6.015166061489928689e-02
4.158627119769018840e-04,2.859870843143755951e-05
2.138727132542085629e-01,1.877961682001426935e-01
6.288213080022907464e-01,6.612749061999367850e-01
7.779088327071637110e-02,1.164426935970099691e-01
2.363006702039901485e-01,2.030617866477534561e-01
3.272760375632592367e-01,3.402187783935273768e-01
1.085152752521290412e-02,1.991950654841513971e-02
9.385308426279055649e-03,5.719127881738286616e-03
6.184004965430273809e-03,1.982786075918277144e-03
1.408918212242005197e-01,1.920468310010554069e-01
4.299558360494752374e-01,4.083180214684910547e-01
4.955019347645858892e-03,2.422806592652927606e-03
1.776029139520658440e-01,1.706163187954902460e-01
5.042482979661587483e-02,5.959955882671142541e-02
1.430675018826162992e-01,1.688627757120711725e-01
1.218736978436583962e-02,8.999249696317832350e-03
1.968852559861234211e-02,2.319339841657968096e-02
1.051125072341298899e-02,1.392355576297159628e-02
3.013700675899022574e-01,3.002094407891741645e-01
4.891925246223047946e-02,4.198685702441815742e-02
2.070076683216998947e-01,2.126881828819291997e-01
3.492543995974060900e-02,3.270235662620075978e-02
1.268746350964294889e-01,1.078895611819910144e-01
1.424858524394992942e-01,1.500152061885779153e-01
1.448022310559490323e-04,8.962815795720315004e-04
1.022098557449092025e-03,2.940118172550563926e-03
2.467194034398106570e-03,1.863975534423889177e-03
1.250853676752763412e-02,8.664161825132353154e-03
7.995369595604978619e-02,8.037795713921433438e-02
4.675367643191572636e-02,4.461676196979868364e-02
3.443925284283290145e-01,3.341733508817810172e-01
9.879420121740653885e-03,1.067322569941407673e-02
4.125135228500281109e-02,5.353148212361248659e-02
2.771133595803097673e-03,4.895283523602959874e-03
3.266235021603813155e-02,4.188578804974096154e-02
3.204262425587248719e-01,3.106015411344663080e-01
1.718336483730906021e-03,3.079058743988231776e-04
3.313335526379904139e-01,3.475883224196426036e-01
1.150533249955186564e-03,2.672795882452824300e-03
3.821566985313163967e-01,4.390884391777898355e-01
3.726823740107046423e-01,3.914736986288585574e-01
2.242712295658259164e-03,1.696992000017376540e-03
3.074202663408115606e-03,5.764118924956128549e-03
3.476587862669565376e-02,4.077653289546389476e-02
1.179672288589048990e-01,1.185888552921503525e-01
5.187078788912033271e-03,6.975714337551260427e-03
1.686725144529546694e-02,7.941891792991585125e-03
2.519452022171034147e-04,2.264409359807359468e-03
1.679371508210783792e-01,1.638904552690490235e-01
2.745365875799381933e-02,2.561780969066929786e-02
1.564099229778238564e-01,1.444733965987527180e-01
1.581237956411268020e-01,1.849159111117046894e-01
4.050935654752434167e-02,5.107781962193477798e-02
2.825160406725809037e-01,2.627773910810148328e-01
3.637664599792007208e-02,2.944111026882554466e-02
1.166983755994845801e-01,1.123058535128979157e-01
7.782348344178915966e-02,9.094647987614060125e-02
3.129115807863167877e-03,1.660000144563080707e-03
3.817666659479584945e-01,3.664220914172737209e-01
1.172588003300039233e-01,1.428765258051025722e-01
2.218329060838569733e-01,2.326784139018940045e-01
5.710725309869656846e-02,3.722118739590195985e-02
5.704109806386109538e-03,4.429224679272112351e-03
1.007460690295653273e-03,1.682611590466893460e-04
3.883860656424338760e-03,3.589315859367200271e-03
2.059379075418701632e-01,2.159198232635590464e-01
1.186616559253766967e-02,5.824236851168532354e-03
1.067980118673178130e-01,1.359690076474476261e-01
1.028670762204063394e+00,1.077400446718088656e+00
7.949031467535826526e-03,1.243372693501794803e-03
4.056276424937726444e-01,4.652183331655627696e-01
6.832323192875944251e-02,5.951356906719671575e-02
9.787280000325786211e-02,8.053627130866146400e-02
2.182873653657092100e-02,1.669183217206202455e-02
3.635126409928293029e-02,4.141853147288939579e-02
2.138803586787822730e-02,1.527919999825199000e-02
2.822771140821743741e-01,2.487111396991638912e-01
4.088458873841311486e-02,4.383544580231791415e-02
1.499597612689614837e-03,2.044446678253028938e-03
2.749894603826915675e-03,3.956840544591192117e-03
2.808110253586678165e-02,3.186021356886566819e-02
2.095420248542420334e-03,2.228957075852734844e-03
1.910268619557514980e-01,2.098517018522704503e-01
2.360240712964191967e-01,2.361989085837634395e-01
1.200474100867498020e-02,1.075530802805847383e-02
2.149996801940010863e-03,2.975538577443695085e-03
1.278945010804138360e-01,1.161577745056594502e-01
1.461058061762652294e-01,1.442889289457165714e-01
4.433165025739450177e-02,5.932816509520898868e-02
9.370982171792312937e-03,5.627205447147996288e-03
2.549027598060372643e-02,2.072109714677161305e-02
1.876076297350642852e-02,2.271218982094553793e-02
1.320844225717765497e-01,1.474116100318106359e-01
2.037988359153750215e-04,6.631119097284294975e-05
9.953346639843746457e-02,1.120132604670234233e-01
2.399765416822317518e-02,2.395295972966037662e-02
4.211427590805551409e-03,1.125736313392623061e-03
2.130258645179369348e-04,3.403799143760554238e-05
1.311564564588077464e-01,1.429525814383466320e-01
5.715593179124140583e-02,5.765685159410518373e-02
1.876071601466741123e-01,1.886005488451396317e-01
8.427667377216668506e-05,7.964311631695905830e-05
4.560466749442128320e-02,4.596585512035031296e-02
2.415775600267923429e-01,2.580574945476330484e-01
5.054390591575213393e-02,5.529858215927178217e-02
3.175795383091328111e-02,2.700922220949568756e-02
1.770537309488293132e-01,1.639118166680924860e-01
1.807073670084360234e-02,1.608967570526895555e-02
5.655508649647306760e-09,4.764453463869216885e-06
8.408177101761040101e-04,8.932220471053032944e-05
2.619840009234570763e-02,3.368458189112061990e-02
1.267964648509526948e-01,1.222378220862120612e-01
8.279050246839931779e-03,1.111877628292372126e-02
9.119565054119627145e-02,1.063384859338095817e-01
3.297032699761502927e-01,3.082990014006377066e-01
2.119115107202567405e-01,1.923985219449983186e-01
5.558533945185373248e-02,5.826419988672158767e-02
1.852007599991339210e-02,2.066542653197049606e-02
1.315971558567161082e-02,1.633029465520413614e-02
1.777718355598493019e-02,2.834834248535982731e-02
9.061360548976954421e-02,1.098068042888263179e-01
9.629189884000829969e-05,7.186195706522940669e-04
1.318532956283028135e+00,1.334061161253064620e+00
5.664858260682904603e-06,1.119828826130647736e-04
9.381985506493138033e-03,1.012400542501022335e-02
8.821417382216380221e-02,9.001412103560232914e-02
1.398716563872226815e-01,1.235376973771866865e-01
8.417973285323988863e-03,2.309076974736967106e-03
6.278346865731854187e-02,6.726969213268137182e-02
1.172548028267581671e-01,1.168803786243517578e-01
5.706235796615080581e-04,6.104946450964738518e-05
7.308534000544529043e-03,4.094636615818012491e-03
1.203935678013504235e-01,1.337696334468466142e-01
3.677189264393866397e-01,3.407487213777349866e-01
4.875965263382570428e-03,4.491991773118121471e-03
3.733606958419947129e-03,1.053129323256464522e-02
8.752029842210145086e-03,3.131692453099872882e-03
8.989603424913657215e-02,9.965438511968548185e-02
6.948551268913315260e-02,6.189478385704334784e-02
3.538591845823123999e-02,3.036835160425270519e-02
5.764266524121757157e-04,2.887795502059755824e-04
6.395519939992404777e-03,9.226920915970767550e-03
4.348549956432046226e-02,4.792607832526915579e-02
2.494304602768129125e-02,3.213832306039610814e-02
7.441521965455281939e-02,6.418023419806026530e-02
2.865330803457498041e-04,1.750925537176584591e-05
1.105346507485975432e-01,1.134835917790597143e-01
2.956040608465158592e-01,2.964045494320595719e-01
5.017618088165110013e-02,4.736399305854142178e-02
2.183696477312531137e-01,1.738211514198615970e-01
3.170504912969163147e-02,4.302168243778293349e-02
2.210463102100190466e-02,2.649275853171537826e-02
1.170307620111554342e-01,1.159894863369161228e-01
2.889487853047804228e-02,2.782849455282465981e-02
4.447951900793845753e-02,4.272755437436391579e-02
2.268334480315406206e-04,2.800674456791501610e-04
1.380868200531581158e-01,1.514427787916072243e-01
1.429218794008917381e-01,1.485818656135171334e-01
6.901532884745109619e-02,7.779442306266735885e-02
4.577667304503305057e-02,5.021424044143758814e-02
1.517280514430102700e-02,1.015332888428834880e-02
1.533054710061965420e-01,1.596023073940082970e-01
2.797960484001077788e-02,3.539897104834437147e-02
8.295701880811303489e-06,9.794199995984023514e-04
1.103547781443091867e-02,1.530609296326740365e-02
4.467600988776147808e-02,4.573386162691207846e-02
2.364170669150340021e-01,2.232671452073951013e-01
1.239408142553202613e-01,1.393855083575365472e-01
1.322738744836364500e-02,1.019941055681241639e-02
1.014545506593442920e-01,1.023199081403891597e-01
2.840823859581523281e-03,2.950361645246441650e-03
1.378480240549921979e-02,1.771352099298101682e-02
3.826425269173699658e-04,7.177646235393790326e-05
5.255622350363101103e-04,3.502645268829941544e-06
1.354451184235221928e-01,1.288494559911219917e-01
2.548091442558568856e-02,4.513413922281202945e-02
3.130396677795381499e-02,3.157142397855156740e-02
1.358114187300575038e-01,1.269300803135285649e-01
2.734786322383535029e-01,3.111985758724691298e-01
1.589160889876377047e-01,1.644658660721233512e-01
1.219402005889753081e-02,9.715777957972685647e-03
2.030563867930284261e-01,2.077679280485673630e-01
9.063963930682973527e-05,4.529026644120619027e-05
5.245169938495303913e-02,5.810867131973291438e-02
2.165661817706534577e-03,8.963569580089147053e-06
6.177645364425812802e-02,4.980135742862094178e-02
3.557937193766894102e-02,3.285083416125265249e-02
2.109756583727993018e-01,1.973268474478344081e-01
6.997209995340429589e-02,6.676358521203747121e-02
1.231639663333986001e-01,1.199233961285975092e-01
3.389379121163724196e-02,2.392236501285651892e-02
2.571678988282011247e-01,2.172385913891814180e-01
1.689631387802763007e-01,1.889989324162622275e-01
1.672146799268677334e-02,1.085803134243609053e-02
1.702738821603025920e-01,1.721321012227833291e-01
4.488557541892573832e-02,4.317074307683295420e-02
4.144810441784325256e-02,4.748233455540069176e-02
4.571290460311127485e-02,6.172228570669312936e-02
5.219010654282675576e-02,6.517927561310325746e-02
1.461408283584662571e-01,1.379452030826507081e-01
4.032477663646973076e-02,7.115465093057317392e-02
1.699831800904332002e-02,2.521019946251699603e-02
3.817642594214237239e-01,3.079270976040768826e-01
3.775467169109108026e-03,4.992086845602582493e-03
1.958412823415910803e-02,2.181170677553384910e-02
1.027517772995654444e-01,1.075935956361947082e-01
3.645240459144273495e-03,4.359452162614831962e-03
1.165665102043626916e-01,1.225433315099327680e-01
1.299975762540859781e-01,1.318769857047766281e-01
6.166754978613134264e-02,5.143404091728766281e-02
1.046743864239113031e-01,1.299249256461009194e-01
1.333938618013700422e-02,6.037447064047022499e-03
1.223563942099758217e-01,1.009399371656372058e-01
3.815291796367990818e-02,3.112667113423713341e-02
2.142081346372550280e-02,2.067060165602060962e-02
8.629994945293456565e-03,1.144244018159545732e-02
7.402544061943094368e-03,5.472048325880759199e-03
1.059670707409814117e-01,1.114565974055078540e-01
2.151013096249829448e-01,2.333938881170733448e-01
7.915520116979236909e-02,8.543152104560713944e-02
1.161400159049297102e-02,1.450899604951643405e-02
3.310664392844008680e-03,6.998191359572554851e-03
2.381948042149129030e-02,2.973867217772089080e-02
4.532439177532630176e-03,5.739344052974764722e-03
1.089436752627890095e-02,1.671800949338380846e-02
8.126592349333294904e-04,4.799228730264706996e-04
8.571421531666482962e-02,8.623434100172636119e-02
9.340376164365858658e-02,1.075588067143546517e-01
6.993320955941234596e-02,1.022797337968880671e-01
2.911832160325072928e-04,1.967280763568145252e-04
2.268792455517638256e-04,2.415938042623454857e-04
6.686581677701847193e-02,5.915675392178938730e-02
1.316673665093548717e-01,1.170575225043584966e-01
3.226265155385805994e-02,3.268138924204497253e-02
1.508491663927873615e-02,2.086397365033509227e-02
8.561982951890839146e-05,2.731165413508559125e-04
1.631274210640908384e-01,1.454085147129050293e-01
8.126868614474680105e-03,6.272442706213562057e-03
1.257858964311686645e-01,1.283111181638985909e-01
5.680044177390354933e-05,2.645793317293418335e-04
2.734370230697938386e-01,2.689569692567436721e-01
2.714693905746093372e-01,2.712469165344781330e-01
2.777452971329846809e-02,3.270927416176758196e-02
1.184209853643791374e-03,3.450505560955088782e-03
1.414932930110558490e-03,2.351804848276982385e-03
4.392552954076010992e-03,4.803993436816212000e-03
1.712002144653514968e-01,1.535790230747348106e-01
2.825870245891193549e-03,1.078905132322205938e-03
5.691593495429933536e-02,5.763855719497196217e-02
1.337270174796004740e-01,1.251036704816611556e-01
4.820554285832717722e-02,6.854283034908555117e-02
9.655933051865114858e-02,6.680097850669627912e-02
1.618028316737120777e-03,2.069005928240232137e-03
6.402775429333992709e-04,7.873972168580640682e-04
9.074286712664277055e-02,1.005280406033780549e-01
9.761494593966121847e-02,8.209716321101405423e-02
1.632066910501084323e-02,1.730217858294211958e-02
6.678936615387109227e-03,2.878551089001527095e-03
9.975933740453727175e-03,9.018689567832114534e-03
2.016099826689555230e-01,1.910843851410963523e-01
2.718784500987855282e-04,4.894531216183147209e-05
2.485918004131922043e-01,2.497246515139690537e-01
9.861296424271590814e-04,6.843481508629235409e-05
2.826576396434755112e-01,2.841747216638731977e-01
3.068879563607129768e-01,2.959758599447413485e-01
8.040020935327749085e-02,7.781477316338843153e-02
2.134945345316106857e-02,6.135315749862370674e-03
2.495532631757706177e-02,1.063379899906650820e-02
7.152246844519118130e-02,6.699456476532625326e-02
1.345104490345132243e-04,6.662225528855967400e-04
3.752707041314292530e-02,3.591018110784128387e-02
3.089802420902658109e-01,3.075064845350776177e-01
1.340515252363274311e-02,1.493687054634578425e-02
3.719129468762835433e-05,7.087683755603172212e-05
2.735856498121762292e-02,2.692800414395633488e-02
8.019871166198138399e-04,4.801665083814266391e-03
4.817494056008618519e-02,4.762805433044243336e-02
2.867895144711028466e-01,2.924984527296238812e-01
7.049885008580221261e-03,1.059211733136576454e-02
7.992034848583527695e-02,9.155077917476854565e-02
5.748936993597616139e-03,1.078422384463189818e-02
3.262039676323794796e-02,3.251135452392905217e-02
1.134622433291746120e-02,1.713664779194000107e-02
7.032044292453561163e-02,6.229250208907522596e-02
4.609038914022084432e-02,5.823175983396831207e-02
2.836199116089489010e-05,5.745969136595342319e-04
1.299252333597730735e-01,1.326402353574220316e-01
1.054024399387783750e-01,8.576658869124881290e-02
5.518839392985629838e-02,4.281428703897526694e-02
1.928278445864799531e-02,2.573132485313412918e-02
1.775120946604916454e-03,6.124177571801351673e-03
2.345398451610350085e-02,3.945562974768800080e-02
1.141692166167485034e-01,1.125059987282532037e-01
1.755619922097486629e-01,1.910028443222474004e-01
4.269835659017714308e-02,4.374469957461911418e-02
1.285663613288765168e-02,6.252522399764446313e-03
1.362938511879705772e-01,1.093424266268745587e-01
5.216577228320467776e-05,1.975831399722200593e-03
4.477378749830637772e-02,3.648761322276104085e-02
4.164485011862092685e-04,3.781316042137182584e-04
4.576228119585504933e-02,5.624886357794085107e-02
6.522840701883776682e-02,5.646862150888800475e-02
3.787662815860527374e-03,5.352880048716821340e-03
4.097969822244039076e-05,1.010161103450629011e-03
1.848772846652376562e-04,5.747496941519098304e-04
1.793655519547770333e-02,1.992032486755481238e-02
4.690040193480565223e-01,4.457441965340718237e-01
5.864802430241606856e-01,6.718552011052379980e-01
2.081208827857001717e-02,2.139782683712998859e-02
7.406424300221849761e-04,5.201074132878216285e-06
9.480355856168030948e-02,8.753318024716051637e-02
7.126245161516624183e-02,6.911610452959891793e-02
9.660225319015183776e-03,5.191074703434295570e-03
1.248997018306224893e-01,1.157343238662279922e-01
8.315385937782596810e-04,3.248888923695509174e-05
2.289777060745037396e-01,2.000627294788958344e-01
8.168782856743984216e-03,4.591350100047858138e-03
9.720779011967403682e-02,9.687760041641986508e-02
1.861082585031430814e-01,1.915203395143433018e-01
2.173558021015451758e-01,1.908902287966032230e-01
1.119013035675049396e-04,3.411488961699800371e-03
6.686032752916917787e-03,7.331435790698140505e-03
3.483187660509876604e-01,3.648903747285845434e-01
2.079741271374701064e-02,1.809725184571842060e-02
7.925575052447185742e-01,8.198311139170735284e-01
1.241546053270511539e-03,6.324152951885016758e-04
8.925158198404073429e-04,9.536488906266860901e-04
3.028878024978712627e-02,3.102822532439779291e-02
4.621459885816732172e-01,4.757888227617370069e-01
1.364686589269799022e-01,1.610364432804161638e-01
5.140751130941810607e-04,3.034935910460470794e-03
1.492079392668505811e-01,1.326180932772080268e-01
7.825884788480518689e-03,1.004545174590616534e-02
2.939277310324085388e-02,2.559991821751483529e-02
1.994907014386531653e-03,2.341987542370083109e-03
4.256973427419442207e-02,3.963890603959022846e-02
7.192116018315561441e-04,1.560514307244311198e-03
1.084259059314164652e-03,6.148196338144615368e-05
5.337500571938292443e-02,4.789438074265289086e-02
1.630517608047037798e-02,9.727392002168988583e-03
4.345207794648835997e-01,4.319233519080337702e-01
2.139987297837338265e-01,2.514267580594672369e-01
3.189454049373291467e-02,3.023970377550963540e-02
2.327383263776565403e-02,1.915392109049758249e-02
1.132749426281078331e-01,8.488273320453063042e-02
1.897843152461971272e-01,1.951547541537184127e-01
2.945411497475375340e-02,3.308214306170070840e-02
8.998679484849181343e-02,1.148265854868999042e-01
1.612410225055829205e-01,1.661632392755416632e-01
7.448267391485040578e-01,7.453522738621471966e-01
4.214117516300048827e-01,3.971169580564690160e-01
4.630085725669023100e-01,4.183408961947613913e-01
3.999381411945147208e-02,4.483354317706130659e-02
3.317647663301632327e-02,3.614864604839914536e-02
2.190963651542686061e-02,2.441417325258764259e-02
1.114102325913450403e-01,1.139290642016277666e-01
1.580632056316877160e-03,3.815091716564202127e-03
5.634654052353299872e-03,1.077626234387198643e-02
7.073274721029301770e-02,6.753566693408262489e-02
1.312900961889337526e-01,1.293916820427922498e-01
9.197896219705854748e-03,1.278171087248268674e-02
2.282004528824320699e-01,2.181570783631493760e-01
7.686478891615814227e-03,1.301439464538826397e-02
1.621631263647344001e-02,1.214876324420688380e-02
1.078744800092717657e-02,7.471569605205089989e-03
4.868041135673522798e-03,2.026921085473414041e-03
1.532919200966043408e-02,1.697408057159372971e-02
4.414135502404852029e-02,6.152315175149340731e-02
1.596476035941348307e-02,1.454590550743148011e-02
1.101531525728482314e-02,1.215527394335752173e-02
1.909917637246670019e-01,1.829323060936156320e-01
1.180399008456382674e-03,1.051266617534025354e-03
1.194531783896881083e-01,1.552317370257820794e-01
7.601088660192831248e-02,6.834930857415226491e-02
1.957686557653347002e-05,2.184316112322407075e-05
1.357984662751385296e-01,1.358450915720510743e-01
9.040736424150853934e-02,7.872944462590560077e-02
1.787129341624512369e-01,1.782287980384429094e-01
6.837329099722651640e-03,7.104568288095227703e-03
3.175482936905369563e-02,4.554347183672972227e-02
6.369534184334890280e-04,7.238397656549405376e-05
1.395022621536843310e-01,1.524744625652656727e-01
1.573854321622192853e-01,1.498840897881059120e-01
1.637032718464525305e-01,1.942049000729784702e-01
3.952421686975967664e-03,3.434698911011354813e-03
3.785964970292143156e-02,3.018522807681126019e-02
6.825437892642732471e-03,6.401102185695722348e-03
2.397755285750137744e-01,2.386465289244843191e-01
2.603107276940477485e-02,3.861955761530019848e-02
2.781975487689952124e-03,5.000430959550660869e-04
4.825507033458754924e-02,3.658849726933362245e-02
1.802945639330407216e-03,4.324735918246130732e-03
2.124205455330969439e-01,2.211221420308098762e-01
2.805657163412810309e-02,2.723430757474491065e-02
8.583142203488730582e-02,7.866817436793620277e-02
3.269115070276149698e-02,2.498093418521685205e-02
8.362627796311911110e-02,6.821159398408517538e-02
1.504158939170954223e-01,1.607723964138119410e-01
2.368720969936555926e-02,9.907286967760116358e-03
1.439481662235966852e-01,1.641725393376515518e-01
1.289057989980393615e-01,1.319355640673990360e-01
3.328570121971070276e-03,3.149452730540979774e-03
2.532800692793014674e-01,2.688512273268287567e-01
3.639004587463646329e-02,3.320719557294233432e-02
1.377202482836890202e-02,1.529675379820868986e-02
1.360459192779740311e-04,9.228718864640816585e-05
2.133963692632348877e-02,2.825185434406565083e-02
4.055556304523415256e-02,3.554445986757526210e-02
2.126608105995093090e-01,2.339404203221897571e-01
2.328368272990420998e-02,1.848497723033293641e-02
6.618835101355671248e-03,1.055462601854574752e-02
3.296667007706328284e-02,3.588846843676782306e-02
4.248095162434818994e-01,4.417631919009413766e-01
2.288414688225996405e-02,1.625827987497590124e-02
3.852099433876227802e-02,4.639812220196848358e-02
3.168580508299307513e-02,3.417350709077037613e-02
1.030351399622195796e-01,1.155553196584835768e-01
1.830051544341698797e-04,7.199667581305835752e-07
9.992884979004276746e-02,1.161859089706347437e-01
1.559938048089344331e-01,1.821246289790829642e-01
3.909250301182490804e-03,3.353208160216458039e-03
2.136755920691650878e-01,2.418321081229783120e-01
1.544098378579221165e-01,1.225406827834769480e-01
9.608156708853518579e-02,9.292660138826963623e-02
1.247881307535407200e-02,1.946564747429094938e-02
1.213765141865590508e-01,1.355283987659604283e-01
1.982344012021129420e-01,2.020302842899101281e-01
2.421574643889667228e-02,2.017262696788725898e-02
1.745346763916719515e-02,3.053031502728529786e-02
1.966229832763382035e-01,1.856417327586557253e-01
1.712882183992690474e-02,1.634764589068105067e-02
7.628546281718158462e-02,1.031300306029542396e-01
7.443060039375336799e-03,7.575566252950662743e-03
4.715038151343505790e-01,5.264446374588180877e-01
2.090893725891860427e-03,6.249518300712097931e-04
8.976654421938161377e-02,1.229149301160365332e-01
2.098545453516995063e-02,1.412023614282789316e-02
1.204022835576446133e-02,9.199054360453111714e-03
4.229434570595684562e-02,5.063287661129486222e-02
1.637445385832672351e-01,1.352544318123954648e-01
8.622178057844237520e-02,9.011461946667485845e-02
1.203546339204236183e-02,1.211517318775924903e-02
9.107420665960640205e-02,1.310781100622454287e-01
1.384562313911559261e-01,1.409929845878842292e-01
9.568088459660187284e-03,8.615487951976379469e-03
3.080320575101815894e-01,2.934481523977740536e-01
2.273573625074648205e-02,2.531983812798851638e-02
2.906823451087215543e-02,2.541363753805858314e-02
1.097274893950501116e-02,6.041191608275655114e-03
8.529424075629941926e-02,8.363143480538981489e-02
2.603144292993105902e-01,2.511430574153730166e-01
2.178579830169653508e-01,2.291879478724850039e-01
1.526923409978581591e-04,5.599394937225637752e-04
3.142671577257918902e-02,4.212790677368916104e-02
2.667886174039417468e-02,1.872700447312901362e-02
8.755669033211911645e-02,7.106162085192760380e-02
1.812427412096791202e-02,2.727099237569330717e-02
6.625480886242273955e-05,1.397690915646217962e-03
5.913674733941548002e-03,5.586668536485653140e-03
2.618967045213578884e-02,2.581315884503282421e-02
3.260047496805135170e-02,3.899175839833267376e-02
7.864239908924736122e-02,8.617180273154004255e-02
1.406465693471815881e-01,1.688501991343248632e-01
9.801167978370120548e-02,1.127349438832763867e-01
9.640480005970962496e-02,1.001148484580418885e-01
2.050649467667154668e-01,1.699337124429700085e-01
5.182173660269310256e-01,4.715554975533372550e-01
1.994642364146008984e-01,2.240230510533583741e-01
2.142569581341587093e-02,1.931573288686331755e-02
4.786554958367150031e-02,4.869145005914224389e-02
4.797515770306458836e-03,1.006712386708989715e-02
5.246478775820825335e-01,5.328149308489433800e-01
6.569826955550708836e-02,5.651398366350997987e-02
7.723020477189947641e-04,1.177670704408435246e-03
3.318321275564482531e-01,3.892498616114066223e-01
2.195272278776566263e-02,2.296084811655609709e-02
2.381162347566843640e-01,2.223460528566139072e-01
9.516497899938093641e-02,1.114001751432412007e-01
2.315522379214617066e-02,2.056039309119232078e-02
1.849665811358473105e-02,1.804683436912763589e-02
1.678574911798356994e-01,1.379244629312910697e-01
4.404954750449273371e-02,4.541392561476745304e-02
2.078317888459615612e-02,2.373638272263737040e-02
1.283142634913749663e-02,1.883983232885398304e-02
3.021036499885794077e-02,3.307441251136206128e-02
1.789162812813297754e-01,1.463585325018287586e-01
3.221320625377862082e-03,1.903096391231661605e-03
1.480491492794490209e-02,9.846877869828140478e-03
5.456810475238464686e-02,4.582239109088982049e-02
6.707236083306365726e-02,5.282529798423604706e-02
8.850991772040602348e-03,1.705368366142681266e-02
8.595910540045711978e-02,8.349167747391107730e-02
8.276177545635000909e-02,7.967609450654618286e-02
2.853602239514040767e-02,2.703951827218089091e-02
1.037014369426643295e-01,1.233150948262801277e-01
1.097751424519428087e-01,1.051046077256976990e-01
5.411903270751879796e-02,5.806403201506952355e-02
4.326893601637531953e-04,8.329223738275322352e-04
5.302361015785047454e-02,7.225252072872173636e-02
1.471080432289610385e-01,1.606092967510005798e-01
3.563365957466428369e-01,3.603962602798389536e-01
2.992481695823046711e-02,2.608351964484690796e-02
1.521525768979532234e-01,1.411107265500587404e-01
2.193715944080836325e-02,2.665579045175549278e-02
2.372763812992820590e-02,2.789470157217857280e-02
2.751770540473979509e-01,2.767462094286991525e-01
2.568229044624738625e-02,3.709400839608936046e-02
7.548630646588330153e-04,3.831666924124461156e-04
1.078576384650310012e-03,2.398847560772810199e-05
3.197671689926544908e-02,2.656064152843994053e-02
1.229587197648603775e-01,1.460195679485002118e-01
1.468650578766987069e-01,1.614982706090703490e-01
3.039917160228931413e-04,2.400567141776109357e-07
3.607627077022854678e-01,3.473090113745890273e-01
1.870351933794847377e-01,2.018415688027834221e-01
2.169393129805728335e-02,2.023312963534764503e-02
2.392687670611329948e-02,1.922742666636770292e-02
1.405991584620550072e-01,1.448422012323073715e-01
5.819285014383027144e-02,6.955565214467956947e-02
6.706890128815236329e-02,9.299195972461554716e-02
2.341378054316429758e-01,2.280704561747978476e-01
4.878746505181401349e-02,5.344835685909567202e-02
5.737671786492147541e-02,5.035482756141376054e-02
6.992345273976851422e-05,2.939017349771661219e-03
5.527515970109405963e-05,2.924643004058976887e-03
1.682911594136416167e-01,2.023493749392137053e-01
1.488581020629323737e-01,1.712364213419917403e-01
1.035613447946524129e-02,1.252487508790583494e-02
3.104953440896835240e-02,3.697710347344752152e-02
1.317114878760975534e-04,2.616853352092892906e-06
1.592742921464038175e-01,1.541577997416780643e-01
4.339566443144052821e-01,4.758207885176772289e-01
9.345423122538208949e-01,9.730405734322136180e-01
3.835774213492449846e-07,1.594998099105818202e-03
4.452853149890894074e-04,9.348318385708791938e-04
4.575555163691774063e-01,4.550262705897759608e-01
1.130217896103706404e-01,1.045256706880673542e-01
5.981841371113715000e-02,8.292265252082234306e-02
8.849029025839711890e-03,1.178271395165503450e-02
1.052955847707735988e-03,1.105188801473132656e-03
1.663172816830595091e-02,2.872420645717718712e-02
1.207788529907798808e-02,1.793432499652924256e-02
1.665631258482957178e-01,1.830919816141496070e-01
1.041900738440757791e-02,5.264051388720090464e-03
2.609978138832464434e-01,2.579645104321697802e-01
3.375511253122957800e-02,5.133529456529806190e-02
1.481295170735977551e-01,1.328253696930875305e-01
5.644727918464014470e-03,9.696450232708155384e-03
2.105295939870245325e-01,2.382216854336010048e-01
2.119382786475459690e-01,2.203943739214942743e-01
1.067420796871124990e-03,1.704214490674909026e-03
7.458298893092027426e-02,6.761641072864890689e-02
2.234824842254693189e-01,2.367018762968122469e-01
2.267839241614081399e-03,1.412798062293713205e-03
1.667991238036900525e-01,1.671321196772481976e-01
2.193411669928348184e-02,1.137423497934557728e-02
3.299679555301449074e-02,2.063676192372307719e-02
3.797892989416826182e-01,3.789380731746227471e-01
6.323173380394253584e-02,8.716994705643887897e-02
3.352415894846223487e-01,3.223266410411595451e-01
1.230815423154569960e-01,1.293664998024897095e-01
1.430440151122879889e-04,1.236434675932880861e-04
1.346499614613377686e-04,3.338811666793121274e-04
1.853212456129341894e-03,1.343920593503792954e-03
8.284109595667537435e-03,6.729626589990472113e-03
2.467726965234026335e-02,2.229667761655342376e-02
9.383551369565718697e-03,1.645560176618278761e-02
7.053699975491665164e-01,7.345380960409598758e-01
1.611517000040905423e-01,1.729526272738862447e-01
1.212347798380918572e-02,1.613209163256419318e-02
3.162490479024503975e-01,2.755634194530460213e-01
2.913462533586701209e-03,5.390015845961359728e-03
9.307091527567448730e-02,9.817839147413623402e-02
2.157900489342325090e-02,2.252816686209786062e-02
1.093852335352544190e-02,4.395211522715724434e-03
7.326880000109642138e-04,1.458267313564800497e-03
1.934797984872249355e-01,2.045837990131268991e-01
2.253662660597275172e-02,2.187630941029220996e-02
5.263171174504754912e-01,5.873147028048906204e-01
1.459644283594297154e-01,1.413668950093160126e-01
3.883086081842254331e-03,2.692827761429210658e-04
5.619850009936236401e-02,4.318946536182788343e-02
1.174055479680294854e-03,5.900647832137936866e-04
4.167833622796596887e-02,4.470281192948149379e-02
5.654402937376905580e-01,6.034245998352359974e-01
3.795359986245389278e-04,1.579601650749804876e-03
1.067786161671774731e-01,9.646524092853589472e-02
2.773191215288839731e-02,3.329469545985505596e-02
1.578501982886919008e-01,1.940275084379670389e-01
4.534132766169612916e-02,4.252392964121568669e-02
6.729932392044980782e-02,6.832270845936026793e-02
6.767333186538072587e-01,6.462392731052369887e-01
3.620153965641660469e-03,6.583239359246321120e-04
7.523962204862405176e-03,8.821187014732423046e-03
3.702586617657007140e-01,4.163717976043335156e-01
2.509402614981494101e-03,4.361164991078495695e-04
2.577882677196719971e-02,2.349128827165869113e-02
4.003107531390817653e-02,5.649562051365895898e-02
3.807533248144950172e-02,5.258112215792942051e-02
1.511839528766559075e-02,8.812929133270917467e-03
1.863954611354202637e-02,1.324201015068319359e-02
4.080285367356930454e-02,3.840810404491103863e-02
1.643173882581472692e-02,1.028073531803399936e-02
9.605157538624656266e-02,9.153713897462903426e-02
1.827169799021524741e-03,1.619252614912167904e-03
3.111042077807213077e-02,2.414260238421712598e-02
7.885673803395672199e-02,6.007656166976734630e-02
5.732310148113272992e-06,1.825866923349953332e-05
9.837072798760848787e-04,1.191609628020200888e-03
2.558891735531004796e-02,2.837750156496147980e-02
1.850630450008192707e-01,2.121384236940054013e-01
4.275567454214281027e-02,3.943967865744563844e-02
4.589759536972197462e-02,5.205186909345971974e-02
1.731744719937065025e-01,1.787210039987155163e-01
1.622866785999415792e-02,7.531911912917445273e-03
1.506161569780089526e-01,1.295117147431906757e-01
1.923119887376636972e-01,2.055528709223662098e-01
3.570708755091223097e-01,3.436922324416611385e-01
5.414360673625838276e-03,4.435571895913604720e-03
1.296263512392766318e-04,4.950998764296151046e-05
3.639986530118421992e-02,3.588924377209019162e-02
2.051340190912177494e-02,1.793140994433359975e-02
4.524707635753207058e-02,4.833478144050822739e-02
8.844754029379546523e-02,8.465581676202464656e-02
4.977613106346117332e-03,2.149826409754824336e-03
9.123020440033595413e-02,1.256413454458262802e-01
5.453868092012119015e-03,7.886723153772749739e-03
1.685780862580538442e-01,1.508033175678044346e-01
3.628947758418580097e-03,5.116411631345117207e-04
9.635035705675559781e-02,9.479079456569751427e-02
2.850982899575656149e-02,2.828736548960059799e-02
3.660330611414501761e-04,2.282313411096521252e-04
2.730590903454752170e-03,6.048868491237707409e-03
1.125271418304489525e-03,1.693746692088483720e-05
1.886876159893288371e-02,1.753118659582596217e-02
2.468280807176591318e-01,2.769732131001104714e-01
5.552124306935634496e-02,5.265235862016126589e-02
3.209896655174902108e-02,3.318945771367828174e-02
2.182822015578984517e-02,1.907283136481372626e-02
1.403481836723657200e-04,1.686098853563499853e-03
9.475890412810192287e-02,9.083287739631604185e-02
1.855773159054465360e-03,1.367185840437073596e-03
6.423968688620028400e-02,5.737087902477274598e-02
1.515676560214938851e-02,1.220746209199997587e-02
8.844621074473835132e-05,5.854985733982469783e-06
3.356680955701821516e-04,8.568986641547685155e-05
8.897716214922987352e-03,1.285792877430914395e-02
1.035133936958908402e-01,1.193495547183035244e-01
9.138381286577329510e-02,8.880334637425259248e-02
3.396502133240782151e-02,2.284724845220681075e-02
5.079235394957714450e-02,7.467359840347630173e-02
2.309355472985338137e-02,2.297425324965349583e-02
1.450929109642723177e-03,4.684775878204956202e-03
7.934287262057594659e-02,8.359286405710543433e-02
5.928340167144619151e-03,1.925263548127843435e-03
1.523261853587766779e-01,1.385215949529044477e-01
1.033299405771296448e-01,9.367910129191453494e-02
1.188498762025803901e-01,1.095959032975862835e-01
4.411179072295693808e-05,5.679681645735023621e-04
5.855458855388059880e-02,7.560255303554613837e-02
1.728391937156545100e-01,1.692201863226411029e-01
2.222774353702653902e-02,1.991503663208566560e-02
1.535583070270859357e-02,2.271476377598539986e-02
1.852135451396888857e-02,2.755984501243213466e-02
4.464640193661064543e-02,4.200346887555185538e-02
9.497064587945970441e-05,8.524549266708239450e-04
1.323796946745476044e-01,1.213950707635573778e-01
1.258661168553869003e-01,1.305601829970997607e-01
1.870797929364175285e-02,1.931809584838086943e-02
2.647725223675358869e-02,2.244027066655930255e-02
1.097369570762760614e-02,1.284462168654718940e-02
7.660641704893730560e-04,2.702192440818453750e-03
8.242907882360953065e-02,9.554206314002296196e-02
2.462205667719116406e-03,3.309872224754062311e-03
2.275500886944773881e-03,3.265210412455810118e-03
8.774956653779159704e-03,8.617019690128308734e-03
2.894639824371335601e-01,2.706653434345476783e-01
2.512893977197621156e-02,2.910982697476197784e-02
1.133905318536730933e-01,1.106372952702451701e-01
4.321363953928393231e-01,4.082447373154211023e-01
1.562437745824951131e-02,1.375700601709629878e-02
6.886949175079905283e-02,5.044755191222592000e-02
7.222727666693680437e-02,7.874419789185717333e-02
2.960791329283924966e-01,2.619444631026290327e-01
1.815482826585348985e-01,1.652227087897802926e-01
3.334628483577325607e-04,6.007585864422977824e-03
4.397848400793472057e-01,4.621055747177126305e-01
1.709902292201248286e-01,1.728378206703353459e-01
4.005112789647399807e-02,3.062683738780553819e-02
8.327430314793592483e-03,1.204811346011671822e-02
1.088071359032328871e-02,1.089966974927764239e-02
3.631741751712814137e-05,4.038858263451454474e-06
8.992722703265450257e-02,9.474185983985083936e-02
4.487524835330564815e-03,7.293977187717703460e-03
2.405088194751558162e-01,2.444882759738175870e-01
1.251396066098984551e-02,7.413472543649640874e-03
1.226036297720473900e-01,1.392134407852789746e-01
6.445618728133553198e-04,2.819341875101477775e-03
5.698042065552328056e-04,2.970400477736013286e-03
7.061358413134426193e-02,7.882383462994775603e-02
5.474460295719060232e-01,5.553416465084669573e-01
1.565713979990633886e-01,1.603456036766821580e-01
5.889397852758589819e-02,5.228651813862480319e-02
2.455130962767423583e-02,1.888329431810243514e-02
5.466669582886644896e-02,6.228691124210206098e-02
1.497423450767011999e-01,1.493773865346013086e-01
6.847323388268958646e-04,8.119508774552927546e-04
2.618602912585212272e-01,2.347471822013819098e-01
1.028279191097002977e-02,1.594132426758526275e-02
7.206770569682661998e-02,7.104606963972173728e-02
5.511204872780711000e-03,3.672428040771280600e-03
8.036658438658852988e-02,7.522135649385895684e-02
1.244836915252201942e-01,1.190239917876610570e-01
6.962556344598204092e-03,1.151232954603821287e-02
6.390028348578872543e-05,2.343507234238789651e-04
8.021340374207984111e-03,1.145941652104759574e-02
7.443274078601890345e-03,1.189093814374270197e-02
2.959880780189451666e-01,2.725333934999727425e-01
1.685776501763833202e-02,1.467807945984010709e-02
2.084384262559793241e-04,6.757571944726772754e-05
2.189614073381318873e-02,2.399062651579618802e-02
1.078464711092236641e-03,6.336406385708263824e-05
4.192318997728706753e-01,4.441079870492377069e-01
1.369749134621623399e-01,1.295803063610829753e-01
6.314935001251373303e-02,7.909707404179724954e-02
4.224171739568074188e-04,5.114952465310209067e-04
3.021123474510483131e-01,3.333169806315601780e-01
1.487362578985575168e-01,1.420280249660011429e-01
1.017829245463491427e-04,5.332584507131297915e-04
1.184709664164781961e-02,6.208027492772050238e-03
8.181663418194005943e-02,1.144522075663296223e-01
2.869535302792208722e-03,9.123048183357433108e-04
5.187955942839070356e-02,6.473135674664723394e-02
1.452660029881337744e-01,1.369870375634169302e-01
4.256512266908488717e-01,3.455610567316851345e-01
1.367346466364053881e-01,1.135627306961691646e-01
6.198673136670319883e-02,5.430211295233810381e-02
7.564128179290399712e-02,1.086506065470725646e-01
1.829352449003045222e-01,1.468862580817797692e-01
2.038897082443490508e-02,2.407487693282475694e-02
3.555199601926936626e-02,4.202263964828927001e-02
2.373767540161429365e-02,2.037908505855761179e-02
2.877560621577844938e-02,3.273014651357668975e-02
2.526845323246933867e-02,2.100475644542912357e-02
1.004235285946196155e-01,8.197074885420650714e-02
5.800670545187667365e-02,6.912638580774602137e-02
6.084844203045023346e-03,5.496959853092240125e-03
5.018846968427326000e-05,1.857361249126978893e-03
1.561542580616603060e-01,1.616475178752919684e-01
5.681849643990323495e-02,6.457353577831986824e-02
3.407391517258495650e-02,3.454430099169862600e-02
5.003066477032047654e-01,5.247540275199814586e-01
9.433346987478257589e-04,6.767842514509416017e-04
1.088071979358688629e-01,1.109549946589610397e-01
1.235029751480356680e-01,1.271242719182156533e-01
4.851351972362157733e-02,5.612650496905680075e-02
6.645751604450142805e-03,2.395132072653911003e-03
3.531447832684129850e-05,9.284640514787714609e-05
4.960690845646151433e-03,4.704732125808817021e-03
3.125465696758374535e-04,3.292213695567888549e-04
2.392896497957416324e-01,2.503578790887476813e-01
2.850109598339847228e-01,2.785250220520122388e-01
1.543841679639811892e-01,1.532759649251103085e-01
1.880271384690321568e-01,1.688334541231895636e-01
6.101534640571811344e-05,8.685520037700974897e-04
2.512916035898603989e-02,2.962570480522489988e-02
6.031085822269485058e-02,7.400285445402660089e-02
8.239787932986376850e-02,7.878448404966161001e-02
1.841607093536563600e-01,1.844708745722473398e-01
8.466481274783606336e-04,2.752490911458036447e-03
3.414465482844629696e-01,3.609467430863141924e-01
2.187605464766856633e-01,2.387933079876123355e-01
1.300690712082210867e-03,1.364398369048939151e-03
6.322293142098124596e-02,4.739108190990326541e-02
5.903113682697688075e-03,6.757956560827437301e-03
6.903899960494350087e-04,9.161868569362460702e-04
1.862917727967383001e-04,8.664946164702624128e-04
4.132852530449773742e-03,2.977328007372797691e-03
2.069384294716011125e-02,3.453411928312099394e-02
1.879775803865323808e-02,2.693568333790043179e-02
9.827832372141979966e-02,9.417202007440687861e-02
2.899867606266230344e-02,3.726205760419328689e-02
1.110045897260946157e-01,1.118407942249066145e-01
5.135002326002047202e-02,4.802257517677016585e-02
6.398128949752458425e-03,7.228064509954180636e-03
5.399683457377007362e-02,4.307926552098682860e-02
1.044245481799825626e-01,1.159588235111340959e-01
1.572574906480794094e-02,9.926870990656436189e-03
2.197505929990323514e-01,2.123804444088863985e-01
7.363136961863213370e-02,6.356002710842101333e-02
8.532612633538649849e-02,5.975684162349841066e-02
2.236582684405973660e-04,5.523477773835518828e-03
7.032689867943587615e-03,1.329545597735116731e-03
4.370157233617599224e-01,4.979820049378658187e-01
8.917065069087409812e-02,1.023878075242281305e-01
1.453244781246844017e-02,2.830954341701040142e-02
9.338854286469359250e-03,1.014900345449755437e-02
1.845321472926291229e-01,1.532781278206436226e-01
4.266322309212462749e-02,3.696889265805965857e-02
1.135101341389807700e-01,1.398260724883743644e-01
1.179772376796894319e-02,9.451278531372404867e-03
1.800099830467963569e-01,2.099735876493333542e-01
8.069609547188724696e-02,6.517622089621842585e-02
1.108011852538861013e-03,2.029313594048379969e-03
5.718222291720029965e-02,8.196861415291387121e-02
8.033205982052094019e-03,9.063542194523811074e-03
6.098344991367027866e-03,4.052728745558791153e-03
6.950381475400241316e-02,6.570992049458058981e-02
6.783690937741355953e-02,5.695584663121961572e-02
2.040978716542741090e-03,1.595441648959170433e-03
1.853084002512844775e-02,1.894378878327718577e-02
7.195322240917619017e-02,7.873251571165451601e-02
2.310810884818894143e-02,2.360318006694053436e-02
4.405515921451408270e-04,1.280677788584748533e-06
7.089327392408392714e-02,4.495494965082361821e-02
3.593986995645040428e-01,3.119065542444292016e-01
8.749946444282412361e-02,8.572815852665284508e-02
5.112807267470967365e-02,4.559820865094409842e-02
3.788108650235367193e-06,4.897862306198400950e-05
2.541409207743674376e-02,2.886764370766962615e-02
3.083891672564717523e-01,2.733053928706522528e-01
4.393056971996153054e-02,4.053255638680363510e-02
3.163861565753922633e-02,4.372256225763405946e-02
4.882195143181949221e-02,7.794887996854120427e-02
9.535711583065417662e-02,1.046042562025555900e-01
4.421839038879511914e-03,5.756945856268427981e-03
2.817087049007710887e-03,4.223178009508304909e-03
1.264433371768378667e-01,1.433293149971102687e-01
4.643542052857608377e-02,4.102546892263020384e-02
7.926723692529943910e-02,7.089503096012934880e-02
2.352248833024839225e-02,2.569348640372567244e-02
1.384938326652739859e-01,1.106211937000701334e-01
6.305556225196580489e-02,7.247954123782732183e-02
2.808539113303595292e-01,2.708032419223578846e-01
6.730283654118077163e-02,7.098528042467056043e-02
1.178999352399987266e-01,1.109042257079637106e-01
5.358852841393237920e-01,5.005110564109975790e-01
1.639353121027004312e-01,1.196553878027922374e-01
2.938822790888077907e-03,4.353771698790594169e-03
2.293207106668858353e-01,2.452984405482920016e-01
1.727600071997346595e-02,2.875566693086303513e-02
3.528901747673576228e-01,3.240215081434066335e-01
4.493853573290732678e-02,4.809364215709433649e-02
1.234139954168319148e-01,1.491635862116061362e-01
4.903200166309188562e-02,6.204616872478302403e-02
3.804409796331150351e-04,2.295492021409409290e-04
3.457580589967651497e-01,3.349649758365877417e-01
3.445099984112122166e-03,2.929093157031840023e-03
8.196561898720968950e-03,1.511645142226390563e-02
4.770710023340512390e-02,5.123898268395008643e-02
1.792148497665848814e-02,2.576976152517265056e-02
1.763360560921655995e-01,2.075749164795354651e-01
3.307868818372697306e-01,3.325679150351113500e-01
1.226168375009477618e-01,1.273193059391522497e-01
1.628646501135107838e-01,1.979961528182938579e-01
2.724748026385956368e-01,2.543566372054200109e-01
1.627460140735114899e-02,2.531167527664518468e-02
4.412711465680668743e-01,4.084331552414480204e-01
1.800369617872992212e-01,2.003000032496329574e-01
1.838048727147119539e-03,3.545143805580923315e-03
4.231932136300767429e-03,3.709082249154104730e-03
1.425768338087312626e-01,1.311035871017658117e-01
3.763502563133813131e-05,1.152705805174859555e-04
4.231554391409942219e-04,7.093057979597554817e-04
1.097728789440205188e-01,7.454914987480884547e-02
2.993779188442536807e-02,3.271547201458368387e-02
3.661803440361194872e-01,3.918145407026810689e-01
1.539582473714781741e-02,1.940362320730230211e-02
2.008775695836517716e-02,2.795968839699019409e-02
1.501106554364134557e-03,5.899627757879238005e-06
3.076945652939937128e-03,1.380109175798636522e-03
5.039015768198715911e-02,4.670840466878512648e-02
4.653759154060296138e-02,6.107474422733807223e-02
8.945305345671282493e-02,7.969659908843802765e-02
1.183356087781103072e-01,1.148509183485380974e-01
1.760465010104613481e-01,1.859940586772607929e-01
9.650756068014570976e-02,9.777392999272120633e-02
2.068221634929047481e-01,2.374420199941870147e-01
3.349368605398936848e-03,2.355431787940614509e-03
1.854911861504368042e-01,1.752266329255000865e-01
2.291759664752907044e-01,2.468072864428461632e-01
3.159867715506416153e-02,3.341993845726423662e-02
9.971210807140565291e-02,1.156767013710879727e-01
2.032608156408733102e-01,1.909693488865508437e-01
4.855287762898124332e-02,3.616734859760526583e-02
1.559384086352571391e-03,8.284677617934761143e-04
3.692721504589947107e-02,4.067641344328825487e-02
1.084011417371894687e-01,1.222023309787404199e-01
2.143234271876292840e-01,2.298490909481311906e-01
6.037635944776200553e-02,4.099907538518062639e-02
1.859190541109656536e-01,1.949921690604845270e-01
1.590530657819256566e-01,1.781160197878510210e-01
4.618708503555585048e-04,5.938130823546082282e-05
5.094230209625488087e-02,5.748857177128551682e-02
8.091404706233157329e-02,7.843076014712029032e-02
1.919057488476249955e-04,1.690083670711289669e-03
4.317522004498403239e-03,2.071691339420195579e-03
1.710289251394198767e-02,1.442342148122787056e-02
7.762669381526203408e-08,8.812449209498032831e-04
9.305990816053871795e-02,8.095975296888219264e-02
5.759790959369240175e-03,3.193826452381913050e-03
3.546260293529113206e-02,3.915571956973487588e-02
3.835951303663358986e-02,3.665447280113013490e-02
2.575578337763197445e-01,2.728898730403929718e-01
2.247503198797035362e-01,2.301629814594530199e-01
1.372343678200381167e-01,1.397829953340319342e-01
1.132938392030414937e-01,1.188618186739124893e-01
1.474623777813573362e-04,1.992903515122547398e-04
2.273205942596026596e-02,1.659499739259055404e-02
1.247516667420901504e-01,1.439471584323691600e-01
2.476402382226242649e-01,2.745248226260765811e-01
3.158697270571135807e-01,3.633265710840382079e-01
1.520237674523249342e-04,7.067910364101472119e-05
1.932016159445640036e-01,2.106809684978944164e-01
2.294708347343827615e-01,3.054643791060527303e-01
1.376142096173570695e-01,1.307315457470275555e-01
1.575713962622520697e-02,1.284197502411767340e-02
2.904017046547296421e-01,3.070289009688167980e-01
1.241520576422651956e-01,1.233486232633395907e-01
7.111109425160958009e-02,5.262802199216004562e-02
7.022294708574487732e-02,7.291288671457574200e-02
1.906697358284682384e-02,1.613497317292312064e-02
9.754680782329577804e-02,7.698200012728113883e-02
1.319093092698102321e-01,1.320370343116683554e-01
5.479192851224245348e-02,3.933309384684677279e-02
1.631451769894998877e-02,9.789840800180561742e-03
1.285521086879310056e-02,1.751980727737358079e-02
3.662680754916586845e-01,3.799875174914935094e-01
1.116100851905238965e-02,1.139438035994431823e-02
3.264845613078709019e-01,3.428732560745708091e-01
6.014145363909456643e-03,3.927499739843521610e-03
4.637008947080974997e-01,4.772180982175880937e-01
1.649920991180234221e-05,1.680137958032132959e-03
3.667204918843115086e-02,2.385009195762514966e-02
3.464357506292791572e-02,2.274566010399640958e-02
7.532765012869800658e-02,8.674669792370406918e-02
2.763268228592067818e-02,3.091982371881941624e-02
1.194424840716783523e-02,2.460572910666161683e-02
1.365305275582789218e-02,9.299068268715408175e-03
5.219285536670403847e-02,4.418976681970843146e-02
4.524330513279823524e-02,5.040032276599025474e-02
1.757996448430573233e-01,1.851137533284237247e-01
9.442608734649277080e-02,8.847554435924046001e-02
4.280176623771773242e-02,5.014645614741587015e-02
8.969704588315489946e-02,8.235220831497862271e-02
2.036487145796613274e-01,2.321834848332079704e-01
4.786836551581292315e-02,3.951719226626278919e-02
4.195226810501175296e-01,4.263484304187663554e-01
3.328233774783235718e-03,7.008947079404814935e-03
2.222735013422072817e-02,2.888232433856460085e-02
3.847658401861317468e-02,4.120096554163288349e-02
1.730978029907202231e-01,1.800476269255986694e-01
4.634595459949098634e-02,4.445169554411617513e-02
2.464480298422585744e-02,3.556280826378193510e-02
7.070944793318710564e-02,7.100531190288013328e-02
4.383920372952629201e-03,4.792875139195943227e-03
4.945673108128809808e-02,4.221482562198985988e-02
2.910924657698151785e-01,2.685144331853482336e-01
3.679098481688656305e-04,1.955264247485946248e-04
4.279964665884631106e-03,8.010720084814605679e-03
5.163028397818354709e-02,5.607487337068332162e-02
6.404955194386416362e-02,5.748853136927171287e-02
5.102539356284427861e-03,9.847270646728890908e-03
1.895071723048566970e-01,1.842936195051196879e-01
9.536811251947540161e-03,9.663757919018578502e-03
1.689289496993085296e-02,2.635316846896859980e-02
2.112507061751662737e-02,3.734164856279298395e-02
7.342172143820469531e-03,6.145462704899202350e-03
1.325806701698292456e-01,1.184180114473258466e-01
1.875551814190738187e-01,2.051300993342145274e-01
1.500958770151259586e-02,2.461999036733890020e-02
3.761820381289602833e-01,3.627794095952112663e-01
1.424192692336694599e-01,1.421574328020614175e-01
1.048672979880675791e-03,2.183951125317126415e-03
4.714668717619431527e-04,4.052151990537348689e-03
3.858120572461429254e-01,4.097779557036744791e-01
2.420724380005681228e-02,2.929808169091344464e-02
1.467463442363689807e-01,1.570096503260200449e-01
6.907631123951452068e-02,5.283989404308341714e-02
8.590470978090488166e-03,1.336091861488737653e-02
3.519121936461330410e-03,5.022513697821415386e-03
9.006795838819803279e-02,8.630585956952188664e-02
1.398268582789441439e-01,1.201168095264267405e-01
5.866446552151875424e-03,2.264375253150597601e-03
1.639455503652280932e-01,1.951077597354793358e-01
1.076147673359044432e-01,1.179935078683748972e-01
2.230853370817644996e-02,2.234268900035187716e-02
1.575926298572908613e-01,1.584568709112881835e-01
2.229926492991482490e-02,1.408574813445653481e-02
3.860052913383504175e-02,2.639453951115832905e-02
2.600805551199972254e-01,2.344393962586332758e-01
1.884388743383441298e-02,1.525278888443083389e-02
1.252986780580221116e-01,1.277040360745218539e-01
1.637095819479657960e-02,7.275309796114262824e-03
2.116436446584934322e-02,2.489069915050324405e-02
3.246999844324126652e-03,6.953146972115376804e-04
1.324172703307881227e-01,1.438748011119540537e-01
2.724404758531612236e-01,2.766091767837690063e-01
5.977880982744846611e-02,6.175237976093595621e-02
7.829370018799367004e-02,7.716926731653379889e-02
1.568452651426317235e-01,1.508594851672427350e-01
3.193950698783244446e-01,3.204503154159303313e-01
6.093878967057286301e-03,1.521937307263525720e-03
5.727639108534599011e-02,7.011295901845172873e-02
6.960552376066578284e-02,5.090440921084060655e-02
1.221186969096704419e-02,1.822955446032896443e-02
3.451274422230692519e-03,1.383994876993747524e-03
5.976831335723206337e-03,3.486161212169970602e-03
2.423257263494280889e-01,2.665773675974708601e-01
4.835481066774217104e-04,3.391518491370129531e-03
6.694369873924672920e-02,4.470558433545770288e-02
4.009016585228467044e-02,3.649662713231845157e-02
2.410194297541030928e-01,2.692649179225269918e-01
2.944162687855316762e-01,3.026206349276830410e-01
9.519137191276239029e-01,9.773379542732110181e-01
1.653166871884987829e-02,2.350870494467906247e-02
1.652283967032596446e-01,1.799863780324779394e-01
5.684008103062338120e-03,1.734092520201022808e-02
1.947906593295534866e-02,1.965706233806384026e-02
3.894734950731041159e-03,1.155537475787800751e-03
7.535039296626293293e-02,9.471538352135921990e-02
1.313181820354594742e-01,1.255477394673056579e-01
2.123149445300452284e-03,1.407425259838462504e-03
6.065982660518935699e-02,5.926305335235614036e-02
1.795822046916041304e-01,1.686446180170468878e-01
6.462698005284671365e-02,4.339104858685047250e-02
3.744115458868876312e-01,3.473639302303855314e-01
3.945113262913032548e-01,4.043154244015927379e-01
3.824636715681288546e-02,3.958947462342372187e-02
1.088192077040676985e-03,7.668345826650357780e-04
5.661159631216077653e-02,5.561503133939882382e-02
1.217636404790617549e-01,1.312304172963386362e-01
1.923058015263821169e-02,2.839947477322245922e-02
2.179048599344142745e-01,2.289723800564550382e-01
3.396268435923803508e-02,3.164519068130512008e-02
5.770152402292212657e-02,6.655865835347726800e-02
1.889365754732873562e-02,2.499319695223707963e-02
6.316796924356647691e-02,5.467590574745615634e-02
6.510889862172102548e-03,6.525002845706974301e-03
1.581079832956641951e-01,1.358324030663999038e-01
4.146967661337202377e-02,5.082505968522654793e-02
5.762298244842282639e-06,1.167531262898930788e-03
7.975177413101446067e-02,7.280086288464776567e-02
4.793111035324312263e-01,5.314549097555862911e-01
1.834994833550571691e-01,2.167172865771938295e-01
1.468793019905018961e-03,2.994359421001087832e-05
1.219296564700325484e-02,9.013603065763178129e-03
2.710988271987419679e-02,2.367518480451665311e-02
4.287256402408393639e-03,3.019332473923443897e-03
8.002661432940538777e-03,1.746400744378867262e-02
1.262123910489687355e-02,1.375461063655187069e-02
5.031694419098693694e-02,4.895628793389139588e-02
3.459991708674159394e-02,4.701773004561037722e-02
2.265759559553204554e-03,4.334660960559797230e-03
7.993392130623114267e-02,6.330941680603104083e-02
1.691669268516521329e-01,1.984002473704328251e-01
6.041940055283426814e-01,6.345168754076422335e-01
4.311700193448950863e-02,3.611102929479967361e-02
5.889042483447491823e-03,8.366949314799226878e-03
1.782140036638672417e-02,2.209208590000041189e-02
2.271971894484231275e-03,2.114459160881643034e-03
1.018148798504542318e-01,9.037710653958168361e-02
3.748787953104629461e-03,2.432595261464697619e-03
1.520033067693630493e-03,4.777827512971950840e-04
8.892058427725078873e-02,9.419553059785523708e-02
8.224912358751979014e-02,5.824172403455794844e-02
1.171444109071210216e-01,1.094377996173159784e-01
5.991646487246429231e-01,6.246848873502655053e-01
2.823484407765662896e-01,3.124371300173900967e-01
9.040038652131817676e-01,8.900174826703545206e-01
3.320803476778474549e-04,4.423077643239970569e-05
5.356533588025441661e-02,4.004408989240858946e-02
1.227855543155068096e-04,2.096068738829092934e-03
5.616512018842576698e-02,4.941795176170409032e-02
1.098824329417353585e-01,1.065510597247918689e-01
4.645056136407946235e-02,3.241813130657954234e-02
1.490571984687139306e-01,1.377953567128779588e-01
8.497506505471942584e-02,7.902720431634643883e-02
1.531066296641112046e-02,1.603918932892333185e-02
7.964664423069095500e-02,7.026445866420776010e-02
1.988869570926713945e-02,1.695672681684716118e-02
9.042038131318061098e-03,4.135146772448335464e-03
2.070736337542522787e-01,1.932573299977367876e-01
2.439419806475138716e-02,1.666757158343014009e-02
4.219236230155976215e-03,1.549169200725488077e-03
4.038894740784126913e-02,4.141219305707387333e-02
5.790445020776601587e-02,6.731560354383062106e-02
3.688405993476688138e-03,2.529755452476837967e-03
7.215516298380969529e-02,5.502597792726408865e-02
3.649064496363584320e-01,3.600484946361152128e-01
1.852329997325643796e-01,1.857508215030558574e-01
7.484536348800350236e-01,7.127362154779635084e-01
5.653370415462787880e-03,1.107467795335248875e-02
3.909171578044410428e-02,3.617859477898049958e-02
2.355532985363836540e-01,2.492109530466674050e-01
1.649143440704235741e-01,1.278317102603826749e-01
2.982562789891048949e-01,3.194227056982257840e-01
8.092089342779544558e-03,1.426181969624378335e-02
1.227400553706059147e-02,6.151987073375283534e-03
5.207854473051268772e-03,5.446236698798634542e-03
8.836712973228673385e-02,8.983221320963949430e-02
9.706054276883849252e-02,8.765111677184429795e-02
6.505278953493200123e-02,8.461229203773774910e-02
9.197936029149264558e-02,1.056747962006739233e-01
2.825724302807524225e-03,1.963155421071213769e-03
5.584546087333257247e-02,5.775580105754982846e-02
2.551813755974216003e-01,2.539990598116901310e-01
1.398825214728917909e-01,1.530680685885922321e-01
4.658677115480324262e-04,1.069854660954899818e-06
1.336425139852098895e-03,3.656201411763298353e-04
2.562413024062423425e-03,1.160647149760918729e-04
1.223443110477799578e-02,9.253078174566796432e-03
6.640279632797094211e-02,7.443025728279262232e-02
1.430707124570717052e-03,7.627912037738313273e-04
7.197548436630328908e-03,8.528886274967598449e-03
6.933262634276339716e-03,1.207841103874436779e-02
3.001940208655187181e-01,2.812789597506006878e-01
1.768161008913680249e-02,1.354127132930961139e-02
1.104800997637866017e-01,1.220080665798370101e-01
6.015234092378610176e-02,5.189598122543497005e-02
1.456222954286416280e-02,1.291325071868568847e-02
5.575637911306405986e-02,5.249542574129231060e-02
9.386086203524738811e-03,1.326347395521420940e-02
8.972379474393966936e-02,8.712133727666314387e-02
3.030559993834887333e-02,3.867562631627570469e-02
5.250225070914282116e-03,5.560628899459608109e-03
1.855716159110838313e-03,1.911409677359314236e-03
1.205683973952962201e-01,1.192573437857916696e-01
8.092464308841522402e-02,8.754178736554288354e-02
9.808980593901435452e-02,1.084734303990053522e-01
6.100302225747231133e-02,6.354512526904525227e-02
1.027687015697637957e-01,1.097200437984851007e-01
2.369359541589219353e-02,1.979893138343603864e-02
9.943998614961263235e-03,2.020623744949753484e-02
8.921569547360438945e-02,7.747153304469331370e-02
7.232004291991211975e-02,8.987720930001635855e-02
2.476841271090288871e-02,2.043776767278035131e-02
5.650565379843020507e-03,4.314335677931606557e-03
5.869284433079268587e-02,5.337941403638484655e-02
7.248393248463673444e-02,6.410826063347384307e-02
4.162004582243920003e-01,3.945193375588226803e-01
5.801272685181877060e-03,5.860129285877015148e-03
1.417195949615985273e-01,1.357613530656221756e-01
1.921988007164795176e-01,1.931258230907383910e-01
1.298017375801644585e-02,1.229152767797924220e-02
4.831400043007612333e-02,4.265138258331274690e-02
7.143970796431357850e-02,8.098270110396577071e-02
7.108128281364056722e-02,6.965425332283688153e-02
1.775424351871040043e-02,9.281062820300875482e-03
7.814766137343967696e-04,1.878662548360028736e-03
4.273778264367825153e-03,2.734359742242604193e-03
1.083154084261395297e-04,4.164499860166439270e-04
2.595553419281608210e-01,2.759836290805029457e-01
6.346819309411269594e-02,4.215210258627759277e-02
5.335943194435493857e-04,4.286546494125319890e-05
1.020933955694299303e-02,1.252561893993375461e-02
2.309954102156327183e-01,2.198017908264252862e-01
7.982003451546855347e-04,8.333323070839610122e-04
8.594690866927545692e-02,8.798998254914154604e-02
2.908716001702449927e-01,2.561190963807586929e-01
1.852351867482194755e-02,1.643585457463420108e-02
2.044134228345209983e-02,1.550864424076045002e-02
5.076195458900359392e-02,6.216231809220051224e-02
4.836234743736558261e-01,4.997711810443244418e-01
2.536609608123509968e-02,2.755666155261755901e-02
1.016910221963464173e-01,1.150589631534689600e-01
1.057061940199779670e-01,8.165654418674547776e-02
3.260972049414355423e-03,2.046378073220945105e-03
1.380428172098220260e-02,1.173312873168222414e-02
8.633855335940551767e-02,8.647869421748413665e-02
4.088859904300055329e-04,6.843334227306771729e-05
4.996149931233546670e-01,4.807634941500160686e-01
1.792518937123045442e-01,1.569493782382993530e-01
9.804411825580477968e-03,7.691764774553502305e-03
2.804328950643308338e-01,2.783201579587210039e-01
2.064221425311180830e-02,2.246295427864132555e-02
5.460151684201195593e-02,6.172829125223899122e-02
4.102936017809169500e-02,5.410013339841499708e-02
9.335553069084290929e-04,3.105334742005269659e-05
7.182251986476129689e-04,1.354661672350120361e-05
4.211285827204785948e-02,5.589426866973318253e-02
6.439854798146413262e-02,5.688819070775009978e-02
3.716105530475020124e-01,4.059046445537639047e-01
9.497118287267490577e-02,9.468765467220857657e-02
2.714402131994502441e-03,6.154006711137693063e-03
1.322634562727406649e-01,1.337688553786774981e-01
3.273016443778158091e-02,3.775317860985352020e-02
3.562078451871697471e-02,3.546096157500924773e-02
2.008471534253851165e-01,1.679379920999277132e-01
5.451387142491161825e-02,8.677496301121129241e-02
1.221241729419021982e-01,1.329291884348425545e-01
7.130692864851345680e-02,7.388561686962799580e-02
1.904601569935869890e-02,2.012006594111166377e-02
3.281671999694652474e-03,2.819867692872293167e-03
3.557345608145727478e-02,3.577368408700180857e-02
7.698041243685392609e-02,9.857305861586998508e-02
4.868128904170179044e-03,3.968969053745243641e-03
2.940598477919211667e-02,3.076797232154108303e-02
1.785308324393086177e-01,1.473408334865443092e-01
1.941040449300598459e-03,6.498237635208192926e-03
2.184421169452974432e-01,2.333449931285115631e-01
1.236270886987140410e-02,1.940957585908446859e-02
1.769617548894394932e-01,1.808553035940405618e-01
3.638934793091115338e-01,3.487567624038582781e-01
1.735739711653517398e-02,2.360677860559148508e-02
1.108180299115458789e-01,1.153772187823601109e-01
3.784630137025826041e-02,4.706897381959823656e-02
4.872128804972835070e-01,5.189023013032143528e-01
2.779573394589423402e-02,2.257027012514466885e-02
2.050703539455716873e-01,2.034680978897712156e-01
3.548366073584514830e-06,5.063693370805793809e-04
1.188091094760481380e-02,1.035596885140439675e-02
1.913913315594516218e-01,2.381854829690904507e-01
2.682344816701210527e-02,3.050211467759953929e-02
4.541964179052914753e-03,3.740316731943544876e-03
2.958722511923115792e-02,1.411282389944865968e-02
3.270872782665380785e-02,3.309233696334511893e-02
8.794243854572487973e-02,9.295559251967656922e-02
1.017598121112288506e-01,9.814697429393717809e-02
3.873576935715271341e-02,4.884253466822839618e-02
6.845557053483050658e-02,5.376956275421732739e-02
1.354830807747828096e-02,1.791676608142780958e-02
2.715611663040356366e-02,3.176820590320850873e-02
6.962127967522399249e-03,5.151056739669459573e-03
1.048138021087169011e-03,8.013338567689284745e-04
1.371849269105514801e-01,1.241197439416529963e-01
2.652494380904769217e-02,3.814021120024999739e-02
6.200573348851163846e-01,6.457733448438003343e-01
5.278175798845720877e-04,1.536131428820154934e-08
4.082594438529216219e-02,3.256849479735299258e-02
1.270111975265792448e-01,1.239481628445615741e-01
8.122310442232862082e-02,7.505458608088899641e-02
9.791028548587567271e-02,1.019492806266731888e-01
1.370595083551217064e-01,1.565226404960466944e-01
5.767313660543550713e-02,6.889318961246652939e-02
8.513740776050306158e-02,8.353869588396542478e-02
4.124228452581501364e-02,4.590852756022904824e-02
4.896297206344785713e-01,4.892559635857315903e-01
1.825347942546163074e-02,1.794585358822128537e-02
1.701799684635472709e-01,1.637270823484733018e-01
4.663882327584096266e-01,4.120364656469134856e-01
2.264625807172231109e-01,2.030146419597979868e-01
5.918528420169234805e-02,5.884916649297026320e-02
1.379411372788874601e-02,1.139187338567313953e-02
1.036006836536606732e-02,1.041112921868189538e-02
9.894458128768873761e-02,1.163038575512956585e-01
2.118710739186368142e-03,8.601598231522978319e-04
3.404209054967446968e-02,2.795291392863254870e-02
1.171535707915655339e-01,1.215069239222083403e-01
1.384246079187672618e-01,1.409101332101569126e-01
3.060590438060409313e-02,2.675386240623925382e-02
1.632411534714453827e-01,1.682876954620839416e-01
6.314633361677111922e-03,1.239539028785408524e-02
2.005414608067099605e-02,2.159150178210359969e-02
1.297530381895253271e-01,1.260199370463749580e-01
2.769895694786020181e-05,3.233873889399750011e-07
2.811100083771576885e-04,1.530141667904640448e-04
2.513516556134363089e-01,2.567262391010742273e-01
7.555514427758702745e-02,7.449018969725061667e-02
3.686875336164929795e-01,3.594697808577556053e-01
1.317548623308375799e-01,1.507124261557650780e-01
8.801789101326205206e-03,5.705699339326087034e-03
1.108963365110216537e-01,1.050698801699874452e-01
7.681697927328549370e-03,8.324450009120744690e-03
7.994843698257941833e-02,8.518406539095858820e-02
7.990067353015554291e-03,1.368054188937056770e-02
2.813032619696858583e-01,2.603079683316465998e-01
5.095995695387910834e-02,5.721897843570440678e-02
2.198136976857457958e-01,2.604232354083018675e-01
4.360641151530877252e-02,3.966861236608407171e-02
9.132729713552409020e-03,1.020440083656205983e-02
3.597600372553209080e-01,4.023477987535821199e-01
1.393098984187725320e-01,1.327914504257168282e-01
6.008730686363442097e-02,5.227690744428620945e-02
5.515002199184712572e-02,3.219620399138400924e-02
2.933150079796309484e-02,2.511560555853268803e-02
2.429269722443316848e-02,2.954020848070969610e-02
2.435070634591623290e-02,2.243804033783545690e-02
2.221745152093673736e-02,2.346099095087217368e-02
2.605082572351641867e-01,2.267837217566395780e-01
3.136304985199973860e-02,2.634938470647374062e-02
1.499481134732385257e-01,1.327489243786541262e-01
9.073559078791969615e-03,1.416504086324168500e-02
1.537928836838882152e-01,1.687649735972108489e-01
1.443325631321052370e-02,1.654454714299414403e-02
6.112035018479843040e-02,6.128615507568129644e-02
4.876809607185859929e-03,5.457206277742629279e-03
4.832959960979028857e-02,5.006536509556998998e-02
3.657703433729862785e-02,4.634028134391979942e-02
1.198149075206628444e-01,1.183017358664539831e-01
1.265111381471451246e-01,1.227569639482201103e-01
1.201509588672338737e-02,9.447864279832468223e-03
8.965041845601139092e-02,1.014515377620912595e-01
1.436058045756325938e-02,1.712750980847765891e-02
1.080589371887916497e-02,6.319952179383581115e-03
1.147974053173589186e-02,1.096074156685770788e-02
5.605189014669304665e-02,5.558248204227349276e-02
4.588837735609945234e-01,4.450884665288049047e-01
3.113447029701900751e-02,2.754017759413719332e-02
4.894829609627007055e-02,5.038335688449463445e-02
2.693881612660983804e-02,2.805505218020801564e-02
1.987342446946237240e-02,2.770401672227559842e-02
1.029746031957993191e-01,1.067967012395195647e-01
2.196789442579632438e-03,3.149080636230102087e-04
1.503728002002239494e-01,1.574810594083689008e-01
2.793004239342651573e-02,3.083149856743054584e-02
2.848263297795326429e-02,3.602281115340390250e-02
1.131344920816767241e-01,1.123807128912069075e-01
6.849825008018382844e-02,6.429786654378549793e-02
5.418992807408244683e-02,7.026700585542450250e-02
2.041931169469222811e-04,1.289558147846262036e-03
8.017084495400472743e-02,1.000084332681710209e-01
8.479148032360123849e-03,7.752671425308232250e-03
1.629629515333764697e-02,2.694809814076786630e-02
2.237021631749214201e-03,8.858434804205311385e-04
1.460518900760427452e-01,1.286775268346384005e-01
7.589898553417679938e-01,7.722008382331527754e-01
8.625329683265917646e-01,8.193697004978024445e-01
6.958389698141892454e-02,7.194681714338788114e-02
1.645393813907229941e-01,1.634518958793196031e-01
1.677800291642302100e-02,1.817162344103673277e-02
7.565973076324048786e-03,5.808776961264638938e-03
4.254879753074899268e-02,2.999963476368155621e-02
5.712291300951717089e-03,2.634920982975923979e-03
1.663988873754710662e-01,1.731014445383782241e-01
2.617274617055216912e-01,2.613960243278827256e-01
5.487328551891978295e-02,6.314237650473410179e-02
9.866804091926993647e-03,1.058553612471280388e-02
1.337992754562955522e-01,1.492944972222358391e-01
5.529097014976453199e-04,2.972013442100513269e-05
2.430782463883196520e-02,3.712632281161813708e-02
4.662093920086520654e-02,5.150500841876105157e-02
3.252866176505104789e-01,3.252686176764858494e-01
1.003207749296621265e-01,1.044668736002098419e-01
3.535588673392385806e-01,3.934119516835892783e-01
5.778500951552394127e-02,5.605358230682658260e-02
1.235195379662621384e-01,1.311800333922030770e-01
5.998257829840831362e-02,7.227612679247572003e-02
2.075140841776484391e-01,2.376220414524612967e-01
1.593350271128873841e-01,1.495497126407518695e-01
8.049192215396088271e-03,3.504601469527957730e-03
7.339329663632737644e-02,4.963950901903559088e-02
3.222773456833648298e-02,2.968767739907834935e-02
6.211258794408962324e-04,9.960888264249068418e-05
4.771583200034054673e-02,5.062222040159397585e-02
9.056867211809226104e-02,1.077984746949533362e-01
6.955670874546385218e-02,6.743746915310334933e-02
1.665545451801282717e-02,2.070688961476436357e-02
1.917584125529216699e-01,2.055189038508638544e-01
1.594238267596366932e-03,4.257418105848792197e-03
6.002662516393895281e-03,5.125867527845939797e-03
1.118748528299899486e-01,1.183921581592420197e-01
8.013465332778754724e-02,7.280088403441900557e-02
1.170674948720540343e-01,7.551401934096804713e-02
5.928757615977500554e-03,7.695299969926907950e-03
7.601908106031288886e-03,9.038132009555522109e-03
6.070887199879876177e-03,6.901730026316632051e-03
7.171759519243284253e-02,5.780108167423211873e-02
3.960697043836539435e-03,5.143091347658816474e-03
1.893281150548635772e-01,1.729299447503308829e-01
2.269167123995865717e-02,1.719600216390855529e-02
1.424744310675750969e-01,1.389924851545324413e-01
8.236073579669513089e-02,9.258931366308775779e-02
9.930459164577440379e-02,9.774913341544723411e-02
3.614700864750218252e-03,1.418054519771998851e-03
1.130410256478530800e-01,9.536905659836662774e-02
7.154703852338833991e-02,7.413548165978894877e-02
2.953241891565765165e-02,2.491618798704818907e-02
3.461159135092426180e-04,8.981894933988672025e-04
9.015085435247113255e-01,8.738951898295588272e-01
4.848959128216464437e-02,4.737818281962580258e-02
3.610178810853016673e-02,3.330525554542576594e-02
3.196788855133714247e-01,3.817595555300758448e-01
1.302129115325093012e-01,1.265298723802760761e-01
7.610942398473903060e-03,7.066262115318294214e-03
9.231973895733219457e-03,2.049932551259309437e-03
1.060744146286266287e-01,1.237229991884912922e-01
5.079032205463880102e-03,2.113961525469357401e-03
5.779862149245286462e-02,6.335288468771632653e-02
5.204795043672837129e-02,4.300631173848365463e-02
5.440471913963558226e-01,5.808474892632566888e-01
2.124143716346460486e-01,2.360131001136053785e-01
9.164534909746731295e-02,1.038341574092145753e-01
1.888430049691419352e-02,2.412989807980888898e-02
4.462933852270921029e-03,2.183898814960079111e-03
3.297149998572859904e-03,1.689227177415500219e-03
2.881212755817344484e-01,2.626101772879048113e-01
3.694013864411467563e-02,5.788152409261518999e-02
5.530614688490777253e-02,6.845562391405278502e-02
7.215578858705248670e-03,2.386746766413724071e-03
5.706386029952912470e-02,6.574728964725676250e-02
3.917898868910738019e-01,4.154307676509327307e-01
1.329592689073734978e-02,1.538983971057941019e-02
2.288908417253389393e-02,2.306569856024622001e-02
2.086803296095891130e-02,2.119243871549625693e-02
7.927403224055508055e-03,1.325305510799700166e-02
3.502526914074870906e-02,2.791423194036424943e-02
5.843308409628141659e-02,6.316967918233813706e-02
3.278426976024457762e-01,3.460885313297918375e-01
5.921859380199050865e-02,5.541565695645447875e-02
8.767465003642481436e-02,1.132875093200333971e-01
3.932457004707398673e-01,3.714903989822936903e-01
8.239532796795200065e-02,9.929452638591304559e-02
3.793651356523485636e-04,2.468858504707421245e-03
2.900422674565861225e-02,2.775762190815497452e-02
1.719767938052554346e-01,1.522999499914798327e-01
1.655257676888206853e-02,1.634912954767718182e-02
3.206746487496453535e-05,2.204394851709327884e-04
4.628800823653568819e-01,4.472239900944265933e-01
1.225913847665141033e-02,1.063417277717795123e-02
1.059197497813742506e-01,8.755551475612324830e-02
3.707452552722367817e-05,7.499203665286617293e-07
5.419464306863269742e-03,1.077307868693433424e-02
1.010590516470878525e-01,1.096263590887066319e-01
3.516082602685796643e-02,3.641763094193297551e-02
3.944214533133582018e-04,3.387248886604449401e-03
1.442486674049942574e-01,1.511417126746121553e-01
6.372368880100805211e-02,5.722425934078971543e-02
2.600922288462222121e-02,4.013805599015260461e-02
5.174427935921857916e-03,4.341443374192267834e-03
1.217564162426245690e-02,8.499420105938057524e-03
1.090728081002653588e-01,1.458622191494519660e-01
4.051515366946051300e-02,4.398443120945164098e-02
2.102249776672410891e-02,2.184043257926557985e-02
8.227741608728514344e-02,8.847999127520345120e-02
1.031601219001480191e-01,1.424575140530969786e-01
1.785936347204172547e-01,1.658699043947479967e-01
1.207226527420463685e-01,1.395007430687404681e-01
9.023199319665793638e-02,8.320823796712133180e-02
1.999100064998127722e-03,1.935655621486771652e-03
3.876430948985033070e-02,6.037188097716158358e-02
3.448693887190741516e-03,6.026774631898470548e-03
1.309949455015675113e-01,1.231619002634302545e-01
7.497444685788384744e-02,6.855231901780141357e-02
1.023608999493854678e-02,6.223486255521842696e-03
3.555311980570077801e-01,3.167732512451067461e-01
1.291475225450973707e-01,1.477346921360060128e-01
5.158564982801897708e-02,4.812612838419440264e-02
6.536739856326711975e-04,1.507557828768055349e-03
1.597375778162010151e-01,1.614495939223140331e-01
1.139640107097859012e-01,1.152972801856351898e-01
9.104281507624721603e-02,9.289172317618901720e-02
9.496487071551444614e-02,9.066783043196675884e-02
1.231992186800072095e-02,1.233181158176942759e-02
1.667275158300512636e-02,8.232039887350143040e-03
9.296536349464473714e-02,1.028512098286283871e-01
3.785389054642681120e-03,2.958364286995132306e-03
1.425235796521486854e-04,1.871571980253336010e-03
3.239166128001905176e-01,2.964002408176744097e-01
3.125489264148516577e-01,2.995237628644737971e-01
8.935779179826472754e-03,1.018635481152412731e-02
1.668663290179384917e-01,1.708175827489983312e-01
1.962494837647749471e-02,1.885105287060384605e-02
3.822023101451413885e-01,4.405498743045173637e-01
2.837864976313413945e-01,2.977252795700197074e-01
1.618926383468584085e-01,1.619105102786750350e-01
1.352668057099233254e-02,7.222145444570866359e-03
2.719305315235596293e-02,3.343705783717549479e-02
6.530774119271969512e-04,1.115398161519389906e-04
8.185697388147171460e-02,9.819323573952311313e-02
1.468335961149999369e-01,1.594641392610978980e-01
5.173854285012305376e-02,4.537253529423608545e-02
1.122759891075000502e-02,1.754905149236571718e-02
1.171704213802008407e-03,4.490925545001440457e-03
9.349353664562530530e-02,8.247077976681423117e-02
2.199667500240268941e-02,1.915378428338105482e-02
1.765608667362839578e-03,2.448118237300428001e-03
1.956550203893771614e-02,2.361873352730713832e-02
1.392335113608099972e-01,1.383196311451682092e-01
8.998013206210239007e-03,8.996916750311409125e-03
5.218440581205227580e-02,4.572307254576597063e-02
1.283477101921587024e-02,1.281579701776581863e-02
1.282742722092876549e-02,1.053921536580120465e-02
5.639326528013216293e-07,8.597633587002924925e-04
2.061329156358943093e-02,3.054294762817444386e-02
2.717954798060546739e-01,3.063856741115932314e-01
5.017454710683051655e-02,4.854060919424569437e-02
5.088543669800314750e-02,6.078758441661327033e-02
1.421752528744878001e-02,1.491534358437469725e-02
5.007996838584558019e-02,6.796378641019801270e-02
1.643662493994743901e-01,1.467917797136967517e-01
2.132740045506975601e-02,1.690557761911412951e-02
1.007996195468299251e-03,4.104724298288620066e-04
8.894527853951314121e-04,1.384049322331913191e-05
2.312093454246631763e-01,2.367801098486203015e-01
6.066025648683394389e-02,4.752186369254805809e-02
4.851541741013092914e-03,1.501243274294567290e-02
4.873469543237902643e-03,4.514315507632041952e-03
4.334832985180876383e-03,7.006682354285219405e-03
1.391820191990146005e-01,1.541081287166072289e-01
7.729822771251260161e-02,6.153289846370960103e-02
2.611090737302660184e-02,1.803986918830367825e-02
1.219314279133665024e-01,1.310632213002270174e-01
3.782559921450578955e-01,3.607586262155685342e-01
8.669320725051693488e-02,6.909949682287143402e-02
3.404088351499963416e-02,3.200754521792481544e-02
2.621731844530690581e-03,8.814836180784281364e-04
1.208838949850706609e-03,7.452142081585628260e-05
1.636732587510587172e-02,1.457843779940051591e-02
1.606400453424283448e-01,1.932866049280527465e-01
9.543176655025143937e-03,1.608027762511827358e-02
2.422647889679398897e-02,4.450996727444795492e-02
6.852288152006874578e-02,5.270199103137580138e-02
1.617959267156021024e-04,4.763055152246727276e-05
7.444080548409963416e-02,6.656311511225486421e-02
5.812371466236542633e-02,4.115569357532147116e-02
6.263243647526745006e-01,6.448597354434094653e-01
2.280024067436141888e-01,2.534351145433141883e-01
2.909226653636457494e-01,2.600305147567484321e-01
2.225076371746678369e-02,2.553500502101568176e-02
1.724365340730899324e-02,2.800017068975172579e-02
6.086286633479796038e-01,5.918172456729495767e-01
3.665860986150333845e-01,3.566917897112677482e-01
3.269634917234533478e-01,2.993918497705915782e-01
1.994460134540815277e-01,2.156541678050339084e-01
1.849472007420807640e-01,1.711502451632259114e-01
1.695728080773007962e-01,1.849281730146389024e-01
1.847491454682085865e-01,1.802602026224083276e-01
1.874825385881930678e-02,1.633892874274156179e-02
1.024672178753599158e-02,4.048791216294928517e-03
2.085583066977642411e-02,1.350360374317271725e-02
9.064858836340070405e-03,1.604207041745649848e-02
5.460389948762132267e-02,4.419179141436555686e-02
1.027227507660745907e-02,1.011438277169686081e-02
4.392970994364833043e-03,3.177486031572965795e-03
4.805143197863517152e-02,4.799140487335377958e-02
1.057685125730183908e-03,1.106036165957873657e-03
1.995128654585391138e-04,4.172928526385249852e-04
4.178783814086198777e-03,2.603554124544066144e-03
7.450360453145481177e-02,8.503105945153610623e-02
7.069910199874862577e-02,6.815267565110319503e-02
2.947540052527574967e-03,4.499375801923727845e-03
6.949442621826047717e-02,6.338633996747995714e-02
9.473208650154808785e-02,8.631793290388378725e-02
4.306472729511939129e-02,4.651469321299016996e-02
8.847049018997884054e-04,2.447688987687240210e-04
2.626210180058044345e-03,5.385397287881280547e-03
4.966672936566069591e-02,4.113360305871249789e-02
1.144876743602261659e-01,1.064490124392330067e-01
6.067154363601121730e-02,6.513403535330983263e-02
4.822213611906968345e-02,3.339040258301023689e-02
5.135982568950052396e-02,5.846758205459738622e-02
5.325132226182725109e-02,4.309859652374471023e-02
3.068660936493961336e-02,3.381406218284074838e-02
8.868208537806896927e-03,1.629396202917469602e-02
2.549735246230509962e-03,5.605040493806769282e-04
4.200266560121947330e-03,1.006379199909874199e-02
3.193619796901712715e-01,3.168284489006994442e-01
5.118908503819766809e-01,4.524912057481925709e-01
1.232199843905937807e-02,7.148533712985946642e-03
4.558719791093929913e-02,6.445736126588842707e-02
8.015025915853653260e-02,8.119367079784312047e-02
1.965243714952800286e-02,2.397856849848783653e-02
6.924692003854991673e-02,7.341544531671290175e-02
3.466053416404343140e-02,3.842076435553020558e-02
1.513954366994255986e-02,1.241156768880943145e-02
5.999803273705452827e-02,7.138520580437024421e-02
2.078366372503943349e-01,2.412567446757022394e-01
1.968562107464039493e-02,1.310958350987121226e-02
8.818067902924778961e-03,5.502663978062830898e-03
2.870070251089304816e-02,3.425871845085286249e-02
2.491898264655141582e-01,2.239842458695363858e-01
9.196973199021966656e-04,2.090196031034688168e-04
4.885690370490910345e-02,5.148555083841352409e-02
4.554126841116951790e-02,4.239586288999769997e-02
1.010772323803320882e-01,9.947856080512153254e-02
7.470054427056813107e-02,8.282128699631309543e-02
5.882738364890276184e-02,6.139535524910074565e-02
1.915003340066202264e-01,2.407522320908261904e-01
5.638624359528073698e-02,6.325053497452116924e-02
1.180674937119580332e-02,1.518030714238489606e-02
2.554027822471616749e-01,2.283887135840718119e-01
1.266378480265593631e-01,1.135395275044168845e-01
6.434419977881143335e-05,1.803937891184239785e-05
2.948655817466283025e-01,3.059846471746081598e-01
1.044837852846998011e-01,1.445075127925361524e-01
1.278379198694224450e-01,9.359570549449285071e-02
1.284676433736551548e-01,1.244366891126367503e-01
1.407970079011153502e-04,5.334166731509765733e-04
4.648404998459038096e-02,6.254819109272152788e-02
2.389137225201189672e-03,5.566143568813079930e-03
6.304160171259583223e-02,4.750377600817071166e-02
2.384293149339032913e-01,2.193734279057187597e-01
1.777185632348360876e-03,2.867847770690195447e-03
9.528617601073499426e-05,6.455281538834400381e-05
1.216585474112529680e-01,1.060288986122671362e-01
1.602227603913396626e-03,1.669905875827354825e-03
3.727656774252151306e-02,4.145772838442789154e-02
1.057473747119995998e-02,8.602320803532530549e-03
7.586016694559041817e-02,6.919575023056816210e-02
5.446562350563896766e-03,5.546167642397963234e-03
1.045282993840351143e-01,8.717724105753330011e-02
2.868674320168878439e-02,2.577540204073146268e-02
4.425724056694266273e-02,4.073346002074455102e-02
4.723931098178124621e-02,4.515483189859583607e-02
1.721334209135570725e-02,1.665933264710151365e-02
2.895097159180518714e-02,2.248160990366327924e-02
1.169076184621986175e-01,1.121961447473962814e-01
1.258607223728386640e-02,1.996688299767584648e-02
5.436650716557073562e-03,4.897161267475969677e-04
1.867035147066265161e-03,2.317803542684000392e-03
6.130869947806374398e-01,5.753376474811696673e-01
3.014739582839883261e-02,3.830001285298367114e-02
5.901523852300563124e-03,9.408008098612872031e-03
1.584607126009841263e-03,5.589637109399966247e-03
1.491751455307239148e-02,1.461628219040505931e-02
2.010768358063701189e-02,1.735422101107310724e-02
1.469549823320264348e-04,1.812631833494671217e-04
3.149387585972985293e-01,3.140985506040936404e-01
8.213260514365350665e-03,1.141097368059991761e-03
1.276921123967626748e-01,1.480405818741112045e-01
1.313991157132353427e-01,1.347048949648189109e-01
9.103264134679775466e-02,1.084150675014693976e-01
4.089753164970222343e-02,4.560387665534360729e-02
4.063384054051518562e-02,4.233972354916718667e-02
3.965121746923081815e-03,6.781743229525166901e-03
1.515181181567015201e-01,1.201627331692259604e-01
5.875991341505384241e-02,4.155527826762607513e-02
1.644205623421239040e-04,5.141155201689567427e-06
2.664652874444492937e-03,4.627698798612905375e-03
3.601328052941021136e-04,2.753602660963603253e-03
1.598875762841222431e-02,9.254532304135407172e-03
6.961336035768280958e-04,1.087028117592827702e-03
5.255694303432684872e-02,3.890190263420337247e-02
3.105304909414587176e-03,4.162328096720167327e-03
9.531855698499288460e-03,1.811682436571882340e-02
3.256349317705587582e-02,3.828041069354144732e-02
1.378474764411822054e-02,1.583496667039020062e-02
2.166513985730671998e-01,1.958635451262214500e-01
2.184765989852140763e-03,2.413730701429924776e-03
1.757379344475916150e-01,1.572545713115429677e-01
1.032007120542476619e-01,1.127054534614655990e-01
1.184325862801552942e-01,1.114467196368285618e-01
4.406774560467722167e-03,4.328179382920017450e-03
3.104031453491040010e-03,2.339861960422286776e-03
1.221165899700152879e-01,1.310309746768279215e-01
6.171297247693621757e-03,1.122802568218103821e-02
2.881625526544549787e-04,1.362606450856555145e-03
3.210401611771437642e-03,4.798400937406694343e-03
5.639447610261406202e-02,4.906939465106087417e-02
8.731227111085286194e-03,9.009432753412290398e-03
7.502506630155850176e-02,9.535733396922652094e-02
1.791353166572677291e-01,1.800863936286943301e-01
3.633589069613011539e-03,1.342372489114716490e-03
3.612746524839737655e-02,3.581925905078198191e-02
1.542659941240552557e-02,1.017891156580820466e-02
4.056491068906448324e-04,1.718566378845474724e-04
2.081586835134975730e-04,1.455711958650328115e-03
5.854715868821119829e-02,8.033169969541334443e-02
3.211140002838172580e-02,2.982862325361451336e-02
7.696399379746828029e-02,7.114944859106087094e-02
2.486261082694441460e-01,2.518931428705067366e-01
4.654540626521304868e-03,5.464408606946293163e-04
3.408915774905980217e-02,3.451006219836272315e-02
5.838041227018836432e-02,6.413067036902488083e-02
7.747280051706926553e-03,3.074248676256251429e-03
7.664332826164341737e-05,2.817545194308949973e-04
2.867591718200385165e-01,2.533684525820479871e-01
2.871503539009936479e-04,3.102229247641341645e-03
7.146078487198262441e-02,7.422228105250106012e-02
1.704313170717373666e-03,9.356791930247238684e-08
7.635408354088318861e-02,8.848190565206526248e-02
6.854741906386734029e-02,6.118649771069576554e-02
2.083487699296569622e-03,1.641485391006384220e-06
7.710716774743610682e-03,7.642875566070457365e-03
5.131992860291940683e-01,5.425464728449742591e-01
2.000213270490775463e-01,1.927110047847905849e-01
2.161000599520096141e-02,2.634325749147109139e-02
2.900909060399742972e-02,3.235509683547758975e-02
4.053823401784416997e-02,6.626634556534267972e-02
3.606786752050421957e-02,4.985005376917127362e-02
7.471176449932527867e-05,3.913533215034673517e-03
1.857129301585211043e-02,2.163564922687627456e-02
1.928499911010920706e-02,1.869494143656180718e-02
1.287434158657030370e-02,2.086463908637256268e-02
2.000470423339084438e-05,9.102121399244668214e-05
1.556053406205474554e-01,1.966988023622381065e-01
2.184501618400836245e-02,3.096884876557739683e-02
3.240443178626110400e-03,3.403339507416696785e-03
6.706447571925201745e-02,8.721715952012125406e-02
1.180303703541730059e-01,1.051728882094727507e-01
3.223402600081122835e-05,1.859437518796252077e-03
2.806921600729076482e-01,2.704759415795886524e-01
2.291123515342725903e-01,2.408982675630729209e-01
1.007624900637985738e-01,9.279739508251706737e-02
8.411920435134369323e-04,8.370287245070608681e-04
1.517734333062727980e-01,1.544174327276342795e-01
4.768214111887167928e-01,4.707012906385517614e-01
5.129548678576038023e-01,5.513644491654493551e-01
1.022371931917236479e-02,9.922751051925976160e-03
1.503886125733958415e-04,1.262000062018705647e-04
3.621621404978589420e-02,2.907224006701181890e-02
1.017817521856270377e-02,5.998143229978172841e-03
4.175481411079739677e-03,2.034444349461600986e-03
7.914395246056774849e-04,5.729926922007042315e-04
8.261077051456433562e-02,6.834449087956266655e-02
2.536481672042338320e-01,2.521441401801626792e-01
3.894496425568585302e-02,6.382032298413724269e-02
1.618692840196626816e-03,1.531195735136160882e-03
4.221454327969925008e-02,4.608268559546487703e-02
6.756806483224500615e-02,7.491875886668754314e-02
1.934348476061084274e-02,2.670276827620352358e-02
3.922244661618851103e-01,3.791082801883648989e-01
2.674511140233000184e-01,2.717837351777926957e-01
1.853109955799983957e-02,2.657817062233794325e-02
6.978907180273791200e-02,6.400050092624662290e-02
5.056941749547053458e-04,4.421655083545534995e-04
3.489340919337640366e-03,2.889343443214678880e-03
9.815788746542346288e-02,9.473536993253081628e-02
1.251530952483216885e-01,1.380065814090461751e-01
2.064766306491006356e-02,1.950023588481205467e-02
4.558537505506780191e-02,5.256145772702414815e-02
2.942498091162454310e-01,3.476269109379531153e-01
1.913546937099749046e-01,1.969576813471550225e-01
1.273294694315298353e-04,1.311420869990961207e-03
1.274852053311143762e-01,1.274235824555302599e-01
5.694748683065811723e-02,5.726035088762054803e-02
1.337916339771890242e-02,8.992110446186125580e-03
9.049003217630584295e-02,9.363621108316379227e-02
2.940340008506451830e-01,3.010660022987055595e-01
4.169563521623834840e-02,3.936487263124157504e-02
6.445453511588320611e-03,6.251873751171317661e-03
1.281194855823415135e-01,1.385481215745467121e-01
2.228116587274401456e-02,1.386164798857787012e-02
2.591019734926276914e-03,3.842152993079605682e-03
2.071406730038281483e-04,3.907826960500305471e-04
3.087254020991951620e-02,1.805247340804524633e-02
2.067232336396951017e-02,2.125768003885213434e-02
4.613095893108028200e-02,5.026652830062881133e-02
8.794229875837704380e-02,1.061215283013927646e-01
1.432399693853468430e-02,1.155953663256071955e-02
1.132082556216365901e-02,1.585353361719609583e-02
1.896156536732003794e-01,1.535635044726103571e-01
2.363807542131629927e-02,1.953016305632209945e-02
1.869360921928024388e-01,1.990938456008824742e-01
1.420829741721797157e-01,1.401067139370876236e-01
3.604679370675942240e-02,5.214807710015874342e-02
3.524775673002860320e-04,3.316144366514557564e-04
5.945137790380553705e-02,7.250161630474628860e-02
8.357535579281029359e-02,9.669694874635023640e-02
5.737772776664862295e-02,7.200217825454630072e-02
3.227489484133552744e-02,2.868697333425749771e-02
1.029444645581517326e-01,1.075087468840807831e-01
1.051045505370383579e-03,6.694358790990441194e-04
3.169120455628478272e-02,3.104393827701020653e-02
3.031699284027879887e-02,3.213956730663722339e-02
1.075718664457000900e-01,1.233499413593459187e-01
2.954287506215849124e-01,2.591816627827355224e-01
3.561919931144427731e-02,3.682571898595531079e-02
6.200512947435050937e-02,7.004592745883712890e-02
7.108431239677005797e-02,6.162357905799598773e-02
3.525278789664996332e-02,3.744528804423916807e-02
1.561388551197540053e-01,1.420182077731269588e-01
1.223041980032904402e-01,1.061547980998283763e-01
9.728249890662536356e-03,7.705898216618583402e-03
2.955758671047292174e-01,2.738834894406372289e-01
5.171201724014162782e-01,5.215418180345318122e-01
5.413896461129911325e-02,4.979422300432448378e-02
2.186457176039273767e-02,1.473737782957791793e-02
6.449087583379422943e-03,6.748020415524884005e-03
3.109778685484500538e-01,2.847881866687425600e-01
6.923361143326764444e-02,6.288441336365822865e-02
9.830629071342990993e-03,8.334893501912988070e-03
3.353493664843319039e-02,4.218870026191896827e-02
8.144161218813866787e-02,9.519262204757476808e-02
2.346387664666830242e-01,2.275803416204455198e-01
6.209535231990956361e-03,4.314944262827903783e-03
6.375697942239394456e-02,6.031707159348161096e-02
1.892083540046421235e-04,2.466395051728742299e-04
8.596628501853781227e-04,9.300128594645020895e-04
3.174187615395012152e-01,3.099356536493527159e-01
1.897584206935503670e-01,1.982247885424043565e-01
3.331913931096477238e-02,2.869775404168652122e-02
2.094490274362636410e-03,1.465574842789188351e-03
1.658026148338698491e-01,1.725442039750234580e-01
1.402966526549544049e-03,1.171154855134369770e-03
7.651190192782514332e-02,7.597929214612444970e-02
1.116088275280901349e-01,1.367353093728956581e-01
6.460194884584567754e-03,4.307731488185235699e-03
3.285187767099233269e-02,4.517443729770800886e-02
1.636259090503626792e-02,1.387921974530741641e-02
6.419033249913685436e-03,2.020882777144088985e-03
1.807066169081418192e-02,1.556822808966243539e-02
3.215503571485966439e-01,2.909921397665800047e-01
6.089817552475457717e-03,7.613620786698493438e-03
7.031051906982634103e-02,9.842568261723885770e-02
1.199916803449672525e-01,1.333675918337554889e-01
8.111428095231731916e-02,8.241543898893569087e-02
2.982351067602534087e-02,2.145589706833510996e-02
2.783340102362583113e-01,2.476357078118393007e-01
1.337220750794034518e-01,1.252667565419130769e-01
1.248713764470096637e-04,1.887009816105861888e-06
2.421896225383477763e-01,2.386785935084213828e-01
1.552414891654957385e-02,1.274652097697242040e-02
3.721520298641206592e-02,3.143398518198128183e-02
5.074174552710321029e-01,5.035356398154824387e-01
3.470129704102037360e-02,2.512296313631174130e-02
9.823214285862365280e-02,8.425505040193971562e-02
6.030601603900049429e-02,8.742087559783306983e-02
3.318958164164934749e-02,3.279178286801801012e-02
5.013732099805556092e-02,6.116839853539942501e-02
5.760883466403664667e-04,2.845707704896608216e-06
1.002093212543697515e-01,7.889311515780834949e-02
3.048977182668794611e-02,2.544942328811189078e-02
2.648321028570028643e-02,3.888783234945571154e-02
1.350864482413795774e-02,1.694492937341606290e-02
3.031574022578155114e-01,3.021643762274742739e-01
2.360550786619876763e-03,3.088718653910125980e-04
2.229160956737754121e-02,1.851257349133711774e-02
2.329363823520491650e-02,2.126476630271704332e-02
6.877922817529585897e-02,7.362931840263997607e-02
1.511304455077949194e-01,1.535753386588447622e-01
3.493480645995648772e-05,3.950089023209008552e-04
3.566773261372126278e-03,3.481894373406263076e-03
1.707532932930017344e-01,1.731701426994117221e-01
7.609972924604233024e-02,8.715403013016398415e-02
1.008241573458982104e-01,1.067674898966268215e-01
1.102137937672280354e-02,8.964275751456409966e-03
5.128856241635948443e-01,5.106763928483738502e-01
5.675970593067776980e-03,4.182676251361048050e-03
1.911983940218006553e-05,4.295496487392111038e-04
1.365298637419489203e-01,1.180895508826803608e-01
1.390510097581582893e-01,1.093504167642940783e-01
1.424617471495159826e-01,1.188637971291178486e-01
1.728851003415044982e-02,1.518036713287352832e-02
3.647887568523084517e-02,2.884216589005664244e-02
5.900148238901466776e-04,1.448685759829467289e-06
2.088562677188669087e-02,3.228654302520706648e-02
2.051515880052816598e-01,2.095578203763848457e-01
5.264124372142497260e-02,5.389199177106281796e-02
3.409404709656318339e-02,2.970149540229097967e-02
8.305928932225058181e-02,1.013045333096436046e-01
3.918977394105882181e-03,5.969781360958007800e-03
4.240878039718045701e-03,5.116950372649461953e-03
1.074435023001300729e-04,3.687763102643957938e-04
1.095440334006766991e-01,1.309991169039227132e-01
3.322665120973763986e-01,3.100620663288684020e-01
5.197218000516851122e-02,4.283822472991098695e-02
9.424094758492546076e-02,8.000432828739123536e-02
6.524005705416582868e-02,6.134132085729986777e-02
7.783234024958951558e-02,7.126889669744163047e-02
1.211283755723354012e-02,1.075002713197018879e-02
1.596946052628381296e-01,1.833061013050896748e-01
3.667090133258690821e-02,5.179927205290657533e-02
1.747048716145354341e-01,1.626023352113040998e-01
3.140789743628803476e-01,3.198655869354225523e-01
3.839941600544747452e-02,4.853088630066534903e-02
1.650724222549317458e-02,1.113750835609640319e-02
7.092640451186119077e-02,6.156416817989246448e-02
7.317414902700338257e-04,1.499622281884714506e-03
9.396760457728008109e-02,9.116764287071398021e-02
2.362862297502908993e-01,2.314526352084149419e-01
2.066263289120258417e-01,1.964223324112989166e-01
5.115582378660991220e-02,4.271193759689343589e-02
1.905632136392015202e-02,1.477297798011114813e-02
3.308787034402612681e-01,3.446804795177477176e-01
5.393944198606129836e-01,5.648529436405730353e-01
2.212244697879377220e-01,2.002588927876649549e-01
4.417508004912300516e-06,2.051770279836325460e-04
3.227799788978021750e-02,3.976607377257750792e-02
1.272129255326440722e-01,1.410272659557459396e-01
1.625262149902454573e-02,1.994677664370931094e-02
1.420052009539964355e-01,1.302496110205988433e-01
8.834450758936765458e-02,7.617493982970981181e-02
5.543059622584713131e-02,6.759103605800202696e-02
4.906140545372654482e-02,1.968503152689399932e-02
3.832975193332911479e-01,3.635802812405095619e-01
5.937375669240494563e-02,5.180448258930390321e-02
2.996019562420014688e-04,2.249863910731813427e-05
5.730025134400558960e-03,7.471931924041764345e-03
1.191328368614164371e-02,9.887444756224165326e-03
9.156449394431211142e-02,8.912331479844638749e-02
3.913806714602200364e-04,1.895113700644448899e-04
1.156075768945346747e-03,1.104915110765912652e-03
1.344300414812469036e-01,1.476671042479899276e-01
2.279163070759088472e-01,2.167112897991577414e-01
1.204382815180989330e-01,1.205160061996247839e-01
5.868056628259414945e-03,2.034439915479562249e-03
2.663987767297705013e-03,3.135427644362832281e-03
1.339553132643458433e-01,1.098989331912307021e-01
2.649014954601493384e-05,6.850784310744935813e-04
1.126137078752031812e-01,1.107654950856994253e-01
1.423729892676124098e-01,1.247803475305100246e-01
6.017748534779510799e-02,5.770476946850228855e-02
5.426896918722197774e-03,4.175039671098567523e-03
1.823635203451735576e-01,1.744036401551294357e-01
5.955654631422671041e-01,5.534186397174345462e-01
6.636242334794840991e-02,6.133872681650067576e-02
2.044137684625743911e-01,2.030114278167124420e-01
3.696351203361281090e-01,3.791657140352983624e-01
8.801946799282098222e-02,1.242213273922654487e-01
3.147342272385255518e-02,2.824503093034536061e-02
4.094442309645844602e-02,4.748904429045895659e-02
3.632168034064808012e-04,2.020027196517718511e-05
2.293501111992534425e-01,2.324365527081078131e-01
7.676799793387015236e-02,9.431408432026114341e-02
1.068839142793936159e-01,1.012921610026617514e-01
6.956690580221117082e-02,5.678821771292338200e-02
2.990182208184063387e-03,1.579291127972063476e-04
7.101530466244897200e-02,9.044818122424706786e-02
2.577982601346124193e-04,8.660182292033054524e-05
4.847178099752123825e-02,5.161751987050141460e-02
5.960811623697302719e-02,5.933110850649277179e-02
3.295218239686704010e-03,2.367361612234053991e-04
1.040168250348031190e-02,7.884798895476507336e-03
1.152418028660873173e-02,8.376983276796470465e-03
1.585173442150799861e-01,1.687718021756113018e-01
1.311154148199226814e-02,1.514105090289315746e-02
1.669836004710682220e-01,1.822230398795315898e-01
5.083091251974974391e-03,1.143573757716772471e-02
2.429759267454911428e-02,3.042565581188985679e-02
2.310590643821381143e-03,4.370543448131064546e-03
2.696242924507112268e-02,2.142623498891855355e-02
3.482049527852696964e-03,6.858910168323274770e-03
1.113175114526353399e-01,1.151048365402169149e-01
2.793757925432252542e-03,6.938006089913197581e-03
3.692168171238008334e-02,4.392435072255489181e-02
1.464966447565118268e-03,3.984735832861030676e-03
3.224411231198324969e-04,8.464148540712121676e-04
3.821271963177149678e-01,3.800225043145246118e-01
4.283123383919171636e-04,8.445908383467799524e-05
7.115155756183827972e-03,7.695108231204789671e-03
3.436646316327394198e-04,1.522714966049009766e-03
3.055666963850256490e-02,2.820285425323285078e-02
6.495490732476488782e-02,4.757405212918286441e-02
2.871986573639643062e-02,2.562428623259276408e-02
3.074188581771220563e-01,2.983652727538498306e-01
1.337917339862117194e-01,1.311798017362055258e-01
5.614453269131152169e-01,5.721312748270417359e-01
5.234303078393223057e-05,6.386426253759310283e-05
3.609611266795690471e-02,4.921175790700501457e-02
3.567326669139905121e-02,4.572446129426565448e-02
9.363779809850443503e-02,7.702449823437002019e-02
1.340020230391883727e-01,1.264196315118033265e-01
4.787787558941807714e-02,4.862387754667711615e-02
2.047991456959112567e-04,8.809988165421681468e-06
3.593711784050402369e-01,4.205301550798756227e-01
1.528600104372358492e-01,1.591741353010545090e-01
5.389776544623233606e-02,4.732027530076302058e-02
2.699225625190753153e-01,2.813158495708489859e-01
1.666586799895626581e-01,1.706827707500193914e-01
1.304385168344966955e-04,5.066991756899442501e-04
5.657657484224963042e-03,4.073699780688397679e-03
5.694307050273154092e-01,5.720957261427851437e-01
8.441272153630871578e-02,8.856555064840870850e-02
4.146568821989740639e-02,5.607479812143572467e-02
2.057550520160988383e-01,2.349315568829884182e-01
1.671748018968274574e-01,1.705236613547495006e-01
3.764424904348678130e-02,3.721895354804061196e-02
1.632166325951487640e-01,1.374700465112000947e-01
4.544200809706630539e-02,3.820386301567226667e-02
8.975710009849392768e-02,7.372159629378413626e-02
4.948482913628788893e-01,5.451016531175238988e-01
7.229934208264980275e-03,7.141417803319706492e-03
9.694997436417145814e-03,5.137424665072269636e-03
1.949236676513134772e-02,2.940363867924200569e-02
1.896131747221620851e-03,1.973380834862717426e-04
1.621722983973976351e-02,7.761665171984431962e-03
3.312435330108197146e-03,1.826892998769278752e-03
1.112714997438691289e-01,1.262337149998485064e-01
2.773072051807546224e-03,2.525744685438228651e-03
1.715435637823022330e-01,1.706812179158267162e-01
1.668472035029261724e-01,1.958753693531434248e-01
5.455250026299753724e-02,6.185383287755596982e-02
2.482720128290881179e-01,2.384244970766458971e-01
4.152304332032851625e-03,2.588325602500443027e-03
4.386223823762217151e-03,6.639664064757020909e-03
2.625636319863001722e-01,2.341009524554912014e-01
1.055001890841009565e-01,1.191794510096852722e-01
2.135410321178559945e-01,2.415050879434592901e-01
8.667409104750297896e-03,1.272107144165359263e-02
8.403111527280270054e-02,1.034858564498614686e-01
1.239607182615012210e-01,1.526841874159437229e-01
4.950348244142880640e-03,4.570466242613008268e-03
5.676555963374046304e-02,5.524644597513192479e-02
3.552748312332931757e-02,4.571219124138722195e-02
1.565906706905414170e-01,1.255495281141900121e-01
1.231386986686368729e-01,1.004125731509542124e-01
1.817227903190813121e-01,1.812466462728385963e-01
3.826910487896532653e-01,3.857464290591636202e-01
9.610298510669234087e-03,1.103715720519961307e-02
1.706884057278391098e-01,1.891993299912112236e-01
2.664497299393244201e-01,2.841678901754528530e-01
2.271402979102369879e-01,2.700141959801941050e-01
3.737645436845103697e-02,3.729478428106423188e-02
5.612606078978103590e-03,2.930923362791327570e-03
8.460970132611891903e-03,9.279109363481636077e-03
1.587002706989719958e-01,1.298789971321218373e-01
3.175626102423625974e-02,2.893879637803253857e-02
2.822399414535116391e-02,3.160360027741010436e-02
1.820015882163203771e-02,1.637196321387021300e-02
1.882909160753376832e-01,1.927299384636237956e-01
9.719729229608906063e-02,9.972586515210110636e-02
2.075408742100262258e-03,1.121914607694107389e-03
2.930226483548459271e-03,1.478516689647976345e-03
8.436174301548102217e-02,7.111173860491840082e-02
6.526752548952537321e-03,3.232887292099593905e-03
6.520116513820621573e-02,5.596671956428847516e-02
6.266811847123268664e-02,5.133399007093982641e-02
6.337306842416021158e-02,5.148335751791361520e-02
4.273665705246507129e-01,4.211464085435772664e-01
1.757236998745217516e-03,2.586568851127592477e-03
5.712358747014797261e-02,6.581303917596117992e-02
1.640413665111631336e-02,1.617486447092469568e-02
7.030227346695991364e-03,4.422549907598603489e-03
7.062914653077549676e-02,7.105911173395097757e-02
1.930938117153397325e-03,6.186386513322221850e-03
1.217748933328857974e-01,1.344733076607967925e-01
7.666938514441744290e-02,7.050819349951627235e-02
6.606330501074827999e-02,7.170963989626558122e-02
4.612656804474194461e-01,4.260020687527036887e-01
2.762600344039211329e-04,6.450548981076466770e-05
9.230346999051697310e-02,1.041195768342012412e-01
1.352804987062944386e-02,1.462523602665822056e-02
2.030127974054212192e-01,1.813467297514002319e-01
8.016141728571088074e-03,1.082422408247485368e-02
5.762833184294879028e-03,6.065818848911642969e-03
1.963629567019878255e-03,1.760626200840282148e-05
5.468350431878134243e-03,1.072236499812144646e-02
5.811372856217297822e-02,4.751210987145299686e-02
1.182981890192155196e-02,1.569950668213101336e-02
8.717897192794097803e-04,1.861696992098215570e-03
5.382955176056929830e-02,4.647688485292424815e-02
5.361076890727864419e-02,5.110983666554316796e-02
9.051198567687671059e-02,8.845707166373290020e-02
5.975101912739103766e-02,6.155659000134486997e-02
4.474869881183196618e-02,2.933379639240576639e-02
6.448052278384073513e-04,5.535643022896098588e-06
9.367841259156517442e-03,1.112337466824570888e-02
1.364109341819645833e-02,1.491560590766826365e-02
2.539842297200188836e-01,2.566449803279789443e-01
8.069084767876780195e-02,8.832628955380847358e-02
1.307006698621244502e-02,1.095235688923683857e-02
6.282528242870469726e-04,5.974114593200701071e-06
2.437872205799375153e-03,8.739809327550938705e-04
4.507004419189022254e-03,6.951773218515853482e-03
3.860408795693492934e-01,3.855523985796469044e-01
5.457883512589102315e-01,5.603791075675836897e-01
4.612611399097428511e-02,5.593983477854225228e-02
2.349115561752355974e-02,2.669774533897174493e-02
1.311790054011181816e-01,1.426163619748349320e-01
3.194879896290406252e-02,3.445764998543395657e-02
3.637083708597870224e-01,3.957168713251775216e-01
2.934984222636982925e-04,4.648533898156333210e-04
1.807867230027076014e-02,1.897665298711420992e-02
5.486846277266977691e-03,6.615252858045267068e-03
5.377042213222704009e-02,6.018105432226896617e-02
1.033772590323992074e-01,1.149301679304719076e-01
1.350762997334458149e-01,1.141276937337137448e-01
1.142136955720470803e-01,1.543354001334779901e-01
4.775258970440085385e-04,4.969621257704218446e-04
1.253271885922413280e-02,2.016632474312136936e-02
2.372835681540242866e-03,4.977409682285534841e-03
1.108398885971891984e-01,1.067971356117048409e-01
7.214364372300633918e-03,9.211242414493340386e-03
1.365437654493739661e-02,1.634974699295570211e-02
1.016799799815951977e-01,1.091281234512604531e-01
2.111176076626560816e-01,1.953081698870240690e-01
1.331488097573517715e-01,1.244084586412978338e-01
3.240406117944444331e-01,3.467493972128307678e-01
1.321418965001142087e-01,1.785593744425230944e-01
5.304105045171612076e-01,5.425668122943783089e-01
8.098233468329897600e-02,6.858347668729557201e-02
1.152853281340717947e-02,1.245610053656288040e-02
1.675188536081371115e-03,1.095036759325184513e-03
9.005464490987159787e-02,9.226678335161979383e-02
2.228812289538270597e-01,2.421470340456218506e-01
1.932019445410631435e-03,2.855868342128658859e-03
7.150029670188365327e-03,6.028687472433370657e-03
1.792843267358688042e-01,1.689953572688795980e-01
2.221704802346052554e-01,2.253449699334664214e-01
6.837516099523266444e-02,9.032364717409938071e-02
6.095592915973722589e-03,2.708420712662779062e-03
2.444620654240013940e-03,5.567360845345087914e-04
6.870120618131795275e-03,4.749819957620012544e-03
4.700850904479973030e-02,4.676312103585957003e-02
4.626974345322968502e-02,3.362911453119742794e-02
5.187904071526613231e-02,4.865288554955837091e-02
4.323323112401867285e-01,4.309204507560455144e-01
1.823024213569955088e-01,1.800769573260017353e-01
4.768502994745953127e-02,3.318667560186077531e-02
7.418518045089859611e-03,1.038255720239210367e-02
7.673728468028822615e-03,9.936214499063917432e-03
1.618505792230411425e-02,1.042709860075600320e-02
3.563577928754397828e-01,3.736403622059874530e-01
1.632743446702098755e-01,1.593968837007315176e-01
3.642321902329550415e-02,2.945866591341916862e-02
4.920866544785483521e-02,3.784246749964334522e-02
2.226417251741212577e-02,2.560654422120605192e-02
6.420602299643521360e-02,5.806938408389478168e-02
8.539252370514399323e-03,7.378782768723932996e-03
3.995013613139499625e-02,4.881834301251411490e-02
4.135491092524564566e-02,3.858872516819435855e-02
1.787540856753180515e-02,1.614961966418803838e-02
9.499746477535347955e-03,7.816015727502368185e-03
6.637507735332066894e-02,6.199499905830718055e-02
5.441177166493825768e-01,5.334071883427834448e-01
5.568876056376703687e-02,5.207547673973757923e-02
1.258683746672128231e-03,6.839458873296084293e-05
2.835973477896424622e-01,2.815238181138424167e-01
4.607987015302455504e-03,7.201410774630190607e-04
8.276311588976263678e-02,9.647982522962683660e-02
1.953460239033669513e-02,1.040401405036733840e-02
6.250699659309277335e-05,2.823874550317741878e-04
1.674712209417682507e-01,1.805880122663156839e-01
8.166403887078250989e-02,8.626032397236202409e-02
1.736131281807333157e-02,2.757542650061960143e-02
1.801460376143238229e-01,1.690622424659534440e-01
1.593956835020212681e-01,1.944789942502136715e-01
1.024181799713057154e-03,3.755702882832610487e-03
1.833325600792133636e-01,1.905553185531647931e-01
2.614607698424832871e-01,2.319606509170677455e-01
1.809324168551995071e-01,1.958219507258019132e-01
1.944840311926984873e-03,1.184960480408950344e-03
1.333227544608116613e-02,1.652589295635135611e-02
3.008673416810759421e-03,6.448993443147916886e-03
1.995964290234306451e-02,3.138046322114882575e-02
4.961939289002745834e-01,4.454599935237514852e-01
6.151119924726127300e-03,9.713324438953363851e-03
1.708514340727656817e-04,4.379873903619525907e-06
1.018808532684385565e-01,1.054622653970852114e-01
8.576158902191570108e-03,1.221898165135317481e-02
8.389106225430865982e-02,1.096523977873152533e-01
1.468924649376405654e-03,1.813556523318121715e-03
3.432157682240339486e-02,3.288606562791545479e-02
6.474384156990942510e-03,6.469941232145189243e-03
3.649867848017101634e-03,4.816207464306188415e-03
2.050333468428504891e-01,2.215119224754714955e-01
2.098219343745258512e-03,1.194923340624579132e-04
1.661066198571945762e-05,3.500799000662902644e-04
6.542288940764798832e-01,6.751932937229021547e-01
3.595889952473591694e-02,3.840313234947570487e-02
2.100678802482147320e-02,1.740890299700321997e-02
3.812512062345551067e-01,3.294390485033196758e-01
2.819711208788691983e-04,1.757787698721018782e-03
4.988387814375200291e-02,6.146609232176533655e-02
1.179365531268341399e-02,1.257847834002606864e-02
6.635301289628368904e-02,6.961804493489502643e-02
4.220947988692748398e-03,1.716949965908585486e-03
1.437029369404337065e-01,1.358389309159780678e-01
1.253953883830337124e-01,1.090315057044026897e-01
2.348770370769425742e-01,2.333954990448057765e-01
3.544292828567521120e-03,3.053190422198854333e-03
6.755688222160011885e-03,7.564639442667443238e-03
2.864481601371069996e-01,2.720094706840009424e-01
3.240802020560620278e-01,3.203412583684792647e-01
6.845248200455857079e-02,6.979203826953971068e-02
3.167820844657262547e-02,3.661147428315510155e-02
9.945346215017328295e-02,9.787271244858485042e-02
2.848299109113566763e-01,2.577973083880285010e-01
1.495294197414996640e-01,1.474035699738585892e-01
2.052344828591899650e-01,2.076966550974176651e-01
7.495236874815429525e-05,1.679218734371647919e-04
2.955985021857251635e-02,2.330202575928828207e-02
7.746606868394423362e-01,7.579346518103332597e-01
3.866626154243679725e-02,3.772496891897268723e-02
6.689001571905906288e-03,9.651599263497855768e-03
9.617909968645910884e-03,4.550310470231578620e-03
2.418547641439551879e-02,2.823589742343080716e-02
7.151658874635777839e-03,1.518476640758304776e-02
1.326572899130979977e-01,1.365181134571334387e-01
1.253406480211094465e-01,1.392921247873128154e-01
7.134113424591853603e-02,6.872962566118862027e-02
1.140799955529759463e-02,2.261395146794894020e-02
2.811282504332828225e-01,2.401481029096342035e-01
1.499930029964320344e-01,1.512187460853760268e-01
5.863722092149479398e-02,7.074218212344535184e-02
3.172649328871445743e-03,2.681877749716503551e-04
2.349452560986709480e-03,6.917019889110077391e-04
6.016088401203555786e-03,5.020599826381919213e-03
2.519764427196523673e-03,1.609031958710197083e-03
1.053338623913993161e-01,1.040959798287408311e-01
2.335892874219517579e-01,2.506766698367792756e-01
1.609390276772839634e-01,1.686911596270605218e-01
5.792189368029099228e-02,6.916457316572806324e-02
2.415890781950600918e-01,2.393408577579941854e-01
1.340374816696126015e-01,1.251225957848897674e-01
2.351471623422232617e-03,1.118905347608019959e-03
1.878664094355732561e-01,1.758118665884401133e-01
9.173695713370237648e-02,1.071867991572382217e-01
4.137200529198651472e-02,5.020595061038621992e-02
2.795360031817105129e-01,2.578661013586012740e-01
3.545008603025093935e-02,3.880243367351888378e-02
6.833853983486784175e-03,4.968638837144843078e-03
2.490880609319370831e-01,2.008107389367532747e-01
9.848542229453772015e-03,8.063658386730405969e-03
3.165737641145940223e-03,8.440134804839870275e-03
2.332643202115826722e-02,1.896438387005328421e-02
9.881372951642801716e-01,9.460168708562274320e-01
8.939479452237797386e-02,9.215337063577233589e-02
2.219551599816377285e-01,2.180507043167349002e-01
1.714947199117791143e-01,1.707854900256053632e-01
3.488613019202864707e-01,3.625576094874780608e-01
2.038878747373211175e-01,1.851404833536677841e-01
1.275988085733637256e-01,1.248567945883111013e-01
9.114218320323235201e-01,9.707693927705817183e-01
3.355889711321242141e-01,3.003310997379239344e-01
9.211509766155305534e-02,7.652110441743371905e-02
1.151807996269770817e-01,1.329098204000525585e-01
1.089787451379444772e-01,1.078495187993217114e-01
5.892697597565149659e-02,6.979444897070606613e-02
5.216798516588298481e-05,2.288952485386852587e-03
1.573273125766184999e-02,7.444548138816830044e-03
6.237986481374825469e-03,2.799465569659675881e-03
7.702672517100645107e-04,7.187660625993460314e-05
5.424514051856510477e-02,6.272609011788393696e-02
7.136804118089369597e-02,5.697825097259540117e-02
2.197924007963537041e-01,2.253861962829589172e-01
4.591876096086411341e-02,5.682587613400378462e-02
2.306577696786006951e-02,2.534809413365243444e-02
2.495409661515557431e-01,2.093445276895980478e-01
9.254088259123455229e-02,8.819665912324881063e-02
7.463652027283686208e-02,9.559333630478350496e-02
9.010963402549704293e-02,9.096112240079667899e-02
4.840506184894065311e-02,4.532921906510294086e-02
4.010643749668610369e-02,4.970398813321679626e-02
1.078433230895708077e-04,6.095112181973927432e-04
6.303856294475475297e-02,7.854129919100062696e-02
1.168202830074480669e-01,1.141668163568056726e-01
4.364780677814444204e-02,5.082813366987246756e-02
1.676276111956544440e-04,5.114571630992493492e-05
3.578088279229880986e-02,5.496150206877511296e-02
1.833122758465537960e-01,2.008856083124242464e-01
2.904028300059230405e-02,2.623506823720319833e-02
6.336922833218652795e-02,6.974662214941060312e-02
1.311063595017415012e-02,1.016199032322895497e-02
1.115199746687540842e-02,1.201685664365678870e-02
3.796543955843252605e-02,5.314695605357016434e-02
6.310392816563577777e-03,2.708935915557811411e-03
4.026557971592857610e-02,4.389073636267371709e-02
1.157734321910773058e-02,1.159491626541766553e-02
1.467099356565284562e-01,1.565577912376854564e-01
1.560775951804452451e-02,1.539399671223661351e-02
1.472569000813019890e-01,1.306065639601710626e-01
2.592270457931286978e-02,2.479014595232871196e-02
4.372175789834655533e-04,1.467822448481078150e-03
1.714252786611508983e-01,1.824338050970697178e-01
1.127927936868361736e-01,1.428623734815853696e-01
2.077089417413217898e-01,1.787355551910344842e-01
1.032662881694765417e-01,1.107381246515937723e-01
9.085455461022696674e-03,6.187143513666300450e-03
1.967966673639095273e-03,5.937414688522909927e-03
1.909353879269746774e-03,2.432389807404099821e-03
6.050640648568245128e-02,5.922246940360105516e-02
1.995665490307748854e-02,1.697034580483626834e-02
6.238364509831821614e-02,4.612648159187415081e-02
7.057228856991899779e-02,5.505572875811783756e-02
8.377481387695642767e-02,7.917502393316802611e-02
7.469554903740813212e-02,7.145265088425949151e-02
4.218139528818067724e-02,3.909664131366522022e-02
8.965055902249425765e-03,1.863010602672558746e-02
3.386403146971113300e-03,9.504243420160337838e-03
1.524351406172202439e-01,1.361960812825748768e-01
3.436931046169899862e-02,2.967029128355326562e-02
3.359509020570455862e-02,3.513507430616942540e-02
2.022127096893167400e-02,2.361970067443076859e-02
1.311785611401477536e-01,1.499471575527633604e-01
9.280890713693952868e-03,1.596809629353956872e-02
4.150286287601886309e-02,5.289282026253619429e-02
6.051395820451534180e-02,5.604200432771859475e-02
2.233928314533303594e-01,2.403519242446068849e-01
4.061175547724715784e-02,4.056382272846229681e-02
5.453364555485776992e-04,2.395207081807056030e-04
5.482577278425493361e-01,5.774598737259776238e-01
1.031065135179508041e-01,8.266026787467810333e-02
1.849093098105434319e-01,1.940979615996555330e-01
9.035244261204214422e-02,7.534494141374933895e-02
5.852052925558661606e-02,5.649984182333236266e-02
4.985646571186838540e-04,1.775134700711389997e-03
4.536479040025249293e-02,4.027892687365277474e-02
4.319409676573991025e-03,3.174669582686934482e-03
1.795656198232164769e-01,2.032353055126649433e-01
3.380554190391298671e-03,2.965026126868969703e-03
1.064787289354521618e-02,2.095684290125374161e-02
9.330965556582552708e-03,9.627259430876423940e-03
8.681268998726680841e-02,7.897487473885132780e-02
5.372095917504238205e-02,5.535677464277588555e-02
1.306075487102948129e-01,1.181594872772558508e-01
6.222578777944694217e-02,6.819256590285191488e-02
5.618055590761076613e-03,9.035379313782791050e-03
5.573489196574957921e-02,4.231468871388322645e-02
6.743519099454441980e-05,2.240613277900903267e-04
1.961634398977507923e-02,1.827681258639866566e-02
2.190406024286783715e-01,2.298745137884823653e-01
1.835457143012235448e-01,1.733917485658107438e-01
1.369438598644170391e-01,1.490770771180924548e-01
1.917000999133337547e-01,1.949141099191863957e-01
1.973297657927400028e-01,2.211225134403422277e-01
1.218691252094882133e-01,1.189530744539399332e-01
3.347860718400212654e-02,3.868658806521400872e-02
7.113018264191038609e-02,4.589876612531216399e-02
9.863671327390606536e-02,9.450157484238977390e-02
7.162783901110099383e-02,5.294661041887738923e-02
7.118303053479465084e-03,1.300276513648176979e-02
2.037532182934206904e-02,2.288350338611778653e-02
2.042392947893461597e-01,2.012779846488671476e-01
1.446690359427834638e-01,1.406119293242224788e-01
1.147921152346303014e-01,1.208326900711376578e-01
2.362615949832875817e-01,2.263968986692738716e-01
3.385253660017281119e-01,3.367119516841994842e-01
2.844717335596557914e-02,3.283526416527661473e-02
2.001710294227946885e-01,1.793849411374950631e-01
3.431587077140608316e-02,3.905035151763548706e-02
4.605929007102321227e-01,4.736594183466308339e-01
2.076681608633381138e-01,2.260435092755856967e-01
6.607291804317491461e-03,1.490175417267636726e-03
1.174102566660433361e-01,1.368660069882814689e-01
2.843507438559044753e-01,3.129506501516921002e-01
7.350442557919469044e-02,8.562104721343181957e-02
1.117168207193025217e-02,8.623003481899812334e-03
1.902046172272388869e-01,2.123856844506281094e-01
2.584773964892227594e-03,1.170458121822237499e-03
3.014319770650107921e-01,3.111082317001973019e-01
2.770286311596900641e-01,3.128260374402662691e-01
9.322440671277693047e-02,7.686232310412305369e-02
8.794582080680663980e-03,2.378073648065773434e-03
3.198641903798696284e-02,2.185833429834861674e-02
1.207663250248589282e-01,1.065617671161669666e-01
6.211076760912921657e-02,7.204406641947079526e-02
8.879427766291146597e-05,2.033805352086238382e-06
6.216484626032160038e-02,5.872525444329852046e-02
3.561263453765377562e-01,3.664603423987017328e-01
7.480492164101733982e-03,8.897122255690214157e-03
8.301264775781334870e-02,8.186784800861313105e-02
1.436860473695536766e-01,1.524623484389246719e-01
2.532632218133514801e-01,2.673758655919387661e-01
7.042481427310108566e-02,7.164560041180692562e-02
3.327381820175330518e-02,2.363799633337521078e-02
7.168469620830467126e-03,1.082544793653029448e-02
2.358656760995411078e-02,1.801970462281542520e-02
4.427819292211641611e-01,4.141728310651727751e-01
1.199183595763943094e-01,1.294145367428344851e-01
8.256989937028663684e-02,6.767951062610867707e-02
5.936970718146977397e-03,5.378878550127310157e-03
1.832317973911821996e-02,1.842240967781389946e-02
1.284750102234927527e-01,1.280373128412555239e-01
1.343378195816301215e-03,3.719503284875275585e-03
3.479283353517149263e-02,3.221107353943581525e-02
4.548781197313544328e-02,3.177883759672548575e-02
1.042910160892809440e-01,1.265221881627821565e-01
2.889115808992104642e-02,3.702283307971043769e-02
2.913119355084117790e-02,3.490759617002153758e-02
7.249561237750112852e-01,7.450710430248097538e-01
2.227183682210557569e-01,2.203197185905939048e-01
1.492406323811821811e-01,1.519691179066806619e-01
2.382223225636678071e-02,2.568236364340751102e-02
8.462539120941468471e-03,2.651918263091915511e-03
1.850007813824935399e-01,1.944923009893639587e-01
4.479928945092263338e-03,5.926079363104867249e-03
3.488604564435280470e-02,3.763053781707695333e-02
2.269874349453656129e-04,1.062664972458563357e-04
1.145342551160762751e-01,1.429699256504603777e-01
1.720560114792796524e-01,1.645796446802816060e-01
2.787316843760538898e-01,2.712710480112790479e-01
1.505341007903240047e-01,1.378101227417902752e-01
1.999106694003703333e-01,1.886325274574753019e-01
3.720200547618668363e-02,5.116426056759544594e-02
4.446182912861577213e-02,3.702852827991177237e-02
1.505973775789030411e-01,1.259791462115362748e-01
3.062010280624666986e-02,3.072590775435577945e-02
6.231570467510281347e-02,8.689119025536166940e-02
4.397847545664311242e-01,3.584723800393024296e-01
3.534674530614604349e-01,3.393465364667380690e-01
4.657432190606698025e-02,3.699847428477527622e-02
7.525055614219576527e-02,6.402354047502988033e-02
1.320298861541792101e-01,1.380275865118825995e-01
2.644013460238015290e-05,1.406565776355547410e-05
3.418344254250316183e-02,2.831443762165605782e-02
1.824018964628556366e-02,2.473038446013959071e-02
5.929212758688300333e-01,5.626890640462448578e-01
4.990534294734445646e-03,1.945918616665576065e-03
1.693980264170325545e-01,1.644840902996992649e-01
2.052588086467544912e-02,2.091358992175254908e-02
5.469454885133322175e-02,5.089149154678374032e-02
4.590718379883058226e-02,5.737377954082734099e-02
3.603683188053223296e-01,3.730122817139950864e-01
2.097173466918349390e-03,8.033235817924574106e-04
1.192861101049309119e-01,1.564322863577175537e-01
8.274556962760732867e-03,3.951790106798313412e-03
3.285607235858422487e-02,3.602817092018205380e-02
1.120828528540767782e-01,1.340738610179361689e-01
1.024668465241107274e-01,1.121544600746137849e-01
3.980517123556046727e-02,2.069310654695194485e-02
1.063947770956829714e-01,1.036826762385628237e-01
1.385474078514047636e-01,1.307216434708970698e-01
4.148657787386903981e-03,8.720799535324732024e-03
5.483866374015571032e-02,8.084066403100333142e-02
6.580945931003442939e-02,6.544289544189350882e-02
5.500740201900587776e-05,3.926700268610546114e-03
7.840063339650009400e-02,6.858913803351103511e-02
3.290923933959564920e-03,1.783987037948731296e-03
5.522548914011950888e-02,4.620785523368375197e-02
2.009302759531933578e-03,4.741165786845019138e-03
7.622342290498403117e-02,6.209442869053766190e-02
2.229188071362302181e-01,2.133669177696160824e-01
3.649334228894772492e-02,2.985824061560125170e-02
5.817056425815726739e-02,6.708253739920799763e-02
1.138393756126464089e-03,4.306379554586936532e-04
7.641993276795241985e-02,8.737382445782553020e-02
1.460385420044909288e-01,1.476315728902845015e-01
5.714620657336303561e-02,4.605558382032683834e-02
5.874326612399517755e-02,7.086011813423655215e-02
4.303989174677257806e-02,4.971798474565225501e-02
8.283347954493629206e-02,7.411044594345450598e-02
1.912583729333398597e-01,1.855012670176273692e-01
1.128378294869679388e-01,1.349490450647459205e-01
1.535406735808225731e-02,1.214704654740006613e-02
1.588710520113260222e-02,1.139167996883491164e-02
3.582393653975859404e-01,3.011897383417875829e-01
3.755175298154232039e-02,3.037400641889793571e-02
1.356364237796364169e-01,1.199672420928427075e-01
2.743209685278711341e-01,2.691719138383757426e-01
3.823304407842509911e-01,3.885697728075110380e-01
1.051445570118531569e-01,9.638143086008996163e-02
6.787836590772952650e-02,6.389576178464960454e-02
1.220416805217681457e-02,7.599451603300061073e-03
3.479767497956093303e-02,2.179763440886711354e-02
6.779890667785729019e-02,6.874420404129306938e-02
1.512219945933541629e-02,2.259546907867298823e-02
2.232494651861511182e-03,6.598526730723871560e-04
1.972607347967614277e-02,1.463419089738720279e-02
1.917550511232874455e-01,1.890978666719822232e-01
2.183889407436659102e-01,1.999207785806866311e-01
2.382720569198537933e-02,3.154043790601045866e-02
4.731087617150466218e-01,4.501395602675438701e-01
1.522941963731282329e-02,1.255522439620419296e-02
1.264668150246875122e-01,1.165487199749955655e-01
4.563046575897829887e-02,3.775669353477517642e-02
1.528428852794487189e-02,1.139222592030335497e-02
5.089030634294239297e-02,5.329965184516260307e-02
6.837018426095731183e-02,6.000714518225352956e-02
4.488089845385171556e-02,3.946220672127419282e-02
4.530506893073150965e-02,4.195677724709975798e-02
8.507936415152539400e-02,9.798316910732045304e-02
3.564454636732014570e-02,2.645661236967867050e-02
8.865283851686897587e-02,1.011112989320613054e-01
1.699566096092136917e-04,1.334705045610358638e-04
3.606752010073513426e-02,3.119269140115864952e-02
3.722530580047495215e-03,3.205368265000683396e-03
1.953939921532954829e-02,2.567327243143990162e-02
7.152538223437946915e-03,1.596105206479471114e-02
4.870817041275012430e-03,3.256440670325987628e-03
3.155155012570874662e-02,4.269747947333434740e-02
1.003317656391528034e-01,1.065444141972606840e-01
2.057809413091297723e-01,2.088004542410077380e-01
7.357991139890671106e-02,6.799066604278496129e-02
1.847191886759727564e-01,1.707917157067447844e-01
1.951865450006596767e-03,4.400815259036257483e-03
7.289345229758520395e-02,8.165072899106495807e-02
2.152613853652056430e-03,1.898035209584574695e-03
1.771482208545455811e-04,3.406058009063430320e-05
1.922729789423226199e-02,2.773783535972344436e-02
3.102505973518836224e-02,4.486834045959418871e-02
1.100716835925041361e-02,1.282050876038060352e-02
7.760926521858772797e-02,7.038319809540433125e-02
7.588407119787181354e-02,6.628524514112298094e-02
3.008109569715749360e-02,3.551356982378084393e-02
2.021853657908762730e-03,4.142964168839960090e-03
1.281852148899951527e-01,1.371165859463374104e-01
2.227424246327179211e-02,3.003740390016449227e-02
1.794122991939405554e-01,2.183164909603280412e-01
9.705081770363310767e-02,1.377437333212574999e-01
2.411003453341970350e-04,5.666099190891367156e-05
1.739913204060074270e-02,1.313068991449742144e-02
3.367950688232602182e-03,3.535611663928726802e-03
1.086345382263331633e-01,1.085457384731015190e-01
2.654748581931379303e-02,3.033232521470952472e-02
3.387150966930120854e-01,3.327917757390550513e-01
2.391562715664343960e-02,4.457725399927860155e-02
1.917796375198714265e-01,1.897634763567864202e-01
3.014824399835246832e-02,2.651303820751528192e-02
1.359715940512504955e-04,5.749370000309170833e-04
1.470868517453624222e-02,9.862138337529368498e-03
3.467909317513055006e-02,2.166730594876027649e-02
6.610819716359618570e-02,9.229331965728705678e-02
1.176414358490459888e-01,1.090799376262248238e-01
2.902069854410094067e-03,1.053687737540765640e-03
1.640613623022648127e-01,1.768961162106636731e-01
7.500296536704315585e-03,6.953181353006307464e-03
6.060802474699904935e-02,6.808966540183995775e-02
9.344691430715151501e-03,8.506340890340653021e-03
1.507862661446394796e-02,1.352291339059611894e-02
6.690233122557176504e-03,5.540221315919333783e-03
2.497560075232210103e-02,2.636838499994230769e-02
6.365194440686376687e-02,7.358910926048548018e-02
3.790671474445515138e-02,3.647392752228031249e-02
7.583036351589014790e-02,7.276061085384806504e-02
7.631052558055103144e-03,5.572009582341100851e-03
2.631498545135869081e-03,3.238190030724234086e-03
2.554016738099971762e-01,2.326785847445588529e-01
4.521412602490208488e-01,4.418636267227201153e-01
2.480609274467458075e-02,2.012123461729358950e-02
5.886118395231433598e-02,6.642013599984426808e-02
4.579725952771303982e-02,5.665959099358004042e-02
1.904890206280158635e-02,2.524209144282702974e-02
6.548324763551242877e-02,6.371431797370552541e-02
7.865047493583162200e-03,6.226651463163709356e-03
2.245959595312913004e-02,2.050652326290833272e-02
3.179811396795847317e-02,3.132906909628772191e-02
4.909450229038397201e-02,6.112791824821591641e-02
5.456087337553976180e-02,5.242581369563750066e-02
1.497168545301524878e-02,1.103150736650507051e-02
3.920030333364619285e-02,2.954167554928921122e-02
1.514296109304926197e-01,1.436086825134247902e-01
1.902893205936485865e-02,2.255112174959280485e-02
1.890477757627264527e-02,2.409377191155963327e-02
6.233277717931215434e-02,5.723373112085786835e-02
4.159872712403538814e-02,5.019766231621220626e-02
6.124541500393833326e-02,6.447248051474017971e-02
4.618561687849409298e-05,5.607962189061122199e-04
1.103030390859440456e-02,1.089254757278149653e-02
3.716758339042081430e-03,1.906948370289998911e-04
2.167046598217268853e-03,8.216059295397771731e-03
3.925015345163389985e-02,4.163222909046640496e-02
6.873675943463322321e-03,9.606425257240473747e-03
8.243780696799288266e-02,6.794188093805599016e-02
6.873409818684748929e-02,6.410134239843269521e-02
4.316323476850918162e-02,4.157385430318831510e-02
6.755369078669699878e-02,6.532337762790339786e-02
1.029713858074524646e-01,1.018254275642590662e-01
6.758386468156880877e-02,6.633237872207149721e-02
6.813198792462698238e-03,6.858994349877326965e-03
7.376954091971447622e-03,6.526113251776833810e-03
1.262835075826170272e-01,1.006649431532228300e-01
1.641795626199730462e-01,1.768804666512450718e-01
7.143205765632186510e-02,6.506155033354410477e-02
1.975821967805907187e-01,2.238708983027313804e-01
5.934668299573647721e-01,5.604928989442584664e-01
1.722183828390208837e-01,1.842712157188677591e-01
2.120568391615319467e-04,1.452746976802030739e-03
1.491130638181351609e-01,1.478177941902680259e-01
6.094224588352346525e-03,4.547741726767818779e-03
2.550610874480314580e-02,3.548931081063461807e-02
2.140480296862486143e-02,3.419961384705956509e-02
4.861898738466854421e-03,8.906871069814749700e-03
3.859106531630599954e-03,1.059150616255560493e-03
5.725584212962771258e-02,6.838014968682286365e-02
4.251323644369070509e-01,4.500903526460598991e-01
1.152733165004230509e-01,1.263073660153291033e-01
3.598166871512059051e-01,3.364321846017019890e-01
3.120340238485877493e-01,3.166125590533968581e-01
5.942385052036779948e-03,3.385958099246478333e-03
3.442716481328876588e-02,2.966703986825316997e-02
4.875596275967096493e-02,6.149241979293498112e-02
4.164617605183539850e-01,4.920981277207371329e-01
1.639919688842599033e-01,1.546467911375189741e-01
8.905618043294418959e-03,5.648052025774180293e-03
5.066445247774046395e-02,6.207208890546393049e-02
3.731337521169367233e-01,4.102559891358508737e-01
7.883870412806602557e-03,2.604922243070077921e-03
1.632252958689202338e-01,1.615023389102917817e-01
1.190071732077144576e-02,1.611148175357406467e-02
2.834857300945403669e-01,3.102621388815344772e-01
1.317076441281915811e-01,1.213505267632034867e-01
2.115226798423896007e-02,2.097774943032439457e-02
1.407743900701721174e-01,1.598067662046587512e-01
8.731910791412034059e-04,3.031932405547842907e-03
2.998506404007470968e-02,2.873854053833481761e-02
6.625622103044009892e-02,7.476475494344987649e-02
2.986715371713816698e-05,3.392039864252426474e-04
7.261495947331093480e-05,4.104875684708582384e-04
2.633126184420549465e-01,2.598075182416326734e-01
1.227507469297439563e-01,1.446516631709387768e-01
1.148132462774985492e-02,1.302599997146127939e-02
3.581954874492653679e-02,4.699997242216180648e-02
2.943537288081121139e-01,2.769941594092170667e-01
1.093618423959889924e-01,1.294546941073859980e-01
1.773535143376877565e-01,1.355831111800927802e-01
1.011465777794781987e-02,1.283579963555621373e-02
1.449513547496277255e+00,1.354230086761322172e+00
1.408377198901786809e-01,1.597721572316178895e-01
2.099958556795466363e-03,7.668133022559278113e-05
6.462992417167399972e-02,7.625138832739403183e-02
6.499850303808223963e-03,5.535788177553098779e-03
8.403841728213071183e-02,8.798307260785870332e-02
2.698866476368500054e-03,8.343916986701642099e-03
4.407200517950941171e-02,4.126942236153356008e-02
1.788238948972129981e-03,1.928600301505334087e-03
5.903583044759149086e-03,5.584531259584798318e-03
1.169702563445452342e-01,1.126978617637979241e-01
6.256142855836054062e-02,7.582633289191023640e-02
1.895685912461925748e-01,1.855707539264417616e-01
2.892390370408093846e-04,3.908175795471439539e-04
7.184860847155606623e-05,3.702144267138179293e-04
7.541400814824981980e-02,9.594068113244740015e-02
5.897740077745347587e-02,7.648175638383221397e-02
1.992723463057061162e-02,1.469740946394074849e-02
1.207552655080221422e-02,1.041172269561743344e-02
6.822371679767526009e-01,6.531567859257904063e-01
4.192135077172660560e-04,1.835367622508971834e-06
2.767338576223872179e-02,3.170585767045260017e-02
1.364131549740000768e-02,1.738368953188237920e-02
1.986063175275917247e-01,1.900739680874108939e-01
6.421169475907238799e-02,6.649810683870839567e-02
1.944910558689796898e-01,1.960656442653915810e-01
2.979934479315680517e-03,1.437823557989157015e-03
1.713210863346236154e-05,2.397668717422203759e-05
6.287959073473378679e-02,7.982083760255229143e-02
3.044149830309138185e-03,9.295035041417386984e-03
1.048554611852636634e-03,5.911778257775580740e-03
5.448303246897211877e-02,6.224309078746082663e-02
4.579627729681891996e-02,4.814780775329547541e-02
8.121200463814853832e-02,7.939139309909684639e-02
1.690110526002176761e-01,1.637115947122799731e-01
2.878002453356395818e-02,3.042077046979591373e-02
2.457420719261483311e-01,2.819330074916310269e-01
1.663757424248948284e-04,5.838956178872201953e-04
4.389586809476753865e-02,4.574989267240739399e-02
1.100964921789694545e-01,1.371938888063119200e-01
1.247112997833292646e-03,6.848251814046591064e-04
4.355188672128386396e-02,4.350088834389404663e-02
2.245657451181741569e-03,1.610038938937395983e-03
1.813731838569017374e-02,2.020415339049567299e-02
1.569696019844901425e-01,1.582479679549725071e-01
5.642001473380873211e-01,5.990064711864238056e-01
9.458893864777478261e-03,3.087696976993869070e-03
1.059938268560120939e-01,1.124792051561180062e-01
1.053810468163468017e-01,1.143866975541382031e-01
3.136114357953359577e-02,2.688373451375327891e-02
1.812086303012971781e-03,2.024248463062053305e-03
4.798404927917106037e-03,7.914755955826099573e-03
2.205315501300848108e-02,2.129750386247323060e-02
1.399014256945865509e-01,1.314839193101055848e-01
2.634471327095040932e-03,7.069644091887782901e-03
2.119045688297153396e-01,2.213441209227009210e-01
2.132623479249375412e-02,2.114065459904583902e-02
5.986050363572278238e-02,6.904690118798066656e-02
2.833882314926158830e-01,2.390655087140500235e-01
7.747727455338080001e-03,1.463259162819315236e-02
4.066929677451506242e-01,3.963510234364327478e-01
6.585741728254658478e-02,6.914631254767431012e-02
8.549670500325377148e-03,5.190535346040887378e-03
7.551899012822893553e-01,7.540754624940165796e-01
3.262864641934973969e-02,3.334403672383014910e-02
2.916087975614221617e-01,3.175436956289434121e-01
9.531712792756294461e-02,1.021434225341561752e-01
1.603687743697636003e-01,1.510706927411387956e-01
1.759226463920969818e-01,1.694152982504499860e-01
1.217646895621486008e-01,8.404981218661936038e-02
3.989426693869470575e-01,3.735654170702868981e-01
7.502767733490809353e-03,4.742171810507248876e-03
3.709745284213584182e-01,3.865166857365566755e-01
7.725582316432928753e-02,8.699897275672491270e-02
7.505866015949057279e-02,8.613972193063493266e-02
1.001149584578791829e-01,6.234489709798374246e-02
3.450356569761359096e-03,2.751106899000202097e-03
6.055409725582204875e-03,6.909382995626777574e-03
1.095678946599226841e-03,1.432973785651918451e-03
5.775898210448288106e-02,6.624428536969578785e-02
5.173349055154423393e-03,3.655322170174106489e-03
8.883034721059648864e-02,8.482945714092944567e-02
2.161440218253539089e-02,1.360868951712609735e-02
1.736074859584101765e-02,1.679521153321951107e-02
4.100312121159154777e-01,3.696642101897792965e-01
3.415136666349235378e-03,5.682627320829927936e-04
1.911930741036398530e-03,7.136109634432809962e-03
7.308817427590703908e-02,7.599336936525381836e-02
1.375628248548678711e-01,1.511675889261235306e-01
2.160497807429152262e-01,2.400158741584607347e-01
5.920331111045658012e-01,6.641818457318002800e-01
6.816244394372374116e-03,9.931936915812204433e-03
1.612380674576113088e-02,1.544443872065511328e-02
5.518930806625920804e-04,6.210355132453740552e-03
3.306106608044406814e-01,3.213036844624643784e-01
2.370854560768733896e-02,2.428921186984401431e-02
4.252848071036618473e-03,4.381619470689552230e-03
6.244208820177277880e-02,6.884697104921468080e-02
3.486380877133138986e-04,1.829603423082843620e-04
6.771180910419804556e-03,1.209525975955159059e-02
2.722699872648583902e-02,2.937763613309593222e-02
2.894953811261788967e-01,2.836196111004098963e-01
1.094827736720313111e-01,1.021617219411925515e-01
1.465378264145871801e-01,1.791158379017911140e-01
3.082019438043463733e-02,3.538430875414083632e-02
1.749108881920446723e-01,2.066695968707455422e-01
4.948049530239609535e-03,3.646485780279725038e-03
8.898799543756295838e-02,8.131975055393052265e-02
5.175192519139110159e-01,5.194288744437245420e-01
2.521188797870694831e-01,2.779611459948300167e-01
1.336167293110870347e-01,1.159804293492748273e-01
1.353171705537645486e-01,1.402615051199878338e-01
6.327597404354347310e-02,7.050495598490516547e-02
2.374202263286588621e-02,1.546154677840563124e-02
9.063988372334393084e-02,1.042394022314898638e-01
2.790281400256702793e-01,2.464727662220884685e-01
7.757046343043690062e-02,8.196151410358150369e-02
1.261479572675592853e-01,1.285224956046375211e-01
6.140414444369735741e-02,5.314996966166745523e-02
1.468697449712092103e-02,1.411731829260923221e-02
4.867774755272532422e-02,4.636077870794332034e-02
1.112837513583576216e-01,1.131658550189314077e-01
6.076723167180119595e-02,5.858347790762282598e-02
3.819801848513865727e-01,3.883846689004801789e-01
5.232875041051220994e-05,5.529460201399748805e-04
6.804579414213467181e-02,6.190381736795814299e-02
1.369392354520526656e-02,2.836722060247369795e-02
2.994645382574806676e-03,8.216889303538547169e-05
2.195009976994981640e-02,1.349203483694043706e-02
1.903567797186104804e-01,2.082020419306180314e-01
8.824085125199492008e-03,2.511432363064508219e-03
7.668614091999054888e-03,9.005775039956817954e-03
7.775260671605824974e-05,5.444023273611402940e-04
5.352042792990486381e-02,4.187731431247953412e-02
5.960083236140197027e-02,4.324154109849525501e-02
1.197769756672937974e-01,1.331730080639927927e-01
1.313656196626439288e-01,1.208607016710943893e-01
2.177263303551667251e-02,2.103624758288623331e-02
3.720875412208059230e-02,3.916684753829747373e-02
3.413654357285298979e-01,3.564932784998040005e-01
4.480128752900208039e-02,5.409949458981570120e-02
1.329620258587723425e-01,1.151849071307871342e-01
7.952030706574902963e-01,7.437625410411933258e-01
4.386855285721265318e-02,6.987288237824823556e-02
8.764903632573506700e-03,2.176853786059057116e-03
1.155750734815337924e-02,1.209563413902418894e-02
8.705387799958396594e-03,4.781395618712041586e-03
3.819074503646340824e-01,3.455350709123731212e-01
2.866537178976091282e-01,2.780530349564166448e-01
1.229606090028224075e-01,1.024825977891787587e-01
2.133329152354727365e-01,1.907174837001490431e-01
6.887168512270433474e-03,4.507885786402472325e-03
3.379507621649936733e-02,3.622297743150117849e-02
2.993150469137765834e-01,2.830034571801226528e-01
3.313596286182774603e-02,3.615518876750491162e-02
1.135368223717243179e-03,2.457155203099602604e-03
2.726783786631559736e-01,2.720870151212405608e-01
3.410031340122503946e-02,3.748729553693522926e-02
4.758554215212564692e-03,6.343793396982800280e-03
5.070666095513285537e-02,5.696974629153921110e-02
3.866384335300044727e-03,5.116262917772616478e-03
3.927712084326009379e-01,4.009004643741004292e-01
7.086451273753972303e-03,5.582503609907789148e-03
8.749236289249691378e-02,1.022159428150872934e-01
9.193235116225741133e-02,1.184812989857964571e-01
4.231405725214507085e-02,5.037016818535628576e-02
3.594374698746492097e-02,3.346533465786217382e-02
4.102347186505940768e-01,3.899047921994822641e-01
2.865280481201624291e-02,2.943949795266378663e-02
3.258732474219285663e-02,2.862903106481670679e-02
3.698118199884105600e-04,8.895666086918627017e-04
1.010814075788138942e-02,8.531327137263785415e-03
1.472168192575774165e-03,1.283477393119027881e-03
3.533761340578662757e-01,3.506838853133937284e-01
1.044206094548897623e-01,1.097532558822370136e-01
2.675103809657672013e-02,2.276643562583033700e-02
1.145401064689476403e-02,8.210380894196154383e-03
3.600887117967632722e-02,4.652635493816326823e-02
9.576938049641187112e-02,9.119033933666657876e-02
1.799089118538125392e-02,1.508237114579579798e-02
7.879649702472824035e-02,7.375124991870719848e-02
1.392275414796725723e-02,1.581264060041381869e-02
6.743213896533650775e-02,9.533166265783675486e-02
2.652298740912488028e-03,3.340369283761173563e-03
1.161801988503743527e-01,1.225544762199072685e-01
8.235807659938775005e-02,8.631058806868796562e-02
1.060395510231323946e-01,1.170871814704651931e-01
1.387040435944182637e-01,1.287579000511736571e-01
9.276427888595512039e-02,1.150148941133974506e-01
3.156875128208766479e-02,2.124982011297992662e-02
3.183141817895479009e-01,3.298819363396325866e-01
1.714051266085179570e-04,1.513486159485211526e-04
5.060566562465984085e-07,1.731167253353688081e-05
9.748451204239662327e-02,1.080394375164839688e-01
1.380838548437454683e-01,1.291166627984125514e-01
9.726986449430244375e-02,9.803031258499637912e-02
2.455605065133823206e-01,2.760571024379656624e-01
4.887331750970822170e-04,8.693316789891288802e-06
1.497688099715918930e-01,1.546695448432992004e-01
2.509279540149149113e-01,2.690686651042299427e-01
2.193441445011588831e-01,1.990891632539698863e-01
7.508433000354386433e-02,1.031814300021327152e-01
1.976894990462531032e-01,2.190327167509777684e-01
3.911812871314928721e-06,1.132685300731451489e-03
3.955123330475572574e-02,4.095727964031010276e-02
2.006207112785036301e-02,2.490306385328415820e-02
3.327614991682179696e-02,4.282257793260647871e-02
2.132605564619205474e-02,1.993585175044917251e-02
4.221955095511209510e-02,3.504717886293205742e-02
1.732945530808785439e-01,1.382168074918984080e-01
7.116540462945179779e-02,7.377222902289398698e-02
8.060370173346415425e-04,2.988683961326071164e-04
2.385837994297508591e-01,2.072614309129436894e-01
1.986057254639867490e-05,1.409418411426574839e-05
1.639456100449523668e-01,1.706827881082641774e-01
1.587440706713445782e-02,2.116513435918845193e-02
5.149317439495847831e-02,4.789073740164841858e-02
5.729151650409459832e-04,6.712428884145277708e-04
2.020037660490370535e-01,1.529564319142056317e-01
8.437580946153203088e-02,7.171187149069299660e-02
2.233934994533061380e-01,2.383335408529183297e-01
5.275867073443463173e-02,4.920563449664004663e-02
1.316154645226559616e-01,1.636978987008532449e-01
1.862751538679587593e-01,1.911950228640530158e-01
1.710002801166901967e-02,8.017536165844541679e-03
1.656450171472612365e-01,1.522892296319711125e-01
1.992755627311069422e-01,1.771796860607396662e-01
3.701982536016411030e-01,3.933070667028221723e-01
1.183129771821210402e-01,1.381459538609425275e-01
1.485936343047768171e-01,1.757338233751320200e-01
8.520997871903134100e-04,5.960159980721213471e-04
3.816628229134846340e-01,4.214204671407785208e-01
3.351920713585429534e-01,2.980868133061276848e-01
1.791268430047803992e-02,1.595955248241159516e-02
8.240717858708034027e-02,7.909365629855112656e-02
3.251544509408757500e-02,3.231223270704701445e-02
9.683572747558721189e-04,1.786695278281349606e-03
1.036489029520619269e-02,1.998047506109478649e-02
4.051938495377973432e-02,5.193388133777548932e-02
2.159605918139963221e-02,1.870245696153860840e-02
5.208483004612470685e-02,7.305228493768133047e-02
1.902448992803177231e-04,1.276778824901905578e-03
5.081988540832464013e-02,5.915614335627757125e-02
1.079562580120201759e-01,1.194119657027881143e-01
2.738943773086954889e-03,1.738799691618178166e-03
2.287498058860867791e-03,7.419284678351228436e-03
4.257355146061619390e-03,6.064285075897874779e-03
4.432776023096716700e-01,4.667536737239598166e-01
7.898757550344051581e-02,7.398412294465471495e-02
1.240233542518058389e-02,1.537679639618897906e-02
1.877153162470518270e-03,2.339635238300098686e-04
1.887977383828755018e-01,1.901761718474222207e-01
3.405508291977333429e-02,3.319430743994969402e-02
1.063274485206028297e-01,9.425881379572305374e-02
7.159136990601062955e-02,6.836731017803168720e-02
9.551599322471439769e-04,7.068331626227233660e-04
1.633053266922701238e-02,2.272633858152569436e-02
1.309042313299175198e-01,1.218730410324124769e-01
1.173585368484108410e-01,1.249416584237097866e-01
7.847280620091792031e-03,8.157690535973450077e-03
4.847661104928410736e-01,4.599174037179281083e-01
4.444753933467442609e-06,1.315130201562890152e-03
9.397721092558207479e-02,7.902797810870562656e-02
2.449714114104080756e-03,8.159217130295663223e-04
3.275836591170431383e-02,3.911875629782012032e-02
6.741650610057980941e-02,6.995070155187146921e-02
2.557415607779506828e-01,2.148821436846428123e-01
2.646096470719459196e-03,5.179922498524012001e-03
4.127889795714348442e-02,3.780630891157066298e-02
1.021096942992877066e-01,1.104389002441148876e-01
3.463203861917426019e-01,3.379188911588902333e-01
7.563794242083388478e-03,1.577420365564029953e-02
2.566032915252270188e-02,3.107697555966554281e-02
2.591549793065322464e-03,1.815751085890450348e-03
5.244585046579673671e-03,4.109724688308990896e-03
3.741281350437551390e-01,3.737141186822655614e-01
6.602238479501866264e-01,6.971733102649623204e-01
2.164657969573845209e-02,2.786536192692004241e-02
1.229920331477139112e-01,1.293817019305954219e-01
4.512595542729650466e-01,4.514452969434361029e-01
2.220255290093365967e-04,7.570904642513804792e-04
1.919547809976519526e-01,2.110205309519552208e-01
4.433078733625085179e-03,2.448247078573125620e-03
2.991841879287792105e-01,2.826170446543155856e-01
5.196502938990169018e-02,5.322648739225019354e-02
5.981857187344481047e-02,5.780439997359252541e-02
6.061739185852499205e-03,2.318842531456259421e-03
1.443111984646910928e-01,1.604211801150041694e-01
1.632910525667170543e-01,1.740683534856652670e-01
9.361736040388135560e-02,1.016362708660750458e-01
7.195873393855214961e-02,7.527824903917526567e-02
1.130198704972536772e-01,1.209659763420591894e-01
2.590344782407797419e-01,2.591506181736025205e-01
3.633596365907428277e-03,5.354267718411707087e-03
6.840228278221086033e-02,6.369695692337709603e-02
3.373359937422585469e-02,3.023580515145996017e-02
2.904248983932869541e-03,2.439430578876110051e-03
4.279743577473516525e-01,4.181050052915655235e-01
7.666521960382445544e-02,7.994484283853517392e-02
8.988075351302729499e-02,8.315503213587814579e-02
7.763845542827292785e-04,7.439708706359103108e-04
1.212889482783187367e-02,1.049466071973237033e-02
1.743920337491763851e-03,6.873973454590266924e-04
1.715645887876031950e-01,1.872398925105242529e-01
1.340302776099040749e-03,8.532254643254450540e-04
9.653084981798150388e-02,7.003374908643052177e-02
1.801797126064299259e-01,1.782668563224126812e-01
1.277582481737888492e-02,1.148503247653774595e-02
2.438940790939283787e-01,2.668001841908080873e-01
6.461344592064878212e-01,6.792085112107187905e-01
3.533084420806294201e-02,3.261905289990705420e-02
3.876424381115931017e-02,3.224137671572725045e-02
3.850620045385032969e-02,3.698250467301587852e-02
2.578282493626560257e-02,3.114189990596448812e-02
4.494218719821582025e-02,5.427168678089004661e-02
4.466027635518464156e-01,4.063779462118731201e-01
1.446111081558678069e-01,1.536222891543505553e-01
1.295139242530154826e-02,2.245005398918331618e-02
4.070134024373527060e-02,3.893579011168411819e-02
2.787567291235796274e-01,2.774924017252850539e-01
1.526126153093224774e-03,1.219359330801815999e-03
1.144806235383171722e-01,1.102078059252047798e-01
6.721499817722267206e-03,7.326486029736507637e-03
2.197377512328167054e-02,3.643429585071367161e-02
3.459695927370424196e-01,3.624228797632578214e-01
1.684750689388139488e-01,1.342530391191164574e-01
1.626706682323261766e-01,1.533872804719978167e-01
8.335978581979015811e-02,8.141583810878778860e-02
2.799065523954921139e-05,5.554130801261648615e-04
3.605336785445519606e-03,5.923434269084123030e-03
3.663972026103409080e-02,4.770183214383687254e-02
4.612118664292212504e-03,1.878931880935324605e-03
1.193744051891945483e-02,1.131900199621062829e-02
5.423464583385588511e-02,6.513915274439845138e-02
5.004777442207065854e-04,3.386021746358945802e-05
9.822091648901003225e-02,1.052151757823990841e-01
2.246659801331492637e-02,2.652888497303957857e-02
3.548132589831770600e-02,3.755855672439345483e-02
2.574626966295638988e-04,2.501172708914870891e-04
1.610293651752557620e-01,1.432000347766964610e-01
2.829257234890615591e-02,2.181291931804082637e-02
2.466941545332122787e-01,2.464786460149616387e-01
6.213498645619860983e-02,5.150696083122283109e-02
2.046549619777882426e-02,2.003887780345053535e-02
5.607440961455344153e-02,5.437869077580046590e-02
8.873196934079644604e-01,9.074961251392068551e-01
3.001340001291209238e-03,4.197114427820470076e-03
4.779707310622787614e-02,4.448172380428248862e-02
4.722597161566854940e-02,6.168768480800915222e-02
3.144949872834450211e-02,2.624256480557866922e-02
4.160445708307388139e-05,6.909372678469452274e-04
1.496456162239279651e-02,1.559272950896551171e-02
4.239630159133530121e-04,1.160965023090537642e-03
1.883202328898090083e-01,1.784658742355399175e-01
3.153913628203785513e-01,2.929881735779369945e-01
2.494289936806278474e-01,2.664528201718914802e-01
1.081543613035973322e-01,9.459162581591619434e-02
2.982826224660300399e-03,1.352336482650080265e-03
1.564414818688785458e-01,1.928785140609150239e-01
4.242621971438912190e-03,8.628578714018177512e-03
4.045417290697669865e-02,4.232497906376446462e-02
1.581411750952339823e-01,1.614799550417856666e-01
2.048473184948297870e-03,2.827757917395603898e-04
3.489716051499973382e-02,2.958402888909147585e-02
1.748365959043672938e-02,1.250835397965406777e-02
6.421345092013826250e-02,6.448200628303135673e-02
6.700864591256981695e-02,7.950677242747646034e-02
1.200983786291743571e-01,1.163774999507792146e-01
2.461631873241687529e-02,3.075834767705705117e-02
9.696027127257512979e-02,9.912692081564260238e-02
9.916501849386099091e-03,6.591414157022485593e-03
9.305367961973280699e-02,8.561309676623592158e-02
3.045594883710515607e-02,4.330065209204689292e-02
2.045167410849427908e-02,1.595126990357835159e-02
7.883212497012407477e-03,7.016644694956298070e-03
2.860585938722833704e-02,3.536414175709284846e-02
2.593818438538286753e-01,2.275704509012398125e-01
6.275631344767741530e-04,1.090826967428197049e-03
1.069591487406789526e-02,8.705465356378869896e-03
3.423956427330105551e-02,3.389584717046523199e-02
1.177689614446789657e-01,1.177403246237512802e-01
1.154623986793757058e-02,9.790216937528515781e-03
6.826418580578036410e-02,6.781502476705410232e-02
6.390937383061268129e-02,7.441036982116433496e-02
2.366852426845939550e-01,2.089050986597130177e-01
4.099610144777463813e-05,9.655785379043146542e-04
1.583978615135757037e-02,1.718653227555846236e-02
3.972489118577018918e-02,3.213898216943886221e-02
1.451832244968091767e-02,1.047981018975767745e-02
1.255646551358134862e-02,1.862863987821675171e-02
3.456883323240359518e-01,3.045174551736410939e-01
6.352498026504639350e-01,6.631210147004101829e-01
3.818215925260113885e-01,4.027260105232470244e-01
3.047494748583881585e-02,2.728614771098766129e-02
2.927066226369403612e-01,2.668229749320258914e-01
2.436958131647191765e-03,7.091974155294590576e-03
8.028696024395233909e-06,4.117802244757292284e-04
1.540794406751053169e-01,1.369568349252929529e-01
1.311176471204649136e-03,1.176087081109741458e-03
8.293919303449562807e-05,2.103622583693800046e-05
1.176825988094053477e-01,1.317172372572674999e-01
1.170487425346225963e-04,2.379349788248307884e-04
2.639466598221321364e-04,1.136559577723648311e-03
3.295373558577539136e-02,2.618319944642540781e-02
8.957009952136626985e-02,8.583706549701057564e-02
8.045283002199830891e-02,1.027708169104109559e-01
6.406363541680440421e-02,8.159348789693844639e-02
2.808823284551805188e-01,2.898868344601143177e-01
5.878543867287618204e-04,2.017335919265423152e-04
1.591239472902219454e-01,1.275558962616491765e-01
1.309721568660585644e-01,1.046635949424652712e-01
1.506794025552453675e-01,1.593828943687819466e-01
1.171850260375013539e-02,1.390674441720064249e-02
1.631336625170098573e-02,2.381445988908614461e-02
3.593576820966184332e-02,4.653213622278674910e-02
3.103622370887116344e-01,3.041091830759835579e-01
1.628691009642682305e-02,1.034172109818805307e-02
2.862035650293172796e-03,1.560799836366571786e-03
6.282212402706482957e-02,4.077941782692316719e-02
4.549468017589060331e-02,3.029473192056589964e-02
1.603203106898946906e-02,1.546920480810804605e-02
5.222569080353312021e-02,5.755789543155510890e-02
2.031261205780176271e-01,2.088842044678650978e-01
2.253226933850745184e-02,2.839858269612732453e-02
1.696001148567880534e-01,1.775477499854096752e-01
5.056561069427570887e-01,4.821342458068562098e-01
6.013430228105117858e-04,3.301767158195313126e-04
2.193410620759580487e-01,1.917912229320259121e-01
4.534811729305974343e-02,4.366041268844627482e-02
2.578839314469562605e-01,2.926403359127964232e-01
1.108246883383352810e-03,1.170178365714110840e-04
4.837194448242172935e-03,3.949334344009773016e-04
8.375357518377028743e-03,7.553627574945525475e-03
6.943765669269163981e-07,5.444107513116690743e-04
7.039003774433540139e-02,7.350955676680057116e-02
2.344532212447414995e-03,1.750470693673397650e-03
1.912625948541946119e-01,1.786638794841913513e-01
2.632962520029131226e-01,2.845094964870170662e-01
2.017043626881216412e-01,1.729003946017644011e-01
3.465477192219386382e-02,4.524238954407867885e-02
9.064319281905244829e-02,9.673648432894427218e-02
1.695326109550176694e-02,1.731969716071083548e-02
1.729560310326721390e-02,1.356888621574726256e-02
6.021272855962769843e-02,4.725909949977630253e-02
2.521405009430778554e-02,2.414369515520232296e-02
2.268761107277095929e-02,2.575578800725634998e-02
3.698737890235778702e-02,3.901858533029941428e-02
6.661932767846292514e-01,6.455757503948416076e-01
4.984741697734948809e-03,6.431487525344619857e-03
1.765885937084269441e-01,2.013233037504841283e-01
3.505015958480327265e-02,3.309131876054283161e-02
9.073307964995423747e-02,8.440477400816089049e-02
2.351030514477637622e-03,2.742034272731559130e-05
5.377360206625718397e-02,3.188410714848129851e-02
2.918382947911342742e-02,3.316668674052326155e-02
6.345737367479189484e-01,6.563644705598907780e-01
2.253223622181434183e-02,2.565009799477978650e-02
1.235289324111209100e-03,6.883801086091800728e-04
1.057924055100595328e-03,1.290993242157787140e-03
4.617950547423354535e-01,4.663288931366357248e-01
1.626096085533387109e-02,1.763028040091806775e-02
1.141225999997286800e-01,1.160762318778501001e-01
4.372856935506611725e-02,3.652922538729516666e-02
6.049640647653660164e-01,6.106806382356846363e-01
3.812497096390061180e-01,3.463946216879517093e-01
4.946495380728569979e-01,5.110119964270776194e-01
1.355515376481183573e-02,1.328391162458949365e-02
7.594929135732869652e-03,9.075377465881433181e-03
2.489580438642490651e-02,2.869105648943778841e-02
2.279312985894119958e-01,2.467126409782381680e-01
3.456912437137590888e-02,2.820771021934721443e-02
1.920678227417931330e-02,1.857360368893158642e-02
2.326239338659022993e-01,2.065424412059482795e-01
1.033183990643877920e-01,9.475861473964139470e-02
3.162361976102062711e-01,3.044326470148571717e-01
6.011145081570807257e-03,1.147171036388478643e-02
2.584419509386198799e-02,2.213363554222811530e-02
4.310672622450547470e-03,3.566974078414385328e-03
1.683442922359486152e-03,9.103276679210539147e-04
4.990148184057419112e-01,5.458165990009656854e-01
6.542691154625958350e-02,6.416874181286219558e-02
3.696570894074957449e-04,8.811210871122880683e-05
3.832876004734096509e-01,3.722118167315735526e-01
2.118939103595122650e-02,1.499827010928057348e-02
6.420178630658206209e-02,7.362513153600598603e-02
5.457251051956054245e-04,9.882900338887617368e-05
2.761415559025599126e-02,1.694916363015207955e-02
5.481511904081926706e-02,7.438434071558136518e-02
6.444597305469544450e-03,4.998774914109148718e-03
1.010959980878719799e-01,1.071059498696408374e-01
8.447977200811705766e-04,1.983239455676762196e-04
2.585426177003573578e-01,2.613236140627032134e-01
1.712177011396065762e-01,1.473271299659452138e-01
3.444949372953819838e-02,5.621219085662154669e-02
2.588134650752827448e-01,2.738883191328518873e-01
3.367310473586485747e-02,2.236574407245843499e-02
7.335759362711678777e-02,6.728720114341499303e-02
1.592697533194884093e-04,1.097736492246606738e-03
6.061616334814245018e-05,3.462019369455285285e-05
1.008133016266220400e-01,1.023702590424480502e-01
7.239814410117354805e-03,1.011058464688223239e-02
7.466042314847354255e-02,8.025199524538460805e-02
1.010428224628970723e-01,1.145308445702538508e-01
5.518680622417618808e-01,5.180294085830272621e-01
7.866445506001832136e-03,6.062962911797725729e-03
2.411883930774201892e-02,3.233962372353003933e-02
2.416048710185512288e-02,2.324311815116358523e-02
3.877911535171878004e-04,2.231260552797912581e-03
1.340863687988437178e-02,6.846937732215121857e-03
4.816494535258156184e-02,5.057457820805114079e-02
6.842178100260666584e-02,6.935020179186454636e-02
1.951978490717545811e-01,2.090455646963278180e-01
7.579318696644984921e-02,7.666513432018731700e-02
2.176454849713595208e-01,2.130235580754015479e-01
1.461478511908811950e-02,9.713247352060099329e-03
7.395018802324884732e-02,7.666823259453416084e-02
2.011483879987757684e-02,3.061321729278636619e-02
2.329043580744964808e-06,3.678642907164540298e-04
9.868614905215949973e-02,1.038415773412377646e-01
3.432030490410115271e-03,2.835489420977810836e-03
3.797235611582824161e-02,4.721256575744754019e-02
8.882754965350765988e-03,8.004557351292934664e-03
7.018276763974855758e-04,6.628924726765090397e-04
2.815385086798488090e-01,3.086248131254644700e-01
2.088111970551711702e-02,3.871452393861072455e-02
6.922420802265143169e-02,5.985473049098941761e-02
4.806517538295918858e-03,6.889792726692951091e-03
1.193552533467448634e-01,9.458391407184797706e-02
5.444265449437488691e-01,5.305801384152685207e-01
2.276024144257085546e-02,3.530602366270021303e-02
1.588557789526041653e-01,1.842521735240079950e-01
4.090397216333974684e-01,4.164966347356690579e-01
6.003474322198391888e-02,5.213886129673224457e-02
2.626136198227756961e-03,2.447274967604799820e-03
6.563647831476157601e-02,5.295888365549068777e-02
1.571252364091341758e-05,3.352315702205464700e-04
2.491901205292394381e-02,9.676966795032044058e-03
2.461515525980176311e-01,2.482506697226629366e-01
2.619773219778421397e-02,4.864402451696309138e-02
1.925652809945041163e-02,1.068489511094443921e-02
2.386153232813880420e-01,2.449300012500152390e-01
3.851223186246210267e-02,2.749834927410556296e-02
5.663538497699483268e-03,4.599559423231773005e-03
9.029377448794308203e-02,6.759853323712221307e-02
2.460576255181463334e-01,2.680090260397469670e-01
2.897711916839196961e-02,4.400488308867880893e-02
1.307197200751358812e-01,1.221609978606882918e-01
2.478721043071408225e-01,2.417527773651106382e-01
2.174045348432428193e-02,2.896105306886695083e-02
1.466354698447708549e-01,1.443931365160381619e-01
4.849002027782459145e-02,4.171267876886535636e-02
6.810159839665817436e-03,9.436949966975263782e-03
1.282425613029020972e-01,1.261704906386542924e-01
2.328349038895348444e-02,2.955728472473269711e-02
1.849447113147555805e-02,1.893921456120353786e-02
9.127531046525580840e-04,4.326698512621158545e-03
8.626848462250812088e-02,9.775078856775377967e-02
9.711952408988340577e-05,4.948324307190243116e-04
8.009783161987053465e-03,1.561473657865712454e-02
1.421214578007546497e-02,1.070810236762953158e-02
5.746148819634837313e-02,6.574288311441132959e-02
1.454079760247839123e-03,1.601854171391513607e-03
3.233862976759108859e-02,3.051108907386122088e-02
8.894196473354841291e-06,2.646988453145516520e-04
5.807196785261901440e-04,3.832146072090112342e-03
6.076693516914717202e-05,6.234489837688751441e-05
4.329453323359425641e-03,1.900535039347353572e-03
7.099613258060286959e-03,6.001916304015851925e-03
3.238213152425354225e-03,3.319244981865603853e-03
1.500873576388508102e-01,1.729009926286519394e-01
4.607496813258323519e-03,5.491657834386255883e-03
1.678330608738903551e-01,1.849849807064135321e-01
1.257917910181733344e-02,1.235395088727538233e-02
1.566952847846850988e-02,2.031572996113742077e-02
5.940311648373467965e-03,7.045569162859508655e-03
1.551802243954703564e-01,1.841430184401306180e-01
1.385584446845466444e-01,1.145364368952209028e-01
5.320453879256460683e-02,4.987219833399082064e-02
6.252870340159151497e-03,3.646771067579120725e-03
1.326583435556901846e-03,5.735031746002405492e-03
4.499848388290694778e-02,4.094211665046432885e-02
2.621543854672894747e-02,3.003583827147339111e-02
1.137141417385854197e-02,1.926352064621877219e-02
1.407124138335261480e-03,7.666158619303414497e-04
1.162828656160996982e-01,1.242347609688791849e-01
3.153153120112369701e-01,2.970125185040942695e-01
3.422306876173409895e-01,3.373502766314582235e-01
4.931595124866252310e-03,1.464864192648888128e-03
1.813345744451598796e-01,1.702188448467746307e-01
1.757249656668076129e-02,2.149739898921980766e-02
5.915787876452435756e-02,5.630820875230636846e-02
1.292508341771101410e+00,1.285277512417639434e+00
1.172001742948069192e-01,9.661261521304327637e-02
6.859999040494800526e-02,4.767414042665441692e-02
4.451900601303306580e-03,3.900126522249172580e-03
7.008996873033927766e-02,7.248920811634845807e-02
1.596518578619546269e-01,1.804228710746398345e-01
2.709931034654093629e-02,2.827808873226640013e-02
6.386953566457864023e-03,7.372297864070241451e-03
5.683878967445282586e-03,4.063655945285656393e-03
2.695931998700187848e-01,2.597471335274887938e-01
1.815154612872735274e-02,1.555328448786821166e-02
3.706751685371644650e-02,5.245444974646894243e-02
1.036364007946399650e-02,8.893056164794356858e-03
3.936334545344422932e-03,3.206221644526720174e-03
7.415354491193752208e-03,6.409200920438421975e-03
1.594561489751267769e-01,1.697385090379268935e-01
2.797797914292844967e-01,3.057095174411739169e-01
5.901486364327352963e-01,5.915817572987325246e-01
1.324115198728496065e-04,3.037533116330290916e-04
9.327237901312512847e-03,2.870094603453461797e-03
8.958763379444910357e-02,1.020405051754876835e-01
2.285375152888088901e-01,2.323893140959572279e-01
1.011994416186797613e-01,9.453623424415658061e-02
5.123701426246883572e-02,4.812432724739905410e-02
5.224698614231137322e-02,6.338029234194803019e-02
2.444230510778664933e-01,2.380909887370121769e-01
4.736345726831145929e-05,7.660679687703481073e-07
2.611824574300858175e-03,2.994964190736114536e-03
9.458329294220925443e-02,7.650502235867426282e-02
2.992138450974597165e-03,5.662453084026737408e-03
6.475924854768094763e-02,5.587640403103313891e-02
5.660304978935414184e-03,9.379729897293858851e-03
2.724185853184316053e-02,3.090726087098629588e-02
2.038707358420904087e-02,2.534511946631258505e-02
2.013218327396550655e-01,1.980058434382878096e-01
3.779207615465587380e-04,1.406258411826197314e-07
1.346776440894252580e-01,1.463778865238565818e-01
7.763344544915390388e-02,7.376424741244591576e-02
5.064782103838551958e-02,4.484220275048304838e-02
3.050727920054784326e-01,2.659710590724195800e-01
3.877125104733051830e-01,3.811766089725932560e-01
1.012098719285089710e-01,1.120855662367858246e-01
1.420818835736821842e-02,7.342757118402878751e-03
5.062711187330570448e-03,1.284465167947289668e-02
4.088987005424188359e-02,3.712952522370711189e-02
5.851612415246119914e-02,6.289689669265945138e-02
2.112195694581321150e-03,2.504962872495206192e-03
5.562032979938667928e-04,1.567039649287892871e-03
2.180286511403273491e-03,1.153861176493896487e-03
2.959851696650965536e-04,4.536526403137218846e-05
6.887161990761302144e-02,7.468887211080732502e-02
8.047289856956436893e-02,7.763868840155080386e-02
2.507889720805123734e-01,2.260724149440403175e-01
1.186991810955332766e-01,1.106482238146075103e-01
1.408617715800368139e-02,6.647063054389980297e-03
2.506711666316610021e-01,2.991929619541526253e-01
2.760158624032080232e-01,3.030858473852294233e-01
2.539074392219824450e-01,3.064565502996723367e-01
4.061261752571014550e-04,9.113777853770317454e-04
2.566463450409237623e-01,2.513257373003861539e-01
3.142791317064961287e-01,3.357341834157427929e-01
1.141032740556862241e-01,1.183993597830667599e-01
2.742133326536588811e-01,2.687939673049721256e-01
2.120989048916575304e-01,2.117996085326355471e-01
3.071008883919962035e-03,6.810569203139863262e-03
3.684725794495568585e-01,3.517414420024088106e-01
6.979135498518281022e-02,6.376740124105814700e-02
1.341170614848929410e-01,1.295503581870991461e-01
1.638102105647101236e-01,1.588330180333891450e-01
1.868809518122114752e-02,1.963025424808534716e-02
3.195021720928148054e-03,3.455167419745950978e-03
1.409242923731188757e-01,1.120402169485814337e-01
1.025189427510837387e-01,1.100321215643002004e-01
8.908334764322134447e-02,6.954483453972604146e-02
1.109743299571384206e-02,2.615543850342995705e-02
3.681774985861856475e-01,3.681026011507532725e-01
2.056092841263600784e-02,1.986272251899258781e-02
1.161716656488958471e-01,1.527533065646315413e-01
1.488400248765667788e-01,1.358537064104104464e-01
1.516108634034034064e-01,1.413414326129125154e-01
2.069218976831668614e-04,3.665842284954628789e-04
5.019004433725076098e-01,4.976801079425653418e-01
6.276631079541331037e-02,5.252978081296960644e-02
8.448129072821706220e-01,8.542832257279321384e-01
9.529920042995773111e-01,9.494197583437048449e-01
5.408293435403404952e-03,4.700727333489331666e-03
4.664236123457126890e-03,1.218447175585831745e-02
1.200883238490555172e-01,1.152082110423686828e-01
3.416637195537164384e-02,2.496857432291357468e-02
6.055872278186070655e-04,2.673289371876699273e-03
1.086838460325739580e-01,1.139251516827137906e-01
1.520078740584664308e-02,1.213099164218861721e-02
1.859255988644767099e-01,1.800105862408101220e-01
1.335381026363439928e-03,1.425398628778372064e-03
1.126330131095935536e-02,8.775559368832633322e-03
8.368603223847054240e-02,8.498732299648355248e-02
9.779766679086292040e-04,9.882099980341142124e-04
1.651249111268348890e-01,1.726198470004505492e-01
1.814155249556882342e-03,2.297908283355405094e-03
3.640884129378200475e-04,4.344654783040610393e-05
1.497599533988797638e-01,1.500164339190656060e-01
3.664398375816154546e-02,2.619170101334548570e-02
4.437756898876988876e-01,4.584450685937639380e-01
1.065823679599032028e-02,2.315202324658737279e-02
1.520572861416441268e-01,1.431728251832018739e-01
1.166416973995374196e-01,1.471535669604027152e-01
1.068008100289568885e-01,1.095960108201914918e-01
1.645966398000031595e-04,6.322611931518707555e-04
1.287219442646888093e-04,1.089520100188435121e-04
5.997827728901793803e-02,5.327272016782285541e-02
2.483737705498695325e-01,2.507943851218719100e-01
6.896703671868825714e-02,8.923810690100814069e-02
4.211414453426227666e-01,3.854156188975788044e-01
6.988590933857160570e-01,7.232755852354334491e-01
2.879579224844633009e-02,3.578362867257767893e-02
2.470568104226202890e-04,1.576503625891274071e-03
1.595326319825334069e-04,4.058110381369441486e-06
1.477389192899071025e-03,4.192224339517058602e-04
4.927002776080792457e-02,4.351875578755368817e-02
1.066568320038016431e-03,5.075898145331771621e-05
3.059413854763880919e-02,3.615697599805674234e-02
1.601451658654602928e-01,1.495635001046160262e-01
8.675361624492505808e-02,8.936797172338782624e-02
3.254907543548953008e-02,2.213017008629611024e-02
5.114737932095893280e-02,3.332527608605360264e-02
1.896759648160411815e-01,1.969883025942646693e-01
2.420498406984548656e-01,2.196302007733697548e-01
1.359946820966700942e-01,1.318733298223532802e-01
6.104862176068024532e-02,5.789225518757704081e-02
1.085971782856425547e-03,2.535436473175620067e-03
2.911442484429601629e-01,3.088116499958389327e-01
5.895933149711762161e-02,6.567481047218710899e-02
1.345522553715837732e-01,1.140635345996069000e-01
4.825948768171724884e-02,3.682016530859582443e-02
9.446951748845595909e-02,1.079014620106609756e-01
7.778801655674463800e-02,7.778676546911215961e-02
5.695119036477147567e-02,6.317446944055919722e-02
2.625549992654811760e-02,1.906429740000122400e-02
7.671303696956621732e-02,6.506018621449624617e-02
5.870529328349932685e-02,5.155672516922079479e-02
3.980949604475826284e-03,5.772250919121273485e-03
1.218083411840359138e-03,1.613963015095855932e-03
5.135198242375640064e-03,2.745327065674866250e-03
4.723362080379042444e-04,1.502754808630982295e-03
3.434434864548592103e-03,1.303113640805549610e-02
3.774907665751915387e-01,3.627633529153364567e-01
2.077379687413043879e-03,9.275304750977561444e-04
3.894787430473206635e-01,3.524999401123355414e-01
2.219602073458511876e-02,1.701154254566969448e-02
2.845148542866717672e-02,4.336075127300956233e-02
2.852137033849054537e-02,3.164628101876935246e-02
1.138337628312309198e-03,5.885213810047958912e-06
2.032746037861555763e-02,2.142729289642463994e-02
2.443936765492276120e-01,2.796760639482510635e-01
1.340830268700857197e-01,1.417021695099671685e-01
1.044209572860095303e-01,9.441224223872567156e-02
8.749078295809144257e-02,9.418913060524067293e-02
2.840253148344146564e-02,2.336354082306161747e-02
3.084848516695458120e-01,2.723777726801924759e-01
1.154416064992900004e-01,1.342698146251457281e-01
4.444373232847008137e-01,4.666852260164593980e-01
3.296468041534647998e-03,4.981296212290658434e-04
5.213342156827237561e-01,5.525355035277564886e-01
3.171717727193528596e-02,3.181907498142101665e-02
1.152881469194714202e-02,6.005311907433660487e-03
2.086338115675709370e-02,2.198867044449257999e-02
9.478599534593636078e-02,8.686512833077815465e-02
2.772807336885977358e-01,3.014382023114447473e-01
9.095667681633821944e-02,8.492587289063896483e-02
9.851553017843776849e-02,9.742572087457639085e-02
7.614833984333424510e-01,7.857750645349675933e-01
3.859059477808804428e-02,3.725959109554686371e-02
1.498184234908445100e-01,1.749132518441388895e-01
1.735695965567899401e-01,1.984071668181994486e-01
1.156199580993172308e-03,2.426411438447187256e-03
3.958947756395372886e-02,3.512473513183696910e-02
2.973554355292708663e-03,3.414588152561858197e-03
4.734026615703684771e-03,4.193120834219518818e-03
1.498998885609152676e-01,1.539754831602092866e-01
1.261263117895686063e-02,1.274008120745340721e-02
1.383951380549367782e-01,9.746999171085118929e-02
3.046945919785276624e-01,2.988551196844296820e-01
5.393306085192897670e-02,5.076049088489415634e-02
7.122626663071789099e-02,5.704047345305789107e-02
2.005972731291667810e-01,2.191906804907434725e-01
2.344216897821889065e-02,3.018551642510472477e-02
6.389881976917047290e-02,6.676201151715127624e-02
7.143103039251135801e-03,6.784751320339415907e-03
8.821333143693451881e-03,1.241744223205767939e-02
1.767182253439071593e-02,2.219846348331356786e-02
7.351903563824016552e-02,7.858532837443464591e-02
4.405050263611450662e-02,4.166100816708905724e-02
1.827787783885249234e-03,3.057123006444012773e-04
8.076967200064569252e-02,9.116394787997603166e-02
1.731945305445566075e-01,1.599408341107395881e-01
8.994696182006470600e-03,7.212412338561762469e-03
1.468906032325797972e-01,1.564693768471642210e-01
4.633435086088273647e-02,4.784322197099702412e-02
1.057386085040665918e-03,2.752742291309056492e-04
1.973441544777035372e-01,1.814784982056466545e-01
2.856017918053097362e-02,2.953946919003488242e-02
6.518692931762228027e-02,6.748245181218659461e-02
3.197590066756372251e-01,3.379737842144007187e-01
6.592337444859073387e-03,7.694492139448835116e-03
2.403879194769901195e-01,2.724651133598847697e-01
1.077532339221424079e-01,9.613659129964714778e-02
8.293589684992717925e-02,6.657214086682784748e-02
1.365900738424560557e-01,1.376765872389141276e-01
1.575937650475663782e-02,1.678003575787414756e-02
1.114770119323262379e-03,1.255759594143336048e-03
1.522498101649403801e-01,1.424489470161355298e-01
2.383253482262707654e-02,1.682209639297710738e-02
4.853285202022107094e-03,7.624024478863945103e-03
5.831069835704696773e-03,7.322585914459531047e-03
3.965172540700818982e-02,2.935917706009243469e-02
2.312328613876725707e-03,3.304074991864574955e-09
3.179039345759223701e-05,2.671545892773834240e-04
1.151011277865054798e-02,1.382742297148516729e-02
9.532603259511726985e-07,3.512185416489985997e-05
4.095817151155952199e-03,1.609251019789696485e-03
1.503358576031469176e-02,1.797951386329829648e-02
1.476055548555456620e-01,1.586804917952312766e-01
6.267376423810675640e-03,5.801297253072668254e-03
1.972504502964499834e-03,3.722565129139187787e-03
1.343602870845488906e-01,1.219088715441389581e-01
7.402023948042190738e-04,8.222412756995259569e-04
2.689049572243433772e-01,2.548737902975438674e-01
4.314314515054905319e-02,3.727668246072704528e-02
4.171906415065303880e-02,3.984670147203559637e-02
6.262133817314680106e-01,6.642603281199033205e-01
5.836331595636692210e-02,6.845586703470227241e-02
2.462820448810900398e-01,2.119442643531266046e-01
8.386172058913686500e-02,9.187940013705761522e-02
1.752586609715640702e-04,3.268415416882001996e-07
2.174449593042771522e-01,2.027611254705034283e-01
1.305215603036267713e-01,1.110594843402211152e-01
1.231214879455940110e-02,1.370350770107517727e-02
7.439523167556261370e-03,2.687528492168699684e-03
9.107460681135970491e-04,5.893521700588621928e-04
2.814161605749040604e-02,2.724934950286406893e-02
9.885327236226251757e-02,8.874968475150801783e-02
6.346478600025835803e-02,7.464181490445562228e-02
2.276295987814008215e-01,2.237934130636271002e-01
3.094045288808725536e-01,2.837761864549005475e-01
2.200542705653072903e-02,1.438992140880507482e-02
6.591823142086132570e-02,9.157459857608420128e-02
1.708167808869790475e-05,9.799357097123365633e-04
4.789134094021146870e-01,4.721312982489524468e-01
4.765764498872782952e-03,5.900857103458513261e-03
4.698560687739000014e-02,4.342663854722716293e-02
2.042107098927373882e-02,1.364416929125807088e-02
6.216481837408633151e-03,9.264753231582755280e-03
1.842196231964415010e-01,2.150417765568060913e-01
4.774551598235217409e-02,4.102728591265566299e-02
1.827799149980338378e-01,2.229960426688984698e-01
2.243875926348641026e-01,2.460025969623435005e-01
7.943210348602155468e-01,7.773102462875186580e-01
1.745887177016895164e-01,1.940865074426778303e-01
2.154105309579637528e-02,2.990707995125132732e-02
2.056196669216300843e-02,2.223921824644922718e-02
2.458988976739675397e-02,3.677037441813257868e-02
9.021826421567386619e-04,2.966244556409514533e-04
9.918508323901568946e-02,1.094780767059866239e-01
4.338468703236237484e-02,6.068584465167160824e-02
6.276210515609989549e-03,4.853826011899921473e-03
3.751450000707124421e-01,3.695302659556589098e-01
1.533785660554009278e-01,1.892644491711188148e-01
1.534928521144468261e-01,1.129766869671047363e-01
2.031292139511926137e-02,2.323874793376139863e-02
7.899052092700285105e-03,1.505036873904687204e-02
1.900152646129744105e-01,1.608685366844515574e-01
1.629119066156158729e-02,1.425092151720057897e-02
1.939364205710302283e-02,1.054178208120875627e-02
4.096654437704342344e-01,4.153627553553680962e-01
3.670701586627043989e-02,3.697267048336537465e-02
1.625493846975404333e-01,1.692543451868484539e-01
1.451090037441386538e-01,1.693698257369442850e-01
2.377605655218794356e-01,2.209469466294219642e-01
5.443535123729049963e-02,4.150903655245084117e-02
3.546712970779683505e-01,3.558947995663249708e-01
1.624029557045570879e-02,8.951511246228102681e-03
1.206110818902469684e-01,1.068963025889098223e-01
5.271172135750138744e-03,3.352068250991816021e-03
9.695794395366327811e-02,9.735865188970765915e-02
5.611168402922388221e-02,4.286781109989619420e-02
4.625066460779172495e-01,4.980495882708120270e-01
7.078715868785337428e-02,8.079527294641147828e-02
2.123208706664224954e-01,2.300216867214943117e-01
6.410640905484367609e-03,2.152899951637534618e-03
5.061193346367466595e-02,5.624393358173093715e-02
4.352502365266500833e-02,6.275761925047079748e-02
6.283562635396226781e-02,5.629706106893505452e-02
2.049680057408334866e-01,2.156413837356951080e-01
1.718837054553342932e-03,1.097378588413386465e-04
2.351708806180163522e-02,1.813429363397467409e-02
4.194384848042020941e-02,4.554068312926399381e-02
1.695719349679620375e-03,1.795563832203171846e-03
1.325279838805050285e-02,2.475761864130094844e-02
1.344224017594599589e-03,3.432657475376148151e-03
8.398579705264698492e-02,8.402213672371076914e-02
8.464877541601646682e-02,1.037281545749644401e-01
1.219323111688282585e-01,1.319000607059560293e-01
1.585475016281695168e-02,1.235920725459587269e-02
2.588399308561826345e-02,3.215843713180061014e-02
4.897700728657911062e-02,5.134138646721363164e-02
2.719532627196699984e-02,2.672080528973651628e-02
2.015064589629349256e-01,1.895363241428124346e-01
4.181704490541375378e-03,4.440340164961162871e-03
2.048361286325894870e-02,1.992410675699917214e-02
6.580721185497719061e-02,4.733707179169013846e-02
9.586310947128069346e-03,1.017506987929962282e-02
4.993731453094469447e-02,4.225415698628445099e-02
4.049081219050756908e-01,4.110470902173531393e-01
3.690712008237448990e-03,5.034321452995017820e-03
7.877546513766237046e-03,1.204828711605351876e-02
6.734622940555261561e-01,6.828110176415856936e-01
1.202521113302358266e-02,1.439336112938158219e-02
6.249627795142980585e-02,5.975394342108004270e-02
5.293080968519272948e-03,5.679235560044060965e-03
7.137910174271563379e-01,6.665408004143618115e-01
1.302007471003711336e-01,1.226062128156638342e-01
1.674476654603030031e-03,7.050443886021969106e-04
5.103994040005112309e-02,5.743288201986253283e-02
9.928039188875627252e-02,1.118595485733465122e-01
1.625034788928048368e-01,1.699247147288119597e-01
2.128194272597322134e-01,1.903379335290760199e-01
1.216149487806557350e-01,1.232743026672255687e-01
8.436943490255774947e-01,8.068165963127994500e-01
1.278356925392298560e-01,1.470203589782059783e-01
2.918136868265209030e-02,2.238856626823611598e-02
7.493726557035627900e-02,9.131021709027715982e-02
7.056440582164998088e-02,8.929868115426424502e-02
2.977995184855289912e-01,3.013165808291449754e-01
4.432826722346251691e-02,5.152657550597968678e-02
3.672977444247514872e-05,3.880549171792380976e-05
7.966300579348384314e-02,7.375359738383767405e-02
5.222458362146335797e-02,4.632955432494067355e-02
1.257679374159763330e-01,9.957757134522435272e-02
4.314205234181262916e-04,5.627205768009096808e-05
7.500267133614145487e-02,5.924315158695150907e-02
7.808117299369445085e-04,1.660396229110546037e-03
4.046451082592156003e-06,4.608401790841288594e-05
8.740838528353707393e-02,7.793782850102397297e-02
1.654062974155696419e-01,1.442547737184418088e-01
1.038588190075115207e-02,1.624014052430072103e-02
1.019728758865799251e-01,1.043561932114049490e-01
4.609957339751800942e-02,5.726857526437308804e-02
1.576302670700148734e-01,1.998092189267981766e-01
2.018189351954322724e-02,1.280545987721576871e-02
2.422505825707247512e-02,2.199316416732396626e-02
3.193345593882803701e-01,3.086408005102924679e-01
1.254312826282815985e-01,1.258452742101156818e-01
5.009082245415022450e-02,4.632382166244671667e-02
1.185290701450076277e-02,1.167022943330431502e-02
1.473250786888789104e-03,9.844675917939007138e-04
1.222103979655590061e-01,1.328542676174595538e-01
1.098645497644071684e-01,9.252439560828028264e-02
3.121570934074112680e-01,3.069157070949297128e-01
9.198860831574891261e-02,1.242223718820504447e-01
5.138158888143342512e-02,5.141248504996489416e-02
3.385516814701507171e-02,3.780993176987132443e-02
2.519780728361905447e-02,2.163190300330529448e-02
5.569985669486645641e-01,4.889927810139172437e-01
5.022801119169419907e-04,7.697505377111173120e-04
1.292230722849395941e-01,1.495154942938385356e-01
3.246464276060657267e-02,2.687731247264089560e-02
2.087143185034553150e-01,2.372135682785047051e-01
1.509417717267700632e-01,1.446559174172208639e-01
2.977143685473984235e-03,1.697270218306118480e-03
1.414135121854113442e-01,1.446187157431691184e-01
8.400482955794755322e-05,1.714925872226149336e-03
7.115747930214371200e-04,3.587689117553370059e-04
4.101590177650085191e-03,2.832065093728269867e-03
1.256394998043604966e-02,6.359682107726921316e-03
7.373572512020132308e-01,7.308992298609496840e-01
1.361967370152218464e-02,1.813107639277687297e-02
5.003974371642884444e-03,4.728074011848723036e-03
2.948205574901430759e-01,3.403902545950969194e-01
4.474630829917383354e-03,6.935316498534185685e-03
9.796294477400576198e-03,1.377104851295740326e-02
2.837293902021963410e-01,2.701639554647223829e-01
1.705544732821318576e-01,1.754966747611659272e-01
5.568421473555549422e-04,1.070300210942200768e-06
8.027786696551990342e-02,6.868816203724840974e-02
1.060590687282595701e-01,1.017757349354747320e-01
6.369214487915215821e-03,4.633648916397350992e-03
2.233560849565323636e-01,2.348035647130629067e-01
2.216280113506336469e-01,2.230351377587122541e-01
3.939613670435287811e-03,3.299095102061718604e-03
2.319798954248096512e-02,2.157167805612534781e-02
6.830368481458071184e-02,7.879830805218146494e-02
2.502089937135149600e-01,2.413254365692443781e-01
4.211708757232922318e-02,4.721188644050924865e-02
9.378647741762344628e-03,9.881430977295060925e-03
3.211484409146540819e-02,3.951638913719748153e-02
8.298838722293788370e-03,3.213034595148411918e-03
3.034429800931898440e-03,6.697092033817151312e-03
1.079970921195757644e-05,1.106884435890327151e-04
4.953079397807649831e-02,6.291253589551026870e-02
2.087868279832416889e-03,1.115612163899272827e-03
1.165482928537231976e-02,1.184337341820696464e-02
4.958086975124141871e-01,5.049110008788341153e-01
4.268336455040686733e-02,4.774315472159654239e-02
5.365505410464306845e-05,3.097408357314879461e-04
7.533095735057297434e-04,8.930883380812811760e-04
1.453144861602937050e-02,1.940264040038350637e-02
3.586783418989650252e-02,3.229568824920029529e-02
1.608840191843626255e-01,1.707913592072614062e-01
1.392280610041423360e-02,1.134485226748325679e-02
1.937382267591601301e-03,8.145853256578012300e-05
3.054647853653723044e-01,2.652665804221957524e-01
9.910335812120473452e-04,3.581271916899480623e-04
6.762156047605077935e-02,6.527710708049766497e-02
3.333999292099778383e-02,3.371622932005165912e-02
3.834292153577319694e-03,5.804027496433357761e-03
2.560311335929167931e-01,2.535239479917290595e-01
1.339808903626608753e-02,1.465819724452859830e-02
4.076742487075150634e-01,3.683901625651891942e-01
4.399418608294994315e-02,4.642319891588622682e-02
8.217406440098524723e-01,7.961844201971375323e-01
2.223030697694133306e-01,1.941319092260598844e-01
7.580066070656595913e-03,5.846768971035200615e-03
8.646657178328439773e-04,4.568133871142806049e-04
4.656416288885097399e-01,4.561055745492932356e-01
2.846960000927268308e-01,3.090368035005441882e-01
3.064017751535506612e-03,3.259950582595547500e-03
3.712358762441822502e-02,3.321546998498870612e-02
5.902272946714550717e-01,5.628052804509916518e-01
1.219664460529859690e-01,1.265769467881933952e-01
1.425782692709859911e-01,1.581559127247111896e-01
1.344622862189474681e-02,1.011761479835788201e-02
9.192272716003562730e-05,8.661398048025203446e-04
4.097472336836036066e-02,3.098903463901337210e-02
7.485444966273074874e-02,7.310758440475224884e-02
4.721269571781843387e-03,5.827796977943450717e-03
2.367721321320353026e-02,1.640372257330316441e-02
1.283924099779155893e-04,1.006219012545011480e-04
2.758038248545476301e-01,2.495151654627270899e-01
1.604246369656974203e-01,1.736198385798690402e-01
1.557014723407148561e-02,1.989652268579204103e-02
1.259376604312668180e+00,1.313299623632001145e+00
1.287128950891398560e-01,1.150682922581838658e-01
2.099893653973294166e-02,2.943168157248283665e-02
4.696583162490760022e-01,5.005636940577679050e-01
1.781532577929343386e-01,1.833064164944265828e-01
2.796212153540426643e-03,1.503305319490689032e-03
4.760857940740115257e-02,4.961956656911106073e-02
4.787226646971882160e-01,5.328736480683402554e-01
4.973286312796733373e-06,1.986295092440079364e-05
3.871046112015239654e-02,3.034358415400124562e-02
2.534946895460924929e-02,2.948077523726640517e-02
2.878620846819059942e-01,3.161595050970609777e-01
3.404907803059673433e-04,7.428387870646594371e-04
4.661834169948984030e-01,5.097533467932311435e-01
4.270407508575949085e-02,5.317576102541587968e-02
4.628411233735624936e-02,5.003907206287102477e-02
2.256047751205761398e-02,2.755771439743932849e-02
4.864186710239608302e-02,4.415541829798397960e-02
3.622285972676515531e-01,3.323911747019168694e-01
6.342177190124483055e-02,9.259734901317000222e-02
8.724232797801158637e-03,3.157880360426801314e-03
6.727736198110438604e-02,5.985255571406049302e-02
2.165124556953657575e-01,1.753585120347306570e-01
1.708638648075923652e-02,1.512038027195995553e-02
1.244739405717685266e-01,1.407034658856655962e-01
2.772327335691447403e-01,2.756871830106784049e-01
1.910894232910406460e-03,5.280429762210405581e-03
3.985062992554202176e-03,5.022338075363633192e-03
5.009454220523771109e-03,6.076379937829507437e-03
1.990975275389663193e-03,1.130613694189289533e-03
3.357973924326130843e-01,3.249349171515102386e-01
2.955602674941858882e-02,3.907245162072979505e-02
1.419157578619513471e-01,1.487252368722921658e-01
6.031902773845224455e-04,1.300917063829260629e-03
8.125682353386026735e-02,8.156773927407380553e-02
5.632093829513139943e-02,3.311008967932237840e-02
3.265275822877770212e-02,2.745148973360667446e-02
1.323831753496471364e-01,1.433228985223219121e-01
2.605976950323418140e-01,2.765676547964044385e-01
2.539852399872591926e-01,2.607313324048068925e-01
2.741468702097231702e-01,2.181492567178545672e-01
9.022710985577477028e-02,8.576165256368649403e-02
1.581174726882664250e-01,1.678975653861989048e-01
7.980370997562162561e-02,8.533092232658574805e-02
8.586061877689619981e-02,7.169066278448621432e-02
1.938096081397791270e-01,2.277872620177077145e-01
2.645213096158015309e-02,3.195979860656990301e-02
5.795311862072677171e-03,8.708600307884690334e-03
1.261281015384401382e-03,7.481915069071148547e-05
3.925235992655627670e-02,2.708395971263191301e-02
1.801803814015144611e-02,7.403900385085713902e-03
1.768813666911000781e-01,1.707120022818864602e-01
2.378879960862368415e-01,2.026576714437111348e-01
3.555748477088726406e-02,3.044574499789150582e-02
1.798691539755522747e-02,1.469654911418418093e-02
2.467565556730507981e-01,2.549991615180273730e-01
1.363407254262660462e-01,1.469433101858474700e-01
1.725878717071490653e-01,1.916380886910112880e-01
3.261218875153615859e-01,3.273067141924907442e-01
2.224426865740820602e-01,2.423897939723166084e-01
2.716206060191202198e-02,1.954430781316052190e-02
3.064083215786302800e-02,4.141338336190450442e-02
1.165268841515889747e-01,1.035924538052756805e-01
9.835605815134319807e-02,9.904921780439666923e-02
3.566108742500297829e-02,3.903074380904823781e-02
7.964913475184796920e-02,7.314569334262228939e-02
1.098362412352723444e-02,4.186949001783939889e-03
6.646677498998114671e-03,5.120514082421614294e-03
2.537923236647686778e-02,3.074626155415898995e-02
1.696529548827869008e-02,1.824330969400388136e-02
1.298667111396787921e-01,1.295767219796722103e-01
1.286570407422888210e-02,1.639811494525764482e-02
9.153271394611929221e-03,9.601225602031190215e-03
4.271584316060487163e-01,3.636857867515044807e-01
1.933370409810796983e-02,1.639276044315259723e-02
2.990545730029068282e-04,8.954467769927905473e-05
6.764657253014758162e-05,2.107593873929997921e-04
1.077583200049825329e-01,1.023072352172058747e-01
1.779230158809641527e-02,1.743220302052362822e-02
5.870938292328502228e-02,5.440564030207260815e-02
1.577423100867070271e-01,1.425869179173378520e-01
3.496510882913009266e-02,4.471382595191807086e-02
1.063493439495850554e-02,1.291027216617223264e-02
6.148774010168922208e-03,5.582561755039901034e-03
1.761673757576569591e-02,9.834115936768599367e-03
3.002982022097776260e-03,3.182953527755050249e-03
2.606626433726202431e-03,3.337282683482215278e-03
1.934147824842816221e-03,5.367604980823191541e-03
4.192176681160756369e-01,4.232711214227430907e-01
4.093881814872363800e-01,3.800508034117512923e-01
3.094859985856462589e-03,2.060440008081639279e-03
1.129284399028146063e-01,8.362966980790874361e-02
1.147995915160015673e-01,1.056664917302179429e-01
2.092568459404904688e-03,3.546500451731731621e-03
1.547332990971957145e-01,1.420991055483794563e-01
7.496022461957167760e-02,6.609935755698227722e-02
3.073390162135141712e-01,2.919212540395685340e-01
2.152206357055367128e-02,2.903101230747541506e-02
8.274286258349315692e-02,6.786943912697396275e-02
7.151424999469746524e-03,9.896952594581143528e-03
5.274742511645669207e-03,3.517984732013487194e-03
6.305537594296151127e-02,9.479266081193986337e-02
4.685314174987887346e-03,6.076073126861508689e-03
1.045979529633168092e-01,1.147094384701605463e-01
1.633791338397867429e-02,6.483406274966397459e-03
2.618467223076654995e-03,1.822462593556347689e-03
6.894313472864847803e-02,7.518620446544128921e-02
8.047416497436730987e-02,7.346633993327698897e-02
1.800165117690470662e-01,1.705614076331393725e-01
7.601208850583444747e-03,3.210802025050375850e-03
9.632021529859653430e-01,1.007296408053566239e+00
3.820612317739903452e-02,4.340423240320431808e-02
5.934198678620915962e-02,5.440967349000370989e-02
4.290980859431675620e-01,4.524877072818604962e-01
4.195714874536424221e-02,5.465578965909011905e-02
3.498777101774024068e-02,3.611144705669015742e-02
1.736019648224769452e-02,1.748614490981419481e-02
4.503731172469534888e-02,6.367213360685995693e-02
2.342110736515877912e-03,3.559930594315087373e-03
3.604472244223780146e-03,5.742653202903901487e-03
2.850043901673559102e-02,4.403407575892144543e-02
9.631840641553175179e-08,2.654751485879038508e-04
2.289143683122035408e-02,2.047125983135964639e-02
7.480466300900643663e-03,6.012499867419452380e-03
1.734001765732784417e-01,1.568760561807367171e-01
8.049388630122189872e-03,7.054939862989446919e-03
1.889069420483946438e-01,2.311448981777115275e-01
7.365989044537496824e-03,1.216434399261464433e-02
6.713435579341622828e-02,5.081896549391627660e-02
4.550809982101425982e-02,4.355864730936178514e-02
1.818219471143132093e-01,1.861346238027681010e-01
1.349488825917809437e-03,3.876048540336213700e-03
1.127517535204300980e-01,9.423820064334985369e-02
1.695070186204692547e-02,1.759832590946366557e-02
8.403489686190411881e-03,1.256730479999340101e-02
5.849654312292037334e-02,7.933961674322606572e-02
3.423383924364457875e-02,3.150910373994939007e-02
6.078320590625573006e-02,4.681531059752111479e-02
5.589123216182640555e-06,2.280519797277372109e-03
1.535193461441137219e-01,1.562338850004220125e-01
2.300424550236265450e-02,1.945074143003693717e-02
3.397245821841179403e-01,3.180384603236318108e-01
4.052618128361737057e-03,4.487992904583345405e-03
8.641191191595459786e-02,1.039691583324561241e-01
4.239376610737114609e-02,4.142150415781983841e-02
4.448864750732352269e-02,4.195416033823770596e-02
1.372090923753817651e-03,3.714693176968660786e-04
1.490312414431142936e-02,2.174609151637946214e-02
1.425636129716236758e-03,1.444624670271874717e-03
2.791025922413661875e-01,2.898477028533546496e-01
1.285279337676269390e-03,8.295842782979910611e-04
6.486866043211246546e-02,6.377286434943439664e-02
1.105247729472242551e-03,3.587851801233334428e-03
1.336405753102758265e-06,6.163705050789308098e-04
4.680986689435435999e-02,7.070177606765178091e-02
2.708500428955644759e-02,2.127547532330745228e-02
1.840321685408753682e-01,1.696290246595933970e-01
6.185417959728867210e-02,6.254735390487639601e-02
9.214909476566619795e-02,8.473325755079398613e-02
5.613140775587341924e-01,5.283202560330200193e-01
2.766280699606254306e-02,1.966794293328397517e-02
3.403628099283582953e-02,3.412073567864068457e-02
2.893597426716851273e-01,3.252048515415326690e-01
6.050914868128115520e-01,6.093651986990025193e-01
9.129232837191395000e-02,8.885421698240729416e-02
4.457135662773283394e-03,8.318392719085907980e-03
7.682673925255426202e-03,1.767967149930819992e-02
2.435432273978847817e-03,7.184369406899718258e-03
1.091294285030757899e-01,8.861704542092364856e-02
7.726940531023320652e-03,5.017843332641451840e-03
1.221420836699270950e-02,1.538285775593469309e-02
9.932895956529601798e-06,2.195463691719290987e-05
1.638108623747067116e-01,1.361697279359241897e-01
2.149213408776098067e-01,2.138272763594193659e-01
7.951427674815254518e-03,6.414586972140238000e-03
1.504234868541883159e-02,3.296576039716819090e-02
3.882142064843292772e-02,3.307768871232304175e-02
2.658480137148731132e-03,1.179223585589033417e-02
9.756933917452952076e-02,1.162581483692176759e-01
9.431473718809522760e-05,5.110104850845063103e-05
8.096382017145600796e-02,7.803490195070363067e-02
6.984576217690378246e-04,9.713753105401741039e-04
3.297837846232575670e-02,5.131765122180413641e-02
1.981860824189957127e-01,2.146408600086720242e-01
3.671920117661971183e-02,5.168225405828635183e-02
1.698365323390310655e-02,8.687818289597594099e-03
3.882436761812583376e-02,5.737392448728362987e-02
5.671193856622473196e-03,5.485366991165994098e-03
1.702451030293759479e-02,1.956240292586685844e-02
6.950315669128392937e-02,6.195276121479066644e-02
2.472487164865079870e-02,3.432492423118305852e-02
4.421028412720736517e-02,3.116860110903837272e-02
1.031702631498861988e-01,1.008874147673995414e-01
1.832483953502641108e-02,2.090691418439926882e-02
8.165375584593760616e-02,8.257256990040083566e-02
1.093277756744298872e-03,3.626737875785078242e-03
1.706704842509357625e-02,1.735713983463393548e-02
7.597074787429123309e-03,9.687378747699476947e-03
5.885384185449270104e-03,1.211735319004362751e-02
1.663852665061221203e-01,1.810295110526404516e-01
9.467045935283226188e-02,1.073508798998599467e-01
4.068665614675822662e-01,3.809360172998391136e-01
4.277400893567256533e-04,1.732894879448868344e-03
1.602664641478336593e-01,1.832331328842032869e-01
7.198964147466007692e-03,7.241179733338336602e-03
2.235889963349646167e-02,1.065910917455132126e-02
4.708519880579583087e-04,5.279872242300299550e-05
1.460760002410259606e-01,1.370423914158259981e-01
1.843144590234253866e-01,1.838929115469603304e-01
1.453555678037463383e-01,1.418737065612446779e-01
1.776412970344286579e-01,2.003660077759105151e-01
2.843918947931194791e-02,3.147278527725356351e-02
7.310799496241995876e-02,7.534806818732088518e-02
3.089445287855677180e-01,3.068314491320357495e-01
3.442317734673604468e-01,3.524400015114522722e-01
3.279472483879397604e-02,2.343842242832247860e-02
5.569915059195873182e-04,1.574649027894569481e-03
5.522619577294560211e-02,7.136555327383943548e-02
4.239411265058156547e-02,4.451846680395720596e-02
2.834670969320072630e-04,4.686877532117128428e-05
5.926566010199867396e-01,6.027651780713666474e-01
4.195925166471567436e-02,5.722734249095171727e-02
3.181268010267337965e-01,3.152887570261604377e-01
1.921420138399045768e-02,1.615991598739022553e-02
4.787606068326694109e-02,4.779321551458953765e-02
1.336471994845626343e-01,1.401162209644432055e-01
1.251470485101906505e-01,1.493225346951856380e-01
1.043781635798737700e-01,1.387477612020743822e-01
5.399519990422951832e-02,5.227467252205093146e-02
1.473599661734876706e-02,2.325644392868251795e-02
4.272596590560487906e-01,4.234069654756580370e-01
3.877374340933649466e-02,3.822053626690442851e-02
2.770224218984748688e-02,2.446828078371000859e-02
5.909450948426973362e-03,1.035807321224212901e-02
9.034072223819689107e-02,8.948297944843650042e-02
8.866642547202374658e-03,1.765727172683728349e-02
1.122021654826228093e-01,9.254194537022465694e-02
1.902742654174763987e-02,2.563808207872356887e-02
7.140470602478636575e-02,6.251141969726387027e-02
1.418337265001582206e-02,1.110883272293409357e-02
2.959782767425652317e-03,7.059263861317606296e-03
1.460447344145311514e-02,3.137630721162167069e-02
6.909161752312770188e-02,5.661294963625422560e-02
1.830539289585806639e-01,1.731800687408441564e-01
3.567989183981377932e-02,3.793038073070727212e-02
6.292108836860026144e-02,6.404932874018307021e-02
9.689901130599759549e-02,1.048049289825935537e-01
1.481820539428575952e-02,1.008248313953953243e-02
3.635776801030538019e-01,3.632353428948607577e-01
5.602739577136700219e-03,5.265813939076388096e-03
2.124320344263909768e-03,4.864649662621740867e-03
1.056774888603173763e-02,8.537370796938661618e-03
3.423145401882159988e-01,3.215230174917571571e-01
4.247358106455586223e-03,9.799399580218608272e-04
5.346294089738442071e-03,8.853852039741042651e-03
5.844477396166007643e-02,7.207126436322286445e-02
1.969427385459895236e-02,1.384474417513763440e-02
1.018382346937966865e-01,1.168096384787782327e-01
2.626497086017963792e-02,3.320702016865014622e-02
1.646858866896035722e-01,1.580528973730881970e-01
2.345819731848355627e-01,2.603685849687789600e-01
1.381776416174472222e-01,1.438275773105330002e-01
7.845614242519009102e-03,8.086551180399751543e-03
2.707634416741768607e-02,3.780024884801014978e-02
9.156417586133670794e-02,7.527278946108563462e-02
1.594833530001665638e-04,2.775871119036600529e-07
2.613625579410935873e-01,3.094913114115161457e-01
5.306490913677515235e-03,3.964716245486880029e-03
5.185909312715441394e-02,6.709985186150456415e-02
5.990411346386180502e-02,7.509263061681892282e-02
6.969026269267172835e-02,6.411089803538504162e-02
7.204660618012764112e-03,1.135144740551734428e-02
5.220729601297442735e-03,1.124381639147163311e-02
1.931426018644688851e-03,5.208196360827524983e-04
1.583636403472969134e-01,1.836365931968737264e-01
2.782284883892067739e-01,2.760306031442540387e-01
2.288845526128058944e-02,2.481426971710233575e-02
5.734199192114384721e-05,5.741513777765854307e-05
5.632797264187658880e-03,8.084595689578668448e-03
3.887142621209833948e-02,3.432324423116346612e-02
1.532037300355741094e-01,1.780159920263918727e-01
3.186391071359561539e-02,3.039868721371965371e-02
4.513562008225561750e-01,5.001037201244249442e-01
1.341074729374633623e-01,1.285970424820471747e-01
2.481601083254733955e-02,1.998337841013702806e-02
2.123057430836978454e-01,1.780490542269613785e-01
6.173031279304472957e-02,6.272400994932650353e-02
2.664952405258394280e-04,8.818667968153475389e-05
2.189061780019346815e-01,2.061768170115213517e-01
7.493994688484877186e-06,7.114387518808561065e-05
8.292672486787606989e-02,8.115402126247810155e-02
8.400097636236240894e-02,8.283894360154232805e-02
1.709628012302141786e-01,1.638727090353564175e-01
1.568365455769527364e-02,1.917608005708446028e-02
2.768083655752947431e-02,2.378064953980833091e-02
3.119672294106960383e-02,3.371182705010812575e-02
1.626258192084610154e-03,2.975564985374157256e-03
6.650864064995412606e-02,8.182520142716172284e-02
5.645272687604382944e-03,1.796218333739885153e-03
3.932039773841652236e-02,4.041291914440071908e-02
2.596998893053116264e-01,2.701008773965010157e-01
1.279519208211425435e-04,4.863316047660694199e-04
2.968805859105045925e-03,2.605691724310522407e-03
7.804839241785543891e-02,8.869541419035879837e-02
1.997698474434492777e-01,1.975265814898608530e-01
2.418245573771255277e-02,3.440292579920951888e-02
1.861105596007185323e-02,1.063968495146484089e-02
5.473076722173115909e-03,7.704202441232377296e-03
3.671910327840586293e-03,5.208732022932508095e-03
1.515922906049840466e-02,1.290199614054953446e-02
9.940402150299923467e-02,1.115863849645712530e-01
9.401768985691578984e-02,9.895350531992393173e-02
5.767221153011069246e-02,6.846756621696585554e-02
4.647435529564819534e-02,4.264880521542168540e-02
6.041955065021442119e-03,3.970673641510777743e-03
2.278832505861619687e-03,3.618528192313629193e-03
5.819440048315766695e-03,2.974710962154403227e-03
2.545590782400025121e-01,2.439013492836646924e-01
7.421771526873983671e-01,7.492733474488096901e-01
3.801812029452104891e-02,4.353778857883314896e-02
4.257344749098930514e-02,4.398153057474185612e-02
1.941762938112932824e-02,1.782645002962026867e-02
1.689306944619047360e-02,1.809190638133554088e-02
5.231802428917354808e-01,4.675540303727658276e-01
2.529565294756089874e-03,6.006052392551659153e-03
2.760447864262254372e-02,2.667872401998286000e-02
4.114527307896557184e-01,4.194292671317505494e-01
8.537055523537732607e-06,1.679569032028774007e-04
6.672559565902391569e-04,4.286550049776845597e-04
6.431626479663172212e-03,3.719094948162473928e-03
4.697356414065600311e-02,4.782334304435430922e-02
2.547030068658187041e-01,2.410952541899660240e-01
1.266162066036582295e-02,1.269766699041930194e-02
1.587390489007738381e-01,1.503553459124128411e-01
1.623554496063560923e-04,1.604179397832666072e-04
1.247244472454339004e+00,1.272178402617958781e+00
2.310387880041924608e-02,2.192828413005343605e-02
1.447566164619554507e-01,1.507420241331917099e-01
2.502578147877385084e-01,2.503621081785945557e-01
1.368304468447467540e-03,3.019004307755079278e-03
7.348747994673575368e-02,6.161511583366090922e-02
1.499349738932925086e-02,6.168369438352233787e-03
7.347176358669353646e-02,8.024066144606240014e-02
7.830268137948116769e-02,8.047121262740544734e-02
5.481878656645950559e-02,4.241786258895647449e-02
4.862857543728191234e-02,6.135456649823419623e-02
1.564105953237670751e-03,2.469430347335811477e-03
1.012284429308400735e-02,3.444403418821083678e-03
5.577666292650344283e-03,8.924660709764361058e-03
3.651632907808294998e-02,4.181940744463829435e-02
5.098550301488199432e-01,5.134816413883501740e-01
8.440720534242643694e-03,9.158050921688649926e-03
5.262457323615066514e-06,3.116425467152431614e-09
9.438077961608566657e-03,9.445722514141274839e-03
1.954704158001650538e-01,2.106245316574718862e-01
3.063615635160050685e-02,2.461265553187080846e-02
1.429381393684065749e-01,1.230332466427374316e-01
2.907766683669110383e-02,3.533637945862995455e-02
9.128071034626898325e-03,6.851098501417044080e-03
1.980351671683807952e-03,3.288419090495721484e-03
1.355868561298554688e-02,1.499530925918511962e-02
2.727359710103086088e-02,2.758367850327907503e-02
2.391574612011924256e-03,6.451290550363325375e-03
2.715812097350990724e-03,1.099211337545134099e-03
5.529859052725741991e-02,5.994761248497877670e-02
1.600446971054841350e-01,1.608280562690826976e-01
1.909889004487351216e-01,1.904966906215341815e-01
4.721676957877143227e-02,7.298788477007006614e-02
2.826932586690688101e-02,3.411412548640884584e-02
3.761019489429426321e-02,3.538800955631873218e-02
8.315718126782650765e-02,9.056764766815882106e-02
3.964021354761155386e-02,4.452598510381899216e-02
2.166437145457765501e-02,2.137728707984851498e-02
6.435684849619789649e-02,6.389770615453542468e-02
4.748762241899200792e-02,4.303867804223056315e-02
1.973231021857811129e-01,2.195569015045781558e-01
8.111941173268527594e-01,8.147579116881340511e-01
9.127569282966587969e-03,7.616960913376835847e-03
1.751881434197142817e-01,1.673920827240150677e-01
2.807241239051823378e-02,4.228741312418436010e-02
5.862696639541986610e-02,6.819359456910048523e-02
1.989125511992766715e-01,2.052427271046618207e-01
9.920252165038397074e-04,5.465089469749674286e-04
1.105032436794794737e-01,9.977750797408392602e-02
2.947362905063996910e-02,3.661964827676200684e-02
4.645355645602693801e-04,2.737186858651808902e-04
7.965015158109050794e-03,1.579382385771077937e-02
3.582318258035435818e-04,1.722944889031808148e-03
9.275758660388492421e-03,1.130761808646910463e-02
1.527290424866393770e-01,1.677708197224725972e-01
1.699011403626804473e-01,1.686512961984240333e-01
8.539002881656233557e-01,9.228740858275853443e-01
2.843071291988597676e-02,3.404240443669766941e-02
3.086589524689974020e-03,3.102274516592272349e-03
1.111716275046255135e-02,5.735097782458979318e-03
2.055041546065201341e-01,2.016808611517595939e-01
4.152087158892678320e-02,4.582107453829628585e-02
7.721350607964808099e-02,7.356894148603855543e-02
1.443466835790834131e-03,5.574411808035576230e-05
1.774958295395790819e-03,4.538864524032968153e-03
3.749179307222863522e-02,4.380210042439856150e-02
2.088952786705568221e-02,1.654274209509889321e-02
3.685741564488103500e-02,3.459725519947204342e-02
2.342292987507788860e-01,2.005016167908001135e-01
2.427163888711390827e-01,2.849099625769707100e-01
1.443350383708303653e-01,1.274249762205005299e-01
1.578827792235373007e-01,1.445667661040888619e-01
9.052771485348798386e-02,8.339576265844290959e-02
2.980591449506517915e-02,2.998520554451502076e-02
4.185219397509630686e-03,4.247801362493633902e-03
1.323365894397197061e-02,8.649462681659534496e-03
1.158041781471859507e-03,1.852493308689476858e-05
8.696735207509986854e-01,7.905399283223767393e-01
1.626771155854949136e-01,1.997407105971815977e-01
1.162973956583823326e-01,1.122807469291866173e-01
8.060106845266234998e-02,8.073218986198940628e-02
6.730993937498642304e-03,3.264041922789725353e-03
7.516349282851708929e-04,1.478903991930997138e-03
1.887662056433903057e-02,2.451776457187265779e-02
1.704487246172870507e-01,2.054375123995408892e-01
6.990501614988194057e-02,8.577521833498234771e-02
2.202685984138295083e-01,2.120386620680383694e-01
4.780861700527909951e-03,1.103074214156022454e-03
6.873582428184406290e-02,7.136070525765383921e-02
8.781510738454406315e-03,6.157722342034563021e-03
1.037723589206990954e-01,1.001358839158709158e-01
6.273388471601447358e-02,5.566376732834475011e-02
8.274188538962524986e-02,8.537368316629503906e-02
3.315421754397348663e-03,1.809077774578334713e-03
3.308461006336996940e-02,2.845329443676631459e-02
2.463454583369008299e-02,3.076564049029054115e-02
5.300181469320461858e-01,4.845614029398521150e-01
4.998316604177530098e-02,4.187859513334673406e-02
1.706095450096116808e-02,2.063029820694662481e-02
6.839453549192693604e-02,5.907081160850417151e-02
5.557918727770276845e-01,5.773782497924341284e-01
1.894318084662838242e-02,1.686933201549417963e-02
8.813336926077926237e-02,9.804994586651584465e-02
2.544441335616345196e-03,6.365732197866361998e-03
9.041998192519541677e-02,1.102151289719342508e-01
2.341598044938935919e-01,2.543698925601346472e-01
1.995340867202392565e-01,1.943072018150188707e-01
2.288089587266000854e-02,2.133763230770391317e-02
4.648506268609062936e-02,4.397805404632896403e-02
5.255993184173046208e-03,1.687356393190939325e-03
2.249072783207774900e-02,6.519981815333053890e-03
4.877465056865194076e-02,3.364190539613180764e-02
3.339702278898381560e-01,3.369253359066732290e-01
2.068398990653106881e-02,3.310182978246702101e-02
3.094738643565278502e-02,2.700548596675682658e-02
8.766156379384386355e-02,7.689997132881408459e-02
1.172460056353674118e-01,1.272533420170275931e-01
3.028046472175262571e-01,2.808104640958765108e-01
3.902279033084206095e-01,4.113625094474971933e-01
1.815374276697073047e-02,1.739005614158966803e-02
8.448909442444436924e-02,8.099456446950883959e-02
6.531777494433218655e-04,3.124093977821780293e-05
3.343827567529832345e-01,3.315422818700904384e-01
1.293882587002332663e-01,1.256353319857489992e-01
1.964214727928476761e-02,1.557150508125604120e-02
3.748621660735853012e-01,4.153370743581777380e-01
4.214369218670802053e-02,4.899029254333434058e-02
9.317444703061084424e-03,6.586277268998388425e-03
2.712653719062352309e-01,3.291970068931733828e-01
1.517633000953513833e-01,1.295917326275239367e-01
2.658386131364798288e-01,2.373290566732626505e-01
1.184081918994273411e-02,1.327315241365618036e-02
1.631142778671210714e-01,1.615280315577464210e-01
1.632780574624452877e-02,2.518958543865681271e-02
9.513909498602451942e-03,9.500203386372077161e-03
1.443583722905870600e-02,2.232072476312567041e-02
9.784775680860595404e-02,7.927194962351395702e-02
2.591613435969934987e-01,2.721351764248492455e-01
9.805481002760829679e-02,1.060706021608353172e-01
1.198452868749121103e-01,1.270787659485698162e-01
3.847030351558640426e-02,2.960936222077187666e-02
1.797660327205856112e-01,1.922817270063872930e-01
8.215531055693431339e-01,8.767444744348330543e-01
1.410697127849760545e-03,2.856334507996889649e-03
3.427837460279468118e-01,3.347935449346746695e-01
3.086021810299789062e-03,5.408181363729444753e-03
1.356086775207527781e-03,7.651890020607092155e-03
1.162821594736444253e-01,1.064633829033671819e-01
2.571336826879085935e-01,2.349737087619606646e-01
1.389970419680311153e-01,1.148667361949835541e-01
5.956168712477225187e-03,2.297550821233899660e-03
1.024257089700590304e-02,9.675537564560049431e-03
2.876692640158442504e-01,2.809838851140409877e-01
1.092685345404255902e-03,2.041183485065116779e-03
1.520738086063146977e-01,1.445412654886933379e-01
5.086484368124297717e-01,5.249167548790204529e-01
2.325477053025935587e-04,2.750294334596754733e-03
7.264185336776515789e-02,8.895915708789756127e-02
4.046604961786634362e-03,3.566361638868141212e-03
3.221270676744961213e-04,7.035170556529405555e-04
4.424083590498411114e-03,4.825411834233299564e-03
2.343299414455545480e-03,2.243655694738634025e-03
2.273319885970020993e-01,2.470106430396177000e-01
1.461320673814568011e-02,1.056013278945346773e-02
8.362900315310308613e-03,3.764027246910708977e-03
6.223146872001472651e-01,5.797896957967837439e-01
2.303000761025158771e-01,1.988853590185069020e-01
3.001938276561785801e-02,2.343545630860936063e-02
7.038652978083818901e-02,5.717928131799113189e-02
2.455966702998171880e-02,2.378519258569459713e-02
2.230183617717692093e-02,2.149649437641787397e-02
1.579444011419343279e-03,1.358633279665160537e-03
8.480442561953580385e-03,1.153264026946796382e-02
3.132967474552519893e-02,2.335501951828418757e-02
9.881518587578511092e-02,1.124238157689844281e-01
1.591192258071356946e-01,1.663379419734324349e-01
3.319949744485082288e-01,3.324352533729463266e-01
1.418453166091236117e-01,1.338411859603450826e-01
4.279439973690444821e-01,4.118744839187648554e-01
3.852172169934067747e-02,5.303453960996111494e-02
8.003807805871264447e-02,7.948641222877375623e-02
2.421060256344736289e-02,1.790075490201180342e-02
2.116206337396119852e-01,2.031039252051695942e-01
2.178304883143764581e-01,2.379881349555012793e-01
4.119546714793488607e-02,4.414017072026651944e-02
9.081592862324679855e-03,4.332975804486272065e-03
1.036214469519482553e-02,4.318862558662415509e-03
9.236633715650519700e-04,2.168772552298789294e-04
1.250513997773144703e-01,1.219159204770661059e-01
8.934650736528859313e-03,5.630826893658314250e-03
4.186869065630438591e-02,3.041355420778209598e-02
7.820097232645369101e-02,7.942425978496538141e-02
5.801725372151335103e-01,6.052052759066250953e-01
1.187340370803263538e-02,1.301045969427977282e-02
1.311043415222963859e-01,1.251516170293279773e-01
9.882088981833134569e-03,1.610424854748861850e-02
5.042207205679813398e-02,4.385410270659249876e-02
6.739258365238279258e-02,6.369310550421221351e-02
1.605902162678099677e-05,6.358187203873424606e-05
5.527160188856972828e-02,4.961323478484043481e-02
1.136562089336502854e-03,4.450963244141332206e-04
1.198491178909095595e-01,1.007730054638884404e-01
4.691813524566970130e-03,1.287861273604437237e-02
5.378406579844287327e-02,6.315346334172640408e-02
2.871911134876737326e-01,2.962721551441611645e-01
2.787140470639326573e-01,2.763944200297954179e-01
3.924936664435209610e-01,3.890192473867715717e-01
2.970901592381640366e-02,2.171410410257176848e-02
1.906832549377224240e-02,2.761042302653939420e-02
3.458760175225723821e-02,3.698230549593112954e-02
3.650945628161436640e-02,4.106150619416810282e-02
7.976358843827269229e-02,9.591216624010241720e-02
4.426313170862119888e-03,3.066644482885208696e-03
2.236076875539233164e-02,2.313420831470668418e-02
4.094287450796641609e-03,1.740209721575722724e-03
4.109138500990453663e-02,4.879868300501797457e-02
9.533746255055564056e-02,1.008008914460952754e-01
7.716309432834236306e-04,5.079137109789490061e-03
1.124431246445269962e-02,2.221087521086768241e-02
2.511711769539133332e-01,2.478354194283487744e-01
4.646661019371731149e-02,3.926878590553396081e-02
2.663697559461500482e-04,2.012234149311464566e-04
6.240551669856470723e-02,5.345513189578710023e-02
8.576421699778459251e-01,8.024963052179042711e-01
1.927605663146223780e-01,1.698874634440662168e-01
3.131746646618441265e-02,2.798751051690740246e-02
1.907124763444171742e-02,2.544214947955454609e-02
3.273124104579749677e-04,2.891419518788179190e-03
4.508234536582302748e-02,3.737750226076995419e-02
6.422238378518140001e-02,8.863577609430182969e-02
3.498621815917455496e-02,2.281290149750855867e-02
1.965086622287664370e-02,2.307963751583325812e-02
1.315476217968628569e-01,1.153509940581398663e-01
7.733427150651715765e-02,7.262105364407038521e-02
1.361897742479871165e-01,1.532698923795682011e-01
5.675117109188861780e-02,4.636063670156252703e-02
1.043509357186740705e-01,1.049823204399861348e-01
3.377768376748958921e-04,2.897031468416036426e-03
1.663576287877258433e-02,2.445157959749130402e-02
5.263033410975537923e-02,4.848879609060838258e-02
1.621731674002684434e-02,2.480441498530679481e-02
6.544459927967144833e-03,5.265682312473888606e-03
1.184258716345718172e-02,9.628691425741096876e-03
3.869645433028390952e-02,4.695152002703395500e-02
1.906839922627157902e-01,1.919441583779266658e-01
1.830313521691228666e-05,3.325593171419350807e-05
6.915618200787879144e-02,7.062611209538879886e-02
7.311747856688864114e-04,1.007551323669706247e-03
5.964937072823703335e-02,5.734376274686934366e-02
2.885542487157050865e-03,2.706454472934269997e-06
1.117984091186474639e-03,1.600965851143397933e-03
4.428947927791188760e-02,5.030222179374911617e-02
3.939760496260671235e-02,3.533572253906139271e-02
2.176533560063046227e-02,2.132401297391077477e-02
1.072666792764008087e-01,1.417948185207076606e-01
1.691431167278161229e-01,1.882209184263715640e-01
3.294406279585734842e-02,3.076239743038201857e-02
1.097394333831204320e-02,4.151093826840236700e-03
2.143777801437676128e-02,2.730843800276559416e-02
9.014156718299358440e-02,7.960771015916913440e-02
6.920443211920186688e-02,7.187593156349116053e-02
4.582164960738147053e-02,3.119438432050288673e-02
1.751637832903824021e-01,1.961252582637817987e-01
4.254130276356328788e-01,4.093193968512606751e-01
3.159320953150463601e-02,2.668138029613902756e-02
5.936323018434324500e-02,5.982201933429755203e-02
2.460757743766904815e-01,2.303395986320534716e-01
1.255095425082558471e-03,2.949660019032426892e-03
1.612785159596299978e-01,1.847181134187546314e-01
9.210182185246684750e-02,1.001055200049940780e-01
9.336519016333893106e-05,4.941155629083931675e-03
1.400389103865556581e-02,1.350555753624723722e-02
6.515538795475045442e-02,7.944577655936208016e-02
2.109796366180053395e-01,2.026064018244334852e-01
1.010513709659682513e-01,7.933226090857492530e-02
1.355965491366219883e-02,1.516536294739607299e-02
2.392792308369504420e-02,2.519937322546678474e-02
1.430712658479247907e-03,3.176030037243088647e-03
1.850262276850382914e-01,1.975408193127906886e-01
2.301759413196894158e-02,3.143498577594242005e-02
1.342239848310346380e-02,1.533572469470076936e-02
3.048425553865138980e-04,3.765721450251697014e-04
4.805149103143883937e-03,2.641872162295652148e-03
3.880480337524270795e-01,4.099273125198052981e-01
8.953968853601858985e-03,9.899648042495969025e-03
1.361710106257855435e-01,1.440587875836654708e-01
1.685021060391476422e-01,1.804633271172260411e-01
2.596395633576529249e-01,2.627929694825945073e-01
2.333959897043514087e-01,2.534744226423484292e-01
3.503980342031966190e-04,7.104303670868159003e-05
1.279546911636021689e-02,2.055110299951609654e-02
9.917328818103129939e-02,1.198344283931912224e-01
2.822335034685223565e-02,2.451024358332739433e-02
7.863248596133725482e-03,4.814232923389285927e-03
6.350202534639511898e-01,6.163696693870741594e-01
2.099846281577036344e-01,1.859173505584542641e-01
7.047283169881517705e-05,8.479085404917667676e-04
6.962965338703741265e-04,2.898632793399908217e-03
1.324780802269264757e-01,1.233749905282803538e-01
2.294614664230136547e-01,2.275676969614112977e-01
2.550914797344414620e-01,2.549380263817254133e-01
1.049404927508096053e-01,1.363375412855842017e-01
1.170537889271773407e-01,1.456300385415156551e-01
7.527859362701411032e-03,1.180301474948609354e-02
2.738366897693502323e-03,3.707418575536847540e-04
1.225117446978690461e-01,1.379463720646327829e-01
2.103695811176233346e-02,2.304438559427742297e-02
1.628570346346098000e-02,2.326091754965639233e-02
4.348396760068185180e-04,2.689920892463962591e-04
1.530145882105679866e-01,1.347356957939890576e-01
3.777748439660526952e-02,3.224019960803564677e-02
8.629746664061248296e-02,7.471496955895456926e-02
3.396888546879666682e-01,3.420333238118554720e-01
1.279460526284389174e-03,3.140727888534308905e-03
2.933161802456458328e-02,3.582526434847248253e-02
9.236300279634365729e-02,1.069734530762459501e-01
3.755047748931622520e-03,2.332163451927617669e-03
5.490919786058429813e-02,4.236639238123484502e-02
1.446145380442426243e-01,1.301585775736364137e-01
3.758783770760130288e-02,3.360099039576381480e-02
6.668978950205710354e-02,5.322572859225103981e-02
4.208472763744561945e-02,3.780975677763217385e-02
2.885275634859566906e-04,7.372085152813958328e-04
1.191480888196363129e-02,8.188279141226047914e-03
6.798742493534978837e-02,7.705708929371479776e-02
8.745498903771149746e-02,6.533974972489736688e-02
3.523037570662767015e-01,3.847747851065200786e-01
7.238308680952817431e-01,7.282827462071550517e-01
5.136797096558187725e-01,5.506339157899926562e-01
4.425529816768895147e-02,5.488664641111418857e-02
1.298200680816797292e-01,1.229255313806398853e-01
1.370970752376220528e-02,2.799519035686528351e-02
3.057066592315013653e-03,3.535860946734296580e-04
1.867657250682485531e-02,1.551384126800345493e-02
4.386626456373019229e-07,2.811504133702878862e-05
1.843943104954463841e-01,1.519111423070068079e-01
1.544157816549031892e-01,1.635023211676653321e-01
1.774014702815320532e-01,1.570942452606079176e-01
8.646552016405921817e-03,8.026071215098091322e-03
5.031745299180423285e-03,5.947545831996754739e-03
2.809303304663445799e-01,3.012104436752087722e-01
2.129866019764792562e-01,2.339304813479449185e-01
4.668185767286718302e-01,4.699272337016167089e-01
7.002131580936264699e-02,6.091538425674378893e-02
4.767993105607753329e-02,4.776271268204017317e-02
6.844801990883763246e-03,5.299886349961130567e-03
2.173909296737820129e-01,1.946524690780476186e-01
5.611040728037434283e-02,3.860608569244714655e-02
4.527070180410068946e-04,7.020164318156638420e-05
2.864735480468848933e-03,1.327277611520799247e-03
1.223571394565776786e-02,1.545595493018575572e-02
7.494763478214046043e-04,2.052532620365027285e-03
1.246600676495901970e-02,6.023620412310288705e-03
4.974421039278140166e-02,6.080677415187474982e-02
4.602892544556924648e-03,1.688403643095886977e-04
7.192289874314250486e-02,8.131019577925654995e-02
3.196689303520505732e-02,2.662157554869016771e-02
9.700874781822950432e-02,8.714714231281719958e-02
7.879366984699492579e-03,1.168170869802164641e-02
2.026218746215744174e-02,1.894199182117607683e-02
7.865218192731800173e-02,8.196074556818461199e-02
5.063532830161079218e-02,3.120680696364518114e-02
6.312699835820781424e-02,6.401323429044114555e-02
9.892419406587169006e-02,1.145516017430289191e-01
5.623556965576103489e-02,5.941753055346460366e-02
9.945242879897550625e-03,1.393102566707929771e-02
5.790246008043357841e-05,1.388450429515459688e-05
1.678724347751156254e-01,1.512182169537128196e-01
3.821377539363183281e-04,1.453614697068078164e-03
3.000619402523670848e-02,3.086382203230976506e-02
1.017756800781053099e-03,6.373274131376951751e-05
4.530578389990602139e-01,4.376452632992503533e-01
4.316759954278580613e-01,4.394283466443516528e-01
3.552892215985198332e-02,1.586907114663946988e-02
1.005747593931852375e-02,1.208986757042235238e-02
2.652851853839888023e-03,6.816155191584366384e-03
2.196316382719055715e-01,2.133268709456511147e-01
1.787847504726039205e-01,1.732916941372690811e-01
4.658850248380046882e-02,5.833491585204619856e-02
8.186913202321319249e-02,1.060307279747770420e-01
3.477479074069192433e-02,4.887579637625223683e-02
2.882324532009982940e-02,2.937742339052839755e-02
5.575025137858726550e-04,2.560506452636109737e-03
3.381449270246637551e-01,3.407356239544604981e-01
2.347786284612139729e-02,3.713425003627123661e-02
2.085512073994293392e-01,2.464222758571170679e-01
1.321769187693662695e-01,1.225874467852953870e-01
1.949537619663461660e-02,1.919306719501870720e-02
3.555644113823501207e-01,2.968703604737364388e-01
3.261744125536424066e-02,3.821098091875155256e-02
2.225517007940278347e-01,2.006275182784004740e-01
2.484775649143271814e-01,2.406426255806922709e-01
3.267158775983702163e-02,2.930323773088568465e-02
4.026980786813066232e-02,3.539692501784630352e-02
3.884257316608510369e-01,3.467987234812477393e-01
4.832093360397803350e-01,4.500357693885895793e-01
1.892880056856522109e-01,2.209675535620189701e-01
3.379909452407522247e-02,3.813765827210132547e-02
2.087706982307379333e-01,1.948270910785429300e-01
3.119697230435784438e-02,3.718006544113054007e-02
1.113720273528601319e-02,2.553420726414580219e-02
1.143371492237223591e-01,1.349737287522147777e-01
1.339548191437133591e-03,1.504722564107207347e-03
1.089957063915644453e-01,1.077768499953043330e-01
6.754740860807571801e-02,5.730048837424762953e-02
7.415509563958356809e-01,7.467665270807934963e-01
6.327598351941363455e-03,3.561291686069392986e-03
2.244990283230501871e-01,2.166636599398683305e-01
4.962760934193104212e-02,5.390371099456099657e-02
2.797416413820443815e-01,2.707434395970814700e-01
7.974126474430616104e-03,1.466503497615006917e-02
9.721843979358893439e-03,1.220553343468121395e-02
7.675445007912487972e-06,1.211823672735476811e-04
6.182997499174155281e-02,6.378626619391890296e-02
6.691652990077488761e-02,6.249380586083604777e-02
1.072139785186066938e-03,9.730890559673871986e-04
5.561762706674758944e-02,6.486090093414324798e-02
9.382203400106127467e-03,9.362456167631679274e-03
1.851004016688960821e-02,2.290862478598396437e-02
1.630022694930186814e-03,6.071426690734784873e-05
1.598967838213532500e-01,1.732402024778376126e-01
4.339183369759847669e-03,2.084603607446699255e-03
1.913257466088316983e-01,2.197756614162577060e-01
3.374575915426016731e-02,3.951854444991336618e-02
2.158093581325952958e-04,3.259147701167779761e-04
4.053352506782044729e-01,3.833649684790617629e-01
4.433378137729439977e-02,4.471521107875207901e-02
2.107257773629454475e-02,2.607647676869322834e-02
8.605472075627096026e-03,5.041876192135069830e-03
3.236783695897844926e-02,1.686626812395432620e-02
7.026780175674446349e-02,7.253861019679085087e-02
1.246885473268651984e-01,1.182567159584069216e-01
2.581855774513908686e-01,2.735196415124819258e-01
6.019501363948656820e-03,5.467829360777438745e-03
4.529219581227211799e-01,4.657858912899288106e-01
3.807146224543620505e-01,3.947569888285171191e-01
7.565184027595539540e-03,3.603820951577860546e-03
4.848194513980888520e-01,4.654407165751405784e-01
7.571868566010181434e-02,7.181498146075127043e-02
7.761189427973909094e-01,7.186653852628694938e-01
2.288079892453559125e-02,2.307210190462472346e-02
6.925722599604058893e-02,5.691148838423317619e-02
6.734867396426694741e-01,6.833697142928957247e-01
4.031968641186303194e-03,1.229391740164428697e-03
2.579994751862211763e-02,2.943884119554372389e-02
1.288951830764720457e-03,3.630760942885171436e-04
1.909957520768093830e-01,2.081564665043555695e-01
3.055303973724623687e-02,2.266894327186820893e-02
1.818164716629532274e-01,1.518045946794727430e-01
6.527051057380346688e-02,6.016268824923695635e-02
3.437975456952304526e-02,2.180404970464452571e-02
3.335720867032387210e-02,2.693135680446759328e-02
1.687049807701356263e-01,1.988416142775561724e-01
2.863042695904814416e-01,2.779856236454560925e-01
1.212805001296988761e-01,1.125431078830038539e-01
1.885051964233358524e-02,1.431483852556404701e-02
5.102251235552466430e-02,6.090924736153143643e-02
8.634251185568138365e-02,1.115443800426382526e-01
2.627097649853292194e-01,2.862267711175053297e-01
3.673116388564368756e-02,5.057068171167381637e-02
2.578508923285894316e-01,2.579473334320245281e-01
6.419795356037465150e-02,9.294597652921066100e-02
1.904657744833887778e-01,1.926381766792094885e-01
1.576555876640436948e-01,1.811270852564750844e-01
1.744610558178291415e-01,1.728159387842904404e-01
8.545344367617242060e-03,4.080071911911966297e-03
1.697929407619416797e-02,2.005341256161356431e-02
4.223035312248091810e-01,4.012169009808972397e-01
8.416032692366659518e-02,7.531914126805416831e-02
1.906508896287786026e-01,1.796227954308116659e-01
1.580966220996920524e-01,1.378089530645154326e-01
1.206403436715478977e-01,1.401188575856555374e-01
9.228953887663897404e-02,9.574166248186070927e-02
5.223708366850369350e-02,6.807128385125554848e-02
1.507519174612685919e-01,1.388453289557194659e-01
1.286022576929103656e-01,1.403792226622578576e-01
5.265934170780478540e-02,4.787650512412946341e-02
7.633391546722560761e-02,7.837885682046066838e-02
1.394660011776570896e-01,1.349878294605409423e-01
8.266312602423346589e-02,7.850740563304384190e-02
1.113850596859804892e-01,1.084252735957149660e-01
5.646092606958909473e-03,3.093033601518820671e-03
2.729905162206848999e-03,1.671913296080207141e-03
4.357001644599307194e-03,4.370973370646980341e-03
4.313247873253577176e-03,5.899114118742864940e-03
5.682923160528569745e-02,4.733514379299180730e-02
5.594766259577475115e-03,4.306892036595364424e-03
1.818521315878141378e-04,2.888485729121894147e-06
1.240898938297286267e-03,8.589232542666983428e-05
3.373942809047619784e-02,5.842181163663371507e-02
1.006173113572239597e-01,1.108985590266640953e-01
3.383259222831993540e-01,2.917504468572861276e-01
1.110205401069942893e-01,1.059511793754743941e-01
1.468390110800734671e-01,1.333177515881663888e-01
9.108896571928818331e-04,1.704638629784311580e-04
3.897134312685986059e-04,6.790954458863574612e-04
8.167608943196925653e-01,8.143865260918119464e-01
1.193054178924580046e-03,9.430624360281286873e-04
5.185796845815360788e-03,5.357613084573283058e-03
2.638019086861966012e-02,2.333350946601840670e-02
3.555268323605293573e-02,3.415611884569316054e-02
4.891167968867455099e-03,1.178322294027243748e-02
1.827467890034539522e-01,1.901989736687093036e-01
3.743939924148205756e-01,3.755646562398731181e-01
3.852593115096910048e-01,3.198793085096734989e-01
7.334649458127172339e-02,6.817629664103831699e-02
3.694961290308185903e-02,2.858860518343906212e-02
2.506185411295912963e-02,3.985519913870788633e-02
2.933936518866577248e-01,2.809359301249758634e-01
4.280038484811536648e-02,5.170939854612012498e-02
7.923545785998686863e-01,8.108605521548059025e-01
4.125748604854666962e-02,4.177906426643086812e-02
2.245407306098328240e-02,2.782021430776570811e-02
3.278297877110065246e-05,3.096081470703559557e-04
2.862448574990381078e-01,2.991546125464112360e-01
1.557170049705007206e-02,1.913625589354814999e-02
3.128652054833783169e-01,3.018288724543951584e-01
4.027589860839627701e-03,5.644213824191473237e-03
2.871198777157819588e-03,4.541521691943559494e-03
2.713669322585420679e-02,1.704694547399297072e-02
1.021941301447341299e+00,1.034549446158574026e+00
2.384907432929992202e-02,2.021564327679994250e-02
1.234783182342463412e-02,1.886113896041687749e-02
2.948451182068521637e-01,3.386549597322552341e-01
2.770977894850639722e-01,2.715413414348018528e-01
1.073377410635367388e-02,1.114675676624580537e-02
6.459430786135726688e-02,5.328355082781097846e-02
1.216911817055085221e-01,1.057587841840844922e-01
9.867169616082288597e-02,1.044676274937430260e-01
2.379647914444751877e-02,2.611226079826265561e-02
2.546857109087216076e-01,2.491054523389444331e-01
3.119932408207946872e-02,2.086163022207586717e-02
2.886717992187149209e-02,2.621262637026380501e-02
6.354525313329664749e-02,6.681299728654038761e-02
2.396662433765091675e-06,7.379581183588962900e-04
4.988234938304750288e-02,4.502250256280141555e-02
3.419187882209775292e-02,1.932382677346393060e-02
2.322127358233296024e-01,2.142273928477122502e-01
3.856557117859571449e-02,3.630321514040513869e-02
6.450929036454301768e-02,6.470017866895853842e-02
5.385486002482071238e-02,4.966301739672677323e-02
2.655432514167329061e-01,2.773268790550094121e-01
5.340606501475562984e-02,4.553948687615431284e-02
3.389179425139956375e-02,3.131809765572009935e-02
1.537291880271901730e-02,1.739065034048165384e-02
1.952752433826055595e-02,1.706410718600465462e-02
8.831945955801103962e-03,9.611640183149153249e-03
6.589265550625432732e-01,7.089145376175118862e-01
1.071582207379115142e-03,4.084756971120061253e-03
3.537091187019409094e-03,4.589384183775638108e-03
2.502183044015280147e-02,3.576503328630406542e-02
7.102667331740555867e-02,7.890389338949745091e-02
3.142179833976127545e-02,3.004852492809834130e-02
3.879087246216310347e-02,3.045847249820079691e-02
9.259828465605829395e-03,1.463372652166427569e-02
3.287330298387742449e-04,1.612117079161774508e-03
6.955503292006305627e-02,7.450240060885102156e-02
1.992846118061570582e-01,1.875962145276247328e-01
1.044336524645040343e-01,8.658435785968586484e-02
8.732310650096193616e-02,6.783204728201806810e-02
8.525735454015217129e-04,1.520636136022150264e-03
2.222300453124680941e-01,2.444072359708898967e-01
6.960193183549824580e-03,7.708950531424557141e-03
1.621572005491363558e-02,2.041539663241253438e-02
1.815576014860482285e-02,1.295872347475729956e-02
8.234886471377543815e-01,8.755543243199859216e-01
2.936862686963931639e-03,8.002729064420168077e-04
4.201640034991374617e-01,4.574196108534825944e-01
4.642393639944218664e-02,5.430109081478419475e-02
8.565957101315707645e-02,7.563544723655793445e-02
5.309699723676436500e-01,5.625682085320019565e-01
5.020615006531396057e-02,4.277337990724661837e-02
1.663091984886605479e-02,5.412892601839349067e-03
7.376575549165107493e-01,7.086837314760254802e-01
1.594364597496495610e-04,1.176660692674042120e-04
7.947872173815455354e-02,5.605390100745212545e-02
1.982474452860835332e-02,1.427100824231529279e-02
2.299056697414575759e-02,2.518272354129170304e-02
1.465840574591709689e-01,1.535197262608405389e-01
3.052158630140927933e-02,1.703812347073522387e-02
3.294672912470257287e-01,3.402763388454148608e-01
2.953538783370036058e-01,3.063673156386823582e-01
9.586690228258627419e-03,1.027200212613322422e-02
2.775370958997137594e-01,2.798739059239790383e-01
4.429310058454518501e-02,6.000466612327551991e-02
3.234633493257450532e-01,3.263031608416404050e-01
7.938456693509060927e-03,5.654488121205151867e-03
2.249891037507522340e-01,2.743655383831674066e-01
2.169669419743937566e-01,2.083394844132838708e-01
1.060329410324706512e+00,1.021409669858291958e+00
2.380935605705911465e-02,2.602967261887606173e-02
5.354058379510651805e-02,4.708295487594289092e-02
1.329692493428681066e-01,1.437809709636858890e-01
6.600492067661167805e-02,5.703678278043079752e-02
4.345908270615351232e-01,4.779605535172506969e-01
4.991657178659867321e-03,5.953998126195513517e-03
1.972415078879640165e-04,1.313045539076057545e-03
7.724765015895938836e-03,5.022615059570300321e-03
1.456050152745246018e-01,1.207720866052249264e-01
7.082096526429697975e-03,3.771039121299521978e-03
6.395078825368225809e-04,1.484931673230411404e-03
6.698877638278391555e-02,5.887997653863486641e-02
7.538716720602378976e-04,1.112211780685678749e-03
2.233138816297838836e-01,1.963282864258877325e-01
4.153273967871193295e-01,4.446394415177776227e-01
2.612216141714321024e-02,2.911338214496336438e-02
1.600343017235202892e-01,1.473448454260527229e-01
3.737330016219270190e-02,5.194601049108756724e-02
1.040239889940384604e-01,1.053380043093805063e-01
1.340394199853663310e-03,4.394983914260558629e-03
9.993597197361587040e-03,1.905975387373499280e-02
3.448363324518170792e-02,3.986577214663429569e-02
4.032784900967546771e-02,4.775826616422546717e-02
4.659565241489087295e-02,6.234354701697769618e-02
6.105979035432284804e-03,1.116426988189843199e-02
7.027629926576139940e-02,5.486396100365809742e-02
3.927688660014001104e-02,3.456245838577094026e-02
1.939391728177808708e-02,2.521030065063176520e-02
6.141504215817497614e-02,4.861741915367565059e-02
1.125657368518212936e-01,1.098672417743951496e-01
1.016857660845171263e-01,8.521633991191070179e-02
4.968748666724104313e-02,4.079516811941092530e-02
9.601024105824677857e-02,9.199385221827585668e-02
1.113836907133165235e-03,3.531198407733672495e-03
1.647517573705766236e-01,1.254022387093730040e-01
2.040068198585982262e-01,2.344474203291116721e-01
6.858972389993539705e-03,1.634288048094363621e-02
8.952799542418270196e-02,9.763000545914848893e-02
9.861306902605801450e-02,1.138321614585517672e-01
2.021513362512421513e-03,3.884843690722571390e-03
3.538443866263937809e-02,5.509120620160653375e-02
2.801070987157242790e-03,2.922392689907453434e-03
2.523690261090080211e-01,2.507971397134449165e-01
6.018101674628121428e-02,6.434854870509700009e-02
3.232753386811120129e-03,7.102223553900466682e-03
1.367727244014931287e-01,1.430844272889622570e-01
2.633023667356125530e-02,2.517144535521069135e-02
8.080581462701384721e-02,7.538616685393713379e-02
1.033454072612225057e-02,1.053346518744394458e-02
3.455290030078594227e-02,3.297906554786551869e-02
5.366521075627316006e-03,5.346885790912028584e-03
1.298660403755762804e-01,1.221745404793232320e-01
1.508568380430876654e-01,1.445655720173287251e-01
2.888970505515248144e-01,2.300396549657251488e-01
1.130090620003427332e-03,6.959625040283725890e-04
2.809783576120952753e-03,2.723387920314470322e-03
7.858840412554096710e-01,8.015753016248587937e-01
1.902518109765240911e-02,2.026106196969496009e-02
1.390439083814188487e-03,1.025556430437045332e-03
4.920975426532789992e-02,3.821478614413860442e-02
8.299377674248345493e-02,9.839600125811541476e-02
1.310807409253159084e-01,1.161996353696537893e-01
1.892743503560765095e-01,1.899794461022317194e-01
1.658422493343729204e-04,3.109486485582256100e-07
1.050357257828580387e-01,8.122255661419142125e-02
4.551702783708185263e-01,4.868530985064402627e-01
4.319727471407085184e-02,3.515255859580442704e-02
3.081085450359471664e-02,2.739825221647849973e-02
2.912556246976294103e-02,1.824813911044274178e-02
8.133524994258834601e-03,4.628056324019189267e-03
5.848423727789633410e-03,3.591657071666747893e-03
2.034925431225412806e-01,1.745848499942267706e-01
5.246482872888034166e-01,5.138983803280973151e-01
1.839132783182428031e-03,7.576072431642558169e-03
2.331955069078064935e-02,1.867124456411078937e-02
3.807243278686921932e-05,4.319254782855760738e-06
6.525920722985911748e-02,5.913525092656432558e-02
4.199070119608953877e-02,6.638376997595957230e-02
3.193831304253783726e-02,3.533972360537918772e-02
2.231815325253390034e-02,2.318481368308067045e-02
1.088388073428550873e-01,1.076674842856105846e-01
1.982578344065939052e-02,1.332458889419348147e-02
1.667159492930517517e-01,1.505113487502997283e-01
7.294333237972551454e-02,8.220343818492563404e-02
7.623667395969052629e-02,7.538920649090544157e-02
9.766675201709916834e-03,1.657025226440265314e-02
1.479876016682238338e-02,8.254964321822983245e-03
1.384861437330970058e-01,1.364987912975869633e-01
1.482840591233308691e-01,1.498666763185775574e-01
1.183106245793068834e-01,1.243243151162773813e-01
5.841835157838994508e-05,1.533048877722697817e-04
1.441393988568517026e-01,1.717411854784802183e-01
2.807432511266364505e-01,2.754452833239955933e-01
1.066741672158120907e-01,9.876862800098000494e-02
1.116519858440435803e-01,1.056293448738451213e-01
3.351037723796482020e-04,2.702206797347453897e-05
8.843756735971777805e-02,9.934917253248895519e-02
9.302261729311169652e-03,4.387155400035195295e-03
4.226585550215647413e-02,2.645289103230754127e-02
3.195466655471835334e-03,1.263805041469030690e-03
4.773970471051084546e-02,3.945597910168138767e-02
5.450989338510792148e-01,5.081536662199378496e-01
2.263829139567766820e-03,1.649550125589220779e-04
3.411827420913140368e-02,4.459942004386156789e-02
3.402358730832755890e-02,2.744843945517158254e-02
2.958864532520709412e-02,2.286132558464576067e-02
5.958256977556511749e-03,1.333445540910989380e-02
3.570425906344019962e-02,3.754322607930844768e-02
1.584248042284755117e-02,2.189708190527728596e-02
2.871922157585498625e-01,3.113831472622703989e-01
3.955328728045374304e-02,3.222989596055170908e-02
1.236168994886164933e-02,1.129335481922277666e-02
6.027412920416444497e-02,5.775794309869927701e-02
1.200926377674298717e-01,1.299382176835713609e-01
2.332934731017093366e-01,2.674476291897745495e-01
1.434191738404970717e-01,1.226640915299418572e-01
2.907275126147279912e-02,3.960478481988439353e-02
5.845963954686229230e-02,5.194040863510699518e-02
2.740559312846170270e-01,2.356932836271569132e-01
1.064747402251667481e-02,5.171123037381238421e-03
3.896684698657728457e-02,4.076456670755974204e-02
5.466670645695183815e-03,3.009958107123784313e-03
1.241732929867258306e-01,1.456933030688988551e-01
5.942402805225461826e-01,5.603256513453868104e-01
3.551276014166096506e-02,3.249790853515329564e-02
3.186354091426273072e-02,2.110594036648952981e-02
2.342766381132017905e-02,1.731954370482488917e-02
3.044602868731510412e-02,2.885820610639252756e-02
2.999048571809892830e-02,3.922433215105097792e-02
8.683731612577461068e-02,6.521137957244058092e-02
1.389403558427018404e-01,1.240233945542135591e-01
1.162130587441164223e-03,1.659914054278874545e-03
4.334115687757445629e-02,4.621205854658003154e-02
6.278436113367999449e-02,5.663188828228350041e-02
1.350824528863354447e-02,1.309734308145135695e-02
3.604661239547916896e-02,2.822016625600362941e-02
1.559506612045514218e-01,1.749883916735469891e-01
6.724795912184789283e-04,1.114590107036402900e-03
9.987332142107371857e-02,8.208763627628062887e-02
1.278060463449117168e-01,1.155142370482678815e-01
2.291200328743604134e-03,2.721435854811488000e-03
5.528022031105003613e-03,7.139971369240249652e-03
3.982427967000756568e-03,3.252229613631755362e-03
7.471827282936184256e-01,7.737862254009705287e-01
3.984790277998170871e-02,4.996353562053990754e-02
4.709577180813998704e-03,5.005461669961047688e-03
2.224255846146776412e-03,2.975868891807033172e-03
8.729232530485077357e-02,9.666364399634877480e-02
1.867414904466347392e-01,1.782816976561024391e-01
1.163889193232662683e-01,1.349266449323759665e-01
3.261710089981592944e-11,1.886490951527116267e-05
4.384486854173000880e-01,4.174902360874309104e-01
1.860049441941822885e-03,4.346455570089782176e-04
7.736317435659791075e-02,8.231549376474898982e-02
1.214117235581440961e-02,2.975748711599189578e-03
9.666083100047337395e-03,1.309630888383367733e-02
1.194792514322642364e-02,9.077419154790818817e-03
3.083619471794649125e-01,2.475181632370780926e-01
8.404151636586880761e-03,4.221224656592235426e-03
1.777107615194089413e-02,2.027684331444901816e-02
4.710323244603505377e-01,4.484408938837117220e-01
1.619413657404423501e-01,1.903160330173634673e-01
5.782500018764289429e-01,6.127277556186410123e-01
8.707061865457477179e-02,9.002260986787866126e-02
3.237602484227957156e-01,2.962381731141115471e-01
6.896610121854572506e-03,1.707761867259534327e-02
1.957922565522783598e-02,2.131112072276105177e-02
7.821552062613398304e-01,7.237562151915999387e-01
7.536629713389775276e-02,6.680613994960787894e-02
3.824351743955099053e-03,3.977266343856336768e-03
8.017166198157540580e-07,1.169549046572123199e-04
3.672822596667097428e-01,3.646466490001303296e-01
1.333393536239064481e-01,9.576972153327856230e-02
1.416460362155768649e-01,1.260726336406333692e-01
7.704910133350943062e-04,1.949005480676154010e-03
1.985499311382685483e-01,1.767050556272095341e-01
3.615871668177197702e-03,1.289159188611286319e-03
8.006370141195369439e-02,7.408617363791751564e-02
1.586639610511665910e-01,1.347926798224683975e-01
2.274051171328556021e-04,1.292729447725558941e-03
2.686807066487514883e-01,2.470388247651953972e-01
2.872182466818620509e-05,1.126297222036641224e-04
8.150722643974921133e-02,9.728600435256769263e-02
3.518417704253058026e-02,4.129245078112788597e-02
2.965111546677022536e-03,2.811963310618450888e-03
1.099770645361168586e-01,1.167502719619362694e-01
1.437887635157365958e-02,1.546626501473272706e-02
5.867480473184975148e-03,5.550710996793906463e-03
5.960168846502521267e-02,6.829767664977037800e-02
7.570833137000103352e-02,7.720961442376005068e-02
4.172290974558173250e-03,5.217088306365986333e-03
1.385041426607497017e-01,1.702447390887352474e-01
9.447275943142917701e-03,5.158522604578765977e-03
4.598974015779316252e-04,8.157528040358749807e-04
4.234962046022328064e-02,4.472348084543566193e-02
5.452261059481899180e-02,5.362719180426960691e-02
6.571276782872427502e-02,6.912946073388751000e-02
3.975059010362791759e-03,2.183524263254744014e-03
2.554800438008062446e-01,2.508343498782408809e-01
1.745494672906892919e-02,1.652862306667673628e-02
6.253032154723468794e-02,5.929773943396696168e-02
3.728104728432106441e-02,3.175265897502797113e-02
1.736774113483277799e-04,3.114395868999468250e-05
1.575761102218632415e+00,1.522285130496309424e+00
6.030748818746581655e-03,6.397747178890657131e-03
9.772618719555124095e-03,1.520906361223849784e-02
6.510955247798682309e-03,6.279231170504405435e-03
5.355742434417438969e-02,6.597652452542290824e-02
1.142228873910711290e-01,1.079154555627277884e-01
1.196804922969424007e-01,9.860004030927890795e-02
3.958699513596394132e-02,4.620106520812990170e-02
1.099242685918993753e-02,1.297688073248108760e-02
4.025730691250903881e-01,4.099530007721562952e-01
1.263481559397451777e-02,2.000783673809202259e-02
1.216468896494925789e-01,1.397889422367975532e-01
9.938511497521239357e-02,1.003741072461554057e-01
2.766361209743669614e-01,3.087824105645267103e-01
3.988918501195312834e-03,3.158261337296836176e-03
5.467491142202566407e-02,7.277802465386022657e-02
4.959106258935459897e-04,1.506724745379734981e-05
1.977026490833154460e-02,2.366429525982634632e-02
1.940985413640078025e-02,7.852606207287499487e-03
1.610829035702027179e-01,1.631475391973507272e-01
1.425075090839369452e-01,1.011080981063251366e-01
5.135455003086113190e-02,5.343059044264276969e-02
1.368338964829511895e-01,1.312751903926477892e-01
1.299617953142580273e-01,1.105440707198682010e-01
4.825386575980399745e-02,5.662035194131606608e-02
5.068514558501090450e-01,5.397599124109460078e-01
1.648849271520345244e-04,1.480004247821519207e-03
3.554871278433428539e-01,3.427710428719782376e-01
1.205730070325895104e-01,1.058012111600819399e-01
1.009392390290279060e-03,3.119762741224543865e-03
3.299318266315879322e-01,3.744894956452614609e-01
5.439272668947997894e-03,4.259525665506206683e-03
4.136856198630492433e-04,8.657211086624870089e-05
2.285748679344366395e-04,2.003264779861476004e-03
1.045800153152998818e-01,1.440988622370588390e-01
1.975422029445320915e-01,2.041208949099551917e-01
9.564102014942298113e-02,9.892909309939525164e-02
1.041081610150731279e-02,5.005057722407846472e-03
3.055703293543706248e-02,3.893829721201305660e-02
4.225352406711084530e-02,3.803543498548420804e-02
2.224551672314096368e-02,2.255931945441011846e-02
9.956182456234968781e-02,1.020468371055934798e-01
2.456987186451272676e-01,2.401604570308322195e-01
1.442438490502283843e-01,1.200315966838744475e-01
1.625316452368144593e-02,1.473894349587474492e-02
1.971271195795673281e-01,1.713587699843451273e-01
6.982026260809748308e-02,5.735294555181583848e-02
5.459871793622878824e-04,9.139526352384072256e-04
5.154936306087850098e-03,1.561882359244689666e-03
2.932725525523901741e-02,2.629341830176877559e-02
2.051205354189435670e-01,2.131625689534629442e-01
1.137999639037846900e-01,1.177973964442854266e-01
6.066984987617029396e-02,6.639760664362659437e-02
8.247562041499831298e-03,9.330096857210657887e-03
1.525713971367951560e-01,1.356301977820544846e-01
9.236302904176438289e-02,7.635961068710619970e-02
1.301794177708012201e-01,1.611374213268288169e-01
6.999146521861167314e-02,7.141201144139304458e-02
1.004676335501136636e-01,1.242888808919922067e-01
3.072872073438842611e-02,2.978373713184993138e-02
1.049655857396587354e-03,1.682611976477720712e-04
1.199931486389588416e-02,1.190751764744764525e-02
2.469535161943244711e-02,2.329109532878962177e-02
3.951121137353129018e-03,5.533362508362192622e-03
4.485996268414785965e-02,3.751238847969656093e-02
8.197598268601870297e-02,7.444392423059957575e-02
2.018601187597770930e-05,2.053278478523616959e-03
1.349906600698751213e-04,1.354678274187777086e-04
1.749254542382341904e-01,1.754024540213964256e-01
6.615194465643686739e-01,6.614677090683122040e-01
1.469927249743189232e-03,3.419556492758983601e-04
8.564721789221700979e-03,5.313219365684840149e-03
1.547207304238853130e-02,1.379103798453213889e-02
4.893310680414359945e-03,2.181630936828399953e-03
1.201962801204944919e-01,1.086173792679527850e-01
1.661288745094274544e-01,1.414490454723265622e-01
8.049866322329120305e-02,7.587524876186994838e-02
1.630962889633411420e-02,1.484416371615307831e-02
6.735528067275238506e-03,1.495400483848666716e-02
2.462917440246961409e-01,2.872214136166596488e-01
5.539672222791247602e-01,5.325108473228784556e-01
5.873950502869356577e-02,4.757199402124690640e-02
1.983050677582325755e-02,2.903289757923443667e-02
9.055648318905755445e-02,8.070627131757626693e-02
1.055636782786141536e-01,1.220465687258680404e-01
1.080027869754502171e-02,1.184897075898300352e-02
3.610245317684747657e-01,3.378205379276965070e-01
1.003477358694365024e-01,1.083053977525490208e-01
5.874937497828627495e-03,6.314352303020888402e-03
1.497946889476367838e-01,1.957828885320003487e-01
2.509970154647599427e-01,2.485531754746051758e-01
1.148136768457777845e-01,1.098439582589670060e-01
1.892590740345755085e-01,2.075199859192410623e-01
2.403776276830474172e-04,6.942760630297711453e-05
1.860868372411209060e-02,2.003135264803943688e-02
3.762036864663196867e-01,4.204438759570854334e-01
1.280103393924782217e-03,1.387767767816498569e-03
2.037533709684361330e-02,2.896396932714495956e-02
5.792486652877157915e-01,5.645022191399061695e-01
1.397767678399442770e-01,1.715537533168086937e-01
5.852587479830785588e-02,4.557177940818622763e-02
7.076624787578232600e-02,6.529486077754032003e-02
6.378506560098529121e-02,6.005604819515624609e-02
1.773255510037300142e-01,1.700900081579802825e-01
4.294109316761681588e-02,4.085980130830527829e-02
1.889733921409284534e-01,1.639676203874415039e-01
3.646996867410749743e-02,4.112458038985612740e-02
5.100200286464977584e-01,5.403020282161570265e-01
1.114798728240139342e-01,1.145975872246767502e-01
6.657103539521849744e-02,7.096167017372315144e-02
1.756406725179223555e-02,2.439331238727917781e-02
6.101320335879027182e-06,1.379497202504811405e-04
1.415781344489678850e-01,1.304911846712065449e-01
4.467333507634901890e-01,4.158428724132856580e-01
3.524443845608347253e-02,2.578771846366869486e-02
5.275371601842446245e-02,6.247362918573255708e-02
2.093480203341776570e-03,4.054908692527103668e-03
5.771574077269318349e-03,4.727823394126667855e-03
1.153404953029890934e-01,1.060244022544446774e-01
4.522450580499062095e-02,4.381761361614763817e-02
1.165473320041394006e-01,9.530746250157258459e-02
2.216713892671475644e-02,2.325204784296144855e-02
2.615578006474449935e-01,2.348537608194313231e-01
1.184359459888949251e-01,9.264400367013930770e-02
5.621024963043103756e-02,5.070541810347348188e-02
2.408112237690512511e-02,2.562815903019551728e-02
7.367410620102567143e-02,6.154069899798611520e-02
2.556058848280492457e-01,2.830700580539604050e-01
4.046528321758929153e-02,4.913794439376872186e-02
1.664213329409557768e-02,1.622077677773263449e-02
9.564439255604829937e-02,9.146999751410476998e-02
2.181223706890253466e-01,2.073768191700029184e-01
2.493577858638302280e-01,2.787214114717984637e-01
2.338655627979622023e-02,4.025539570502283809e-02
2.044581871789630800e-01,2.013773233019201525e-01
2.048283704793550930e-01,2.006085310235779517e-01
4.351070195329777013e-01,4.935403562450939030e-01
4.146922393734991106e-06,1.137584745912152503e-07
3.791904095472606873e-01,4.247056473848228597e-01
5.619715295915480580e-01,5.594397149077284803e-01
2.702565240998387741e-02,2.401198448281980855e-02
1.534629754825607428e-01,1.476580213679266895e-01
1.448922655878935317e-01,1.501669312121246547e-01
2.186817138909265268e-02,1.777821141446076642e-02
6.715003461940892426e-02,8.502160218772068789e-02
1.386016481334212511e-04,4.314664848051292341e-04
3.349805706537099803e-02,3.820935624698291316e-02
8.622204382544405854e-02,8.500545140194817884e-02
2.674458537444954209e-02,1.887284649446990814e-02
1.611587729767240962e-01,1.771053761124371517e-01
3.018635834990247152e-02,3.833031085850265030e-02
3.616975415229520263e-02,3.855632987954660945e-02
5.080342892350802036e-04,8.721011836678491764e-04
1.672093315610654121e-02,1.640919361786295425e-02
3.118115721056554657e-01,2.817435641408997382e-01
3.438660826557084910e-02,2.708356566771269458e-02
4.477204386529865660e-02,4.370609969091628078e-02
5.331751556794039719e-03,8.416756221966035026e-03
1.719094768121125771e-01,1.667574761357100699e-01
1.029292192347690676e-01,9.760852820798912588e-02
4.203725750585814158e-03,6.027930376276862887e-03
2.172408227278587178e-01,2.419531060192592065e-01
9.860911925841424341e-03,1.491878998813863690e-02
8.362938213675942534e-02,9.899664951616288233e-02
2.065866413054372186e-01,1.892803458188614396e-01
3.196725217025433996e-02,3.383186081783907950e-02
4.454594897814407976e-03,3.504400960173472378e-03
1.123345963706676304e-01,9.521584995812823471e-02
1.816582661796434239e-02,2.105901994226271057e-02
8.862910693904999318e-03,8.381058059715168831e-03
1.001541589272128274e-01,7.841437456279627682e-02
7.728601694450702719e-02,8.516373562716449130e-02
8.649208110691950478e-05,1.846147211685214735e-03
1.882597869056390205e-01,2.076273829031348439e-01
2.364758018348048999e-03,2.204719016135711261e-04
9.011730373436145636e-02,1.022049743418768086e-01
3.254686103425555310e-02,3.148408219797567409e-02
6.895523150838574200e-02,6.029247852808911762e-02
2.960961593373094558e-02,2.786764853412177639e-02
3.899690354551334226e-02,3.281055496971076874e-02
9.582363137223728344e-01,9.886085048927755192e-01
2.675770505415918099e-01,2.513192186716999288e-01
1.095482418945979306e-03,1.988967372138968417e-03
2.191791542335318199e-02,2.057463065043667327e-02
2.962106926819540434e-04,3.463138424732851474e-04
1.745776030630774925e-02,1.112731307988049263e-02
2.664984380086346527e-01,2.768279382447997872e-01
8.883865088883132755e-01,7.619601245397051859e-01
1.138997337087636341e-01,1.041368106427743717e-01
4.175362247756170958e-02,2.360595824893939321e-02
2.215545006336892275e-01,2.014888548915632349e-01
5.667920385587365759e-03,7.409420862318814339e-03
4.380753972667338902e-01,4.362222214905724371e-01
4.401679605334132134e-03,9.009057559317225350e-03
2.059787747593586418e-03,3.867960922532264270e-03
2.564586392844350402e-02,2.866072476910995134e-02
6.787493278173198363e-03,9.315229579780332642e-03
7.303176919844024499e-03,5.230258261766169287e-03
1.360276290039246216e-01,1.302197065656713337e-01
7.514901653067035392e-02,6.117998505880681281e-02
1.568598105451305194e-02,1.510691031959079597e-02
1.369510424664553173e-02,6.894198736677435886e-03
7.564325145525455096e-02,5.525480504221491618e-02
9.981093925461157271e-03,1.123205024831322278e-02
8.907797513000303979e-02,7.159310207456405506e-02
2.296591639517344408e-01,2.050622593142667482e-01
4.616284519068446918e-02,5.466213124269388157e-02
4.436052686133905298e-02,5.428944706341296694e-02
2.379919754548376898e-01,2.256870809294262703e-01
8.237636552047409091e-03,1.116856624123115614e-02
4.232429005529494276e-02,4.510888646102918786e-02
2.637798935998506566e-01,2.463582352372125361e-01
4.463357034314724414e-02,4.506284559362764425e-02
3.983316248309367452e-02,5.411420921659263611e-02
3.955418826425984025e-02,3.797148631911535788e-02
5.739979119196668249e-03,5.620563977821238337e-03
5.634143543352155707e-06,4.734860906483423070e-04
1.513710561782509109e-02,8.104633902048886951e-03
1.563425205644974614e-01,1.213858580200678633e-01
2.654908341961846304e-04,2.481214190264038281e-03
2.924117225411580843e-03,2.407058601029895292e-04
6.253399446958451784e-03,6.353927119784265505e-03
2.028522695455022354e-02,1.654682363402791914e-02
4.531342678693162096e-02,5.929880570901810422e-02
4.794107935623297730e-04,3.096035706723199946e-03
5.537226246724613610e-02,4.660777762549089820e-02
5.360068966944814750e-04,1.679116651159326249e-04
3.435476272808629106e-01,3.640230426822332888e-01
5.472278903211574667e-03,9.525795719239669654e-03
4.560967818860702308e-03,6.239832111648174490e-04
8.406015627685921657e-03,3.907795868086783378e-03
1.788280151317001368e-02,2.378675774546159388e-02
3.112631556607679817e-02,2.586360799084997872e-02
1.541168101617397534e-01,1.780488024405748326e-01
3.542551904388864525e-02,2.468371934725736155e-02
4.807595720284331409e-02,3.948894818446792992e-02
1.399968482626614830e-01,1.223567310471716935e-01
1.322927231795744119e-01,1.200571223226941514e-01
5.132475137115544671e-03,8.439797962833565231e-03
6.659692167115921838e-03,7.457872756248139570e-03
3.138111703248709361e-01,3.315649460399640591e-01
1.555308504220151260e-02,2.035876809934994078e-02
1.181464172347783392e-01,1.182125463549142941e-01
1.007857162038275356e-02,6.656607435568113844e-03
2.042366007381949400e-01,2.028295888742867870e-01
4.515154104755523395e-02,4.367976679595645534e-02
7.618918612361620657e-02,6.751269922904988563e-02
9.312835364842488028e-02,8.684704985154456658e-02
1.139165830343421698e-01,1.294787307583324110e-01
8.410336256283155315e-03,5.977493665821907547e-03
6.116688805091810566e-02,6.202290197526487414e-02
4.754723684107937595e-03,2.196140689375018946e-03
1.044642464728283990e-03,2.455097967562706873e-03
1.273606564979903322e-01,1.495340268183499577e-01
1.030839459184637987e-04,4.205054409464441256e-04
2.424998393478034753e-01,2.633178469235845642e-01
2.613655605652736580e-01,2.385868690653809299e-01
9.224917053565262481e-02,7.589687948740989065e-02
2.859071343816537662e-03,3.681928272461888231e-03
7.781896094261539498e-03,3.893500579918391345e-03
2.379447265418716678e-02,1.998195925195257738e-02
8.797118961875560750e-02,7.513176522338127494e-02
1.341928525974350750e-01,1.293584638928196306e-01
4.961092436941551796e-03,6.131922680077605062e-03
4.385605885481953098e-02,3.442228831884000528e-02
4.395942085264947091e-02,4.051616251437800686e-02
1.406876350272635023e-01,1.377563868939339353e-01
3.780717559106854669e-02,4.122959407299931628e-02
1.835582582015272968e-01,1.740086093864522954e-01
2.297645389750190836e-01,2.363706993732656858e-01
8.142239945871259892e-06,6.978055915057935792e-06
5.241824061207460417e-02,4.620751455406107988e-02
4.552072063115252497e-03,4.882243360819282091e-03
2.607054501104697809e-03,1.092659640551298149e-03
6.793242972933817396e-03,9.991389344519865587e-03
1.486505165958650621e-01,1.487553992161949612e-01
7.612208708252334033e-02,6.477921961254809458e-02
8.643607695382807266e-02,7.288841912372355514e-02
9.054696065374780167e-02,7.889033453467050871e-02
6.860696665142482220e-02,6.882853451249772159e-02
9.212561704202032464e-02,8.763316203243970426e-02
2.031073280178639223e-02,2.212031417491226032e-02
2.304889714302522583e-03,5.111878548713787336e-03
4.834489123073396283e-04,4.125519759988625543e-04
3.372089135153829575e-01,3.580972114137516149e-01
1.633321292896874888e-02,1.361204655872738992e-02
9.800258056672113676e-05,1.006199882970849675e-05
3.526784143403313004e-02,2.799484754672159140e-02
4.348261685109128249e-01,4.551944265305934989e-01
5.162518834992621541e-03,5.657230601943526345e-03
1.852364083657262461e-02,1.808803222715223147e-02
6.524245154749946929e-02,5.974059180406571246e-02
3.949609065422625409e-02,4.595354329506536051e-02
3.994865498277493598e-04,1.396305041506274304e-04
1.668327828678882506e-03,1.281328732390335642e-03
1.031790179424143909e-02,1.099510693898514239e-02
7.624362718069259415e-02,6.923851293495135450e-02
6.064143078010950094e-02,5.955390317888650115e-02
5.239970106665403117e-03,3.003185254181744892e-03
1.033054478359107624e-02,3.621432611503940750e-03
2.522640122366290871e-01,2.736405687668130859e-01
8.808340129084993309e-02,1.003923419448384396e-01
4.093377164488962161e-02,3.253739069738004197e-02
1.147955154898954028e-01,1.051746749240115575e-01
2.720624869764563525e-01,2.835270499384435205e-01
5.513350122838975853e-01,5.811396008105833566e-01
3.337639664394676658e-02,2.323913098975181543e-02
3.090715875580302696e-01,3.298182519046508610e-01
1.303912598011655044e-01,1.188741147315867247e-01
2.395162060009941446e-02,1.901348311794055085e-02
7.574041975414120241e-03,8.703781153934581072e-03
5.328706678221569598e-02,8.666645450917589977e-02
1.508358218130202433e-01,1.721060821857295364e-01
3.652556321970549559e-03,1.771671176768737721e-03
3.069693314714206367e-01,3.159179898684244536e-01
1.804083438048829577e-05,5.456545630880413810e-04
5.532002896563534278e-02,6.071027815514835890e-02
3.646576808964231697e-02,2.724863372513138329e-02
7.190018445606599640e-03,1.331521898586576031e-03
3.032986253084714035e-01,2.839774541681733266e-01
1.958983536648711277e-01,1.568109703087690043e-01
1.504950427840845081e-02,1.043642505790146405e-02
1.164034216819848783e-01,1.220915247809540027e-01
1.872403291512447429e-02,3.185429381842098256e-02
1.731728782804698103e-03,1.935464046815916616e-03
1.835037198329371455e-03,1.707094182880986976e-03
6.416218968299747250e-02,5.627295713881466654e-02
5.453797470427208111e-02,6.387036652095411104e-02
6.262356982427280672e-02,8.308837695362435161e-02
9.941471750737163049e-02,9.922388626427749991e-02
1.259545856822181231e-01,1.407380297027193972e-01
8.768486612548966053e-02,8.907539658723821752e-02
3.203666128658515244e-02,3.236152680376281482e-02
1.609119506120925136e-01,1.535263147257705518e-01
2.379021633719597129e-01,2.335009688176104548e-01
3.865100356361976519e-02,5.143297163166914154e-02
1.089615288117394831e-01,1.111890947782716299e-01
1.059411793181320007e-03,4.053399289547743810e-04
5.550188848525549473e-03,3.897295537414218868e-03
3.532643661498291454e-02,4.728344599068865645e-02
2.277159261420731370e-02,1.394633558868743455e-02
1.317745079307267309e-01,1.619464193224578186e-01
1.177534306680513843e-02,2.721278849479216722e-02
1.939245497249192157e-03,5.881061890041435229e-04
1.337735343155618817e-01,1.464926985103517099e-01
4.589506378089901195e-02,3.438188981132043326e-02
7.653575787253720682e-03,1.243807570593374531e-02
2.061695156751914559e-01,1.992962622409449047e-01
6.332373500807819688e-02,5.851189656541122552e-02
3.020711761354680398e-03,4.641996338220977930e-03
1.692012456520599543e-04,6.029033021361043408e-04
1.785576259214869885e-02,3.123507645952404432e-02
6.393941661732313597e-02,7.439206487684328628e-02
1.685225187087815990e-01,1.843188379192558235e-01
3.476901261158973910e-01,3.575190365990365549e-01
1.807017235787117954e-02,1.999098065731988796e-02
2.477350088461141575e-02,2.369260655008464944e-02
2.178629067480786219e-01,2.375644906152644120e-01
4.692336101063350473e-02,3.667537477861300410e-02
2.694230539643408884e-04,8.284578766888507601e-06
4.706963016941197453e-01,4.459599735086282601e-01
5.175569747874632087e-01,4.541969399109175298e-01
6.661378985031168746e-04,2.119588309953124848e-04
7.944830698698026467e-03,8.508874188347240186e-03
6.755671871386566878e-06,3.637530539410774874e-04
1.772252129335575577e-01,1.583571168048303612e-01
6.043315259474968393e-02,6.762598503130587413e-02
1.980088034416868994e-02,2.002819366982211760e-02
1.300923229525463229e-02,8.540690342276269914e-03
3.732444521422377537e-02,4.918458242215186654e-02
1.084083673643465806e-04,1.617135007791827039e-04
1.051413107383232654e-01,1.167303375925305142e-01
2.308789419058708894e-02,3.144499559965404506e-02
4.786552407456064889e-02,4.160557524669705742e-02
1.318882238993008757e-02,1.820600149913369561e-02
4.516304523810240473e-02,5.011571099703484439e-02
4.927197047534125074e-02,6.062561065951028311e-02
2.717700543930643559e-03,1.215177116347307667e-03
8.065135597218262009e-02,8.786062375279517223e-02
8.660995340881447180e-02,8.829471591505286265e-02
2.657905871958256977e-02,1.948168880064159170e-02
4.635143962793176337e-02,6.349590122359884126e-02
1.079006817285631109e-01,1.107078305560696557e-01
3.393456765420272184e-04,2.820869926650490002e-03
2.064685413587205240e-02,1.907643189767372488e-02
1.053199002010003771e-01,1.020377634714855208e-01
3.780476356705830265e-01,4.086610977913035514e-01
3.746900181762495737e-03,2.867258673291579307e-03
2.562450807584252810e-01,2.632741205348025915e-01
1.110745756265356238e-01,1.187960820409282858e-01
7.182885079516593274e-02,8.646476352295870416e-02
1.214506464787888131e-02,7.950746299499128478e-03
1.400169396655147336e-01,1.341102613744807326e-01
9.810953135368023076e-03,1.021603587852612342e-02
2.727534446329732964e-01,2.929508399124067242e-01
9.503324171106769871e-03,3.950077181810470947e-03
1.703916629312987041e-01,1.955610417016184766e-01
2.415670176762267987e-03,2.033851990763658763e-03
3.376537370884176714e-01,3.097848742781849629e-01
1.964756270374584321e-02,1.220001675044079560e-02
2.697827632400182640e-01,2.586149479588512046e-01
4.356614697739212561e-02,4.340097623273066890e-02
4.608391409421944140e-02,3.923333794713314282e-02
2.021753285703220201e-02,2.879551722403835348e-02
2.990315178050121508e-02,2.710673097319945060e-02
2.164075033341013657e-02,2.182957327347859189e-02
1.062812763464696386e-01,9.396100355703079776e-02
2.815150714326688508e-01,3.271106118977090693e-01
1.424523244076308370e-01,1.468872796220195842e-01
4.777759333910656936e-02,5.854801639516781647e-02
2.808569795059461249e-01,2.562549009136228517e-01
6.779140648531817304e-02,6.446977582995985778e-02
2.914366326218927050e-02,3.008686835411154142e-02
1.479220049443979446e-01,1.789291571107699819e-01
2.586149129177275560e-02,3.491695175524751199e-02
7.454596970860168925e-01,7.468462222307352683e-01
2.634163533970539095e-02,3.148420746007357662e-02
1.295598198318155536e-01,1.392793603665644919e-01
2.131530728104290284e-02,1.885591406266709860e-02
1.598121216521749266e-01,1.489484772584545591e-01
1.506502016944532424e-03,3.836072965477972386e-05
4.260345690080194828e-03,1.469901279437290439e-04
8.276478301739750854e-02,1.039634184911823883e-01
5.259296841673494205e-02,6.253529245468418540e-02
9.500014283045146724e-02,9.953923299102823696e-02
1.598902634940441506e-02,7.721986549612612494e-03
3.127153523367076637e-02,4.495184904459455233e-02
4.317353951509447091e-02,5.203539117870539799e-02
1.495489297160683129e-01,1.742556263313634890e-01
2.591301070587791466e-01,2.471788013267726403e-01
1.530611296197906430e-02,1.240346067481629816e-02
2.702467034760507383e-02,4.292932074472268628e-02
1.054123995917364831e-01,1.104789558180725023e-01
5.024518169302495153e-03,8.158913126960574275e-03
7.145355531463658174e-04,4.162055631507530847e-04
1.061786511847367595e-02,4.273379129273055695e-03
6.910553477009233163e-03,3.122158870949038462e-03
1.843458557941062351e-02,8.535073333698536477e-03
4.869687692600010477e-03,5.920376599141108018e-03
2.922787405252352463e-02,1.957935909976138422e-02
2.458430191546567833e-02,1.584795658412452291e-02
1.116265044978412141e-01,9.935450387517172355e-02
8.582887673592043409e-02,8.292659745518361769e-02
2.934048871324541619e-01,2.494587348465449606e-01
1.866103567247632405e-02,2.879612004277768908e-02
1.167233119387468647e-02,1.513751891293874628e-02
7.874276359974212436e-02,6.563061658290049449e-02
1.246044043598106921e-04,1.952285214015683215e-03
8.008592957606978924e-02,9.117466315830236034e-02
3.192883204420968615e-06,1.021986416508303876e-03
2.923214622490539205e-01,2.670885905971728258e-01
1.498374924078903908e-02,1.227318709816679204e-02
4.309670832054161571e-01,4.464911282224929834e-01
8.154136868041698960e-02,1.005632437583326294e-01
7.178660105689881228e-04,2.395611640737249463e-03
5.221051621547680155e-02,5.745854864163737336e-02
2.062016995512029049e-01,2.025981865102226553e-01
2.973298349419454395e-03,2.591405730350812564e-03
4.594949679941646159e-01,4.613529419261914177e-01
1.766474635288917204e-04,1.701291101851494536e-04
1.258624758254774656e-01,1.308946096971774775e-01
4.318667151682561295e-02,5.268698952255050638e-02
6.675703333064136880e-03,4.101048819496649726e-03
2.403779505518486570e-01,2.771233755874646931e-01
7.533378777839596849e-03,4.749127321358278218e-03
1.459781019891108755e-01,1.310982948692868966e-01
2.823816773563485594e-01,2.692827663498000290e-01
7.319126077960951731e-04,6.981663273315111360e-04
3.418068225472767644e-04,2.256686754715690540e-04
5.375716742107056190e-02,5.596196204913008593e-02
9.376209351529481454e-04,4.006824288395140210e-03
9.326624533554207785e-02,9.405134638705868466e-02
1.326010967496974932e-02,1.775392098897742021e-02
2.095240725682447069e-02,1.662395447142188745e-02
1.902485867615011650e-01,2.201402841662633281e-01
1.677418623617355420e-03,3.697253217455580623e-03
1.931914179459133171e-02,3.128869966043220513e-02
1.259963634902389051e-01,9.110006698862917196e-02
2.986821933420239980e-02,3.353707776478997288e-02
1.010366677225046916e-02,6.670451198855001894e-03
3.094561346941296365e-02,3.591530960736528250e-02
1.735075224128639353e-05,3.944952419557746126e-04
1.935510728651526069e-01,1.949218013940106353e-01
6.110488307465621396e-03,6.241014448518476289e-03
8.177973386820486246e-02,8.581739227496891498e-02
2.201195956408195931e-01,2.434956960122900971e-01
1.723089092312899140e-01,2.004177907683860060e-01
1.796106692252227299e-01,1.784252588221670599e-01
8.720254810553026482e-05,8.316069052688755204e-04
1.384278697249926027e-01,1.342641871686961474e-01
2.080505246594600288e-01,1.993372681814617742e-01
2.948577602874267178e-01,3.256834125490212783e-01
4.818443961719191533e-04,1.999693948778572504e-03
1.308001486453364282e-01,1.467166865760362315e-01
1.414929930652538137e-01,1.475733260087822019e-01
1.047194491586068282e-02,7.854309788219229760e-03
2.507058442396074005e-01,2.514387340885679278e-01
2.759909637061844778e-01,2.558162898399024554e-01
5.212634247544385702e-02,5.374596064409902646e-02
8.358222247818154760e-02,6.852201604354236919e-02
1.257027552938579790e-02,1.151614542826591078e-02
7.753804004861800624e-03,6.603370050470485329e-03
7.699943896017661868e-03,1.841575516489047304e-03
1.391248936856793626e-03,3.844505453302322559e-03
3.880088876521055052e-01,3.746543913501087508e-01
4.485722378429110591e-01,4.608367277262820361e-01
7.248428775851729899e-02,6.516803868747540751e-02
2.711057512064725117e-01,2.866028948704508195e-01
5.156228715045303029e-02,5.138124271729751363e-02
2.211048003621001682e-03,8.336204467005127114e-04
4.779716524571799886e-03,2.647898119074026339e-03
1.697817640708410057e-03,3.680855491433842317e-04
1.129655479250695344e-01,1.059765391425119135e-01
1.132575333367270669e-02,4.892761811332919930e-03
6.549436404119528266e-02,7.195531629300798426e-02
1.595389785091399669e-03,2.209606556449063286e-03
1.907819212974755721e-03,3.027530428712074152e-03
7.573092351130839006e-02,8.662804707168358931e-02
3.628547949869931170e-03,4.140385775205629839e-04
7.812718003719809623e-02,6.539708987081428726e-02
3.872550718500836764e-01,3.917108210470998664e-01
1.417793066048248819e-02,1.909952951681635758e-02
3.152769110675679443e-02,3.688679139446938982e-02
5.526207860423084650e-01,6.167027629578585302e-01
8.172197044530411444e-03,7.007940887924494176e-03
3.033534412899284698e-03,6.449402324645150952e-03
1.606597369579419775e-03,2.001685333899782399e-03
6.017571294309419228e-02,4.964559115248956545e-02
7.542035953011587412e-02,8.846419392727623843e-02
5.640731982381663387e-03,4.186485459087952755e-03
3.350994776661394420e-02,2.979369969644827046e-02
5.173483501279454565e-04,1.120971664332411468e-03
3.880940501406816845e-02,4.755102539627178992e-02
1.354208068262205064e-02,1.115258577209993392e-02
5.472654111248782122e-02,4.400759186333110667e-02
3.064330921421584697e-02,3.335938649155113789e-02
9.139098525349904911e-02,9.731634664231958443e-02
4.006730386929157478e-02,4.744445573178494163e-02
8.131206579772863379e-04,5.041893425614205754e-04
4.367878808738206303e-02,4.965684409559861096e-02
1.260388815917556082e-01,1.291379847592900587e-01
1.814237808388547910e-02,2.660239490648337937e-02
9.966491763898257649e-04,3.864285263113760235e-03
1.151073846351453323e-01,8.607633081950824550e-02
5.283102100271732521e-02,5.022698086862899258e-02
1.099124403368390707e-01,1.154811031336693966e-01
2.541828988663142885e-01,2.540269897517404285e-01
1.163997615552219388e-02,6.266490473598597399e-03
8.200232233961431833e-03,5.394549116685075883e-03
5.460928101448857437e-03,4.112482387006400654e-03
3.171798891517009222e-01,3.310133186287494977e-01
3.525303865019028260e-01,3.457579410599108671e-01
6.723262452449700784e-03,4.707806488748319737e-03
3.513866288085460560e-02,4.012808884244580682e-02
2.899426009149943528e-01,2.778260365346780225e-01
3.927106394556724445e-02,3.840885445982519103e-02
3.192875986432365809e-01,3.160802444762060293e-01
4.317068401089226709e-02,4.448329939220446727e-02
2.614486189239970462e-02,4.420684434508556637e-02
1.263898640748604696e-01,1.096724112463697276e-01
4.443350997173271897e-04,9.128983684839248915e-05
4.323348945378315683e-02,4.013908144569930392e-02
1.403572950675728015e-01,1.371066429143751320e-01
2.747550686464514651e-03,2.207705021691173128e-04
4.548746156425413634e-04,1.566795786350523275e-03
7.491148167625885819e-03,2.062877089554698840e-02
9.652419457585244625e-03,3.301304850123149524e-03
1.785659136454486456e-02,8.259616026915423889e-03
1.145436956858256472e-01,1.258252957404619732e-01
4.930136504544189308e-02,3.848416832701172935e-02
1.693219538685414027e-01,1.685889437625686105e-01
2.041345693943968605e-04,9.436144704366629951e-05
3.785367899372232142e-02,4.031680117920707906e-02
3.943124617170546873e-04,3.368662745998331302e-05
3.119566035483506590e-03,8.624387654260481581e-03
2.161237717355546928e-01,2.092369075356967645e-01
1.784273498790180448e-02,1.805445556722427500e-02
5.478155542813313572e-03,8.873045654907003171e-03
8.582351740543416735e-03,1.301444422563899882e-02
1.114619528502178852e-02,8.660621332172305578e-03
2.624278356342810703e-01,3.173753968128055769e-01
2.197289959828128275e-03,2.394449045514918486e-04
1.840359606644754661e-02,2.232966439018605614e-02
2.471680126771894914e-01,2.349732837620596149e-01
5.851618784468056583e-02,4.696129182178698097e-02
2.760087996827486623e-01,3.372002259239201272e-01
3.121352821853753401e-01,3.238082810190598404e-01
3.342889787698115345e-02,3.534212856550208309e-02
1.201342263419267510e-02,8.240977577339570273e-03
1.350851261740222242e-04,3.532549248671450708e-05
3.691801023591583797e-01,3.654343251949093707e-01
1.265080474136104317e-03,1.466509512004477941e-04
3.299780662448794592e-03,8.010911731175298159e-03
2.239165529298713375e-01,2.161156617666407653e-01
8.561197602174763777e-02,6.678272416792717381e-02
9.470211264760895753e-02,1.081520893024965624e-01
2.412737779281340367e-01,2.439454298387626341e-01
7.106594490964922295e-02,6.229594973521977025e-02
1.163817050458696017e-01,1.242825583810353157e-01
2.932850371239867707e-02,3.483560778308369965e-02
6.751558046531711543e-01,6.405696112179839474e-01
4.261285900240920077e-02,2.840378531341340371e-02
4.952161375522862218e-04,1.415155479819027364e-03
1.461900255545132699e-01,1.463630631080120870e-01
5.039449910280769940e-01,4.928687787555188216e-01
3.527978378081021438e-01,3.174114240678595489e-01
1.288659322490915901e-02,1.159105539078152981e-02
4.133489839999035963e-07,9.201869399377627431e-04
2.590710514455125124e-01,2.151385823053887647e-01
2.982965870679812719e-03,3.068015938804305020e-03
4.020693136777638010e-02,3.760019584155144257e-02
8.930854283281104700e-02,1.097629807957521408e-01
1.140847859404463087e-02,3.921174569111286236e-03
9.636320842444374979e-03,1.390355037005435584e-02
1.880831461490440335e-04,1.583756679594199458e-03
1.377865906278217872e-03,3.271838173901614032e-03
5.372755168467159559e-02,7.257413051771501034e-02
1.532582480253169913e-02,1.246209320844993487e-02
2.851798649963037391e-03,3.242996488342153334e-03
2.769949691279667038e-03,5.340160235096753309e-04
3.188609647695687666e-01,3.285024638743054837e-01
4.136289903235231859e-03,1.250661395086947016e-03
3.633571339152207036e-02,4.339983271613641336e-02
1.380174628404551296e-01,1.572809473933311220e-01
8.394141726911190371e-02,6.101149096689091611e-02
5.707967346636472206e-01,5.287849064405529820e-01
5.964041194686878905e-02,6.058061199746046788e-02
1.369947806891427255e-01,1.617639175349435132e-01
2.985161431374710322e-02,3.015508024566035047e-02
3.100831049828910169e-03,3.206632477377288799e-03
9.759826430979357328e-03,1.026408643717701720e-02
1.767970623628934909e-02,1.907932264708753559e-02
1.088427887967888807e-01,1.058238015198307291e-01
1.842495011028418396e-03,6.445952948396808588e-03
7.738636040538218741e-02,5.002810325253196494e-02
2.272946447056030383e-02,1.718477786766238469e-02
5.604963526977571305e-04,2.903200595568168336e-04
4.550550252556180106e-06,8.481244648737791330e-04
2.011864764327445099e-02,2.634302413477281404e-02
1.539248478269303888e-01,1.490396789759200202e-01
2.203572454537141012e-01,1.933532916660989920e-01
4.495177331597580150e-02,6.140575314131575813e-02
2.277481722187320867e-01,2.245627034012525336e-01
3.195042956002551726e-01,2.988460867410718813e-01
2.102464031177820047e-01,2.128283150034421534e-01
1.821351976184391597e-01,1.967063798098315497e-01
4.154360275024974736e-01,4.395136708972404715e-01
2.231181222438109180e-01,2.253909778180083201e-01
2.373846305079271857e-01,2.255125589555963539e-01
1.040484605380792016e-01,9.057297531157339210e-02
9.427403787220251657e-03,1.414814250702805740e-02
1.015442042603899697e+00,9.709669021738371875e-01
9.909374276140811913e-03,6.227294910859666743e-03
6.833409335152038858e-05,2.059556761713401116e-06
3.104402169669114864e-01,2.693364991139580722e-01
1.152767899989708134e-02,1.111587208610022998e-02
6.001975795959626345e-06,1.092635423707105646e-03
4.099031041264712683e-02,4.942611871022552228e-02
2.607326619827379233e-01,2.617653763459974470e-01
6.148056943081012943e-02,6.548640411900985558e-02
5.564494923099285069e-03,1.345613599593471071e-02
2.099893620459873655e-02,1.021905094389904435e-02
1.097801575962214365e-01,1.055292425325966149e-01
5.839671023921644277e-02,5.805626649665492772e-02
1.831463548815358555e-01,2.273710484811595767e-01
5.440229436953522568e-02,5.613151713833231665e-02
7.902327491294003359e-02,7.309963275922901071e-02
4.267001795290547802e-04,3.262649912671850808e-04
2.522570884898481334e-03,2.071669201915048424e-03
1.632936957712146980e-03,4.816758134849130103e-03
4.820540454139688596e-02,4.468488458576384825e-02
2.069004192913341273e-03,9.088354343774143606e-07
6.784625035557208250e-02,7.307422748334430063e-02
1.038088771347893263e-01,9.804828528269733667e-02
2.296279256588115020e-02,1.236690623495758853e-02
2.142977730399305003e-01,2.356189315509478188e-01
1.817754536054391398e-02,2.514113835707905073e-02
1.270402863051250074e-02,1.231392373443543180e-02
3.195673564753322843e-02,2.569575334593018553e-02
3.679449984398276974e-01,4.007981202496521123e-01
6.583508609427006497e-02,5.835344765528590466e-02
3.837655680434081534e-02,3.850152730223248276e-02
3.761554088316691052e-02,3.620880199733094579e-02
8.338876625829820532e-03,8.918023969557207706e-03
8.962877519524764525e-03,1.187177849001904914e-02
5.514537387695402776e-02,5.959117547810156151e-02
4.631038814777551824e-04,2.097465586577588006e-05
4.737272466799021670e-02,4.481792742902580146e-02
1.606210308628228502e-03,4.744161993691352504e-03
2.585252805073992837e-03,2.963239457980256907e-03
3.778355459322607079e-01,3.621286162813706633e-01
1.690045278282026678e-02,1.678339914692705825e-02
3.227642279110252456e-04,8.783484929398947816e-05
6.794032701508344319e-02,5.744573058810709121e-02
2.223718298783710148e-02,2.680064707033446778e-02
3.967251109702307765e-01,4.536201673134064860e-01
8.136706245739428649e-05,2.185765425378598823e-04
1.043656965630291016e-03,3.566341839541894553e-03
1.320634880124858523e-01,1.331249317494140605e-01
7.113341092929320597e-02,6.641176681643835844e-02
3.720996048910349147e-03,1.374259527619130401e-02
2.643546054606521218e-03,3.463840937530104913e-03
1.778348042834154430e-01,1.999075598893478856e-01
2.783931324558455711e-01,2.674657437525183590e-01
6.529474624712781894e-02,6.750724679426109431e-02
2.731151145677629486e-03,2.058079308073709323e-03
3.463198485177091390e-01,3.253937945663716302e-01
7.410302825166394103e-02,8.870344660100884515e-02
1.081759468125523954e-01,1.175612391646560645e-01
4.808163605770542082e-02,4.596305436101580377e-02
1.704721418230110280e-02,1.663311687408221620e-02
2.557445985184940776e-03,1.328951579566000100e-03
5.954337602687382464e-02,6.249372504667560779e-02
3.146240748294183986e-01,2.907937354232984495e-01
4.358991292922805294e-01,4.410910895856806069e-01
8.492782117322958358e-04,7.401501394043093511e-04
8.661843555225003100e-02,9.015612110392191847e-02
1.270701492282413081e-01,1.293041292505474893e-01
4.707684750889945015e-03,9.516532687396841994e-03
5.790796990621993601e-02,3.934385863700232827e-02
1.436976041573660386e-04,5.331646968810630215e-05
5.298468457207626547e-02,5.757569202994368418e-02
1.272304302727444436e-01,1.253922829849385412e-01
7.420467151671958882e-03,8.687434501081494828e-04
2.086130828523873049e-02,1.949873047997256401e-02
2.464099939404303663e-01,2.249740542329443649e-01
7.960319954455792602e-03,9.592353442677392650e-03
1.487687581555149907e-01,1.739498764676182807e-01
6.312133256764568745e-04,3.716692498537886276e-04
1.288390399138692466e-01,1.214922321808052652e-01
6.741925842149429360e-03,1.165725490792402473e-02
6.551721157396163397e-02,4.854213701195480429e-02
9.684623554529176814e-05,1.085816957715822527e-03
6.629299663275878274e-02,5.446936541490236816e-02
2.830015867112013229e-03,4.266643657811683248e-03
3.746020429136687202e-02,3.175184971476850693e-02
7.671983184896266628e-02,8.266472092524193571e-02
6.461083590135960342e-02,6.336983617405066160e-02
1.098199291456588150e-01,1.141069354575071082e-01
3.310174788306186056e-01,3.966016946031087342e-01
8.256386676218387122e-02,7.269302144962358492e-02
7.386298803939103652e-02,6.881005374134763208e-02
5.099285891876381011e-02,4.661930061161725924e-02
7.352550095395299357e-02,7.728128655958307891e-02
1.323606457580028643e-02,1.936947320370365280e-02
1.518326131701488871e-03,2.240936566076730476e-06
1.245079411100909889e-01,1.267390427346440362e-01
1.430436578241034984e-01,1.492832349009455550e-01
9.653358367323078282e-02,9.532337599393968242e-02
4.575478186883761914e-06,4.601966773552349811e-05
7.107870923873572553e-04,1.001567931948164128e-05
5.190062488535619571e-03,4.221208105566713088e-03
9.144114419499485558e-03,1.038428853497567160e-02
1.089113109954860936e-01,9.758021603802022326e-02
5.816108465212682134e-03,5.192959575457509365e-03
2.903945384605289681e-03,3.363520178027540677e-03
7.011735539818848839e-02,6.486909629171166980e-02
1.157098921212477566e-01,1.468356270277232367e-01
6.851737073935657563e-01,6.669538239732838436e-01
3.436970648438903206e-05,3.190016178751674974e-05
4.073837571989441346e-03,6.450700575145611876e-03
4.571151588818645611e-02,5.799199551788190854e-02
3.127006518133382956e-02,2.893946950127964171e-02
4.712852737134347048e-01,4.464852428149324037e-01
7.112805784343911863e-02,7.979730131106478608e-02
1.488408588240607358e-03,4.858602359665674039e-03
1.884281665582346887e-01,1.873413042490927327e-01
9.801685504012429967e-03,1.357005787170699820e-02
1.074011768444932749e-02,1.685826046842650583e-02
3.983007311728370969e-01,3.993851312610508519e-01
4.969036019523301317e-02,4.500959818060625700e-02
3.834177253960430621e-03,2.696137835203130106e-03
1.550113484397150077e-01,1.521858486207290917e-01
2.796261644610923205e-02,3.434081286899723362e-02
6.427681327239553356e-03,7.818548631266530186e-03
1.745826823090636526e-01,1.414168840522991299e-01
3.861763425451410908e-02,4.531100768253627092e-02
3.913945232257377005e-01,3.986391703491187211e-01
9.243881233409427522e-02,7.077562014864897944e-02
1.565814738321414101e-01,1.836721757831113466e-01
1.860598143283723194e-01,1.547184483912032726e-01
3.445096448847666526e-01,3.779425406869786341e-01
5.442397625753879475e-02,6.443805444454943354e-02
1.274984183478236567e-03,6.504154070934654907e-04
7.472370387014694304e-02,8.657872232346348895e-02
4.890053488570678675e-01,4.661962816846771385e-01
2.674304866533762648e-01,2.545363084054509950e-01
4.958158067846812900e-02,4.790766704179713620e-02
7.126473837144099710e-02,6.103291455345651734e-02
5.531435862971466550e-04,3.244431006824778901e-03
2.783162003687787434e-01,2.542426860016697709e-01
9.985241134696039300e-02,1.077051107689211418e-01
2.546623908012072765e-02,2.848224966188048907e-02
1.497750859306393786e-03,2.907871071566498627e-03
6.998578584103026801e-02,5.687894998681531505e-02
7.333511563932136601e-02,7.251803495641914732e-02
4.347610350872120610e-02,4.423854054866684093e-02
2.836664712549726713e-03,1.406338735557003360e-03
9.495322427586268266e-02,9.779052655697739738e-02
1.950086145217529848e-02,1.986707708860841609e-02
2.499507591886845296e-03,1.756552568713575999e-03
2.069376380815896727e-02,1.910822612398239972e-02
4.039279980715377305e-01,3.747043386416839539e-01
3.142375966583841884e-01,3.467631796697837609e-01
6.485147578400227153e-02,6.337164307142585662e-02
6.424984503081011822e-02,5.317491868177900288e-02
5.051350916085938642e-02,5.207242787028641684e-02
4.272213812915282016e-02,3.340775347180349741e-02
9.563482289716868654e-05,5.335692685400575007e-04
3.320937659145207360e-02,3.280367408787399075e-02
7.189162530879525392e-02,7.705976398221063561e-02
1.233403500269835210e-03,8.794794068293914236e-04
2.099693082196063265e-01,1.947382036837744523e-01
1.967815772039008260e-02,1.513924383336543236e-02
8.854641678531716131e-02,7.120741225324961343e-02
1.175531306521519076e-01,1.130124200202969331e-01
3.993339759387529719e-01,3.965507518096148543e-01
3.189490359769655160e-03,4.004239242599577295e-03
4.985261672969111268e-01,4.897241041699630926e-01
1.297805046573612120e-01,1.149256545447139982e-01
7.869191675446052248e-02,1.008247841517376231e-01
3.460097065584631128e-03,2.822152357236122708e-03
2.688150773202375998e-02,3.235673899139927118e-02
1.815099698795519939e-02,2.459636868471536814e-02
3.932373799001384063e-01,3.760651563267430331e-01
1.730921975465618545e-01,1.810516842577966357e-01
5.007093639376705707e-02,6.065196186162339492e-02
4.572115985170193547e-02,4.656474006981684011e-02
6.241912514496875813e-02,4.719839605238508595e-02
2.429301942516372617e-02,3.686955397176398114e-02
1.747745775990959816e-01,1.740486888057931891e-01
7.457091287967921867e-01,7.093672888944912991e-01
1.492633762641235214e-02,1.010725842487615253e-02
3.410189573827596219e-03,6.493118439891923215e-03
1.404657954175361767e-01,1.540853285135458939e-01
6.056223320129271170e-02,6.238455390284861068e-02
1.303446464804143279e-01,1.276060498938069443e-01
1.092706738660285948e-02,1.414555534433246942e-02
4.489186116219641420e-02,6.393592895410624144e-02
8.270645867976440802e-04,1.393189127650426009e-03
1.473274635027441160e-01,1.594690563416694962e-01
1.554055414049365369e-01,1.650529883007772203e-01
9.142121602691418922e-04,9.358135382626074118e-04
1.977555762215141566e-01,1.804932686014580623e-01
9.863573941527342681e-02,8.324356166167039273e-02
2.651847168351554804e-02,3.070615161910606253e-02
6.991234722430356673e-03,9.784139344123530743e-03
7.725421392348513598e-03,5.705776583702536035e-03
2.249673044302082179e-03,6.295773723449805438e-03
4.314026189130349548e-02,4.181386660428597357e-02
3.564179627320718247e-02,3.542704872441500286e-02
2.827812174424285119e-01,2.626228284812342495e-01
1.122392495558287989e-02,5.441981285297058796e-03
1.083730252633051394e-01,9.932553388749071344e-02
9.199975099967783176e-02,1.040107653898412060e-01
2.502668887376124918e-02,1.416039967478282917e-02
3.932371457583859753e-01,3.900912783050394239e-01
3.372580558245339560e-02,3.245083376737237235e-02
1.474799960417262808e-02,1.495310392207491526e-02
2.056476534634649744e-01,2.309374765617889791e-01
2.097732968776731127e-02,2.075839663027159374e-02
7.482872327210760661e-04,1.077966022005614425e-03
1.736136123210746951e-01,2.233299546411632308e-01
2.824443319790503545e-02,2.736829141039353805e-02
6.402075729559055439e-04,3.574420898415255196e-04
6.521045635225680703e-02,6.899759950891527771e-02
3.538809534324038886e-02,3.448372761130313185e-02
3.948097914386434863e-03,5.363143281511262555e-04
5.380855458591929374e-02,5.524124879599725396e-02
2.090485106941872007e-01,2.528395110656097566e-01
1.252672042917911226e-03,3.722583065822163920e-03
5.014183208871682285e-02,4.105960648564730558e-02
1.365088607028274196e-03,9.718689791026502534e-06
2.559792660938652042e-02,2.354372275061911504e-02
2.269669442041657437e-01,2.217611223167183787e-01
4.587669399408072363e-02,5.451516522952987165e-02
1.015530641250325140e-02,2.261799384053518255e-02
5.876223962095145168e-04,1.160461085980235302e-03
4.314732394337076384e-07,1.911904975479519124e-05
1.019790172334463507e-01,1.074054633609018566e-01
1.132313685180335594e-01,1.113648107622937783e-01
3.806681501666311484e-03,4.446656307824514362e-03
2.812376631690213097e-02,2.492591424264733319e-02
8.184978424110896100e-02,1.025794963071691296e-01
5.454780017840293697e-03,7.812559187056335869e-03
2.875472758077101676e-01,2.764424715877695782e-01
1.339814278333955888e-01,1.434871894853186891e-01
1.280500316612687151e-02,1.254025515806235502e-02
2.373020720692109225e-04,9.856205553707641197e-04
6.969936342615807613e-03,8.023671735315417511e-03
7.542219175674712284e-02,7.239667862671796128e-02
2.121018496704883405e-01,1.709725373942123372e-01
1.837745370864340699e-01,1.773556566292122383e-01
2.352549349624306896e-02,2.675953137594159689e-02
2.165455829025776657e-01,1.843880286018577952e-01
7.246124161641142800e-03,6.622049808503230155e-03
1.981669813624113707e-01,2.342703606475559086e-01
1.013785130235582942e-02,1.062401011276075183e-02
8.465208047012600734e-04,1.526976450003595786e-03
3.223982071211109468e-02,2.715878750212661480e-02
8.811495186745819247e-04,1.094536042496148647e-03
1.894464637318694911e-02,2.256013736510786155e-02
2.404627996211612662e-02,1.620859965368727507e-02
2.819398898954758592e-01,3.052820170595941796e-01
1.840088833053236672e-01,1.856229949713114336e-01
9.280298385336686363e-04,9.472339609607384079e-04
1.007195026277315693e-05,1.030451765924915387e-05
1.330426841485514988e-01,1.454967357100355463e-01
4.630560661610574891e-02,4.368439146975755527e-02
1.132430903457170845e-01,9.788910749390068722e-02
5.952034365141791600e-02,8.126948100229840211e-02
2.638278868696137744e-02,3.184674265186362291e-02
5.554107647446018424e-04,2.815431368496273609e-03
5.966089841191457577e-02,7.796715906597960488e-02
1.525013421749743352e-02,2.289571828480441162e-02
1.635424977905861402e-02,1.560924134340481613e-02
4.081499942720614831e-03,1.011017570730789877e-02
4.379893201766968391e-02,3.631707896104394151e-02
9.917429301585214876e-04,8.691528499043869828e-04
2.374491873741461645e-01,2.249503205520518023e-01
6.207266584209354676e-02,6.270435252430110740e-02
5.935496550354390360e-02,6.688846851500866719e-02
2.241529835618372435e-01,2.152040145687484363e-01
6.197044546739209903e-01,6.303528203140001951e-01
3.127142531564121135e-03,5.061175448104182455e-03
4.085511263455282593e-01,4.089206765943153021e-01
6.425076376582661286e-02,6.093599656748407284e-02
2.867384379726804072e-02,2.938138618045306114e-02
7.548448212809254210e-02,8.729205415109249355e-02
1.782581025696868271e-01,1.623979270866960922e-01
3.529367110183868780e-05,2.405052348810049825e-03
6.105808392924526144e-03,5.128903045969042569e-03
6.253640789873274874e-01,5.531048820162265400e-01
9.213940206903817320e-02,7.592700355444710614e-02
5.105761838662145058e-01,4.869246639274040223e-01
8.802871969872590532e-03,1.076784504075139690e-02
3.057883353518281878e-03,2.760934000228767136e-03
6.838543676886596457e-05,6.604611386002006432e-04
2.608701595259142400e-02,2.762513791143672570e-02
8.804799105427632208e-03,3.471136889201587895e-03
4.715237014809026822e-02,5.598283557985749698e-02
2.449944275240132849e-02,3.289238988211592302e-02
5.621158974888619264e-01,5.554928350419385819e-01
3.806233156299281273e-01,3.883656388563238027e-01
3.032289803653637206e-02,3.235600678598112706e-02
2.755535992462973885e-02,3.739370874999664585e-02
1.561703222330417667e-02,1.912382806453408191e-02
3.506155488359286726e-02,2.780879728742575996e-02
8.317043936539275477e-04,2.889191731214231680e-03
2.318462247392638273e-02,3.778871425680864482e-02
2.140406552184843103e-01,2.177692310300471112e-01
3.360317550465121567e-02,4.121808913151717851e-02
1.575026745221695113e-01,1.878338504292954569e-01
1.147851432838815855e+00,1.123840230801095519e+00
1.324089227227879606e-03,7.222176121566792296e-04
2.608156260891058426e-02,2.583907587936649583e-02
1.591233663758096772e-01,1.629291384278732657e-01
1.717297281764220418e-01,1.474580881041483993e-01
1.627934330887459424e-01,1.513443021657628895e-01
9.954001567926135455e-03,7.940595248507150566e-03
1.465137390997000855e-01,1.668577966678934099e-01
7.060541967101839622e-02,5.907284048423293299e-02
7.403140562844874335e-04,1.711042257807349288e-05
5.486279515503977855e-02,4.885676975848671916e-02
2.720402900682015734e-01,3.010092308054593269e-01
4.927810030267367608e-02,4.216674138474371669e-02
9.830530667120029875e-02,7.969544393317661013e-02
2.181934119807640293e-01,2.058835505944458799e-01
2.600902042332875475e-02,3.522564096126698518e-02
2.093021793939034425e-01,2.160542344729430297e-01
3.509356086551203985e-02,2.711859364165754641e-02
4.093991897230368771e-02,3.643883729824499290e-02
3.292555957862912108e-01,3.182467612881794139e-01
6.104502988618963621e-02,6.299061893004914703e-02
1.428110367009684592e-03,2.257799791511405467e-04
8.735596208681545294e-02,8.434606348624709704e-02
5.846322306288972981e-02,6.257741928191855318e-02
1.666860940744776531e-01,1.526358534481369600e-01
1.434895014575417703e-02,1.277482941809745219e-02
5.391267698355802773e-01,5.562365309710841643e-01
1.150374637355355278e-01,1.078056158580117940e-01
1.032769062421286417e-02,1.299997031141048899e-02
4.065452289761845028e-02,3.300472216928556496e-02
2.374534859970453896e-02,3.119334371695834524e-02
4.723642665796052437e-02,5.213805987703735295e-02
1.354411821979522451e-02,7.711514849683408744e-03
9.849200001849159336e-02,8.646364675400566857e-02
1.670750187528678710e-02,2.333647614206780727e-02
7.105709396066856355e-08,1.627207811636067960e-05
2.462314988209212546e-02,2.137981162711101793e-02
4.931577423306075098e-02,4.648269878156521123e-02
8.218938087476228282e-02,1.035872732765203003e-01
9.951347452468457377e-04,6.316964709198374722e-04
3.461006220576586662e-02,2.909614572868474830e-02
1.067216209971111329e-01,1.275975275672158182e-01
6.879869691551620051e-03,7.217572403819969874e-03
4.892801843513797100e-02,5.502469967714205407e-02
6.166021572104728177e-02,6.313122832182650745e-02
1.619711311395191774e-03,2.171353219021690973e-03
8.202029945885626339e-02,5.830081756562215112e-02
2.138096117727119813e-02,2.147640749361912418e-02
6.788231360517527069e-02,5.544422276114534254e-02
3.785119303360543613e-02,2.609276666124916988e-02
1.011213403177356196e-01,1.098162872675853552e-01
3.261382663855469355e-05,1.850166270022739993e-04
1.302665385960554215e-02,1.189735422789726937e-02
2.773521222997174258e-03,1.732417707674531373e-03
9.554458871025933719e-02,9.288301956619680888e-02
7.848212517540303912e-02,6.846769087025253442e-02
1.491619897755793178e-01,1.602151050047018743e-01
2.178075584500816596e-05,1.333614210514925535e-04
1.057723815359210978e-01,1.078075082294146364e-01
1.314644516216253445e-01,1.370498922679507792e-01
3.093782341926368945e-02,2.709961661414899900e-02
1.198901321350686992e-03,1.084118715193125877e-03
2.263524410927209296e-01,2.530334108516426594e-01
4.224636674776607315e-01,4.040697598711307514e-01
1.337994183350633692e-01,1.145406974803280520e-01
1.927948277660498574e-02,2.231962032148780348e-02
3.544075639589239768e-01,3.288747347911244456e-01
9.053709634964732245e-02,8.703268194982886896e-02
3.530116716768990082e-01,3.377973759465118242e-01
3.088760813126765759e-01,3.141830012041074704e-01
3.156370897998143649e-03,3.133550551624461090e-03
1.190509883849877881e-01,1.360811152705826144e-01
1.918012639060501234e-01,2.272556799540193795e-01
2.756873477069755538e-02,2.734386948514714102e-02
7.113386044130499790e-03,7.092664450277658302e-03
8.683775344508325167e-02,1.038512786779988706e-01
4.020915449624217625e-02,3.743756668170601654e-02
2.067994166470539172e-02,4.685714706805096247e-02
2.703000218615744243e-01,2.835237268803018629e-01
3.050118484006128896e-04,1.523395579426177916e-03
1.002959834657861510e-01,8.475304958829762980e-02
6.635763968268872104e-02,6.742407912983622298e-02
1.352112499711248354e-02,1.620275941381964582e-02
5.082045321776693658e-01,5.014678652686777038e-01
6.592819172232100566e-01,6.529582871387412668e-01
2.636601631814990479e-02,3.602434496859958923e-02
6.436133623304580997e-02,9.723495321356474819e-02
1.569503403545323417e-02,1.170017545112638467e-02
8.517600511635224636e-02,9.206009945550214235e-02
2.048227098265762575e-02,3.359015609093461696e-02
2.629731310068045974e-02,2.128087341727144879e-02
3.796346815550787346e-01,3.974596736806625397e-01
2.452191464406396765e-02,1.722814127874707640e-02
2.948280664990005073e-02,4.380109705127278180e-02
2.833609856905162094e-01,2.640152566763592223e-01
3.268901850952245225e-02,3.712910435404951498e-02
5.031751415611171452e-02,6.310188261400415111e-02
7.825495392561747365e-02,9.341539584312877342e-02
2.766577833520865448e-02,2.619090522319348149e-02
4.446716184990717746e-01,4.213764874072495337e-01
2.092128983643093409e-02,2.185805926387283590e-02
1.533873387680011408e-03,1.354119108822882762e-03
2.138934615261145200e-01,1.894021733580620315e-01
6.815718822244590247e-02,6.310540626808036624e-02
3.096639862342714933e-01,3.372125343993880309e-01
2.525551252291737426e-03,6.530821734537327686e-03
6.892481050784795421e-03,4.117656746276080783e-03
4.572886206969290629e-02,5.366703004786738812e-02
5.469633999164030813e-02,6.651610256394495380e-02
2.431822259814221503e-03,4.549094594959206955e-03
8.820722717321294315e-02,7.103748407595764092e-02
4.143255513532285300e-02,3.981583415834494960e-02
1.731146185963768503e-03,7.694166629827668864e-03
2.517670721456293989e-02,2.339013251137595298e-02
2.101742686624972212e-01,1.972691788316416062e-01
6.964562462809202083e-03,6.414446160233643057e-03
1.900311844335819955e-01,2.103200389416375882e-01
1.229776274017211485e-01,1.296390366817322948e-01
2.251452363341039167e-02,3.837636019145242161e-02
1.885384673064335603e-01,1.724581729438652844e-01
3.149576159110037171e-04,1.908355879961692021e-05
1.421366921394466021e-01,1.285927738743611881e-01
1.860720083030899599e-02,2.253576598897565758e-02
2.510265795427648900e-03,4.434030212818913796e-03
1.654653092290504432e-02,1.509465367668389596e-02
3.139033029157022314e-01,3.246194506258053836e-01
5.218845183496189331e-03,6.603430338085828841e-03
9.084067453626665234e-02,7.719996936504278096e-02
6.571883029616388920e-03,5.396638120525662843e-03
3.898926198782189934e-01,3.998295189213524337e-01
1.924977905865808137e-01,2.190271557560083127e-01
1.722030001323083537e-01,1.580307353195162801e-01
2.079147188826479566e-03,3.056999162797398957e-04
2.860329914001769405e-02,3.258744637868105087e-02
6.132497125664791021e-02,6.751348337404276811e-02
9.449533861790966605e-02,9.211740027788996310e-02
1.948489812452145961e-02,2.489670531971857961e-02
3.678963317582832691e-04,7.637984484840275789e-04
2.771562365245363591e-01,2.593357768702918009e-01
1.888827590397201828e-02,1.769782698370571741e-02
1.134116132927666110e-01,1.065884820572151476e-01
4.140093564093503820e-01,3.828383005170111208e-01
3.295570206335787376e-04,5.579702430651265919e-04
2.172431228792613134e-01,2.037915308800659908e-01
3.455933824808971599e-01,3.738797009167705299e-01
1.954396535700144710e-01,2.196965424188571658e-01
8.118286346239237533e-03,7.671511103353408946e-03
1.616637112726144673e-02,1.545629884333644434e-02
5.054470787507821250e-02,5.160480027274307741e-02
1.663178775735781392e-02,2.525020555493453014e-02
2.842762565798899813e-02,1.767713832737876842e-02
1.855438328914406076e-01,2.134316049740206667e-01
6.687902451262932313e-03,1.612616938628283047e-03
3.103782668333842937e-03,3.015713874408513205e-03
4.651837177205788931e-07,3.904943035721713599e-06
2.949386261996451292e-02,2.875900045125024534e-02
6.722645946625967206e-02,7.388441413568838656e-02
1.817683466969396977e-01,1.631093289988672923e-01
6.871257565408568635e-02,7.380318212424777369e-02
2.129090652874749475e-04,4.845125171520036061e-05
1.607985359882055723e-02,1.135077012086124423e-02
3.170800416719419257e-01,3.482612820030610012e-01
1.951419772882354714e-02,2.019834681984321659e-02
7.888065120354566251e-02,7.819237146026944418e-02
9.345901054331272979e-04,2.631984292691746247e-03
1.003073265984770826e-02,6.899887843245168517e-03
2.033544659279430400e-01,2.085827528984939838e-01
9.697922554866280839e-03,1.085338793141120591e-02
1.076445153171476099e-01,1.153716706517013552e-01
4.681732380665652726e-03,4.969004088160773776e-03
7.997695021138193083e-02,9.129271834329137636e-02
1.881979119953570145e-01,2.485884309251010504e-01
4.420949928442905602e-02,3.136894242627600443e-02
9.623772334879675261e-02,9.164065337516684451e-02
6.682844408908718281e-02,5.980311025586579343e-02
6.511289603954572014e-01,6.980186597026897255e-01
1.228392186114020679e-01,1.095907044765822153e-01
1.728696185934682633e-02,1.509790734735103404e-02
2.517436846775239837e-03,4.567882015322113042e-03
3.141270207367764800e-02,4.417227384930830919e-02
2.907895177292426801e-04,5.837622982516034535e-05
3.011987309486911617e-03,3.899204177995793750e-03
3.385396477754468864e-02,2.454324109213416871e-02
6.164237517377232564e-03,2.377709321160597668e-03
2.102164660940941121e-01,2.474592773430727144e-01
6.875565565428339021e-02,8.589986310289252081e-02
4.069664262816752309e-01,3.912819115174960838e-01
2.210214553114053793e-01,2.167760510952574382e-01
2.445765291818388365e-01,2.599002277452752141e-01
7.631035545355474743e-03,1.060905568930848447e-02
1.045215016458808932e-01,1.085926603604541740e-01
5.254700240042079473e-01,5.132537733411396408e-01
5.963122819070976188e-02,6.377659657407630522e-02
3.081628007938690128e-02,2.363804703052666684e-02
6.492406089502866968e-03,6.700899147624107995e-03
9.722985227520015983e-02,1.208537993726836041e-01
3.782922239921863994e-02,3.075905314784136216e-02
1.081252603316306543e-01,1.100317894177517825e-01
1.352392089487610034e-02,9.938733299596708495e-03
2.838984658667420211e-02,3.551936074105208063e-02
2.412383698944453592e-02,1.545513066698748182e-02
9.818166645677955939e-02,8.774841130799251876e-02
7.242406980465354582e-02,7.206044985356502286e-02
8.427222557287254376e-03,6.415387850439873731e-03
9.876181492974507592e-02,1.101753277434099482e-01
1.183281432326405841e-01,1.178269480469807534e-01
3.389216806701220858e-02,2.780164524935370418e-02
8.130294851355555213e-03,6.937702904109731110e-03
6.549830199658857044e-02,6.021268975447038874e-02
2.216426521514593302e-03,9.810803418372475871e-04
5.292924942080295958e-02,4.908562622101610845e-02
1.065063388365701351e-02,9.149639181121011627e-03
6.097688727732520492e-02,4.065530140557160194e-02
9.490053636437625895e-02,8.730384237034678752e-02
6.052808327133437638e-01,5.895250929187640931e-01
3.591996962822906481e-01,3.941707334735409241e-01
1.201316207791559565e-01,1.211202877386048510e-01
7.832059192825147065e-03,8.605576681165308384e-03
1.938230446758992254e-01,1.880355160514729507e-01
6.561637767790756692e-02,6.383643360782988163e-02
4.775323610319607073e-03,2.521755205068493527e-03
3.208075440600237360e-02,3.378767968442102781e-02
4.119870342344980792e-03,5.589984502141426628e-03
1.406082284802417579e-02,1.549193602275402565e-02
2.074413307136480783e-02,1.861417997390970441e-02
4.912205581154970718e-02,5.603546812560189494e-02
3.838135587462896542e-02,5.140185617957198499e-02
9.551683506078427477e-03,1.088240894900979576e-02
4.742076004130884592e-01,4.568762363605626264e-01
2.046600290723454840e-01,2.086386251949676474e-01
4.855208903719331753e-03,1.086453792276832579e-02
8.018680724211857402e-03,9.240261837799296565e-03
4.835283567691190526e-02,4.859077020001782016e-02
6.227423952266432361e-02,5.820638185310381130e-02
8.369208438185415933e-02,8.207079003243547555e-02
2.530526136232271739e-01,2.637527823331621279e-01
8.501347658618792213e-02,1.032148453447963715e-01
7.076433460056438807e-02,7.969007289308802089e-02
3.678128989370403890e-01,3.606350201504853192e-01
4.726397514254537802e-02,5.168539160400396210e-02
3.884080275460067427e-02,3.869093861421381286e-02
2.275776900859753302e-03,5.235176871425203937e-03
3.455694160647673264e-04,2.208986638773953026e-04
1.864178084139003488e-01,1.950585997680727712e-01
9.993638896733636479e-02,1.015978442780558350e-01
1.453666736409124915e-01,1.493512789527556561e-01
1.977067926088740824e-02,1.700611007444439993e-02
8.131755731907321094e-02,7.832409575318269312e-02
7.650263393320511085e-02,8.504760124255010545e-02
2.052566737407901173e-02,1.786514921149786467e-02
3.616921696018690069e-01,3.955787003910712918e-01
7.842281595686821476e-04,1.516972135639625295e-03
2.317610559776357975e-03,8.044301299602055417e-04
1.565817161305455008e-01,1.377877053874584645e-01
4.465930886385563806e-03,8.186227931508787553e-03
1.059924028244854766e+00,1.102705595315378595e+00
7.785405541270100371e-02,6.301118905922392655e-02
1.351831625890710653e-01,1.170300883139940018e-01
5.614787534228342543e-03,7.958377556330671621e-03
4.509349430505246031e-02,3.936353235620546065e-02
7.123181364869021412e-03,6.343267340071771614e-03
6.577178784595917593e-02,8.092310153056182787e-02
7.610643527410199116e-02,8.445584336921319046e-02
4.424075866731236773e-04,1.195838510657132314e-03
3.311773044001612987e-01,3.101267815892374546e-01
4.974808897875528102e-02,5.558644921782397025e-02
8.966402617072639913e-02,6.959902633229718416e-02
1.969948908811060551e-01,1.704497976050854124e-01
1.259588144988330605e-01,1.143505599105297116e-01
2.622159588578709200e-04,1.642103046383224527e-03
3.784131931567152017e-03,2.691103230871968923e-03
1.317913512576473177e-02,1.319408729557985070e-02
1.908388554508073376e-01,1.939133067807151112e-01
2.010681198297369077e-01,1.920565500754410071e-01
5.906606559491622312e-03,4.278169619243610451e-03
4.730770979942902459e-03,3.671717492525195664e-03
1.113475611567714407e-01,1.005714257477113571e-01
2.651398624368965506e-02,3.046564569297675537e-02
3.543339110730026054e-01,3.584764403220206397e-01
9.247127067579193060e-02,1.172788203938938956e-01
2.111951186896465493e-01,2.333582454976226850e-01
4.274453802875909786e-02,4.770916409032462113e-02
1.598012003831188188e-02,1.576774081868476118e-02
1.317630600110262021e-02,1.718337853535795851e-02
1.531095667589378096e-04,2.258515051580610282e-04
3.442803194898036868e-03,6.034567423205217628e-03
1.631876945557501901e-02,9.665221774523452200e-03
1.184907719448209107e-01,1.155015462888572958e-01
3.152362640386650958e-03,3.220222484100150606e-03
1.668755327999268678e-01,1.883160265717764292e-01
1.018325800237761813e-01,9.565835493422225611e-02
1.164720146014608122e-03,2.536717773411529663e-03
7.325262537008797592e-02,7.961515882221092966e-02
4.401989785998682188e-03,8.189224549198102950e-04
1.579395655461779679e-01,1.628111525581865393e-01
5.019006301599965303e-01,4.757621542226918021e-01
1.462272442828504255e-03,4.287209230457340327e-04
2.563680325914782440e-02,2.961083675594152961e-02
7.898404451717781771e-02,6.445783212070843593e-02
1.550704370600912126e-03,1.510104971247844046e-03
7.073145021601519311e-02,6.674872614898542944e-02
1.880693830954982895e-02,1.615488014222774341e-02
2.483519489312393733e-02,1.591665781509983210e-02
2.135128073499354545e-02,1.838049416092920468e-02
1.444655422629440855e-01,1.534833927746574178e-01
2.348619027559033234e-02,3.415225453421366630e-02
4.412522261103948157e-02,3.580906942426275580e-02
2.647126865464689361e-04,1.478709375557383512e-03
8.422080531919768839e-03,7.931385467971761166e-03
1.058186460522025085e-01,1.069338698067525267e-01
1.162871523618836181e-02,1.897793818557523896e-02
1.346392594963042623e-02,1.235939814521696233e-02
1.742227067778387983e-01,1.803536221125992545e-01
6.431149546726452025e-03,9.078718961359758671e-03
7.003676520623260127e-03,1.849698813725788454e-02
3.536641761877440079e-05,3.377633170464564694e-05
1.597215575247969187e-03,1.076560210228255004e-03
1.836324265617518894e-02,1.910271371908709923e-02
2.280909324429347962e-01,2.273875200629950633e-01
2.277367095418304094e-03,1.496667993785938443e-03
1.515315766887473936e-01,1.184295402284226695e-01
3.261913828691253171e-03,3.636989987875374579e-03
2.780804755712305010e-01,2.666662707605230165e-01
6.308871232435458998e-02,6.563638421784333266e-02
1.452410018157506907e-02,2.256828558899698356e-02
1.422383867265634289e-02,8.057587512770645125e-03
2.285655594247495426e-01,2.074801787053873192e-01
2.393467463755520330e-01,2.858097043387542446e-01
2.731493038278094976e-01,2.780337383089118153e-01
5.120215574652400153e-02,4.498735785028583345e-02
1.696216485196203327e-01,1.813207697883006952e-01
7.345319578012275696e-02,8.036663093051474305e-02
2.584349380809268341e-03,1.419257898671265816e-03
1.747772555313113416e-02,1.864266818985460192e-02
1.956474704460199523e-03,1.688901315423774587e-03
5.444977257944871862e-02,4.922838558925989733e-02
2.424152593575933448e-02,2.509229824534580863e-02
4.219228225674991756e-02,4.110986633952493779e-02
2.419140964900337934e-02,2.799829469077685581e-02
1.861279490103385365e-03,4.831592096528653998e-03
2.978795874467400906e-01,3.505239886513101255e-01
8.581405619957589714e-02,8.925559389066768656e-02
1.499317123331365964e-01,1.234100400400044983e-01
3.192738603818820464e-02,3.967335701492956390e-02
2.092344466112414612e-03,1.543850238423631789e-03
2.109173520232866250e-01,2.225674034057733564e-01
7.689228859914694347e-02,6.767870715878571142e-02
2.081874871133887123e-05,1.596928049079215364e-03
5.059899440425828093e-02,4.564812105055471997e-02
1.085566838488315547e-02,6.028599899682889757e-03
6.711754695894697233e-04,4.643304950080144448e-04
7.813153556837638264e-03,3.461188461874790609e-03
1.152957739821599409e-02,6.724711009468305883e-03
9.034079699732739180e-03,1.179563411122595828e-02
1.692151146845973647e-02,1.791902177964991780e-02
1.757933466766111157e-03,1.373053783046728534e-04
1.202903882703518570e-02,1.232767490588381268e-02
4.932397237885925712e-02,5.457535314232299373e-02
1.196775370340026406e-03,1.627211095296922502e-06
4.190245447621894215e-01,4.487601066665777849e-01
6.140133621413136344e-01,6.886537457988317623e-01
2.831624326111374310e-02,1.877549691089962919e-02
2.655603956431815682e-01,2.712336994083225927e-01
1.478545349272343545e-02,8.904788905407160990e-03
9.593938745340020724e-02,8.903242527537737205e-02
1.522363278227563919e-03,6.858195338571267466e-03
2.918993164556932658e-05,3.028721107577475201e-04
3.181557534326847070e-01,2.933193333789536617e-01
1.305146763225621676e-04,1.054602363129286945e-04
1.490188172625247220e-01,1.582741931741213637e-01
2.898027497700875199e-02,2.015293384602049459e-02
3.690593954537269711e-02,3.491438454588428192e-02
3.467887296070224119e-03,7.528249874104282517e-07
4.393545728887076618e-01,4.643924463441427286e-01
4.886082911191450343e-03,5.292578237163895333e-03
2.361861262003862871e-01,2.390689614799350049e-01
3.408626867329546395e-02,3.691095343446948451e-02
9.895881007761890558e-02,1.013397831953778555e-01
1.098775421807280696e-02,4.250153024327302763e-03
1.774260223093209257e-02,2.244267941193257843e-02
6.288775376153125096e-01,6.349820683619378237e-01
1.167652733229262475e-02,9.650017299399980819e-03
5.452157033867890967e-02,5.598417094979283443e-02
3.276061144797098867e-02,2.906651275188325625e-02
1.940641746838694254e-02,1.309328456611738405e-02
2.556068728998767692e-01,2.405405132494426723e-01
3.917827622705534300e-03,5.215986177851850147e-03
6.774186015856198395e-02,7.099564313453199382e-02
1.541877008501220912e-02,1.719385266265577999e-02
5.701764201360706719e-02,6.790566846547201052e-02
2.875166784442053508e-02,2.033056635345835070e-02
1.657557299618094282e-01,1.652741890933943358e-01
1.181413260274982550e-02,2.136907196872938133e-02
1.102043368471087720e-01,1.016301379345428274e-01
3.473215383363047887e-02,4.306485648771723324e-02
6.082719918824312094e-02,4.136508910570241282e-02
7.552119498333169367e-02,9.906567050775906547e-02
4.747034036735203223e-03,2.844344520896249263e-03
8.492548850534080429e-02,1.031478503254533580e-01
2.186834508013684175e-01,2.188161531048546937e-01
1.045533968326048530e-01,9.191728898925659308e-02
4.568823013413264578e-02,4.125317303950391812e-02
3.595622587904813150e-01,3.373933525818054169e-01
1.342001832200721487e-02,1.176862872233245573e-02
1.744375320789106135e-02,2.206272242431685585e-02
2.510690702338259916e-02,1.603082535563903413e-02
5.252648521021220374e-01,4.804241210093063708e-01
2.836959951672947920e-03,2.428703948803782712e-04
1.748679575805544466e-03,2.317858183461841536e-03
1.253944886454415146e-02,1.459360656619046806e-02
1.164139564869742932e-01,1.060582417974668679e-01
1.333521758733805518e-01,1.182084620272940700e-01
2.102542515088333310e-03,1.554742833637214180e-03
4.948735283435002491e-02,6.337883136692172570e-02
2.842109999320640776e-02,2.338447460758531424e-02
9.445888443020846945e-03,1.170002630748536061e-02
1.890282313205146059e-01,1.585470660170302248e-01
2.459584727474357913e-01,2.420324133725519078e-01
1.870824319028341620e-01,1.874779340781542736e-01
9.628513943036209888e-02,1.107822773556148277e-01
1.590455486339645633e-02,2.550533987982459699e-02
3.314612762874002416e-01,3.373895471630664611e-01
4.847794452203723573e-04,7.094103371453299367e-04
3.256751036555493445e-02,4.763003757934164417e-02
1.466219830072052095e-02,1.187675779641392433e-02
8.343878431080034574e-02,1.021279966040781195e-01
1.328414824189552423e-01,1.368613087210307222e-01
3.118518339399537406e-06,3.782893327112100599e-04
4.545716110996727427e-03,2.434619735310928311e-03
1.078434505982286094e-02,8.808143021143922599e-03
6.764478865478308622e-02,4.443437501159124003e-02
8.720860561509546915e-02,1.060439126299378559e-01
4.279807660976680389e-02,5.624975712886353535e-02
1.759135061546738751e-02,1.383621347504365544e-02
3.511715366159052359e-02,6.777672135349770144e-02
1.201528735522601338e-01,1.329401855087859463e-01
2.866939604024514726e-02,3.708679611176089047e-02
4.932748989441417264e-01,5.068817517334697209e-01
6.018947207502155401e-03,8.548768798791352500e-03
1.539829968223650480e-01,1.670300883878915732e-01
2.365844170488081988e-01,2.450460078707538958e-01
5.344671014835689592e-03,6.787418640697927795e-03
1.368854138867750536e-01,1.860677077278227454e-01
2.976448160959354380e-03,6.416832189169588765e-04
4.541415296652060452e-01,4.262913359603630048e-01
2.084840818294744422e-02,1.597304733094144849e-02
2.704046113622241357e-02,3.513792163985684364e-02
1.941926034186735456e-02,1.734358041075714785e-02
8.701362602934667456e-02,1.013379177317765278e-01
2.989434398512113011e-01,2.939010165889091586e-01
2.410337846058837469e-02,2.487291973265048917e-02
1.109705241182446234e-01,1.131667888839955477e-01
1.249749869693561888e-01,1.357680563303312882e-01
9.156705930685324346e-02,9.023165931459478650e-02
1.643584318836867064e-01,1.550328142598040582e-01
2.810116111303962664e-03,5.832336592175731659e-03
2.576253350220413241e-01,2.607886267972719940e-01
2.018650696523500987e-02,3.153761190668677439e-02
1.674535479012812800e-01,1.514441774854625444e-01
1.487157015430752571e-01,1.618615185108221444e-01
3.134213411998160170e-01,3.320927312917243412e-01
6.731205753538715454e-03,4.084723565548420768e-03
1.968746657227322117e-01,2.106086473831795536e-01
1.740553935566921395e-01,1.440834208498625590e-01
4.373002707667076466e-02,3.258311226597080529e-02
1.964904884733497531e-02,1.334479065119525618e-02
1.326721014692322162e-02,1.287959829862131249e-02
1.423600992851697944e-01,1.454598473610956566e-01
6.018209539390387275e-02,5.910747539959228941e-02
1.454821747557020865e-03,3.389705334984871024e-04
4.549373946982261385e-01,4.634160923389150089e-01
9.580645659620630472e-02,9.561136759656636841e-02
1.239323575552871495e-02,6.899784711508670509e-03
1.768483618500051383e-02,2.306970540386257124e-02
2.265732692208348095e-02,1.947712078500370494e-02
2.557189760580951265e-01,2.580186517286996439e-01
8.325801375235543367e-02,7.868093081016018508e-02
6.984005821552289250e-04,8.318147401495093647e-05
1.192515695952483384e-02,1.091787408930755196e-02
1.717429022352734772e-02,1.198434870415012246e-02
4.334162942146503952e-03,1.601636845410995364e-04
4.840114646426462164e-01,4.440895321422625996e-01
1.537058845775464769e-02,2.046950274193441374e-02
3.135619805355350630e-03,2.778776254657143625e-03
1.069970134040828906e-02,1.138306293533219125e-02
5.306438169497858237e-02,6.345738929782693272e-02
8.795973221927452790e-02,7.739077566831531474e-02
1.469789387847293509e-02,1.570961854685341830e-02
6.081831869289899134e-02,6.429381091844542373e-02
2.395496895949910884e-04,7.318044681800952612e-03
2.818445576455842483e-01,3.026845248957394929e-01
3.983016920660191126e-03,2.870984716472261764e-03
2.293213751500291467e-05,3.424889627663198785e-05
2.126033606778791052e-01,2.390791867290290862e-01
1.699180823984023925e-01,2.390590314089269253e-01
4.370016490686778887e-01,4.972325978847060290e-01
1.167576644918411413e-02,1.451188369505678095e-02
4.684996666839793406e-02,4.178708936030817167e-02
5.891721963757186320e-02,5.458458497490063094e-02
9.635399926138533966e-02,1.063509281597601608e-01
1.902774867444776558e-02,1.342767834638606411e-02
5.749049228207680183e-03,8.697973955948857736e-03
5.007725450360186320e-02,5.024293452200356835e-02
7.574687150745333941e-01,8.179798853544733017e-01
3.088725226017674692e-03,8.775546676256856457e-04
4.617673686044304789e-03,6.014706994525185167e-03
1.838280085229712646e-02,1.877517783702904036e-02
2.099802699641168946e-01,2.167478661461855471e-01
5.259861753589846478e-02,5.959841901365666578e-02
3.011152834174106799e-02,1.812769979571445325e-02
5.005899101976696297e-02,6.029271788771683321e-02
1.293230293767042537e-02,2.336404032955050752e-02
1.996737219455516910e-01,1.667023330094992428e-01
1.800810755850000278e-01,1.685199925643377783e-01
1.298938146804244687e+00,1.242622893554408359e+00
2.231093538870774010e-02,2.677094311828330173e-02
3.492766914584955612e-02,4.949138421286317091e-02
9.072988251700049300e-01,9.267944075004189708e-01
3.024730758098833627e-01,3.003146962274743093e-01
3.622402233503652872e-03,4.825186911380902575e-03
4.032587558840379505e-02,3.113130547361603676e-02
2.904988589243161917e-03,2.399002001535651286e-03
6.849521597192348432e-02,7.341023773961492804e-02
1.434500734442724912e-01,1.311057382535729121e-01
1.752296260893273366e-02,1.551928139460425661e-02
1.111115928751743032e-01,1.353747898392670401e-01
9.759500257190602962e-04,1.868057938351246105e-03
5.019561223992310278e-02,6.344970850318849831e-02
1.902616796307226854e-01,2.029076310110954073e-01
2.017814665573788857e-01,1.669094790431940034e-01
2.647483030975105248e-03,1.616541067789389321e-03
8.284834022921941724e-03,1.206792456192903353e-02
1.959592748566054213e-02,2.407769578976740737e-02
9.160810156416007710e-02,6.379980425907602615e-02
1.608873267276396749e-02,1.911534532097275418e-02
1.094709514002049910e-02,8.109541221841402511e-03
4.492675750882765828e-02,4.348280352842925911e-02
2.411736421040942130e-02,1.183745653075394047e-02
