Pf,Pc
9.842742248389192705e-03,5.270951911903657902e-03
1.760127529846982619e-01,1.810110949086315701e-01
1.948347484011863362e-01,1.978093021537836449e-01
4.025348718221402264e-03,6.449683922432721678e-03
2.065368743322206213e-01,2.004706298803279330e-01
2.344304806044424927e-01,2.610346775765594596e-01
3.037818676730168477e-01,2.784466845470202623e-01
9.725589995499004173e-03,7.151765005278407951e-03
1.322424930093792916e-01,1.631331052121422209e-01
2.032407233358647092e-01,2.239876613719436471e-01
2.594548268163237026e-01,2.230496424547809275e-01
1.865794081521360281e-01,1.712296687355334135e-01
6.480697602150796433e-02,6.019886176104833481e-02
2.637453596126816402e-01,2.645954943829123551e-01
5.916804330995817894e-03,5.646645627273546089e-03
3.150186544197230987e-02,3.174171740957037330e-02
8.474615417731772016e-02,9.427995507777621464e-02
3.121862239203044287e-01,3.127492344342246433e-01
1.285850369496318105e-02,1.413209339279441687e-02
2.069715424604939499e-03,1.379856021880141847e-03
3.312352963006102990e-02,4.064824262543563493e-02
3.027670344901088693e-03,1.325010704832428696e-03
4.235939609431202402e-01,4.211154132555135488e-01
1.360938284333806647e-01,1.315580168474081157e-01
1.268532462484403545e-02,1.073151101733453051e-02
9.203203282141708685e-02,8.356279921985423909e-02
1.467156630098236450e-04,2.598588779785389671e-03
1.447552487293183865e-01,1.353293452864119117e-01
3.095165475959962831e-02,4.021066668512716935e-02
9.422477004143407775e-02,1.046305391308379878e-01
2.583022474876870214e-02,3.733884281325561272e-02
6.429765307985479961e-02,5.753376579941609642e-02
3.480155976139751462e-03,4.468670936405775944e-03
1.468787137377764174e-01,1.288499012906956787e-01
2.926238878247138485e-03,3.440612286081375180e-03
2.140355181956404840e-03,4.529810631106528582e-03
6.128052169081336931e-02,5.758921403739171441e-02
1.503074134248001681e-03,4.915303318565003576e-03
7.487044561726877157e-02,5.843506553168130446e-02
1.950974291929240614e-02,2.574669038943165622e-02
2.182958894619844437e-01,2.090251792740212000e-01
1.558635699427572338e-02,1.778715666562286080e-02
1.721920714660919380e-02,1.033710290547733279e-02
4.807822721027305013e-02,4.710657952330562365e-02
1.593450979676581392e-01,1.487187299969525422e-01
1.338869169354749145e-01,1.297525758949425179e-01
9.421763785166174798e-02,6.903321468637148295e-02
6.139309751472666471e-02,5.007603534922761002e-02
1.505557068514370642e-03,3.534307435387507718e-03
3.182355633389433863e-02,5.193115243522853502e-02
7.268596741600324117e-03,6.239038706485187762e-03
4.633394465889727198e-02,3.129071010731510755e-02
1.428572634871067872e-02,1.742143621389878605e-02
7.903195354950016960e-02,9.096949782851128374e-02
3.973232361128286282e-03,4.171201712573998320e-03
2.604230347608208485e-01,2.574028111950699693e-01
9.632613288455412273e-03,9.602017417761529380e-03
5.952898458903610468e-02,5.616778615894389010e-02
3.335404448751622675e-01,2.857725629212106710e-01
4.319532732039095546e-02,4.904957956725750079e-02
1.204753253581277023e-01,1.101057445073126279e-01
6.195641178557139694e-01,5.687956691728828229e-01
3.404014883150831023e-03,2.001246709200582737e-03
3.387693141776834845e-03,6.214915508195354397e-03
2.522092338220142255e-02,2.376445504074039053e-02
1.341060959131606944e-01,1.149774787303347590e-01
2.854904842088477612e-01,3.193451306115027699e-01
1.637028036770349360e-01,1.837799367616367030e-01
3.050215881018932939e-03,6.279066008114307651e-03
2.776455981532168216e-01,2.423228644041006130e-01
1.197663957242979527e-01,1.272223364841914284e-01
2.482126210809489822e-06,1.212447952629470819e-04
4.739743573758675721e-01,4.977760381427391301e-01
7.463535752613942829e-03,6.506683238553570212e-03
2.604217808378777033e-01,2.648562899945712257e-01
2.493568743834194412e-02,3.877472165654385211e-02
3.837709849029091042e-02,5.398189595581416589e-02
2.727146603092982929e-02,3.166629919040798297e-02
3.150083007120287326e-01,3.200496773340937851e-01
5.348084677399333396e-05,1.888025928496634643e-05
6.421099382658719268e-01,6.364463979879255717e-01
1.823550506469738888e-02,1.770918653992259451e-02
6.509323458473578738e-02,7.714598570093279817e-02
1.371357155720087564e-03,2.115450482014288348e-03
5.351809332289323567e-03,8.002429452341176808e-03
5.668030694677048120e-02,5.367256776679438929e-02
7.209551412776368448e-04,8.330180219752816601e-05
8.224049830674394490e-02,4.945656024391450328e-02
4.426352691564566094e-02,3.645602871311964810e-02
9.482622993907363976e-03,9.218004980484032634e-03
3.045601734155077914e-02,2.633175368567050242e-02
1.640663582483208593e-01,1.833920481021602544e-01
5.338154648105946504e-02,5.616959129747334939e-02
1.590193773939936606e-01,1.508447061510637122e-01
2.387693898401326564e-01,2.226622464244437383e-01
2.646751064319087868e-02,2.762103525764784268e-02
6.938027405421526295e-01,7.000272265325031551e-01
2.880899506549237932e-02,4.365619201791578335e-02
2.852882810470444563e-02,2.726549208665871721e-02
5.453437767545660231e-02,5.778719673980062255e-02
1.028473289713071129e-02,8.574733686022229656e-03
3.201837552140417986e-01,3.049882231098561269e-01
8.396600893319550174e-02,8.667936612498794435e-02
9.220261638680594951e-03,5.834297134664123176e-03
3.918320057981742877e-01,3.778503681065076281e-01
1.383428094445599554e-01,1.065024852072795625e-01
2.378341565459428722e-02,3.592273070598707430e-02
2.253118899712768615e-04,8.446977125039396037e-05
3.195337018719481936e-04,7.505562911603430023e-04
8.570659755763735993e-05,2.553660793309204822e-05
2.840599390930198878e-03,7.726464424829659894e-03
3.711405263711325953e-02,3.265137907806452827e-02
2.536227952682621953e-02,2.944708893881374523e-02
1.355712474998823150e-02,2.134292989755723693e-02
1.485185714533605872e-01,1.549149230788226250e-01
3.967668635600303528e-02,4.813753706283539768e-02
1.523621278803287925e-02,8.752216457259829122e-03
1.440809636649517667e-01,1.310051871304733495e-01
2.111198400774147721e-01,2.311719258667862265e-01
2.485584528865925347e-01,2.508032062506388438e-01
2.546168795420970798e-02,2.625791993583836276e-02
4.396510498532071320e-01,4.586192135634366562e-01
8.107892717229100987e-03,1.231078196616709752e-02
5.253300023366929729e-03,1.113661130677230052e-03
5.141950732557852219e-03,5.320943207980253532e-03
2.912682722189962464e-02,3.829735229886230274e-02
4.160388551146390612e-02,4.887243292243691195e-02
2.455022255898078876e-01,2.673958444884753094e-01
1.753421860869291277e-02,1.875906026050404990e-02
1.206757935339154986e-01,8.480747726053650126e-02
5.016250040751776910e-05,8.676640480338834900e-04
5.598108964219868089e-02,6.539352508657556018e-02
1.108188311452029153e-02,1.553131100401914863e-02
4.759792795793531955e-02,5.453568988137196677e-02
1.696878401530278746e-02,2.041800526860916218e-02
6.211869972631917092e-02,5.870184025846084119e-02
8.288125774690623115e-02,9.480439362347128918e-02
2.464445193012527666e-02,2.639041692907815109e-02
1.220757785890458184e-02,1.427498736297793530e-02
3.014224035354035602e-01,3.067772655049337271e-01
8.109248540342518796e-02,8.940257769853676706e-02
1.473335912724152593e-04,1.011138798499789694e-03
1.139493335917432313e-05,1.100135725370013536e-03
1.875106370622378962e-02,2.254392004715721765e-02
5.566075990892133812e-02,5.974931868973045596e-02
2.965539620125601794e-01,2.923370233086147740e-01
8.206083387097166115e-01,8.490928189164386186e-01
6.439558018489045799e-02,6.196231984971208723e-02
7.717123793080130079e-02,7.773483007260409416e-02
1.060039376712260117e-01,1.260400444591211477e-01
1.252943399995987972e-01,1.431245084146121893e-01
7.824981464838880185e-02,6.542038293203611410e-02
2.529743533171832735e-03,7.764775488413239776e-04
6.565304756335678393e-02,6.333699767607731124e-02
5.993902388353050670e-02,6.999477676124034320e-02
4.729450098241386180e-02,2.945564667377284854e-02
2.023301763517604546e-01,1.978704127249184541e-01
3.713899122521391316e-01,3.932272520144442507e-01
1.546657433437963747e-01,1.351115911728789920e-01
1.723334702632907042e-02,1.399009908122792606e-02
2.446870011139071766e-01,2.274634348799474404e-01
4.798523785107600310e-03,8.039122456441215661e-03
1.064581498799837406e-01,7.921594822286472104e-02
1.473288907645004192e-03,3.953499484422038691e-04
2.738768292218332623e-01,2.761196316234987291e-01
5.365509620958626158e-01,5.898666199943564115e-01
6.887250658201435338e-02,6.735169581253648563e-02
1.207126924045241918e-02,9.796977259585445269e-03
6.679622447657444784e-02,5.312509636841350469e-02
1.258690231436511986e-01,1.187650892545293185e-01
6.671901355841887253e-03,3.382057363544287067e-03
4.356288748341856408e-04,3.368951735260726672e-04
3.741968762281209782e-01,3.825928339995022243e-01
9.458593267470588595e-02,1.001759960870604871e-01
1.322386317649120379e-03,1.987141953174757433e-03
1.313813995336173823e-01,1.379440612075171213e-01
4.726287466367415195e-03,4.656036105365583995e-03
1.621792543103648399e-01,1.621457984809407948e-01
1.231586370888909134e-02,5.929095401020539370e-03
5.141909331340807077e-01,4.971722831046793689e-01
7.320187182783166775e-03,6.134347450124799477e-03
9.416746004320757438e-03,8.408403545447654115e-03
3.048157274720411092e-01,3.104359873111849910e-01
1.125323564330037995e-01,8.179882944863448024e-02
2.371888268025970723e-03,1.922982558569720805e-03
2.464180721323520288e-03,1.952918499198038043e-03
3.191068582905914192e-02,3.069864453272540955e-02
1.968701069777311838e-02,2.883470534155923443e-02
5.519821418752809267e-02,5.328630663702223214e-02
4.482909280603143698e-02,4.286856704124063916e-02
9.097302577003477803e-03,1.044752439931149503e-02
3.563684781714299143e-02,3.644217846602545302e-02
1.189527891713998246e-02,2.072304045952737608e-02
9.419806441321068591e-02,8.485518673699565806e-02
6.608313549379669916e-02,6.878646593815906929e-02
6.328944610794004499e-02,5.627616204843143705e-02
2.314304904860744593e-03,3.759787919814676794e-03
1.591959997793444478e-02,1.846157349015596291e-02
2.162692517993437466e-02,1.328318105176616928e-02
3.137416305250682186e-02,3.328988204496876463e-02
3.509647011306090553e-02,1.637449406577021552e-02
2.571311817481469753e-01,2.487839642492845060e-01
8.704629505217872931e-02,1.141389900727173834e-01
8.205305124278101242e-03,1.144350812701731487e-02
2.869648988041178725e-02,1.753129208401700556e-02
7.496625887676663762e-03,1.875529108111417950e-03
3.251351528654351092e-02,3.096698107346418025e-02
5.353791906404001821e-01,5.094589871275013726e-01
3.578872578093405393e-02,3.065889762620351705e-02
2.888953442581118081e-01,2.928010049457340780e-01
8.924276150102077032e-02,9.198891297924635668e-02
6.981054715624501750e-02,4.874792453121454261e-02
3.180939150445479674e-02,4.215219525003287282e-02
1.023588411602974028e-02,1.230420176048100701e-02
1.099551518870712091e-01,1.312892897290345029e-01
6.829673345203985703e-03,8.261199263989660313e-03
2.944289309921726411e-02,4.115443985277386640e-02
1.137344100398763116e-02,2.192934039977038896e-02
5.164379544938311334e-02,5.820143919170148172e-02
6.444675305314011456e-03,6.654720222464213970e-03
1.953782462070947912e-02,2.176686122929288869e-02
1.237327167973419489e-01,1.308480986080765296e-01
6.437778815574365758e-03,5.169995082652899428e-03
3.840411076057120149e-02,2.047394855766815000e-02
2.220085847463174888e-01,2.165183782176890726e-01
4.027831405042598539e-02,3.776027706592094413e-02
4.075362492741802997e-03,6.643452256964310285e-03
7.385312548002399835e-02,7.359182250915362322e-02
1.618135066087872387e-01,1.770253133121144073e-01
1.378531389709203997e-02,1.425312890037991158e-02
5.674181571507101556e-03,4.353363786145831443e-03
9.614060337410244850e-02,8.734595468825322173e-02
5.750747180789313878e-02,5.535896862499037341e-02
7.423451618634509253e-02,8.803708654403685774e-02
7.818671665248581176e-03,7.093947705990348400e-03
1.597368749608571725e-01,1.459616151351338376e-01
3.489062276068526786e-02,4.532138485399373612e-02
1.170184864872891028e-01,1.167240216940532288e-01
9.506287079034946019e-02,1.038180493911674274e-01
5.352309455317813536e-05,5.051569379402029490e-05
2.415431682255308188e-01,2.693002362540957151e-01
7.669365875045054681e-03,6.502691988124365864e-03
1.415354050110482764e-01,1.266936838470754112e-01
3.965477910957203138e-03,1.973820502274625799e-03
5.281371758596621335e-01,5.272755775053477034e-01
1.487227489612935431e-02,2.860495090958693754e-02
7.759306808604973826e-05,1.567536452242935716e-04
2.713122961363860150e-03,1.462947798703270817e-04
5.479981687249557698e-03,7.253592643143002292e-04
1.249999270148493130e-01,1.213633333327834712e-01
1.292667175121068046e-01,1.489670534841141258e-01
1.265343498178451986e-01,9.251970336196706224e-02
5.235015943850635650e-03,7.588083158924622401e-03
2.150338490885290652e-02,2.287840490572702612e-02
4.981960284771612402e-02,5.954275031490457309e-02
1.694543479122571981e-04,4.607084242020656126e-04
2.573558400114867584e-01,2.551446340161168114e-01
1.214816005940830279e-01,1.242699419543996237e-01
1.833416333909462514e-01,2.012678426225535666e-01
4.937384381944344425e-02,4.580485917257271639e-02
1.184406746018685647e-01,1.577334261966213125e-01
1.114062386287010681e-01,1.306429083749341968e-01
6.626839892648648256e-01,7.092592644135430335e-01
8.929197285989010080e-03,1.351367389376667213e-02
8.437960662979750517e-03,1.203481682201402135e-02
4.457042065468231132e-03,6.699398840700382211e-03
1.727863465062288995e-01,1.928694754687896307e-01
9.121073904219428874e-03,9.805754965645403776e-03
2.346015850355603061e-01,2.069791599248059222e-01
6.565946102272460783e-01,7.031834047314076130e-01
3.118852971425796483e-02,3.233256260522369280e-02
3.802429616069329943e-01,3.455267932192252478e-01
7.215241778541815060e-03,5.883585700650564680e-03
1.790986941605779148e-01,1.917902229654696034e-01
3.547401751599559006e-02,3.742857749718568605e-02
9.701836217361330117e-02,8.251464413588345537e-02
6.608596586789955386e-04,2.701903722484419370e-03
3.086776035339135471e-01,3.471039963313279353e-01
5.843918364579742120e-01,5.886008318468253231e-01
7.324303078785443510e-02,4.715349047596055498e-02
1.258383163853832587e-01,1.478789181916042306e-01
1.253254887814205833e-02,2.017007277255212019e-02
1.439376017462015989e-01,1.489263085586569058e-01
6.379265267698626118e-01,6.922619059601915481e-01
6.970820831584132460e-01,6.935334010066527277e-01
4.209361994395622447e-02,5.857340844273244140e-02
2.345587574969590361e-02,2.433011004212651957e-02
2.955743499430796978e-02,3.036871423738901274e-02
4.362349971569623973e-03,7.007762021239400708e-03
7.684559049016959076e-02,1.202691015516459128e-01
2.404212849168690380e-01,2.608355300616856387e-01
4.127881320207168743e-04,2.061660735032729510e-05
9.003277554271278086e-05,9.532039750564520438e-04
4.206000048068411767e-02,5.822691044982405972e-02
2.315632930563781065e-04,1.367912969866647704e-03
2.246819552582434223e-02,2.568700165255711348e-02
6.021662650804660488e-04,5.607909267447525829e-04
3.426050051342531266e-01,3.604181647115341502e-01
4.429966103604195127e-02,4.917945563652566937e-02
2.722614251996389317e-02,4.174612955128164521e-02
5.003768433337922421e-03,2.526691599886786693e-03
1.401621549837775253e-02,6.222583669806379045e-03
7.588018959813437256e-03,6.397625539932595695e-03
9.364389158501403715e-03,8.366666956321598334e-03
3.928238506183077960e-02,4.654129533494741344e-02
4.509992849114290853e-02,5.538254781843218039e-02
1.822020985353508815e-01,2.060693880804388145e-01
1.256075212431418398e-01,1.305719858523026189e-01
1.588462534109355562e-02,2.184406354965567204e-02
5.433444777690278338e-01,5.853625494466497825e-01
3.897211524491503865e-03,1.507493531999420586e-03
1.771053499082602956e-01,1.526289276328422484e-01
1.154651365593118090e-03,1.570819916863621678e-05
1.454070372593175564e-01,1.480068662214528430e-01
8.932332155717388755e-02,1.131115233108310053e-01
3.106313666978551252e-03,1.025413270444649853e-02
1.301658812453106683e-02,1.225114951367487631e-02
1.382692737741296751e-01,1.517496036680178462e-01
1.296079056610230373e-01,1.216209882047925295e-01
5.766552123034943134e-02,4.872586644882499068e-02
3.695445153015877032e-02,3.922372537275457816e-02
2.627034479148022267e-02,3.200105028753871816e-02
2.142950683169658754e-01,2.245097086329551073e-01
8.658564007408832419e-02,9.645490979649666563e-02
9.526766117906890294e-04,3.397086504716361702e-04
3.963960259291018332e-04,6.765011643016058829e-04
2.153036346345520451e-04,2.744501103526071823e-04
5.541913394154601193e-03,6.517969033134621108e-03
2.441816036030969306e-02,2.468931476949506876e-02
2.084116144868319309e-01,2.003626270442240842e-01
7.861167041125785571e-02,8.675874460050735093e-02
4.052248551144949415e-05,5.858212554110862566e-05
1.966704702483718370e-01,2.038540225960236429e-01
2.286721424676589273e-03,4.467864121290834357e-03
6.387565839259994049e-02,8.020895379488106325e-02
1.470741224901546129e-01,1.624062638231827393e-01
1.149656542371692492e-04,3.072979950719543010e-06
8.482575377027991087e-04,2.865770355624674711e-07
1.750521330046128643e-02,1.478750943479900486e-02
8.683926247271597093e-03,1.264187785111932014e-02
1.605366296375556039e-04,4.399593848457133147e-04
8.145787644365234600e-03,7.022983832964144711e-03
2.044030023846084565e-01,1.986508417215314959e-01
2.089147330886611913e-03,1.684816566378942882e-03
4.827172930293218561e-03,8.649441313452013377e-03
1.700464814134990761e-04,7.990932266033044405e-04
6.247540136460160570e-02,7.607117419356705657e-02
3.235764760208277302e-01,3.039157280164596076e-01
9.719910171208692717e-02,1.137662465936586792e-01
7.224358064615409546e-03,8.610868870920744197e-03
1.416836139340189524e-02,2.417839115351160320e-02
3.132003264487678157e-02,3.766694024409112523e-02
3.506034770682487922e-01,3.596448283377559063e-01
2.327465864802366335e-01,2.230252236536231503e-01
1.659415914757169990e-03,6.635360947643333682e-04
4.012453245395440626e-02,4.229439806581331007e-02
4.608369426673697422e-02,5.060714894564447702e-02
2.861426956084907672e-02,1.815949610027582650e-02
2.451980703501319483e-02,2.364795950424326831e-02
1.921483934559403695e-01,1.791501305310252423e-01
1.324029102126425272e-01,1.167468253233817227e-01
1.382431812099288969e-02,1.624713003668104908e-02
1.057860751790014736e-01,9.035498551311341164e-02
2.932700425231642757e-03,1.656703347479428516e-03
3.674259581791670670e-01,3.404484519139604481e-01
9.903267794769973764e-02,7.977663166341505963e-02
1.861864351828387831e-02,3.358324226924131600e-02
2.347894705479764560e-02,1.797861638663579911e-02
3.401450684474980890e-01,3.255081892104164099e-01
2.924630828647236183e-02,2.953681452308166977e-02
2.698679084716976706e-01,2.831839778661462970e-01
1.042304131753014618e-01,1.109954311896736989e-01
2.733016148709050894e-02,2.636315340637839996e-02
6.447320603938351546e-02,6.380133720635117189e-02
7.612279581005634670e-03,8.496703977321218293e-03
2.456970562410066162e-03,5.107742993141818968e-03
2.349371327130408624e-02,1.935082890523996679e-02
3.396839786526248406e-01,3.659451921170216449e-01
2.869880322468375544e-01,2.281786674031859030e-01
2.562182246044561549e-03,6.141883599878574657e-03
1.923633566975227818e-02,2.184888003834131731e-02
6.425452099449879828e-02,5.445352692037457726e-02
4.155567042704742288e-03,7.060170651340172063e-03
4.291834208116123740e-03,1.588859249385672677e-03
3.418867638191447900e-01,3.434526561326854965e-01
7.367026736925400086e-04,1.664573066162250295e-03
1.939276034226396217e-01,1.886581081444203001e-01
1.461334587067612545e-01,1.422693424623820424e-01
2.394655345393055523e-02,2.187541549041662967e-02
1.778391723730046448e-01,1.717956252941087725e-01
1.515668413752156718e-01,1.649791894506615064e-01
9.484505926827990763e-02,8.943528670165280803e-02
1.587395755554285581e-02,2.635958372878851805e-02
2.685547822468212220e-02,1.478679568607618906e-02
1.491593901093587679e-02,8.012031415209732235e-03
3.003588987251974360e-03,6.363268019986548056e-03
1.213662768818386944e-01,1.325170872728625437e-01
3.668373833776194978e-05,8.328169635848480922e-05
1.304908800070344876e-01,1.130142895963897887e-01
4.788542552168292138e-02,4.175882360682883071e-02
7.217607876208845252e-02,7.777629503797793553e-02
3.839313437040900879e-03,2.160217352675105566e-03
2.443550546132713941e-02,2.412839431211531716e-02
3.109264361547834851e-02,3.357357475431143462e-02
5.384306491953142620e-02,5.642979444700786662e-02
8.933571688587250981e-03,2.015907779608164946e-02
1.264385049134092442e-01,1.370826606949633597e-01
8.193941604988609351e-01,8.161442667459664069e-01
2.462830047569169456e-01,2.607435769595289887e-01
8.493388906609734487e-03,7.635772125897490221e-03
1.582949435797320892e-01,1.581231497060843760e-01
9.205978867119885001e-02,7.920702309421771836e-02
1.423179512237943145e-01,1.464307768315660785e-01
5.091724581032066599e-01,4.988875057327351592e-01
6.780431492259206445e-03,7.569823232546552157e-03
6.333869247200517305e-02,7.182378928248560335e-02
3.808839260925366843e-01,4.019063487887917230e-01
2.605195549925514234e-03,1.986518312354360744e-03
9.832003107201109371e-02,7.809038080099081625e-02
1.237402523388844572e-01,1.382666654384593907e-01
6.997323704126776067e-02,5.933795204800153267e-02
3.375182121132963564e-02,4.323383823676148208e-02
4.207172505309624833e-01,3.952135118843537187e-01
1.200345083547319919e-01,1.228773467132058816e-01
6.264710659604782626e-04,7.352476627955078928e-04
6.260183034400766677e-02,7.997576682082620236e-02
6.541919175938736876e-03,5.339756801401309219e-03
2.779996870024797340e-01,2.793549645529304626e-01
8.213999237129863962e-03,1.229566342923590731e-02
1.596513665210036285e-03,1.638024837649776659e-03
3.032512120331263758e-02,2.885335843376386419e-02
1.113991629090689203e-02,1.405017633071297192e-02
2.155040692114357781e-01,2.126861700948659006e-01
1.287676136344783088e-04,2.370871023901792093e-03
6.743954549847800024e-03,6.715082385190117471e-03
3.098723825483621352e-01,2.839365735805349789e-01
9.813371439167195565e-01,9.454310985093457020e-01
1.719474999409845717e-01,1.703318988013115820e-01
3.672612525787213866e-02,3.171401036933032408e-02
5.757563413069219371e-02,8.614846621975461027e-02
4.318324302769534911e-02,4.084672184401903772e-02
1.964662314924527434e-02,1.783140846706027238e-02
2.980828344079356276e-02,3.542644460413273827e-02
1.348722122602167769e-02,1.863073483912380118e-02
2.602918169524638670e-02,1.952773072824771916e-02
6.436087312389870106e-03,7.457317361182473452e-03
8.159095216698162287e-05,6.136934337163755184e-06
6.027889005592443859e-03,3.711823660573195481e-03
8.273259252444154649e-05,1.355818050683251169e-03
3.921216533276510041e-02,2.779359400202218930e-02
8.677512889132707463e-02,7.808574883185316617e-02
8.884823111639596205e-02,8.720886881269086788e-02
8.846569413335776677e-02,7.971442608373589811e-02
9.091655919889353454e-02,8.246227472544642723e-02
2.050257216901159654e-02,3.392548713610044064e-02
4.355298916800946427e-03,9.445112436328796960e-04
6.132688262164850274e-02,5.990441861494728154e-02
7.986457885444364635e-02,1.002560325836699268e-01
1.190426012916712267e-01,1.156959752504480993e-01
1.754581860127170725e-02,2.123267636286352636e-02
6.116548063184476525e-02,4.612201294330909446e-02
1.713487918895246209e-01,1.458369002217022592e-01
6.007461166806899594e-02,6.812832018753299523e-02
1.220574482746218095e-03,3.006536761502537000e-03
6.093352825380295157e-02,4.445487082599841600e-02
1.382545547671368835e+00,1.270241275544960136e+00
4.677821560372721379e-06,9.824646028036175191e-04
1.943908033047792860e-01,2.024838045488173144e-01
1.532223393086352406e-03,1.010281737151334357e-03
8.057859239479982227e-02,7.390126319937868893e-02
4.480646286115899102e-01,3.826099110655899471e-01
2.731817260475199322e-02,3.017986271576750604e-02
4.128343076102811843e-02,4.540100585788417464e-02
7.651505751186456206e-03,1.150024835179213299e-02
2.175240077843252628e-01,1.980251178085715158e-01
4.962414223516049133e-02,5.710554347499467026e-02
3.372323701987556179e-03,2.187278366161271408e-03
4.720905494810487824e-01,4.865351369542014193e-01
2.909689581979309492e-01,3.143974797414237354e-01
8.072501663475100536e-03,3.170499111090498146e-03
9.582718141314970628e-03,1.624369500217161602e-02
3.426982292414442188e-01,3.499029972657756171e-01
7.745069573324318835e-03,6.651417337112098399e-03
9.766165661459138159e-04,7.674266532745419999e-05
1.368904384011135345e-01,1.194562770836330445e-01
1.819374896197539435e-02,1.302497611782752439e-02
1.126177974263681270e-01,1.329515451297654804e-01
2.336008173088686621e-02,2.170795557298325212e-02
2.815331814412008193e-01,2.937062812947212054e-01
1.440931018620392745e-01,1.422148927897589898e-01
1.276721594421194039e-01,1.352898680253750430e-01
9.760996305764499392e-02,1.509852045489284977e-01
2.553324908834246620e-02,2.077712654761347186e-02
1.910389307842097484e-03,2.091137382979006275e-04
2.064642511095071686e-02,1.471145871596641827e-02
1.510456112853493515e-02,1.076140522960460436e-02
3.191277308303638871e-02,3.711565240103108926e-02
2.901966087813163172e-04,5.701972542977554225e-04
1.248123592322691530e-02,1.116891846895172111e-02
1.113278792363083108e-01,1.342000228638340620e-01
7.328376936694512844e-01,7.461570432601116742e-01
5.187042124390515152e-01,5.212931577299556585e-01
1.651120479377884143e-01,1.669925075915336399e-01
1.970101576321561798e-02,1.406657134779070936e-02
1.264783050634594730e-01,1.256018671436417711e-01
4.892446155212011268e-05,4.794345879085485491e-04
2.930433462852512494e-01,2.816205272355372657e-01
7.970184719471551729e-03,1.941573173097429876e-03
1.910580319547508510e-01,1.773615906174336454e-01
8.871053728195804622e-02,1.095679158186765589e-01
9.332553694937122113e-03,5.337869303562341357e-03
1.353957255043154902e-02,6.271431220196140022e-03
1.803716086599263524e-01,2.052851384652665256e-01
2.443517294254169553e-02,1.863608975647033233e-02
1.094756602960570666e-04,7.880959820263577970e-06
1.575572564625205008e-01,1.619883550027058916e-01
2.729130709533563251e-02,2.214693143757616098e-02
5.362070192568273164e-02,5.101258729963963068e-02
5.488253483725887005e-02,4.777731164143644155e-02
1.063437516328748569e-02,4.536645996939226225e-03
3.904098972759574224e-03,6.711705257609052247e-03
3.017163791222082433e-02,3.513763538251912788e-02
6.008366243555651742e-01,5.786170103388221797e-01
2.195444491654661642e-02,2.278658161771560803e-02
3.871909816671522536e-02,3.448295328436563195e-02
2.365272786682079131e-01,2.160621023326389500e-01
3.473937757891033817e-02,3.350486813863220309e-02
4.270375112992361860e-03,3.153538350827849845e-03
2.013594970915715265e-01,2.552388628490330769e-01
1.943891284972533162e-01,1.882968252816572541e-01
3.241624869122095281e-03,6.132101348162140655e-03
1.010172186725639687e+00,1.001444751904492225e+00
1.083568296740636261e-02,5.648516705784020764e-03
1.496343597055994068e-01,1.501620215697608007e-01
1.090600132657327109e-01,1.252826688481886719e-01
7.389419110891808258e-03,3.660248228385624275e-03
3.879635083555796338e-02,4.299394701547984421e-02
4.628131213098481828e-02,4.325661664444305915e-02
1.002141037483087783e-02,9.985946291775181158e-03
8.653329550309342769e-03,5.500299214944480777e-03
4.188724739397645114e-01,4.140604467868506111e-01
3.459847654580913701e-01,3.714068401259443819e-01
1.445605687172252241e-03,4.820959420743128367e-03
9.139695104680216342e-02,9.016775987385776403e-02
2.753433265827266892e-03,5.462469418177743914e-04
6.304464566260771508e-02,7.980330639181373864e-02
3.376427754382846924e-01,3.657832181789688608e-01
8.856764428297728489e-03,8.809726123261323386e-03
4.507374359167115596e-02,5.986034587152190556e-02
3.581740391403061968e-02,3.561723361844230940e-02
5.563903935478872742e-02,7.750050105175269877e-02
1.536421939164590855e-01,1.563574988968648438e-01
5.946648632325836348e-02,7.045423094161623601e-02
1.003744760059490093e-01,1.194838671036208277e-01
1.933976793418834897e-02,2.822461120860959155e-02
7.866290920079427616e-06,3.901178034991441106e-04
7.072218727879509004e-01,7.164624680913527222e-01
6.767141489661093142e-06,1.652843610818508191e-05
2.279339404299672578e-02,1.897257755376811905e-02
3.376889396975078783e-02,3.215887174414189947e-02
8.204980489264400434e-02,7.860202050555444020e-02
3.396031099184084606e-02,4.517483410653179432e-02
1.992630045010377465e-02,1.358962173839904468e-02
7.938515067465687705e-03,1.644648196956150291e-02
2.202172281969700524e-02,3.037615619634726621e-02
1.701779100348884133e-01,1.470745234436925120e-01
3.363897097359071133e-03,1.389879573884727181e-03
6.294476273365826307e-04,2.183643048759554423e-03
2.501564883859961827e-02,3.286611126951888284e-02
5.557265058902549106e-03,7.677635334582756828e-03
2.183051133717786030e-01,2.392934862024812814e-01
2.306861305934277961e-01,2.024954451243863029e-01
1.095384221558603211e-01,1.176600745245077878e-01
2.406256108505491764e-01,2.480456149452522074e-01
2.873564652538855742e-03,3.185292849258118848e-03
3.185519691357881489e-01,2.956403364569780146e-01
6.832523478352778463e-03,4.600361437677595415e-03
1.130692133342142969e-01,8.877013858256592449e-02
2.082846021554555626e-03,8.864156776564813744e-04
9.674368067692519155e-03,1.415111764070308038e-02
3.936978174553360660e-02,3.435742268753091966e-02
1.986405559511183472e-01,2.009754995968656144e-01
1.865992025103401257e-03,8.136433558378964367e-04
2.029995690676034744e-03,5.904121472234450350e-03
1.355368862280653710e-05,5.890578811920754254e-05
1.308363776680555000e-02,1.566172083945411436e-02
3.194771303548827462e-02,3.746458113687612529e-02
1.666719855612926529e-03,3.025439668316063941e-03
2.517931718188057277e-01,2.511861284353442136e-01
7.725566145858679679e-02,6.263426565414140224e-02
9.704653958320358376e-02,1.138709421284365697e-01
8.156539107805591687e-03,3.148246996657016843e-03
1.888095252068026086e-01,1.774750748104735876e-01
1.153727826365032356e-02,1.634553873448964245e-02
2.681703139938149474e-02,1.856554764092364571e-02
4.022651700033313569e-04,1.091428728433842732e-03
1.795898352298519332e-03,9.883099575635078836e-05
4.329843123053838533e-02,4.589701238724427229e-02
1.650421221496083946e-01,1.732071076631548912e-01
1.035268330344449594e-01,1.083673884726613912e-01
3.861402616191809273e-02,5.248698773646494342e-02
1.935733094506687096e-02,2.953676326661732951e-02
1.436512377481646008e-01,1.539935235837316119e-01
3.079689245543795056e-02,3.227848326391853651e-02
1.425546646388185235e-01,1.494675704528532767e-01
2.017384100758913903e-03,1.377217112460062121e-03
2.547965735512329188e-01,2.358323246201471102e-01
4.216383004332532880e-02,3.692052841405615154e-02
1.522149139015273323e-01,1.363931824372964507e-01
8.853375442114060079e-02,9.546395860634519781e-02
5.350259000863547693e-02,4.341619422992421679e-02
2.659408401662096636e-03,2.487983077575334646e-03
5.704375539675822287e-05,3.710233789515316686e-04
1.834540319606473013e-02,2.737404154851835747e-02
7.579458472569670924e-02,5.809236335296642795e-02
1.034525628262183694e-01,1.205603992370258143e-01
2.320439661810635469e-03,1.319188139740942560e-03
8.358810745419631774e-03,1.187382320307007501e-02
9.489718275082180410e-03,2.982295557011343991e-03
1.033076316490852062e-02,6.666642452214225668e-03
1.529509844164149250e-02,8.715612411950663871e-03
8.997227231160724592e-02,7.932330061841946778e-02
3.133748503109027531e-03,3.151016916243099160e-03
2.147481974291521115e-02,2.036583429355402070e-02
5.185447783375214670e-02,7.155848553455998462e-02
3.825580801051556290e-02,4.013718686801341640e-02
1.051092574497733238e-02,9.834277753234227371e-03
4.051696933655107302e-01,3.974511349098473478e-01
9.437236181677836075e-04,7.490495161450394729e-04
4.912352075991839595e-02,4.864349769912523075e-02
4.859934345535304318e-02,5.190748314962317228e-02
1.880520458182266888e-02,2.706715945394243955e-02
9.666202005080421476e-05,2.527914117549592702e-04
1.266489778988690584e-01,1.260083213292513271e-01
1.255395576751404049e-02,1.822104079906512741e-02
1.110143197988048835e-01,1.220690122014586737e-01
7.262798663099818974e-02,8.369699458774679246e-02
3.042463726875795776e-02,2.359602164504223665e-02
8.110129224456971708e-02,8.316101962328170671e-02
3.252177627445282382e-02,3.647144686734980074e-02
1.299611173965066957e-03,3.025003757641721563e-03
3.308982379011993213e-01,3.207644658419099848e-01
3.455899888907184854e-04,5.280400681358887694e-04
1.040780540693867079e-01,1.188716503383231010e-01
3.937409836546062331e-02,4.510956990432169605e-02
3.753910341599484696e-02,1.962013864827131041e-02
7.103807855602463361e-02,6.892126431509612572e-02
3.732707469380991960e-01,3.909387076369110758e-01
1.130186885118221636e-02,1.031844625768073460e-02
1.133650594944397710e-01,1.038901104898303090e-01
1.152111297914567428e-02,1.958497577190231043e-02
1.755805920345169732e-02,5.628864369494352565e-03
5.435889190800219546e-04,7.072282629841939502e-04
1.466295600885642314e-01,1.278792844981046506e-01
5.979096833205767118e-03,1.179210951612399104e-02
1.904894673999953936e-01,1.863718673296196338e-01
4.362748318796173114e-03,5.828937654107401237e-03
8.324526418621927548e-03,1.022827371241916486e-02
1.009059653936172874e-03,3.517568793685892179e-03
1.489191658146277186e-01,1.583789778363881295e-01
5.182587584955985482e-01,5.186253305774283229e-01
3.296189766985133107e-01,3.793548067802440804e-01
1.290196423454740837e-01,9.929354330384247695e-02
1.735574159621261492e-01,1.635486162208312777e-01
1.396172242863669489e-06,1.010077776944505760e-03
3.558121406622014732e-02,5.057302646963652420e-02
8.983219955745454233e-02,8.056118290472000232e-02
3.747781259835614772e-03,2.070757433392945990e-03
1.000171641073141632e-01,1.201607907791309715e-01
4.671087035195160136e-03,7.045472795320351783e-03
2.514664343010585834e-01,2.523645252768794145e-01
2.100099414783714990e-03,3.921261510354687001e-03
4.078373491240639970e-01,3.875345436007003319e-01
1.341230189170524237e-02,1.016247309631147441e-02
1.231193458316796330e-01,1.071454263043071370e-01
1.935734784316338331e-01,2.014918831062177118e-01
9.775675663681232530e-03,4.582089426585322749e-03
1.150288119385990855e-02,1.593859681653598745e-02
1.461459059276894873e-02,1.354502781093271623e-02
2.658968153556054426e-01,2.964368701718946841e-01
1.796872972697460130e-02,2.183785980488424372e-02
5.050372814344814693e-03,4.970056417732742968e-03
9.050465874657767640e-02,1.067181989726356389e-01
6.072581919649024107e-03,7.598915720650419904e-03
2.534547105587618976e-01,2.785834910585908153e-01
7.933186011850397457e-03,1.469099073546186081e-02
9.927689180336966845e-02,1.124280939830497733e-01
3.104402509310623046e-02,2.365700370230171268e-02
5.199980692460379195e-02,3.775291655903629390e-02
9.376056836831409003e-02,9.621445082915396074e-02
9.341437561442942229e-04,3.809788346125211108e-03
8.372535872514897531e-03,1.718837763602025850e-02
6.044022500143675196e-03,3.896669763192275177e-03
4.773937803225551842e-03,6.834719649369917598e-03
3.784066378982216695e-03,2.641616477564224987e-03
2.461732987554594854e-02,2.259437394437466620e-02
3.900140986647869165e-03,3.033844917601768824e-03
4.812407773652577973e-04,1.695426554167831740e-05
2.354983892647032617e-01,2.279704518633108856e-01
8.485401973976919733e-05,3.907373047204281400e-04
1.951360704059338091e-01,2.189056240296482492e-01
3.812246967224101890e-02,4.157587909590302472e-02
3.001140408705735285e-01,3.108210495984903843e-01
4.848329973749443238e-03,1.426873228599481042e-02
1.753534117266679175e-03,8.272377276937120183e-04
4.345320495402228006e-02,4.653027437216090273e-02
1.697022847107913790e-02,1.285780576162755783e-02
4.532665164024439822e-03,1.314323073637399877e-02
2.818031221975288506e-02,3.442548870795888311e-02
4.471066626904901531e-02,4.549705439225023434e-02
2.854453374181082914e-01,2.441575988274186648e-01
2.888778641779053968e-01,3.078542867711988595e-01
3.051268270767329774e-03,1.673276852388172866e-03
1.458394721856927090e-01,1.658413014523646978e-01
1.780496790814832253e-01,1.682906176193154357e-01
6.157596188256887759e-02,7.167568570570732878e-02
3.517481595386773557e-03,9.968417386083160484e-04
1.491712075487902633e-01,1.615396773174442580e-01
6.169002491803174393e-03,4.385566995755062203e-03
1.822294473599643527e-02,2.453278811439729354e-02
1.026335159361196209e-01,1.103874748438766346e-01
2.880426906744508204e-03,5.708901922209665136e-03
4.535295213407284851e-03,3.793082253151882841e-03
1.559375021936139014e-02,2.709708261435923859e-02
6.438857123841198668e-04,3.374811867998130533e-03
1.450691479724254128e-05,5.249573178942227002e-05
1.203522159582481738e-01,1.450344670730467078e-01
3.825449379168819330e-01,3.601302754168411724e-01
7.346739948717148812e-03,3.215705663855702740e-03
3.834786849949324283e-01,3.591786608349219478e-01
9.185796386528488622e-02,1.121440915700649965e-01
5.603781332383504094e-02,6.002309504009148422e-02
2.330367601431297848e-03,1.388012712004885706e-03
5.073030874449001131e-03,9.726494009537709623e-03
4.894888434891325746e-02,5.249023455173185138e-02
3.043652859449644948e-02,3.713458323570178327e-02
8.195946450248507709e-02,7.278466644462532054e-02
1.404144013529610158e-01,1.625498347888257589e-01
3.985379900382217291e-04,5.761609554766036523e-05
4.480028468424257330e-03,1.062800675862704200e-02
3.642247114142583425e-02,3.113781458183180473e-02
9.347402073825723801e-02,1.172467043977794832e-01
3.381949161564258479e-03,3.622667691335595963e-03
3.280024510284328954e-01,3.561699122154015629e-01
1.766244297179647427e-01,1.838662673408826276e-01
9.770366046538030619e-07,7.651030234989300658e-04
1.514411285669378139e-02,1.399877302657708336e-02
1.144035166514268953e-01,1.032188797059058472e-01
2.855678942283353394e-01,2.403803517495753661e-01
8.602645798174787459e-03,8.362509591150833754e-03
1.257404723631687649e-01,1.198797787619855088e-01
3.767982063459367481e-01,3.931076866400647907e-01
1.710850154271280343e-02,1.547774554823004405e-02
1.403097850056980733e-01,1.334468567587382137e-01
3.429643962141799406e-03,1.347994649347328115e-04
7.657795939357431303e-02,1.079801278081019417e-01
3.360255645905183691e-02,3.588732985766270034e-02
1.175621786865985174e-01,1.112609083984487518e-01
6.668364051083200406e-02,6.577051434277571274e-02
1.099152002800877076e-01,1.120926502455723422e-01
2.058476070443661810e-03,3.328691243392860061e-03
4.859532754714008585e-04,2.433868493927287581e-03
1.097637328234124521e-01,9.494506508782006582e-02
2.957254545710058524e-02,2.802648449314427276e-02
1.265925181021996387e-02,8.275973435817665647e-03
5.674649496242899563e-03,3.632489402466544930e-03
2.304121103211239918e-01,2.110533936634319818e-01
2.444937847253069174e-01,2.382724102361903351e-01
7.189755066764709490e-02,6.155053598158600342e-02
4.968341883715472751e-02,3.977988741943325884e-02
6.082517990557602394e-02,4.414210189757802882e-02
2.509745915630869351e-01,2.265144155369729628e-01
5.603903266059777621e-01,5.423786028391904823e-01
3.293446227053432040e-01,3.154800275703661949e-01
8.092999425801594704e-02,7.876363994113906586e-02
4.614749583185546317e-03,3.334122139481173266e-03
3.954221496308535366e-01,3.713728803076749019e-01
9.348124486996360204e-05,1.670663893640845967e-04
1.203083934452626319e-01,1.222890460892340631e-01
7.221260987767465223e-02,6.509022124673881360e-02
2.259602742097003292e-01,2.120498564725862289e-01
2.196076562542017552e-01,2.258583422178829514e-01
3.961737507266122754e-02,3.329192479737313332e-02
1.406292560547689127e-02,4.782045503425420667e-03
8.085364161230843005e-02,6.419762562328650002e-02
3.791081779898238663e-02,3.340013126497905910e-02
2.245549368137788812e-02,2.538319594023425579e-02
2.273415229559754280e-01,2.095283907277343538e-01
1.321396282696610247e-01,1.431643795207684644e-01
2.161058674560563863e-04,2.023413631211520066e-03
2.452180386093180398e-01,2.437406974925072356e-01
2.483573321079300122e-01,2.628844747409608829e-01
3.012346121407515898e-01,3.283661760770634763e-01
9.855787335360439473e-04,1.751359331949352630e-03
1.769622395697550629e-02,1.171060411962174426e-02
8.583888117984456168e-02,8.910202551780919966e-02
5.697186437016134031e-01,5.697614150263887733e-01
9.607904857748648594e-03,1.256033544149000487e-02
1.903408096261426097e-01,1.773825647877342038e-01
4.387585596293931689e-02,3.546716041199841907e-02
1.249517340260441469e-03,8.051198582325428408e-04
8.722631755692145149e-04,3.637839856634506736e-03
1.712694074655671250e-01,1.935127852197947029e-01
6.463615448212259307e-02,5.126119918195892744e-02
4.174327246770133219e-03,9.435792801353166254e-03
4.296194114285921406e-02,4.015009779806189005e-02
1.437095461388872416e-03,4.452163519028143031e-04
2.935620818372610200e-02,3.781977137621404111e-02
1.241274385415148673e-01,1.489982916755565323e-01
6.721932046208246858e-02,4.181770078725236678e-02
2.584312867084079257e-01,2.290731186048271528e-01
6.217072827159731557e-02,3.610165606207280803e-02
2.013429289977362662e-04,8.521165587275518938e-05
5.655706261644256883e-02,4.577909195490441341e-02
1.218908979018707706e-01,1.264833140591704319e-01
3.339273900452165433e-01,3.163407991699131450e-01
1.095208723653227911e-01,1.249614003156530873e-01
1.618945091226937840e-04,1.541686699177110317e-03
5.104804398463096615e-04,4.822575580998965253e-04
2.380631471072320801e-02,2.600790511873642477e-02
1.217650720824304394e-02,1.906215939962993197e-02
1.885875347865130849e-02,2.766917538949684521e-02
8.946306696023072214e-02,8.568129096680182633e-02
4.183549838954759019e-05,4.104380697047888731e-04
1.492410370729053227e-05,1.125282219408254496e-04
7.572163822606355066e-02,6.127281881889525689e-02
1.027708510367131428e-01,1.101183189987259420e-01
1.583598438706832201e-01,1.818925014480965996e-01
1.824176673231805434e-01,2.018223902171523976e-01
5.048049905969566320e-02,6.385893388028746065e-02
1.400195810499431925e-01,1.535236611912309257e-01
2.871981574154383599e-02,2.804020576911257431e-02
2.662963780542537684e-02,2.493679111936267581e-02
1.025939730982431504e-03,2.146103986825007026e-03
2.055185609157698934e-01,1.853045428673317785e-01
2.322869814595541482e-01,2.193974032235354865e-01
2.928337536828200596e-02,3.201859936038965737e-02
1.939099351704993701e-01,2.173514491512370528e-01
9.413668730006670426e-02,8.050988022598068450e-02
2.508953753647195639e-01,2.677278276056981321e-01
1.769458529091825216e-01,1.783605284728397578e-01
4.211668251401216173e-02,2.301135769018788912e-02
1.610467468246654446e-02,1.552851625731396269e-02
1.569426646781020085e-03,2.637343655134815213e-03
2.427195768551820149e-02,2.163100555533772895e-02
1.429834631634241491e-03,2.079055091562807909e-03
3.407093924095010995e-01,3.115757195055622875e-01
7.505116470480416302e-02,7.796377044072458351e-02
2.388432040448018046e-01,2.471517589654948222e-01
6.659985484463669912e-03,3.170628704298538315e-03
8.081079986271090532e-03,9.011404900739402105e-03
5.457229587364235068e-05,1.963166466674130947e-04
2.612079491827648927e-04,3.017694254714851660e-03
1.757029467420480329e-01,1.518648749486452287e-01
7.285473583087251348e-02,7.038989258840175345e-02
2.795396939594073094e-01,2.804873575371006900e-01
2.967176884871441378e-01,2.777266693980092183e-01
1.563928513336026657e-02,1.590475714988683412e-02
1.712370146704477597e-02,1.598942192607541446e-02
7.677534888166070992e-02,5.841185327701248903e-02
6.930471153128442419e-01,6.693615219006175954e-01
3.514454734751687459e-02,2.693735771728444570e-02
1.177188414487504720e-01,9.937171245880957460e-02
5.921617503271831007e-02,5.524136089342905620e-02
1.181784831445636813e-01,1.347730731906446044e-01
6.947270357606838420e-02,5.404610600276368165e-02
5.766400416479853380e-02,6.512505433763597640e-02
7.044052891341034484e-04,7.362217243877980204e-05
8.227643976152047844e-02,8.119131151794101164e-02
5.645172866687995193e-03,5.662876482683779945e-03
1.246912321882045170e-02,1.115002692796530741e-02
2.033982764832868370e-02,1.073871387873479542e-02
2.808490784687624475e-01,3.142514096677795354e-01
5.620168862838097884e-02,3.598036815619838624e-02
7.048048761655315020e-02,7.059898416266476018e-02
3.414747653121782967e-02,3.897176416607622124e-02
7.020706097965397074e-02,7.124014162586668475e-02
6.114333716051893047e-02,6.268572088466807524e-02
9.124378238397097551e-02,1.011603428667552096e-01
7.465727154088974129e-04,1.085279621865016053e-03
2.765409664934730463e-03,3.154463338912134613e-03
2.362812691274450427e-01,2.290181404731311543e-01
4.715293673516357531e-02,4.748029976063615487e-02
1.612265583974297201e-01,1.694241615397756584e-01
7.093726477023962196e-02,4.727582966551176907e-02
5.290899178421545890e-02,4.958028250772169437e-02
3.315590411400339693e-02,4.177683861722403941e-02
4.392306314723745109e-01,4.068119511512867104e-01
1.736860534086965765e-02,2.070645151148987895e-02
3.692748504224614009e-02,3.519015248728054462e-02
7.147011816492628011e-02,8.510723123460696427e-02
1.994694364450585664e-02,2.307199895390268582e-02
6.817058004336126048e-03,6.209760810913075336e-03
3.371592091889321751e-03,1.627182040517886376e-03
3.880110331851718136e-02,5.225856168983852162e-02
6.008512325811257021e-02,7.262259302750116718e-02
2.146882972577012494e-01,2.308490468895157133e-01
2.308736526576549760e-03,3.469465053878804332e-03
9.942506127336554755e-02,1.019918398530411385e-01
2.105772795055478944e-02,3.239300457746516204e-02
8.137250712232632632e-02,5.703529388504593317e-02
1.969728689855260451e-01,2.181596228800052328e-01
1.266464681049152552e-01,1.149743179631786127e-01
2.410020501949838162e-03,2.990194630758342964e-03
2.344815805057267125e-02,2.148546190657290092e-02
1.408231644300039775e-01,1.574596900137591182e-01
4.905775889492388492e-02,3.889543954747402832e-02
4.691606734898585984e-02,5.441267868158684851e-02
4.212859441820211992e-01,4.306322229503416477e-01
3.782300643210589897e-01,3.547923020096845348e-01
4.765421912889344913e-01,4.804610262983554647e-01
3.259027600566731281e-04,2.660437050256321545e-04
1.375586013813043518e-01,1.314983778024424455e-01
2.364920274200722206e-01,2.583746831789336951e-01
1.256373640917336221e-01,1.075618508677108759e-01
6.948420180943216673e-01,7.240814152526118264e-01
1.062315676520283244e-03,1.212818810349043132e-03
1.502876553289825626e-02,2.026959868053652969e-02
2.007946102207247964e-04,3.714232959318543368e-04
5.273328272893443303e-02,5.484063801923326487e-02
7.563085259446132580e-02,8.025796098937131029e-02
5.075858635010552233e-02,4.246963486660752796e-02
1.502132668443150430e-02,7.507268074310622860e-03
5.986606263035591097e-02,4.202977776529907145e-02
3.220573988452588021e-01,2.888769477056178925e-01
1.232621596170875716e-01,1.021543929154866415e-01
2.385929420099441520e-02,2.463342482555363339e-02
1.713296213429006676e-01,1.503534012900285821e-01
1.337251929811935913e-01,1.500999307840732988e-01
1.161119267693560969e-01,1.288538597377567874e-01
6.097139611396444440e-03,5.811785106722704326e-03
1.736340995614081562e-01,1.804190356735232703e-01
1.792054866175524508e-01,2.029988125657691544e-01
9.768648282625998561e-03,9.301861820195461705e-03
4.448487319959387176e-01,4.448418340862981823e-01
2.564182177287540124e-02,2.279816687546701651e-02
1.202698473950358227e-01,1.206872109963905565e-01
5.067981054189958368e-01,5.019317139453977061e-01
1.026698131041253181e-01,7.122670968919701806e-02
1.164156408239312322e-03,3.041593250233860964e-03
1.424770839205754917e-02,1.324979089204383030e-02
3.291412663746394289e-03,2.062181857478460369e-03
1.814840143021797332e-04,2.471477899740818877e-03
7.548694188890129990e-03,7.001603484522046089e-03
8.660019939761771143e-05,2.402433838342178381e-04
2.902652323115827989e-05,1.736496581117242662e-05
2.522597057063011641e-02,3.216314158890749841e-02
5.005257322858851915e-02,5.822181142963567257e-02
8.798926866735615887e-03,8.727885423002342685e-03
3.231949132660572599e-01,3.497022930879604696e-01
2.747770436960882828e-02,1.564605918135192689e-02
7.108293375823261651e-02,8.032373216693582119e-02
2.820423114373814613e-02,4.665535985070631136e-02
3.942054841903597576e-03,6.832339081766568116e-03
2.454377105798301317e-01,2.669105072755690866e-01
5.708813203680663390e-02,6.595664769906328662e-02
2.194551725502894241e-04,2.136008274237739482e-05
5.526754629248080697e-01,5.834772072227976114e-01
1.924243596902704481e-02,1.785311859244387636e-02
3.295224076375911221e-02,3.894019593444209004e-02
3.099960003427228161e-02,3.388318409168746687e-02
9.831097847856655469e-02,1.049477620544477102e-01
5.806004237010596071e-03,6.885596215506383476e-03
4.359433782088441224e-04,2.986181304451997193e-05
2.197168065922480706e-01,2.372269533254895979e-01
4.525282358443401542e-01,4.965387828856712149e-01
1.857567050890116533e-01,1.912982569788319598e-01
4.360616437603975770e-02,3.480895585306610640e-02
4.693929621664031521e-02,5.508214131142014081e-02
3.993299664308932150e-03,4.504076974762502572e-03
1.386511179866570416e-02,2.282476572327245962e-02
3.905613772886033092e-02,2.881761390427125050e-02
4.491745145531964023e-02,4.191778189271534727e-02
1.070342109437949080e-01,1.179008908732295940e-01
1.466125166973708495e-03,1.992724796341985381e-03
8.369982949578991249e-02,9.038021915187696709e-02
1.402106155819162229e-03,1.212503265929068454e-03
3.653703555403536429e-03,2.001373861778523409e-03
6.745508904462738098e-02,7.565290471138783057e-02
8.810884773778499012e-06,1.514238073609861478e-03
2.060471200443908246e-01,2.167362151674955273e-01
4.587771264093880308e-02,6.270269874118361564e-02
2.892517782250564329e-01,2.881231763436304938e-01
1.366606714629837755e-03,5.934297151255741275e-04
7.062290992790305755e-02,5.947686888988982373e-02
9.448611873410941997e-02,1.020169750682466125e-01
9.737338004958733868e-06,7.839590543709865677e-06
1.907744107465661433e-03,7.603144446767560495e-03
9.830169614655881460e-02,1.069456873144463971e-01
9.227054272743825392e-01,9.128895434335050352e-01
1.031042102828303841e-03,8.280333775369036952e-04
2.528170485776148543e-02,2.620098870993963283e-02
2.364647310375770639e-01,2.380461948932546257e-01
6.186912096118043353e-03,3.350350120765768682e-03
9.056893873000172734e-02,7.624881957078442907e-02
1.403790302503843401e-01,1.481503879139009494e-01
1.533676575480516224e-01,1.640906850866951094e-01
1.359007468081382215e-04,2.522550180475794388e-04
4.663146842753422561e-02,4.070337019415730395e-02
2.666661131968173920e-02,3.716259040405715808e-02
4.724732667599936681e-02,4.470525843802717475e-02
8.361461985654738971e-03,7.075696785537140786e-03
2.698691434059985461e-01,2.464794689862262189e-01
9.664860160112515031e-02,6.160040480448025074e-02
2.090517261218057254e-01,2.378383147180068713e-01
2.086930200152296562e-04,1.903042065484474802e-04
1.782519998425569074e-01,1.990975582921873377e-01
3.606504435428350280e-02,4.151788702975808126e-02
1.497409785386905612e-01,1.529820765097667512e-01
1.030722082673368456e-01,8.854822344004770196e-02
1.322068803439526048e-02,9.568754671419857707e-03
8.587779526824032561e-02,8.926547103729508270e-02
5.715372252874798692e-02,5.005818917143434882e-02
8.059948209446013423e-02,7.035515009199766467e-02
2.882224429656117873e-02,3.451735626802419910e-02
6.200830466625586318e-02,5.752810116450914057e-02
4.550980886438330542e-01,4.384152495486245971e-01
2.365310402514553545e-01,2.563117571251081195e-01
4.241038600167024164e-02,5.332898970512620074e-02
3.180367652963757980e-02,3.958452279116809330e-02
3.682493645766289625e-02,2.567666295393606496e-02
9.622142878741933580e-02,1.074461607809382019e-01
1.207339547531446067e-01,9.143977800326130723e-02
3.169173873851838501e-03,1.502602046207131671e-03
4.926223440684837640e-02,4.456556808445764212e-02
7.014805414773639738e-03,4.838685650902898976e-03
1.412633341130940974e-02,8.851242399773227160e-03
2.326601568403903197e-01,2.568671316619218215e-01
6.551935055262163299e-02,5.960715371162718379e-02
2.231887834993613318e-01,2.581864066759631537e-01
4.200979374526957882e-02,4.535880848384432618e-02
3.389934900483764224e-01,3.537402171539617557e-01
3.744568119873062633e-03,1.868568469621854347e-03
1.847443899298674072e-02,1.594742367162073349e-02
5.074235951180541132e-02,4.170130408886933010e-02
2.092782947968862758e-02,1.653332818956378472e-02
1.299124061561079957e-01,1.412647785301133774e-01
2.790086974672684791e-04,1.619803317800363237e-03
1.031326697709270164e-02,1.215979314720908727e-02
1.228287541383358931e-03,2.279023051130218361e-03
2.357104058668265875e-02,2.318338231982383299e-02
5.343811648209683546e-02,6.660588856854809947e-02
3.429212205564871607e-02,3.067498662063739348e-02
2.140657151842269290e-01,2.062615357444536335e-01
1.164367172070633061e-01,1.053222066368562082e-01
2.636893653961336435e-03,4.701278485870202285e-03
1.724926205908863461e-02,1.770599787991097851e-02
1.542491100865097664e-01,1.778781845859831456e-01
1.678039003719835470e-02,1.954660347481637639e-02
1.642090167687968449e-01,1.658589721861661315e-01
7.399755718308034629e-03,8.840416759062912381e-04
1.009719893168506966e-01,9.737237061423308082e-02
4.062685858139736955e-02,5.502055319862238919e-02
1.200482180668498294e-01,1.030263118579700932e-01
8.618504062598899076e-03,7.158015018821839263e-03
3.638383420124581269e-01,3.562806276088412161e-01
1.188766552096970526e-02,5.872766597876563979e-03
7.424544969352537827e-01,6.916050466264991314e-01
6.162703704876313360e-01,6.054908000003085267e-01
1.270848866249242870e-01,1.477802339069276549e-01
1.208867972929872489e-03,6.634091546215894076e-04
1.299574682823953845e-02,6.141093262329951410e-03
2.269200579126365996e-02,2.308396863022835893e-02
2.547049365302414201e-03,1.065006596528261535e-03
1.203009887076069012e-01,1.444065431208036709e-01
9.927245432072374920e-02,7.665515747904257104e-02
1.129912359940309389e-03,9.080165054466734359e-04
2.745738047743917498e-02,2.943304104777249436e-02
2.266187133950136809e-03,6.464167523054320172e-03
2.336251753519242788e-04,9.833810829138872725e-06
3.019546768930238267e-02,3.003660749233956831e-02
7.512008677984306770e-02,9.218138360497531159e-02
2.261817672393539591e-01,2.045819746040162534e-01
4.671629091117174976e-02,3.844705049186318557e-02
2.683969094204895489e-01,2.544303535313751086e-01
2.132267671975441800e-02,9.917360853923137126e-03
1.643880945855374226e-02,2.573638213670389682e-02
2.021548225972403384e-02,1.375283352363375344e-02
4.376777384799342141e-02,3.462601666319228139e-02
2.265964015828746819e-02,1.490649563119318156e-02
1.430784248004872243e-02,1.296258088909101394e-02
1.089912955714580391e-02,1.212727529904758690e-02
2.592041018102832911e-02,4.042407268867810599e-02
1.062486798061466030e-02,7.737808480058823088e-03
2.176155211847336790e-01,2.103713415441217927e-01
1.243291116767089068e-02,1.048320203281110155e-02
4.867780851278619147e-03,6.020017625979289140e-03
2.473435644233819286e-02,3.528112732792011014e-02
1.710477115489577593e-01,1.676909389662475935e-01
1.735630186219648818e-01,1.849126544176122600e-01
3.872613599423788827e-02,2.664915897270243861e-02
1.311044006989829994e-02,1.304394679747752570e-02
8.806131873126151052e-04,2.703821766017384855e-03
8.789020382789433650e-02,6.577515176644230244e-02
9.999334383828688277e-02,9.525853899966550686e-02
3.827351802329864716e-01,3.190953287867996369e-01
1.542548037865810150e-02,2.311974362740459171e-02
5.196348462904338064e-03,9.190679981010111896e-03
2.265384640033681340e-01,2.754220269265223453e-01
2.726029717757103791e-03,5.940336681035200510e-03
7.249722881642389760e-02,8.810431523285852662e-02
1.077592981898546770e-01,1.117874923305644252e-01
1.096321922831500813e-03,7.335652767155005985e-04
2.454976544502978850e-02,2.629077120875732837e-02
1.204902805988697645e-01,9.277704085009176593e-02
1.045518156104996293e-01,1.189584152633788028e-01
7.058960459430388412e-02,6.420903523242653399e-02
3.051614955251602881e-03,5.004998515918428724e-03
6.247142856166879705e-05,4.536174040541146200e-04
8.056769348457299973e-01,7.645325929792865516e-01
2.165510800551939327e-02,3.923575161023680480e-02
2.336818426024897533e-01,2.515810418186208430e-01
1.679209937996698409e-03,3.627707870458185980e-03
2.373825434002308984e-02,2.010055037535831562e-02
1.535889515035275890e-02,1.289393783454608096e-02
1.527257530052151813e-01,1.576325951233937817e-01
3.750554379328967930e-02,4.347206214522202766e-02
5.846955414064796547e-02,4.985694371776772799e-02
1.622539463370737333e-04,1.854524413795191878e-03
1.642097152805989044e-02,1.561939115911454602e-02
4.681017129348600397e-02,4.071805710576087423e-02
5.189986624392702863e-01,5.309160316461570828e-01
4.201929313577946190e-01,4.038719083185663417e-01
1.180120253660047261e-02,1.654744127636040632e-02
1.735746366323235798e-02,2.020473326144935425e-02
3.427510780607973678e-02,2.989659851798557449e-02
2.169868734025179602e-01,1.794101018081962484e-01
4.277869235715989586e-09,8.017431589868817630e-04
2.649907828973722609e-02,2.643000009491661487e-02
1.141345245120663383e-02,1.220167994950764959e-02
7.705658597587043690e-02,8.543382227732215783e-02
1.470189139302853776e-01,1.542904791740901393e-01
1.031380698084351649e-01,9.495325495805170823e-02
2.297707452707671572e-02,1.201926086214357564e-02
3.910638425665825813e-02,3.239437938650828464e-02
5.810219280726895974e-01,5.719808743775458559e-01
9.381322161783889335e-02,9.930431290032207259e-02
3.355882114449955291e-03,3.790498353048887652e-03
3.897033018793550907e-01,4.051996684404602922e-01
4.998605797008042612e-02,5.902547715100317505e-02
2.296344296034731614e-01,2.455218046855195402e-01
2.190689393591994938e-01,2.185926867247444394e-01
1.816531769868417190e-01,1.896229378752820327e-01
6.463253985753607267e-02,6.752344425956673113e-02
3.177853983438044816e-02,4.596166919747475543e-02
1.695428231184130732e-02,1.357247210547538746e-02
1.480430253466251678e-01,1.326682556531817991e-01
3.584354727549095981e-02,4.720323263641465483e-02
4.143804014150683640e-02,4.792610493974039376e-02
1.448601948610964696e-01,1.385872205407502056e-01
1.844858435024752247e-02,1.477643754267694669e-02
7.508673697337318528e-03,9.265371278985733497e-03
1.506090735550969506e-01,1.833883743643719977e-01
1.316583464430514869e-02,1.050422909656889559e-02
6.174240625123103565e-02,5.059275907886640750e-02
1.659587268585324248e-03,6.532947836629754076e-03
7.760291381239479980e-02,6.637433731109346202e-02
8.211944406830344600e-02,8.701293970383494614e-02
1.179887061273947411e-03,1.213660779894107090e-04
1.774723384447613461e-01,1.789536685970702645e-01
5.002988151872923561e-01,4.798540817772492528e-01
1.084134582441152045e-02,1.803721317955798986e-02
1.527324295531264434e-02,1.703503567201716459e-02
2.298323206984941025e-03,3.679326746783976328e-06
2.072104755706529466e-01,2.156178236053934438e-01
1.312264861455017806e-01,1.131512186627103289e-01
5.569851360543934954e-02,6.604966443728059466e-02
4.714439223761044545e-02,6.124365406817847135e-02
4.501618917971057787e-02,4.619492207607377859e-02
5.805187752702731935e-02,5.860668706293897107e-02
4.182574380365389199e-01,4.170731328035257590e-01
2.119745468223775534e-04,1.101951715949600814e-04
1.853343779512033052e-01,1.677134791465602348e-01
9.890451407751327251e-02,7.072001671559828562e-02
2.636423942886485516e-01,2.701946255441553535e-01
3.618692705943340332e-02,4.668961467426947093e-02
1.465177974338849635e-04,8.603037282040393112e-05
1.685733392047809032e-01,1.675152222110602718e-01
2.389028455800573381e-01,2.394108323645405267e-01
3.495812468297183201e-02,3.810636283384628842e-02
2.055990870117970284e-02,2.482676679886938048e-02
2.886766742285148610e-02,3.175139304147105157e-02
5.709099464336441637e-02,5.176279376288688699e-02
4.523408650529548228e-03,2.356189245762840487e-03
5.867446207029809735e-02,6.476502134637908414e-02
2.465334824151333565e-02,3.822951731206868792e-02
8.462571376435819304e-02,7.997751435092348427e-02
1.094301231749535974e-01,9.839259447145660975e-02
7.876205646756186118e-02,8.875090836240935588e-02
4.780115352661335471e-01,5.065355594864404676e-01
5.599978465576547354e-02,5.004380978843938482e-02
9.285952518080280160e-03,1.930469073719377066e-02
1.230073031839011705e-01,1.278549001950767816e-01
1.161012392793926706e-01,1.199614078849374071e-01
1.078993902277226302e-01,1.311805384100867000e-01
4.246034751406703445e-03,3.844224667801791114e-03
7.182693392053875019e-03,3.534161818271723023e-03
3.867160261729207793e-02,3.436046068616911003e-02
5.112132088665220266e-03,2.917360959355878944e-03
2.950774301284486353e-02,2.111711776249366665e-02
2.889715774088178271e-02,2.652993645454710531e-02
2.349469395574075581e-01,2.014971647594427928e-01
2.019628199787166026e-02,2.250810231361508040e-02
2.511492905005763970e-02,2.639271357411804991e-02
4.380960849278150993e-02,3.468831252117267339e-02
5.612064503125812481e-02,6.464934994922900968e-02
2.485542313809853687e-01,2.526302215251497452e-01
6.015869398030657123e-02,5.550415874112971104e-02
1.553121449657788623e-03,5.332318219546308170e-03
2.420623900309040177e-01,2.274828705638261561e-01
8.083649263042604061e-02,6.615361713949503841e-02
3.103308942293314665e-01,2.969431612992629588e-01
1.794695503223379673e-01,1.650750359923499888e-01
1.389018316879255255e-01,1.420914213903270995e-01
1.625209371690988502e-01,1.808646599666965116e-01
5.374785449906453651e-05,1.958127685822019879e-03
1.791993057860097910e-05,1.320670729640302792e-04
2.115637457556203138e-01,2.489068092809748056e-01
9.077754241794311514e-04,3.564469299983396319e-04
1.510537047061508067e-03,4.178667315238945466e-04
1.567472310317796491e-01,1.353272251580942276e-01
4.116677690070965484e-02,2.906107270986940314e-02
3.492728248459926743e-02,4.124465335941424060e-02
2.352081458964531621e-02,2.177726907239653856e-02
2.564775281105008964e-01,2.461319993076631629e-01
2.242613264718202812e-02,1.434625563503824641e-02
8.890808026829878641e-02,9.826866568154442316e-02
6.262991322329300274e-03,7.618786050306077667e-03
4.416533158694041505e-02,4.565733140863275502e-02
2.051918697092265931e-01,2.172085149889277922e-01
5.578002457438534928e-02,6.185746657513076230e-02
1.137898801191058185e-01,9.605820547218962835e-02
1.265625609899665230e-02,1.675096818586861366e-02
1.695927314877104450e-02,7.585255497122321555e-03
6.571030426425629456e-02,6.084116547865180136e-02
1.319479071747441667e-01,1.316613737162600495e-01
2.085194849843555881e-02,8.108644388527777580e-03
3.093584526803877521e-01,3.004246445004843391e-01
3.178953208170694905e-02,2.139988045307380723e-02
2.306950953283919484e-02,1.792591087003584174e-02
6.800892766087397734e-02,6.668578946724695866e-02
2.777336205844350720e-03,2.685067163572116467e-06
5.263099256556555972e-01,5.325643674949449569e-01
3.153094761210480774e-04,2.432375327644216792e-04
7.429567463060986199e-02,8.777912813651223001e-02
1.540212403147001308e-01,1.410826346821230093e-01
1.045016468466721969e-03,9.280552550413433816e-05
2.174051953686430005e-01,1.920039623836331810e-01
1.204931131063881194e-01,1.122356225063360080e-01
1.217192728654480777e-01,1.116772341260827278e-01
1.696645757121660440e-04,4.723835075381317412e-04
2.594502192088555745e-02,3.820470880027804217e-02
2.043334249798063607e-02,1.281350287679720173e-02
6.785657659122978913e-02,5.038220143367025394e-02
1.140294619883621546e-01,8.829203503785304497e-02
1.099280610143166942e-01,1.205001521524526054e-01
1.284372609151981015e-03,1.134052682245911435e-03
1.067797885797416163e-02,7.274971365849498134e-03
2.676853967527427838e-02,2.807918753436447479e-02
4.110322654014907096e-02,3.513886562588807577e-02
4.490563873837647574e-02,4.031287917152739236e-02
4.894340483898632632e-01,4.767923418851128803e-01
6.853608968585189753e-02,7.473512372273166671e-02
1.421330067944716613e-01,1.181251196758062172e-01
4.542367326206705021e-06,5.702684005684077306e-04
6.365829997549977450e-03,2.580134788599958758e-03
1.516490656236342272e-01,1.228856816314538164e-01
2.506247783052563752e-02,2.230055411507146992e-02
1.564804815600700366e-02,6.602455641059024570e-03
2.002306139136466323e-01,2.022224390548277018e-01
9.348596162626528758e-05,3.546432244200883470e-05
2.279449870103966713e-02,2.325502218692818840e-02
1.178258301390472246e-01,1.270754785501492790e-01
4.961753744321975024e-01,4.776654596631019212e-01
5.096021560590622279e-01,4.988950890720221798e-01
4.481146320428920464e-03,4.607999111332026707e-03
7.268675029632764018e-01,7.220186831467038102e-01
1.914068905995378652e-03,9.136191129212866422e-04
1.308726036688928340e-01,1.213369007740501687e-01
1.796585106341626326e-02,2.609306215823856828e-02
8.273096957642502025e-02,7.096961161268483531e-02
7.523714310004347983e-02,8.825259730758848453e-02
1.259729778354904991e-05,1.162499617812539927e-08
1.107024919393955094e-02,5.531827299557885019e-03
6.068209296566362369e-03,1.144315189846533375e-02
2.842528049298722638e-03,1.153048173102812950e-03
9.961644222609427821e-03,1.175213338478462745e-02
1.271236288076668108e-01,1.421364658364825673e-01
1.943572541574696555e-02,1.783153858396168204e-02
2.795443023516419316e-07,1.503985772848487248e-03
7.790598854191135847e-02,8.992549290750717628e-02
1.947497550120870780e-01,2.365477003322777605e-01
1.204987214550429534e-03,9.117122616921634511e-04
4.477991775999278640e-02,5.222206585355853442e-02
1.748564261348296844e-01,1.738476188020957880e-01
3.793604858264063018e-02,3.103831805685940137e-02
2.209265791928557206e-03,9.515299739687696143e-03
7.031243634374558793e-01,6.688571383079948696e-01
1.786991109944302547e-01,1.673114884062050778e-01
9.339888748567774790e-02,9.309150914720593084e-02
4.650271831860404437e-02,5.277013425688754228e-02
6.397986180536820340e-03,5.800854650624494638e-03
6.397597601259673306e-02,5.638685043021895993e-02
2.348968934812201148e-02,3.995780285448675279e-02
5.028997156144975750e-04,1.275874111384197197e-03
1.499994381511285391e-03,4.565609216545331891e-04
7.790633589170856133e-02,6.750951125661104613e-02
5.166200401431910588e-02,4.434354596863321341e-02
7.312165301658433286e-03,7.954135036909783588e-03
2.297603500089040116e-02,2.348011302746880885e-02
1.361860981622283568e-03,4.360015244008968484e-03
4.836637616631900838e-01,4.917651567699094506e-01
1.854194332190901295e-01,1.978538536805158343e-01
1.305055700594324741e-01,1.161393331104051407e-01
3.512362093862969603e-01,3.684333415424748681e-01
5.141707521363203526e-01,4.259431304373981764e-01
2.131098774845842647e-01,2.182417345376377049e-01
6.753589255849821310e-03,7.571492580526707414e-03
5.452242709496366718e-02,4.260433759139352350e-02
5.014653697455313114e-03,1.739320804245460305e-03
3.157766380741308665e-01,3.650397519755729236e-01
4.183405444574245929e-02,3.197092858557316203e-02
6.654805356597318089e-02,5.647177365339672156e-02
2.818763722416148948e-02,3.652674607730712480e-02
2.360153812798090542e-02,1.712029948346165467e-02
6.075928292783781826e-02,4.594415723648716948e-02
4.801163296320439811e-01,4.941872281419240620e-01
1.904574083773583363e-03,3.610894692846346177e-03
1.066378558590312109e-01,8.092067343922032530e-02
8.228927372208458962e-03,5.842281629923562480e-03
9.462263549971153265e-02,1.033280030064114979e-01
1.142498148609374931e-01,1.045201249426510326e-01
3.375645447349854417e-02,3.715721936455402413e-02
9.444060682815838548e-02,1.072332928304103872e-01
4.842491247018258262e-03,1.387888923599313665e-03
8.520929592503560107e-03,7.157264132385243380e-03
2.392622916206041048e-02,3.070158488864515797e-02
2.590769057666735681e-02,2.539268594033681700e-02
1.160630707317384519e-01,7.498558436857309661e-02
1.463534791200942278e-02,1.374126357222607044e-02
1.376516711787570124e-01,1.443046201256231453e-01
1.780744120183687940e-01,1.773489317753246253e-01
1.271031740449063141e-01,1.440053537287080132e-01
4.150753031718706736e-03,9.975639702743019713e-03
8.247530545734226004e-02,8.440185204087732873e-02
4.261717178708548113e-04,2.437952994841109243e-04
3.606536988887849024e-04,6.998321824131844421e-03
4.399116124816687158e-03,7.281023462646209719e-03
3.197184743667060292e-01,2.943941321692914448e-01
1.991374803174801242e-02,1.321347128185305052e-02
1.200468525464176359e-02,2.091763725599756017e-03
1.439210657343599209e-01,1.350706176832505434e-01
1.833819661939558102e-02,2.490320336959596717e-02
9.479685438081978527e-03,1.556873654932372161e-02
4.354145468216359671e-02,5.259664138388502053e-02
1.217993452331710830e-02,1.014751440555874615e-02
7.517576567972994450e-02,6.865270911941415144e-02
9.257487218859040967e-02,7.113390909967919062e-02
1.395560468072376270e-01,1.485344249011059103e-01
1.710589170196888387e-01,1.712259279596290984e-01
5.874457002835840186e-02,5.357053957672454347e-02
2.958301925543151967e-01,3.128077124299814549e-01
1.133699473858651163e-01,9.782657868671151835e-02
1.181679428133176057e-01,1.185286564666221815e-01
7.732112374737465377e-02,7.237815115674924027e-02
2.671074753677544211e-01,2.519697413370467487e-01
3.976371818898808384e-03,2.035185818554567996e-03
9.761227892682902141e-01,9.706098520774838478e-01
9.658652943752631809e-03,6.380460052784342126e-03
6.826413927922792002e-02,4.985517219321851379e-02
1.096175536548556206e-02,1.271022142177615291e-02
3.137971162319131979e-01,2.926172433267535400e-01
4.190140766424875485e-02,3.827024937878537036e-02
1.084040437295050036e-01,1.525442298785660844e-01
4.447933845030861699e-02,3.058247766803885020e-02
3.594610108852341456e-03,5.820304104059366261e-03
2.903075821218313313e-01,2.802224675054995062e-01
3.746800326802173786e-01,3.596748298303562019e-01
3.784223317038589579e-02,4.226869487580107998e-02
2.638642110387873392e-03,4.932775117068087349e-04
1.836635340341298550e-02,1.206342378543406174e-02
3.175265063503381058e-02,1.888175413913959280e-02
1.935385649249235954e-05,3.135722129004711502e-03
5.728059928571058168e-02,5.397766182658216699e-02
8.125543177853698784e-02,8.824129985063218495e-02
9.401424064722248286e-02,1.008941072638044889e-01
4.108343350760203239e-02,4.651023221121958207e-02
1.540736103792063327e-01,1.598602759256365358e-01
4.906632025054033508e-01,4.639349511366793744e-01
2.698005944686280091e-02,1.991817108335405470e-02
5.358626565342026679e-03,1.429609759198093542e-02
9.167898486529241220e-02,8.760137957336637526e-02
1.172683145279420540e-03,2.664997592372549996e-04
1.078298472335622316e-01,1.275217973904197721e-01
8.928743202643441360e-03,5.427437851425522333e-03
1.670428341452264154e-01,1.519826162037287709e-01
1.629951402810348154e-04,5.660852670650360187e-04
8.114880551031471850e-03,1.166192996325068204e-02
2.487192609532407755e-02,2.080691263785311440e-02
1.757881613906704665e-01,2.105952338110863575e-01
1.890781857968865511e-04,5.720230455685964849e-04
9.403458191749942963e-02,9.722193108723700683e-02
6.862350130397380787e-02,9.086183234854094959e-02
1.821244611085590659e-01,1.785178393441277656e-01
4.433500735097212209e-03,3.963264186969947533e-03
2.821363419029312425e-01,2.980519101582343455e-01
3.302924818378990088e-08,3.661244893052404835e-04
3.579949006588357963e-02,4.572052973321052982e-02
4.102903000667609389e-04,1.819353034388255380e-03
4.072564363639959439e-01,4.215113497412107946e-01
3.895470900536902870e-02,2.851506346945788944e-02
1.977503448178231371e-01,2.348965517684139526e-01
1.545445472003198761e-01,1.518947742708958992e-01
3.629301897954591294e-02,4.376908326758154749e-02
8.616264231305518356e-03,4.543604826417090709e-03
2.870833932968117619e-01,2.827784915466174942e-01
5.006415824672305007e-04,2.251527775395110228e-03
8.805416386382020066e-03,1.060739285494688433e-02
1.161688196681570501e-01,1.134858636186992092e-01
2.855545543804269282e-02,2.042179188722068398e-02
2.469789439733838937e-02,1.975043074525529088e-02
2.788741642988008806e-02,3.112983094500636205e-02
1.049830437063875299e-01,1.257274591628882443e-01
3.284280962937665693e-01,3.072763385828247151e-01
1.869886197132901440e-02,1.867583867753344617e-02
4.388349830143245534e-03,2.879641633658042328e-03
9.896576172192248985e-03,1.324042562096120271e-02
7.853511953814142077e-02,9.891569336348979280e-02
1.311202308780128056e-01,9.911135108322660647e-02
2.858058746911614628e-02,3.875929701550442225e-02
1.003203033854179263e-02,8.744327907160448846e-03
7.834097441065571155e-03,5.452352343790443749e-03
2.011457603992349377e-04,1.607514654955231426e-04
1.059175009184018107e-01,8.265405475198066287e-02
3.280506357338675710e-02,3.050079932714567371e-02
8.670069770220055175e-07,3.914507086126468058e-04
1.172523564980263305e-01,1.127667591050841578e-01
8.896194441064504688e-02,8.324799313930388023e-02
3.074070600677089940e-02,2.185421973059817335e-02
3.271822336468573900e-01,3.103480033195208931e-01
1.200411617497890854e-01,1.138174963465160144e-01
3.048321266970279234e-02,4.160541008065766350e-02
8.509196888787058655e-02,9.610149755883166944e-02
1.335694364395772181e-02,1.390348474666384254e-02
3.995504015067652959e-01,3.778481381288483210e-01
2.730575913731854779e-02,2.841024642732212918e-02
2.345925856989052316e-01,2.470221605410009291e-01
3.136628480412833458e-02,2.859746418253998612e-02
8.730525104368362654e-02,8.367861846565494144e-02
5.199344986173317501e-02,5.932400180518948574e-02
2.659702270055382817e-02,3.254539094601915233e-02
3.492869965250785559e-03,9.297152975915646406e-03
5.140129927957092469e-04,3.067876525026337815e-04
7.258672358298810801e-02,7.182276680611347774e-02
4.365446469869514734e-02,5.363784259798463905e-02
9.212679433947859294e-04,4.640026920384542996e-04
8.709464326953249291e-02,9.392591843687848885e-02
2.374404892737171785e-02,1.820056516445971509e-02
2.218630897159913629e-01,2.260142984704403835e-01
2.253061994457422890e-01,2.086897748291512422e-01
2.471868387818292045e-02,2.574908667315843266e-02
3.288539154688378818e-02,2.057295553917447631e-02
2.281534307882145673e-01,1.781758927705969775e-01
1.716609323453910929e-01,1.492494083372015723e-01
1.549335196604094585e-02,4.070387584851717366e-03
4.384787568490629669e-05,2.292485781515320079e-06
7.913419314358504167e-03,1.187332020778317059e-02
1.265220003852499109e-01,1.337044067053496377e-01
3.112676164057619904e-03,1.311970588304162090e-03
6.270593723037735934e-02,5.633433216097252089e-02
5.659886139078185163e-02,3.850805725155310999e-02
1.787834035492874285e-01,1.851690546527966774e-01
6.533836653166119612e-03,1.056752384917400422e-02
1.383315009636121198e-04,1.482539561568283577e-03
2.529778019031111297e-02,1.667586489082808349e-02
4.688084867412752044e-02,3.297896902058449625e-02
3.147230486089502149e-02,2.965613722055665882e-02
3.275803091677089579e-02,3.213289223028507891e-02
1.500587261047443702e-03,7.895875272923375205e-04
5.721467834396974303e-03,2.859493229079372069e-03
1.605329578427786008e-01,1.821394248084542422e-01
7.037445692489795179e-02,9.064617361733422196e-02
7.596580933308820331e-03,7.286486623933996487e-03
3.476497424043303863e-02,3.141698088305521636e-02
1.058341142251476436e-01,1.187526696868799053e-01
1.837870826301065200e-02,1.177940705582078244e-02
1.843084876228077984e-01,1.663418700472736877e-01
1.312103121528755412e-01,1.260305702517593440e-01
8.013399369346661805e-03,7.741661390413304492e-03
2.141314218830949190e-01,1.871284954794280864e-01
4.923451363104214967e-02,6.255690276629116697e-02
3.767473925051819522e-02,4.884460348529488793e-02
1.519981525991351799e-02,1.592759888845552904e-02
1.188618082426423639e-01,1.108498815443225288e-01
1.954727031288733541e-01,2.126670243034754215e-01
8.575288634630864881e-02,8.553857079697212151e-02
2.114940430317212988e-02,2.825490130967485067e-02
7.036811925607198114e-03,5.084214337809663149e-03
4.297100335315971048e-02,5.960170432427404352e-02
4.328864682575846862e-02,2.838634034563431580e-02
1.654660155978632426e-03,1.653408287999988688e-06
1.311550297607937399e-01,1.447985437315246204e-01
1.347946115972832181e-04,6.284735849307850671e-04
1.394522825762053719e-01,1.470959738004257722e-01
1.538834691315176667e-02,1.735040669390456453e-02
3.861495399226434061e-02,3.963143715087829450e-02
3.443323998546161668e-01,3.513481476133032966e-01
2.159075829728017784e-04,1.950581329731395405e-04
1.224315741431959183e-02,8.799043665889278928e-03
2.872732370569175062e-02,2.135803941541675188e-02
4.967407247352072230e-02,4.534807192973369649e-02
2.634928129817944997e-01,2.818378827396056385e-01
6.203405823920250545e-04,2.274685099734420190e-03
3.210283268276291624e-01,3.731909977991618721e-01
4.267120541455404932e-03,6.337465482633062447e-03
2.964402282003268940e-01,3.049135599797042073e-01
3.485666623937042075e-02,4.540274076188818841e-02
2.146158593586632302e-01,1.759704462087863797e-01
8.272080659517521556e-03,9.221722353862742833e-03
1.907305089176287646e-02,1.533360476552616050e-02
1.263511796000113818e-01,1.399184246042153024e-01
4.654473828061467255e-02,3.840774502814477825e-02
3.576161534366034678e-01,3.721032537023977182e-01
4.398840448334095932e-02,3.078973447096454777e-02
8.349698556014495746e-03,7.620050228306370077e-03
4.507705908502340070e-02,5.390327469049235876e-02
2.540056004457255656e-01,2.622798011867447099e-01
2.081562737111389088e-04,1.360312268036612459e-04
5.155012280107433564e-02,3.848311537804725152e-02
5.613948997401343316e-02,6.659333985567476855e-02
1.196651425897904547e-01,1.211704667622695852e-01
1.655553642298970562e-01,1.649045052463531114e-01
2.386358287918078636e-01,2.483789175492461532e-01
6.158294881375804726e-03,1.502452659209605130e-03
3.216581801439065691e-01,2.771189856436096499e-01
9.896349464274453722e-02,1.247633148876589604e-01
1.246109526034277527e-02,1.041150740952622063e-02
4.052269529320705610e-01,3.806201882706770068e-01
2.399604127754615540e-02,4.496969451011303964e-02
1.022386810446398661e-02,3.968939999117898978e-03
1.673723157657271698e-01,1.641601382673395781e-01
9.403494082646524912e-04,9.785623018688310252e-04
7.143039168530371241e-02,8.178049773156914615e-02
1.875498016963033851e-02,1.535804999251883830e-02
4.839663762220612619e-02,3.933027336257755718e-02
2.032401285293974208e-02,1.668515577965444530e-02
1.788859919692547401e-02,2.064699521303723848e-02
4.467539281443374533e-01,4.056071639248853833e-01
1.885778249015459540e-01,1.935427534459138454e-01
1.427640171562701704e-02,1.753700348701010131e-02
2.826837223476803135e-02,2.362133285814061248e-02
1.451753795530177638e-01,1.295434135400415909e-01
1.158935971354098649e-01,1.179328471570603720e-01
4.841733535309424019e-02,3.319533345926561213e-02
9.169403467921077855e-02,9.177036573364349969e-02
4.577867866830013233e-01,4.731414486369684980e-01
2.979902945300561337e-03,5.328187905164006102e-03
5.803915043987452338e-03,6.598790118594818205e-03
2.306595001048979132e-02,2.712260971072188651e-02
5.167585172034012964e-02,5.308460879375336006e-02
4.978642081170814304e-02,6.305520171363986071e-02
9.160866193973433713e-01,8.720199551681407923e-01
2.065280529589387862e-02,2.735305860358937594e-02
1.112226967357218960e-01,1.000431065248647694e-01
3.549704565066308382e-01,3.824420543551675933e-01
4.884535996374240741e-01,4.413470988913147930e-01
7.858435140552771231e-04,2.376767041383557721e-03
3.883055386757089389e-01,3.541436682285005744e-01
4.430838215029017091e-01,4.491989970013776090e-01
7.864373914244415439e-03,4.379336152536069011e-03
2.688884900439946768e-01,2.507111214110064878e-01
2.703746172463456204e-03,8.662516676688190170e-03
2.673034503464992093e-02,1.723857441587236736e-02
8.044025292879940572e-03,1.429593879631981326e-02
8.450977903188197637e-02,8.069308305131810133e-02
4.553040161232937109e-03,5.587682495620536864e-03
4.239264157674941802e-01,4.766105781750988868e-01
1.236770794191768136e-01,1.270736553655032186e-01
6.414037056231640388e-02,6.523770917368934552e-02
1.070349307866946126e-01,1.019837298124595670e-01
7.457840390950502829e-02,7.897322219955270339e-02
2.900487510266192351e-02,3.687552203691601971e-02
1.000270468123480583e-01,1.186122755761143122e-01
1.297117308197668906e-01,8.372407001801986104e-02
5.276406783741872247e-02,2.929425386997471653e-02
5.880368018596524582e-01,5.881952135105203983e-01
2.327522837624392826e-01,2.395161297578268789e-01
2.653995888353459787e-01,2.437009780749411214e-01
2.678884136200913590e-01,2.618078364635815225e-01
2.583281604405344989e-02,2.736354538899359035e-02
6.501463890101245868e-02,5.507944536698808347e-02
2.183376381698777860e-02,2.148816796545710908e-02
2.886967163429134814e-02,2.285808615414476261e-02
3.681948027000851026e-02,3.513992684500820418e-02
1.440211692985371092e-02,1.306531471902198580e-02
1.560429983182163617e-03,5.150225137898812623e-03
7.744314330127613499e-02,6.784472681818927431e-02
4.638534445776950656e-03,5.489623801657969940e-03
6.069856381109681870e-02,4.821150518460491641e-02
7.527371797514592275e-03,9.004510992914997042e-03
6.996967883610090422e-02,7.334413195523660500e-02
3.121150562213078627e-01,2.984318797111240595e-01
3.573960944682264321e-04,6.082953592019997580e-04
2.897078431519471420e-01,2.610322066101345984e-01
3.478674502051653898e-03,6.210721107151996254e-03
3.174529149172049258e-02,3.839069207201697281e-02
3.545041223324604113e-02,3.402373857876340307e-02
1.277553008979345067e-02,2.245019883896322982e-02
5.239123914001921067e-02,6.882266872524839263e-02
3.155622481324916843e-03,2.365073496531176940e-03
6.026785204108887559e-03,1.999220148231925509e-02
1.120369928618798749e-02,9.880505251641484923e-03
1.627774288359172261e-01,1.690205171835375275e-01
6.742244080960907437e-02,9.036085426568420120e-02
1.445258588812160750e-03,1.746925254303302458e-03
4.496256523582650017e-02,2.581771691209185093e-02
1.977618822967641410e-01,2.186710062594006687e-01
4.525786212860829355e-02,4.499546981420367298e-02
2.442341924104204833e-03,1.806146100452615420e-03
2.873807147720615074e-01,3.404501175644814026e-01
1.045518495823543614e-01,1.073408546251034684e-01
1.305676270239438871e-02,1.888481976067273721e-02
1.168796774118680826e-01,1.082614660215519137e-01
2.026250180216568721e-04,3.203526984683037586e-06
9.884788550616723912e-04,8.200654765293240601e-04
1.720903237512342032e-01,1.685691635487245044e-01
1.161488159266107906e-01,1.161395845060746168e-01
2.728622894973807556e-02,3.054481196859364089e-02
1.199614248369347269e-01,1.020871788066288893e-01
9.520405630395564756e-02,9.271195547282469474e-02
7.664176189985483049e-04,3.598928720308675923e-03
2.260969731518227329e-03,3.694201861793523518e-03
7.396344877938181147e-04,2.636099161130454286e-03
2.264782372693595613e-01,2.082178934561769723e-01
1.588732656572346006e-03,1.234821007843898586e-03
1.120726642701485587e-01,1.114411088619123025e-01
2.682836582619086419e-01,3.242895024664574910e-01
1.871223668709219301e-01,1.839648230398835405e-01
1.523930818455065395e-01,1.218784383333265248e-01
4.652851024071524288e-01,4.421577113311390694e-01
9.031002163419130438e-03,1.991590408282821120e-02
5.667507208978366656e-02,6.426311319043070958e-02
9.265976121873392701e-02,7.592148413747791535e-02
2.731257121399750798e-02,1.935588058894286562e-02
5.644917981365275145e-02,3.839625800455355453e-02
6.133685320140298131e-02,5.864418124562659901e-02
3.811479210475915771e-03,5.475658854127843540e-03
1.068291021703101779e-01,1.118801845983695975e-01
5.008825034197865456e-02,5.102615096579696946e-02
3.768399716159283319e-02,2.452581799960388761e-02
3.056294446669407172e-04,1.972116129765224060e-03
3.769462385426551685e-03,3.022741620917457329e-04
7.692274018766441512e-02,7.165614133527740959e-02
1.300566541077725902e-01,9.937184350270301947e-02
4.942306695214271394e-05,1.223692362995070782e-05
2.778555511362549354e-03,2.979482948455399043e-05
9.990355050339559673e-02,1.110646186460569618e-01
8.304469952503163235e-03,1.399977580905058423e-02
5.478223052013775352e-01,5.403808248493608968e-01
1.286888014388463804e-05,1.251784580434631925e-03
1.082905614520990774e-06,1.214296523323147095e-03
9.404804146504470996e-03,3.564925532670956861e-03
7.564402977857281885e-02,9.953849233577566347e-02
3.618289540938647852e-01,3.410158486446484005e-01
4.420794605025241131e-02,5.283043844368389558e-02
1.036465516961715405e-02,1.106892775480289304e-02
1.522749607295509067e-01,1.771849798397349962e-01
3.975297089781698601e-03,4.359401126230040037e-03
6.052334942359598874e-02,5.719569689652900801e-02
1.846947326782112306e-02,1.485122228631303477e-02
1.744458466682164907e-02,1.876694442253659320e-02
9.049717870637102868e-02,7.706775840378704556e-02
9.296992368655186689e-02,8.681859943638194077e-02
6.087963884338896264e-02,6.571147044898950629e-02
1.814628565376175950e-01,1.761473569084880675e-01
1.625322100304142925e-01,1.696332551190685156e-01
4.959170141161785110e-04,7.355348285200542487e-04
5.832846260304693636e-02,5.731725210957756833e-02
1.562109072399679166e-01,1.683468816389590839e-01
1.561297536490327022e-02,1.115196889404523883e-02
2.275974026819568841e-01,2.457337236916001255e-01
9.596417934837712113e-04,1.708497864362426046e-03
5.205770276400597529e-01,5.708052906571081664e-01
9.949200592062126813e-03,1.080216125364910629e-02
1.921144410515919845e-02,2.267082686870961275e-02
9.587367533482362703e-01,8.807361573691989687e-01
5.379605953652728118e-02,7.493745188070652374e-02
1.966328298503086929e-04,9.643055316096281894e-05
2.657050419497508295e-02,2.539992124955431710e-02
1.527131488553481499e-02,1.699039526987246654e-02
8.928358486505646974e-05,8.902220801949116673e-04
4.922375878247677722e-02,4.222232134845823465e-02
1.585600674624158130e-02,1.969645577003678941e-02
2.926795826772741679e-02,2.636464599040775486e-02
4.967970592686393044e-02,4.311484100409537085e-02
5.629343179162991234e-02,6.794737372082544635e-02
3.492909505377952417e-01,3.434804316620598263e-01
8.529849235254802556e-03,5.006994568189172649e-03
9.286871570098453182e-03,5.087481751738665708e-03
8.599679474353184860e-02,8.660203082360012905e-02
8.087690782549733504e-02,7.321719867293766115e-02
4.243790079835055296e-01,4.410388620599891563e-01
3.562698555481546014e-01,3.774513684357834187e-01
1.063352024976494531e-02,7.837267433730621055e-03
1.198317034406576609e-01,1.431889306491208880e-01
6.628212783294942442e-03,6.853302542589739983e-03
3.850624050585503642e-03,2.092932930995486905e-03
4.378118652021741747e-02,2.926666941814563827e-02
1.623669281952066839e-03,7.364523681462787502e-05
2.492886964613550208e-02,2.663951707794557505e-02
3.089192823072801561e-02,3.188058579673139215e-02
3.978523310353366399e-02,3.609516180215787545e-02
1.520201128774217869e-01,1.374388536564032370e-01
1.536834301711811944e-03,5.587271894056481400e-04
3.438263191104892202e-01,3.741635129929751780e-01
8.343992257734435258e-02,7.972963010892893110e-02
7.288968428973262997e-03,1.126104849489292271e-02
5.555648611522499836e-02,6.129805433409366011e-02
4.542727944331437923e-02,3.410267999802028827e-02
1.683651912920060102e-05,3.204112242189107156e-03
2.554789682419115679e-02,3.100078842528879164e-02
3.011536323385867117e-02,3.655144994869271441e-02
1.654629951134706234e-02,1.922739534823690588e-02
4.012657162784942777e-01,4.203361508808459157e-01
1.012667580539396567e-01,9.816252712434275773e-02
3.126934450973599226e-03,2.925610390016708095e-03
1.241619020726760165e-03,2.082602794429885829e-03
4.080349148040455232e-01,4.315466259223474377e-01
1.905895255323247078e-02,2.223496928738994197e-02
3.562300243269927447e-01,3.667678477946874072e-01
2.534467848762064213e-01,2.589577453532861395e-01
3.002527130522301266e-05,2.318816513200183704e-04
1.602216185672617529e-03,1.147525224926434833e-03
5.715226739576135806e-01,6.406495078074025962e-01
2.173545929532204046e-01,2.210240533683041075e-01
1.330366222603987037e-03,7.059036353876720765e-03
2.940725290865049413e-01,3.028580905324673167e-01
1.286640784973209772e-01,1.743585632417718745e-01
1.696424992503608661e-02,2.213201729315922989e-02
1.746707841403576100e-02,1.932576046442744527e-02
1.911363079996360181e-01,1.615797715413383462e-01
2.014533379135586763e-02,1.533105361951006204e-02
4.564577454247810417e-02,7.331644531225267603e-02
4.090474619689773994e-01,3.904061181099064970e-01
2.707154301125559714e-02,4.115350556105330099e-02
6.830046907611725567e-03,2.785777889984453019e-03
1.621079851264099563e-04,2.277690287159596849e-05
1.568282083762845627e-02,2.178374053856261053e-02
1.630656055834986684e-01,1.757296240692501343e-01
3.764905744631486927e-03,5.865494621127703700e-03
9.567363889987304942e-03,5.550492663652967402e-03
6.723736878917237723e-03,2.445415975121365427e-03
1.278337163050626696e-02,1.173139342638644320e-02
2.770423589756456934e-03,8.958875580573337927e-04
3.465195209565992418e-02,4.329665296860684548e-02
7.365620248273305193e-02,5.373050857854162060e-02
1.726390431745499776e-01,1.601786883633882774e-01
1.822138918031283514e-02,2.523627946952394785e-02
1.240413985431904342e-01,1.369627593077334116e-01
6.946224423219585220e-03,2.169469938690027876e-03
1.307843048834329003e-01,1.338288020452121918e-01
1.721674747134558925e-01,1.891384277274471004e-01
4.323244998706844006e-02,3.617059792780363825e-02
1.542012569085275588e-03,2.364059208624504776e-03
9.500772875677525320e-02,7.729717663979424058e-02
1.107411958082453934e-04,2.905125041279947064e-04
4.520821135074659658e-01,4.525320398443913872e-01
9.763485031579727247e-02,1.395211081060886149e-01
1.712830044040941635e-01,1.608885348749922450e-01
8.232539902172372748e-02,6.864952569512589031e-02
7.555396168487846752e-04,2.295084196502153331e-04
6.862223360490718460e-02,7.149700538380254766e-02
9.142184222710203478e-02,9.959480845048093722e-02
7.089197507073146699e-03,1.310794592336019145e-02
3.467915762105104605e-02,3.429988442857778014e-02
1.677360147545759184e-01,1.489668109497007675e-01
1.043076804875351510e-01,1.214592830692216019e-01
8.397272136743680337e-02,9.803356523888084872e-02
1.048303383652337550e-01,1.121577792316434813e-01
1.450785060826738082e-01,1.507524627507668136e-01
2.755665955806722422e-03,2.395737715325516916e-03
1.686067847282662902e-02,2.027819428795959653e-02
2.313405613453548091e-03,3.342387075014937453e-03
8.392536583741722067e-02,8.889504550431673313e-02
3.988476867036443857e-03,3.167735598775559165e-03
9.688088004380143031e-04,3.406043649943052269e-04
6.530635340588444859e-02,6.189600561385891209e-02
1.131732879141618409e-01,1.172207974351123505e-01
1.570328935950864035e-01,1.498515984806700341e-01
3.419698241949945851e-03,4.401451598229911590e-03
1.470687380948558776e-01,1.397212385952118774e-01
2.918966489797111263e-01,3.153393156470311043e-01
1.764659960243254505e-03,3.090012260795413530e-03
1.650009657836283838e-01,1.700042567819941286e-01
8.109372213693111925e-03,8.527033366111736248e-03
3.854475655943184753e-02,4.619249158007970174e-02
6.720285503404112336e-04,1.546997572471718509e-03
1.497155368912074791e-01,1.513874343121361377e-01
4.815901772235718983e-03,6.364392819384369349e-03
1.321863018650741052e-03,6.150465665866101765e-03
6.453202680819583592e-02,6.541259336768882882e-02
6.010135244200877185e-03,7.618433925744335332e-03
1.948602711083228800e-01,2.550098598053804344e-01
1.027392876371503075e-05,5.079254647233667763e-04
1.334216814692541775e-03,6.052403765130305504e-04
1.650454784846187573e-01,1.350914073734248710e-01
1.750465736142433823e-02,1.618780992349264786e-02
4.085364767434209593e-02,3.144174022013892372e-02
2.082010812892947510e-02,2.929158517050242660e-02
7.805062430537919316e-02,8.547860957661959636e-02
2.137339341608169782e-02,3.023036728203078519e-02
4.688231460119744558e-03,6.231072552864309715e-03
6.292100719418554367e-02,7.702789810942224646e-02
1.139256680077744503e-03,2.671258774230909558e-03
4.916468168071074230e-01,5.355616027967391446e-01
2.125813117108098661e-03,9.724100797505775022e-04
6.027939300380722593e-02,8.021272001274570851e-02
9.694484980440299868e-03,6.020458160304236264e-03
1.974016572137273287e-02,1.397199331992827857e-02
1.551539926076414989e-03,5.145606230298224552e-03
1.491065068045492603e-02,1.912362124276101305e-02
4.026072957479456815e-01,4.204137189920861273e-01
1.916904833162675070e-01,2.179074308811365379e-01
3.208428441314274682e-02,3.838536580599020975e-02
9.143459408357760415e-03,1.017755318723518286e-02
8.656367624696218246e-03,6.498522708870991919e-03
1.352277276548223828e-01,1.305325090792097131e-01
1.213776319367764964e-02,1.017986960788196289e-02
3.177787508268992221e-05,1.364713837423052814e-03
5.612992012034817568e-02,6.590086510739130710e-02
6.262201221282563679e-03,4.856790790442039665e-03
2.344090915932109942e-01,2.789548928378470238e-01
1.002478753992277344e-01,8.214855472176524342e-02
5.277815503340048675e-01,5.107731902079560848e-01
7.640858863785198254e-03,9.171281854537612424e-03
5.805201021941841510e-01,5.687172567068393692e-01
1.575064452443999084e-04,2.644469811284927896e-04
6.334874302347784283e-04,1.500428526992839416e-05
6.275841703900100765e-02,8.110355566663619842e-02
2.502230116975514770e-02,3.591331280982277413e-02
2.722723746125070288e-01,2.443996462540787284e-01
1.567719313794675162e-01,1.517821229489753065e-01
4.750694443538302190e-03,6.693443645697111540e-03
5.655113375805132479e-03,6.488167771874987083e-03
5.643052610760376092e-02,6.046673371215398329e-02
2.226303936788975521e-02,2.158521691815528526e-02
1.368931508317500212e-01,1.232995496955330006e-01
1.336895438225375321e-01,1.349288847311888861e-01
7.273561304237907699e-02,7.227568331651772204e-02
3.090382561277223855e-02,2.413647632009844127e-02
1.360722439095713755e-03,2.996720539633074363e-03
1.217930371322006357e-02,1.244560902804715645e-02
1.485319099955376143e-01,1.296284907262109376e-01
4.166365203092330105e-02,5.855923564043868934e-02
1.820410849663308891e-02,1.280071496323141426e-02
2.324036306313627398e-01,2.302676677279660022e-01
3.416666762944636782e-01,3.534690073958156042e-01
1.079305130396545770e-01,1.086178137282931139e-01
8.517522995170252742e-02,7.322554465106201338e-02
1.271634118649299199e-02,1.109020067620731208e-02
2.247050354002347872e-01,2.311178379971152441e-01
7.254874239349759502e-02,7.704990856331508930e-02
1.667835087686298304e-02,2.599936929620202952e-02
5.613030886568259881e-02,5.612096155525505420e-02
1.016776055417923773e-03,1.372537755159401979e-04
4.289527213011891660e-01,4.526793713145221276e-01
7.520243493842834054e-03,7.948394052555414133e-03
3.618258933160903301e-01,3.694886135474618194e-01
1.326655984151539347e-01,1.229604371659630407e-01
3.119383708979155644e-04,1.323205275368211564e-03
2.105381583944550152e-06,3.176847797716699992e-03
7.944635967692530512e-03,4.573814590740310666e-03
6.006590577714826518e-02,5.793604834722865943e-02
1.731826483843013076e-02,1.793473854552849953e-02
2.719380213506317201e-01,2.928920413801082145e-01
2.444138104338503814e-01,2.720618431334319021e-01
3.349831071331951793e-01,3.471461298366398940e-01
5.808353301867161950e-02,5.914970618984732170e-02
7.392929516975215581e-03,7.671011569113813516e-03
5.814203088158832050e-02,6.703440241313385339e-02
9.912582805780516260e-02,1.125899887480628220e-01
5.804871284249750983e-03,1.109046176644423037e-02
2.525072542295687950e-02,1.982160556460971917e-02
2.384696118996782466e-01,2.745874778362883406e-01
1.514881473633274567e-03,7.794705722890556306e-03
1.827081594901322839e-02,1.196918724848458973e-02
3.465947240945692689e-03,4.327931244062672989e-03
2.018557513103859391e-01,2.036275147245961148e-01
1.286904423330860470e-01,1.162396281279830801e-01
2.868208380464930957e-02,2.440893658955511220e-02
1.697097209498971398e-03,5.763717593225422360e-04
4.465790318590254909e-02,5.404233618184046267e-02
3.352426103906080285e-02,3.024367261246364846e-02
2.519407260629594192e-02,3.117676918663214031e-02
5.117737494453275006e-04,1.085344972315187154e-03
4.400980512831168998e-04,3.892847502252102382e-05
8.381047161885336882e-02,7.785438931374645544e-02
7.448794065103282735e-02,8.356864700494702480e-02
1.682415926537381796e-03,1.327107399428417538e-03
1.368000442029511897e-02,7.752504113611876323e-03
2.090098157183057498e-02,1.627972809714405000e-02
3.953584262688753653e-02,4.706794291700969884e-02
5.715256234452795181e-02,5.534357516976063512e-02
1.875143785222256609e-01,2.009880474065237344e-01
2.443662405516708845e-03,4.368874843787558075e-03
8.310376911268715916e-02,7.846155535685182814e-02
1.988294051738960788e-01,2.073837548153228405e-01
1.011171056184274053e-01,8.449310867202151909e-02
6.781376027951452334e-02,4.507290776720632164e-02
1.646739606711809245e-01,1.833119002573432854e-01
4.351420836158694794e-01,4.888001034260613387e-01
4.259756871276135226e-02,5.436514418344471494e-02
1.051985999256112581e-01,9.791039585889439734e-02
1.470937340255093484e-02,2.039950035242722726e-02
6.317412057532594905e-04,7.972655942132933883e-04
2.014687120798624442e-01,2.173720257247053200e-01
1.297059587981090056e-01,1.465240650149166046e-01
1.226152893461193438e-01,1.112872422195856914e-01
3.240487589732278517e-02,4.751659614354993705e-02
6.077539863439089399e-04,2.150144382677835267e-03
3.218603271233290430e-02,3.083412203117021771e-02
7.769634026056362885e-02,6.316079622977543995e-02
7.093014048555602857e-02,6.897012645317007751e-02
3.479653318774207638e-03,4.992202513914726150e-03
4.448416896466168141e-02,6.158033693075432718e-02
4.953232606783368186e-01,5.088534762875777107e-01
3.745896844326491884e-05,1.075947568174322508e-04
1.187143440023925866e-04,1.648628567398766499e-03
3.447838457528276668e-02,5.397012503737944750e-02
2.002343196422622096e-01,1.791278816276574426e-01
1.443206050106959036e-02,1.734447672313299202e-02
9.090911335533872627e-05,2.803214327032931170e-03
8.769773757144790072e-02,8.893123461542999653e-02
4.937469890551550722e-01,5.154336455770412995e-01
8.131658437020686248e-02,6.771715043613391050e-02
4.336028697861744885e-02,3.690330807685945208e-02
5.013859006593824946e-05,7.978597242421682370e-04
3.763015510969391908e-02,4.250153316943907494e-02
1.420423161760523412e-01,1.200620631989014753e-01
5.361993464381992203e-02,5.374611106188716125e-02
1.257104832879691880e-01,1.056230412488874809e-01
6.650473959562804016e-02,8.904779878477878108e-02
8.070476923306992012e-02,7.430026643508716444e-02
1.186258583826560117e-02,1.137559927611526793e-02
2.632373779837147033e-03,5.241838876761305098e-06
1.500143340654006875e-02,2.129660577768285878e-02
1.328437779277081253e-02,1.998632714544945274e-02
1.166836985659857329e-01,1.163218953411028073e-01
5.065526953607362229e-03,2.645915179170941524e-03
5.535463551173381430e-02,4.234061145279437860e-02
3.303380805542574516e-01,3.076362697754533304e-01
2.094679067182300680e-02,1.884454044964786745e-02
1.908625534202325891e-01,2.060323312143277352e-01
4.282023643977740310e-03,4.682249587622701673e-03
9.549356980452450294e-02,9.058446589721652620e-02
5.923886543376336716e-02,4.314469284488746392e-02
3.979744449655625571e-02,3.484740879908939520e-02
6.650645101378606372e-02,7.754210751801325630e-02
5.037957350450082694e-02,4.622581870042157676e-02
1.977036184349064973e-01,2.234853277419598105e-01
8.193091182801952310e-02,7.506693570675336546e-02
2.803500203735729570e-04,2.463021287771852055e-04
4.864079508534320251e-01,5.212501012121117938e-01
5.531672020949273127e-01,4.877849036924452597e-01
2.470088286338737067e-03,4.383680319862124676e-03
9.593860936497189754e-03,9.612174635909674983e-03
1.940108673096384902e-03,2.671810645617862280e-03
6.331500753023984636e-03,4.283581744099742607e-03
8.180872898186153375e-02,9.981042610469652299e-02
3.819312657123657972e-02,3.750607572177075411e-02
4.438366741459903730e-01,4.813443679350653537e-01
1.013868785430758340e-01,1.009697876626773766e-01
8.340591931147557647e-02,1.142546645639084257e-01
7.401037480837894256e-01,7.285013318697198814e-01
4.121948205614398182e-03,8.113159549778075491e-03
3.826259676598442027e-03,3.920472333482929138e-03
5.077753487805453797e-02,4.681632928562878132e-02
3.014842341074839595e-03,5.062982925368881941e-03
5.977681205163120071e-01,6.326006281337419601e-01
2.135595722314136136e-02,3.060596491206154721e-02
2.076021330970496265e-02,2.710339726478335626e-02
4.679566970031870388e-03,5.090125440212592972e-03
2.667490037439992911e-01,2.779520641827865068e-01
1.409523715969677625e-03,6.606144126542254748e-05
3.149631236549180202e-01,2.918229889434304503e-01
2.143724720389502958e-01,2.374938936458431127e-01
2.364385796461460423e-02,3.112496489599904728e-02
4.086109470215889411e-02,2.626179889588653796e-02
2.031708938040082367e-03,5.429173238128806415e-03
6.157938413769597531e-03,5.397224556183210543e-03
1.327667156873092447e-01,1.428455389483637150e-01
2.212582677370167686e-02,1.139479954280465425e-02
1.695426141446804667e-03,3.702624721947541091e-03
9.327736258195846314e-03,1.596984444100619724e-02
1.019272298380006180e-02,1.009826954362092431e-02
9.681414520011628888e-02,7.990291839432367427e-02
2.623251278545595255e-01,2.642191035444199643e-01
3.229004022507890315e-01,3.316235886401365240e-01
4.021262868625134768e-02,5.438349623706478786e-02
1.504254119462342110e-01,1.211472013710685192e-01
1.000221935418100193e-02,8.703668242877467612e-03
1.079719377154970267e-02,9.357604634590893991e-03
4.970977370524315778e-03,9.116775863194950119e-03
1.515772499883456526e-01,1.707060497755784334e-01
1.125378627090839606e-01,1.086557027425840427e-01
6.831173045233280075e-03,2.782997282256912449e-03
3.768882377191902222e-01,3.800037125722529052e-01
2.541519598950575824e-06,3.849445676388057167e-05
1.324650976105554330e-02,9.661669082454728275e-03
1.295269800658569326e-03,4.046430059799746484e-04
1.423094482374365755e-01,1.927435488998951729e-01
8.645364024279383885e-02,8.253730916415166763e-02
2.880542557200425164e-04,4.618636654097540230e-05
9.421340822626802017e-03,1.547138028293879378e-02
2.434332058231674853e-02,2.905789171960625195e-02
1.366763626184749544e-02,1.279981658612180245e-02
3.920078637382536368e-01,3.442728634916182862e-01
4.982959180466669386e-02,4.616925083822784326e-02
6.315956444840058470e-01,5.925045213277814193e-01
8.861875346079985810e-03,6.576765835839246815e-03
7.752059535548749825e-03,1.042707810765835900e-02
1.738728128980886189e-02,9.480964236765709180e-03
2.572885920887224009e-01,2.618731405293692749e-01
2.459457128980877261e-01,2.239951181939726366e-01
3.701393246078090501e-03,3.692609262888223252e-03
1.109077818711916019e-01,1.466189554375054716e-01
7.660099230455144625e-03,1.495087300532572548e-03
3.595096407005946015e-01,3.329428813955282451e-01
1.923255887046574145e-02,2.180700355315431244e-02
1.166090537258788473e-01,1.220382551667749532e-01
1.723697447916630945e-02,1.626057571141012806e-02
9.301527079564131384e-02,1.040197771639460173e-01
2.929815170012832048e-03,2.520135722353980187e-03
2.149922188973417692e-01,2.584504372900753855e-01
5.680614844235233607e-02,7.054299415348312674e-02
2.679350433523374972e-02,3.799900536097534920e-02
1.009410560913423099e-01,8.405206406554492637e-02
1.075874202853992490e-01,1.397952042257363248e-01
1.501360619213359948e-01,1.440678182873805502e-01
6.038834822670835836e-03,1.903828061203556099e-03
5.136697757222905003e-03,1.667826886651712411e-03
5.484260396638246382e-02,4.557790676026456794e-02
2.982055219836184448e-02,2.698062606966335555e-02
3.480897096390058593e-02,4.161922558362071006e-02
1.857107668270563654e-03,3.393934432523211617e-03
1.054176976805051326e-02,1.395029199131446289e-02
1.631452149866521525e-02,1.023914363204097948e-02
2.229652145099705537e-02,2.796030183559356647e-02
2.520527862230270005e-02,2.920964503624772640e-02
8.589306024724665534e-01,7.785517493214022533e-01
1.075775222630086514e-01,1.185739183428252408e-01
5.890238017882250482e-04,1.435211894090929804e-03
2.805608696418081527e-01,2.676019825508181849e-01
9.744955276796266378e-05,1.960816209129103159e-05
1.441411110196319685e-02,2.307092202322039501e-02
7.884684465104752071e-02,7.571787432280437102e-02
1.683733544845507635e-01,1.447413213229927775e-01
1.925282887526486714e-02,1.804678552028395749e-02
8.667342099137517741e-02,9.791194476436883287e-02
6.662239146279221036e-02,7.014427239020930294e-02
1.134490410885683614e-01,1.202504996345433869e-01
6.748464164273835011e-03,2.981680912988015492e-03
2.791070582647430312e-02,2.853054827860044412e-02
3.508477651167717787e-02,3.861223367403782830e-02
3.876768202219138537e-02,3.879211451415523482e-02
2.649135459353773800e-02,2.316968611271138026e-02
1.363690871083920730e-01,1.543365298722543244e-01
3.337286563159987118e-02,3.126112283737773889e-02
9.634150043356881632e-02,1.173456445816884047e-01
2.759729944671126048e-02,2.447255306066136241e-02
3.543378368640240361e-01,3.805659737614064952e-01
2.306363395816365611e-02,1.611825342446233933e-02
8.624225024552598096e-02,9.310639573169349203e-02
2.264281205281926113e-02,2.720204621958359145e-02
1.283107420442444468e-01,1.394710515023571684e-01
1.498702351620835940e-03,1.206486802751683806e-03
2.680863817785760217e-01,2.654736556277439430e-01
5.006057190618426467e-02,6.353007539203976706e-02
1.404738630368754793e-01,1.293265450536404126e-01
8.470125529317078239e-03,9.148923546305812865e-03
8.939362150948734764e-02,8.702146159598002362e-02
5.099951641932735924e-02,4.596548108455145859e-02
7.656994332631313072e-02,8.016779802652207465e-02
2.278128418616364240e-02,2.551041525522201175e-02
5.309413329391361042e-02,6.853621076948349100e-02
1.060149352752250973e-01,1.272883285456425095e-01
7.502220600873316797e-03,1.407501864577011437e-02
1.370574865489447847e-01,1.499318946789272577e-01
4.534058736996699479e-01,4.567531818005505784e-01
2.360617906061768245e-02,1.722879560492251994e-02
8.005100004987465712e-02,6.497605474114200030e-02
7.292912756113405226e-02,6.782131453912196295e-02
2.017319426797224424e-01,1.858398928466022393e-01
2.820064794380475193e-03,4.728844929031940304e-04
3.263106226647704555e-01,3.026538767758536475e-01
6.528407470404919144e-02,7.472915051007318621e-02
2.693632461597151445e-02,3.091896330914927285e-02
1.745844243906974780e-03,1.640482512451655727e-03
3.881038373780761833e-03,1.033795469820146182e-02
3.211032727836574162e-04,1.133762126878341782e-03
1.340804897887920913e-02,1.862515464913566676e-02
6.362288798366536602e-01,6.362836512694896030e-01
6.492226189655467272e-02,4.265709509351522932e-02
1.311754712998391970e-01,1.499492977676548655e-01
1.546983295766381772e-01,1.696742739392221311e-01
2.323732511809624771e-02,2.712344868384579041e-02
7.083848971782417958e-02,6.730409303642402585e-02
2.449147748974118619e-02,1.814208990829528981e-02
9.591507534374529203e-04,8.910493358268336671e-04
2.281679233484227610e-03,3.204006751044602939e-03
4.748594481166845682e-01,4.640308476583684394e-01
1.077403181919951540e-02,5.383454183461013065e-03
1.324442509753787633e-01,1.287669050068376564e-01
2.410681987085739122e-03,1.966899107647736896e-03
7.837209873665570699e-05,1.486264926959222378e-04
5.011683960398523041e-01,5.014310032010759199e-01
4.855302914572881545e-03,3.121695135457053846e-03
3.131405087349294902e-01,3.088278873335377761e-01
3.113945318047596847e-03,5.900030615185040614e-03
4.792600779218598311e-02,5.416751235611017012e-02
2.448016395078866578e-02,2.090606828598337921e-02
2.599821291130118839e-01,2.551988139158507529e-01
7.681703672593220844e-02,6.897381730533951039e-02
1.795969212710676541e-02,1.447933059549630537e-02
7.506366993498659879e-01,8.223401000388773641e-01
9.282414314630189900e-02,8.545611044575235349e-02
5.373132134144722755e-04,1.601533790767665794e-03
4.812802664498657193e-03,5.485252349881072388e-03
7.123050835607164233e-02,5.241715491122156401e-02
8.875525460171671379e-04,8.558044750062670071e-04
9.607141106706752406e-03,9.195571621352018055e-03
8.529987898975203986e-02,8.301261892736384873e-02
2.120797319848553575e-01,1.755420566021978213e-01
4.655562922400535746e-07,3.843039362145796124e-05
5.979102049670575840e-03,4.807509749867304276e-03
1.171345789305306513e-03,7.961198739981611419e-04
1.808102079139537188e-01,1.735862669917187517e-01
1.545015713910639632e-01,1.888218768548010074e-01
2.364215242290456931e-01,2.090104626503219432e-01
3.363797074253124884e-03,1.601941895339385486e-03
5.600371100127029406e-02,7.128222082457898179e-02
2.525834389448540943e-05,1.691434714813231516e-03
2.892647527484201175e-01,3.337376569314448038e-01
1.816847429706578421e-01,1.863742389095269236e-01
5.734122408759161071e-02,5.398925198638482997e-02
2.848943749431802688e-02,2.910817015681255865e-02
7.174938316029948193e-02,6.133866131338711752e-02
3.872134282118815801e-02,3.905687949203700410e-02
1.821765734093983014e-02,2.319918716552505852e-02
2.256672698478260145e-02,4.028432917269713504e-02
5.305293989817047758e-03,1.208196162404153416e-02
1.139196608171420821e-01,1.328466609789060726e-01
4.405210731792048584e-01,4.641797601109752258e-01
9.604062313839058923e-03,1.104152235925548106e-02
1.451175825347461867e-01,1.363518276129914164e-01
4.537450362778820169e-03,5.612415324698881436e-03
4.470278782233343476e-03,1.462986537462433604e-03
5.135803045766140426e-03,1.286027136841338611e-02
1.115712161294448584e-01,1.294056135258654927e-01
1.371899041818548182e-03,1.734892657183038488e-03
1.469817353269599986e-03,7.985451447810859159e-05
1.453676986158592144e-01,1.909418614365766820e-01
9.371825880226916650e-02,1.200552098224986625e-01
2.272342373957733641e-02,1.479219256562337714e-02
1.653967675816049587e-02,3.208991688500018036e-02
5.941327829802004606e-02,6.380358840508211504e-02
1.259556507939792007e-02,9.420852663159055840e-03
2.830665625962750301e-02,1.984895955434771986e-02
9.813553413904063660e-02,1.066930356345525271e-01
4.523423965373129380e-02,4.170967152826158403e-02
2.200083552646993693e-02,1.747461126235000037e-02
1.076759741459647202e-01,1.102518795441716076e-01
4.556626623316638314e-02,4.069595719582797672e-02
5.237723473876579588e-04,3.576911954160640582e-03
8.091069215010410209e-02,7.402284267788734884e-02
2.333391325073689085e-02,3.042851257122942965e-02
7.453120962790887871e-02,9.746330858606634673e-02
3.569119162212379404e-02,3.290712535504339287e-02
1.362331600924115149e-01,1.341600451125534721e-01
4.576809328275786154e-03,4.679149130312705573e-03
1.379546321642414475e-01,1.507231570992491332e-01
5.201816013341804823e-02,4.211052471034987255e-02
2.424074911489727899e-03,1.449633463431979508e-03
2.810408414371255367e-02,2.930166407973135503e-02
1.254425565364111761e-01,1.228727937097944672e-01
7.237535831979753122e-03,7.078081492598830606e-03
6.540131810211874397e-02,6.699039960122980808e-02
2.619867807673023075e-01,2.465142207093374838e-01
1.129303579421747292e-02,6.147257447394739033e-03
9.286559038443609193e-02,1.171371987659291514e-01
3.830623684564195969e-02,2.719101002972241360e-02
2.340150428362159155e-03,4.848579344870681813e-04
3.194154553491102000e-02,2.937792007882523634e-02
2.019170093138640543e-02,2.925583336937803702e-02
1.886844344517474847e-01,1.628066485560378529e-01
2.304464090574585566e-01,2.247175520515322378e-01
1.933489133591281273e-01,1.795239971039977733e-01
4.154292781050672456e-01,3.941414631103472010e-01
6.532087636156801158e-02,8.066100224765569704e-02
4.351260009213278601e-02,5.413048708954690258e-02
1.602862471175185710e-02,1.585356683596555669e-02
2.140576728704762788e-02,2.589046062400011255e-02
9.337388846380402507e-02,9.548693034943510349e-02
7.001524983272001956e-02,5.339469754869827223e-02
5.590473284611822274e-02,5.982598882280135144e-02
7.274214154458173882e-03,1.582516651656542747e-02
7.345490738190084412e-02,7.486106925786867317e-02
4.724960735268970979e-03,1.177576736679438602e-02
5.680111148840626123e-02,6.561754374535612444e-02
3.568327296838644941e-02,4.735631512248581615e-02
1.471991907955660095e-01,1.210080981168324271e-01
3.241338182912232857e-01,3.077598584359989564e-01
6.150347151182769534e-02,6.620665647709417234e-02
2.840249656796455802e-01,2.449530942167643666e-01
3.417105754771089521e-02,2.467227777576511474e-02
3.789305356641423095e-01,4.202533865899581444e-01
8.521320679897845252e-02,5.952624554035668147e-02
1.439810545380074414e-01,1.522364203804947302e-01
2.801917901910418868e-02,3.256770317495102235e-02
4.568182359027141148e-02,4.875273288268064387e-02
2.447602306657416932e-02,3.004082706477216244e-02
4.001333200291359860e-01,4.521195361515858990e-01
1.826425636388732954e-02,1.992056827654702447e-02
4.018858007838355118e-03,6.486652010608094134e-03
1.621389862240615485e-03,6.461447947380796254e-05
3.355398197511495068e-02,3.201772110350017964e-02
1.845158538151341412e-02,1.452878246695383548e-02
1.199514695832091804e-01,1.139875922590485036e-01
1.860380119853409231e-01,1.953624781576995539e-01
1.375491446557169928e-01,1.456129953965280832e-01
2.881906654376134060e-03,4.238924054800673365e-03
2.284492760950489199e-01,2.733412657933086964e-01
4.797469740814652196e-03,3.455952792995354260e-03
3.063126290889591277e-02,3.349240152315037522e-02
4.545176676646645042e-02,6.122769886331144717e-02
2.182066955667267827e-01,2.235868899178254376e-01
4.741351689766729605e-01,4.500019893575737950e-01
1.665701540188082308e-01,1.587194078830855559e-01
2.291874903310250552e-03,2.699969710684016824e-03
8.500847776501722908e-02,7.448820132434427754e-02
1.761518605724864683e-01,1.859774943195929287e-01
1.006926550419357524e-01,7.797252089501695294e-02
2.675806082007090980e-03,2.163506640650111890e-03
1.089194845314602894e-01,1.159282993068452977e-01
1.239279955482336295e-03,1.701105275908273940e-03
1.135538322873082609e-03,2.257239075217730775e-03
2.111419628909151636e-01,2.143450482749204578e-01
3.953955021387358520e-02,3.512301338035166143e-02
1.708805417489151768e-01,1.659361073513453133e-01
8.668992035097616150e-03,9.291469731157983233e-03
3.967028242877812527e-02,2.498151406822987988e-02
1.851522637498216051e-01,1.849647239241514196e-01
2.906205763516751372e-03,2.121123526129222369e-04
1.907533031527407566e-02,2.141878088781583311e-02
1.473816588255096316e-01,1.624253058338833711e-01
1.201901111871440386e-01,1.335668095077901796e-01
3.152505000318120976e-01,3.042803632756393428e-01
2.459134246124740786e-03,2.573132329396144585e-03
3.337800239656176227e-01,3.270925832625176666e-01
1.024148431948909699e-01,1.024171085026781280e-01
9.046318901106411518e-04,1.158618087093796065e-06
1.881418730524118260e-02,2.597978395192125645e-02
6.665340184187998340e-02,8.601583967002110476e-02
2.012318058840143723e-04,9.720729396040807789e-04
1.970264640211062956e-01,1.991978148007073346e-01
3.913029672945671500e-01,4.013469780215386806e-01
1.631770416259693812e-04,7.411864331698653349e-04
1.728619334212436534e-02,1.312789340387789452e-02
1.473116007832510690e-03,1.164558255827435760e-04
2.331323686051697264e-01,2.821039286811679037e-01
1.478404296498156238e-02,1.206613125731646578e-02
1.515230138608139425e-02,1.307577364463092563e-02
3.235604163424087715e-02,3.865994106013295045e-02
1.676873299498189349e-02,1.227007361300077280e-02
4.678586088943386123e-01,4.507285038233724839e-01
7.882703222582031211e-02,9.205370832773393519e-02
5.660621711983365723e-03,5.355566552727065478e-03
4.415780732088208857e-03,8.262027818497664090e-04
6.889285625582919001e-03,7.327219232028774065e-03
6.251285600136952114e-01,6.341271297261378281e-01
4.721157881709347158e-03,3.392893889965957824e-03
3.071858167812953067e-01,2.926929587509002340e-01
2.823985819724798840e-02,2.159933799450425296e-02
6.611384464452493837e-02,8.208978780230613559e-02
7.193573943195080700e-02,7.814587934258133972e-02
5.850361785699160350e-02,5.083760380092221948e-02
4.299025159624698977e-05,3.413944559160383388e-04
8.178607856099968931e-02,9.369932130954322647e-02
2.699461318223340123e-01,2.681771959211821654e-01
1.445305766900411779e-02,1.149159123883508951e-02
8.516021014624484964e-02,8.956425783254982897e-02
3.889844789400232483e-01,3.674330332665846077e-01
7.778378926981815988e-02,7.502872481637586077e-02
6.885983408652337698e-03,7.044281872482283796e-03
6.092764493078374650e-03,3.650704322954809004e-03
4.286721799811561012e-03,2.968281242054097383e-03
1.956061001665735863e-02,2.184478774938184917e-02
4.634755411559197480e-04,1.062312342142241801e-04
1.262382043083125219e-03,1.174144164047995686e-03
5.165849748650544471e-02,5.117071802157265731e-02
1.436048861900299511e-01,1.522338059405603794e-01
1.051319106281147116e-02,1.809313793871687726e-02
8.523370845978371938e-05,4.498341108368278200e-07
1.843627878087945315e-01,1.700984918632829634e-01
7.106576009345133560e-02,9.113499304929369160e-02
1.683901301859952460e-02,9.608232169853909987e-03
2.717658812809947699e-01,2.915535321824057058e-01
5.431866097637104429e-02,6.382734969811969250e-02
7.415504428332701792e-02,4.456208789148358856e-02
9.362135516066258378e-02,8.052193159744044926e-02
7.274107786779377034e-03,6.969673565911604050e-03
1.694869819427045551e-02,2.170717152553869669e-02
9.554396597918984879e-02,8.828423357118056480e-02
4.982461674468104118e-02,5.448364677327186684e-02
4.279406968802987321e-01,4.717100970041512853e-01
4.005711201384185571e-01,3.522231505854699907e-01
6.575398729244767704e-02,6.348074860671752695e-02
8.355016104839900482e-03,1.202398977546854063e-02
2.811048530346862626e-02,2.164546516380787960e-02
7.742265708063228447e-02,8.576515111002741554e-02
3.418794656788305686e-02,3.320478471455632491e-02
2.763746952813598504e-03,6.505482929878334908e-05
9.730756360505361802e-02,1.012424640687681759e-01
4.375722188076980324e-01,4.073350422800142701e-01
3.860975483978541095e-02,2.540294580954753287e-02
4.956564018234493885e-01,4.420991421728385218e-01
1.387048675146020094e-01,1.253724733882375653e-01
4.545547308731636704e-01,4.568867228879719411e-01
8.912885061570557932e-02,7.831089095129051270e-02
9.343972861462455926e-02,9.975367592083672630e-02
1.615038062411600639e-01,1.458875401061928145e-01
1.335463427460627066e-02,7.941394909588627565e-03
1.534610539701263335e-02,2.020712111378581213e-02
2.208609101084057624e-04,3.774031391928548925e-04
3.053512627349324049e-01,3.060040972521718139e-01
1.906146232725402512e-01,2.070050493286017257e-01
1.486862737648354527e-01,1.585135806084077836e-01
1.205266523163147779e-01,1.074099543836612297e-01
8.867363827514371244e-02,8.727863551942020848e-02
7.458060746664971208e-02,7.451796007821216705e-02
5.322791577452377909e-02,3.899032726519750802e-02
6.637368463213523528e-02,6.873974819440017980e-02
7.820414472537732392e-03,1.102144348398080044e-02
2.241871874793894062e-02,2.066855254735503605e-02
3.094205112381930023e-02,2.622411524560275611e-02
5.881085877121145639e-02,4.667344395567632476e-02
2.112371193392258498e-02,1.852251761934655891e-02
3.080904991752321954e-04,1.585912936054668778e-07
2.697186956339380073e-05,3.642255529929146467e-05
9.716417690130886174e-05,1.304447625177719951e-03
4.788193051641774132e-04,8.956569987104575324e-04
1.707581490721082895e-01,1.751307371653719469e-01
1.260235505113754539e-01,1.285283591258962466e-01
3.963764871460516148e-01,4.005286275989616840e-01
4.221038399896648308e-02,3.383655953836511854e-02
9.516451093800030354e-09,1.410460148203537866e-03
2.549868587686269783e-01,2.521651480197397155e-01
2.240929738147131867e-01,2.181017987582250239e-01
2.291606567740169412e-05,2.860438136427628504e-04
3.535980637051661102e-02,3.904515682633511592e-02
2.989362924724429590e-02,2.362564787872960953e-02
1.521146375875496448e-01,1.562485198953070809e-01
4.637285277176732973e-02,3.773929690674832083e-02
4.787357979523022555e-01,5.172596794116128827e-01
2.162894725103604518e-02,2.537065812870202552e-02
7.693312384219983414e-04,1.101804712826360720e-03
3.784674413235805516e-04,1.728834000146083560e-04
4.479067502993117067e-02,3.478790211009239602e-02
1.248966506458677878e-01,1.267644382309774387e-01
4.037749852821150703e-03,3.186056888657344804e-03
1.551490651132569343e-01,1.616364381027356190e-01
1.035166937583418684e-01,9.734976058169567126e-02
2.842388425377875283e-01,2.846319831005880152e-01
3.670035408514936599e-03,7.912713194667690859e-04
1.801353529171723436e-02,1.974160238432795880e-02
3.313873620347147650e-05,1.946884137564522873e-05
2.040953957891113515e-02,1.534494099777183179e-02
1.173697255473841702e-04,8.200340558488854081e-06
1.015043530126886473e-01,1.139771993000657652e-01
5.660947604914634383e-03,8.291511432617502259e-03
1.259497103774644090e-04,1.295120839040126955e-03
1.743611335420368336e-01,1.550635840797459364e-01
3.228490826090298083e-02,4.788153847298940585e-02
1.947927994453969025e-01,2.111783026194660462e-01
6.878104765403653120e-01,6.979900207981231119e-01
4.154361339228297700e-02,3.535309236352363049e-02
2.650889472178639527e-03,9.185208491527830635e-04
1.262732716805413657e-01,1.217238502211088619e-01
8.923073775047149492e-02,1.141476587688474847e-01
9.879648500138919764e-02,1.118002060676385884e-01
1.419699397918353645e-01,1.503158657237251283e-01
1.511690665903634475e-04,6.398381279725949729e-05
6.959873380997834424e-02,5.641887564347927014e-02
3.690927007473201460e-01,3.656461293763580422e-01
2.265653690861224034e-01,2.116592091814640253e-01
1.188263560743122033e-01,1.198225947099454958e-01
3.573602057969278017e-02,4.812177462619145890e-02
1.687161065515152200e-02,1.795326740763806758e-02
1.255591979714359430e-01,1.395826320335832038e-01
2.613685806276655477e-01,2.583164953849359513e-01
5.027709162842198924e-03,3.231480596242374166e-03
2.029047463852240094e-02,1.499305294236823356e-02
3.318126118665328667e-02,3.718914553978873438e-02
3.404203868506266439e-01,3.166021778093270900e-01
5.720959761315969755e-02,4.503214901753404414e-02
2.579052953139503862e-02,1.949080359231619361e-02
2.688530269566775099e-01,2.707475802931576525e-01
3.482510961113414322e-02,2.929423662758508587e-02
1.015383257527541078e-01,1.060640957863703132e-01
3.477474571223601596e-01,3.466597261007813846e-01
2.008843768661775775e-01,2.197133585371653652e-01
2.525545758715759814e-01,2.507915945859378049e-01
2.197935956968434523e-01,2.095214841447465004e-01
6.495722442009897735e-02,4.708543447612547478e-02
2.264705316476402566e-02,3.042603971903596813e-02
1.295521714717360329e-01,1.387138343620285263e-01
2.325551213249410776e-01,2.390030791601746307e-01
3.044918426738169037e-02,4.649219101870166043e-02
8.835763641426745973e-01,8.948792828639083874e-01
1.017546081519533768e-01,8.056701121015219513e-02
6.017260248671480079e-03,6.158382010840723723e-03
1.122329949318488923e-01,8.518797303970510049e-02
3.295670555139393332e-03,2.184839718829082247e-03
1.854583297522415566e-05,1.890444877916070483e-04
8.808295322941675845e-03,1.021183328063899817e-02
3.349355098320084267e-01,3.679906307192070125e-01
4.571650363427873232e-01,5.179618514650042860e-01
2.994353460009506473e-02,3.582257898978419286e-02
2.985178538797065347e-03,6.981512176087907324e-04
1.596811694636618983e-01,1.621424200246664449e-01
1.623710618824278362e-01,2.093764121324987182e-01
2.235063135742353688e-04,1.122489092170542797e-05
1.426373782508175495e-02,1.295786983271818120e-02
1.853638694386089969e-01,2.175201647510978387e-01
1.011415152196589937e-02,1.209946469596723424e-02
6.224427178642033542e-02,6.960740844008077299e-02
5.025372447177543431e-03,9.471891995307778547e-03
1.118834196147081156e-01,9.222208330000784826e-02
3.097479346674748835e-02,3.030868217244493332e-02
6.077935908350210609e-02,5.603211699180801059e-02
2.374967086801708371e-01,2.086787970242334755e-01
1.591905431777193005e-04,1.243128891130788004e-04
2.340455302323980052e-02,4.054511719551628229e-02
1.544545690527316939e-01,1.310264176838275840e-01
1.919751645627477410e-01,1.981319199522890429e-01
1.905344870681433206e-03,2.742301317677246428e-03
3.921789224876423563e-02,3.878493542978910663e-02
4.545610516762029277e-03,3.103816546533060255e-03
2.608288078492623766e-05,2.069023683454137869e-04
1.912238074756696452e-02,2.525407316937594918e-02
1.954463914349944967e-04,2.572786573962488786e-07
1.064366959408952424e-03,2.907115970513945730e-03
2.497302258715077827e-01,2.761341288456228282e-01
2.111098207305924304e-02,2.438820740324526212e-02
3.637051984419500950e-02,3.354655313065864342e-02
6.419116493379500854e-02,6.717673510609034615e-02
4.219903619494800862e-01,4.223249396451382864e-01
5.729174335737406698e-03,5.309949794661661567e-03
3.659714010314143312e-02,2.760778777487903415e-02
4.655144998294000885e-02,4.383194227064082099e-02
1.821393001194390737e-01,1.892396379306852672e-01
6.047324797166505478e-02,5.198643518848957562e-02
1.482526467124543612e-01,1.358327837836977858e-01
3.654618330543197430e-02,3.965544438658585163e-02
4.398833321111320083e-01,4.136602834831747399e-01
3.351788842376072775e-01,2.707900775314344144e-01
6.059653867684600126e-01,6.716024085376928188e-01
3.125436763851784094e-02,2.449146740774869185e-02
1.032327049287709055e-02,1.256961828492729298e-02
8.598103083513818426e-03,9.459235645952078150e-03
1.046650804270988083e-01,1.077179248901477676e-01
3.121227494277673681e-02,4.636919283847568130e-02
7.019853943018224129e-02,6.179359890799628052e-02
9.875351476885419269e-03,5.660918729594208859e-03
8.053586594448106572e-05,5.749315235225937537e-05
2.746989873692310957e-01,2.623721014953370734e-01
3.045601062285802421e-02,2.093489520499076245e-02
1.629827841629152363e-03,6.061841378899266450e-04
6.515896092618779500e-02,7.908503636931910052e-02
1.369560482541054836e-01,1.292716977868891837e-01
5.119986857807596464e-02,4.986067979980944587e-02
3.072040429804934886e-02,2.474998674397498738e-02
3.257683292069175063e-01,3.503771820449662067e-01
1.657625852114436305e-01,1.559270984771813917e-01
5.039781758395602516e-03,3.367663328306900235e-03
3.426209924959067177e-02,2.828578262739463167e-02
1.430299701333478165e-03,1.424716071473022946e-03
3.477828238292487821e-03,6.433566795122736687e-03
1.698373290627597546e-04,1.268723569524288924e-04
1.144878320723416139e-03,9.530391080492595698e-04
2.043016782504161744e-02,2.870559990944352574e-02
2.526548319255342637e-03,2.014451410645312895e-03
4.072243334955459766e-03,1.943665102623152400e-03
1.952124895141003208e-02,1.457614082268300984e-02
7.888335867585941075e-02,8.758069440814168771e-02
1.553573993495150837e-02,1.576451813928045342e-02
1.337262145905163957e-01,1.160010364884807438e-01
1.811066220064938906e-02,1.638889243266189108e-02
6.071103205060447011e-02,5.235478501154167824e-02
1.847145052769559939e-02,2.578774505918072016e-02
2.010120230905615146e-01,1.750641603832295001e-01
2.586510484509074378e-02,3.142853754192743987e-02
2.302887096627607294e-02,2.238069372359926049e-02
3.191922752621859788e-02,3.626928158695483240e-02
7.859509948341721758e-04,3.036758736185974348e-04
9.549158078961231255e-02,8.036988242870715671e-02
7.862530629949060490e-02,7.473084525519213539e-02
1.011491265433108952e-02,1.120446244525452432e-02
3.964409432723327575e-01,4.544490781175267169e-01
5.144566480516891971e-02,6.731865164418467107e-02
1.705775781253997536e-01,1.458780109052223439e-01
7.996341989523335358e-03,1.202840025090745439e-02
2.376142512134190796e-02,5.316629542251054621e-03
4.910848099976529435e-02,5.561597425512073561e-02
1.403520483774882421e-02,1.997827222997051663e-02
4.076910970390160704e-01,4.217345281664334755e-01
8.446850981150762216e-02,8.720181206231843174e-02
7.583024636069650437e-02,1.005541528683444596e-01
1.370276729660900028e-01,1.359865568605012343e-01
3.032714800351209994e-01,3.076719425062229840e-01
9.473547130667753224e-02,9.592216250132921951e-02
1.905053570053895362e-01,1.975118919886001412e-01
5.303796897575550201e-02,5.410938651692074469e-02
8.334761604934648590e-04,3.934062901267554725e-04
8.748541349891719721e-02,9.821150968389956437e-02
6.100958761172441342e-04,7.552686385505248136e-05
3.000095955288247310e-02,3.377881188487393688e-02
1.716798067044521606e-02,2.114984439051035767e-02
8.505941039109248328e-03,5.639603553610193255e-03
2.779179185652588119e-02,2.419572781013328705e-02
1.310294301937729722e-01,1.364886390141949180e-01
3.484941585000520675e-02,3.145966708270157841e-02
1.866857315485536545e-02,2.475183029326357212e-02
2.196053906038277631e-02,2.470306550796864606e-02
1.672047367758382197e-01,1.310997772711899323e-01
1.012039859736746233e-01,1.047763908556107321e-01
2.283679427562790298e-02,1.564067509828032110e-02
4.161055782240978551e-02,3.404998989965589418e-02
3.815008012156047568e-01,3.753970575101046037e-01
1.049803499516616979e-02,1.193755929495429052e-02
3.556700569675219636e-03,2.325708183905417486e-03
1.338507067136434281e-03,5.638750768466771653e-03
2.056553140935626911e-02,1.853634935983527673e-02
5.507015099635415674e-04,1.181890159438321136e-04
1.082044867940012284e-01,1.239395808711779567e-01
1.361785530459778439e-02,1.209387434179083447e-02
2.773928503025994974e-02,2.955296053773371137e-02
4.240520810867183243e-01,4.340351666577191847e-01
2.021756068488623492e-01,2.176651507554179521e-01
3.944602317244836481e-03,9.047088992579726749e-03
2.082212797042140018e-01,1.705080153548289290e-01
2.944854841515039297e-03,3.227840062659263678e-03
2.324387911940009876e-01,2.557619840614674400e-01
1.063545939069120011e-01,1.042643781005119369e-01
2.193662068455887876e-02,2.524005041770771215e-02
8.975518944720283594e-04,1.111509766420262432e-03
2.543577050219954488e-03,8.085964346917525261e-03
1.074596325402868251e-02,1.373647713466832898e-02
6.626732674314847471e-02,7.089211128646165372e-02
1.184563437234564982e-03,1.548837756177466520e-03
1.242219874554348069e-01,1.309620466569694774e-01
5.276342276341007206e-03,9.220518429644355279e-03
3.119115383777248691e-03,3.255008705797292779e-03
2.309873155931510200e-02,1.621477439326797845e-02
1.917131164983555958e-01,1.963234581700739056e-01
2.108343174499818177e-03,5.540739415021804504e-03
6.806679120213122991e-02,6.300443012986935154e-02
7.202924941797288032e-04,1.883488370535566425e-03
2.125990428664401369e-02,3.121182200273661320e-02
5.699647355700596801e-02,5.522503322717012969e-02
3.454926912037292186e-01,3.430145037568861910e-01
1.605374670782569154e-03,2.798426722183397410e-03
1.952300287514684429e-01,1.881255756671389723e-01
2.276484225550053433e-02,1.478857003866828994e-02
9.522105641839377979e-03,9.646488818917787686e-03
1.400927181210053774e-01,1.546173034926563716e-01
9.676280884881699809e-03,6.747860729053118713e-03
9.026179679175703185e-01,9.247590078959346815e-01
4.528938445584484995e-01,4.205837072575032143e-01
1.969763270179335311e-03,2.470892857218571440e-03
1.048923905629286883e-02,1.342920318137109936e-02
7.467898451067566702e-03,9.689222103794772195e-03
1.230288180473773918e-01,1.184911158795277225e-01
1.417547889328913124e-01,1.207572944763236761e-01
5.410743192638276661e-02,7.021750242267772724e-02
3.865448402583945287e-01,4.175361879639800100e-01
8.010096788704937701e-04,8.858822243689917558e-04
2.071005702203854160e-02,2.940245109800346604e-02
9.116904821500458611e-02,9.300287040170299169e-02
1.848083999411018197e-01,1.794435524516738989e-01
7.255580652617810676e-03,4.968133469893770389e-04
2.813562414595480177e-01,2.558441024206630776e-01
9.864826696417206605e-04,1.253876781172990186e-04
1.297977551957794073e-01,1.245064944037821697e-01
1.031536737512963459e-01,1.111875467673215656e-01
1.453365285820672551e-02,1.296310165039396382e-02
1.513304064706543217e-01,1.628412081845698745e-01
2.843416175983895511e-02,3.339931127149823459e-02
3.008451170797318275e-01,3.285278550672482978e-01
1.323396099874201426e-01,1.280209202538272750e-01
1.694165190595087467e-01,1.648702276434207969e-01
4.335639278483819845e-03,7.286506628353541610e-04
2.450938859792366475e-01,2.581550372658981685e-01
2.476324101336109876e-02,1.651892766233720514e-02
9.029953135365625244e-03,1.076199893395258719e-02
6.218412071466543345e-02,6.290985063118995080e-02
8.750506118126388788e-02,8.488975294082620748e-02
8.909820312240626650e-02,6.686417891109464051e-02
7.860046795062841651e-02,5.876728332882116129e-02
2.117570733936487148e-01,2.201470989274151857e-01
1.700794410985472915e-03,1.750046867074439485e-03
3.620907837421254993e-01,3.949661560116432546e-01
4.239686498189144254e-02,4.011267585924305906e-02
1.052775231122144023e-01,1.224451742303491880e-01
8.075953756203883838e-02,7.988768785111308168e-02
5.862594695451928329e-05,2.320785202188781387e-06
1.033257227474745302e-03,9.564424537562385312e-05
1.593725755342321471e-01,1.421467532166366399e-01
3.811592944514255454e-02,2.396018987363207273e-02
2.421330421490068332e-05,2.757322111704162994e-05
1.584966666015636128e-01,1.759597448763922933e-01
1.565609094819728111e-04,7.654363882389223286e-04
4.073961488783554505e-03,3.929329098202169988e-03
4.231285499639993175e-02,4.230551032976918868e-02
1.048800708073356798e-02,2.008719564585665154e-02
1.272369890296155782e-03,8.611199836919593840e-05
1.280403507196867241e-01,1.509355269068441696e-01
1.834480183287094668e-02,1.756745197208760267e-02
4.042179159771624314e-02,3.322210383710919729e-02
2.309793807990511982e-01,2.170838812414949970e-01
3.436917335888683023e-03,2.459998575551067442e-03
1.006718565495362538e-01,1.013559776890777392e-01
2.658724466471522330e-02,3.558170037204595737e-02
1.950776349459800163e-01,2.045030705382614999e-01
8.523584393600190656e-02,6.819688320827005379e-02
1.638869169497553235e-02,1.021018756822589246e-02
3.882664191690967104e-01,3.913352184639225517e-01
3.831325806940902301e-02,4.998846129393468007e-02
7.166291102304950256e-02,4.827088772706215891e-02
8.957217195386736261e-03,8.908297904726433444e-03
1.532763015557071090e-02,1.306794781086344920e-02
3.009901134719110694e-01,2.956690887272431789e-01
1.503446321651533482e-02,1.325328627015012056e-02
2.165354015391399503e-02,2.349436967649781716e-02
1.926952681743032691e-01,1.574162602972823399e-01
1.108929749434760664e-01,1.268905146432345865e-01
1.151477591636950182e-01,1.214257361330459833e-01
6.700952418004038624e-02,6.988701295036424399e-02
2.443262688124412663e-01,2.240796527762815293e-01
1.066740265388834014e-01,9.571902203115026375e-02
1.193302038174706009e-02,1.322435376054583410e-02
1.865716313030180706e-01,1.946395439919183512e-01
1.741394259670984296e-02,1.508882751600598184e-02
1.042466937995079057e-01,1.192694720428533334e-01
2.336114023514838933e-01,1.957275359885678190e-01
1.409344561513417859e-01,1.314629215907388571e-01
7.974417146058140546e-03,1.194196924735534994e-02
4.967494471596268363e-02,5.185542361513111043e-02
6.118916001916317043e-02,5.091784909943647408e-02
1.895581171748627614e-01,2.011290491879342002e-01
2.942802115091062119e-03,4.304432862733984476e-03
4.971518721736291335e-02,5.909806776036409526e-02
5.154174859899609412e-02,8.444062717064591828e-02
1.454036950939009976e-01,1.525327558577012632e-01
9.103831849742780036e-02,8.467107992941924621e-02
7.670669736922880455e-02,6.667742793729128370e-02
1.255505175281505315e-04,4.060784989137839786e-03
3.067528441063979358e-02,3.529826360850733813e-02
2.192212517277390971e-01,2.164466355690078669e-01
1.708588266072636475e-01,1.652439223969523474e-01
4.071459192954421380e-02,4.264252470070363510e-02
6.817814843486367290e-04,1.711339284446296725e-05
5.282867025000610728e-02,5.033965443966380293e-02
3.219721136512639775e-03,1.003483442234311129e-03
1.218668042470658630e-01,1.592189920881898757e-01
2.646257043617294968e-01,2.494877940763196023e-01
9.804327720763783560e-03,3.548301085729117614e-03
6.745773388742803967e-02,6.293924310857516857e-02
1.774604715436315164e-02,1.635966382908063746e-02
1.296164460274729924e-01,1.340954657031713793e-01
1.240558718892794260e-01,1.222892375724302788e-01
1.839016764692864569e-01,1.979048882543032462e-01
1.682828923154927256e-02,8.997112887639430526e-03
1.886988192765076287e-03,8.588907151612608978e-04
9.303277202099701979e-03,2.012437397641331921e-03
7.363035026726262589e-02,6.455032261019724715e-02
5.389461888420263302e-02,5.596082652778604227e-02
2.117190184959573125e-04,1.119615317718534444e-03
4.588376457499562799e-02,6.551624792527216412e-02
2.547937364388865311e-01,2.745589709246386567e-01
6.793404762799971908e-02,7.716947771987686666e-02
2.382337441115649213e-01,2.391157364395881668e-01
3.768214071791626263e-01,4.038889346623442678e-01
3.332998705177681598e-01,3.332557099219618513e-01
5.017299915078297229e-02,3.848156161334506664e-02
5.067667305135065831e-02,5.856738838071064157e-02
1.689208141895611193e-01,1.384784502298022635e-01
1.964670946597790941e-04,2.810019421446079639e-05
2.734648720134095767e-01,2.528479385819535907e-01
2.414901382476592959e-02,2.166050317674848152e-02
1.648841406667952703e-01,1.828257276172642054e-01
1.439187937896583766e-02,8.276444594180181608e-03
1.287188470863320777e-01,1.531749225423010841e-01
8.922305454600015784e-02,9.634236241222784991e-02
4.251910982360618957e-02,3.701368539255953105e-02
2.354380851829731853e-03,2.797135141387724518e-03
3.897936999526411400e-02,4.599570035904888138e-02
1.891581197144237211e-02,2.642742130784593232e-02
1.956687421845814401e-01,2.080888586424615716e-01
2.634210992519882364e-03,5.222865293240005992e-04
8.495879540021440690e-02,5.588718500079388474e-02
6.809846643621751856e-03,1.118484304307523249e-02
1.060999302898200936e-01,9.032223212487321129e-02
5.237551953997241494e-01,5.428759906549237568e-01
2.573041231804032991e-01,2.613262967619022215e-01
6.362745271375709393e-04,3.620975677642163538e-03
4.752142368884724327e-02,2.972881214389674898e-02
9.038148034773769990e-03,1.295597791884695212e-02
1.526352443307690647e-02,2.103427230157190950e-02
4.523565639580329895e-02,5.099938670284231285e-02
3.089128710383479692e-01,3.214233348227596432e-01
2.967213249519960912e-05,1.552186188759080302e-03
1.170702107558109365e-03,5.218317728623369931e-05
1.512162242578442978e-02,1.962412995247058214e-02
3.390132031906459287e-01,3.529412581434506202e-01
7.682774058488679725e-02,7.168152833077229280e-02
2.195712761986451655e-01,1.980195873831348541e-01
3.565470378135811580e-01,3.372819960444197740e-01
5.877288649080946586e-03,7.154693300459649512e-03
1.515835838510467236e-02,3.313366781673272865e-02
3.467121052303085565e-03,1.023814949264798511e-02
1.159639226328633699e-01,1.454511684547564188e-01
3.260616103659354226e-02,3.263300128198324407e-02
3.330552458402341043e-01,3.413830851553608658e-01
2.195383809555984111e-02,2.629205912532377523e-02
2.914616000077066005e-01,3.182079669591794668e-01
1.393938711000742847e-01,1.311135134167373539e-01
1.315255805038770265e-01,1.243947492085950429e-01
6.831779840000686693e-03,4.582979528823533620e-03
1.917439200063603437e-03,6.943100444285713480e-04
3.184466883955339167e-01,3.074120877403962449e-01
3.243220321589972144e-02,2.986787320296105039e-02
8.492268904266818408e-02,7.207584754928092474e-02
6.795748653630033671e-03,3.770689876614369881e-03
1.219031509650663619e-02,7.505568632296241195e-03
3.199266478656605326e-03,1.383279300958488011e-03
2.505002520263936439e-01,2.400489472980549821e-01
2.849092565389603482e-02,2.972971349083901663e-02
4.979696941875897190e-03,5.236202373320459312e-03
3.488246573493004182e-02,4.990364702808237213e-02
9.060370665041621308e-02,9.806807396716379910e-02
1.175975083211296679e-01,1.340552347276091905e-01
1.651631591346952588e-01,1.655409549421054949e-01
2.586938553277078334e-01,2.899226714928803683e-01
1.888707922245373982e-01,1.861472573392371765e-01
2.587278746455764101e-03,6.063211318517901932e-03
2.214909455883007083e-01,2.135508607882578569e-01
2.063426262379768894e-01,1.971257981809166615e-01
1.368846524936115361e-01,1.643239969442244208e-01
3.551756354445728681e-02,4.533598519364662183e-02
9.729669239188008800e-02,7.970925743860532431e-02
2.950429864265746022e-02,2.658907172523152992e-02
3.812735613216868685e-02,3.097342743301741835e-02
1.688508970587784862e-03,5.325892759322871980e-04
3.522709665180275701e-02,3.398548676613290936e-02
6.332429369310959948e-03,3.147271546476973145e-03
2.475029302284161015e-02,2.440666590112380158e-02
1.635765596412641631e-01,1.910783081512877901e-01
8.025430437397951255e-02,7.263032014343669129e-02
1.255374249132336917e-01,1.159523404988181822e-01
4.402591167244202831e-03,1.846794040627578034e-03
8.027781984329482312e-02,8.530462600049847077e-02
1.926303899132809959e-03,1.063129470897952690e-04
1.880492810107272372e-01,2.278350160447433215e-01
3.103076924203013523e-02,3.636324265709913600e-02
2.580989264378908896e-02,1.091431237723709639e-02
1.777490029274675712e-02,1.658105784188143930e-02
2.125712998748496563e-01,1.902460363260621568e-01
3.587202662935611713e-02,3.861275864010988573e-02
1.569954138294072654e-01,1.798195068454697954e-01
2.043173586188716181e-03,6.416084928444870314e-03
1.119506443108907456e-01,9.393193496487964311e-02
6.506025569117376284e-01,6.554976815328247275e-01
1.144845323983423979e+00,1.110911188955458595e+00
3.289635425841868632e-01,2.945353898782990254e-01
3.012811953664428222e-01,2.954698224578544696e-01
4.902940688748320952e-02,5.406155632730023225e-02
1.781777877855455702e-02,1.320394117192725397e-02
5.595915409940705604e-02,4.682519623093018418e-02
1.021654337798010709e-02,8.473016392908904945e-03
1.418613914300888013e-01,1.425376258433846688e-01
1.046761318966687310e-01,1.243822073885501728e-01
5.604956902267254071e-01,5.856147559285335147e-01
1.588441364109164089e-01,1.678017943121553335e-01
2.272252500537295661e-01,2.401874845866974473e-01
2.989987659353895988e-01,2.939628112931730874e-01
1.562764937442320812e-01,1.299538852040457715e-01
6.893044781088134010e-02,7.027817634303021310e-02
3.307606872003363875e-03,6.998772134991899929e-03
3.674227295483201844e-02,3.605236109327582955e-02
8.182316248343728116e-02,8.257419976121457839e-02
6.647861610938228527e-03,7.000185937421234302e-03
5.798691888475775436e-01,5.927542329896169360e-01
6.079815615217195219e-05,3.142659747988732271e-04
1.627048303928734230e-01,1.624099451597650068e-01
3.097260115771553746e-02,5.388851766690543749e-02
1.003815450354101357e-01,9.933501289192973871e-02
1.755165074246875234e-01,1.916903219681906079e-01
2.835021248031926455e-01,3.036699642610181660e-01
1.065214166057582013e-02,8.871051933796727032e-03
4.769620439962280423e-06,4.471222939784056847e-04
9.764692122972851163e-02,1.019692689998909912e-01
6.518778671673229608e-02,7.082373804843294929e-02
1.048463197586529949e-01,1.225091298087370301e-01
8.567431263651589845e-04,1.149027015845965113e-03
4.131280921325684863e-02,5.005723260583919837e-02
3.590493108527779975e-02,3.015111791766125413e-02
1.439742056293419510e-02,1.285136657512029983e-02
1.140489730319277223e-01,1.105819671467851012e-01
8.114577571764328145e-02,9.458988444119618977e-02
1.207221857091136247e-01,1.158639085567452209e-01
5.309322156928697467e-03,1.125931840332498532e-02
2.165993315169143507e-01,2.258643893644645129e-01
6.474505526138812396e-04,3.561212239671490676e-04
1.202967103936519039e-01,8.062916187929831946e-02
8.441502136819597352e-03,1.056676933385510865e-02
4.947036531219389105e-02,4.852257271868312682e-02
1.391937511719568664e-02,1.292694517047524895e-02
1.862477381932569828e-02,2.300764782695976021e-02
3.434430155728280566e-03,3.738174275130081835e-03
8.062325461449323591e-03,7.119748252441712028e-03
6.293336211687663995e-02,5.760283360365563154e-02
2.081845917800917156e-01,1.840093402333091710e-01
5.283480451121832372e-02,6.175210006797522688e-02
4.111973384573622964e-02,4.183068618501589037e-02
3.183215681580849749e-02,3.061316014143353886e-02
1.442421460684555415e-02,1.946479262398187124e-02
5.129242600943023644e-02,3.944921105231967429e-02
1.477985103367238269e-02,1.456202645455183763e-02
3.621349726143154035e-02,4.456188781283466904e-02
2.458879234082330112e-01,2.295508347451472031e-01
3.465701506568071022e-02,4.252981282238616628e-02
3.112642370560026774e-03,2.068365805832430313e-04
5.909025910149867623e-04,6.082397542123205356e-06
2.682106756824857718e-02,3.440713985331045333e-02
9.184077281896652067e-02,9.432516516920638749e-02
1.652616411565063087e-02,1.707477837490248285e-02
1.416541439241977840e-01,1.189968963934785878e-01
1.274560553624653481e-01,1.287245996383396818e-01
1.605187363270620393e-01,1.748226274997269625e-01
4.071332544874658316e-02,4.595855446677616502e-02
2.665365747305226823e-02,2.122771423745141786e-02
4.823264592745354906e-01,4.750823362070288325e-01
8.777603406177256207e-02,8.880824660767051848e-02
3.326078791311791807e-03,7.117253471786099371e-03
2.967639006577318331e-03,7.052826148326207974e-03
5.666870663867072666e-02,5.179727402254358237e-02
4.038625695380415603e-02,4.258884950665385583e-02
1.157123412698777276e-01,1.195468450022964674e-01
4.252292986965942184e-02,3.656525933906708270e-02
2.073750843343191153e-01,1.992578171474205240e-01
5.140271207348037774e-02,3.183783599700173994e-02
6.919048261178595283e-01,7.040044787800603387e-01
6.479463420369578619e-02,6.642117213327354552e-02
1.009462439037848575e-01,9.127145373269510142e-02
5.057952522882411261e-02,4.582341007651211801e-02
9.458815583731616512e-05,7.361659734736583993e-08
8.527159276965888893e-03,8.669838868691057479e-03
4.374191048210223504e-03,7.991782843776957385e-03
3.053905447107311266e-01,3.028417194430383375e-01
1.218738544393997009e-02,1.479940207783391089e-02
1.210390844167859165e-01,1.282898677882628180e-01
2.086138021927281538e-01,2.138098067794887980e-01
2.579186012921615978e-01,2.811663853915611355e-01
1.334326887109208402e-02,1.840831201808309364e-02
3.686141386275874066e-01,3.527824181072323206e-01
2.075573822905368848e-01,1.939230894898775481e-01
2.123321657555079789e-01,1.963168331229427077e-01
8.606272689377880702e-01,8.477789469044614279e-01
1.960032692041239477e-01,1.712049261157048141e-01
2.080588509154748522e-01,2.067555858745855624e-01
3.299305077829200461e-01,3.013638874649337551e-01
2.965349539767801745e-02,4.196699284640138805e-02
1.288503648422550107e-01,1.372088056765272679e-01
6.585995760467056037e-02,7.056870445445849460e-02
6.450529195849692699e-02,5.879040865277356670e-02
1.669904994182388330e-02,1.796449015036772831e-02
9.670956342836652120e-02,1.204605207460265059e-01
5.745892519827345071e-03,4.800976967736849191e-03
8.985798828779252567e-02,7.644896197885638067e-02
3.146610935113232366e-02,3.200393495091259644e-02
5.809820979986499712e-01,5.493708073245382462e-01
1.901218827683577584e-02,1.252348075974047542e-02
2.920917132380846173e-02,3.276176978279838475e-02
1.584454387057323416e-02,1.756873083059909413e-02
6.361811352561964894e-02,7.457128765274143034e-02
1.375511283911427518e-01,1.465989093692675327e-01
5.929641749807297579e-02,5.731430333505489749e-02
2.329498792358404569e-02,3.968910158967118434e-02
3.476331253531309267e-03,5.309103659955340289e-03
6.262431730880817227e-02,4.910873956891057684e-02
4.409631737686973696e-01,4.930151340693545992e-01
1.052518296320903749e-04,3.832828237909520057e-05
1.805204135617001146e-02,1.346239806066435937e-02
1.472919114510538308e-01,1.520827065836501402e-01
5.966993954758702950e-02,8.238335245997675804e-02
9.840849128097187842e-03,4.789092351336587429e-03
9.047719773421777911e-02,1.024989944718589091e-01
1.351995116676480476e-03,5.810143641827130974e-04
2.846833948887639298e-02,1.886255067645703498e-02
5.440211138301216387e-01,4.948799436269243346e-01
1.659403573040436983e-03,4.090889317611985654e-03
4.045063614628622850e-01,3.852725575979059625e-01
1.161782359450806573e-01,1.131480005883155476e-01
4.837696653392287854e-02,5.387488464774812386e-02
4.949957776151412414e-01,4.538412678273817114e-01
3.800138431764995932e-03,3.520816375972590697e-03
1.173218785099822969e-01,1.366399040994947522e-01
3.152235025924364220e-01,3.195769053601778542e-01
4.734391057419182203e-01,4.286302497686137469e-01
3.669779481425813894e-03,4.846243080840375271e-03
1.994206738280905611e-01,2.083569156645186660e-01
4.096050544136654176e-02,3.205488134023681823e-02
1.148888160147492898e-01,1.239634982305789640e-01
9.867683753103189542e-03,2.079760468837395931e-02
1.081760812770089699e-03,1.615523716865718048e-03
6.536021336981712171e-02,6.172184152739477320e-02
5.666587162197370825e-03,1.297705790065620778e-02
6.673343510421052560e-01,6.709514655813962891e-01
1.320725699221710903e-01,1.306764963472374086e-01
1.771864030686668909e-02,2.322367159044108273e-02
1.476057776126631256e-02,3.029582809476084534e-02
2.182686784268931743e-02,2.006376091412923057e-02
2.325790770868519375e-01,2.198894711444242811e-01
3.458634521112408100e-02,3.739456361955357383e-02
1.912014536892772676e-02,2.159411349432178648e-02
6.033795199863037362e-03,6.725427538245191440e-03
3.912238374932681673e-01,3.806222826864387176e-01
8.244540124347434981e-03,1.238032379034701043e-02
1.903083970250116436e-03,3.009146535294972822e-04
8.110734901232490024e-02,7.789849659258582526e-02
9.666894615372437129e-04,8.402946104731175885e-04
1.255249423840348877e-02,9.229011870049003835e-03
1.811218703269876218e-02,2.626790067123297226e-02
1.100416242478999100e-02,8.524549563734044877e-03
1.587492855653195589e-01,1.634631810008536357e-01
9.367831461479873834e-02,9.939291432755502365e-02
9.225879416589687076e-02,1.068137269617527862e-01
3.860232569878855810e-03,6.776454650938799722e-03
7.151661866220528074e-02,8.352457064779481022e-02
1.988766655147072501e-02,1.713956556742911655e-02
2.974186856900745430e-03,7.377357631872922226e-04
6.681233573566970618e-02,5.915421970141553076e-02
6.925874408945814110e-04,5.722008084804796431e-04
2.969917251585619394e-02,3.327106097978700661e-02
2.442854387300003871e-01,2.310805899232593885e-01
2.182068097890124680e-01,1.949848606104017112e-01
8.555131413391136100e-03,6.038153046747611954e-03
1.484827986850782017e-02,2.406129181902725081e-02
3.084561924765323315e-01,3.237214545676974087e-01
1.402247689305000655e-01,1.507123702533050835e-01
9.507816058324323333e-04,3.548558777143432665e-04
4.464193886873791400e-02,3.991555121586061461e-02
2.394444445657945356e-02,1.787057099257423690e-02
7.760509351835823133e-02,7.918037277521805528e-02
2.305136098120048049e-01,2.411034427254697687e-01
6.872708838847277346e-02,6.429695068639740274e-02
7.901903804522428798e-01,6.908779124755050072e-01
2.731901423706675075e-02,4.564362145342648613e-02
4.918366419014857244e-02,4.194455842997429906e-02
1.361764142424974344e-01,9.898821384578110338e-02
3.149026496341555958e-02,2.951446831768385348e-02
1.515163754075228575e-02,1.024138142767618866e-02
2.837510087583996598e-03,2.048544857680761281e-03
3.067483665158275419e-01,2.994240679464238442e-01
1.507994807676603377e-01,1.511894484327346855e-01
8.264707895723757969e-02,7.831697888795734197e-02
1.828224194446637640e-01,1.824597526217303645e-01
6.465023576006502515e-02,6.192011885208049959e-02
1.131944141097419816e-04,6.436234544578278293e-05
2.382860448869581274e-02,2.686768803892540525e-02
2.613206350677501830e-02,2.057587025897731833e-02
9.538759145005176615e-07,7.159914414539512713e-05
1.336715573599993601e-01,1.531670080389453403e-01
6.671296720871494178e-04,3.535515109262274500e-04
1.273682686336674065e-02,2.679509046368805381e-02
1.733944048076432876e-01,1.927415486011068713e-01
2.991092872548374304e-01,3.074526584346659042e-01
3.070223605313687158e-03,4.443816696494499834e-03
4.425544105356925273e-02,4.117734907541396178e-02
5.005550801981055453e-02,4.320864075823614009e-02
2.281009402770223793e-01,2.151379369151415755e-01
1.541362888131286336e-02,1.609885433653560072e-02
1.800922850932260844e-01,2.059206202757443982e-01
1.081347496346387743e-01,9.964548684439605841e-02
1.725552307057628618e-02,2.971203696491193924e-02
1.197669741888051781e-01,1.290988850973870949e-01
5.036993855018669780e-02,4.677563754610494090e-02
1.399985540764437514e-02,7.330657187332450739e-03
3.484826032879685953e-01,3.527760693638258838e-01
7.280204830840419916e-02,5.473928737287586666e-02
1.833029241066126969e-01,1.844772635920956250e-01
5.305669069954787242e-04,2.053714725268426301e-06
1.021852332751065811e-03,2.425006583381772093e-03
2.708039832351626791e-02,3.145003729817584526e-02
2.408921601866085560e-01,2.498673916972317388e-01
9.554661901948109659e-02,1.026475945388899691e-01
7.714927039299036143e-03,1.040570799356341225e-02
1.117550280293405224e-01,9.930252080051284180e-02
9.656904079141019615e-02,9.446662034407173059e-02
1.829336615166904656e-01,2.005319721703583136e-01
8.097027110798858717e-04,1.213128726028173078e-03
3.598807612794132499e-02,2.666522040135787044e-02
1.039308945293115037e-02,4.101517382570623454e-03
1.057074933624672442e-03,3.422655780579705398e-04
2.123403760706529253e-01,1.857953227073036173e-01
5.214896183293521448e-02,6.731553806433114573e-02
1.996461125557085284e-03,4.347560031394164979e-05
5.502312867404029334e-02,4.767610761692313986e-02
3.251461586694372695e-05,5.086900294574881083e-04
5.643434558751245916e-02,5.485638843842097906e-02
4.987197164189203537e-03,5.296557600500209802e-03
3.479059394506624908e-02,2.294113637560601937e-02
5.322133521091062386e-02,5.215587057881798660e-02
3.798238028274126404e-02,5.285024032363461188e-02
2.312997528083943211e-02,2.120580993835270017e-02
1.134929484865104116e-01,1.107684698707061544e-01
9.911809464521650903e-02,1.055599989807135125e-01
1.259583480344738660e-01,1.491263706048625015e-01
2.885992416116550663e-02,3.068498922256147204e-02
3.399659175623022389e-03,2.208904879456269777e-03
1.045681420538223799e-01,1.225842712797267642e-01
1.034788905997053232e-03,1.368884566870240101e-03
1.109324594707430528e-01,1.103156456402409058e-01
5.428348721232940932e-03,1.505104190007239490e-03
1.036893099727396877e-01,7.897433706885506610e-02
5.843141248016782072e-03,3.325686370527638960e-03
8.493686369008784931e-02,9.660657351527293657e-02
3.287957016554087786e-01,3.671380350221152278e-01
1.622814724553856280e-01,1.839949439742524229e-01
1.404388688356682235e-02,8.566454134327322958e-03
1.261386970237804994e-01,1.311037094165577177e-01
2.409393414283299699e-05,1.093969793628100142e-04
5.294367004262661575e-02,5.768315863181674302e-02
3.961520757979155455e-02,3.759879230503448272e-02
1.560724105094393743e-01,1.564697017551663072e-01
2.332512407765201523e-01,2.255277150462395019e-01
3.266341732227556662e-03,3.681090265065665632e-04
4.302661911986312149e-03,4.198992469534876606e-03
9.752811232944079292e-04,8.929042733988363405e-05
1.866128986270710818e-03,5.480079958882212894e-03
2.094428510383780986e-03,4.308294481699725086e-03
8.873290515183744620e-02,9.784155153490760315e-02
1.426889596283294759e-01,1.541624214766239842e-01
4.068813866401919076e-03,3.483819761440222484e-03
1.067563518387963234e-01,8.495061239501154604e-02
1.741120036174018948e-01,1.915940162554845005e-01
1.310157652243872095e-01,1.459627566527813003e-01
6.366831370596141848e-02,6.608065267041127178e-02
9.329097817863762909e-02,8.918390908493760427e-02
3.364786451724355310e-01,3.475792174217805508e-01
1.005528566016129473e-03,5.485406312524684046e-04
7.718372403401896342e-03,6.764250215542152132e-03
1.378715957814263642e-02,1.831603859995146327e-02
2.513565256962935202e-01,2.558120999888445213e-01
1.985842163201685868e-04,3.677393694376943821e-05
2.665451329928975044e-01,2.921537997928078667e-01
7.603642598976881328e-02,8.309537366091405974e-02
4.249972001385135534e-02,3.645240739702344107e-02
6.250195921777813857e-02,4.496278568269675147e-02
7.946159865473108319e-02,7.976509328642088226e-02
4.594236902974931092e-02,4.595695153797221127e-02
2.267781475218137166e-01,2.081814865304677797e-01
1.882042627250860301e-01,2.215891614773178586e-01
3.932371780983250770e-02,6.697272101330607741e-02
2.654833487340392106e-03,3.844122424550630926e-03
2.312957568272535139e-02,2.115560368209564238e-02
6.858056701515377052e-01,7.212982014517810292e-01
2.099697466084117781e-01,1.863639532613263206e-01
2.576574980753686406e-01,2.688788743864390374e-01
1.358330834078525472e-03,5.810496933875848027e-04
1.307716664038615917e-01,1.547642916990628059e-01
2.435822497501088923e-02,2.199971892256762096e-02
3.895697123177478682e-02,4.476555008165079841e-02
6.693100957947377416e-02,7.198823218929140122e-02
4.662793731326368707e-02,4.071233048232512919e-02
2.543957784457461999e-02,3.397339244578243683e-02
1.656192309143249622e-02,2.648215469072916564e-02
5.741405542441189308e-02,5.792973790753001839e-02
3.451873783187522915e-02,2.105496190037002557e-02
3.956881937947762302e-04,3.302905126358080543e-04
5.699861943020979524e-03,3.607743358600462753e-03
2.568139789943519810e-02,1.832446583325695461e-02
7.854070728448858674e-02,8.318560926534265820e-02
3.615958035351763463e-03,3.016318572979423927e-03
1.006199821856949145e-02,6.264862574121841596e-03
3.775359379340068738e-02,3.278023374793231220e-02
1.576077264479604570e-02,1.575757804693047465e-02
3.417263857822921275e-02,3.986741554879395105e-02
1.214260644345702966e-01,1.301456204658007210e-01
1.625534092818026882e-02,2.324365260877141875e-02
2.189212787526457083e-03,1.736178892470475891e-03
1.209281933025695699e-01,1.394307305398400088e-01
6.993935034532116051e-04,2.348373819393868682e-03
8.897271393343803014e-02,9.999711947653473765e-02
7.216497878041175026e-05,2.914958878008664192e-04
6.021923923781147270e-03,9.985009078532978283e-03
1.719567482639813155e-02,1.742820709211214888e-02
6.984149166150582788e-01,7.173589684778151065e-01
3.172553951751085899e-01,3.428900401954045885e-01
4.629074424834513091e-02,6.118601025140341099e-02
4.041170793118805185e-03,6.213753293247140791e-03
4.826208221865867232e-02,4.801367015287253542e-02
4.511445392448799052e-01,4.416766274295377825e-01
1.004106869492174536e-01,1.190935177232919778e-01
1.315747214896535455e-01,1.607166546742561375e-01
1.141486387608184674e-02,7.774539572769703644e-03
1.520057650969662512e-03,2.658439839899020467e-06
1.494876276418874994e-01,1.383441871662181299e-01
1.473932583410350605e-01,1.350452426619166701e-01
2.758959817033279638e-01,2.766313015395139852e-01
2.299026051791346614e-01,2.217509721827657931e-01
6.032800731400225595e-03,8.046845590789631145e-03
1.072410405911894543e-01,9.243804772513200541e-02
8.240971943629054816e-03,8.658010847736508434e-03
4.092395233305774066e-02,2.838859923877176672e-02
6.796099087527292248e-02,7.883591520817201381e-02
2.361854669214421831e-01,2.359921050991757030e-01
1.510380165524317572e-02,1.684913203059795403e-02
2.804598425574034853e-02,2.952314855489341500e-02
1.476610763577508312e-01,1.539786047238042299e-01
9.229379575327404869e-03,4.982572429579124225e-03
4.135888749188187941e-02,4.045678742634686159e-02
9.514440335181359454e-02,9.827654761411012962e-02
1.196960718682624404e-04,5.227088521393744274e-05
1.849775318534187252e-01,1.732081076768044459e-01
5.008337814719041221e-03,2.972779621254622012e-03
2.629103449322199278e-04,9.199096060572199305e-04
2.056232116079670658e-01,2.179843031503497508e-01
4.890527787746724031e-01,4.794380094261159186e-01
1.711476286148420466e-03,2.780378179566778130e-03
4.326246533651350451e-02,6.581721337618524903e-02
1.486760401950544194e-03,2.172439508535965041e-03
4.246586112302221799e-02,4.895484775463977700e-02
5.119863545032313223e-02,3.749423013114306508e-02
6.963421419242733779e-02,7.302811869166676850e-02
1.191629636870118053e-02,8.342384311175333328e-03
1.676164655976278561e-01,1.623682950805811487e-01
3.102458906002225625e-02,3.031964853651665168e-02
4.102362601527985153e-01,3.962615330227115540e-01
1.113783965285048139e-01,1.184840642736338240e-01
1.322459293711568395e-02,1.353319022119122902e-02
1.511837576035867936e-01,1.559168323057856798e-01
1.779709118142235773e-03,2.587878142964800208e-03
3.270680981244901420e-02,2.391535692014038275e-02
5.751738027890962446e-02,6.367572933287665715e-02
6.819399471572966387e-02,5.579365476282135278e-02
5.792260978900611867e-01,5.556941332905667164e-01
2.643079317257566140e-03,4.530882605086949261e-03
7.097228512514409948e-02,7.532296726279830157e-02
3.163942092750207657e-02,4.097043173460885451e-02
3.993154445146743226e-02,3.920628139106438481e-02
1.655692336111911842e-02,2.367502122295706696e-02
1.230021881047236622e-02,1.390513962064347277e-02
5.321402266187824637e-01,5.339860553503528173e-01
2.727099132923842609e-02,2.616624205836755659e-02
1.140224840896261055e-01,1.215677710374940823e-01
3.958342942127063835e-01,3.897886050989577411e-01
1.579282464216097137e-01,1.615868802959646855e-01
4.687221888433620171e-03,1.220211121770463196e-03
8.236377774077356662e-02,9.998772373196324059e-02
2.532337160604568663e-04,3.889067712857102326e-05
1.155045913099513218e-02,1.001713889730127850e-02
1.354019029522424838e-02,1.574269431672028347e-02
2.955023479928426625e-03,1.753268665213789535e-03
8.838577115979041280e-04,8.817515283335127657e-03
2.739710641356115153e-03,8.922183240417968283e-04
7.735779638205036481e-03,1.153315198563720743e-02
4.740918586253863726e-02,5.000033058279750031e-02
4.622305942725966066e-01,4.588683857908287256e-01
4.347660527288411680e-01,4.197006788063110116e-01
2.669205081971468690e-02,2.749920832039954785e-02
1.645076233515472414e-02,2.015044088852942922e-02
4.121353636032673053e-03,5.838734125888230334e-03
3.894945842436181062e-04,1.182001685877639340e-04
1.747006394354973235e-01,1.753802186214259429e-01
1.276867093714606439e-04,1.240565210105378305e-03
9.946449206658330988e-02,1.035699659553882268e-01
3.515938476152135617e-01,3.829647741310343578e-01
5.315400260592637385e-03,9.012445500838807064e-03
2.727799614449735732e-01,2.437619582224368753e-01
1.472961930387583496e-01,1.458695127873443353e-01
6.112685930828029579e-02,4.168797512650950637e-02
2.605948231599223923e-04,5.030331878968008269e-04
1.956311399705363500e-03,8.921510417809890318e-04
4.910509365346946847e-02,3.411556331589542246e-02
2.147532372090952060e-02,1.998803538761678364e-02
2.026424100100152337e-01,1.920790813222313376e-01
2.170581613123609768e-02,2.722073217693171329e-02
7.211590488439204027e-02,8.089830761309134421e-02
1.903570135861805006e-05,3.289516737420474651e-04
2.199148035405824528e-02,3.377713506150906847e-02
1.037069412774487172e-03,2.706089583538857923e-03
1.720616367471558897e-02,2.801066106278574455e-02
2.941976953159047836e-02,3.034031191861735061e-02
2.349786436877664419e-01,2.514059307434638457e-01
7.553521035975324649e-02,7.299778484359729924e-02
3.975579228955742339e-01,3.915632792380887017e-01
3.098674960696233896e-02,3.009983618481245488e-02
6.487589562223249930e-04,5.346983267551861339e-03
6.639541256464828733e-02,5.867642014087332686e-02
7.795156269504535107e-01,8.513204530007144610e-01
5.169658574647590082e-04,2.983251944438902216e-03
1.893503642441161461e-04,1.448328497739223293e-04
1.111285076761580753e-01,1.092593064977275402e-01
5.316018233465711479e-02,4.572341470101223132e-02
4.429414381172611798e-02,5.307438144491288812e-02
2.673536084970544804e-02,3.408168199857362218e-02
6.087034854020396957e-02,4.960924905050839717e-02
1.197615282791299370e-02,5.313650329798442519e-03
8.125571433580849878e-03,2.041411423727694519e-02
3.090018483874939006e-02,3.738718208521301517e-02
5.098695730953636818e-02,5.299788520529270797e-02
3.494535250251638581e-01,3.171675175287357318e-01
4.496404612467029527e-04,2.472544752750284111e-03
2.888595165177216401e-03,7.004101325553881152e-03
4.961788149692701599e-02,5.765877091580802472e-02
5.206979379684839593e-02,4.627794778477622301e-02
2.985126634103339120e-03,2.684996770722558514e-04
9.330244065357309879e-02,8.616991260882854442e-02
1.768605690963885591e-01,1.704900074218786143e-01
8.988774565970986119e-01,9.223708094484109887e-01
3.290279788535344779e-02,4.350408923854344467e-02
1.211443803501726368e-01,1.173081636702292957e-01
3.167248973852092586e-01,2.990672351901632608e-01
2.218496081272293141e-01,2.602547404066105075e-01
1.075836195225741837e-01,1.067448173883634860e-01
1.798801723901477176e-02,1.883907591192356817e-02
5.776027845901001139e-04,3.621654944058698812e-05
2.444997234297450334e-02,3.057979297768088217e-02
1.618238630503814404e-02,1.685913303430449164e-02
1.952426114772900373e-02,1.869981659899343923e-02
7.119509479210628378e-02,7.484180491512755495e-02
1.635236547227167658e-01,1.625526528510491953e-01
2.129751309648807156e-02,1.501955251090505462e-02
7.077260303391352987e-03,6.017256640454877840e-03
4.547225966195510576e-07,4.000711503178197136e-04
2.117970467618191660e-02,2.062497205884991983e-02
5.055330354904130630e-02,5.691277155034690088e-02
1.472532939188185008e-01,1.233667437824255420e-01
2.169932557637302695e-01,1.905251300906291856e-01
1.533589946745345968e-02,1.058284627622092799e-02
1.896335657220577994e-02,2.239993167541480881e-02
2.044059881666895062e-01,2.146707842245239584e-01
2.416014429739631597e-01,2.702367987947731365e-01
3.893215668515002253e-02,2.912127643802380969e-02
2.866807783677305932e-01,2.568299725845693549e-01
2.960524345760185971e-01,2.969572915254451440e-01
9.823458183456904025e-02,7.760048223286461488e-02
9.379755406017534214e-02,9.582200517409003582e-02
7.265513455577653322e-08,4.028975846933399024e-04
2.602770420280222097e-01,2.862840908588029087e-01
4.986626952466152729e-02,4.175247580267106573e-02
1.431209460838951120e-01,1.557651869875296691e-01
3.337796285975112593e-03,6.437702625589633056e-03
2.470427784160063034e-01,2.209640189803028232e-01
3.451176502907092603e-02,3.442432974151658776e-02
2.905910218430314829e-01,2.606113186440666696e-01
1.766543349175301036e-01,1.580201804120086317e-01
8.945321417228835337e-02,6.364254959335791106e-02
1.672001482976051834e-01,1.523629773033048640e-01
1.883535033244287393e-01,1.889069901542723140e-01
9.517637097964175286e-02,1.191210608276812716e-01
2.081966465783851583e-01,2.091198457513335773e-01
2.645827550848305343e-01,2.754367904065527783e-01
2.660608177073165012e-04,1.106938116129627553e-04
3.545878778406767740e-02,4.045927782641010190e-02
5.794953554289572831e-03,1.823906859556484071e-03
2.464939360244229952e-02,4.010672368397314586e-02
5.173672725731952651e-03,8.362181768234770718e-03
6.271492228004788005e-02,6.344618048344237426e-02
5.394766461547483710e-02,7.356757579162781502e-02
2.872849332738662380e-04,8.199818910478431846e-05
7.468698235253803941e-02,6.692247601345495400e-02
6.932220256321225751e-03,1.119705981401362786e-02
2.346045403936077023e-01,2.050568784257456589e-01
1.472113560926676518e-04,5.452468490691102376e-06
4.421349948898038729e-02,4.082160954829365529e-02
8.218638101550475306e-02,7.027729749826940042e-02
2.256243090390296427e-02,2.603279777172494425e-02
3.613668370467948421e-02,3.686608487359269853e-02
7.635390334683960813e-03,1.010277940885056548e-02
1.274459736513851782e-03,1.207894685068547022e-04
9.549597505985529464e-04,3.993108871205719966e-03
2.622093177791532392e-01,2.710745680611114650e-01
6.624783641138512480e-02,4.685969951034311964e-02
1.860995329942421173e-01,2.017580406963039308e-01
3.543900703941819663e-01,3.586880017142171084e-01
2.543175431106761697e-01,2.347967303908319037e-01
6.771910375141963756e-02,7.016068746347027540e-02
1.857776957310834827e-04,5.439806326271858048e-05
5.979619422252221428e-01,6.017609364454272747e-01
1.981298114334847579e-02,1.466788666968121650e-02
1.185559701076014938e-01,1.012667871140659620e-01
4.260510568711807500e-02,5.494620477842251244e-02
4.132138822140864892e-02,3.567393818789076770e-02
5.006181054998715824e-02,4.657868234941094782e-02
1.678782879464380817e-01,1.578060974048941523e-01
1.746561383808169499e-01,1.346211036781509440e-01
5.328562218388272105e-03,5.492732137648864699e-03
1.281078362825964490e-01,1.089124295750076576e-01
5.537337702976243697e-02,4.749606054235067792e-02
8.801436229068404504e-02,8.754287304969290973e-02
9.194107771929251882e-01,8.960124951589081288e-01
7.319027283049669985e-02,6.507454427787486007e-02
1.976339434869194001e-02,2.049101319454925407e-02
4.853601056440844108e-02,3.759440245851693868e-02
1.528600122672091159e-02,9.584745086529275482e-03
3.596905341287175983e-01,3.763069528695454080e-01
2.591799137990943858e-03,2.318177534019211054e-03
2.374745691049814089e-01,2.343937053532919590e-01
2.321338540162897202e-01,2.412672499586379082e-01
9.698673281124682230e-03,1.711860948609988595e-02
1.203711261239729796e-01,1.390852114819727814e-01
5.972175872862031058e-04,2.340671486818620903e-03
1.209249044133136990e-02,1.800050994558647505e-02
2.865301092995534496e-02,2.170261351445005454e-02
6.502699750619692076e-02,7.617464039009236298e-02
7.532203637706675996e-03,4.610020666780722913e-03
3.923251666898053963e-02,3.017649883520761786e-02
2.333014602477905541e-01,1.848755138105244167e-01
8.047994697864509217e-02,5.929839886333811844e-02
3.563793710404714737e-02,3.105659505561549419e-02
1.220672134002191885e-02,1.686392328203554711e-02
8.626345440079424831e-03,8.611679602761707422e-03
2.879221611555305912e-02,4.779852247677345012e-02
2.277612888356036480e-01,2.558562307716346629e-01
6.979358749594961366e-04,1.268697758541243489e-04
2.686946790985220157e-01,2.340433749592243928e-01
6.603196481646671223e-02,8.385812670226318322e-02
2.442709629746297670e-02,3.043191705773752934e-02
1.305899477700437628e-01,1.099364676949136505e-01
6.675329936741219994e-02,4.794030685445160173e-02
1.593972781628673341e-01,1.550905192081739881e-01
9.932772085283425589e-02,7.756624181713166200e-02
6.267288226955186614e-03,3.497008992066708531e-03
8.190961032737703595e-02,6.318418068972997403e-02
1.021734017707557063e-01,8.721366226717137959e-02
4.566451085250142761e-01,4.506255173176412221e-01
5.895981162423191702e-02,5.362706888295203089e-02
2.529599995848236336e-04,2.028132161635457062e-04
6.988303431766551554e-02,8.654480343607268145e-02
3.546909549089781732e-01,3.705859853869091780e-01
6.253735685935291055e-01,5.984247790409936707e-01
1.110021948841528205e-04,7.264467413371189747e-05
2.009092135646347034e-05,2.573042930055175555e-04
3.424531251754498948e-03,6.732720712302483687e-03
7.097441040795637336e-06,4.060618662779440593e-04
6.103352968225998765e-03,4.130351949202401562e-03
4.159897035952452027e-02,2.982232108299660497e-02
4.430772422492560564e-02,3.968781800595013592e-02
8.406360410952763706e-02,9.992939042516676973e-02
1.298003936364202915e-01,1.361622990079764672e-01
1.270523484992310825e-01,1.233502823626602268e-01
2.680663813461667266e-02,2.943735131375047748e-02
2.201600102546953930e-01,2.202089165207581356e-01
4.042469388063640867e-02,4.054515203224282743e-02
1.394102670880407735e-01,1.306799992542715672e-01
5.722294426702010522e-02,4.984438485088236309e-02
3.582226247682133904e-03,3.584061052864125768e-03
3.117456312977204703e-03,7.738992806936614843e-03
1.252862201112744100e-01,1.532370277535816117e-01
7.914422360285024161e-02,9.809944363617631446e-02
2.627770503851981380e-04,9.377352272842400189e-04
8.063405620011530883e-02,8.985146735686386221e-02
2.194476364101409227e-01,2.087466469590731066e-01
4.117886965797188936e-01,4.076371111271605008e-01
3.317447339197016065e-02,3.386932829988097832e-02
6.328016077571191333e-02,6.647181726933744372e-02
1.620463533953431512e-01,1.574617902009878279e-01
2.765528328008022910e-02,2.669087043889111638e-02
9.861370603358353415e-02,1.042998231310692941e-01
3.774424151446551523e-01,4.101109694918299020e-01
1.495068127343913422e-01,1.624232297847481299e-01
1.824506213460723170e-01,1.787020896613005505e-01
1.373738450005680288e-03,1.017071972581674085e-03
6.167032483485783423e-02,7.205057754912023993e-02
3.217678887037279251e-02,3.939155153576801710e-02
9.485812496544981931e-03,8.802768923253422376e-03
7.489320905068539043e-03,2.562804598312287858e-03
1.527621610251184321e-02,8.967273021526042664e-03
1.290837989828868548e-01,1.375723958918078360e-01
2.509935981633952262e-01,3.077641076860904157e-01
1.201593836512246521e-01,1.342799137750337046e-01
4.526835797113554910e-02,3.145618304942433135e-02
1.871022173529533414e-02,3.789166022406323386e-02
1.479106913917396619e-02,1.472217254703371385e-02
4.542558109215588322e-03,7.293089716948661892e-04
1.718180459695553275e-01,1.562990723757787526e-01
1.922638519451155435e-03,4.041774160605327362e-03
7.395904728571059406e-02,7.958603726254270816e-02
1.177506585133683217e-04,1.124590777871670036e-03
1.586984923655661850e-01,1.681841189399770897e-01
1.830029404080140006e-04,8.491109860868854725e-06
4.906380067141580259e-01,5.095456804925810879e-01
3.411965148151450619e-03,5.816633495763292271e-03
3.176178628610725752e-01,2.835974487188365756e-01
3.964986296181320993e-03,7.139151397501226209e-03
3.444160322295223425e-03,9.579488703621887036e-03
4.917150568297698303e-03,3.846490475289170152e-03
5.483180833444992533e-03,1.376596857815167536e-03
1.379678224490502383e-02,1.401514509463305802e-02
2.243316469422444726e-01,1.868639577129388996e-01
1.865276680666115225e-02,1.826204132769608524e-02
3.948231556449985358e-02,4.446684518586691004e-02
1.322231944043197015e-02,1.534126910453700345e-02
6.683666815536778993e-02,7.646046697302787132e-02
1.691662266540145667e-03,5.193168557921130912e-03
1.596102855649315366e-01,1.699673926297661786e-01
4.867557532703325335e-02,3.576963833583444996e-02
2.583028157418402748e-01,2.361771101627050118e-01
7.146967679185493860e-02,9.493934167210872632e-02
5.177507572215628989e-02,4.768668550915833998e-02
8.502765904249416640e-02,8.303053827700512812e-02
6.632290501667802152e-02,9.484282029811384740e-02
1.691118001505502455e-02,1.562558000648097203e-02
9.760491437585931294e-05,1.929139627428885549e-06
1.606722502668125607e-01,1.690761069494223223e-01
1.409471981622779230e-02,2.193915378757950105e-02
2.301480377883130257e-01,2.164845936567112994e-01
4.882507086615484222e-03,2.028703450026872294e-03
3.556383754105768569e-01,3.499244140550443194e-01
2.484775057597082837e-01,2.438935262587043629e-01
4.015507001095433570e-02,5.690545415752874814e-02
2.443435171715433729e-01,2.484412682039956466e-01
1.457920377589396188e-01,1.446237347594675759e-01
3.433628163276972872e-02,2.116537510863533700e-02
1.166363464733544998e-02,6.234490802465871180e-03
2.030562787253807275e-02,1.638340127573746988e-02
3.357811055628068253e-01,3.333382267027993895e-01
3.445991270725322075e-01,3.321555355129438558e-01
1.606670750685829929e-01,1.850258345223170786e-01
1.748733994326973420e-02,1.799752756067384690e-02
2.390750095736264222e-02,1.593070686155242596e-02
1.248620280231115161e-02,7.685888770796366933e-03
1.556828615603491339e-01,1.326616086252838667e-01
7.144059245991647711e-02,7.466263317863187920e-02
4.021941919585436676e-01,4.035736288388578341e-01
2.138184391526341543e-01,2.666363411128144234e-01
9.773515152658070193e-02,1.149480919523945127e-01
3.724624781485750408e-03,8.709943042562664703e-03
5.113822729341686510e-04,9.718658202879829649e-06
4.077311909312250626e-01,4.012024714675315740e-01
3.028118953774143539e-04,2.715275528939498388e-04
1.263416951781083826e-02,1.266672588544900252e-02
2.609835270544659178e-03,7.341931526161083995e-05
2.189115245713640634e-01,1.896342753111225077e-01
8.855681480997704136e-02,7.759461582914217725e-02
1.554026699727940539e-05,7.216503236600261661e-05
3.952956227251604449e-01,4.199908552590786437e-01
6.538568210536560565e-02,6.535645260794514799e-02
7.187099259233470372e-02,9.043108317199149981e-02
2.038786002862145639e-04,8.908361566427441792e-05
3.482391678165216303e-03,1.948067795211934220e-03
6.212917031910911714e-01,6.245346560476693343e-01
1.141520486827514273e-02,3.626962818027789671e-03
3.399846212379805666e-01,3.227001500538121959e-01
4.444338617169709127e-01,4.409113078341130310e-01
2.387890809101857470e-01,3.079678703728878086e-01
2.114684831645199242e-03,1.548509961303169008e-02
2.308392680831060917e-01,2.141666258864000916e-01
4.502322974970612846e-02,3.407682219155187126e-02
7.166784787781005361e-02,7.612942989786770920e-02
9.307194521692735423e-02,8.555783424122316572e-02
2.723143172332683631e-04,9.034029845456418260e-04
9.874184520901334305e-02,9.075475779329816861e-02
9.458786819768380538e-02,8.748638035613107156e-02
1.663381236305681854e-01,1.952075250556150054e-01
2.949082472943876342e-03,1.428474389678165059e-03
1.018978266722225662e-01,8.066996395902797934e-02
5.337110659443024437e-03,5.701110161268565027e-03
2.250222140788150221e-02,2.570339090603443108e-02
1.432440559508105747e-02,2.627054405048171934e-02
2.385802797408106690e-01,2.809916145249976016e-01
6.485953258828021546e-03,8.884289941111346914e-03
3.011451869541317827e-01,2.872294539744392750e-01
2.249764042273086906e-01,2.184453468936361498e-01
7.047459590310893585e-02,6.788234296034559301e-02
1.519953327908213272e-03,2.516501485229112080e-03
1.443908716274018653e-03,3.765660313534510304e-04
5.691768347966202207e-02,6.967261611738899407e-02
5.311707911414283861e-02,4.740938660302825708e-02
1.708767612664033597e-01,2.104740361977490981e-01
6.612232573898028931e-02,7.071712270941934997e-02
4.499973217157342449e-03,7.598825622978075400e-03
1.964996193713261230e-01,2.360927646617258513e-01
8.954428216718320066e-02,9.514067558509882450e-02
3.783930523423492120e-01,3.895782334045972406e-01
3.278091691722850171e-02,2.712369310205713785e-02
6.549212859113201501e-02,6.800380505090633521e-02
2.582398012929769306e-03,1.605994208145614804e-03
2.380514717950116266e-02,1.956355754127440949e-02
1.970685230183698831e-04,7.373955710447087624e-04
5.996072934983191309e-06,1.138225807538562420e-04
2.348398118382421726e-03,5.436941738988697315e-03
8.193259300598677505e-03,1.494040537784719486e-02
8.747824193930092695e-02,9.370711659263236681e-02
4.205062094999581848e-03,7.043325175666692584e-03
8.180407577113150974e-02,1.061643855361451838e-01
1.527118534892455415e-01,1.650086028674443150e-01
6.621620115859513933e-02,8.238932249603063418e-02
5.576846707062977498e-03,6.953402917869976226e-03
1.117354477984634914e-01,1.444812958125253066e-01
5.910578066619492227e-02,4.640425635344781752e-02
3.175075903541532251e-04,6.209736786857339257e-03
3.684712013317153513e-03,3.143494669655528661e-03
2.220470841690576624e-01,2.332481475006072946e-01
2.437521305066318589e-01,2.524849035634780248e-01
1.984052801235581392e-02,7.984054479300711077e-03
4.292911655645941134e-03,9.937874584639760835e-04
2.726748794037681285e-03,2.917421977043607381e-03
1.601117593660113525e-01,1.470027688376258357e-01
2.252286048645512836e-02,2.875068508205096129e-02
1.542158656134964279e-01,1.568207001772785603e-01
5.266009594751573826e-03,6.153771617526068195e-03
9.044792403803733616e-02,9.422260040204731568e-02
1.972527380255818114e-03,2.502087979605780235e-03
1.032310770403154082e-01,8.873500702621531233e-02
3.315784625708185249e-04,1.029495550855072557e-04
2.008311404124931421e-01,1.911255021592281056e-01
7.939212510138656323e-03,1.281144918426213759e-02
1.555543106116470675e-01,1.340039320901357245e-01
8.520356474226613297e-02,6.676530143414274865e-02
3.419016669320355528e-01,3.577879362203711944e-01
5.263011372489842521e-02,5.339240926556856198e-02
1.103056804543812303e-01,9.683808099707255646e-02
5.086693759787053182e-02,5.487305905238888670e-02
7.423170021920473538e-02,8.203133858142347412e-02
1.104761518763668071e-01,1.133446009775749830e-01
2.823173873556837979e-02,1.962617628771616551e-02
4.544686983165555950e-03,2.782925142735627033e-03
3.018116301357793088e-02,1.175167234526557428e-02
3.664561819872022043e-03,2.594633060287260479e-04
4.535826318920370762e-03,6.500797959269214409e-03
2.547437827112547515e-01,2.505161909464030390e-01
5.511684485082059270e-02,6.701690908596004415e-02
4.714126013781386182e-01,4.978512289919033718e-01
3.364203962360368810e-02,3.335710376792977438e-02
3.282184766706640940e-03,2.616102913891192681e-03
4.820936028231418563e-02,5.336516426984717204e-02
2.753307038362614169e-04,1.072519751088284201e-05
4.950699320436293682e-01,4.611287150157495907e-01
1.081984892615260319e-01,1.167991938377427180e-01
1.198502305207608115e-01,1.334170142381951307e-01
6.910735399669731827e-02,5.524372201470109656e-02
3.751044654720189220e-01,3.818807639521537567e-01
5.291059337977356558e-02,4.502685539563686112e-02
1.103789873323334295e-02,1.225532033186135100e-02
1.580885469247261532e-01,1.316566215985220667e-01
6.373827715953649109e-02,8.446491676516913738e-02
1.269968688651298971e-01,1.221040572515129374e-01
5.383302413370030792e-02,5.084650611219365679e-02
8.273048645197661477e-02,6.344789831567416993e-02
5.189374269391779093e-02,3.547805291534017469e-02
3.933730978424045815e-02,2.973860975946234636e-02
9.441516344472241154e-03,6.803882198773436758e-03
1.985168926989707219e-02,2.964581708077000666e-02
5.721775473181877269e-04,3.769157058418098026e-03
2.362013565103173243e-02,3.541212498588796470e-02
8.237335107926303454e-03,8.219210843396180383e-03
2.902962500903566445e-01,3.030761985897143518e-01
7.865903345318966955e-02,9.085470639823758909e-02
5.748612499516446601e-03,1.048461660547911171e-02
2.510628284407042613e-03,3.142724894043875776e-03
6.170289793904752511e-03,3.129207775196516089e-03
6.601833552720545728e-02,6.830571739387485131e-02
2.808540285316850349e-02,3.128505881377436487e-02
9.542771204634134530e-02,9.755216771857380675e-02
2.249581928165955980e-01,2.303968172173113116e-01
1.513291023157258552e-01,1.590481062719603655e-01
2.918593888702472605e-01,2.915220029441837890e-01
5.438926770543527599e-03,3.799973486263399664e-03
9.036232802737294290e-02,8.261166257805142854e-02
2.839658588140277695e-05,1.441481482450413811e-04
3.935045152680032021e-02,3.180298323136808436e-02
1.041684867799926723e-02,4.027770147622424662e-03
2.079806736553088328e-02,2.126364464004470989e-02
2.884618933545360191e-03,2.970476390380380255e-04
3.283814541136805681e-02,4.271093300422220546e-02
6.058576807222065645e-03,7.799712394259280049e-03
8.223851156984055000e-02,8.275010028684076646e-02
2.030326771270632713e-01,2.157846444203387615e-01
1.209825938045811372e-01,1.355568223820142193e-01
9.010891035500202210e-04,1.365945843879644522e-04
2.881766512230876653e-02,2.384410748927910662e-02
8.421406248612266221e-02,8.244914936980006492e-02
8.584443055823734068e-04,3.538479204082114679e-03
3.506435890116656510e-04,4.433649493419989664e-04
8.365083236843483261e-02,7.712371852481939016e-02
1.431455895636087328e-01,1.123145281598488532e-01
1.469243622909529590e-01,1.655036811330000135e-01
1.209890773250966826e-02,1.285576722366323782e-02
1.146223169296012312e-01,1.164564789248656029e-01
1.008529467386020118e-01,8.494965880607852071e-02
6.448771475545947429e-02,7.100674989893650257e-02
2.714805335471918157e-01,2.709540533550193198e-01
1.030761442698612251e-01,1.095032855708999581e-01
4.564684469147451545e-02,4.581232946126400501e-02
2.253784629645189941e-01,1.794225858822870723e-01
2.414021666144411382e-02,1.462225186527043447e-02
2.532525305875638413e-02,3.254540147433736264e-02
1.407847418063384037e-01,1.397454309968187980e-01
2.669052301289399631e-01,2.765622784190971961e-01
1.063343176971043996e-02,8.272739235886802586e-03
2.254693749534213421e-01,2.035979071342368663e-01
4.560364804634724212e-03,7.800121519962425684e-03
1.484850407041444532e-02,2.580358843812875086e-02
4.791325961620189200e-01,4.453716309024187137e-01
5.724514799845812490e-02,6.338726704948076385e-02
1.976555944597045700e-02,3.031500915511919220e-02
3.436601657285501266e-03,7.056164531316549754e-04
7.104762738278901264e-03,8.593845581056877223e-03
4.257246991062276636e-02,4.674067214654273328e-02
9.443986077150960667e-05,6.122650525273710910e-04
9.054171504087321631e-02,9.259005849700971402e-02
3.177503335690257807e-02,3.602647186416924052e-02
1.231850864872366391e-02,1.574883593076456534e-02
2.800232371160905204e-02,2.949203372768522194e-02
3.698001470834516363e-04,1.442244469930121587e-03
1.665276178248458958e-02,1.866324540192972406e-02
3.036754327400272707e-03,2.430831678178442274e-03
1.038619969187788532e-02,1.231310582827740280e-02
4.581922530430430907e-02,5.503626083746919473e-02
7.951810959488637975e-02,5.989718890438431448e-02
9.624953017613520345e-03,1.643450523617434947e-02
3.722668498771564832e-02,2.158506393024624964e-02
4.924076132406137729e-01,5.303879107446575203e-01
1.847611092273439282e-01,1.837710791415810840e-01
1.192047129611092104e-01,1.371248013460689974e-01
2.429214365885153104e-01,2.678171847337764144e-01
3.001340608444632019e-01,3.426123187286859162e-01
3.757303426256523582e-01,3.969089325106397448e-01
7.016740921129356601e-02,8.545049614861735532e-02
2.313869277088867818e-02,2.099150800213160986e-02
2.148828309479157428e-02,2.200584568164034791e-02
3.385833965665827755e-02,2.426730667819942261e-02
2.390100050193210424e-01,1.942360221023459177e-01
2.392537747677400406e-01,2.646130186381367988e-01
3.942346231988557922e-03,2.845593235909819885e-03
3.362883177140693625e-01,3.505409376434678315e-01
3.473210787384916481e-02,3.925391656808598084e-02
3.199444383584903497e-03,2.395099579163908598e-03
1.008847366740895229e-01,1.424297239386891900e-01
2.435793106000148367e-01,2.575195736852771144e-01
1.692173486498210200e-01,1.691117742893800679e-01
2.222431721269480095e-05,1.128802179573454263e-04
5.954368010989630026e-03,3.896727625651563980e-03
2.082335974781317559e-02,2.596227679801879976e-02
3.637238282440607463e-03,1.987093234600042189e-03
3.539591703449821748e-03,4.981397585435929157e-03
2.333087919461388719e-03,1.107650454916665229e-02
9.210692982120858008e-10,6.462832927314839018e-04
1.699392607575992142e-01,1.877838883301734541e-01
1.330142854840934974e-01,1.527275744440966809e-01
4.674678213470600391e-02,4.964091474235782231e-02
6.477833107433582371e-02,8.068758171812082103e-02
6.904734714019937492e-02,8.334150062232953404e-02
9.843400364662878432e-02,9.246311088508384068e-02
7.347984317963253409e-02,8.426499178362824305e-02
7.821171624058861904e-02,9.032753300994739165e-02
1.467098911795031713e-01,1.272135636981074347e-01
9.210609264783894967e-02,9.600593996500525473e-02
9.113986503945882556e-03,1.308783894249125265e-02
1.480037978011622228e-02,1.956981470593022535e-02
2.188075487564553057e-02,2.734056534389531570e-02
2.405110891689322961e-02,2.940330161819327062e-02
5.073706196942150137e-02,6.162756727106805110e-02
1.962404773747874684e-02,1.833699803101427814e-02
1.062598094637246249e-01,1.391199469884505657e-01
9.494101014960019957e-02,1.067458789814271364e-01
4.048764777906507101e-02,3.208686210282176571e-02
5.897107438573931937e-01,5.943320887854733892e-01
9.433467242348684374e-04,2.801043655120466686e-04
3.384567694497424631e-03,3.211349534588493326e-03
2.312858187193854703e-03,2.676099665874059810e-03
3.604421138093640287e-01,3.478597611374820153e-01
5.333475417565608501e-02,4.336815982211463666e-02
2.090273919077414999e-02,2.816926667595914119e-02
5.944090746154907512e-01,5.737104302582739512e-01
5.655454471290096707e-01,5.821098612267262551e-01
2.804033066995117660e-02,1.825362748339645971e-02
2.811414345639317025e-01,3.052235160939254510e-01
3.914441873000931160e-01,3.632567591592673062e-01
3.331227558223747148e-03,4.309642712740311028e-03
1.450363630273312499e-01,1.400156698973330505e-01
1.017429764767472690e-02,3.484973093207190380e-03
1.413711059422551874e-01,1.365736189381299148e-01
2.502528444166557953e-01,2.342450028868951206e-01
3.019053219531242505e-01,3.261540861319300877e-01
8.763145826718209748e-05,4.125372676125702172e-04
1.861898317085827759e-02,2.566024566793446288e-02
1.905169117895643294e-03,1.654279566679123367e-03
7.298359199305531897e-02,6.536679167028416892e-02
2.608856058133503654e-04,2.503605343648942745e-04
1.299781520141520506e-02,1.109877660905199404e-02
1.582147483173953692e-02,2.864459682304163965e-02
9.971173888539083263e-01,9.915819366349362118e-01
1.117671381325294243e-03,1.199774863011207225e-03
5.717596968818391967e-03,5.543250662073349704e-03
1.534346652660992163e-04,7.114057107215180655e-05
1.859368460207991014e-01,2.018708686330050739e-01
6.143381860575549032e-03,5.198639935905351173e-03
1.139189868300692068e-03,4.028902464761537419e-03
6.632372999513631573e-01,6.931259120406408902e-01
2.892707228246392259e-01,2.924880370864999524e-01
3.426104814175854330e-01,3.463988788622152093e-01
1.053728384363183529e-01,1.230084234485258471e-01
3.493703170224785604e-01,3.878333649558224350e-01
6.702538934671291304e-02,7.294818520288762209e-02
5.281941301556380280e-02,4.954541281086042442e-02
3.853857875002996737e-03,9.678434011372304439e-04
1.217505371238454537e-02,1.679927469923852765e-02
1.011366076234036515e-01,8.736011437530208368e-02
8.491634207370951648e-03,8.838331292630584313e-03
1.875600494257606554e-02,1.093937236400669734e-02
2.658202987515938601e-02,3.049060712161334036e-02
1.564133793332866673e-01,1.613064264771965906e-01
2.886608485715956296e-01,3.290750286879119968e-01
8.649181990272901410e-02,8.009232713303610085e-02
8.063764880841647886e-02,7.743527354525524264e-02
3.284188548862005275e-03,4.258342474948208396e-03
3.813844133714486273e-01,3.821753605340312276e-01
2.047177012251915895e-01,1.958298388405401158e-01
2.672778600953712794e-02,2.424023130758970815e-02
2.976493339359172902e-02,4.512372955071299735e-02
3.106239232409742823e-04,6.516459483770178809e-05
2.402731923220412513e-01,2.127902369162437135e-01
3.160029799533874834e-02,4.129574481546860465e-02
2.656208358154478824e-02,2.771211744592198475e-02
7.782856747004634470e-04,1.467801745165646984e-03
9.049000232103580899e-02,1.288222019404845764e-01
6.496635400119366022e-02,6.575447000494966110e-02
6.837481704749333832e-03,1.482945148403398868e-02
3.297029927900588936e-02,2.570464845674466300e-02
9.380586295006196340e-02,9.704809609590274444e-02
6.696839799368118360e-04,2.439363112212418125e-03
2.511530156959042026e-01,3.053634373076344888e-01
2.506758502818299261e-01,2.695626863795468342e-01
3.160765841040793361e-02,1.828599127656627132e-02
6.396319899793374841e-02,7.561560408999934424e-02
2.924316587530121150e-02,2.823176837571304484e-02
4.599916473453397742e-02,4.533362891325536104e-02
1.880301941486793860e-01,1.977009282266737611e-01
2.518561809341190311e-03,2.483244283195273124e-03
5.323197725228568933e-01,4.996308991030005697e-01
3.505290705500940796e-02,4.150008640622405987e-02
3.391192005553416572e-02,4.051598570618046569e-02
1.706191281798576653e-01,1.702007535982776321e-01
4.363071353586274459e-03,5.178914710880262381e-03
2.620539059162805558e-05,1.511394367892657036e-04
2.235491958472033205e-02,2.896144050004297033e-02
2.202507288163715604e-01,2.109811351601358076e-01
1.149945283925910174e-02,1.785047706472682807e-02
2.197411111653613594e-02,2.792941880170375993e-02
1.820347137855066535e-02,9.569892563028413804e-03
1.401639944515675057e-02,1.475550394927729533e-02
6.836308696548244468e-01,7.294602502426565938e-01
1.391171752963391202e-04,6.628273801476931500e-07
3.754957125451280613e-03,4.261978856857527240e-03
2.377438296868168710e-01,2.292926862544956979e-01
1.813302957097444323e-02,1.787120468871786216e-02
7.749816339190741810e-02,5.062411726776164939e-02
2.551099107381845504e-02,2.688625606595532180e-02
1.810085183551334411e-03,6.468418821287641278e-04
9.110874038911806472e-02,1.155171407285083551e-01
4.630820620799788734e-02,5.579003002273685147e-02
1.933839382235984783e-01,2.087561624600412780e-01
6.984286965661212765e-01,6.719957676805277114e-01
1.943537714458232549e-03,2.242061179818242815e-03
9.844235986312082146e-03,9.426973024401473847e-03
6.097828471153359242e-01,6.389227323100203915e-01
4.718672783585924069e-02,4.159136431539282169e-02
5.134085645012247779e-05,7.547244764877085563e-07
1.937426303917824666e-02,2.285648101338597776e-02
2.364395941261967441e-04,8.538051504365355856e-05
2.887122803793167047e-02,4.016746666425694695e-02
1.759500460473619465e-01,1.615916503136713978e-01
6.609330741484825689e-02,6.425533097386253167e-02
1.274623312907954831e-01,1.329979852061734524e-01
1.877526419062421903e-01,2.173847409807934672e-01
1.053814162736752859e-02,1.340522752694633425e-02
1.431822741134952844e-02,9.309499245878306156e-03
4.340334714567582741e-02,3.731522103783860983e-02
1.578946604049865088e-01,1.282323039081560700e-01
1.393686884424149425e-02,1.936215920389708356e-02
2.661010969076267330e-01,2.671906897372979817e-01
4.047650103185439496e-01,3.892199050733601284e-01
1.011063038960523242e-02,5.833809049421486564e-03
1.211044505913083102e-01,1.445041306925421987e-01
4.985317785072564817e-02,5.144399950154354001e-02
1.424112162748985460e-03,1.677708438220534923e-03
1.110176410760826612e-02,1.516044121154589384e-02
1.466031849379569301e-03,1.172054570557793350e-03
2.372381782742749579e-02,2.836110182420637643e-02
2.035794467434675487e-02,2.513505594305878374e-02
3.007507450133256599e-01,3.050402717979984191e-01
7.472497438180659979e-02,8.098617086693332690e-02
4.089053372753465032e-01,3.787295146977692206e-01
6.537007729123382738e-02,1.026814964112836848e-01
1.775100171526855231e-01,1.727553626158557509e-01
3.335871493375688196e-02,2.233218272669658735e-02
4.054299148637605099e-02,6.074732642803852556e-02
5.989420855882591349e-02,6.337917807084735011e-02
5.420286772236790340e-02,6.424036078326977872e-02
1.171192540732470810e-01,1.150908443634614392e-01
2.897813943994356420e-02,4.112976554251979167e-02
1.585836478710426489e-01,1.556189798898492682e-01
3.451759883327364803e-02,5.305863682704729800e-02
2.470684279339717682e-01,2.136279688692574730e-01
6.477884044651188722e-02,5.445885388517853615e-02
3.018665139843509297e-04,1.512507828955034923e-05
1.154410615661372562e-02,1.441489825571967177e-02
5.394061231026893270e-03,5.568825330496256568e-03
1.034805889927934569e-01,1.042044827437323268e-01
8.510119151840127077e-04,2.407883214946672859e-03
4.618187281671568001e-02,5.309848898669918688e-02
8.651695767198364778e-03,7.843506014850679803e-03
3.394454844446655878e-02,3.111132985840172824e-02
1.891363505957895010e-04,5.126113228544577211e-03
5.639517081983702607e-02,5.056572804239389818e-02
1.124159032446692547e-01,1.318318667232333263e-01
1.531077170545483597e-02,1.456364242527103010e-02
3.183768869684378266e-05,4.897792549664947226e-04
8.258293045700845769e-02,8.676923807545006140e-02
1.334102771716164371e-01,1.443108494172559708e-01
8.916390857385925184e-02,1.014727599915686423e-01
1.309481044653348358e-01,1.222420817082317257e-01
1.170085566892034162e-01,1.208350932027365404e-01
1.464558444663431776e-02,1.000001556378475251e-02
1.808366630731233216e-01,1.702735828190389267e-01
2.907666864493816394e-01,2.893298974825909142e-01
2.478654870399155802e-03,2.421802209051519827e-03
2.547699008269518547e-02,3.235394299763331982e-02
5.089180014189225165e-01,5.668081868831666981e-01
9.049567099415652127e-02,1.020676728613355289e-01
2.269261262790832345e-02,2.709269096746209568e-02
4.428765028462813846e-05,9.155423651350180162e-04
5.500135025098909503e-02,6.909546768958282903e-02
8.178587703724306268e-02,9.211836906329588792e-02
1.522911059367298113e-02,1.389915042934140345e-02
6.261471924671429927e-04,7.987986757799506394e-04
1.438778085044294629e-02,2.050822619414508635e-02
5.801241087766990934e-02,5.928864394092766416e-02
9.365984928062920378e-02,1.170691266359612792e-01
1.870770771135271335e-02,2.124005088781918960e-02
7.203812255099121056e-03,6.810607361096092036e-03
8.124324692697418998e-03,9.512964917574860332e-03
6.703770722202166688e-02,7.086924352955212281e-02
1.810257766518416911e-01,1.489758279685754749e-01
6.266023750000900006e-02,6.054700684417189255e-02
3.172875510383254410e-02,3.342115238170415698e-02
7.091886819023313082e-03,4.131060881899245238e-03
4.629522993957153681e-05,3.020128156427946188e-04
1.276348904030819367e-02,1.646191824122610059e-02
1.623034394710704542e-01,1.620588466559117202e-01
5.364503669952301601e-03,7.099181553354893572e-03
2.897535675234174518e-02,2.100422396083535814e-02
5.568371610534826599e-03,2.951694078724616602e-03
1.303192126750908272e-03,1.093842079884783935e-03
1.934934074569666373e-01,2.001411635176897075e-01
1.007760101330553715e-01,9.167163382080874279e-02
1.265942889202971433e-02,1.011687540757037936e-02
9.835834129794997216e-02,1.119553378332607124e-01
3.331895586160522893e-02,2.223200528874382312e-02
1.441544499233174403e-01,1.414436285315494868e-01
6.222486368656583028e-02,6.546518187971624159e-02
6.131023213904943439e-03,6.826604646405620008e-03
1.040106208098971335e-01,9.996030014555518095e-02
5.414372864391921170e-02,4.268420378745423072e-02
8.080881105890769245e-02,6.188667487210767343e-02
5.395098423523182751e-03,1.491531046656633568e-03
3.116880706585597322e-02,4.262050556610426366e-02
1.388397574968459024e-02,2.162796225267381300e-02
7.048583420129731977e-03,9.693591545519859853e-03
2.781616494777010602e-05,1.216319863112792366e-05
1.422875764604086303e-02,1.186301462419797788e-02
4.614203285114527875e-02,6.283856305462899583e-02
1.570958826024522192e-01,1.989720519739991700e-01
1.493078380190104026e-01,1.795931946394595247e-01
1.365483240231838129e-03,1.930348308210513017e-03
3.452430920781928148e-01,3.685548916131682895e-01
3.047731398352179506e-03,7.772208875827111424e-03
5.350062132628697481e-02,6.246252051352765150e-02
2.506200557836313694e-03,2.115781709155094628e-03
5.380174504228139106e-05,3.848260080802165138e-04
7.970537002252428005e-01,7.412240255961469737e-01
2.101753615939666586e-01,2.328558449575283129e-01
2.022235647887851012e-02,1.837979107724174027e-02
2.263968733939547284e-01,2.047057831717433440e-01
8.285244345737094451e-02,8.037876717006441074e-02
2.729710536105958447e-03,4.545586065371784272e-03
7.662328239041900357e-02,7.846387008494522253e-02
2.371529089926097469e-02,2.134108731742111534e-02
3.028109183811718008e-01,2.879938725191583115e-01
3.140422020983528739e-01,3.265747384667236353e-01
1.820865090753691906e-01,1.943291779549995157e-01
2.167397602046428875e-04,1.115816736961075875e-03
1.460402175327483454e-01,1.325794054929045340e-01
2.961716763979605482e-01,3.037535650480003846e-01
7.693743996918708805e-02,7.494871051590598632e-02
5.923922115021741132e-03,4.807848489832812315e-03
2.795968200446082852e-01,2.634554396831634282e-01
1.218470293059340827e-03,1.247333962710321556e-04
7.659689571444835976e-02,8.321567598291519652e-02
4.760774376467287634e-03,5.041433516795635478e-03
9.119562029623686644e-03,2.205001527531757263e-03
4.263172804546130901e-01,4.091007342525442292e-01
2.262334105763678244e-02,2.530797780977654329e-02
2.264147467987401643e-02,2.032708638796781181e-02
1.282744696592481026e-01,1.089136228820333369e-01
2.110544323680256865e-02,2.047923024936273290e-02
4.957915444553612216e-02,5.782934941267609680e-02
2.443019058469090427e-02,1.892497709319229671e-02
2.790900417147796492e-02,2.628863149974465518e-02
3.422820225081223133e-02,2.589219042326808620e-02
2.009365455238586781e-03,2.049155511320356702e-03
1.216962893896530312e-02,5.772852236869188518e-03
1.367365593972613008e-04,5.653344150454265129e-05
2.025022257241132495e-02,2.821030734996712863e-02
1.816377469780347254e-01,1.653985605656949354e-01
2.819206895318676978e-02,2.704568634689214976e-02
1.210411858049713074e-01,1.072810186441923858e-01
1.021747229526825257e-01,9.120550664804848162e-02
2.196812745051042210e-04,2.749402744845557377e-04
6.529036596167538294e-03,1.538425108810178481e-03
3.360700947520636750e-01,3.250820165411059670e-01
7.819057865747386371e-02,9.226125444092639349e-02
8.917045688161989725e-02,9.618586714154338246e-02
5.581159634526122737e-01,5.559031585774198980e-01
7.302126477256938308e-01,7.767896890481532646e-01
7.794322635067138863e-03,1.304399923515686330e-02
1.145390609093741713e-01,1.207448118632993700e-01
1.996390743834799107e-03,3.762355509988991788e-03
6.912631118573057953e-02,1.005468269309557627e-01
3.563722865761767000e-01,3.500902621225773226e-01
5.514397333258081596e-02,6.410391461102607491e-02
6.287809320025242177e-02,7.134445889082559333e-02
1.449062832082580465e-01,1.112813736778812540e-01
2.601587725671372208e-03,3.354339286946737223e-03
8.994361484668124407e-02,8.924644298830274047e-02
5.810204699582177581e-04,5.841643412049426359e-05
2.027021886267983686e-02,1.614283627767854404e-02
3.682125040490914075e-02,4.951065828715767170e-02
4.381493229153507127e-03,5.444288590350909035e-03
4.924413910922514903e-02,5.072767610497611740e-02
3.344403647592951445e-02,3.162890053058430712e-02
5.373686846420286378e-02,3.970397971824756594e-02
1.100928835757954416e-01,1.023181310960476209e-01
3.145669233134339993e-01,3.464956208458804254e-01
8.799966249504839744e-02,7.504413487170094599e-02
6.893452722771168870e-03,1.701453897642481172e-02
1.278509835529469119e-01,1.356928490277116151e-01
1.190271215625448020e-01,1.435526692938703663e-01
1.528464808164343289e-05,1.595433457380770245e-03
2.751741008458542526e-01,2.541221772607881180e-01
6.521420454237821795e-01,7.105555103601740585e-01
8.146101621558509299e-04,5.105765680002167378e-04
1.367015428450504908e-05,2.276362848666756860e-04
1.551690359273519672e-03,7.394515378130635253e-04
2.230415881941188311e-02,1.689543469556182773e-02
3.136774230860304158e-01,2.942393864033179818e-01
5.041149805335359141e-02,5.921729557627807006e-02
9.366502660334187144e-03,5.448675886230781515e-03
1.188763746313540454e-01,1.395779926608171351e-01
6.071923342371007750e-04,7.132451479869696218e-04
7.687234345768670894e-03,1.297704693737166196e-02
2.544415561184155527e-03,4.050020985654844514e-04
1.059186769636701053e-02,1.432388612392212004e-02
4.496781643046997984e-02,3.553275914262084972e-02
7.546480197060834172e-02,7.344691911946031604e-02
4.367165038241858921e-02,3.048084761126817685e-02
8.329481844736679186e-01,7.782449855916169223e-01
9.012032952502062322e-02,7.893850116755503354e-02
1.125524091081179651e-01,1.204784391445880981e-01
9.618705742876666742e-02,1.075089183225371031e-01
1.248854197023728258e-04,1.719963323864118383e-03
9.254282891032032665e-02,9.636741775280026345e-02
3.385955301247805735e-03,5.647387913575753482e-03
5.925391123249242054e-02,6.543908920381732996e-02
9.654294292373378009e-03,6.243050616238942675e-03
1.361965839453042892e-01,1.248515113262723686e-01
2.831423081304810119e-03,1.081006075886800557e-03
1.056054296799832509e-01,1.152768452737457233e-01
2.929855626528678637e-03,2.504356258910800902e-03
2.499487116962462868e-02,1.648845421542684958e-02
2.682586447079859590e-02,1.967214225817572049e-02
7.710210191882799213e-02,6.459801791282038241e-02
1.123830687509354970e-01,9.687424585216969364e-02
1.196207326333382365e-01,1.254211963831012855e-01
6.713786580603503529e-01,6.719814395247108996e-01
3.822764912207326393e-05,4.657199556525278331e-04
4.888634517793132017e-02,3.812723367470366442e-02
5.689344038317298291e-02,5.220282611394593680e-02
1.450569867049228065e-02,2.612625503760535386e-02
2.787994023153442247e-01,2.788181852590387866e-01
9.023045649332121429e-03,4.315587938308400665e-03
5.817358164804018426e-03,4.047071538290272774e-03
4.069055830321344214e-02,4.398664946816285143e-02
2.115669584790964286e-01,2.641589799342617395e-01
4.974164717739434916e-02,3.498187014048789734e-02
2.823446895769916865e-02,2.687776556497954369e-02
9.427433472624151267e-02,9.553678105218638139e-02
1.823745886773222857e-01,1.728886095670471301e-01
3.525983866320143122e-03,2.455178159506854908e-03
9.366973424035193035e-03,1.805953285551624432e-02
1.979086756587683515e-02,1.128201098662537545e-02
3.997907582877004590e-05,4.208957045437055228e-05
1.707065904637947995e-01,2.012902889343021196e-01
6.678566217209837286e-03,5.576555127341497123e-03
4.437865052314597869e-05,3.245294623193713669e-04
1.953754345077194365e-01,2.198502061966264298e-01
8.804650681549124058e-02,7.834105943868148458e-02
1.940578476480345482e-01,1.851940323381949249e-01
4.097282799402705150e-02,3.558632042442705368e-02
3.109057674030432303e-02,3.140679193706022443e-02
3.637171454865604364e-02,3.884241259907586508e-02
2.610824883187224180e-02,2.060763242582179522e-02
1.543274079392772391e-01,1.569260739353855738e-01
3.659549996666565663e-01,3.789157359333494290e-01
1.900005016926017282e-02,1.585121206096644364e-02
8.408782962780635140e-02,9.171908243082410594e-02
1.015881787346710058e-01,9.005259839270136901e-02
3.969697203403109165e-01,4.173035768171229898e-01
1.308678552287977429e-02,1.161558521585938884e-02
1.472529979483058193e-01,1.413305935635519872e-01
1.956450003291565032e-04,1.524639829806929167e-04
1.133237326687372946e-02,7.244967931816975737e-03
2.044042758790296042e-03,2.346685654996965350e-03
2.131506465387905669e-02,2.299654780865676915e-02
2.561779157985133448e-01,2.304351874090800056e-01
4.963210690736496664e-03,8.134511596066552538e-03
7.958889614780087496e-02,7.594657521628973840e-02
1.037115358898273165e-02,1.701282402518728906e-02
2.291134181922128629e-02,1.491893096577194544e-02
7.232171670549773779e-02,5.595550734257172948e-02
4.963751577854055852e-02,4.865407328178731478e-02
2.232082769756248304e-04,1.471979321506737136e-04
1.284567220436624597e-03,1.411620876452860524e-03
2.710741749312296084e-02,2.899627614465916103e-02
2.256955718976707548e-01,2.244464915632010116e-01
9.242626715142640559e-02,1.171317097259507306e-01
4.707659030587086485e-02,3.939418848023795022e-02
5.712638210200491340e-01,5.353764560539088224e-01
1.852658331002329795e-02,2.264279000113281204e-02
1.204139760471398604e-02,6.492260809360448151e-03
1.435362848194221830e-01,1.429279115129269973e-01
2.487950726619139047e-02,2.368255809903979658e-02
5.693305553619346787e-02,4.424251587422865784e-02
4.249859409305310060e-03,6.803529704264226798e-03
4.660369713166852557e-01,5.075599013593311559e-01
3.419439187840415673e-01,3.332526551994421382e-01
6.132297948016696837e-02,7.617284158868288524e-02
4.975662061295944155e-02,4.630688271745758700e-02
1.709904698967591209e-03,7.504397115657019659e-04
6.117087797014509470e-02,6.699819816105875847e-02
1.451373912225684404e-01,1.610734158164636998e-01
5.978303451688835729e-02,6.017354007236042773e-02
1.251652705126433673e-01,1.665227707623803954e-01
1.886968230599480744e-04,8.375045038023744420e-06
1.745569733201459209e-02,1.932657202924052686e-02
2.254498166328252826e-02,1.436402313277908467e-02
3.979111485756379185e-01,4.179190761145260002e-01
1.055449501311775118e-01,9.590053945882327791e-02
8.428428487561320792e-02,8.662478178594616718e-02
1.037101922893068212e-02,1.633219822247500980e-02
6.282499447586965824e-02,7.091927314447843411e-02
3.115550461949535554e-01,3.068491265386609768e-01
1.985449362648483360e-02,2.220568604848686609e-02
1.194974255890494941e-01,9.652810197928360370e-02
4.581974827868084965e-02,5.418706255819898815e-02
4.352152230165803881e-02,4.030974165518731722e-02
5.079383457820075068e-03,4.549594093874943096e-03
3.884677323889563182e-03,3.194126997666975332e-03
1.077962807460689093e-01,8.855638115134457922e-02
5.932429630106947349e-02,4.970302712248651084e-02
6.105270825214414304e-02,7.817062988695458459e-02
6.809517699909337042e-04,3.647414088046864694e-04
2.752254079358588262e-03,3.553063289508246771e-03
7.639690392503128286e-03,1.821368022578708510e-03
6.329637886258432898e-03,2.833286549026223320e-03
1.400860331595650977e-03,2.601254908154066164e-03
2.734415316691974354e-06,1.011618587520478140e-04
2.007765832407304718e-01,1.888112626353124213e-01
4.874821407521439526e-02,3.701777471603338865e-02
1.429741454658371436e-01,1.399558162053890220e-01
4.351763729014935904e-03,5.695236648170186149e-03
1.761802380134465038e-02,1.707645984430040606e-02
2.078162511896058384e-01,1.788191172112523764e-01
1.806293107520985652e-01,1.630531357957809846e-01
1.977962927230846046e-01,2.117354840972392738e-01
2.091230344022178278e-01,2.246330993113195285e-01
1.142739539431710943e-01,1.093614834599841573e-01
7.803816568634877604e-02,6.040858243177295306e-02
2.707483276843616893e-01,2.982923488308649174e-01
3.729465806778222304e-03,1.878499723989605951e-03
1.193927743089642085e-02,1.352598063561983623e-02
2.139132070389867801e-01,2.089526537595083056e-01
6.798452063300926274e-02,7.512176164029543690e-02
1.145759812842753605e-01,1.040057801358849066e-01
7.643015342857760464e-02,7.312146333002998710e-02
1.257197897422158289e-02,1.091255205756918797e-02
1.685199027397905336e-01,1.612728239329961344e-01
6.739204788834010640e-02,8.077667621002600218e-02
3.214842623490620985e-03,2.823314938334881962e-03
4.540369448801855751e-02,2.543480139964071629e-02
1.641551675351320865e-03,1.837906268199540963e-03
1.471758723315190753e-01,1.644612808196613263e-01
2.181686929688337051e-01,2.474036792745396562e-01
3.315303703066035425e-04,2.245425527822302904e-03
5.577767644610284181e-01,5.910193275854639383e-01
1.151372010388824509e-02,9.158068885582862362e-03
2.454522775575720267e-02,1.707583760766184441e-02
7.844985559904391363e-04,9.727501850490743529e-04
7.214348482900601015e-06,1.893195888679344708e-04
1.527546841545202316e-01,1.527786385131715274e-01
6.552021016348212601e-02,6.249693673732364257e-02
1.260025990155194675e-01,1.103139247555164904e-01
2.831149033451592634e-01,2.616437805006409101e-01
7.184642493889634718e-01,7.168584588910299482e-01
1.085842361181232202e-01,1.184347836464494097e-01
2.658057319856026515e-02,4.005605391866515208e-02
3.689794366734500813e-02,3.493156002059628201e-02
8.453283843158742716e-04,2.243275955292298342e-05
6.895527452179656125e-02,6.210269985219560307e-02
4.106445146106727645e-02,4.470574117191592617e-02
5.987808214967654807e-02,5.124831373592111244e-02
1.122748139686764457e-01,1.151463397410936312e-01
4.662299165813173218e-02,4.372125988207484909e-02
7.487400681662194357e-02,8.273560877932126245e-02
2.722761118232759603e-04,1.929597183879901391e-06
1.476856342913029085e-01,1.502606306888320253e-01
2.221379977545740944e-02,1.800616890290515637e-02
4.622033552979853965e-02,3.122257634768377949e-02
4.190219406213236894e-03,8.911490389844786003e-03
1.680026053160303678e-02,1.847179045984660012e-02
1.107098942212961096e-01,1.145971848080082067e-01
5.588723631610991458e-04,1.017236424522880312e-03
1.794084089124334692e-03,2.314935462462087892e-03
6.158837370812729750e-01,6.263622415696336043e-01
1.250717442115118622e-02,1.720900912946622674e-02
2.816287702381626776e-02,2.235351922772781455e-02
4.253501580009251548e-02,7.123533086009939397e-02
1.084401098008776210e-02,1.260727375493435679e-02
5.017649525721752483e-03,3.070249474681980943e-03
2.867563995127756504e-01,2.654190674459306343e-01
2.792700835155689353e-03,2.181331303233763948e-03
4.759968129842074430e-02,4.870683936329135016e-02
3.518078743340503217e-02,3.456013884024929789e-02
5.351929765260686755e-01,4.811734891640409573e-01
3.680839140074208815e-02,4.101752761911563877e-02
2.324934224199120270e-01,2.464496369090865280e-01
6.842608111109506341e-02,7.818899251171755604e-02
2.192593610963133530e-02,2.252343934144170057e-02
3.979620861761559020e-02,5.718248093888679551e-02
2.480544978620772417e-02,1.703448431352957981e-02
6.650611463376437937e-02,6.084029884893449314e-02
1.728985359991462578e-02,9.072517548325328279e-03
9.818794920778493862e-03,1.057370674904045682e-02
1.535459466159314144e-04,7.369500472011149004e-06
6.964851750149128606e-02,5.489362769360161404e-02
3.785380230360314152e-02,2.996594504913156418e-02
3.580588871683258040e-02,2.694570764970432783e-02
1.838798293909863629e-02,1.539106001984279215e-02
1.556320513781704329e-01,1.291504700646441406e-01
1.590288351717715487e-01,1.559166055775368931e-01
5.626545209974032069e-02,4.595755194601772869e-02
3.923286803636781839e-01,3.864387753205209552e-01
3.577871802890426889e-02,3.894680036535567297e-02
2.596854062237028554e-02,1.183728996812475481e-02
4.497255109087629904e-02,4.680375003224576669e-02
1.913571947376597451e-04,4.203824647732011413e-06
9.546264990478710657e-06,1.024692346715095227e-03
5.518145322117950363e-02,4.149580788298416756e-02
3.069149390422962545e-02,3.443153533843007486e-02
3.991332641982189844e-02,3.440140929292927890e-02
3.315172368598341690e-02,5.125732399813609508e-02
2.785660783647898042e-01,3.187297473508059475e-01
4.769300704575726857e-01,4.850390965766731566e-01
1.347856874758628642e-01,1.307667204214413015e-01
4.712995806525802946e-03,2.698311164940790305e-03
3.764290005181773480e-01,3.533992768545303198e-01
2.177660154593510401e-03,4.669676187629491661e-05
2.144801369459466145e-01,2.078183774179322429e-01
4.443635926999289776e-01,4.562321086092750444e-01
1.120367357082768800e-02,8.810507810335054674e-03
1.684991416530620678e-02,1.796525318748241548e-02
4.509794991776890083e-02,4.489171467193230763e-02
1.152303578265489493e-02,8.648411141066361663e-03
2.970655476145592777e-01,3.341019035505736201e-01
4.606475246144475962e-03,2.254698039090291192e-03
1.981970287100606742e-02,2.639604635582134401e-02
1.065678822608182334e-03,6.479597611158742455e-05
4.207907470382728633e-04,5.436792879850382924e-05
5.545316959333818118e-04,8.105411051194571018e-04
2.835386483934094204e-01,2.871728792123863783e-01
8.213164361787254897e-03,1.280059275044211596e-02
7.280127589769093378e-05,6.253238066578166909e-05
1.694102383324321281e-01,1.590984828185394995e-01
7.751088795060144532e-02,6.076127784218206956e-02
8.141941127932539324e-03,6.758287122852232702e-03
2.600810684598591285e-02,3.087624726999952871e-02
7.388341382796757839e-02,8.460417321970781224e-02
1.141594388437862435e-06,1.075421350003754294e-03
1.984365612086535363e-02,1.201236793487451757e-02
2.361979122773978645e-03,1.997139889813244777e-04
3.591195435263275226e-02,3.324086369596405965e-02
1.064460237939410248e-01,9.600734077728716176e-02
2.165939372278064268e-01,1.938402237250561044e-01
2.342084645656087594e-01,2.580147985112542508e-01
2.751853001919057351e-01,3.209297528261962906e-01
3.269729853413752552e-02,2.667497344327532036e-02
8.104020920799472061e-02,6.598412848820604804e-02
3.933545984828882291e-01,3.635216169336144554e-01
1.017102824460209831e-01,7.728283299086563529e-02
8.338873971626302450e-02,9.832558726136937655e-02
1.879680333389264768e-01,1.471830218080796837e-01
2.746296947421986712e-01,3.082542978135646705e-01
6.566810398765041135e-02,5.278026664659940526e-02
2.263324732086436503e-02,2.566615276287480263e-02
9.094417481147341886e-02,1.273606614061827125e-01
2.770148279992356577e-01,2.820640453902193423e-01
8.458370404694445788e-02,7.972264889254911113e-02
6.678103241875142648e-02,5.242689164285858905e-02
1.935551203158075440e-01,1.733043872895020932e-01
1.761130148209308355e-02,1.366361782271371429e-02
3.320315607114775885e-02,2.256039825216821920e-02
2.451860265821922125e-01,2.414220953423036331e-01
2.357413015067346893e-02,1.317046149237120420e-02
8.096912009765953877e-02,6.291255133701975644e-02
1.215842681784448653e-02,1.375947204393804940e-02
1.871773970301254461e-02,1.741233079396370398e-02
1.461316464513045532e-01,1.646546374425993664e-01
5.257586649387679945e-02,5.029622009607000177e-02
1.650512136664340490e-01,1.734438086284344205e-01
8.838635843146720573e-06,4.041541989540361275e-04
1.195426695418584234e-01,1.286729527568329090e-01
1.941043068149912731e-02,1.860623319545862131e-02
1.156946433588178198e-04,1.159488480983821316e-03
1.149600543049933074e-02,5.047796288313156562e-03
1.816106762758714147e-02,1.910054110576169320e-02
6.971851167582435171e-02,8.776049797592909429e-02
1.686901204568840712e-02,1.098871114033174098e-02
2.421309219138410504e-02,1.722006148855394561e-02
6.041810424181337513e-01,6.260641133804786262e-01
3.012477958449516491e-01,2.774744236134011333e-01
1.617959628970280566e-03,4.298985679463590386e-03
2.802889398014243305e-01,2.673318921556678829e-01
1.011441383066663535e-02,1.008255375460233305e-02
1.692093406509045592e-02,1.744143055181750571e-02
1.546917485408220438e-01,1.538485133127223681e-01
9.669756057155448614e-03,7.111372350395373659e-03
4.825832108944780319e-02,4.880651737104190618e-02
2.428762201860386882e-01,2.800634312610862930e-01
1.029915210239982226e-01,8.209371345132911169e-02
1.856312090647889088e-02,1.348062102037106240e-02
4.197065207478357651e-01,3.987008312814948052e-01
3.242978189399498695e-02,2.138946629000574792e-02
4.385367918818087844e-03,2.950801051748927484e-03
4.533381090785262857e-01,4.088626368994941473e-01
6.401574343964420251e-04,1.802738418846653071e-05
2.179163346010818958e-01,1.773109466873183382e-01
6.058565432581765331e-02,6.252321611124095346e-02
2.224537892535348536e-03,3.481027674701403182e-04
7.490014420903394476e-02,6.539283645672654133e-02
2.229910650382825321e-01,2.558418209072357841e-01
1.108696894294813190e-01,1.035940730364482004e-01
5.608169934305766713e-01,5.740371803657723371e-01
5.648395453909586632e-03,4.979525069157676384e-03
1.053440847214928006e-02,1.404651706393529598e-02
5.619464084030773715e-02,5.262959695249497249e-02
7.340498294840549533e-03,3.656108084392935276e-03
5.064915093957961766e-03,4.714490643174954268e-03
9.062987032839429913e-02,1.077113887003330189e-01
7.438701501355471368e-02,8.431162843199346835e-02
1.721998340396596050e-01,1.538730662910933189e-01
5.759858889779296831e-01,5.572388439176031438e-01
9.122224011115338538e-01,9.610981165316651031e-01
6.058385441101789282e-02,6.694367391734486195e-02
2.494770398747935339e-02,2.474860448190238649e-02
3.772132350841252146e-02,4.688313778677397070e-02
1.079143753513087944e-01,1.233638275804513768e-01
3.215111893123319131e-01,2.751430488329150159e-01
6.792445010476175216e-02,6.396102677783196966e-02
4.553250405030956371e-04,1.689742245962259882e-04
3.196038247995244136e-02,4.345203090709835042e-02
5.287338766379585664e-01,4.837504613137658116e-01
2.770764631217583762e-01,2.598013826404149129e-01
5.708746388347388755e-03,4.247549550501093264e-03
3.499853616940552109e-02,4.557010576897710386e-02
1.039398580420863583e-01,9.065226386116513602e-02
4.124687803783869122e-02,3.760132996099706942e-02
2.079702051251504091e-01,2.106043250125072541e-01
3.395021819082090150e-03,1.176906346963471454e-02
1.319264289550343278e-02,1.321603294468456230e-02
6.141673929986278535e-02,7.550081432670753545e-02
2.332835770219561164e-02,2.968300175998576235e-02
1.097622110072970537e-02,1.196824214074429342e-02
4.539407021735379633e-02,5.502687065094120922e-02
1.313762763925434285e-02,1.174359131965657319e-02
1.512215063224398026e-02,1.794262185467440651e-02
2.018692069282818080e-03,3.252673358364653686e-03
1.000089612336657087e-02,1.608852065738285500e-02
4.280369016683407968e-02,4.730745083098170101e-02
1.606888281393256679e-01,1.888395520356848101e-01
2.430060282269576148e-03,5.750828191535661826e-03
2.032994720201053082e-02,1.230655751546649510e-02
7.065083543348493755e-02,6.625062282944625680e-02
4.262623095487049797e-03,3.100949900538368248e-03
2.538016754158406183e-05,2.923909183212798700e-04
2.783236778661534599e-02,2.864558620684542686e-02
3.326137019884842748e-03,2.344533503610602213e-03
6.229320227918900416e-02,5.060812199127976557e-02
3.330917600446067772e-01,3.538238389716995558e-01
8.151861907093192749e-02,7.791883790585203695e-02
1.465261546279259322e-02,2.556781475243677729e-02
1.906042324718222325e-01,1.708819768155485919e-01
2.888851339965748267e-03,5.907942158366444318e-03
2.580429612076854534e-02,2.916760155865589024e-02
1.275709666923164828e-02,1.485781194631471611e-02
4.304076818824193601e-02,3.729513869223843175e-02
6.683658988941893093e-03,6.600892598210359417e-03
1.307266561179096925e-02,2.177536071457629452e-02
6.513209916812473651e-04,2.743482519852010176e-03
4.915125488511782326e-01,4.965789179685419774e-01
1.678873211461084577e-02,2.486403219670491049e-02
3.440717147898951500e-02,2.740063084901006932e-02
3.744332264112164299e-02,3.870586656719286756e-02
2.035375090711866175e-01,2.097583208583837788e-01
3.949974925234163783e-03,4.150962082403201678e-03
2.303284051274501892e-02,2.176476827918281606e-02
1.225281164353712220e-04,3.712946255072934083e-04
1.954511609631494947e-03,7.987483498789847832e-04
1.209465495133833085e-03,1.589672184047998937e-03
1.115398304268557482e-02,8.488259598199951114e-03
6.700564517847121086e-03,6.499984463014689406e-03
1.098935443945729118e-01,9.385438925486726258e-02
3.679389456340243728e-03,1.973082501347051682e-03
8.608183066334997165e-05,1.056721093976608391e-04
5.917069633676650536e-02,6.344952052715989443e-02
2.045672096994746985e-03,2.916608867378633115e-03
7.109557483940533119e-04,5.957467249591708557e-03
1.298543157432474095e-02,1.550020942058861692e-02
5.574233735608163931e-01,6.126262762584528954e-01
1.350951236486679641e-01,1.293793659604995372e-01
4.005435933170550106e-02,4.274817143861501384e-02
5.984639483819959721e-02,7.761643276294666327e-02
1.436003924486968335e-02,7.851472303409001013e-03
3.653167793990365064e-01,3.457561472788640566e-01
1.632006844983771511e-04,5.334818992383464109e-06
1.093965638625520216e-03,2.972598889134116500e-03
2.015074991104434665e-01,1.820890162841465598e-01
6.267641088833053598e-02,5.629541091191132135e-02
2.647219754368974540e-02,2.405213127705839449e-02
3.839190454481070536e-03,1.098279368779168626e-03
1.147419849243863817e-02,7.589424467689401960e-03
1.203128193217132269e-01,1.019837868642041595e-01
1.660609045811340528e-02,1.787464754152311500e-02
1.193435446324953436e-01,1.182520471324264438e-01
2.477596849670460691e-02,2.356521362879300183e-02
2.979553118247521004e-01,3.142650645919770613e-01
4.024077924066837841e-02,4.068140316330996070e-02
7.185009134913705221e-03,7.809510309258944384e-03
5.231975198391370513e-02,4.858671975132442672e-02
3.348689195124803786e-01,3.667150876254003378e-01
1.612960577870051378e-03,3.891614311653519669e-03
1.193149286762818784e-01,9.967356141484617904e-02
5.763134804078891629e-03,5.305366751543375003e-03
2.589699774559123951e-02,2.759615551801538127e-02
3.194644698016224638e-03,3.643449903215534476e-03
1.303402931091757755e-01,1.656727935134538476e-01
3.723962808492654875e-02,3.350900941022458279e-02
4.068441343439609947e-01,3.833746324193926802e-01
1.593528111259971403e-01,1.236155495002793925e-01
3.945409222202941185e-02,5.442247351427176305e-02
2.397672501779198329e-01,2.363214324146253320e-01
1.019274665531000454e-03,3.131166190874903020e-03
2.274587922889526326e-01,2.129461543436377557e-01
2.654330126963985433e-04,1.700326811014853795e-04
1.948201127888160014e-03,1.125555354046148824e-03
1.623574976771976486e-01,1.542797081022711236e-01
1.703476556969559241e-01,1.800640805333773575e-01
1.964526683357964432e-02,2.433152557861737939e-02
6.311451174396655317e-02,6.696582585541209498e-02
1.946322746807181009e-02,3.355017411236858871e-02
3.619812029911458340e-01,3.682496192725530082e-01
5.610855148675279042e-02,4.865070967289618353e-02
2.388227848517391894e-01,2.380637311803823486e-01
1.681843379070595834e-01,1.599543443088826400e-01
1.332076685741294675e-01,1.331183671040279959e-01
1.528415055077457160e-02,2.357462199214783657e-02
1.496479462366885893e-01,1.354578807753071268e-01
5.286685441785212965e-04,4.375902427373343185e-04
1.274854138730091013e-01,1.267901003311820984e-01
3.490429424749127117e-04,2.631327117287210579e-04
4.427099849049173641e-02,4.331264438410269146e-02
1.335375071689985898e-04,2.992115901925953680e-03
2.148563620982087401e-03,1.625325477818815711e-03
1.899965695612315653e-01,1.608163501862281408e-01
9.911644387376409432e-03,1.120199334105701459e-02
1.252014252147224393e-01,9.552054830473816205e-02
4.091689130320595030e-02,5.521323251384334385e-02
8.562611958223061148e-02,8.111748177293359729e-02
6.874720753030920395e-02,5.829414118339937279e-02
9.815304449160194844e-02,9.844520738330436727e-02
1.093997106390821733e-01,1.147574041065041878e-01
1.614603444915460873e-01,1.651827948972196258e-01
1.468987344365342909e-02,1.399426766718432462e-02
1.940988520648256888e-01,2.028116461723243613e-01
1.287994308462677984e-01,1.177703568533648160e-01
4.655716932374859979e-02,4.187465231432996315e-02
1.560961166724349029e-02,1.355407508597048297e-02
2.222324728076065931e-02,2.977496600266064594e-02
6.654752570206792783e-02,7.792939187828766545e-02
6.439071222792293325e-02,7.523094816964850939e-02
7.449798509579045073e-04,1.383691754502866912e-03
4.946178107777289834e-01,4.869375332782489574e-01
6.164902958397775120e-06,1.233493123833088372e-04
4.205061891836513188e-02,3.351582572209067107e-02
1.230755100330721136e-01,1.189858242785995779e-01
8.559512308743094655e-02,9.288036027385293547e-02
3.145505846021454111e-02,4.394933171538366323e-02
1.525231517925638297e-02,1.004015961415645995e-02
5.390720184116614133e-01,5.986487703214874445e-01
1.283528089040705778e-04,3.962868989596072004e-04
4.181650601413520324e-02,2.949290455774890296e-02
1.372356562860379062e-02,1.019572777828116165e-02
8.394728121431842618e-03,4.005859844442703765e-03
8.611307420202628515e-01,9.233303708581908076e-01
1.924631258167372183e-01,1.927887419011316827e-01
5.915016285582089250e-02,6.943335582410550821e-02
1.507245393857238325e-01,1.561251852045645871e-01
3.038259895893870022e-01,2.923114656199103378e-01
1.605856791946344564e-01,1.617390226849876045e-01
6.073576011795525295e-03,4.729624404553481841e-03
4.715780768395869127e-02,5.220173854875495567e-02
4.117545876789488468e-03,3.459797246212199199e-03
5.844803382140167231e-02,6.066361653067688098e-02
1.083500228804143428e-01,1.246623773507248151e-01
4.187845435097120594e-01,4.317063040359488957e-01
5.088513281096126648e-03,8.315130263015507381e-03
6.008291794751009288e-06,2.894870622651241022e-04
1.039574158631655955e-02,1.169575245472196344e-02
2.052284352170526474e-02,1.371803322315758716e-02
1.168654489383058083e-02,6.877624012155717122e-03
1.354800666726949879e-03,7.460876388427632906e-04
5.404217619482873936e-01,4.873319826108074015e-01
1.184609536512580691e-01,1.142349487962847354e-01
5.628210813656359113e-02,4.296658585506647060e-02
9.252194532910811009e-03,4.448567465977242529e-03
1.899165708498081195e-01,1.747616197068148358e-01
7.054623250106045740e-02,6.282626627368459449e-02
2.288717912660586176e-02,2.924397772288749725e-02
2.856493662252774891e-05,2.356816378198415478e-04
3.435865352896325803e-02,3.015479645992398539e-02
8.041000003903980842e-02,7.814375827269476327e-02
8.556386608531291182e-02,8.860707589870549239e-02
8.184918630452765465e-01,7.727396962415918891e-01
1.581470102155373755e-03,4.498525758048185601e-03
1.705281756965852935e-01,1.798262500335030267e-01
6.987309378972220153e-02,7.698846145676044306e-02
1.600168234261841946e-02,8.444153270551505927e-03
7.248385360882249329e-02,6.937680165574898472e-02
2.845705250943720288e-01,3.432240307129194590e-01
6.519627710343435393e-04,8.619840051813885138e-04
3.197318888113429708e-02,3.544796120410492052e-02
1.614612232265497938e-01,1.768914068401641060e-01
5.886393777177566927e-02,7.222496023153907041e-02
1.135994216379969113e-01,1.197507689493707977e-01
3.029717824934306108e-02,5.735900495609710936e-02
7.918358689555381885e-03,1.432799489836860361e-02
2.581909871418718179e-04,1.806379382336509057e-05
7.007052905856395696e-03,6.119759360119425388e-03
8.277763553814919406e-02,9.155140608838741034e-02
9.922337486732506207e-02,1.055899584369884014e-01
4.728592433947940293e-03,4.711472365863299261e-03
9.293183916184392240e-03,1.691020174715675284e-02
2.188958770269908583e-03,1.219019189278691033e-03
9.374415714721907184e-03,1.293788116460177148e-02
6.262969274946751652e-02,6.010872756027327984e-02
1.274366796807045454e-01,1.139803408221526648e-01
5.710397566537488666e-03,8.502642813724856086e-03
7.923492771911398724e-02,7.852601637007430857e-02
2.278138873640166429e-01,2.430195250716352118e-01
7.254086681165928217e-03,6.398931378597567422e-03
4.993343669815614866e-02,5.277097946174394427e-02
3.174095985500376550e-04,6.265765850133512378e-04
3.832730858223364762e-02,2.389097418809997195e-02
1.526567688551189184e-01,1.388826152753443177e-01
9.178523098514451695e-02,8.269753076732187791e-02
1.373011982908946271e-02,1.601346243951976001e-02
2.874603650292182830e-03,1.785525292658557807e-03
4.204334988670916512e-02,3.039950439788994402e-02
1.216243749339013220e-04,3.801997202937970567e-04
9.268005268719071987e-02,9.015767562791945910e-02
8.724665919132396086e-01,9.050295808747581550e-01
6.193080234170257325e-01,5.999335625665938032e-01
8.944011822188963068e-02,7.005085278114388248e-02
2.682542141413078382e-02,3.222733960878221976e-02
1.498306563734288360e-02,1.109702082996355706e-02
2.368650445707862484e-01,2.073390177998865047e-01
6.843779627653713282e-01,6.603601943813823816e-01
1.127560980038799926e-01,9.949396279482483618e-02
2.024429249451719925e-01,2.353173551769043581e-01
1.527679098820875373e-05,7.261948931116202698e-05
4.315719652618308921e-01,4.302273009029722872e-01
1.670558201573813517e-01,1.505004638625457303e-01
3.498659676472765101e-02,2.581401993169588419e-02
6.118886120984872584e-02,4.402573190630319072e-02
1.949828085534772645e-02,1.773718429805260302e-02
2.059832631536828718e-02,2.483557591571242118e-02
1.706427325069624357e-01,1.547169459733112595e-01
5.578305427463058769e-02,6.213969592173452378e-02
1.398086137854774244e-03,7.702342747793159035e-04
8.995617839173294938e-02,1.149433677441224350e-01
9.793962594340663297e-02,1.099658017880435351e-01
5.268550357503790083e-02,7.888748226433095478e-02
1.444927762209786970e-01,1.705537595506609883e-01
7.989028771656944694e-02,8.960021553774953629e-02
2.461211661971342002e-01,2.730276048326686911e-01
2.247814611562319598e-01,2.536467008278907587e-01
4.749331994036246063e-02,4.941180396403202502e-02
5.074376159213020432e-02,5.184651686837182805e-02
4.711641925364606041e-03,6.301067692996726449e-03
8.232090633432694385e-03,1.265286597526437372e-02
6.013151233291792047e-02,6.944022967424391679e-02
2.924710251850745190e-03,9.216679100222212448e-04
5.781405003303419221e-02,6.467736935217728578e-02
5.860342107589749938e-01,6.128783623808030656e-01
2.701582487154279011e-02,2.646284933030964084e-02
1.143856563661115100e+00,1.148645560088808137e+00
2.068496054754342395e-01,2.151123840180515778e-01
8.821941310123929819e-04,4.468948912830375889e-03
9.266853635812510523e-03,1.515322144310255435e-02
3.863432283366942666e-01,3.801531747474558576e-01
1.596924727837966546e-02,1.131875391099936706e-02
2.156656524209781545e-01,2.032021386262197749e-01
4.372834810746423911e-02,4.644814790047575165e-02
1.245238509650247738e-01,1.052485300420321346e-01
1.251638734182105445e-02,1.566495009239041517e-02
3.385694536939417021e-01,3.052970197649403361e-01
1.101946743420942777e-03,7.856517940522897726e-07
1.539141626361466465e-05,6.943203228454790897e-04
2.968271736406713490e-02,2.992504057737819384e-02
3.018631080282433432e-01,2.890626472449547291e-01
1.083981605365388068e-01,1.022584576823280522e-01
6.456877808081210035e-02,5.654102770068722417e-02
2.986583282295855648e-03,3.313387234894038351e-03
1.860618859399091052e-01,1.747666555489842399e-01
5.500282413392773018e-01,5.743839535704712285e-01
7.439823753935659312e-02,6.089050531621498924e-02
1.609219241522149846e-01,1.467147028351109828e-01
1.853105984200696275e-03,6.877001245104494417e-04
1.781424477074394219e-01,2.072610671490560941e-01
9.532061442913217220e-02,1.033695578633180984e-01
8.990014612234814573e-02,9.260232271026960782e-02
1.753281767076585729e-01,1.921079419392742738e-01
2.269888109340869042e-01,2.121705406962792750e-01
1.112190016373986040e-01,1.112224537104659489e-01
1.090130988190322295e-04,1.016966361318028022e-03
1.974516123915109889e-01,2.213024891611826972e-01
1.526175801087562185e-02,9.641841464008033338e-03
5.529706544508826427e-02,4.673404535038247487e-02
3.081950601870916615e-02,3.911812330974287488e-02
1.225259868777176936e-01,1.306446099485461809e-01
1.838438840114532593e-03,5.316888045117552572e-03
1.883550690115014803e-01,1.790922387855252429e-01
4.797913428543121306e-01,4.896838006297525303e-01
1.225079153513942282e-01,1.307783997542679988e-01
1.790762085324522912e-01,1.816641496933366351e-01
9.304234246465122038e-02,1.154389510507361355e-01
2.537463736193354001e-04,2.118728481953127858e-03
3.633507938345152677e-02,5.308750067910072284e-02
1.763725148138112556e-02,9.689680934069707860e-03
7.389944372004476625e-01,7.603041426061112329e-01
5.067537865373364462e-05,6.849171965335361378e-04
3.397315257043267978e-02,3.794247683225438622e-02
6.017514387664265607e-01,5.752292509778647034e-01
8.242137756322234776e-02,6.695607746142810679e-02
2.033287598464170731e-01,2.232105401493227614e-01
3.078869141540044665e-02,5.125780411385588015e-02
9.594749055175687269e-02,1.087404296750900667e-01
3.948950457475160214e-02,4.244986464015147731e-02
4.374079884854503719e-02,3.377786419283896474e-02
4.624407727684063940e-01,4.478920844362840326e-01
2.442391673668054819e-01,2.345010553957647126e-01
1.543075002501983761e-01,1.571657137597444742e-01
1.115620291073713688e-01,1.134136054825487377e-01
2.149770858261641771e-01,2.017913822119246081e-01
1.903942864159819115e-01,2.083345112725919768e-01
2.311223116747692730e-04,3.741939341285874026e-04
5.635276323421526540e-02,3.951223086277694252e-02
3.893103708251785858e-04,6.509530428419976664e-07
8.818362930017585892e-04,5.029879548001171471e-03
4.129590792416226730e-01,4.200317895147131497e-01
1.564871635846694364e-01,1.727869547492922875e-01
3.824492736692656214e-01,3.627692907801485234e-01
1.692252277784304579e-02,1.514840105692142128e-02
3.489488137496825071e-01,3.422370259521043678e-01
6.084988316922472149e-03,1.049330868972903584e-02
3.013288091063301977e-01,3.236289498586898961e-01
2.146943311324679259e-03,2.960453978397819836e-03
3.973533554636715474e-04,2.050406976367683595e-03
6.795689719657905907e-03,9.091185714435560949e-03
9.345725892080783415e-03,1.477677897448788358e-02
7.724698169157592775e-02,8.785049883602913390e-02
5.305271255771873418e-02,4.117845335630383047e-02
1.584571042140038022e-01,1.713332484338707384e-01
9.767398266226530457e-04,2.376941268057248310e-03
1.726312750334384194e-01,1.653161684210187887e-01
1.966543045758846475e-01,1.740077742071372557e-01
1.191684083156125257e-01,1.154533907976438706e-01
7.152079764667042261e-02,7.758189195062788202e-02
1.416836406051409647e-01,1.395911870834067869e-01
3.215002624315121092e-03,4.999338189177804153e-04
1.762839617386456337e-01,2.099490357808262431e-01
1.649825412730285262e-06,2.569538071785776645e-05
5.370130832022253047e-04,8.703721746063174764e-04
4.814044785838270807e-02,3.829834449534180729e-02
1.668528858640238102e-02,1.688396916884912086e-02
2.815355237619428328e-03,8.628492877957291696e-03
5.309154195768134299e-02,5.990535754634969401e-02
3.017930315427811219e-02,3.070823331861328997e-02
6.627761516864441593e-02,7.479135975211766152e-02
1.857208189435088919e-01,2.105137976191050753e-01
1.467349521432060877e-01,1.354900670166914733e-01
2.623661876019673013e-05,2.027007822344318883e-03
2.744219137316551010e-02,2.015347673373020509e-02
7.210133411185482878e-03,6.332212765040050664e-03
1.476181481358243910e-02,1.707132636578080273e-02
2.941864799432542324e-02,3.267121431200842308e-02
5.907086581844474271e-02,7.423154250401844956e-02
1.867355814245095840e-03,3.909384668954965329e-03
3.982981979112178161e-02,3.187200342962548394e-02
5.783620977530798445e-05,3.791115114406195196e-04
3.250113318173493693e-01,3.307204734664222490e-01
1.642861974096074924e-04,9.233574504557685815e-05
7.950606767661493046e-02,5.753706401662021797e-02
2.033118718784562157e-02,1.675017834934222627e-02
1.883336731061659164e-01,1.833351573541220358e-01
1.785240679504038891e-02,2.064989876333738275e-02
4.466665405506899111e-02,6.414032491516453993e-02
1.919124511342249493e-03,4.269942690027592885e-03
5.363168740515442123e-02,5.652503179243462822e-02
1.665787585661795689e-01,1.662889684853513517e-01
1.139242297164104988e-02,2.578096064630307823e-03
1.156261988933870825e-02,1.424505493653318786e-02
6.733476097538374505e-01,6.521825770672639022e-01
9.805223139483894290e-02,8.578502002350264777e-02
5.212906828466188358e-01,4.708311979966666727e-01
1.285454068088283941e-01,1.605907551363663366e-01
2.238207962443040933e-02,2.506776735037859541e-02
8.884705947515961211e-02,1.001545638599459914e-01
1.886602378680365087e-03,7.319223322255147344e-05
1.854989441843068743e-01,1.869891317067551850e-01
5.787811569914754622e-02,5.161582070260150451e-02
1.726347983837467348e-02,1.761129228416699263e-02
7.748244469986598215e-02,5.696345428935700034e-02
1.285811584605451308e-01,1.442923380866221461e-01
9.645735396056348554e-02,1.220210997066335373e-01
1.128166142655557258e-01,1.186418773265038723e-01
6.643560068082569048e-01,6.247699082388177283e-01
2.108791759976286484e-01,2.228163062918764870e-01
1.863629411109710976e-01,1.611003672834123157e-01
2.646209793915669795e-01,2.467432456212381719e-01
5.491520832852886391e-02,3.653427945910382724e-02
5.671610409849380668e-03,1.084388312579342810e-02
1.076183663208203981e-02,1.491087402634478330e-02
1.590127447291326823e-01,1.136054108329568463e-01
1.700478863457593678e-02,1.447189766486096756e-02
2.422631095384107300e-02,1.748579133327624394e-02
1.055001083608842483e-01,1.305535576245381857e-01
7.320557507633856931e-03,5.803287170525537123e-03
6.983462591925310159e-02,9.548328987577636706e-02
1.827878977388618653e-01,1.859870594413157996e-01
1.534920894192835263e-02,1.577283100975293909e-02
2.150122152286617072e-01,1.938640631127705738e-01
3.205169250413299198e-02,2.617368322103716394e-02
1.386986039488431743e-01,1.616404704937368098e-01
1.096182255707748679e-05,7.514587166185575590e-04
2.047414317827103980e-01,2.440770231761807962e-01
1.036217326616195415e-02,5.931937255507950708e-03
1.281630767380178030e-03,4.922117259406978695e-03
3.753318704431835712e-02,2.107623416568534316e-02
8.257272162354954963e-04,2.522489657101356988e-03
1.186957619237396927e-01,1.200586239350748124e-01
7.021163408538968799e-06,2.796322130288633029e-04
1.531985265557636415e-02,1.536393654481169393e-02
1.822089638194688416e-02,1.537690345706384763e-02
9.720879836201730406e-02,1.040146599814921330e-01
1.506510826248526891e-01,1.305666156606237749e-01
9.390218259181265514e-03,8.789245454784544442e-03
1.741451379658969997e-02,2.088180397423304580e-02
9.208568601187940017e-03,1.520943859830757063e-02
9.393933543307889655e-01,9.706350104214461760e-01
2.476410711065863690e-01,2.129747778326299412e-01
5.270944737629698618e-02,4.326918614974802763e-02
5.194617041876940788e-02,4.395787594628563361e-02
1.924343761830659555e-02,1.963319589798504655e-02
1.167833009501503039e+00,1.169979207821320033e+00
4.536803642829808081e-01,4.070793884655973249e-01
9.534239862932845921e-02,1.127498473805494533e-01
2.437096741581706860e-02,2.260426355519667974e-02
6.023021270146636796e-01,5.450237717315387087e-01
4.007232513329386098e-02,5.090254088838586793e-02
5.553993858440289810e-02,6.047880058200254955e-02
2.206705732318333182e-02,2.484676445762841468e-02
1.150446585590606560e-04,3.464105140562488065e-04
2.524117506483321196e-03,1.288790384778767386e-03
9.396185833348174796e-03,3.805150442051258210e-03
3.113341074369991787e-02,2.567410129570343522e-02
1.107910461625169901e-01,1.447790458255457380e-01
3.730439639772037646e-04,9.700639712899479516e-05
5.898513438279233412e-04,7.573556211783546597e-04
1.666096286515404007e-03,1.807457817651006579e-04
6.894582775585811341e-02,5.847697186778115508e-02
5.342116009296387497e-02,6.174917397177524803e-02
1.019647461579484132e-01,8.694894647238206320e-02
3.911622030768331371e-01,3.792217373297379068e-01
3.519625924352141055e-01,3.477791865760733181e-01
1.157243057055509089e-02,1.545185744171743807e-02
1.254293364643852080e-03,3.357353436721251922e-04
3.106431499427756565e-02,3.674377898791338776e-02
9.661682706624695385e-04,7.931591049206513635e-04
2.829540388186507216e-01,2.721740719239891804e-01
5.756282586725159495e-02,4.014274549478877296e-02
1.632179852854692692e-01,1.614658093557830576e-01
1.211405104282779711e-03,3.507444415688671930e-04
1.514142057518750306e-01,1.540431916195300621e-01
1.064596648227212478e-01,1.083960000925250911e-01
2.155888092188618793e-02,1.313997470828162997e-02
1.305587461443047555e-02,1.133860047450547907e-02
2.572136541326397116e-02,1.743205568965778759e-02
4.856256922334335480e-01,4.799086193895975017e-01
1.937370316493412514e-01,2.036349506909999607e-01
3.864052998155782792e-02,3.415716776431849955e-02
3.881062241216577668e-02,5.395352275767972827e-02
1.143603348412770143e-02,5.836653435805111423e-03
1.660569353954158001e-01,1.655663448345111588e-01
1.819343160333656007e-01,1.480979876791143901e-01
2.407931610999973493e-01,2.237033811952904849e-01
2.748652296276584209e-02,2.677720570938800157e-02
2.455384173611069309e-01,1.962159989332165067e-01
9.912368434213255156e-03,4.682795215016638188e-03
1.115784791913941414e-03,1.874472445020629796e-03
1.352993430263114416e-01,1.111666701735609802e-01
2.022360544338605570e-01,1.512554833386469122e-01
5.210997198685117515e-02,5.205615964527250672e-02
3.143072280741333185e-03,2.120266290123725816e-03
8.507012186634173301e-02,1.062958932906395704e-01
2.655622985366268979e-02,1.828752390521886512e-02
1.861514688396337103e-01,1.850339754564773731e-01
8.806678378605600210e-01,8.313747954116007532e-01
1.429368819239986710e-01,1.327553771279316175e-01
7.337539939231821351e-03,1.184984192161744020e-02
9.241517770208547422e-03,1.086954759994018110e-02
2.392835002365656105e-01,2.433366205828156326e-01
9.063894468103811386e-02,6.227990768783794873e-02
8.080877303926672917e-02,5.794992690456583773e-02
2.138029071418420801e-01,2.188561421012903685e-01
1.729662399627551195e-01,1.794069443701392652e-01
7.451818493073965148e-03,1.342739097655815984e-02
1.606977161090482609e-01,1.505213831853528528e-01
5.645466963380681678e-03,7.566545496743343549e-03
4.396437499355164702e-01,4.484793672722343638e-01
3.709431099613534882e-03,2.871412986337861916e-03
1.704804984370461296e-01,1.330893790376914132e-01
4.779989052722508069e-02,5.542748949658116847e-02
7.541079938369601998e-02,7.727583200006724051e-02
2.917012596444943165e-02,3.600690696371540434e-02
2.133037308928118769e-01,2.083339902923990183e-01
1.078902881309692398e-02,4.755836990260929945e-03
1.653089410081294910e-02,1.491953930656891684e-02
9.610626452041701184e-02,1.032297723390650929e-01
2.890264211814995154e-01,3.330534497205154820e-01
5.295793948869047946e-02,5.545328904840469975e-02
7.797570943720547043e-02,6.626032347862551020e-02
1.435661414347801645e-01,1.585916010857263414e-01
1.560983145396095846e-02,1.381118476515187134e-02
1.679605050410606232e-02,2.394986416109576993e-02
1.869664005263955708e-01,1.949496466032537845e-01
7.633152554995084604e-02,7.170319512470704759e-02
1.436194939987920915e-01,1.403296160576859852e-01
2.580751056939730170e-01,2.618484502383557899e-01
6.216324579995389024e-04,1.713290607145933698e-03
9.246029248176355908e-02,8.941044864602705478e-02
4.973078893973242876e-02,6.282203807195622935e-02
1.251316806634182079e-02,1.453248338346274648e-02
1.653211494915517860e-02,2.442914664359837826e-02
2.392872345945354640e-01,2.100863978127288645e-01
3.168698976232662157e-03,2.275298904130638230e-03
1.391328616971501120e-01,1.279961095439585417e-01
7.403349980653977334e-03,6.872751767260818975e-03
6.703551888031075712e-02,8.119000947276294733e-02
1.099603947548546679e-01,1.128446798074934504e-01
9.815953056494497453e-02,8.050731022777923851e-02
3.472588500608897455e-01,3.288828301191882852e-01
6.850330080515658338e-02,8.609002872378887505e-02
5.538785275336544425e-03,3.939565718009241380e-03
3.471042870685956960e-01,3.728078798401368021e-01
1.931916545117804904e-02,2.537040205885304767e-02
4.199836569312542615e-03,4.176669713451072567e-03
7.640807331808255332e-02,6.416642448145720712e-02
9.681448161068798020e-02,8.506262884510575051e-02
2.333214081547069132e-03,1.451546867227611077e-03
6.739997498347127358e-05,7.141174116006186127e-04
3.120818548361941388e-03,1.528348311954704592e-03
9.053793144404502502e-02,1.139408734497220771e-01
5.905303284912376272e-02,5.734954340782943971e-02
8.447997534006537745e-02,8.769183053297212316e-02
1.579474741117188000e-03,1.505650278440518993e-04
4.860612244262950410e-02,4.970143408019109255e-02
6.265844279553481888e-01,6.006644005827986854e-01
2.705415822342214227e-01,2.371633072540705045e-01
1.581208442952840576e-01,1.883342273931646049e-01
3.785841193909257330e-01,3.455747613743867519e-01
7.576908684347202771e-02,8.429498064273355240e-02
1.967823940377738320e-02,2.229938858572269242e-02
1.555896244709456359e-02,1.143087866099907687e-02
1.747156169108125129e-02,1.092257922537929332e-02
1.558947423439955259e-02,4.572911639653673595e-03
3.240317628009017903e-01,3.212405621312500736e-01
1.882136830457477664e-02,1.447556207734194793e-02
3.258677803699518583e-03,2.999299405762162994e-03
3.065082479632709423e-04,3.963212651562630917e-04
7.475813622156672611e-02,7.168935233061247969e-02
8.487513820858944014e-02,9.589284090925781490e-02
1.393607283362097724e-03,6.356247328298034573e-04
1.870964222925521059e-01,1.767788753158655024e-01
4.298479494010434138e-02,4.826513045563630977e-02
2.907304316977082914e-01,2.993002306121891887e-01
9.818299416790225720e-02,9.927177581683786778e-02
1.781370418051636539e-02,2.025235106411224159e-02
1.075674774762593600e-01,1.185272145888586620e-01
2.972470948224734122e-01,2.798985783166894614e-01
2.265467757981658170e-01,2.198684067140908860e-01
2.145876034002683896e-01,1.729467241495969976e-01
1.686478346397310424e-02,1.849884506800366507e-02
2.799904237632332982e-01,2.951777411217164082e-01
3.651469252821890055e-02,7.265787077830035412e-02
4.602096603405527765e-03,6.479882107212354622e-03
7.199354270509550346e-01,7.134790131210747566e-01
5.907375707308441803e-02,7.270936594565791111e-02
5.562109787885093359e-01,5.683910842403353536e-01
7.169547730267625957e-03,8.115963469832414637e-03
2.921210043984793017e-02,2.773995569830087909e-02
1.165740689789859091e-02,7.153056998114520372e-03
5.353140784018560298e-03,1.486280555653319603e-02
1.178749312978890629e-01,1.243569959514954221e-01
1.711365199224513384e-02,2.047986304198234214e-02
1.545588784107441169e-03,1.012496374322558942e-03
6.850409580267112497e-02,4.942683802007442201e-02
2.072044786736276512e-01,1.686869346314703588e-01
8.198703009672622666e-02,5.533586451023036340e-02
2.796865543970918425e-02,2.980325548668551552e-02
3.842399647559362474e-01,3.595633331229645679e-01
1.571632232970272824e-02,1.665405480552679257e-02
5.216336642907675467e-04,7.490569483988207186e-05
3.214438622721023202e-03,5.259331745912600902e-04
1.068850450632331892e-03,1.437477987922125122e-03
1.116603097355157006e-03,4.406984789588418161e-03
4.067022741833604960e-03,3.044524471976129028e-03
1.870255388775786121e-01,1.666431861031582029e-01
2.328288741176093649e-02,2.948208512708222484e-02
8.511753219435990170e-01,9.110900025829787863e-01
3.691279344823929914e-02,3.668108018607386944e-02
5.205384264484631124e-02,4.186361074144714228e-02
1.881443815232140967e-04,3.657021106687301779e-04
1.798786313783359292e-01,1.609949614295125286e-01
1.324006440887816848e-02,1.169937948110558699e-02
2.339737749786028123e-03,1.335266548403710781e-03
1.049460231706134949e-01,1.007081205969395654e-01
1.643527237189724710e-01,1.594995318335845624e-01
1.838658105391407782e-01,1.890205460490686495e-01
1.618430803663519768e-01,1.376396564864697802e-01
5.769643060168843096e-01,5.670493703289907206e-01
7.408846694981925662e-02,6.465913880752054144e-02
4.269659034077231572e-04,4.134277011960658488e-04
3.902183065172712406e-02,4.284669708916260394e-02
6.282429707283728945e-03,7.121554013771106209e-03
3.598393882879712818e-02,3.774390051416205011e-02
1.730101919780900055e-01,1.533953865658025106e-01
7.188327852310881158e-03,7.594961798888325184e-03
2.449512795239250917e-01,2.563352135554791689e-01
3.060941102457903976e-02,3.526365924267215596e-02
9.606648110197441026e-02,9.764821689794322968e-02
2.240931225365631885e-02,3.341371024759364622e-02
3.021068802408925780e-02,4.216963796943253712e-02
4.546916789187715469e-01,5.360549725470986626e-01
9.659063178252455528e-02,9.078720363311459929e-02
3.701529120644032368e-03,4.886121360266344749e-03
6.291600122760949987e-02,6.870883993519515121e-02
2.786024008282286454e-02,2.181855124546115340e-02
6.488119662948353961e-01,6.802287279898683314e-01
1.852249509566896921e-02,1.524601594224271259e-02
7.285831062640624016e-03,9.366299771554609938e-03
2.141990934404588987e-02,1.698123023971251019e-02
2.143022892171164151e-01,2.646820627163547490e-01
6.667522843079784489e-02,6.238876562792602248e-02
1.272660395940159415e-02,1.732208460411310130e-02
7.847231618700400979e-02,8.494963236373866133e-02
1.406083827887585382e-02,9.264685212378364829e-03
1.198305147121352249e-01,1.184797167060512302e-01
2.263978012620281727e-02,2.866083024426154674e-02
1.493386891717822518e-01,1.700519625284847292e-01
5.973641281158362237e-02,6.110400251333369948e-02
2.225655920036601044e-04,1.676611433205612222e-04
5.688764161304583206e-02,3.932294591584650084e-02
3.337784975784126584e-01,3.706939824971076658e-01
2.887334380781758636e-02,3.550869252499801176e-02
2.672244306069746292e-02,4.354963901828112077e-02
1.445653217987104798e-02,2.380030352136204216e-02
5.713830260638949610e-02,5.438703614297839273e-02
2.106599147038654418e-01,1.968464980608964632e-01
8.540713090191967560e-02,7.587235398398142761e-02
2.484746403292593941e-02,3.001963880187439454e-02
9.029765334801671817e-02,8.631364892666548716e-02
1.588244337652928995e-01,1.790441386856621853e-01
6.800811339493029531e-03,6.794172663999734768e-03
1.750828145068275901e-02,2.540491914859069680e-02
7.428693615142143054e-03,9.204383427890538982e-03
4.523178710371746070e-02,5.864991229695933755e-02
1.362471388773861189e-02,9.458532733629929773e-03
2.974753046862701339e-02,3.164994064644883337e-02
4.696512322218740314e-03,1.132066374010760705e-02
7.266221897191999955e-04,5.764375525761955858e-04
2.087401375605516755e-03,3.955203750413935002e-03
2.104202832127021264e-02,2.818479331288294490e-02
1.201601146447688756e-02,1.448709488767636888e-02
1.090151353844750926e+00,1.057468094928195157e+00
2.691285292497744980e-02,2.750926907441057084e-02
9.739889454905718835e-03,3.833873180121076269e-03
1.032186515166936269e-01,8.883129587813280714e-02
1.130920301488022410e-02,1.340949275955366851e-02
5.949483996466188307e-01,6.140226008377480671e-01
6.012501602261951638e-04,1.015832943384410020e-03
1.922389559071081833e-01,2.162353084772755674e-01
2.232510912293114800e-04,9.004338084310792040e-04
1.641077019540767082e-02,1.816125468136327650e-02
3.767145166976819115e-01,4.303436366006636593e-01
6.293597039134340987e-02,5.732672247125846637e-02
2.565308053600958565e-02,2.349749202801868289e-02
1.597162168180795427e-01,1.767724413300057751e-01
3.323938228154680284e-03,4.900221073627132780e-03
2.428265659127754744e-02,3.054860416431881900e-02
3.627337794831925200e-01,3.522120888168401298e-01
2.487062874686509981e-02,2.377095283174016430e-02
3.036871053479664462e-02,3.280942873378488861e-02
4.046014953559074617e-02,2.618091500684372255e-02
1.637713236841053382e-02,2.810228015500057172e-02
1.078841597392675850e-01,7.924505650860580452e-02
2.898849704179327080e-01,3.219502354178832015e-01
3.585665609875688525e-02,4.398585184238547330e-02
1.689081549903733992e-01,1.706359416634155302e-01
2.162634044146359916e-02,2.422058701658633129e-02
5.207094664837517289e-02,3.924135278095110951e-02
4.238859425170508899e-02,5.298836565366303597e-02
4.307555827113212360e-02,3.786553575135966077e-02
2.330570600103851892e-02,2.968695092325091336e-02
1.316926974761441736e-02,1.383630793508876591e-02
9.814671007205340997e-03,1.886620211626524601e-02
1.693093307556772509e-01,1.540109618029442129e-01
2.819698816882488732e-02,2.824371968579665951e-02
6.602415464318506753e-03,2.999280728365414424e-03
6.518740221473377696e-04,2.394237775238202207e-03
8.553637558025913024e-03,1.262352575640543137e-02
6.322356298939701968e-02,7.065386181237809371e-02
4.479307857621324662e-01,4.218829067389341936e-01
4.423835299967014689e-02,5.431516142573121486e-02
1.204915964542512263e+00,1.159486727168010267e+00
1.633999480032703178e-01,1.750551669199424121e-01
1.139548669887636631e-02,1.231110288497874392e-02
2.087573053007784479e-02,2.624990635818284096e-02
1.499605334212159025e-02,8.536967384137356812e-03
9.922957608145663300e-02,9.674581543520038851e-02
3.127188299074339789e-02,1.685744109281462483e-02
2.489168220668454001e-01,2.540283279544184314e-01
4.235801444387449211e-02,4.400992553245969968e-02
4.259360453825277726e-01,4.883206625478191953e-01
8.650518239668754383e-02,9.207827219913380934e-02
1.730395487469768079e-04,1.378848365511168372e-05
4.077231281519582140e-01,4.399421640506862019e-01
3.018270119152551348e-02,3.861049557675474975e-02
1.001206008759599614e-02,1.392639725686258337e-02
4.406584365421453015e-02,4.286587189789060198e-02
2.744171951407880020e-02,2.669621904520090225e-02
1.088529330583185434e-01,1.295715358232978898e-01
2.543915317620457084e-01,2.498253058103546143e-01
4.355788655663729581e-02,4.919591651150363038e-02
1.757084238944402188e-02,1.690419429102239801e-02
1.122811953450352559e-03,7.793708722054668546e-04
4.332518115540574810e-02,3.982720383106971157e-02
7.726316302093726163e-02,7.839861732882122403e-02
9.637355455645617297e-02,8.423604275784406237e-02
3.608810022115728575e-03,5.286698130069824100e-03
2.655571608040765974e-01,2.643667729595829963e-01
2.901402331532003387e-02,3.158476450890064513e-02
2.933847033004057230e-03,9.813400342680954694e-03
2.796597045781910526e-02,4.312196487640515552e-02
3.156713040851651386e-01,3.207529384513751469e-01
8.720210480453514934e-02,8.681453027408024548e-02
4.801924308942807224e-02,6.491154490768756558e-02
1.202100510777503409e-03,1.807110673234999226e-03
3.889178338585948247e-02,2.796474177010407555e-02
5.207585520612092317e-02,4.563603246591640267e-02
1.148729096406223352e-02,1.947886707524529651e-02
1.746754051438268243e-03,4.326254824910164345e-03
6.844032944439577826e-02,5.534679480721498013e-02
2.183847166786311023e-01,2.270214213166354411e-01
2.606100140911753460e-01,2.581131548318594815e-01
8.798278570367989992e-02,6.587825985619398528e-02
1.491926760404026775e-01,1.678991681380536394e-01
7.876475654769449219e-01,7.670311286768900505e-01
7.652997868861499686e-02,7.402961671700399038e-02
3.145282443119336024e-01,3.080857773633396413e-01
1.743720397655282028e-01,1.679417897380679481e-01
6.743230163446022329e-01,6.766668498914657492e-01
2.932775213421931048e-03,8.406141453736986138e-03
2.959273367826967260e-01,2.692189715697156926e-01
2.684838379090964677e-01,2.817674703854818330e-01
8.303408385624860667e-06,8.208606324119175094e-04
2.959637447588112438e-02,2.398340253612128714e-02
6.138088042421154661e-02,5.898126558623352500e-02
2.253830827333338626e-03,1.963221091717982838e-03
4.255098292147739547e-02,4.387122489165335565e-02
5.323697980327548457e-02,5.481810590287774371e-02
6.189657829386829152e-02,5.917553730403549150e-02
1.956351851932371932e-01,2.224589557120935368e-01
2.712510943065845059e-01,2.465452059884511438e-01
1.696046641896904392e-02,1.539287379563771506e-02
2.914601234292020504e-02,2.374820932921055741e-02
3.274258767930247199e-02,2.971280011868471585e-02
3.067621735913494962e-02,4.058110192289211826e-02
1.072517647589008860e-01,1.005756839044597145e-01
2.152191856750318155e-01,2.232278059539191395e-01
3.018688547110534581e-01,3.033939808255959325e-01
6.930645690778583501e-02,9.391783045765561555e-02
1.036564018393597852e-01,1.024182264485947874e-01
1.538442859706399546e-01,1.672751889225140287e-01
3.593678449520804064e-02,4.724102141927189608e-02
4.537710704931716132e-02,5.754171266815241714e-02
1.655342120496685887e-01,1.452109053363399016e-01
9.311430028329491237e-02,7.740240792048030949e-02
7.095858226866121835e-04,1.108762786186074338e-04
1.200519053285339921e-01,1.527792049841451838e-01
1.459301492355619307e-04,1.998978147128935171e-04
2.432310705735117595e-01,2.600751164448890651e-01
9.202311022768228099e-02,1.057250034893119917e-01
7.740299115304353703e-03,4.696312011752614736e-03
6.269004371886199856e-02,6.466633610553515488e-02
1.246256588042137306e-02,2.077511221462347013e-02
5.777197633510913199e-01,5.416661591196769709e-01
1.019127757421474795e-01,7.464506189780176215e-02
4.265312886129393743e-02,4.082552564470885714e-02
5.801506308388384298e-02,4.487089674872606071e-02
2.289670030536446743e-01,1.871577620886904769e-01
1.340513139516018087e-03,3.512380225840782983e-03
1.354647800016847980e-01,1.294018003445651099e-01
1.707776462985243771e-01,1.846213885793895892e-01
2.223311653700111093e-02,1.907562309234240791e-02
3.905390460697972799e-01,4.063595223421294644e-01
6.258907876123666059e-01,5.974276049936284583e-01
6.940870963081209599e-02,7.112028919379743963e-02
1.263729701740752207e-02,1.556879635944871491e-02
2.823327094477428786e-02,2.363662451295820907e-02
4.195790847823897551e-01,3.959793117161002352e-01
7.065804270665705655e-02,6.364379498750454001e-02
3.419292898304800848e-02,3.423779397216365761e-02
9.020645878900654391e-02,8.182142902072851720e-02
5.591384045656089610e-03,1.202551095503865373e-02
3.349312858327041943e-03,5.825628140483348275e-03
3.108629796435897208e-01,3.354532021689930477e-01
1.001338441266291651e-01,1.032706517583068806e-01
5.457787015897618693e-02,6.543386769033993078e-02
1.213339668929493652e-02,9.366381735672633935e-03
8.354211174591087696e-02,6.471203137015960061e-02
2.879760208353888268e-02,2.768848452377639310e-02
3.140846483601131885e-03,3.873617885200138222e-03
4.074400803770946156e-01,3.737580234002852997e-01
3.132378543634279505e-02,2.667365754526138458e-02
3.199752112020215478e-02,3.418117442341216811e-02
2.247029268980351435e-01,2.051528356044975687e-01
3.525701339890816022e-03,3.000190333804313419e-03
1.028474006014340643e-02,7.375591086331773245e-03
3.156814844858305252e-04,2.142019325518090562e-03
1.413146480119677022e-02,1.313619395011611513e-02
2.255341746945374592e-02,2.496195384763560607e-02
3.360307348915652637e-01,3.116140391917000541e-01
1.202000075161123033e-01,1.035831643957847437e-01
2.884578966640286100e-03,1.855069986133707884e-03
3.983784259708719744e-02,3.121517615627155892e-02
1.091640566935263767e-03,2.395786570308379090e-03
2.327404318138714522e-03,4.668699098441169391e-03
1.250223317616089846e-01,1.111353466651916339e-01
4.439504592792475196e-03,3.875771695514890983e-03
4.980737559375474077e-02,4.525194038893374376e-02
6.596059117394753514e-05,3.099522633323193864e-04
1.537132463766848617e-02,9.577058228412191343e-03
1.506219403963645898e-01,1.454155392928460078e-01
8.895181180875241789e-02,8.370568739154955751e-02
3.274021970132796194e-02,3.587510888729471270e-02
3.934370961945732673e-03,2.555022393084398474e-03
4.038617933504366486e-01,4.269763942003875212e-01
2.182784500962642142e-03,5.582416822397029584e-03
9.334542350121038945e-02,1.043756134176043460e-01
1.096363455054384234e-01,1.224807732727268283e-01
2.376775247053443674e-01,2.745152870504773412e-01
3.205085907420611186e-03,3.346879494460258848e-03
1.705236890436704830e-02,1.189858259191473380e-02
6.280684768725817990e-02,6.181107797590990743e-02
2.928770455621830526e-02,3.738957344262384269e-02
6.863506408596705202e-03,1.217832706597796882e-02
1.391675997701315648e-03,5.999677027684855411e-03
1.325408368584007728e-02,8.377632174293644929e-03
9.745979287721760753e-02,1.221712313964741919e-01
7.272450775732782445e-03,8.589081225607498107e-03
7.081805598788175338e-02,7.215078656046514105e-02
9.599617617734869726e-03,1.127886649664733981e-02
1.760128696240816082e-01,1.710485182142249538e-01
3.716521189590645674e-03,3.556520761552937546e-03
9.715991037407268466e-03,3.711273643212353781e-03
1.236491171786797127e-01,1.022274595919946960e-01
8.559407064618781676e-04,3.380213728962730858e-03
9.127968256039861727e-02,1.100328326735565132e-01
2.999213026723875422e-02,4.292299922305319732e-02
4.253751777131051792e-01,4.091910841976938995e-01
2.011874281715051449e-01,2.125399900062580061e-01
1.976512570566633931e-01,1.605769110566010183e-01
1.038934418755132899e-01,1.012534251124184298e-01
1.255007814274485337e-02,7.405434971356563562e-03
4.705544392469929171e-02,2.944225460728498375e-02
1.866944257795683237e-01,1.985297040605620011e-01
2.671123160056484425e-01,2.994499338874576089e-01
2.415309532122306840e-02,1.868247641652649033e-02
8.698342682079421772e-04,2.470118908989246573e-05
8.548722457895816668e-03,1.508874011670501350e-02
2.178151668012604236e-01,2.136749562678435521e-01
2.241499005520574545e-02,1.317073503363671606e-02
4.181579471811006088e-02,4.594045347254810396e-02
3.075952866716800613e-03,4.155797583500344533e-03
1.661231013747927754e-01,1.670756462227815098e-01
8.837626031527162293e-03,8.264879256228386747e-03
3.489309773126830078e-02,3.301963487874524927e-02
3.752848636536468101e-03,5.255837022867003612e-03
4.464790988744340907e-04,1.339755687250507679e-04
1.180680829239904531e-03,3.887986038767370675e-04
7.997033885201672299e-02,8.391621203037696874e-02
6.127498111198295683e-02,6.288004990476156464e-02
2.914681424853198255e-01,2.816564312287617167e-01
2.468071307750004106e-01,2.463850563683205319e-01
2.924269449341355132e-01,3.022904535580883678e-01
2.852114651837282799e-02,2.845315559413839207e-02
6.268826685496517448e-02,5.080692298907410476e-02
3.458391538223222397e-03,3.279185574343945666e-03
1.313637618809129597e-02,5.739348104313797203e-03
5.126336874110414693e-03,4.262049591531284418e-03
2.059316913547715611e-03,1.407932755915778733e-03
8.680194260963795816e-02,8.248823769120391947e-02
1.312900376536859648e-01,1.519535937256100699e-01
7.941954158653199980e-02,7.590823305085832307e-02
1.104907143094310817e-02,9.710471862533426660e-03
2.386397318513467369e-01,2.589693746919703998e-01
4.161911022623519612e-04,3.059189687044550510e-03
1.277866010753630488e-01,1.287360641939550021e-01
1.553486295599811606e-01,1.532906525356367566e-01
4.509992665448810632e-03,3.558377780685195897e-03
9.715605565763981225e-03,1.304036366357401097e-02
1.053431183968395329e-01,1.139966479462578841e-01
1.955178789740415479e-01,1.830482072144941907e-01
4.841887315052272045e-03,3.275127431765015307e-03
1.580032345227615487e-01,1.683803629585257366e-01
1.761119512014749575e-02,1.093157858673446392e-02
9.638100254392044028e-03,3.110542890025115668e-03
1.096231937095342862e-01,1.118042757849909974e-01
2.052066406071840488e-01,2.216521275258281354e-01
6.957446701867403549e-02,7.365598401237451187e-02
1.385844072630822155e-01,1.168701319274030731e-01
7.357953294804006616e-02,7.219406086550335389e-02
3.153149060423574013e-02,3.522865019684890547e-02
2.419536922640471710e-01,2.020270419171424636e-01
4.286842762947457031e-02,3.094993952436052992e-02
1.115741549821834067e-03,1.565237897435276405e-03
1.706088929499527673e-01,1.969206669636163198e-01
2.614185553703850598e-02,2.398676449291626406e-02
2.164226961013972567e-05,9.193870390550349205e-05
1.731595309263924409e-01,1.672955406553656987e-01
9.989054337292732622e-03,7.320677703924040845e-03
9.476219610168908070e-02,1.037224407781274921e-01
1.750331310655430239e-01,1.650483097412039912e-01
1.100414203906980859e-01,9.650510733406528208e-02
4.687237189047518959e-02,5.692090669020177102e-02
1.784553627081812144e-01,1.471926225028125645e-01
1.369527442258762322e-02,2.236747411017188727e-02
2.605168486829611987e-05,4.557938110390104649e-05
8.776334891283476061e-03,2.967867285271209334e-03
1.255226004239634041e-01,1.288377218887563902e-01
1.084565733508709162e-01,1.035132255991560585e-01
7.070560777640229333e-02,6.618747365229886437e-02
2.090157486937441363e-03,3.241465123598397374e-03
1.014968924064802401e-02,7.477330301425028948e-03
1.289136225396646795e-01,1.095124703020995266e-01
5.687892875967167639e-01,5.570111425358977852e-01
1.333452793034596850e-01,1.148485647098690665e-01
1.037046647310290413e-02,1.108996714751346070e-02
3.774731260443138763e-03,5.988126750693303392e-03
3.436176224303705978e-02,3.835465154324773501e-02
8.503214271734092083e-03,7.705482722200536830e-03
1.496394087403681364e-02,9.568855829177868103e-03
1.316826707673877722e-03,1.078544075336527889e-03
1.199722177284372367e-02,1.312617687970540209e-02
6.812678097796613652e-02,7.900139859896050665e-02
1.451683615226306324e-02,8.410644049999839444e-03
4.857594089668436643e-01,4.883685079644229377e-01
3.503184309917657946e-01,3.833175861789180350e-01
8.270506662687717803e-04,1.472179514829250521e-04
1.452116129166767112e-04,1.933690884888662840e-03
5.884634724450530374e-01,5.541352494322754341e-01
1.535903988992860618e-02,9.239904737186683398e-03
3.901362175044003483e-02,3.949048072647542290e-02
1.619732458019474408e-01,1.579703177813558401e-01
1.985367464393106018e-01,1.790358903181938077e-01
7.573405210252994769e-03,3.873473837345528959e-03
4.141310866043197703e-02,3.265923871089788932e-02
1.022124758243614373e-01,9.588044721084378053e-02
3.059343140119453325e-02,4.055631014131230727e-02
3.857678304541540815e-01,3.920205241046055833e-01
1.703158030060650807e-01,1.578545585528566830e-01
1.055787636560867084e-02,6.682969719612374439e-03
4.651804453987153261e-03,5.895876331630528142e-03
1.264538405704682903e-03,4.156360668528404079e-03
2.102852559603209104e-02,2.254964963492819136e-02
1.170543878894918927e-01,1.121319928550619932e-01
3.751177270265283054e-02,3.903618785667356539e-02
1.004710948844676419e-02,8.457303330100210403e-03
1.060436498343534685e-02,1.271715420365550527e-02
5.203329619603742906e-03,2.676812526266684512e-03
6.393586720244241739e-02,7.005861366342630570e-02
5.485934752053273772e-02,5.213341910646353272e-02
1.375253819342500683e-02,1.462658046208733034e-02
3.001451117386165490e-04,2.000211819182189885e-05
1.820084335310872842e-03,1.940624262247467671e-04
1.745917839703421404e-01,1.764159158732734045e-01
9.052251025081213820e-01,8.606177305381979004e-01
1.077894550343116119e-02,1.941742233727244971e-02
3.178764998860075242e-01,3.247781421219362308e-01
1.622067673545031785e-01,1.623289847006469944e-01
9.859707779983178932e-02,1.245076907679889822e-01
1.854543223911988281e-01,1.527992834388034737e-01
1.765457446841491862e-01,1.708815460530392627e-01
3.855851653614864039e-01,3.914239224050141686e-01
2.712935960654966686e-03,9.276617648234867228e-05
4.915354713530194208e-02,3.857024779701320738e-02
1.599663615281121665e-01,1.919827335774408894e-01
3.971214697305689573e-02,4.153565731908746145e-02
1.044824294050591684e-01,8.287358330229420422e-02
1.244712165041528817e-01,1.207349981923278859e-01
6.795785132812676155e-02,7.058246510339247215e-02
7.265497799237573794e-03,8.383590209793468848e-03
1.588607071225383582e-01,1.744946241249241969e-01
1.798698851430348064e-02,2.362425015055875585e-02
2.480346659237192748e-04,9.981879812252434075e-04
2.741684210153713108e-01,2.961176246659454891e-01
3.992262644313866043e-02,4.289247105432835577e-02
2.046363801505694975e-03,2.532902331003354136e-03
4.930655752410969400e-03,3.379247845507704802e-03
3.649630574459397647e-01,3.827496088160353138e-01
1.360775945077619814e-02,8.881263521306781081e-03
6.528727876828048504e-02,8.765730761994314224e-02
3.884697150537861493e-02,4.044293045801540532e-02
3.100881657056678634e-02,4.274667177060637729e-02
3.622568856607678942e-03,1.028499786452716398e-02
4.813903196060799992e-03,2.268137568813059519e-03
6.521953400295978087e-02,9.329449147136581466e-02
7.462414078818589702e-02,5.656792216403062207e-02
2.189504335345897057e-01,2.464248758768163572e-01
3.185563666727350696e-02,2.473289725662396535e-02
1.746427689412403395e-01,1.731300522090312155e-01
1.951891442719853268e-03,2.112300613639403728e-03
1.960688154752388279e-01,2.185592175123742820e-01
7.729856435252435709e-02,7.842688488268892422e-02
2.206885332350480913e-02,2.621802538050531373e-02
1.341757614104208685e-01,1.254445730633083345e-01
2.109819566842290745e-02,3.151849785565007112e-02
1.994108622810304710e-01,2.023795741926558978e-01
1.703409496158893588e-01,1.464956904391195303e-01
2.459468819611609902e-02,3.317654178128429110e-02
3.916437812803297280e-02,4.462518198011902748e-02
1.659254376486820337e-01,1.953934506366998280e-01
1.610376648797383544e-06,4.126195875762553116e-04
1.920580190531339659e-01,2.010987030577567336e-01
1.766545010891681922e-01,1.783181334625415226e-01
4.068441360544617497e-03,9.258331063354165516e-03
7.237359890613592750e-02,7.159716257071495338e-02
1.071661961060386449e-02,1.395219313880040855e-02
4.771260241051141632e-02,2.529394989391158671e-02
3.296976401870348877e-02,3.393039158834898483e-02
3.906132222109044358e-03,4.690542173056010296e-03
4.023376654018125803e-02,5.062415365073678203e-02
1.574271421267577908e-01,1.704169526779358290e-01
6.596004905276993402e-02,7.127140063400770609e-02
1.402837359896294501e-03,2.655197493224183483e-03
3.384376678532569765e-02,4.309521414947807549e-02
1.043430795033355729e-01,1.047208392475065114e-01
3.604981570451795125e-01,3.765918326248836046e-01
5.557610648283323662e-04,8.702161245647154397e-05
6.284332573336903760e-02,5.087419028080759215e-02
8.366018250044808535e-02,1.046946115504382296e-01
1.831030746624695005e-01,1.799216816406739305e-01
3.480280067676940620e-02,3.569524983952906266e-02
2.233228888065348985e-02,2.065440105947865396e-02
1.206237461792996069e-01,9.294331893995318172e-02
3.424916719342373239e-02,3.273674192204308053e-02
1.091602918838758401e-02,7.014907996096189820e-03
9.541762780688635426e-02,1.007346193555028330e-01
3.426733078247912439e-03,4.554615603883717043e-03
2.495187109332455133e-01,2.193556037105264256e-01
6.163775571972889000e-03,5.754298308546382593e-03
1.705320439665841898e-03,4.336398570481018533e-04
3.359637620046714338e-04,1.593145151157056240e-04
8.317914989726466401e-04,1.401460011164214941e-03
1.769146839941484334e-02,1.752057802136644873e-02
8.119087479114248107e-02,9.311980969989498702e-02
1.211183561311265271e-03,7.975421476152270506e-04
1.711732774555536560e-03,4.222775492689698077e-04
3.044095491964223243e-01,3.078318347059289528e-01
3.255676945127347361e-03,7.127844950575842366e-03
8.585484229072090287e-03,3.305790979237456170e-03
4.749315190102167995e-03,6.498812260925940221e-03
4.010015502443528535e-04,3.757983603684080834e-07
1.694319158228078659e-01,1.728552365207086938e-01
1.937431052650545951e-02,3.274449556050414156e-02
2.706581562745949757e-02,4.475206527328906558e-02
7.700379454563742454e-02,9.491854607226377083e-02
6.048900426993581401e-03,1.295142044234152360e-03
8.431458845222322696e-02,8.346224331337437352e-02
1.365216053907367284e-02,2.003363801246446640e-02
3.037320735605776867e-01,3.270894560414648322e-01
4.538738372485311041e-06,3.389376689889516623e-05
2.207856663426911170e-01,2.249309792432678257e-01
1.191783833792191966e-01,1.217726328423085896e-01
3.873096212942601091e-01,3.918000356116558835e-01
1.302736143300039996e-04,6.043136168891796983e-04
1.747003076593544868e-01,1.707035719623807846e-01
3.957277308112658321e-01,4.370429970211595072e-01
6.574815998975282183e-02,7.506993727606889322e-02
1.396057692042351472e-01,1.243240076446308490e-01
3.680891032852538769e-02,4.713900154690703337e-02
2.579794191765507616e-01,2.504971121373474885e-01
2.613086440660288279e-01,2.900078974284218680e-01
4.568026722317285182e-02,3.608162112932373350e-02
5.601738878343433259e-02,5.114926723261512681e-02
1.052357923253676433e-06,7.755817514968668105e-04
4.753417012779696110e-02,4.417353445321126060e-02
1.060316404351484753e-03,3.032185601396038179e-04
4.934438872114153551e-01,4.807716008485257153e-01
3.355087030542555551e-03,9.164749930472341349e-03
1.361576969111521042e-03,9.282874707190414071e-04
3.389867696670072900e-02,4.447930501731374442e-02
3.658613869086701498e-01,3.516776139508105969e-01
3.171545211197815406e-01,2.881435585684485878e-01
4.750752451873908183e-02,4.248699304796680482e-02
1.597907783677298132e-01,1.623057114898524278e-01
5.308420273681976886e-02,4.943865927856817832e-02
3.509356422104740331e-02,2.221957623318322056e-02
1.639453446672935535e-03,3.979929348919090774e-03
2.456051571888064056e-02,2.796005943890491480e-02
1.878926683748148585e-02,9.570350338454398226e-03
6.094183290374202699e-02,4.983204999093478194e-02
2.133366111831417125e-02,1.893401299508137153e-02
5.064383712128864116e-03,2.985819931067646392e-03
2.887461962032210686e-02,4.323939741107948181e-02
2.921218489189789536e-03,8.027624730982917123e-03
2.059577826193034478e-01,2.226146423151603715e-01
3.400826476179385355e-02,3.396998375555594640e-02
1.204789634785317226e-01,1.432794813241024257e-01
9.263861853558937043e-03,8.470367699456981397e-03
2.666939367718289527e-03,2.115075311075263319e-03
6.774700645578976554e-02,7.365159671758743365e-02
4.551268433807971192e-01,4.699245953417774957e-01
4.415919418846636982e-03,3.144847741445970686e-03
9.027977765378238399e-04,1.112571272340865433e-04
2.564475806026849519e-03,6.687124407689479418e-04
1.067044563851478195e-01,8.221755472842723345e-02
5.291851990942206523e-04,9.987063187288501998e-06
1.157158195076385225e-02,1.574221110448558239e-02
4.067973168270784361e-03,2.203361108075586709e-03
7.246782382764612764e-03,1.099746176485198214e-02
1.517512601532923222e-01,1.599936694503751866e-01
2.567348092749596744e-03,3.031015617346953690e-03
6.265063906563518303e-01,6.608757027055536248e-01
1.456068633660437817e-01,1.365362133704060288e-01
1.021902963025017180e-01,8.483604843259634487e-02
1.538237044918705221e-01,1.570859064138056815e-01
1.210858007250042306e-01,1.278063654390170778e-01
5.154475927961005982e-02,4.784930061052609929e-02
2.201100455051270277e-01,2.364959667971625323e-01
8.945238029935206892e-02,1.039119053273731691e-01
6.021524136613048972e-02,4.527352250252564964e-02
2.288398641829520602e-02,2.099645524298956317e-02
4.269619721045320171e-02,4.493253673104079249e-02
1.090104455957083829e-01,1.242893839307615961e-01
1.789756847546535024e-01,1.798026311912227782e-01
2.022923226030108948e-02,1.656516781862010443e-02
3.380949558738623184e-02,2.733729867210013195e-02
3.941223660642872995e-01,4.272937074125460200e-01
5.120986677576575691e-03,4.595787855650282014e-03
1.933106525536245832e-02,2.822461717287641156e-02
7.321903337498791332e-03,8.065559472390800011e-03
2.074658749788972356e-01,2.327149721163853380e-01
1.236595042431025138e-01,1.056320055943904407e-01
7.290783292422464701e-02,7.687216446778373513e-02
6.236872371820231797e-02,4.690951291767492953e-02
2.937140058355541296e-03,1.302470951636064888e-03
1.498826520064331334e-02,2.420496102681274006e-02
2.817019713520068150e-03,4.119613324572976619e-04
4.176571175514922490e-02,4.005397260162008727e-02
2.819963083455700464e-05,1.902844147361193111e-05
4.116349749543234127e-02,3.988600470138999043e-02
2.234937870864337275e-02,1.746129661531528945e-02
4.222559033589914218e-02,4.349224270506398676e-02
2.162608582886381137e-01,1.947844838061093542e-01
8.057314161965643470e-03,1.108375475277080351e-02
7.096447092553073146e-04,9.426893645767024047e-04
4.394103789030915155e-03,7.147029414138588929e-03
1.466762893369844556e-01,1.508956825212506569e-01
8.718956907919142574e-04,4.304796811502234824e-03
6.440956553586458209e-03,7.636896728240766090e-03
8.465871763112333553e-03,1.033439779081944850e-02
8.204243132550791129e-02,8.226646578038568358e-02
1.781574484550558779e-01,1.668047828116494269e-01
1.302742939094546637e-01,1.092610049895468699e-01
4.094153134908661701e-02,4.004616110175745342e-02
1.640322596625066187e-01,1.399552490029454532e-01
2.760431401153916331e-04,8.571780300601202982e-04
4.258833169722734402e-01,4.592847062112241363e-01
1.843036555838496737e-01,1.856004404516251871e-01
1.081018342435205587e-01,9.867135970402714229e-02
6.805363509738563028e-03,1.630874434948183238e-02
4.324814548355501720e-01,4.324604703040119125e-01
1.488697679581658662e-01,1.340963142099404204e-01
1.233293565650540463e-01,1.226234272104480133e-01
3.217127652939604583e-04,6.845463257625552417e-06
1.922633651483921695e-03,2.160481203136630467e-03
4.095728298889736441e-02,4.105666148736691196e-02
1.146760341037474193e-07,7.306630067918226321e-04
4.697359496996079617e-03,9.939800480550263148e-03
2.315200182758583303e-01,2.214820061547011221e-01
7.183819802372614673e-03,5.786908765109947082e-03
1.096329807703470272e-01,1.159473801944512911e-01
1.399649254027694051e-02,1.546101728576705983e-02
9.601924858996887038e-03,1.170850188614839561e-02
7.494544597298160582e-01,7.713521382640170510e-01
3.881643586288031602e-06,4.496775496830522505e-06
1.346362306961550181e-03,1.787857414517583137e-03
4.762660348203877347e-02,3.911099218831367436e-02
3.239358495597263049e-02,4.642997494180760298e-02
8.538729010262820218e-02,9.947342870952782801e-02
2.695163915919893682e-01,2.369190685848117928e-01
1.881915667377772466e-02,2.236182877438652045e-02
3.315017089078862722e-01,3.142648143714223408e-01
1.213051420342345539e-02,1.853061638099394448e-02
1.985599770253724736e-02,8.957238482347595204e-03
2.612925025285869896e-01,2.800849353442674272e-01
7.096194012725437483e-02,6.241902393660461040e-02
4.480388222577972313e-01,4.566900825284984644e-01
5.741199082549509891e-02,4.673088855356751642e-02
1.364309254050429243e-01,1.565716086064980472e-01
4.623669566430896327e-02,5.530015534098534774e-02
2.931382848634924917e-02,2.466047310936056447e-02
7.883160709087549955e-02,6.260584642779377929e-02
1.954169365535944028e-04,1.272136202549332008e-03
3.200963387703736202e-02,2.842090473356321395e-02
4.511433216010895392e-02,4.787048221330889031e-02
6.059220999713423733e-02,7.673460967181106041e-02
1.138341956656267751e-02,1.293420675969542306e-02
4.386813332197669370e-03,6.110323141770459057e-03
6.263880196298039771e-02,6.380005256239276723e-02
6.742597116451463923e-02,8.019420606686726571e-02
6.212565157655818709e-03,9.475816409302688934e-04
1.098667570386086152e-02,1.656849516196141556e-02
2.369389536039705896e-02,3.967089324788850707e-02
8.601680474942403876e-05,2.661455544902810227e-04
7.229512282881078375e-03,1.146029430472643787e-02
7.461028902162673317e-03,9.345657742944827456e-03
2.667726010998161187e-02,4.638438851902763199e-02
7.539097355929706701e-02,6.981353448530976114e-02
1.630575026105962888e-01,1.511987178786562969e-01
3.835246923620536097e-01,3.736218361351914541e-01
8.133295057226340441e-02,8.212666379998845301e-02
8.646665863940158556e-05,4.097790849401483746e-04
2.214649490446665876e-03,3.477776633843736309e-03
1.749170265549270242e-01,1.718641845970994564e-01
1.774327240603720823e-02,2.090932200823723136e-02
5.377447429688035629e-02,6.577597523073139274e-02
5.759544007124828280e-02,7.054012010649129971e-02
1.360900827988647810e-01,1.377964235328228704e-01
1.675016993326774728e-01,1.343011358943745626e-01
4.474519765955101147e-01,4.454264778317656437e-01
1.649839600600035844e-02,1.793957551801323921e-02
1.005349971452150076e-01,9.338874259649511400e-02
1.908062733457065868e-02,2.491075618124058075e-02
7.968678404855525062e-04,2.528896219982409120e-03
1.680212703440270849e-01,1.620547538423294243e-01
2.056149693621556196e-02,2.886277485158882453e-02
7.988582878719363567e-02,7.124582194289134918e-02
1.887269973864119932e-01,2.017317709212902432e-01
5.278853519083628182e-02,4.164975007256713907e-02
3.370210779425062472e-03,1.519156177270021600e-03
1.093772736582775545e-01,9.865828224717725081e-02
8.296484042899019209e-03,8.248454500770444758e-03
2.978918440376193341e-02,2.924098511155955732e-02
1.712126747020535078e-01,1.729544741326175250e-01
2.399160101794357153e-02,3.227305297101634024e-02
1.733124949394706238e-01,2.142257393213961025e-01
1.214512134582428592e-02,7.298374348899989462e-03
5.548134991172677666e-02,4.556116988201288492e-02
6.929678303558671482e-02,8.862026585498784803e-02
2.224123537380665733e-02,1.873812958481804389e-02
3.015429386704599479e-01,2.930120685781418266e-01
6.324879229944786740e-02,6.632359682660662892e-02
2.458340801634543299e-04,4.298482924825480772e-05
2.050938217700681854e-02,2.280965675132577003e-02
7.659615876421138614e-02,6.166161596043259058e-02
2.316713681768394970e-02,1.245539178246090305e-02
1.135947485428207525e-02,8.768619873190705571e-03
6.608285003165123746e-03,1.082949066128845346e-02
3.858736525129427986e-03,1.434041429438750017e-03
5.152461976923239373e-02,7.420786233157898593e-02
6.219947963861538476e-02,4.799832777727692373e-02
9.179765098910666610e-02,9.065606990551061672e-02
1.538606326741011451e-04,1.840524041175742136e-03
3.492478067061199898e-01,3.440430454000479865e-01
7.187401742758188494e-02,7.533088143367845657e-02
2.034252655683661121e-02,2.583522708106966020e-02
8.665680717305622727e-01,8.489093438652899337e-01
1.571844646472687901e-02,1.586215320839491627e-02
5.854417358549595177e-03,2.305013167348145611e-03
1.778813220695378561e-01,1.984493896302403637e-01
2.985252309972304813e-02,4.211430943406213601e-02
4.821764037134083913e-02,4.689726268912703527e-02
5.078009357286548953e-02,6.093154893457004839e-02
2.218460636668711378e-02,2.039787695775422890e-02
1.142728789072013605e-02,1.121160456915450826e-02
7.576296516788609547e-02,9.355447329041308158e-02
1.666961486928053848e-01,1.739147736594683358e-01
1.196646234702403166e-02,9.736117470160454701e-03
1.292663882103200265e-03,3.523142440580994154e-04
2.361857981227245828e-01,2.439466425266666738e-01
2.676140645493867154e-03,6.761363324926419373e-03
8.715843328707359450e-02,1.140973411168319795e-01
1.362569891826303538e-02,1.846422660892032067e-02
2.657942411559154755e-02,2.432817461691538785e-02
6.705210054854826920e-03,5.506043341959050014e-03
1.518460151136898778e-02,1.732952908663801250e-02
6.841886477950974432e-02,5.810501640703242404e-02
3.038143827609524408e-03,7.697728792393960812e-04
2.297185679465399699e-01,2.146124990564577673e-01
3.368514906725510877e-02,3.735265079326316462e-02
5.408814961458861120e-02,4.922943522412055739e-02
4.372386984434734059e-02,3.265225891662676405e-02
2.071618426205995567e-01,2.237982361566543121e-01
1.442820213481753877e-01,1.380079279826161021e-01
7.431214103612844221e-03,9.529851016692000854e-03
9.174040771459410215e-02,9.406822157514199700e-02
4.227120487366654855e-02,4.963703548724041070e-02
3.344335216069908856e-02,4.998141895588746608e-02
8.782152358082814803e-02,6.838943926519415462e-02
1.786801042395713690e-02,2.637251684487840198e-02
3.611927064717029845e-01,3.694004860398202306e-01
1.221067565073720267e-02,1.375943047023520278e-02
4.806634501514760183e-02,3.862371827186507345e-02
9.670256183584109624e-04,2.974213144461139197e-04
9.285432500620308593e-04,4.930542095901623229e-04
2.735290189355430238e-02,2.576672002532884309e-02
2.199147349631713072e-02,2.173265424902208129e-02
2.551132098053262437e-02,3.413582463228916758e-02
8.637423477387327908e-02,7.521078148468079982e-02
1.804492112037421256e-02,3.067739144183124697e-02
3.097888064630046137e-02,3.437707831263791397e-02
8.101486455746846269e-03,8.256073109908923166e-03
2.179483004104785723e-02,3.129127153489320162e-02
2.028544725083999134e-01,1.881091212197492368e-01
7.376365256950125071e-02,7.546567562422860920e-02
4.045829082485076088e-04,4.215105314629439062e-04
1.098139337700811818e-01,1.149761217988948675e-01
7.278588119427195462e-03,2.043785383040406470e-03
6.088629571821009279e-01,6.372478387018636337e-01
5.568429252962898632e-03,9.528874940247858416e-03
9.863039705056883544e-02,9.624647940184054284e-02
4.343621711688016029e-01,4.273176241330848835e-01
7.065594964874530879e-04,4.154582162574589675e-05
1.471669571797227551e-02,7.516243928939211720e-03
1.046371555008532434e-01,9.100888911050190877e-02
7.732683839808879300e-03,1.255373371256932914e-02
1.115596690077138436e-01,1.059301154044143961e-01
1.109413442750667722e-01,1.321953343339857812e-01
4.754473116047277514e-01,5.037799646120554309e-01
4.074854631128448090e-02,4.218061303969185966e-02
9.465456032710396761e-02,1.169336651403278526e-01
6.069593884735655261e-03,3.425022142818185886e-03
1.596143062819188260e-02,1.025754000701938930e-02
2.962017404623363084e-04,3.128689087157282295e-03
4.063211948990302740e-03,4.210987656403243629e-03
1.005399536864976934e-01,1.025628035460314780e-01
1.117180834582233440e-02,1.381446421894699621e-02
1.267498934270395727e-01,1.359008426556493898e-01
6.681804392347276411e-02,6.337356252268695755e-02
2.386675374451812659e-01,2.072638312707592856e-01
2.039162214750474544e-01,2.381396046955057966e-01
2.747759020612602562e-02,3.318925445476327701e-02
2.926181778914442740e-04,5.210317421648973747e-05
2.346451340590181567e-01,2.270842019363210618e-01
1.242452484881054336e-01,1.425156563695646472e-01
4.490118131500067666e-02,3.808310999442841849e-02
1.255601652844082761e-01,1.444612136124108492e-01
1.090817197124403087e-01,9.287577219341654200e-02
2.054496625528452053e-02,3.710980305515667460e-02
3.384148955915190337e-03,9.913078370902710101e-03
2.410314054906983680e-02,1.493242324571610741e-02
1.060988364936723584e-02,8.626680921418151266e-03
1.737604730431150865e-02,1.075151682598675731e-02
7.804686707715227656e-02,6.406898703076513435e-02
2.903889272097374616e-02,3.314814931133339138e-02
4.685268893944484481e-02,4.394368949879075975e-02
4.586394200172082963e-02,4.551252324651803433e-02
2.764188360928459542e-01,2.304654133522812953e-01
5.994732362425578276e-03,9.910706542146546436e-03
1.695112535027960008e-03,4.593915382601096269e-04
5.233729469477102492e-03,4.706222615397352357e-03
2.223558870286323000e-02,1.710012350594623115e-02
1.166473841156216856e-01,1.019543492399506424e-01
1.014059771063983012e-01,1.067954022396336994e-01
7.351959468436815304e-03,8.800002430712573808e-04
8.179840937304409506e-04,2.638190530027932244e-04
1.485232302781079247e-02,7.734441595606266449e-03
2.231922537756707292e-02,1.897697546774143942e-02
4.449502974048334669e-02,4.240121694896820809e-02
4.749141024652160925e-01,5.129100729974727102e-01
2.411427189230070864e-02,2.050384950508905152e-02
5.806768108801001757e-04,2.432689253268396630e-04
2.330915769723589936e-01,2.107983296006007146e-01
1.990612654170539897e-02,1.999127267503837679e-02
6.948318777239095335e-03,4.586337196353976707e-03
1.750234536796267670e-01,1.660673861510094662e-01
3.119072765040482031e-01,3.310288771774163030e-01
1.793476462992589504e-01,1.385210248579960834e-01
8.603754312791898895e-02,8.970558172069668934e-02
3.845003097841387385e-02,3.426653379147776707e-02
1.176863731672574132e-02,7.742144688890109303e-03
8.131419825001748314e-03,3.464097535775750338e-03
6.277799583290542829e-02,6.092830476729852590e-02
2.693937119699528482e-03,1.258766155088412303e-03
1.351619555884874535e-01,1.628560942293052205e-01
8.355634898166563876e-05,4.504225908198969938e-08
6.319472207222548172e-04,5.595734903444922817e-04
1.848884231631139907e-02,1.285119368232062916e-02
1.289485934828679681e-01,1.424432266631495136e-01
1.601431920810194587e-01,1.483090043941498182e-01
5.074052381062845590e-02,5.642583022458486780e-02
4.179299097511406103e-03,5.311056217073195120e-03
7.118469341370524395e-03,4.286827434073420436e-03
1.809186148676058398e-03,9.279834183154407265e-03
3.128789121303641729e-01,3.136324571117962701e-01
6.207273619914264150e-03,4.244630515685860438e-03
1.030775357716121610e-01,1.203084368559696749e-01
2.283672493392036318e-01,2.217027927649728170e-01
2.082111668866436921e-02,1.747861502061992534e-02
5.431071525759151308e-01,5.501692705838329145e-01
4.439839619887876038e-02,3.540715278312235592e-02
1.838504200528199573e-01,1.922983458362559628e-01
1.765400296321527340e-01,1.654452206354835864e-01
6.609920943423512358e-05,5.408664839794363192e-06
5.703204514701554206e-01,6.404184298595431146e-01
1.003737361901568814e+00,1.052664048193325375e+00
8.795699410142480135e-01,8.677963472243908072e-01
2.856730742611963275e-02,3.428113319487884753e-02
4.767877079280673398e-03,6.527424164089567007e-03
5.487012168830115999e-02,6.476436243380646884e-02
3.135925770822315523e-02,4.355982323828706815e-02
3.763667817430497303e-02,3.685551450806458934e-02
4.017674190465955752e-02,5.929728902037580823e-02
2.250636192473110531e-01,2.752350958087854127e-01
2.404591487530161401e-03,1.134061753635035681e-03
8.196678983316977099e-03,1.356201950511987282e-02
1.292179675990424492e+00,1.254337220222277116e+00
5.930754835855939211e-02,3.463303085303200829e-02
4.341835011890578418e-03,6.907427440019678518e-03
1.648228728806461763e-01,2.049415873922387499e-01
7.158453809994468064e-02,9.830293639634828107e-02
1.127267506142505676e-01,1.193474741742994866e-01
1.195903924208532691e-02,1.990943917983033565e-02
2.173181587221282574e-01,2.137448099009232882e-01
1.486644766577503718e-02,7.074511490659708517e-03
6.504976570168848754e-03,3.034698669348689926e-03
3.531151460794228897e-02,2.539351911066018916e-02
9.597692491884669830e-02,1.084019783471414644e-01
3.674602352012550522e-03,2.151850757865569203e-03
6.326434446872336581e-04,1.202458001351377126e-03
4.472083599244873475e-02,5.840820507649423926e-02
4.637353833060649244e-02,3.892081901363979302e-02
1.476881075273955846e-01,1.414593969887171232e-01
9.467221740376202677e-03,6.010423166588945744e-03
3.426118566479100305e-03,1.042035346823517138e-03
3.900935541058811462e-02,3.806166729329547860e-02
3.031768107242554522e-01,3.277567222906206390e-01
1.118148920557797132e-01,1.203916433128378177e-01
2.478286459174069978e-03,2.782750758150422609e-04
1.497653116231162547e-02,8.994448374208607183e-03
1.361771445949164043e-02,1.870246569898661310e-02
2.088004986293809286e-03,2.170033101820100559e-03
6.088068670451382003e-01,6.026582437954948190e-01
5.711787815643836613e-02,5.300839546063777080e-02
6.215192700622098015e-05,7.988631697830766680e-06
2.240729405375361648e-03,8.131134114784078007e-03
9.985606828492406197e-05,2.110465740829569736e-03
2.860782286475953007e-01,2.639434204451612254e-01
5.966501881117104722e-02,6.118973682777922168e-02
2.173815480281569151e-02,3.567002845069082440e-02
5.796520745966816934e-02,5.465200048516299924e-02
2.533215889400246279e-03,2.146811789412295720e-03
1.912090496066091438e-01,1.741980841865566898e-01
5.119524470947200588e-04,1.703684173753792185e-03
2.440359144652688717e-02,2.575451498675493042e-02
3.392226791472589126e-02,3.994608991135638332e-02
4.440661025552700147e-02,5.735380848494218975e-02
1.829409829380266228e-03,5.044575779276545997e-03
6.452686623179678012e-03,6.548128493316150364e-03
2.828444959283948207e-02,2.144024624504840479e-02
1.559989298989198974e-03,2.055623024365898967e-03
4.017755834615364119e-01,3.832684436719087095e-01
6.524061013783809260e-02,7.340598307915859044e-02
5.000689144737152647e-02,3.698057780275477296e-02
4.408957327238756190e-04,5.075446695073375543e-04
4.230085218006399694e-01,4.619364952770491084e-01
1.000645331022483181e-01,1.200796674742996284e-01
1.129510068405447688e-02,1.155905392144516465e-02
1.089787822769412301e-01,1.315396704816305939e-01
2.594748280309878141e-01,2.657164254477573095e-01
1.654059870008816324e-01,1.382312366393690095e-01
1.522802198039561712e-03,1.338999191361667945e-04
7.876791068079880276e-02,8.349395638678455689e-02
3.489059562115833697e-06,1.738656055343229014e-03
1.647864551447628112e-01,1.426330286957814553e-01
1.969450644882261570e-01,2.085332077419190522e-01
3.957924722469303713e-01,4.051778657219113344e-01
4.465251075926504176e-04,1.113396721253626489e-03
9.191782351202898438e-02,1.006650588754448433e-01
1.282338823735268071e-02,1.748699461917163286e-02
1.432222117234047687e-01,1.357868403684614478e-01
3.276897640924802402e-01,3.113878613996594047e-01
9.697738453717987678e-03,5.024376939403213740e-03
2.496837586483007243e-01,2.514948879552799110e-01
7.137368920643645531e-02,8.074530836095995812e-02
1.840140368200921320e-02,1.276748526692692530e-02
1.941440864030891666e-01,2.056184976815876864e-01
9.064761281218153277e-02,1.143732069269616097e-01
1.834100033916554948e-02,2.707642798517646138e-02
1.081502652275870974e-01,1.366632615432788189e-01
2.213675529618357174e-02,2.665489322468543934e-02
7.464335080632351904e-02,9.178230768300144060e-02
1.091992272946551157e-01,9.065019944494398518e-02
1.713191666836791083e-01,1.937977915368366555e-01
1.151351923628119930e-02,8.406985727053417970e-03
5.418295319919237407e-01,4.945471169706940895e-01
1.245209046767024007e-02,1.857654904752289310e-02
1.236244090468520129e-01,1.317706670101310984e-01
3.164678028150570005e-02,3.070493372057145690e-02
4.506594228175060668e-02,3.766463520011030519e-02
2.988311903453342300e-01,2.722559827375383157e-01
2.193810020442450714e-02,2.495370209696579078e-02
7.474703843398884662e-03,9.281817918823695446e-03
1.713301898089907016e-02,2.057854992547370962e-02
1.113338672772707511e-01,1.059797452868838363e-01
2.628955934300782754e-02,3.237928000333859663e-02
3.610242121031458362e-01,3.960416261119933945e-01
1.930074193802929156e-03,3.254694601007389939e-03
8.618067049025672499e-02,7.484926380915948863e-02
5.301768342061956123e-03,7.785300618296057788e-03
1.016096417893077447e-01,9.191104051354392901e-02
1.372092053197044859e-01,1.410751242740890810e-01
9.082148341823647469e-03,1.026448158891860724e-02
2.295356472352999902e-02,2.192340584942019735e-02
6.708182457613404669e-03,1.034029526991645138e-02
3.292859336284813775e-03,5.209278993685181360e-03
3.879185609841926397e-01,4.219334521073144773e-01
8.051835876542674797e-02,7.874730799530628433e-02
8.407242948684076622e-02,8.929164378430025362e-02
7.899454866304357224e-04,2.009786523615157694e-03
4.736271890473985752e-02,5.105189162141608034e-02
1.236387009524790720e-01,1.315120809157803161e-01
2.527290083283528777e-01,2.356402327019988807e-01
9.416457966899800802e-02,8.903688518678889996e-02
1.702889319625972703e-02,2.363247973122777068e-02
3.237331238181829773e-01,3.316307255560268508e-01
3.092319855788841498e-02,2.054386038901839101e-02
2.003086326782770599e-01,1.805458685623351767e-01
9.269576823930964979e-03,1.364843688673715583e-02
3.484338899749434004e-02,2.829847646705025560e-02
3.927814378255288508e-02,3.612444890785387192e-02
7.355507902949450783e-01,6.994827032400352529e-01
5.594713340737395013e-02,4.578876135090879929e-02
2.248943767195818108e-02,2.230224379230353812e-02
5.814356119792735839e-02,6.775960093364802317e-02
5.224806744952198434e-02,4.029624918754956542e-02
1.771311776873628384e-04,9.895777047774732544e-05
4.423871561043145606e-01,4.667543727843517232e-01
4.424399599652988346e-01,4.175011013839373675e-01
3.436012358458356147e-02,4.480471080773256592e-02
3.237149335583835302e-02,2.943797344215133560e-02
1.961570452373871121e-01,1.988786583204165681e-01
1.611056338613725547e-02,1.046800947941181094e-02
4.666338265517193384e-02,5.852923978713701902e-02
1.863848221769467191e-04,1.849899395869987516e-03
1.373995991906096920e-02,2.756593530737237729e-02
1.054857597936363460e-02,1.452656920989155165e-02
1.902999283122359109e-01,1.926879034161024518e-01
9.416606746464711852e-02,1.074541685957443871e-01
1.979449143001671407e-01,2.199120459925544557e-01
8.354520792710000421e-02,8.608282197812329450e-02
1.874965349739809355e-04,3.278948473351634075e-05
2.911813273149473913e-01,2.613120404214936965e-01
3.858630362988227369e-01,3.854720574728793259e-01
1.541349014676877613e-02,1.719832174133170341e-02
2.471779787687494886e-05,8.019698161364209826e-05
1.385827885967212403e-01,1.130835549638649906e-01
3.144394479289640554e-01,2.824924326837287558e-01
5.899455418249473920e-02,6.819382023662838577e-02
3.867236715328328800e-02,4.428269417418784215e-02
7.343369962073467705e-02,7.543086041482224835e-02
5.244155133079554665e-04,1.881387576439637685e-05
2.417816152504157629e-02,1.656593156931081626e-02
8.031775588215336684e-10,6.909639186896038331e-04
9.795672313208224347e-02,1.027811094903834099e-01
1.443088168494730539e-01,1.398398341705817671e-01
1.928515644351887492e-01,1.830337161996598294e-01
2.140148037349247356e-01,2.107532579974076281e-01
2.441550603730233138e-02,1.627746488727041183e-02
4.496105315085052907e-03,7.302959168031790231e-03
5.481809753674782293e-02,4.683390482663996740e-02
7.139426907943485778e-02,6.173322516329660115e-02
3.022069713029469987e-02,3.289457136569581136e-02
1.774818124988710930e-02,2.583719659208673358e-02
1.635894753499526596e-03,2.364754327178565652e-03
1.062894799047334193e-01,1.082143579695005464e-01
9.346457351359026278e-02,8.707689773070938222e-02
4.391512125922500953e-01,4.207474517596618835e-01
1.037545066883007946e-02,7.769352985957725388e-03
1.872418728876167338e-01,1.770740046254933031e-01
1.860795519068196222e-02,3.157905433159582942e-02
1.752961946903513479e-01,1.694058935535192045e-01
4.746980911548302068e-02,6.814414050045726479e-02
4.384169846261664061e-01,4.817747880569148711e-01
6.823614287482542284e-01,7.123678848546497466e-01
2.127330138017696076e-02,1.427075776863595893e-02
2.296894466488322017e-01,2.639270686014477119e-01
1.633699043662545924e-01,1.610211158190584246e-01
1.007040696860142387e-01,9.147934035343976977e-02
9.661272671214053698e-02,9.602535847843896022e-02
2.867776050900501805e-01,2.847854011008659203e-01
3.975685938000415799e-04,9.936786569070205424e-04
4.535690669814452050e-05,2.004919783652378638e-03
5.942818207451835109e-04,1.239416937096408900e-04
1.243772165086254461e-01,1.338498243228350426e-01
1.654732750765012250e-01,1.816009596995808995e-01
2.171254163787935954e-01,2.177285823942478327e-01
3.736725831077746807e-01,3.882863874597732301e-01
4.925419483639491280e-02,5.595446987793652183e-02
1.698518258419343951e-01,1.456938116190858168e-01
1.073341231406374358e-01,1.062270650761831803e-01
1.710684676492406076e-01,1.630204067010977698e-01
4.497722306165329725e-02,4.141254675894604637e-02
3.832055041511514548e-02,3.577828387109188019e-02
5.234157093094318758e-02,4.687810143252453543e-02
3.476244444217400139e-04,8.891174920736647793e-05
2.720655491847752752e-02,1.947369121631252128e-02
7.883307373290145137e-02,8.689096126736692294e-02
1.324196066976481706e-02,7.249800337913553730e-03
1.121355152733542193e-01,1.429680705264773366e-01
1.873003521121052381e-02,1.539906199950714233e-02
4.918990668815657885e-02,6.014243327008145235e-02
4.925414770442381601e-02,5.663839308951841567e-02
1.141564775041234159e-01,1.202216778249769191e-01
7.271733766360190254e-02,8.168447947848322954e-02
2.076373915936184438e-04,3.894478306561671818e-04
2.016048619649270235e-01,2.206655092386957118e-01
1.809731549084053802e-03,4.042489195940294068e-04
6.085290495796559507e-02,6.453318362375677630e-02
5.705447255329280931e-02,5.199781752828118442e-02
2.520698853415913598e-01,2.651987632045399446e-01
1.188618391436352915e-02,1.236860490729821752e-02
1.745798238244029854e-01,1.950821397416982739e-01
3.427625794806741372e-02,4.001624927024012568e-02
3.029978579969496919e-02,2.801622861856250049e-02
3.598669069343108373e-01,3.760328701067137125e-01
7.583902674381844955e-01,7.354680035180356512e-01
8.495826087306933283e-02,6.886558579942375635e-02
2.301694770740212587e-02,1.887496425904104658e-02
1.281602021643628020e-01,9.574655094026707225e-02
6.350675265372453249e-02,4.339438046975292729e-02
6.932816668155250550e-02,7.210179782513888302e-02
1.511820509340179065e-03,1.913708627450616073e-06
7.339731408279957965e-03,9.198852671310488519e-03
2.290903432952338947e-01,2.364270226859003510e-01
3.862683315864441913e-01,3.346466428181137376e-01
3.315430217212246740e-03,3.641534439615689862e-03
3.300592118001232644e-01,3.170689869279977868e-01
4.331434947307816717e-03,2.096554621275888847e-03
5.030476089113637000e-02,5.907984377217882777e-02
2.246593028629913572e-02,2.159178203808375177e-02
7.258134461900726938e-04,2.873672892201496352e-04
9.571872113990627373e-02,1.045792574658149926e-01
4.568858592910472055e-02,3.927083159468933160e-02
3.918343518253946667e-01,3.476699254061809685e-01
8.336575339251382777e-02,1.044530820278821576e-01
5.520679751709616639e-02,5.805976063613274563e-02
6.197454789654056190e-02,6.218137227039283177e-02
5.524804275150649140e-03,4.545712005490056690e-03
3.451624359573800538e-01,3.638658556449897996e-01
2.278176280742213178e-01,2.239820251040878230e-01
7.157564836862691238e-02,6.139098204814333326e-02
2.851442270699214993e-02,2.864253335347864346e-02
5.770560906033776749e-02,6.085724711233614359e-02
9.032755442815557090e-02,1.004203154440470314e-01
5.723687792805552954e-01,5.258303736947075313e-01
2.348339297968797274e-03,2.093546223650670415e-03
4.037899376131492413e-01,3.476649867568708530e-01
2.098199764242466864e-03,1.429673122143349483e-03
1.866907363541811180e-02,2.981652034865138121e-02
4.042239858387480234e-01,3.958996960683111577e-01
5.782115355041819171e-01,5.654531309304098308e-01
6.902418934928467335e-04,2.880950159248704722e-06
2.208899189791581064e-01,1.955120946580560792e-01
2.155541814046868787e-01,1.914735957130645483e-01
8.517921987525533048e-03,1.362930596449522629e-02
6.941412722283664405e-02,8.270320773085029775e-02
2.482742129343848067e-02,2.341663274876499765e-02
2.723607910054235900e-02,1.272769548078340161e-02
2.015167906057023506e-02,1.488820814808207091e-02
1.080313713325832259e-01,1.025762367344632414e-01
1.674378917625381491e-01,1.503982761319918038e-01
5.157559618971695181e-02,6.364329841853055836e-02
1.584452445100419658e-04,4.807327189765999808e-04
2.976506265035580023e-01,3.073616279488924352e-01
6.971726353483437321e-04,1.757883914843418700e-04
5.719839789190504786e-02,7.057716740354068319e-02
5.486511858962332780e-05,6.780446785395917442e-04
5.983407313305170172e-01,5.499221243387993896e-01
1.298745363906455945e-02,9.074113422415461955e-03
1.246788566528192997e-02,1.219581285993222644e-02
1.859400538439941186e-02,8.242575112140621690e-03
4.373599403156307641e-04,7.644508101325733177e-05
4.830649788975973080e-01,4.783864102678285213e-01
3.524733926245855048e-02,4.058004742566730799e-02
6.620393122231860508e-03,4.404160214906900281e-03
7.962826043059628017e-03,9.773623532840124833e-03
3.359342713379607215e-01,3.084295999075104544e-01
3.509379336013489920e-02,4.773141160660748783e-02
1.413412398763083111e-01,1.251164626419986881e-01
2.641427838820312526e-02,3.992698273138814424e-02
4.050387782396380060e-02,4.069559076325451191e-02
1.511619934792796105e-01,1.288380308310891342e-01
2.941955841270489300e-02,2.354753578464317126e-02
1.244828156658820198e-02,3.647828066619621806e-03
2.601919625003032976e-01,2.559358139446801239e-01
1.826219796323548250e-01,1.744232927431469404e-01
1.163847247242786986e+00,1.169946479158646691e+00
8.954139001892007232e-02,7.797841149821628515e-02
6.741744728464088565e-02,6.075503834502021805e-02
1.894317137092349224e-01,1.951062092285504035e-01
6.743121785167957918e-04,5.545335240096418419e-04
1.624256249577633038e-01,1.441554473195174046e-01
1.219911142380546154e-02,1.394821225987683856e-02
6.403779746192200806e-02,6.445604266032525786e-02
8.411295739254139731e-03,7.046944971706973863e-03
4.568011642772490909e-03,2.727857057990862744e-03
1.276930564990179980e-03,2.133317742801159583e-03
1.857537327683587633e-02,2.152763488626340330e-02
9.490629625855060911e-03,1.409182266440599414e-02
1.029945245669132842e-01,1.127743590433880894e-01
5.592037353491808097e-03,1.519224954617467115e-03
5.297174255189529557e-01,5.076123876390140621e-01
2.877476377362409021e-03,2.021239462864225008e-03
9.416944462648412645e-03,2.601441288319962866e-02
9.837645061588748754e-03,1.245330488917963281e-02
2.837290271700127278e-02,2.600637266667673447e-02
4.637857147546509129e-01,4.788293040140440548e-01
4.312201308942957903e-03,4.191179050500064805e-03
6.093643564711505312e-02,5.302641397547411956e-02
3.386382722295182973e-02,3.460853475000220253e-02
9.477207148659474024e-05,3.658783056989725607e-05
1.212531879372777815e-01,1.079965059296905533e-01
1.427221260694562510e-02,1.984002584542692710e-02
4.139479145442838057e-03,2.107615000590069409e-03
2.681743102509656085e-01,2.251614558797252197e-01
2.284335079854260975e-03,2.819804210832160297e-03
3.556352997216259693e-02,2.660722025446502631e-02
2.151203091775061860e-01,2.132246311581540155e-01
5.681999269821211458e-03,3.212248744939966063e-03
7.312523758466692170e-02,6.580522876982559943e-02
2.241122136107137966e-02,2.371674486486846298e-02
5.371798585039101910e-03,9.404931677696549974e-03
1.025631582481151098e-02,1.116157277881406340e-02
1.693669240978898927e-01,1.868355389281397549e-01
3.084648119826794918e-04,2.027854142669610008e-03
8.594249353177950412e-02,1.173462950371984559e-01
9.809862856076276630e-03,3.723649470158088559e-03
1.181832758199621337e-02,8.867184493117590341e-03
9.428913988679509927e-04,1.255157910079544295e-03
1.321033517927019431e-02,9.743928051678670682e-03
1.086066475787409585e-01,1.069818982798032420e-01
6.196982502947398497e-02,5.423947855427187215e-02
6.842916948249977427e-02,6.448808518984434912e-02
2.525653204302483884e-02,2.296610143214339317e-02
1.451946748800198028e-01,1.383291685044237829e-01
1.936244648748308983e-01,1.996856528829005772e-01
2.527278652712278834e-02,2.547558089812575546e-02
1.998222510791597406e-02,1.662474930305657753e-02
1.582101920134644860e-02,6.060766593132839268e-03
3.711491550260252736e-02,2.169554244294258014e-02
6.684299433250052991e-02,8.199967649214616461e-02
6.577964201041679171e-02,5.759142977920372886e-02
1.083718441724854098e-02,1.201732995065876372e-02
7.823119458128499626e-02,8.350163160730851575e-02
7.627963086941297322e-02,6.191005616796833866e-02
1.152233840542073590e-01,1.050434147578077626e-01
2.777785192941386455e-02,4.489730671492370151e-02
2.231707604170657822e-03,5.671773893868366223e-03
4.418675609561406592e-02,3.988307432441570016e-02
5.585308867387358406e-02,6.593406444772892394e-02
5.323711366194466311e-03,1.210386505787885980e-02
8.451282332304171918e-02,6.941926807541029532e-02
7.657438322203748982e-01,7.802971722102256535e-01
4.583645219214346235e-03,4.404632407577047971e-03
5.476139360587484878e-02,6.873912339453761011e-02
6.319976327503290295e-07,2.066401539028267690e-05
7.615529847230032012e-02,7.454731756661418796e-02
5.114329181499338919e-03,8.095173673025387803e-03
5.891029812027406137e-02,6.251464071888669649e-02
6.009389636829031156e-01,5.772298168263647611e-01
2.502153263679056036e-02,3.150967190321424249e-02
6.075436526811000236e-03,1.570775809449478227e-02
2.181438964963808898e-04,1.536714706593336147e-03
2.273958423707623799e-01,2.463626702942672275e-01
6.092919447188312881e-03,8.532898709618775765e-03
7.028845382132364872e-02,7.362820308571964290e-02
5.175916715162171000e-01,5.346807005554761183e-01
2.481750707938114864e-01,2.452244101467169479e-01
7.610266834927258139e-02,6.201127734502139693e-02
1.727131966711300745e-02,1.498043846282252553e-02
1.076842712752964365e-02,3.890983489325862583e-03
4.048048864771530697e-02,3.846942502123518182e-02
1.039818475781128931e-01,1.171683183830033864e-01
3.737669155392869813e-02,3.395510006551076543e-02
1.142780039679716780e-01,1.256973252825077936e-01
4.061412581467666039e-03,7.649065599846290725e-03
1.937641134440341029e-01,1.859964015816772120e-01
2.831891810734538661e-01,2.884429836004221981e-01
3.208102237528168699e-01,2.861360323206623146e-01
6.074875954947291795e-02,6.978349037637171515e-02
3.833258119692405097e-02,4.082006367837950900e-02
2.619351476533269274e-01,2.373301508342381683e-01
1.123219957197148060e-02,7.016978170863638446e-03
1.418890712862090446e-02,1.159813635593389368e-02
1.630432237055834746e-02,1.509282451029169032e-02
1.911534403555506800e-01,1.785315930454754729e-01
9.727501211443884480e-03,1.008377233733612384e-02
1.224801881826133136e-02,1.320461364055859448e-02
1.489786874888904822e-01,1.479129210782041681e-01
1.295636518571294804e-01,1.394620114782796072e-01
1.264107771180609380e-03,3.121715424084943111e-03
4.228362837782303867e-03,3.423456126548560761e-03
1.410622610878689009e-01,1.417687284320161001e-01
2.133148838973922615e-02,2.135751873305881746e-02
8.734760500600405320e-02,6.850057635498409125e-02
2.150353572097639665e-01,1.985822894642090830e-01
7.228033096488988051e-04,2.796100823399267211e-04
3.091624456727766757e-01,2.993333506372078956e-01
2.213663632068493536e-01,2.448001369775582303e-01
9.233351479157378416e-02,7.565418077608612735e-02
5.083441087658656377e-02,3.669600342114159863e-02
5.609584681074762935e-01,5.731502514805499882e-01
1.795581184943197406e-01,1.773170695448779699e-01
1.296796652791126249e-02,2.241528792653614197e-02
3.524142217511295333e-02,2.356440101984966229e-02
1.947109352991507059e-01,1.755578987347861109e-01
1.573140928943005112e-01,1.787008965591997678e-01
7.141764875029845555e-03,1.018431486495867400e-02
5.413056955096577638e-02,5.596836778206581986e-02
1.026506326839415721e-02,7.051065578098978000e-03
9.406555663813971624e-02,8.246287914536896968e-02
2.911758605810023659e-01,2.812773596792224051e-01
7.144392484680206490e-02,1.002894730755445052e-01
1.169632036628713151e-01,1.154665111499154351e-01
2.510316535365248250e-02,2.486317322117488626e-02
3.482160587912730421e-02,3.527612901798692774e-02
3.572114424155306556e-01,3.328982659084837037e-01
4.210755920707395794e-02,3.575161735749346481e-02
2.004742040119366145e-02,2.697513523045171058e-02
1.691538019636349213e-02,1.668646273596812238e-02
1.295344190247849948e-02,1.619676695625797691e-02
5.532786989307783565e-02,4.126435401619524268e-02
3.642421920743084168e-04,7.804809741113720315e-04
6.277408835425679623e-01,6.717339372225379357e-01
1.168423227644077404e-02,1.235984357857802113e-02
4.828470354242205831e-01,5.145557057544959401e-01
1.796518800452375755e-04,3.359184819263151111e-03
2.801936767280892582e-01,2.706464932541124413e-01
3.640908632867390082e-01,3.494735448758031215e-01
7.642178669168988789e-03,4.930985314303121432e-03
1.574127521389830364e-01,1.741977258020023234e-01
7.664569411799607157e-02,7.757219408141022288e-02
6.538448916387219756e-02,6.073206283939426575e-02
1.301293990248253429e-02,1.171580748931106038e-02
1.263928458408785371e-01,1.460032977164293644e-01
1.812847860423388024e-01,1.623706531186024926e-01
9.395791553704072735e-03,8.854269905612978386e-03
3.203151838779358385e-02,2.615095148626280994e-02
3.121519113460155190e-02,1.861749915796256233e-02
6.361549850062875322e-02,6.124653221917668311e-02
6.803955315218387923e-02,6.291359416780892277e-02
4.895083418723127078e-02,5.848553349043019572e-02
7.649643653057694448e-02,7.874460219085087365e-02
5.248790801419495750e-02,6.169201535060124530e-02
4.937528233150149243e-02,3.265916141033192721e-02
3.384233512577769292e-05,2.201043115361011075e-04
1.593589319913534322e-02,1.197984175443042934e-02
1.671306178550707039e-02,1.231314304262887474e-02
5.100899030528519701e-02,5.053966262025992584e-02
2.321508600888644303e-02,2.557991631724546369e-02
5.162684405414415950e-02,5.069578611367266119e-02
7.564921560516238430e-02,7.105328392982036834e-02
1.956210596962464354e-01,1.952428067369487152e-01
3.549576253076348106e-03,9.374622186982386812e-04
1.536855661174779120e-01,1.501914163345989539e-01
6.109768828754202907e-02,5.806320302951935297e-02
7.193354081857046278e-01,7.608803200977189984e-01
4.897566942294550446e-02,2.821003507504501323e-02
1.761270962156330500e-02,1.796896439956597799e-02
3.855318990733665463e-01,4.092538950112085683e-01
7.592423721620132626e-02,9.749311604674429366e-02
5.764070275384557823e-02,5.773474607853600060e-02
7.595019360491225835e-02,7.013804184602435987e-02
1.732758055527388874e-01,1.971627462846192447e-01
3.195350847058507637e-02,4.091475979191675633e-02
3.128807898216342392e-02,3.367934454070313499e-02
1.915868588354068813e-01,1.854573463579251846e-01
1.322483446031429491e-02,2.459180079889074222e-02
3.837029357953342656e-01,4.269682298210857319e-01
2.714689714753419376e-03,2.452417607763597956e-05
4.246235740691401556e-02,2.966281514971111713e-02
6.129563414898625551e-01,6.289111406197613885e-01
1.431970649437402801e-03,3.766192420796971290e-03
3.917361912436764099e-02,3.994357009144307302e-02
3.515378705563428074e-02,2.967171383444554972e-02
2.259072818229189254e-03,1.299355933200732702e-04
1.488362435678780016e-01,1.334245359617569626e-01
4.182436292680595961e-06,5.955423693601269138e-04
2.848654594033449977e-02,2.273393386128411478e-02
2.812873799574903619e-02,2.168495755923898621e-02
3.104456779273016029e-04,8.841720545767387624e-04
4.435122391614279569e-02,4.899486100608910905e-02
5.181351498264974258e-03,3.211928467405587937e-03
1.169936241130405952e-01,1.175964356909669495e-01
2.226196918179315642e-02,1.873351023247524227e-02
1.273545803732208381e-01,1.209725553137188381e-01
2.693628886277233958e-01,2.289469919493112016e-01
1.874777993003409055e-02,1.596802149723495698e-02
2.646958752573600471e-01,2.834111406710954073e-01
8.287218728202774831e-03,4.553745354085654562e-03
6.958418721692775488e-04,3.081536897862074574e-04
2.534112774969784782e-03,3.552971235457006143e-03
4.997725010393004336e-04,1.237369951242544902e-03
4.720053854645644975e-02,4.897061169620837984e-02
2.336847371436542031e-01,2.275854156937869577e-01
7.270383077820760653e-02,7.238823501232129198e-02
4.449123768844176832e-03,2.720684164401556727e-03
2.660708953580937300e-02,2.078729054670811621e-02
3.204598213634548328e-03,2.933056820372652914e-03
2.518614382589414724e-01,2.882334896405673308e-01
4.453967101605302292e-02,4.118526952395704099e-02
7.790816645740962498e-02,1.025223070463837372e-01
7.724533189528111932e-08,7.840755300652285436e-05
6.219243172149456489e-02,6.046605087981778148e-02
2.321952005426976828e-01,2.181103506563355221e-01
4.141759510103807940e-01,4.012810751594932390e-01
1.416036442180636790e-01,1.617289204934926061e-01
2.921392439329859037e-02,3.120917179233711689e-02
1.036879120222607489e-02,1.001368467409021260e-02
1.319442720238939680e-02,2.963786366847385653e-02
7.183776191242908019e-03,7.379815874726695230e-03
4.214581280729750440e-02,3.065472336093639366e-02
5.745064956192443180e-03,7.367959752212138377e-03
2.112761682624637711e-05,1.066874890600951050e-03
3.035365905353039438e-03,7.388416408733749184e-03
7.385207798037894678e-02,8.766717756364947323e-02
3.476470896561956181e-01,3.532875499071589376e-01
2.528135976947862851e-01,2.165596492545146246e-01
2.094453671538474282e-01,1.880870975204199103e-01
1.942077471220054752e-01,2.151576441543184004e-01
4.395736171881913022e-04,4.383398286825363475e-05
1.636391835502452874e-01,1.672583983608926239e-01
9.471109077817067845e-02,1.062647402475367098e-01
3.475469911636486220e-02,3.365856999382870612e-02
3.421717312580611209e-02,4.760788626443696742e-02
5.063183230742229757e-02,6.351959050361223602e-02
2.381044748478394410e-02,2.545741017933255204e-02
6.191098511089577344e-02,5.113221714948215646e-02
1.063335883625806180e-02,1.370722658277605255e-02
5.064199342765534836e-03,4.612832645506079014e-03
1.877162038332606114e-02,1.726671112920779086e-02
1.082830863921240352e-02,7.755153945790104961e-03
4.297026951904459741e-02,4.619178815105710878e-02
4.464348208231678772e-01,4.861511835445611052e-01
2.130586653698848809e-02,1.553707693435828728e-02
3.635410331738381795e-01,3.239919721756673310e-01
1.186551532865426362e-02,8.033920836365825505e-03
1.112777170640159158e-01,1.080452594032624836e-01
7.681070404691445197e-02,8.932623519702936887e-02
5.212342503696652807e-02,4.275505743348324145e-02
2.684082439732858594e-02,3.804120139865471012e-02
3.394078579010057807e-03,5.574117283923475837e-03
2.656629439287430323e-06,1.661072922853730266e-03
9.056786771669713201e-03,4.684047390745877705e-03
8.062721681574683968e-03,9.430393180486926208e-03
1.241563858115163205e-01,1.019836694201892574e-01
3.240526641235650374e-01,2.991094777945092487e-01
6.080022838988967393e-02,7.287427547493455227e-02
4.152267030096852378e-03,9.617731223368078397e-03
1.020020008970653303e-05,2.657452756903644830e-04
6.959675531108303059e-02,7.763212165828337064e-02
1.670569570553115946e-01,1.649449099126942542e-01
1.838077940563399015e-01,1.498609207019273859e-01
4.500558420680955338e-03,1.617421656633564542e-03
6.092706678243362539e-01,6.884583993129844703e-01
1.955269683317844842e-01,2.137422442776688580e-01
3.901958934163778925e-01,3.672806362779089118e-01
2.725870122332724188e-01,2.829657900732107656e-01
3.609973904975331133e-02,4.483519494469472705e-02
1.419431911109182431e-01,1.473204412593787371e-01
6.001509078605765657e-02,5.563924856195590074e-02
2.324966091803160606e-01,2.278677306467254970e-01
5.725061985658922575e-02,5.934869945681785219e-02
6.662085122278782467e-02,7.335483744570027442e-02
4.218331361168611293e-01,4.218415310860034739e-01
3.120338186470536512e-02,4.073970285468621333e-02
1.493714124580662779e-02,1.928688382873523441e-02
1.270904258751888276e-02,2.457319191684959742e-02
5.247042941344291084e-02,5.518231596048503440e-02
2.103692866553661875e-02,2.512208255978506596e-02
1.151317519505366122e-01,1.282485335792687420e-01
4.069844289718130975e-03,5.980229855644126616e-04
1.151293477676872991e-02,5.165429492536661657e-03
2.367911923554839751e-04,1.789475007403106997e-03
3.508355860776723317e-02,3.659502307025696427e-02
5.148584106785469242e-04,1.323249218249863794e-03
6.042451605334750453e-02,5.307562754596973492e-02
1.019502314009198551e-01,1.046884312690329888e-01
2.845952384532155488e-01,2.657372736187166296e-01
2.081372281341163644e-01,2.162028410346693297e-01
9.190093205011859445e-02,9.203676144862578401e-02
2.787275567648411778e-01,2.776560710637763219e-01
2.290939576755869275e-02,3.142292035645481013e-02
8.037912681378456270e-02,8.475449360722361880e-02
4.991438499731356724e-04,2.199695782850781805e-03
6.334665406415501470e-04,4.533490745705037045e-03
1.608179666092280843e-02,1.746391449945022128e-02
1.323011426671270602e-03,4.171465723867007203e-03
3.658813200204764221e-02,3.556253919569579702e-02
6.109808227537493613e-04,7.706874436864523200e-06
4.118125887568508392e-01,4.004238299789831812e-01
2.829884208614596303e-02,2.665045398848449321e-02
8.529416922460932027e-02,7.367885057506372293e-02
2.259335915142113640e-02,1.484897793558007453e-02
4.473120094946255419e-03,3.225769558414864555e-03
6.657344093311439985e-06,2.445516246576529928e-04
2.544344593122443432e-01,2.452446307225541189e-01
1.050552493324906356e-01,8.703054771449850180e-02
2.938660378079903379e-02,2.673793423718565099e-02
4.053566077953454222e-02,4.097303734423044658e-02
2.125866289230979589e-01,1.950272428323019669e-01
2.375613111062223892e-01,2.821191031418636697e-01
1.455320055237633858e-01,1.533990336803747467e-01
5.437402426736759331e-02,4.096928238885577667e-02
5.452909565076764081e-02,4.740419461906836968e-02
4.182858280508702786e-02,5.016927837653972766e-02
2.754840833593016902e-01,2.627804341786673659e-01
5.958493991148310770e-02,5.344701630263171133e-02
9.325083075718669512e-02,1.009427051325274410e-01
2.872033828642553410e-02,2.553250008634933704e-02
4.707641532257459717e-03,1.070580276004778290e-03
1.406054846864043415e-03,3.250571599086028891e-03
1.064619760646698941e-04,5.885701748774078675e-04
6.611707253714335653e-02,7.871331835813411004e-02
2.584216942438983156e-04,1.441804560247094513e-05
1.001072222466800277e+00,1.019530675307227741e+00
6.339879751736304803e-02,7.805406265275825761e-02
1.394254057421407626e-03,1.655460770603489531e-03
4.393638168387815034e-03,2.063056835258231681e-03
3.805977656072241644e-02,4.561216129926282808e-02
4.291271400776593511e-05,1.566537491654735161e-03
1.933340081414629263e-02,1.685105520440816768e-02
1.115430020281880097e-01,1.461925407505964836e-01
4.747435991040289266e-02,4.141961607715308885e-02
3.770363037903544552e-03,1.722316666986079426e-03
2.510993453295363650e-02,1.929010436775954046e-02
3.642635112061954339e-01,3.757047535503474367e-01
1.108060097127139543e-01,1.311234130813338228e-01
2.669511730453926358e-03,3.020291857665464725e-03
2.343021073980635915e-01,2.255677640744454537e-01
6.494550449236910494e-02,6.092161548889721973e-02
9.984906704427513879e-02,1.031943196455713530e-01
4.100548213416652793e-02,3.794193401374542501e-02
3.042349003652839064e-03,2.584553058489565906e-03
2.621550828202916131e-04,1.604652866631008958e-03
1.144236495907640372e-01,1.281241027293633650e-01
7.111930005048015813e-02,8.148529919618717476e-02
6.431950934595473358e-04,4.481459459161806695e-04
2.958002373312859645e-01,3.485560450687713030e-01
2.870048173662204452e-02,2.303792369953921310e-02
1.147227431239087665e-04,1.540462701692931879e-03
1.955456887789247256e-01,1.831667741390062276e-01
5.011854069893017637e-04,1.106588919988415456e-03
7.332112756797597164e-02,7.990444971002440278e-02
4.574624611774991828e-02,5.251920081265166323e-02
4.119954101340278507e-01,3.976338903353162646e-01
1.391640648331338246e-03,9.619540857114169128e-04
6.535596338399410343e-02,5.876776623780330389e-02
2.459113412300663604e-01,2.379049089519487126e-01
6.416974330211190625e-04,3.285930636335951816e-05
7.223593246021825509e-02,7.532620087715274915e-02
2.687019306052349302e-02,3.457804873281859065e-02
1.893216849853449762e-02,1.629502725439118532e-02
2.963441988190055124e-02,5.028046285414114469e-02
8.809260187461223635e-02,9.797550051997193366e-02
1.618927142682513864e-01,1.603788073092571598e-01
5.824703615556551389e-02,8.231821489989184226e-02
7.978498377530347796e-02,7.697837598680691562e-02
6.953848311069221744e-02,5.273572065203136622e-02
6.919880064199102065e-02,6.730970128614850723e-02
1.061573640011082183e-02,9.608337176810661379e-03
1.320008999133114036e-01,1.154994641570632058e-01
1.852914463199194272e-03,2.008394654843748822e-03
7.782482123893262393e-06,3.560353788457393275e-04
2.636882273957824041e-01,2.483544699912659526e-01
1.018069758183337385e-02,1.065225106409527223e-02
9.713485241031595552e-02,6.977168883259989018e-02
2.990973590031419937e-01,2.750099349095327939e-01
1.155762241696323828e-01,9.866259790854604861e-02
6.492334786292070295e-03,3.325828364305201748e-03
9.531094525382530214e-02,8.788636405210138725e-02
1.932617430797778715e-02,2.259117042988469451e-02
2.867909079611846018e-02,2.916728654647812377e-02
6.206361068498547628e-03,9.567202280216577717e-03
2.331641770783350956e-03,2.864402887249663330e-03
1.643369996925628685e-04,1.006557891792679137e-03
9.992466170675257109e-03,1.177840709811431123e-02
2.069149056871729397e-01,1.842065791051640256e-01
9.326042094255183879e-02,9.136503413046233313e-02
3.147213841667373946e-01,3.044938017379926198e-01
1.021808027894200409e-02,1.498210308877133759e-02
8.455199389527301435e-02,8.856893066080036292e-02
3.003198636592278176e-02,3.370778398028743961e-02
3.679732618634970476e-02,4.634112310297508475e-02
4.063504780198960442e-01,3.702693303068592678e-01
2.349098969624201783e-01,2.184758178305953036e-01
6.197371665710187799e-02,6.738688023495027768e-02
6.813203334346150386e-02,5.260480221729226663e-02
8.363330599343911723e-03,1.140154098844641320e-02
4.467648605658053329e-02,5.018098714346165556e-02
3.646323007868362831e-02,4.411418173355451805e-02
4.835846964130151304e-02,5.490066045805910150e-02
1.773591495269498733e-02,1.763619475415490606e-02
1.492643719265912550e-01,1.399669334814111488e-01
1.384108791676925410e-01,1.179687861717837044e-01
8.710690502686181842e-04,7.915661888980719384e-04
5.590494645816195332e-03,2.452609515188533020e-03
3.193491095083933473e-03,5.146314678312758316e-03
8.715731174628532640e-02,7.001889277855925797e-02
5.999583531242615869e-02,7.242881258853285653e-02
1.903252529473691279e-01,1.899862359244715027e-01
2.740157654262589948e-01,2.808625694008504148e-01
1.169598210335134780e+00,1.161092794750874235e+00
2.586770089418910512e-01,2.899632481475721835e-01
1.099910971347108898e-04,4.708134299397302410e-04
5.892412599385130068e-02,5.680197121447849024e-02
7.285634463173562558e-02,6.441476669090857865e-02
5.539922632680554376e-02,5.379060096556597531e-02
8.576758596582207544e-03,3.260301748627794476e-03
5.797639669884152580e-02,6.390176387509628742e-02
5.258886638398176105e-02,5.005731068645696835e-02
1.718340644111240045e-01,1.767605759262469711e-01
3.758544278510866227e-02,3.406250877763512125e-02
9.917958353208679301e-02,1.058902586613873487e-01
2.253771233502649407e-03,3.642229214744230944e-03
2.510751186458698436e-01,2.567288612940010206e-01
1.124496975123787101e-01,1.182754852201015616e-01
3.834091113648552263e-02,4.305641076269082351e-02
4.514141826838418553e-02,5.220160713919017731e-02
1.990889483422070283e-02,2.564443296578186246e-02
2.239828164317553565e-04,3.126686226694972847e-04
9.183243545845848343e-02,9.989249610764761034e-02
2.163534017417734906e-02,2.463198430730052790e-02
2.406684759830957782e-02,2.319652087632624593e-02
2.374486427499444829e-02,2.800264682056848725e-02
3.657977843021208986e-01,3.566599433622420490e-01
9.080186802968299997e-02,9.418115596230458575e-02
5.504004835039761484e-02,5.440716640881038818e-02
1.560017998872590406e-01,1.499409725896410361e-01
2.220653366183177602e-01,2.255295934946551784e-01
2.593146689797720672e-02,2.213624668720277910e-02
3.196972417943487188e-01,3.309839637778038690e-01
1.478056095949497883e-01,1.556468301731372406e-01
1.284083082823398196e-03,3.389467686532169396e-03
3.588117277426999124e-02,2.901819151472559769e-02
2.048227774876092491e-02,2.389520014981973486e-02
1.844922301756310098e-02,1.093800968289250150e-02
6.097074087142246440e-02,7.588080134540678423e-02
3.571679682921857224e-01,3.548416295620382965e-01
4.161710688715436479e-01,4.191673265813938287e-01
5.778148871281846982e-02,5.549266156583369802e-02
2.203777453597379615e-02,7.725857741308773084e-03
3.233700163448642306e-01,2.913691060013057776e-01
1.792165751873616986e-01,1.708041084786002806e-01
6.173601795203330356e-02,6.790933635820242675e-02
4.449002888333723482e-01,4.256195729317254761e-01
1.937973625502684150e-01,1.988976456045989105e-01
2.949475154743313315e-02,3.383128506403802055e-02
3.155676150845436456e-02,3.200320946853802556e-02
1.214871050630587750e-02,1.602886264715468190e-02
1.287744715808538352e-02,1.026233930223230395e-02
7.040323463694100892e-02,7.324026812117238883e-02
1.461211187681989709e-01,1.668449028086092523e-01
3.381899871895722998e-03,7.171029992089060848e-03
1.865033240207080723e-01,2.157645390379842321e-01
9.985465240529517537e-04,2.855017960290524783e-04
1.794505161775315771e-02,2.155043614978172442e-02
1.883187074056093865e-04,2.217179789563728258e-04
2.384147871880437364e-01,2.226619127793389996e-01
5.383745427612229850e-02,6.446437862148521325e-02
1.999324271573711296e-05,2.483807466498320210e-03
9.404833286870924181e-02,1.197552036045907153e-01
3.762781246196830048e-02,3.104703017109084612e-02
2.424160055395318744e-02,3.255944513620145225e-02
1.071733017273838941e-04,4.315854634147325136e-05
6.876175394256325291e-01,6.846316015110233133e-01
1.281337653955383626e-01,1.323772823885240313e-01
1.362475848429978709e-01,1.082837534903035581e-01
1.856596828239158101e-02,1.400344691591840461e-02
3.032513889365550663e-01,3.193317641380045147e-01
1.507300144199888448e-01,1.434871657777608833e-01
5.342092885669146723e-02,5.945972560356562603e-02
3.808659701291659122e-02,6.177689068935197231e-02
2.634265561335803404e-02,2.950099410513109047e-02
6.928539809971112629e-01,6.724152794622498819e-01
7.488706525783205004e-02,6.748109718223806175e-02
2.552408966785946589e-04,2.199572243736858449e-04
3.148830297605648837e-02,2.568644764302310812e-02
4.238465772339177207e-01,3.911613350360924612e-01
2.429688419816263022e-04,3.823076645505919482e-05
7.985301412334246812e-03,6.317226041154936668e-03
6.123053137011300051e-02,5.340765252808388902e-02
4.380253864680476728e-01,4.585596789287798569e-01
1.756840093073419595e-01,1.893155983831825984e-01
2.056061692336693114e-01,2.304266493385039305e-01
5.811636276645812393e-02,5.539322646034194192e-02
1.575274069329182097e-02,2.142403332365222166e-02
3.138028853925994288e-01,3.605039679229846139e-01
3.234019305457521143e-01,2.978475258483835320e-01
5.139713521120167381e-05,8.298904534167021989e-04
1.485455618635401001e-02,1.430594146013792339e-02
5.046535463111612163e-02,4.774761427549209514e-02
9.839752338826732517e-03,9.724926260240976394e-03
6.079811088964448860e-06,4.939273142024197679e-05
1.997488036409974729e-02,1.633692001441058167e-02
2.397639183454411682e-01,2.294243100788959933e-01
1.611482601615041865e-01,1.541409338732338263e-01
9.206595316506837809e-03,8.364992710699476614e-03
1.103585471469333001e-01,1.039619632928416026e-01
2.223257123961039639e-01,2.134401039240504672e-01
8.907759911256850349e-02,8.188029864398876922e-02
3.076882515054494074e-02,4.923885146067092516e-02
2.698487777570882790e-02,2.316611970438844578e-02
1.381314551636514121e-01,1.370202381456775143e-01
2.121397987890248915e-01,2.394413508637743826e-01
1.552788284273086752e-02,1.734583467745454133e-02
1.197914480194458425e-03,1.885755385464788045e-04
1.823920864152362153e-01,1.861330960310162985e-01
3.747980313052537427e-01,3.380747869329434607e-01
8.175045476101389097e-02,7.263152426379919369e-02
7.640661955370112168e-02,7.176635303474718230e-02
3.082503568937289534e-03,1.362140494444415498e-02
1.797794950826070437e-02,2.267529617811158207e-02
2.889539785542002319e-04,1.856710016103636622e-04
2.867003673113405204e-03,2.056600536363007402e-03
3.069058334480748813e-04,2.823463053723900777e-04
1.433020088375204226e-01,1.699589031635434511e-01
8.704432132457010085e-02,6.448405533411367963e-02
1.310558272339128472e-01,1.133602026951855690e-01
9.333795210932900252e-03,1.069689870359760361e-02
4.615537473181945821e-02,4.764232251394567852e-02
3.501422683548831571e-01,3.434803996282363436e-01
8.966766773422563987e-04,3.065143008740610033e-05
4.385488318542570679e-03,2.444715910225254193e-03
9.606394999200984844e-03,1.016372024734769376e-02
3.364213687690141563e-02,2.873361655824824279e-02
6.551125571614452303e-02,5.441023058677579849e-02
5.454823246464939046e-02,4.439028225958974172e-02
2.019299889414929994e-02,3.286825213584682742e-02
1.991948756784482633e-02,1.560742037547202532e-02
1.458901806293318171e-02,6.705856554416468086e-03
2.095640469155370111e-03,6.977145154939336669e-04
2.831046874236667343e-02,3.496405397742210347e-02
1.516633001567195896e-03,8.945302319715009703e-04
4.508525499134574677e-02,3.710557467132852283e-02
9.788708512308327836e-03,5.692629927947526376e-03
3.296831044445321796e-02,2.447414427699287978e-02
3.402281146789039312e-02,2.456253043120979265e-02
2.042945352173620809e-05,7.837149056558304116e-05
7.039141491880651635e-02,7.340464587987306777e-02
9.118551847953546008e-02,9.813147816452154337e-02
9.170744998512924892e-03,1.561672380946380403e-02
4.726029054149433889e-02,6.924448036387673144e-02
1.671773548966213468e-02,2.196528325365034937e-02
2.097494344724177076e-02,2.359812471564097514e-02
9.196694340198305340e-02,8.378173459204170392e-02
3.961120055694398734e-01,4.327009324923189459e-01
1.205999621234121923e-04,3.001436296754598914e-06
3.007510343772602443e-02,2.444325672076096134e-02
6.659740547257235743e-01,6.738284093394054652e-01
9.503551248355191286e-03,6.623856015570811148e-03
7.372008900417678645e-02,8.355059850586121772e-02
7.820209170205257021e-02,7.426234342617167583e-02
2.641207872607889348e-02,4.137881317436884615e-02
3.483743674899966725e-01,3.386200695446924813e-01
5.514224854927699676e-02,5.058816244449777788e-02
4.434646303326555405e-01,4.584913456528824649e-01
1.445396772824069365e-01,1.555991166445367113e-01
1.465040916061945420e-01,1.621842421306012583e-01
1.247114275154949242e-01,1.272463673038649323e-01
1.226945879054839109e-02,2.079943726365143797e-02
9.145757427763087644e-02,1.087127708482692606e-01
1.840018169707828000e-01,1.994733455995812144e-01
1.703414724901439886e-02,2.706965877800959069e-02
1.113342692381680092e-02,7.777206109058376095e-03
1.039089354159979245e-01,1.148423417618615466e-01
4.784659310727144566e-01,4.368923858410870831e-01
1.225098299450484152e-01,1.112940456355723251e-01
2.289307155027101387e-05,3.091979828589335507e-04
5.079102250318463518e-01,5.135671698641378624e-01
1.014315498996103492e-05,2.424836811338061497e-03
3.188784256509290954e-02,4.119689718038317683e-02
2.369974019544829683e-02,2.680684475022442406e-02
2.197426338711993554e-01,2.206329832151269488e-01
3.848915883098130708e-03,6.363900316306359169e-03
1.894035966551067124e-02,2.582291421004812362e-02
1.194687013190931374e-01,1.456137651626744356e-01
1.117085396309519876e-02,1.439158632650195876e-02
6.324526954635975584e-02,8.098764031354901971e-02
7.147518371029654377e-05,1.460385649629789440e-03
8.796629357292989893e-02,9.048939982530977699e-02
1.178045084498871228e-02,7.322854325000771256e-03
1.820164620718977000e-01,1.352762864532135456e-01
4.365404915510495351e-03,4.621150772487337202e-03
1.098345267418703898e-02,1.078853637746348196e-02
1.626484598354709099e-01,1.416439833369624313e-01
4.051173793056018768e-01,3.745647007187384858e-01
6.073872751232261002e-01,5.837409709413732273e-01
1.896355301099845458e-01,2.498403321162847301e-01
7.632567342188698589e-01,7.713214346155473633e-01
4.077245777011611477e-02,3.205766231934936011e-02
2.952603961854775166e-02,2.748532446986570732e-02
1.831856567075210163e-01,1.903780191122466103e-01
1.740884861320579277e-02,1.518515732549348407e-02
6.115547369324255550e-02,4.942469952418893087e-02
2.967631081569998240e-03,2.590848065242607520e-03
3.400461762165640778e-02,3.787682520500378069e-02
1.354569513325237090e-02,1.513563694951720016e-02
1.371980746642627036e-01,1.488244533814639392e-01
2.626992159183780609e-03,6.162540066610634748e-03
6.798451223370519658e-01,6.326557770299656713e-01
3.187362625191569876e-02,3.647463000421705126e-02
1.682530874551499368e-03,2.657066578758282213e-03
2.937789107287111512e-01,2.958535523807421241e-01
1.741132872287538477e-02,9.165360859252014158e-03
1.452999516563794084e-03,2.512793322547328726e-04
2.196512726127485687e-02,1.647859376771758366e-02
1.428807194438709849e-01,1.400054187921085380e-01
9.809887842505418676e-02,1.286325669302815777e-01
2.176566263174819701e-02,2.952612892095336783e-02
1.321192059033608479e-01,1.342124840705870847e-01
7.441681431225691257e-02,9.542495561470248910e-02
8.938236610181768405e-03,9.167924093013790285e-03
4.149741991244013280e-03,3.938324469267396634e-03
8.323425569803721098e-04,4.573005294542693833e-04
4.374177572455167223e-02,5.584696908681705679e-02
2.236979007867327326e-02,3.016485257906784123e-02
2.847060524608812163e-02,2.215485104290952287e-02
1.460723100233483340e-01,1.372377249108708286e-01
3.417368775643912679e-05,3.013793502561062754e-08
4.148885046517745701e-01,3.933617566136492494e-01
8.994364632020280803e-01,9.708489403902217374e-01
1.979987422743654524e-01,1.918777513982318772e-01
5.552153138294351198e-01,5.689443177064875679e-01
2.112570117092343047e-01,2.000104491033146137e-01
6.025209107282217952e-02,6.636086349860839673e-02
1.163895479176492442e-01,1.308318669679780777e-01
4.406119266940131118e-02,5.192410265997214613e-02
1.125813137992614649e-01,1.277829823695452449e-01
2.527546481198934478e-02,2.609787366442855791e-02
6.864318839741477551e-02,5.896937526114198747e-02
2.232900453705513946e-02,3.843031645031962790e-02
7.375199491762874380e-04,8.280671368225055130e-04
1.461348606601219763e-02,1.582558979428273782e-02
5.726123001928611067e-02,5.759348078884556077e-02
1.240606088709001187e-01,1.233525174079787567e-01
4.890213184685813369e-02,4.639911299136797312e-02
2.116933663665880594e-02,2.960985361611968153e-02
1.175899573344038190e-01,1.281241666515317568e-01
2.042293125059120584e-02,2.609650151886725236e-02
2.441386480113673298e-04,1.922150962632885208e-04
7.287201575001483426e-05,2.233426740428177261e-07
1.136969694368891726e-01,1.228806892743727480e-01
3.238312839877127702e-02,3.147890321801756486e-02
1.773332525947526328e-01,1.822390146327799165e-01
3.603584831325787330e-01,3.059179952613220177e-01
1.964353358250252443e-05,9.789045912642528949e-04
2.207376041028701963e-04,1.989886729982299660e-04
5.649882587212178703e-02,5.007350443064802203e-02
8.441432607426821097e-03,7.332767274015710747e-03
1.165626377755598080e-04,2.434354509929626095e-05
4.147201640687063831e-03,9.816974276071464313e-04
1.812617548515702730e-05,1.837817057547322646e-05
1.595804394886380928e-01,1.494848209681949591e-01
3.705629327842695046e-03,7.285274207281220403e-03
3.617727486243336663e-03,4.561336485373534803e-03
3.269703737059804216e-01,3.639392384807282887e-01
7.308259824550135397e-02,7.754780810474996844e-02
1.464684602167455330e-01,1.563761440507025480e-01
6.823810258603513201e-02,7.170900254692852416e-02
3.867342581295588055e-02,3.712845259139605641e-02
1.328195276467333732e-03,3.328163769437334461e-03
7.542091301758187781e-03,8.690721943340353958e-03
9.132262018256698385e-04,5.647967997914814199e-04
2.420462639503568117e-02,2.853199411999187210e-02
1.259742805681712428e-03,2.423665951072189947e-03
4.589477262064247699e-04,9.677143719625302737e-04
1.115701399340179390e-03,3.127930137856894423e-03
4.341714078129535470e-02,3.606845082446035605e-02
9.367535265120477406e-02,9.284232459729049869e-02
1.482195879212703203e-02,1.641559663267200611e-02
6.192431428087157019e-02,5.049814298283392122e-02
1.012811975377823177e-03,4.789823872815456539e-03
4.244284003822547391e-03,2.779772150024468341e-03
4.849044227739410066e-03,8.654498679453110146e-03
9.888555216399990636e-04,2.020065240313118505e-03
3.401388443768207370e-01,3.537241130469194750e-01
9.504966273398159082e-02,7.277008278529566165e-02
4.727267193821668712e-01,4.574222055565726475e-01
9.847155038193529733e-03,7.796123128033716730e-03
1.358406311356332441e-01,1.245003783817502374e-01
7.932524033783072692e-02,9.125862850936523885e-02
8.386015569190103172e-03,1.354040564270701623e-02
7.468929776181136571e-02,9.749518779191176931e-02
9.381669782440638095e-02,8.856123209937248608e-02
2.097533948323944061e-02,2.884467821850331820e-02
5.762384686754678381e-02,5.868773976124373737e-02
3.065653012141691947e-02,4.886682252139171873e-02
1.238571674395220167e-02,1.760572975875874385e-02
2.130151984805836999e-05,1.139272239416563551e-05
1.635053785548436570e-02,1.496045253907893162e-02
7.665281580781690973e-02,7.790953668784268704e-02
2.697662243351198110e-03,4.813536170397244261e-03
5.004969038067781373e-01,4.797633225552589420e-01
1.445782522787229969e-02,1.321083337264786044e-02
8.307113973882880023e-04,2.304108424591408064e-03
1.487641570148401371e-01,1.354448707220340387e-01
3.673451981060330083e-03,9.444567448422244715e-03
5.161110913144791555e-03,3.552703638189448707e-03
4.093616780593410664e-02,6.000835862724585718e-02
1.352261191736906232e-01,1.486882481884893581e-01
2.569444862454259293e-02,2.614240421003011239e-02
6.735276029152437172e-02,7.660203087429229285e-02
1.324811180589896831e-01,1.304273564039359068e-01
4.162033815139359327e-01,4.004564802760123832e-01
1.671956441659534220e-01,1.809367356673096394e-01
3.460747878860051530e-02,4.422994268509968657e-02
1.914888729627650622e-03,1.123812398758904227e-03
2.739638591561475642e-02,2.130319170329031050e-02
1.164441056456936132e-03,1.601970432020452919e-03
4.800430554473931744e-01,4.823476093426751210e-01
9.680883208534300441e-03,5.976877262051085923e-03
2.455446575524263542e-01,2.463082768071396811e-01
6.634347694325790079e-03,7.785773343547805828e-03
6.354673547718842075e-01,6.316368526431508368e-01
3.654164068335478133e-01,3.980785767239625184e-01
2.972121979400491748e-02,3.865667658304633436e-02
2.046840708334786776e-02,2.487920205351604880e-02
3.967552230035414386e-03,4.389459948400157956e-03
7.263985843123271433e-03,7.087506745677793311e-03
8.357968337230908817e-02,9.861656385092765209e-02
1.492162570530791155e-01,1.548195529684197602e-01
3.456295183437529370e-05,1.506511307014562139e-04
1.754198664564586910e-02,2.453243454059724632e-02
9.103979713226920123e-03,9.189908946436894238e-03
2.494612243599263757e-01,2.417294479630258397e-01
7.365134470916152865e-02,7.572489617961940256e-02
5.030540776322286328e-02,6.757041558575663243e-02
1.932582352250572164e-02,3.359086658497381639e-02
7.136781322785144821e-02,8.049084133541556385e-02
8.457757726474172955e-02,9.539371855311065684e-02
6.542579433579787107e-02,6.102564730707438906e-02
7.345751200347524622e-05,5.091828110996423944e-06
2.793882572708577539e-01,2.608018391941630543e-01
1.652241473328498189e-01,1.506524407181335790e-01
5.723855115902023137e-03,1.216288711938565310e-02
3.194635851477390376e-01,3.163633161695187379e-01
1.458008925564768521e-01,1.073427170846718293e-01
9.625230259559944962e-03,8.996914628569297259e-03
3.439287172595438449e-03,3.026325900678506452e-03
4.453474293154230379e-02,4.794161234117420844e-02
4.767571842981990771e-02,5.203757750787244701e-02
1.366389625717768508e-01,1.313767830628473632e-01
1.630779423623706370e-01,1.594492878218861376e-01
3.124982431554388252e-03,2.695284359485622741e-03
1.313289072451138684e-01,1.015541219914315590e-01
1.033167379523377560e-01,9.390999223508599003e-02
1.605275171222259739e-02,1.557190030947056339e-02
7.114331574311036355e-02,7.567434476633551343e-02
2.240968762187396397e-03,2.028683017053249747e-03
1.230523869077295440e-01,1.290499064148265818e-01
1.575779889891203711e-01,1.649964239768171859e-01
1.118296045531051996e-01,1.042026083531339409e-01
9.991680842437958288e-02,1.271894847215510882e-01
3.300170226040642640e-02,2.502936607302160346e-02
3.247447019947998781e-01,3.412760369483360812e-01
9.218148997142504644e-03,1.273694721893590086e-02
2.089954255622017074e-02,1.740627075613360164e-02
4.905384734501664831e-03,2.802769000447634645e-03
2.040051145505310803e-01,2.355219336668598340e-01
4.291498319077875073e-02,4.701990160385810524e-02
1.262482684894165701e-02,1.756858113912120045e-02
9.460199990189521822e-04,2.181976311644110035e-05
8.337532409918513299e-02,7.812517084071089746e-02
3.736369939952450311e-03,1.194099163676465986e-02
2.442500986225506869e-03,1.970915236848647632e-03
2.365853379133610671e-02,2.282391922532921169e-02
6.090326058482160854e-02,6.825020722011600205e-02
1.161232839932546147e-02,1.406530731923215718e-02
4.326714941099862877e-01,4.461922885050665366e-01
2.217335402687796095e-02,2.407259720663539396e-02
5.812119058433332097e-03,1.199854004019313943e-03
2.162380567092114098e-02,1.789091135481760825e-02
1.822543687139279583e-02,2.181434920905932218e-02
5.215723048266408465e-03,2.342064805311129885e-03
4.600476911691785478e-03,5.697359797582300482e-03
7.306377648094457625e-03,6.654445741016261524e-03
2.076245703979273383e-01,2.097962908743295496e-01
4.841646969646522247e-02,4.433753933844318540e-02
6.922923889513646900e-01,6.570369469052770306e-01
7.122681679442504493e-03,1.098791695316453550e-02
2.130961913264469224e-02,1.342125828100908594e-02
1.856093070621493745e-03,2.979633817820957851e-04
2.304062081526924322e-04,2.730483614075259521e-03
4.535971410455875152e-01,4.511882145629039220e-01
2.748030793099012943e-03,2.082118619011881673e-03
3.400646612142333436e-01,3.278594941556506326e-01
2.245999879716709113e-01,2.244962252700069827e-01
5.011861240155619096e-02,5.836166769578058494e-02
5.048862555785645079e-02,5.179757257553419675e-02
1.556262799373827471e-02,1.468645698835769307e-02
3.708621911712958047e-02,4.384989659285868507e-02
4.121324618044736043e-03,5.460770928629996891e-03
2.660274509001946397e-01,2.718923874074540836e-01
4.737544437492520466e-02,6.014979861213728962e-02
1.807853764548800202e-02,1.516767685055115007e-02
1.193780944136681732e-01,1.102305573797086741e-01
3.586228078890298099e-02,5.272336721675344867e-02
3.833586339722908076e-02,3.976470840628647946e-02
1.978580339847118424e-02,2.230658827718504100e-02
3.133755249334702758e-02,4.483642630629862402e-02
2.133850061517930316e-02,1.857480590412645752e-02
3.420861959755908677e-01,3.203071386455241254e-01
3.630724019634064964e-02,3.219064085316896556e-02
4.269564831650441983e-01,3.929542438181778952e-01
1.266200263594450615e-03,4.223662088224982891e-05
3.632178511420616068e-02,4.151282626407510473e-02
5.297010989104548873e-02,6.124027675329352105e-02
3.102076121851334370e-02,2.206896105299667801e-02
1.539836404096582741e-02,1.702712632238334925e-02
1.409556592004463926e-01,1.312234304932297091e-01
6.482660225242440344e-01,7.302355830031844741e-01
2.103400765278385931e-01,2.161640391924515847e-01
3.641108013597754017e-02,3.125861064820528029e-02
4.953236106920721332e-02,5.950797173381299626e-02
1.227850497758622567e-01,1.371855801097500438e-01
3.080700918163611565e-02,3.497922426203039364e-02
1.372815536181072084e-02,1.458069657960918419e-02
5.383350357212209059e-02,5.942208905664172341e-02
1.159074463058048371e-01,1.180203079974870561e-01
7.170570585904385841e-02,8.028383932161278769e-02
8.237879275008189867e-03,1.011651869451531474e-02
3.563844502195891682e-03,1.857103506096797422e-03
4.550664049271192779e-02,3.986362959386130500e-02
2.370402207316573556e-02,3.380338882570520231e-02
3.659409939823120989e-02,2.696486927079864634e-02
8.600952156653667718e-03,1.788167089646957794e-02
1.805362549833889330e-01,1.833023559969372274e-01
6.219405923524775649e-03,2.072015795730494485e-03
1.158679510429489745e-01,9.735386416551508604e-02
9.575930429302430269e-02,9.611812460010224490e-02
1.757536652813994626e-01,1.965975234517718662e-01
8.442793441033821789e-02,8.484525000027010044e-02
2.702197320779353359e-02,2.215130328429400913e-02
2.151031633794113843e-02,3.263118552639234643e-02
5.273916931536619668e-01,5.455362383302775342e-01
1.603552010124157379e-01,1.817692779286670945e-01
1.845292325225208335e-02,1.590681158828748457e-02
1.057440506777720668e-01,1.096718004960848536e-01
3.028696581681130651e-01,2.787160908926680225e-01
3.377647226256665913e-01,3.391169376213655218e-01
7.403815161550864061e-06,2.983976591075795934e-05
4.855986823242666034e-02,5.758580242477554650e-02
1.662138728114923242e-03,1.656215811700671899e-03
1.161086416601708193e-01,1.108444884427372545e-01
8.112082808842775716e-02,9.668887306686331506e-02
9.011441052360077975e-02,8.995517042659446905e-02
1.644021264653171971e-02,1.309336467132601531e-02
1.822136982742560696e-01,1.956667675490239844e-01
1.771473845094947153e-01,1.492253722560910045e-01
3.692922796904062888e-01,3.672795409747194872e-01
9.689292642372419884e-02,9.505097374656278075e-02
4.441769800256226836e-02,3.494522964632911649e-02
1.351247440620050866e-01,1.275513249696886287e-01
6.268890898831065706e-02,4.729435749133219236e-02
1.778681579379423894e-01,1.882675507086449540e-01
2.285502793948586686e-01,2.199765661974776854e-01
7.039388978696153355e-03,8.991505590140409093e-03
1.185622873138378157e-02,5.729523031962294177e-03
4.196388350251843008e-02,5.521333166830589417e-02
2.792568071197159066e-02,2.525927449361389451e-02
2.953776563501621377e-02,4.127869065714882824e-02
2.641399193182799102e-02,2.990722448667243114e-02
2.982256353954560943e-02,2.713876476053831907e-02
5.359267095841806217e-02,6.007056149928179795e-02
4.258846841039849035e-02,4.657796108656298006e-02
3.360873398096238945e-02,2.451220497007925575e-02
1.182959466992977993e-01,1.049554281137906747e-01
8.539733172705598176e-04,3.818519325025508714e-04
2.145265664352786761e-01,2.070044605740764820e-01
3.166335265400098409e-02,3.423982484249502023e-02
1.003526309504407590e-03,4.246021558634713246e-04
7.735402767723577148e-03,3.178504615568776039e-03
2.846352905827522761e-01,2.608084809721750719e-01
2.937920151541053015e-01,3.198831704030439815e-01
1.164605896020946968e-01,1.038196082975912232e-01
9.878839864975570706e-02,1.069801982893593545e-01
1.137325304069489035e-01,1.076740168433498179e-01
2.340777453530242802e-01,2.467851418164041244e-01
1.785089303880537936e-01,1.953152795198053182e-01
1.216659131178530889e-01,1.243673290369065043e-01
1.422613681584788681e-01,1.215297970652537557e-01
6.985499937286759886e-02,7.095324637645727961e-02
1.494543112519167716e-01,1.386114326027188537e-01
2.719440608662209661e-03,8.069174670429070037e-03
1.304832195053701738e-01,1.423859487228051335e-01
2.752459134034051830e-04,1.024185545484518713e-04
2.506469095899469535e-01,2.391393780282147774e-01
5.505640541285153344e-02,5.616331919410551959e-02
8.824999788932061384e-02,9.225423633797905087e-02
1.639313959391835718e-01,1.668002165596935982e-01
4.144014954124256578e-01,4.345825900244305595e-01
2.693068792825339258e-02,3.784407493740136325e-02
3.126445503302110324e-02,3.571254093245683492e-02
9.448250316776066193e-02,1.200009316509566132e-01
6.155110112607996564e-01,5.663618578942032356e-01
1.384665402470343495e-03,3.044747405521943274e-03
4.102792105093311936e-01,4.565289029610534732e-01
3.755573034265981876e-04,9.987055091207981596e-04
3.488177254267278704e-02,4.452344021562573695e-02
4.252585439993961797e-02,3.378866523344394718e-02
2.827120398001578550e-02,3.017723693851357900e-02
5.965501750017651594e-02,6.410322215221933573e-02
9.802083606756569964e-03,5.587380602172772881e-03
6.068820590870162984e-02,5.696986492666944457e-02
3.894910727291209240e-02,2.630569570802700208e-02
1.870208639892883273e-01,1.802035367766872120e-01
2.058936468392623745e-02,1.950729172034797176e-02
1.345755658735569259e-02,1.155957225706187586e-02
1.087430937023751848e-01,9.814194335003446901e-02
8.891219842418682240e-03,8.013499557486104471e-03
2.934530739540675559e-01,2.813961309976601988e-01
8.568857236812346678e-04,3.045206794104092442e-04
8.640495536595549364e-02,7.058063185347245028e-02
1.497354601606161462e-01,1.419071713728244921e-01
4.721529790929633597e-02,6.931587202144708082e-02
2.234678593659622792e-01,2.499022395935940888e-01
3.030353809401593532e-02,2.369239728191065153e-02
1.570334354191731119e-02,2.802136436148468246e-02
1.124934025697378742e-01,9.273717673475601053e-02
4.624131681430821567e-02,6.106460240420647639e-02
5.257080680397212659e-04,2.499538879834529818e-03
2.254788851804299596e-03,3.922886367169757700e-03
1.016063297652203129e-01,9.712285911281511031e-02
4.745982998184402474e-02,4.130185384176305458e-02
3.333439660278817579e-02,2.608912846709743327e-02
1.347292651644869388e-01,1.237360061690519347e-01
1.842665314911120372e-02,6.418651075231311676e-03
1.944586601952718319e-01,2.180475171855490168e-01
6.965636714260164952e-02,6.783023661408407734e-02
8.170098850417651867e-04,2.528408462178623282e-04
2.824425011455231060e-03,5.907646336156716950e-03
4.533938750297703685e-03,3.182612189913845962e-03
1.372930553877243776e-01,1.598646879387609354e-01
3.606789852192569534e-01,3.280597475070245461e-01
5.750902639358597109e-04,4.140085905309631432e-05
5.192206228951835867e-02,4.229702852082977554e-02
1.069486850952599578e-02,1.007349026738780899e-02
2.643204095721260038e-03,7.679217496732484690e-04
2.018709663605456894e-01,1.881624577021770994e-01
1.272119970086769535e-03,3.395741897147372501e-06
1.179851958953609913e-02,7.014913174798946376e-03
8.783220366364756504e-02,6.192680036661096787e-02
1.558335998196721528e-01,1.548316908657920987e-01
1.365063137612322619e-01,1.427978936988304470e-01
1.252588408699254786e-02,1.190937272266015534e-02
5.236188374955941249e-02,4.497019690093013305e-02
2.246093773957833981e-02,1.567929994726093706e-02
1.497030992561929064e-01,1.435222079815579310e-01
5.760597117408021439e-02,6.588279566745496030e-02
5.617470876874378766e-02,6.603833237531656075e-02
2.460037526101979243e-03,4.327179787431664586e-03
1.360535135409392526e-01,1.422358877615812756e-01
5.043471501215462255e-02,5.357650678097461427e-02
8.371009041733537201e-03,1.171687173764131978e-02
8.574916080599333246e-02,9.605292454023257875e-02
5.588959293388660182e-02,7.059191184280320941e-02
1.320363434675294288e-02,1.014212699107108241e-02
1.155266203742261188e-01,8.362239317473092737e-02
2.556109861365564173e-01,2.539857585039161370e-01
7.338857680501884289e-04,1.075284803052212537e-03
8.664255454393579581e-02,7.300326564099397786e-02
1.273274821284242908e-01,1.468409067703143056e-01
2.059843787011918920e-02,2.103903357763156623e-02
2.166897170901291303e-01,2.021471407844812052e-01
2.255295813894502843e-01,2.704727160682442455e-01
3.681124296909270982e-02,3.679087660373863561e-02
8.986714543141264278e-01,9.292090854931667199e-01
2.011722623050749004e-01,2.129297879482700273e-01
8.880868587677362425e-02,7.971931835641019037e-02
3.753301281335293810e-02,3.950517842623578468e-02
3.790323303816192212e-03,5.148416170115294524e-03
3.376492613651676522e-01,3.192120942482422064e-01
1.083301086820849385e-01,1.261656254218005146e-01
2.949234074721266557e-02,2.159740865195370826e-02
5.876788960071293276e-03,6.686264900688164599e-03
2.016642339821814753e-04,1.453467770292998177e-03
5.160448059825939460e-01,4.710076180234207266e-01
7.161094425944992611e-03,8.679464832895611437e-03
7.814331638469238298e-03,1.460979783923041508e-02
4.297574509971652801e-01,3.968737007436166087e-01
1.895459284499691477e-01,2.246156225656318894e-01
3.419668262122032565e-01,3.413044155949888636e-01
6.156316065238614382e-02,9.059742488892567891e-02
2.470867048621771533e-01,2.266429867320179092e-01
2.226707795172433446e-01,2.513472472898246601e-01
3.743331070372863376e-04,3.769720811419386818e-03
3.467391786259291925e-02,1.795504016840505923e-02
4.783506760511187922e-02,7.055159002504046706e-02
1.262259645556855318e-02,2.188345903319297361e-02
9.878661944175463894e-03,8.038094633218199198e-03
4.325040732903262519e-02,4.758976795017945405e-02
2.997966013524094309e-01,2.856411881526692564e-01
5.461363065184727389e-02,4.853906398891997404e-02
7.570223096702306809e-02,6.687115542977194182e-02
1.901834107031048493e-01,1.730964662978421997e-01
1.195075700698413484e-01,1.223652558459989992e-01
1.803442273102236291e-03,7.006953504716300013e-04
1.224123041334520580e-02,8.959488641002696929e-03
3.988929618651925191e-01,3.821989950814004833e-01
1.172840393937479289e-03,6.165517179301489777e-06
1.425062220907539479e-01,1.421650333284832091e-01
5.030827811896895069e-02,3.795726556077139852e-02
9.050549679165862619e-04,9.790122230491379949e-06
8.388608668560511294e-02,9.734093633021893843e-02
2.689136638535632451e-01,2.995452502808694240e-01
7.486562438754928647e-03,3.646504494319423566e-03
1.306375057844012463e-02,1.596697557584550800e-02
4.566549012834145715e-01,4.183132333828247229e-01
8.459159411711240570e-03,8.677856846537398625e-03
9.312061743677794989e-02,1.033920269470086639e-01
1.723789534903782394e-01,1.676880611783397867e-01
6.218939202808373111e-03,1.238500592529429879e-02
1.817449765950339890e-03,1.249302081721134945e-03
8.528622882268691585e-01,8.010077426032136128e-01
1.299118205270290810e-06,5.486003784709381822e-04
5.857199085897423505e-04,2.318149975209436676e-04
5.198462532979215150e-02,6.006087741936427110e-02
1.537040379955445339e-02,2.671073507918288875e-02
1.642976698215479481e-01,1.600213519300290599e-01
3.345240742279700225e-02,3.632305321046436913e-02
1.263704357831939035e-03,3.973501579684849002e-04
2.143532181640853407e-01,2.361781239337699123e-01
1.523035750853548014e-03,4.328318548352779794e-04
5.584424253852578179e-02,5.770859429505314359e-02
9.801777524344967851e-02,9.496148221682793045e-02
4.950351391724887029e-01,4.961125249332060672e-01
1.821899266213918706e-02,2.791626148154920106e-02
1.222976982617597214e-01,1.192302035113698283e-01
2.660384188852363829e-01,3.059539485971865536e-01
4.788054232435954433e-02,5.948053152773694063e-02
1.409795386366794190e-01,1.324395638173943845e-01
2.475100096691994905e-02,2.322403551502795135e-02
5.378646274078517859e-04,8.680666745636265481e-04
4.793245742092016454e-02,4.506485521497581581e-02
1.109449876981668248e-01,1.218209219710372770e-01
3.211671904641794084e-02,3.692662951528835613e-02
7.183407402501674078e-04,5.471430038042802849e-04
1.692333347535656882e-02,1.020909162781452086e-02
2.004639946565076880e-01,1.698094290441966303e-01
8.748244955246649648e-03,1.383885903458155833e-02
3.018333364782762804e-02,4.123347687666117228e-02
9.603562633452232241e-04,1.137299408151733882e-04
7.366784970715746506e-02,6.410729264906069036e-02
7.763175776632224023e-01,7.586809403706309407e-01
5.850830070193313581e-02,6.077873383087258052e-02
6.079602328938991246e-02,9.839769574390379303e-02
2.898512326403897277e-02,3.372783671244632131e-02
5.960101696341558834e-03,9.471087564199556427e-03
3.200040724691632921e-02,2.998464994328866109e-02
4.799304431076666377e-01,4.349209036279263474e-01
5.346399270474355703e-02,6.522580108606002014e-02
2.779868836573993682e-02,1.537994090776599598e-02
9.562730534510212321e-03,9.164328860551502684e-03
8.700097268942900974e-02,8.993767242580236188e-02
4.947854702592961035e-02,4.844128998814301729e-02
6.772414955490333160e-04,1.211004401903785488e-04
1.034495434771649558e-05,9.755879908009526172e-06
6.121063878880094594e-02,6.921747740890732414e-02
3.060251470079761171e-02,2.492119352764059909e-02
8.614241017930604483e-02,7.912735399456970187e-02
2.699340424592684418e-01,2.631963166804368037e-01
4.822509461271306530e-01,4.663596762903442494e-01
1.495818663559056634e-02,1.553796087922684407e-02
1.840559227783553908e-01,1.856089518773596792e-01
2.257008307485826870e-01,2.375644063661311867e-01
1.341828202325977618e-02,1.524367939166547045e-02
5.706304380935360576e-02,3.067571520054116971e-02
1.798782802010093565e-02,1.189788423473525647e-02
1.920937219006896637e-02,2.202843413455398552e-02
3.072434725366773780e-03,3.457701793739867760e-03
3.327500882921451131e-02,3.116663312304347386e-02
2.862006919706195363e-01,3.241844837127868528e-01
2.145854231448501015e-01,2.170398756470211243e-01
3.554259020137299965e-03,2.075382057106634707e-03
5.022515442730133284e-01,4.535433654806056425e-01
1.175740332359688674e-02,1.063337113178433255e-02
3.778015987834450889e-02,2.634831146976607946e-02
1.022677635427352988e-01,1.152090600270265081e-01
4.062250539995478776e-02,3.979899203645472644e-02
2.060556878615064369e-01,1.596394088946118395e-01
7.813659950574076973e-02,8.968203160457725864e-02
6.647599479853423532e-02,7.306666021940014244e-02
5.760272243272277631e-02,3.128872794034386062e-02
1.674013498697036195e-01,1.660538002203915675e-01
1.940687626235750073e-03,5.374062181547511162e-03
5.672012521006306734e-02,4.607693667852023889e-02
1.882129746967673226e-02,1.575818353582101802e-02
1.730012091020117614e-03,1.073389771497279370e-03
3.453400852252860170e-02,4.618003338301823052e-02
4.891946528291578611e-01,4.528481936345430392e-01
3.380866830114130361e-01,3.494701828775223507e-01
7.577480360106833568e-02,7.736914558042616574e-02
5.157258573057463824e-01,4.630220169849995626e-01
6.940423260335599684e-03,6.595844935649673203e-03
6.082059459804589271e-03,1.058912397631713020e-02
9.447109509355053336e-03,9.632781895718466394e-03
7.233928865446380418e-02,6.525846427543119388e-02
1.002613349116903210e-04,4.261255278230361229e-05
2.910297177220552527e-03,1.790796903954630865e-03
4.944120278214063635e-01,5.403763403633179419e-01
5.028656029882769968e-02,5.478080553205602610e-02
6.690760996774307301e-02,5.687515855071218623e-02
5.615309437209204529e-02,5.133299885802707768e-02
3.491378032379520158e-01,3.819428671970648836e-01
6.915382397921700230e-02,7.740121575649569485e-02
2.047120735756259927e-02,2.119519051395377107e-02
3.845861033702593218e-02,3.281261824106717490e-02
2.350010042473782770e-02,2.266317430791927809e-02
4.220726047001554515e-01,4.216230518848775310e-01
3.761252317869854655e-03,7.862150041872744896e-04
1.488805110043792401e-01,1.452894470529873527e-01
2.631645581293583572e-02,3.794926713256604328e-02
8.804415274552923609e-02,9.857796548320323093e-02
5.820708340354478066e-03,7.278613502028919921e-03
1.974879840867799566e-02,1.469776319391603164e-02
6.232852789840094901e-03,7.610390168658818545e-03
5.370787305546528834e-02,6.534198939382238058e-02
7.114345751850240087e-06,1.354283163534146745e-04
4.169838372105944685e-02,4.422338682689382072e-02
1.554726264678103417e-03,2.667619604846746886e-03
3.491981769447480843e-01,3.071790257374498734e-01
2.373559955965136303e-01,2.414724474246105757e-01
2.305251909017413114e-01,2.077020635525417824e-01
1.311425142306358455e-02,1.747971029874988147e-02
2.723169091525217134e-01,3.100764905108838176e-01
3.077283945230932516e-01,3.472532244600737839e-01
1.717886124422743910e-01,1.535855101901134889e-01
1.037048346756477418e-01,9.103699819715314889e-02
3.560352357021977499e-01,3.467066885201117166e-01
5.460604663670698841e-07,1.473517904889140541e-03
3.693195397940099989e-01,3.637398271047625475e-01
1.192214866759735425e-01,1.072966356458031900e-01
1.539651825729482573e-02,1.218563652609830870e-02
2.694763061209545004e-03,3.669491544679935689e-03
4.088969230858733456e-02,2.839368969546034183e-02
3.296294924736677817e-02,2.943651555367942166e-02
6.645123417401854748e-02,6.469899736902151588e-02
2.307006811001931570e-02,1.105730609589601794e-02
7.100348939232967171e-02,6.375743120251252394e-02
3.048127528284772514e-01,2.951706422603561641e-01
3.418251972370626168e-01,3.263937242661535398e-01
5.528057742459295933e-04,8.206754535794801670e-04
1.559403874691917165e-02,2.445598469392017138e-02
2.638571655004139926e-01,2.785601274786857484e-01
6.564767052369410716e-02,7.472034155995235793e-02
3.635337118195500899e-03,7.780175195503125259e-03
2.062699809846143615e-05,1.446270499768533132e-04
3.630066863340067340e-02,3.537006721172743229e-02
2.757758176835236122e-02,3.176380903442658360e-02
3.119150658924760896e-03,4.440661695203730781e-03
3.950116146865919609e-01,4.182853445774768475e-01
5.492770603474401298e-02,5.320744885727873852e-02
2.043338530768864236e-01,2.025326943829903192e-01
6.972601755664152579e-02,7.382757338879440689e-02
1.844060750434019791e-01,2.169215988647994753e-01
1.506167757489236016e-02,1.193170016081420738e-02
2.524523373263245496e-01,2.627603334594713069e-01
4.567935580483768049e-02,3.935481054790514882e-02
3.173070451530588584e-03,9.895974338924603750e-03
1.566454144027442930e-01,1.769993665064373001e-01
1.471061317799726154e-01,1.530878321796624308e-01
7.951888739801682426e-03,1.236791101983829473e-02
3.953055356514353219e-03,2.074027554381925771e-03
1.390865032111673373e-02,1.137779338968327239e-02
3.204691539890990168e-04,4.236352565943066260e-04
1.171919279267442417e-02,1.610869854558276762e-02
1.301149969536978361e-02,1.055191212043346538e-02
6.382354782735107090e-02,4.615771016665345255e-02
4.284714624728509086e-02,5.081741382278621294e-02
3.740824442914737064e-02,4.711468179824605113e-02
3.454895748142644551e-02,3.960572479758103087e-02
2.493802026163764382e-02,2.448870777577835667e-02
1.638729017506777297e-01,1.487102049656502112e-01
4.537792946684632289e-03,4.077710436214036262e-03
3.245474491822648942e-03,3.971843102261278513e-03
1.509502057617565299e-02,2.189655245116910870e-02
5.440885283501364356e-01,5.941922740514571366e-01
7.560680122757690302e-02,5.393147559459544188e-02
4.759529706186437226e-01,4.640468163476899610e-01
8.837471887620415925e-03,7.821243799002862429e-03
1.479916094711709006e-02,2.132140647052596302e-02
1.445068397454444264e-01,1.326580159029388251e-01
9.261630530899697678e-02,1.149546642477690256e-01
2.453540855536384332e-02,1.798789618446865538e-02
6.839243928596522304e-02,7.881825946472417743e-02
8.909692739223394609e-02,7.697312608747790275e-02
6.675426908280207572e-02,7.248304741153570319e-02
3.086757370359920899e-02,2.761757022917533597e-02
1.675174988385475308e-02,8.731517057057285383e-03
2.107408770650067917e-02,1.963078535638287589e-02
8.228144422765312771e-02,1.058675937275624507e-01
1.618591300695814972e-01,1.760799155483707690e-01
3.529735062621619903e-04,3.577862435180769254e-04
8.234134061800347550e-04,1.730750721969040733e-04
1.052936509183798552e+00,1.068547968790077407e+00
8.805464101278387412e-03,1.131306030635380842e-02
4.272861221900206563e-02,3.522759535290733574e-02
6.146454540057520732e-02,6.707090326351748677e-02
4.075484597640909035e-02,4.920637827570656375e-02
9.246317730991555905e-02,1.099872449991387696e-01
1.172228983491934926e-02,9.300411585659036640e-03
3.156065453977718316e-01,3.262181447489947983e-01
9.557160980548881982e-03,6.714205477474971019e-03
7.906968467726170624e-02,8.758528942403516482e-02
2.895527919948552298e-01,2.802539588793174219e-01
6.254331892448351804e-02,5.604274797981389361e-02
1.342284742498953305e-02,1.480495840968715920e-02
1.513247154627050111e-05,3.791964044273260395e-04
8.417349346840270231e-04,1.443621650816102366e-03
9.015601955379684909e-03,1.602289330421520844e-02
8.257752623247803341e-04,8.006898524212360997e-05
7.221864667149882622e-02,7.265509929291158464e-02
2.054820289884086992e-01,2.472822825850245487e-01
2.894591189734436742e-01,3.201679929637638589e-01
1.040495478803442758e-01,1.138110884140627194e-01
6.482812120211635387e-02,5.554420145731841368e-02
5.612856420563833854e-02,4.986177596061772133e-02
2.149119946538266546e-02,2.449445314087144235e-02
5.886327557891012779e-02,6.821059063550287405e-02
1.531205354081447041e-02,1.579365142659210769e-02
3.243844282979781446e-01,2.925178302646478379e-01
1.236708966044072766e-01,1.172823136559522916e-01
6.413114572401215109e-03,1.055481990652847382e-02
2.338300413416449508e-01,2.514937091304476069e-01
1.305928702746957382e-01,1.332708789051307019e-01
1.346638059548019295e-01,1.478623022309867308e-01
3.236353508305747639e-01,3.161277740566482142e-01
1.412135175175100732e-01,1.423212833310274761e-01
9.907888526683703706e-03,5.518073501963819544e-03
1.430139608111377419e-03,1.986408842304411820e-03
1.461635510698175617e-04,1.598261171167256059e-03
2.283970269432475039e-02,1.919729437713732847e-02
4.777559942380056324e-01,4.867900625217538857e-01
4.350391467300818854e-02,3.934051366805978167e-02
2.043205276298267967e-02,1.532299474861232788e-02
1.723410029322209880e-01,1.751294493938265473e-01
4.917258310566849887e-04,1.388038139786030049e-04
1.095997748004421399e-05,6.260201995363615275e-04
1.312485080623383427e-01,1.372973381378055358e-01
6.783166022280098101e-03,8.132121123761748213e-03
3.442080212023299057e-02,3.829413221623709229e-02
1.734309332297706216e-02,1.218294043589181024e-02
1.704873720965065509e-01,1.661207185684939747e-01
7.089791307330835278e-04,2.013234500027996036e-03
7.292682198762936996e-02,8.226666237311514029e-02
3.960834819451971578e-01,4.090389312382143316e-01
2.145545658536182343e-01,2.193438740818956789e-01
6.784873042907237084e-03,3.934502264579987571e-03
5.472168154913718049e-04,4.066907900008955089e-04
2.557816705278019923e-02,2.557482574799244818e-02
2.166717691075815966e-01,2.062654251412084361e-01
2.532871786233943309e-02,2.002405414669303566e-02
4.041651803571534585e-02,5.960439141713399364e-02
1.764215844757377194e-01,1.616800593131130226e-01
4.008724984029105834e-05,1.810157964581111134e-05
2.116294707309777229e-02,1.204376311826879653e-02
2.903964376929940028e-01,3.403794391678990339e-01
1.087944231140612755e-01,9.561979588804961350e-02
2.254595278185375640e-02,1.704923362901346329e-02
1.197680539872661995e-03,2.967163818960262111e-03
1.055340196184120045e-03,7.712692916186597667e-04
1.397220697672042072e-02,1.719590806440696867e-02
1.832715699851966973e-01,2.093571798784388815e-01
2.506356306377170978e-03,5.820860243990129933e-03
3.008264208930482367e-03,4.107858481020583430e-03
9.388382390909199779e-03,3.307367784844392894e-03
2.098117309997918067e-01,2.061066971934623904e-01
1.130872865956261547e-01,1.111226619386717629e-01
7.738511391271749029e-02,7.562339867948153493e-02
4.590461822121165714e-01,4.809585453371788555e-01
1.359098201610836887e-01,1.302471861145233778e-01
3.382188322913810136e-02,3.178382007361111455e-02
1.422408253799531527e-04,1.296041191598005311e-04
5.813706012813320799e-03,9.045946453389233297e-03
1.243715909771406503e-01,1.061938387912734344e-01
1.941181790074620467e-02,3.275200168774131809e-02
1.065111983631180231e-01,1.285222150228325089e-01
8.968275946453378722e-03,1.393352090615810300e-02
3.000980077853418818e-02,2.812511340166969076e-02
7.104137417790595821e-02,8.120259505346390239e-02
2.844336140604315343e-03,1.335311530445314242e-03
1.692799360684447973e-01,1.683034559093533333e-01
3.088928694479804726e-02,1.882008326337784865e-02
5.026672883550594058e-03,7.295559237199280254e-03
4.328825579052785616e-02,4.591446677715860236e-02
2.804113977549563545e-04,2.738705568078819252e-04
2.735850560789231112e-02,2.955716013766473277e-02
1.809295225442922317e-01,1.869179065756782221e-01
4.833940833006108995e-02,5.152634703786972137e-02
2.905525900077276027e-02,2.151943417176051948e-02
6.797595988479029905e-02,8.025985625552771452e-02
1.700587147888269618e-02,1.540594864086433820e-02
1.108068741269177954e-01,8.475397205308499160e-02
1.069467779678927588e-01,9.349919165930385689e-02
1.890717044625985291e-02,8.806224757661086297e-03
4.072969271527449725e-02,5.964429036412063900e-02
7.244540110244778418e-03,7.661151760042328278e-03
2.119383914075771962e-03,2.873486658293962059e-03
4.046524263183371578e-02,3.935872740986365997e-02
3.265419703693089350e-03,3.161894966708427013e-03
1.460140891870173596e-01,1.564705871505216173e-01
7.904222252247658509e-02,7.996731914490086413e-02
5.746921173366208863e-03,4.454248701621972388e-03
1.167927846153628824e-01,1.065961381730717028e-01
5.068834464387820399e-02,4.972904880647443376e-02
1.237104686101244966e-01,1.164221008395860263e-01
2.792658313638249866e-03,3.891161366462247018e-03
5.535326536367945907e-05,1.271818785692958080e-07
1.512237272757846083e-03,3.822476457568327411e-03
9.525977380899156022e-02,8.994507451689565114e-02
3.763933064616477586e-01,3.460592714453658569e-01
1.497678756774899547e-02,1.201698093344861183e-02
3.351701834009560704e-02,5.437816917581581727e-02
1.500143001178938229e-01,1.549923261878088376e-01
2.715033375118917208e-02,2.730302465013183244e-02
1.043268237605560894e-01,9.171029972439698197e-02
2.320125774556108106e-02,3.358254350203314365e-02
2.796688660393010107e-03,1.015433760165164153e-03
3.598575016634777968e-02,3.075280900126774186e-02
2.130987301397429257e-01,1.914183857217323648e-01
4.749418081476122766e-01,4.716292710177930614e-01
6.354249666282574260e-02,4.503222184513763771e-02
9.918278166207879221e-02,1.388526882403222917e-01
6.057633074085217763e-03,1.037728671104262181e-02
1.747669077911790381e-01,1.766916438593718053e-01
2.794992292094816699e-02,3.826733575797157394e-02
2.884335124182323407e-01,2.687472421002329859e-01
1.174572592830605000e-01,1.010478601079096844e-01
8.497208046469102716e-02,8.954597892336420284e-02
4.257916820798447743e-02,5.208837011487005286e-02
1.279687903341919786e-01,1.057324178914899743e-01
2.963776116777759873e-01,3.016654048582498304e-01
1.597868993752461298e-03,1.228270433518786680e-03
9.894470667088975380e-02,1.001707087902378723e-01
2.230831149000837288e-01,2.171675588938308532e-01
4.397365685153574177e-01,4.115595266998391955e-01
1.169590161124537813e-04,1.005817257751434558e-03
1.981173814376550602e-01,2.154860418267202093e-01
7.974011836803386599e-02,7.384347857878241495e-02
9.818595059951205906e-02,1.119789755764346167e-01
1.651840889593613193e-01,1.641670926285763998e-01
3.147120368271073138e-02,2.535938170613599371e-02
4.585325642250688560e-02,5.062418392123272520e-02
7.133112664158171301e-02,5.390005875181900358e-02
1.878352270543225122e-02,1.971468787919425716e-02
1.858013841825614104e-02,1.272672496391257305e-02
2.070131904989370650e-02,2.593289645445883557e-02
5.159701914487555691e-02,5.247613578384670990e-02
3.345736979478396590e-03,6.076952906187096546e-04
3.430568125914561922e-02,2.654740217279531397e-02
2.808219730237436207e-01,3.122133666759699389e-01
2.601664560667615866e-01,2.782198463220626472e-01
3.707165228236260213e-02,2.763704562015599150e-02
8.108180002963800981e-02,9.194098965475876184e-02
2.711237084668177352e-02,3.760288159361688948e-02
4.713377614970994944e-01,4.773683907532302317e-01
2.082278849477046251e-02,1.668800348670224781e-02
1.348134555001341273e-01,1.244891962887229309e-01
9.827704937740353031e-02,1.184867556729425481e-01
1.356208986008078377e-01,1.477057644937032899e-01
1.150143432495368510e-02,1.284914703549924764e-02
1.449646623740935038e-02,2.196046948125432788e-02
2.635860713413359369e-01,2.633868153775788534e-01
2.742613378129213353e-01,2.684284851703162000e-01
1.684101449995480029e-03,3.674175390357603023e-03
2.178430804122883924e-01,2.301126683503862957e-01
5.371301206369908515e-02,4.435136828957952915e-02
2.158961135645246221e-01,2.403551731305919037e-01
3.582415732598034225e-02,2.214725250826315300e-02
4.180927467496852617e-04,2.078031615103602750e-03
2.672351616043199263e-01,2.898106149720991453e-01
1.419939331689555606e-01,1.523126129504037973e-01
4.456272404625681756e-03,8.067607032970214309e-03
4.480196803103798225e-02,4.500681346696866481e-02
2.217644731580465101e-01,2.508469944650371097e-01
1.841493610941637160e-02,1.089232093637996016e-02
1.456502666809709190e-01,1.428858562943310928e-01
2.447009547481322489e-01,2.304479894721588040e-01
4.801599054004605620e-03,3.506514611074166166e-03
2.143820667331332308e-01,2.054032420174180806e-01
3.975904893754785702e-02,5.913421941184134750e-02
2.656127259817340699e-02,3.651165638834843324e-02
8.379392493488194149e-02,1.052163004105738375e-01
8.811044574469784063e-02,9.824885927156590260e-02
5.218004233189530439e-01,5.577511077861109223e-01
3.518350377022165520e-02,3.704895490600179642e-02
9.352545094220370003e-02,1.016846824870629856e-01
1.253538783752950470e-01,1.421195657776699595e-01
6.005391296847849281e-02,6.361974375248942437e-02
1.003702338937272238e-02,8.985867998756788891e-03
1.687912290452474318e-01,1.754398528657388767e-01
3.952859554176271079e-02,4.872337442096569271e-02
9.116575161011017045e-04,8.570661865112908645e-04
5.430081360204611594e-03,1.086972624248792700e-02
4.735735817462333186e-02,6.120343532352371524e-02
6.615785804378560009e-02,5.091171342137576494e-02
3.023835090075232546e-01,2.805275733950313155e-01
5.575368895858084928e-02,6.169870151442599648e-02
5.351528354667758891e-02,4.291714594012057543e-02
1.073596351289925338e-01,8.971137771314587062e-02
5.747509723566142370e-02,5.994356053352912356e-02
1.557541056391306133e-01,1.394480346390976622e-01
7.365350112498414425e-02,7.478613687964839885e-02
4.021370115091105896e-02,3.090860133334902976e-02
7.677490936220806531e-04,2.896723541027687414e-03
8.052344844308086114e-02,8.105189743113030976e-02
2.540611559695266086e-01,2.735553265010635116e-01
4.426360276808372629e-01,4.064333828085072153e-01
5.646109236719844271e-02,4.505253450710192814e-02
8.794779768347975313e-02,8.630206817261500130e-02
8.397723709577188840e-04,6.304386925833970834e-04
2.189817297274861477e-02,3.581048671887209628e-02
1.399210527831327433e-01,9.709736554006545561e-02
3.090310425281834333e-02,1.786789535106728111e-02
6.216341307460575977e-02,5.964449500175594832e-02
9.143790343505231455e-02,1.192766021818284922e-01
6.422650663445578223e-01,7.016715757038614054e-01
1.081167849038536764e-02,1.630568421926181441e-02
1.561854787040534154e-01,1.599593741653032308e-01
2.786802653818751807e-01,3.442061489244451211e-01
1.970887220765221159e-01,1.985723932102989031e-01
1.513667314085423606e-02,9.250166215260971145e-03
2.844780947302741445e-04,3.632132474165654850e-06
4.403842963871390921e-05,1.323445545862981685e-03
2.094533335032711108e-01,2.216470709040179177e-01
3.966014644285700656e-03,4.719712962148120763e-03
4.408232608838793393e-02,5.627562499529723677e-02
3.910003616142431193e-01,3.892031895033273847e-01
5.571666498905656489e-02,5.383921823271513307e-02
8.312635079952432338e-02,7.695465948634701292e-02
8.530401234150695317e-03,8.861351771738256583e-03
2.226073733172148073e-01,2.012514148390651403e-01
1.988642501287771593e-04,2.491786069757708790e-04
2.841399271799004422e-01,2.795109642154033347e-01
8.996900935675787234e-03,1.033819695627062780e-02
9.330632264823518691e-06,7.136808429357441113e-05
9.608869126191185717e-02,8.634143867160787300e-02
3.126914981833659596e-02,3.350690801436220084e-02
6.567689380610169936e-02,5.991753443258320683e-02
1.372579093531259417e-03,2.403401667209282503e-03
4.142459415116177355e-04,2.515304064960573269e-04
2.057349296732711996e-01,1.929760273020280081e-01
1.336148730618547630e-02,2.264234379038343806e-02
9.077691158380936376e-02,9.615953963622073108e-02
2.448895010923685389e-01,2.721689641601583443e-01
3.516093163359997054e-03,2.214487148671519766e-03
8.293954631432208513e-02,8.681216531186748686e-02
3.027359292688259779e-03,4.830936575945262053e-03
1.851374353290830693e-02,2.267570461765178527e-02
1.580867500663127589e-01,1.154104793881073343e-01
4.155809014299531867e-01,4.490053066491290767e-01
2.266009292147094789e-02,2.180204083450955690e-02
7.807618086547615244e-01,7.945651551131113211e-01
2.223776093378601951e-02,1.958287342042716594e-02
1.333012756552844850e-03,2.934658178296898983e-04
1.746681181404584685e-02,1.267370617084337750e-02
4.937519070813182337e-02,6.664226141587553665e-02
2.467469551034732200e-01,2.783954098852955972e-01
6.931989087164459624e-04,6.577057474253288419e-03
5.310405010697245159e-02,2.589164679823434401e-02
1.149793661896049562e-01,1.418086298551494706e-01
1.138197217766134806e-01,1.222704291864781384e-01
2.182295026479486380e-02,2.440831108753541145e-02
1.342016216428866711e-02,3.766850204094788785e-03
6.524342929001712699e-02,6.379714613149503610e-02
7.196773433273792597e-02,7.700007147876858360e-02
1.678161283922612740e-02,1.746997763047557911e-02
8.715815327803423662e-02,7.020378799352548771e-02
1.848546301347702148e-01,1.824796396486900452e-01
1.440082603080726220e-01,1.305472265989233160e-01
4.637826854058941899e-03,9.180066535818643542e-03
2.146906481478332365e-02,1.742152626375857369e-02
5.541257666260312326e-02,5.818818176808379650e-02
2.396702207282147903e-02,2.563934040624956875e-02
4.055094509774842537e-02,5.264007067326324785e-02
3.810981181263347062e-01,3.164382031543789831e-01
1.120080322564161353e-02,1.673421783835882942e-02
5.289303685971647948e-03,1.201953690907395927e-02
5.582411791645564697e-02,6.920643898240026737e-02
2.242379930247956343e-01,2.241239584606176671e-01
8.843942017823501478e-02,9.539296977421547752e-02
7.416069421268867146e-02,7.592400044706744400e-02
6.696223825948558091e-03,8.146265832003358326e-03
4.853807452365282299e-02,5.412025680016630674e-02
1.809754630003551079e-01,1.960368098680411175e-01
6.766162919470089521e-02,7.991794968252478870e-02
7.574328413548052641e-01,7.439043272661330919e-01
2.354332668917610283e-01,2.469304648511994049e-01
5.916587260352134878e-03,9.039369221733194529e-03
2.127554005440867591e-01,2.011248608905425450e-01
3.939186347990269478e-05,5.867294762296147975e-04
6.694853528697979062e-02,5.722440494411929618e-02
3.106240125902634541e-02,4.294407904980099971e-02
8.722974470612757103e-02,8.973383691926449524e-02
3.649205437599579160e-01,3.720697816845738859e-01
2.432811137958254891e-02,1.391374663411599349e-02
9.172712350886179367e-02,6.969100945102428557e-02
4.519773131295142660e-02,4.894328971264257089e-02
9.128695102623464452e-04,4.439780082405928377e-03
1.837811157660608052e-03,4.198488003482460200e-03
1.232111335217392183e-03,7.524822423422303317e-04
8.396359969986205772e-05,7.216388595641845104e-04
1.869191059975845448e-01,2.012500036590083030e-01
3.280824604493880192e-02,3.988770230861547056e-02
4.561320412405840685e-02,4.007340046380554466e-02
1.114172914371860425e-03,1.866555377363512231e-04
7.078366206791948667e-02,7.363132601863509041e-02
1.354735534034936031e-02,1.747302855632935220e-02
9.186197361193301769e-02,1.003691909670826748e-01
3.350452077246265231e-02,2.414124917150667349e-02
4.562770769995686676e-02,4.075895418483652805e-02
2.724523284149355309e-02,2.746261555306681035e-02
2.403306677199569443e-03,1.540375603494161189e-03
2.427991761326457054e-01,2.365170982285628998e-01
1.254733260372712343e-02,8.839295962031399473e-03
3.776236774195618727e-03,3.839181870024043798e-03
2.882503823052420832e-04,1.649931821857223650e-03
3.017305431818392836e-01,3.374692087336462754e-01
8.127221389262696740e-04,1.507611807955171635e-04
1.108372425231838460e-02,1.744728677811161616e-02
4.940488082437841533e-04,1.738946114046690389e-03
2.791759928416338507e-02,2.295705576692341765e-02
9.214655165815017514e-04,1.015604459269852863e-03
7.900645210733096531e-05,1.698559042849880963e-04
4.609911211053504924e-03,2.451236758431635503e-03
5.268613335566517397e-03,3.526891849066148433e-03
9.784664014944459073e-03,6.288907467741145126e-03
1.079551947166754594e-01,1.284697740936603660e-01
6.320575017846641330e-01,6.967074468991277802e-01
3.810565709256421435e-02,4.125743395168181282e-02
5.023652976419800548e-02,4.953442600643064714e-02
8.997869988128533560e-04,1.534487660025569316e-03
6.845027545286604988e-03,8.242199882498467065e-03
3.698342715320167007e-01,3.825065913829920894e-01
6.040935017402934877e-03,7.095668972561948798e-03
2.330437792419592924e-02,3.207163700793574240e-02
2.176965539975247721e-01,2.120467478070814649e-01
6.280322419640210763e-02,6.845058302345172208e-02
6.336066793915416662e-02,6.809035704752851303e-02
1.934477980980514600e-02,1.482157462327370750e-02
3.125287364862056050e-02,3.070139618312585014e-02
2.974726230297297658e-02,2.106990127579178376e-02
6.625199248922649005e-03,6.424935777433498328e-03
3.419090150717468690e-01,3.369962748654110607e-01
1.916371523177535785e-01,2.019318990423577820e-01
3.302955480514737086e-01,3.143730839881916372e-01
1.830711029716252103e-01,1.881274667682439894e-01
2.244528631083394232e-01,2.590974912190303070e-01
1.696463652350032605e-04,8.294234345573423710e-05
5.523650527490479162e-02,5.411260057473552681e-02
2.210464502456414293e-01,2.034559105537382950e-01
1.564217646287423824e-01,1.490308429899684373e-01
7.943007931681621281e-02,1.048127500878584389e-01
2.301328459438153483e-04,1.309572424637688839e-04
9.377526072559415338e-02,8.804696475988915694e-02
1.226319783206599873e-01,1.100538854429908009e-01
4.390425125669184525e-01,4.747740938974946423e-01
4.724426051851403352e-02,4.571882353092514978e-02
7.986286974138231964e-02,6.429150975949833591e-02
5.005767234230538119e-03,7.132341167132272806e-03
5.606326618552747165e-01,5.191039378654206393e-01
3.379007888179554747e-02,2.770746308945530936e-02
4.303315836730002286e-01,4.282536397129366734e-01
2.737130748986478790e-01,2.900041033157492176e-01
2.679865631144846480e-02,3.619994790211875785e-02
1.980949971152981548e-01,1.818271866246705393e-01
5.091176159783955546e-02,7.916780152671455684e-02
1.645913522264190465e-01,1.697176366625288979e-01
4.106321934479700148e-02,6.354350456032158145e-02
7.067803440830103430e-03,7.877071803400291852e-03
4.834862444075058718e-01,4.738226387464790634e-01
1.191172921965044131e-02,1.564988896891965353e-02
7.210380219312661739e-04,5.908855236201393047e-05
1.858511693048485111e-02,2.665330298401734702e-02
3.231254331350339598e-02,2.899222995291370758e-02
1.060509776218672719e-06,3.419878090427312369e-05
2.650459960313271690e-01,2.492663536097121102e-01
8.697414133840214445e-02,9.620171559055154531e-02
5.451305984659703396e-01,5.565390452101676155e-01
1.166532753167517141e-03,2.477802958702666168e-03
6.419570876282600924e-01,5.833011685364909438e-01
1.320225472420695489e-01,1.232556579630707250e-01
7.942330503818448295e-02,8.749938701336663904e-02
7.814824669918354894e-02,6.783933190257043777e-02
7.338296054639530108e-03,2.503157376667257492e-03
1.080095612049594839e-01,9.703290479124790369e-02
3.147921338413628423e-02,2.572230105794030136e-02
1.091963974495865908e-02,3.585749301458316263e-03
4.126656212573490135e-01,4.168065716285514477e-01
6.606989049924462528e-04,6.422729100291907226e-04
1.198889682344832230e-01,1.429218902199134722e-01
8.154295338365127876e-02,9.904039264982275603e-02
4.508409730384057429e-02,3.363269215671348816e-02
4.379021578659603176e-03,6.513461689878884825e-03
3.234364918154941648e-02,2.323049531612731214e-02
7.091966933680840524e-02,7.613396092429068618e-02
1.244356292703815842e-01,1.186796342225111406e-01
1.034407395872274406e-02,7.100479101934349668e-03
1.105531911431173464e-03,7.682846483051627463e-04
2.190223555977684937e-04,1.445152916285881483e-04
3.995519269912540389e-02,4.530250952536107878e-02
2.008451779215546934e-02,2.098242576920691591e-02
1.220122226677885190e-02,8.130167273065841416e-03
1.565188715763441568e-02,1.905657241505749611e-02
1.739361723595948817e-01,1.763981211605047950e-01
1.381587966491266669e-03,2.433034414527177926e-03
6.367333679635277244e-02,5.476512751902142678e-02
2.153880226986553958e-01,2.401337570327102267e-01
7.075481144318060411e-02,6.431233875717075332e-02
2.989880948731153398e-01,2.970998387392104756e-01
2.384853756008041559e-01,2.229094460013907875e-01
2.017054677229815698e-02,2.354217456749095605e-02
6.281799157906214903e-02,5.195950726190006613e-02
3.962583485718725040e-02,4.228795348977654189e-02
6.281459388964791279e-02,6.006439854935958361e-02
2.209632161584449972e-01,2.397260069093369861e-01
3.404367848863520951e-01,3.421717544664854560e-01
8.601953351216694299e-02,8.114886006967833576e-02
7.031976952140026006e-04,2.491563995962820487e-03
1.676803698626958342e-02,3.636988000986862007e-02
1.142549365465929390e-01,1.093326370566138628e-01
9.419091586719527398e-02,8.251557607340224976e-02
3.836817321981308548e-03,8.254830314398886593e-03
6.051708901871155621e-02,6.580228269462957968e-02
1.243977247090314632e-02,8.603313861411030633e-03
3.207955109132631377e-01,2.946129839592947497e-01
1.104484079969702132e-01,1.062649792336356203e-01
7.134943468083106491e-04,6.790297174731523347e-04
1.153168045288990723e-01,1.024646392864377864e-01
2.249479736066971325e-02,2.309491861528626885e-02
1.046737140171718761e-01,1.008312638904739905e-01
1.012270165479621925e-01,8.572955748214415583e-02
1.090950456645463085e-01,1.175222717404442729e-01
6.097284607520710165e-02,6.003729746919928001e-02
8.776643121989671781e-02,9.938799849127065433e-02
1.005772822249226262e-02,6.470982641516059147e-03
2.291717313949561963e-01,2.379559017917855235e-01
3.185990358201866712e-01,3.355996556314363999e-01
4.856238148779021269e-02,4.942271815312935385e-02
9.391262026785040596e-04,4.999302901957047851e-03
2.964585232319612573e-01,3.099037487368896393e-01
1.960310543251414604e-03,1.430179443476471864e-03
9.028646826648417667e-03,1.105195281190033893e-02
4.964977941780215204e-02,3.375068830943080828e-02
4.782848835945990862e-01,5.026385406549140900e-01
1.568480240055177832e-01,1.385957387058677770e-01
2.439774222081152882e-02,3.254568412068348932e-02
4.376001804993748245e-01,4.800808203599236101e-01
2.100095959619961705e-01,2.289548068784911516e-01
1.995528003737973843e-01,1.921883336524400354e-01
1.336339252261825872e-01,1.184810562445862553e-01
3.015071368214866611e-04,1.555801027838324277e-05
4.234175489311314822e-02,4.597461386481805495e-02
1.589077964014090416e-05,1.039040302367368881e-04
6.716283349186591076e-03,7.849487270671712952e-03
1.980947997967315299e-02,3.559279613165783340e-02
1.097776167875501308e-01,9.980659729879998165e-02
8.911613054298278200e-04,2.954896460348049463e-05
5.172990855050856041e-02,5.579490070334552215e-02
2.323481620338394352e-02,1.725012666014270543e-02
2.795117482665212399e-02,2.721391445409803919e-02
5.800972862748331703e-03,6.308679188801834606e-03
2.840939732276174245e-01,3.163116342069343112e-01
4.307447168589809486e-03,6.031686308310655296e-03
7.516404950976464383e-02,7.213696962647594968e-02
1.236288889097039039e-04,6.601075070575544192e-04
1.256795862830103194e-01,1.248843816774665022e-01
1.294864963738427965e-01,1.470905145395407787e-01
2.465412866917056356e-02,2.961161033729743305e-02
2.499017064227125953e-02,2.724033658110141393e-02
5.872787749571827254e-01,6.334738585497835528e-01
1.334605705998428635e-02,2.229617199511751968e-02
3.376699041838270715e-02,2.988516813508367009e-02
1.190935608227169928e-02,1.124398541699856389e-02
1.433889887556387965e-01,1.385595114890240120e-01
5.689595883088550271e-02,5.408733564741340788e-02
2.971533684263413799e-01,3.224866293467644751e-01
4.718108031493081778e-02,4.179456374563137594e-02
1.644780989417424710e-03,1.266437521611796640e-05
8.861455474856046698e-04,9.320215506617106739e-04
2.018350899263463838e-01,2.213665565572651983e-01
7.036587288290249275e-04,2.017490045905444632e-03
1.191554402928279334e-02,1.588144953434740894e-02
1.000701871927459768e-01,9.372903863109641187e-02
3.888922259724303864e-04,5.005840098204949930e-04
1.466190264704922766e-02,1.681166027543098962e-02
1.867769952160930422e-03,2.515384947042220536e-03
2.295383762354292285e-04,7.188726930112760620e-05
2.573777335020189724e-03,3.600599990086561682e-03
6.817012163938222791e-02,6.813377394046470081e-02
6.672924347297403726e-04,1.318531563689099044e-03
4.049618726541113350e-02,3.336471096628036703e-02
5.290416286369974130e-02,5.600077264582954684e-02
1.117756030723426053e-01,1.153605294881997895e-01
2.435964836430445576e-02,2.129967472653924304e-02
1.276672645600547269e-04,2.453656043952270015e-04
4.291148839415872586e-03,1.295127619310155673e-02
5.361878656845137092e-01,5.480479141915334251e-01
1.157131997137454682e-03,1.994100407059562659e-03
1.507787411742923245e-01,1.468820442954026362e-01
1.050557250377896629e-01,7.489606651503075141e-02
3.209567661872221589e-02,2.889757535307273945e-02
1.491169629393815886e-02,1.084276177989529702e-02
1.503771926020644190e-01,1.171197162152542437e-01
1.452920139642188413e-01,1.319788511848293544e-01
2.726345752062855378e-03,7.030618998061330394e-03
5.226065371390779118e-02,5.315958159059898380e-02
4.304918432473400780e-02,6.033365133593671104e-02
2.311477408794496424e-01,2.463654730547370497e-01
1.584095553467691352e-08,2.924677160789683960e-04
4.390296546636313600e-03,1.088835460936438647e-02
1.613368594432385917e-03,1.463977515829498893e-03
2.098029341126978961e-02,1.904271186574560751e-02
5.349800095713069456e-03,1.045231324260910248e-02
8.161232310625600450e-02,1.076365584570131012e-01
8.156381030227168039e-02,8.609791226944829567e-02
2.892320162941313111e-01,3.084740418669318918e-01
8.512035761781704124e-02,8.925123989007349712e-02
1.592874572911392450e-01,1.601303440518895560e-01
4.963434526426088560e-03,2.651141269907105000e-03
4.188482166989115213e-02,4.380441438636387130e-02
4.100999073141046308e-02,4.577237874377856897e-02
7.345640871743806810e-02,6.940107979394241622e-02
4.125049636097954942e-02,4.933589434545052055e-02
2.928633120094027969e-03,1.198246779655378702e-03
1.107714368536213620e-02,7.038425481509701966e-03
3.201655863063556469e-04,1.369641816822413961e-03
6.775497089060991684e-02,8.507409329514818708e-02
5.349787196687647017e-02,6.307392988858827321e-02
1.358013602202743503e-02,1.795761648015009246e-02
1.690536235295689027e-01,1.857300949888761876e-01
1.111887359829043416e-02,9.893180151024546717e-03
1.688625923165708032e-01,1.822753473675917391e-01
2.326620040422319735e-02,2.060751338684617059e-02
1.500934383110408797e-02,1.653066918336643099e-02
9.403108552096592354e-02,1.299652502176929514e-01
2.209387671704066483e-02,2.337428179852926030e-02
2.894242244186105428e-01,2.848390529605410171e-01
1.746370603068352068e-02,1.461220087937269672e-02
6.821381780013843765e-02,6.734859602846476889e-02
1.663284876621294317e-01,1.582977113245571110e-01
2.088306652560795445e-04,3.966855134701441441e-04
6.801030387732625027e-01,7.088527132346249537e-01
4.216836349032624526e-02,3.507796447213942792e-02
2.805075093275183340e-02,2.949699085937082868e-02
3.162859925249312254e-01,2.982746809320123704e-01
2.125859914431215900e-02,1.489762107485170448e-02
1.382355173946415820e-02,1.515707066667085906e-02
4.435642064795924239e-02,4.222723074434096835e-02
1.841166069400104743e-01,1.694130611214405557e-01
6.212570994371808403e-02,5.894818973653765531e-02
3.793703695313876273e-02,3.937548488038744576e-02
1.071396844079101907e-01,1.277160281579936274e-01
1.680446270775715414e-02,9.383449111790384545e-03
3.303227146662678082e-02,3.435371405985061799e-02
1.263224147939561413e-02,1.609953906314249075e-02
2.319139369902857295e-01,2.415916505945074899e-01
2.325867374888443764e-02,1.198594368569721319e-02
2.441320143678968758e-03,1.112716499662627168e-03
9.001628410962524418e-01,8.943403351430980752e-01
9.222884426688472735e-04,6.932164084816989577e-04
8.654415611081954507e-02,8.528303546841919935e-02
1.806387902584305483e-02,2.577777922378079664e-02
2.768437819101537360e-03,1.793833334645188399e-03
3.750592125245743973e-03,4.198697246897965113e-03
8.830673545965229965e-02,6.799246418585007390e-02
9.174500610110823962e-01,1.022617443226562672e+00
1.975232799682887300e-02,1.525592542439216208e-02
5.012081368016610070e-03,5.389092731524094612e-03
1.489464797151609197e-02,8.307852249812529288e-03
2.345925920474514204e-01,2.282321282881724089e-01
2.496587839646808027e-01,2.819415385767078952e-01
3.648697755788787855e-01,3.617729145250799250e-01
7.049842655861184547e-03,2.593441738136338225e-03
9.055692204439672044e-02,9.679950829382780175e-02
1.440957460671916102e-01,1.080493761251859614e-01
2.398991899731726385e-01,2.496544375948120953e-01
1.374391381424433789e-01,1.277066900172098562e-01
1.883314565010041353e-02,2.537177383034140352e-02
8.511032960585671048e-02,7.313261405809098892e-02
2.186513404275311837e-02,3.138315878542609350e-02
9.198206352719068279e-02,9.396011235895174174e-02
2.575437706837461760e-01,2.447405365401121302e-01
6.491363704821248581e-02,5.985070077423055440e-02
2.603858046693079131e-02,2.853980987540835970e-02
7.178695130613851026e-03,4.534607610660905050e-03
8.558869150956015194e-06,3.448373592847943310e-05
1.813954754800074787e-01,1.881856621932145868e-01
2.851516060466248881e-03,2.221955226304897415e-03
9.563046548472840802e-02,1.014912588639896723e-01
5.685449226773356401e-02,6.227191027444939353e-02
1.702139338596148077e-01,1.843870546793459075e-01
9.453612551694151600e-02,8.642208954948030208e-02
9.241251883448756144e-02,9.930801732536932713e-02
1.668064701590753511e-03,5.253203904489613975e-03
4.936808522365211671e-02,4.643726038115700283e-02
2.398057710747417970e-01,2.248767147227492269e-01
1.619465460218958916e-02,2.278625257175023386e-02
1.168923972550368201e-01,1.028341058433390326e-01
6.517474179910781595e-02,4.724742350207700170e-02
2.778756162793908496e-02,2.879203113115077345e-02
1.936823111914177747e-04,3.778117978111350593e-04
2.311847144773322982e-01,2.314824323199888012e-01
1.865943087555088642e-02,1.325171696786629424e-02
3.662758941504750121e-01,3.808225199578089137e-01
1.393185510231519271e-02,1.750786827584777453e-02
3.493709177125473714e-02,3.959056531050546279e-02
5.588827129571790134e-03,1.974366672745767482e-03
3.786009661730519588e-02,3.605948368555157019e-02
3.199696756084458027e-02,3.553247383057108605e-02
2.088498889758350768e-02,2.150465996937719546e-02
1.377354762650106201e-01,1.343545677200240762e-01
1.556176913329199718e-01,1.755768662976568695e-01
3.700027950483883443e-01,3.840488878537024475e-01
1.135322425488232041e-02,1.104645077370711333e-02
1.346333721338067481e-02,1.203470178422632979e-02
2.256409004707685129e-02,3.063621523782105588e-02
6.518561125689001368e-02,7.757479926154495220e-02
4.512054208843236909e-04,1.684437676001143301e-04
2.205617209391828315e-01,2.047768524062075213e-01
1.971480693230974913e-04,1.801535612451298602e-05
1.738946655352788528e-01,1.790343994771018410e-01
1.583486465180668906e-02,2.957068553959439627e-02
4.635153769096379134e-02,4.381645627335749998e-02
2.829446960481581397e-01,2.678866129316717637e-01
7.922446630869644374e-03,9.790563200600961580e-03
4.088803473831372631e-02,4.715375106736278271e-02
5.553299213779544496e-02,4.770508074405270527e-02
6.328293505669861478e-04,2.970660535091357909e-03
5.240371824117456140e-02,6.658369278280314163e-02
4.074562653237828735e-02,4.135966931463167656e-02
2.249070795894897879e-03,6.756960725379479145e-04
3.251419684334379712e-03,2.836295108807897550e-03
1.820609999681182395e-02,2.635384565371408014e-02
6.386689534274180013e-02,5.088376177461946537e-02
3.983693242316193039e-01,4.378852010795613592e-01
1.334877815077220864e-01,1.319502668998776274e-01
6.124685672571281159e-03,1.431572504057300119e-02
3.469684002150432711e-01,3.425033181893880063e-01
1.306838925208617941e-01,1.461724504669064117e-01
5.131013836352704000e-02,4.857011409102942462e-02
3.007202965244943349e-01,3.294970095395142740e-01
7.195152897934924130e-03,9.373858718717320571e-03
7.130760940861810560e-02,6.857371038616166814e-02
7.006834890627559875e-02,8.087884821842332428e-02
9.464932024099460828e-03,8.095181703693230327e-03
3.045338061803335578e-02,3.851965715537900015e-02
1.353902826329967113e-01,1.120117420005138503e-01
3.921989368633058692e-01,3.938894326915751143e-01
1.713508873434671249e-03,2.115395982349523886e-04
1.928550071727159337e-02,1.289558799774212332e-02
1.076624445997666213e-02,9.023684260609525845e-03
3.956649428295745674e-02,4.598475318350297991e-02
2.077817690558618133e-02,1.898511035810308140e-02
4.204755294535985066e-01,3.960961169115936875e-01
2.022375031126497080e-01,2.099606166303489563e-01
8.235902389945745639e-03,3.998191388717832993e-03
1.473780379320319134e-03,4.618591374118280642e-03
6.141425747118676309e-02,5.122588922234166953e-02
1.072661604967382942e+00,1.133040413001211499e+00
4.426994764010082350e-02,5.103988524272021210e-02
5.429115834701133769e-05,2.923667703882742232e-05
2.030200519551424165e-01,1.770768948520580754e-01
3.452338188300498878e-01,3.604443045425280712e-01
1.591344396755423399e-03,6.736053906035106842e-03
8.155226719450957285e-02,7.700430368899695288e-02
1.998892379543817542e-04,8.990101213449373265e-05
1.504545745113723687e-01,1.453659697175047616e-01
4.533967734489070985e-03,8.130827177162057787e-03
1.110640549391576082e-01,1.094405025470454179e-01
3.273650003607243564e-01,3.149246215748227606e-01
9.956078712716045498e-01,9.781230011883371711e-01
6.707154348447252890e-01,7.390922912367902109e-01
1.228696807766010007e-01,1.276922756202495124e-01
4.096716214905215397e-02,2.698186050066060312e-02
1.154532443255747338e-02,7.471156723067396387e-03
1.965181597484868051e-02,1.911503448039659700e-02
1.320954584715370861e-01,1.247042065990727894e-01
6.800781644823238048e-02,9.469476850382498034e-02
4.746633672264851528e-03,4.535549088943944922e-03
1.820484446197326084e-03,2.907166560835572951e-03
1.780106970575999481e-02,1.434162699467996654e-02
1.342771168099453523e-02,2.038294726351687000e-02
1.161364245160557696e-01,1.135399260343626093e-01
1.275321737609951822e-01,1.355502326884317210e-01
3.233949253837226784e-02,3.509713574525763491e-02
2.972778156737134747e-01,3.163852128882679304e-01
3.853567027068122066e-03,3.596648875246162905e-03
5.846898983802591848e-02,8.823672881573536853e-02
9.122645468158784021e-02,8.676282301936763530e-02
1.854171841041236946e-01,2.011402471416350868e-01
1.459218080567978651e-02,6.150175851090475786e-03
5.524570896755641725e-01,5.346107782251369178e-01
2.425422204856056418e-02,1.854895248556691356e-02
2.058677823110103555e-01,1.933362685044963947e-01
6.284233682660720667e-03,4.898745903784257859e-03
2.696887128762030794e-03,7.285526139210020749e-03
5.433674994456810792e-01,5.480055446106739669e-01
3.236302615358456827e-03,3.938699402321346743e-03
2.527869632378679232e-01,2.406281884345542466e-01
5.291361597077448575e-02,4.638991825581451067e-02
6.686850052696127755e-02,7.093016769775734032e-02
2.412106195743518415e-03,1.151161319453617229e-02
1.208912927902717760e-01,1.132171261961466419e-01
2.791675378606328084e-01,2.520251767253160469e-01
3.136131344293602990e-02,4.327185872386563742e-02
6.633088734773632872e-04,2.351863756100279219e-03
1.028147057546038717e-01,1.004233191384431151e-01
1.628847416492049949e-01,1.676331953433478072e-01
9.474316386738946411e-03,1.640297305025027047e-02
2.321526759967419695e-01,2.510615618518983183e-01
4.144262504611680858e-02,3.958662854850584362e-02
9.265641371998795117e-02,8.413292477943518088e-02
1.264621335262673370e-03,2.750019476919798173e-03
5.457970122078934644e-02,5.236473087252337122e-02
1.200062605419042333e-01,1.233936807439175165e-01
1.069524653398171675e-02,6.960918841842790757e-03
2.060675085261596262e-01,2.044786373926948397e-01
2.552008520945314024e-02,3.416669090924377705e-02
2.938711415977087946e-03,6.091822933202061842e-03
6.036153376428295483e-03,1.044921606004662988e-03
2.962293779405774513e-02,3.266721143278519812e-02
8.215986829497395894e-03,6.733019733559163743e-03
4.625190289932248344e-01,4.051715329137148824e-01
6.382527021947537182e-01,6.362623321158027423e-01
6.407509674814768075e-02,6.666214299976672142e-02
1.157497074696672845e-01,8.958585155442548575e-02
9.788514201621016653e-02,1.001879557458862091e-01
8.231597266104430377e-02,6.615426525002901514e-02
2.200262473168893285e-01,2.467600685253658888e-01
2.972623319659858376e-01,2.939814205193156949e-01
1.875545518695077019e-01,1.585579002223778677e-01
3.177082628878234553e-03,6.548976820572440481e-03
1.879514741881493922e-02,1.447442910570949717e-02
4.820006797876624088e-02,5.164321836533477400e-02
1.213819067042269384e-01,1.174335390641406268e-01
3.012115507255063926e-02,1.469507301787677765e-02
1.791979751448965694e-02,1.879780758235089985e-02
2.080406283799672296e-01,1.825568850731319193e-01
2.362969665746142769e-02,2.942451704434814394e-02
3.627635412736670562e-01,3.586613999553379672e-01
5.775983884408342206e-01,5.456771304096180719e-01
1.213352827057652839e-03,5.337685087180149817e-04
3.759839773662103520e-04,6.882856615395016326e-04
4.909655186208133210e-02,5.913426739304138147e-02
2.473788725238801334e-01,2.408858479080775716e-01
3.048070795739606931e-01,2.861688966676766976e-01
1.520551554659198756e-04,7.414488931312970087e-07
1.215653245703332726e-02,7.798949080921981254e-03
1.043003333440897240e-01,7.040630079834950261e-02
1.028154856991731370e+00,1.137437567372195479e+00
8.384854357296019772e-03,5.737208724392081627e-03
8.124482987288635105e-03,7.946522512012081305e-03
1.125102119592882519e-02,6.363974210524517630e-03
3.861136631809013024e-04,4.237729080337213961e-04
3.595590808295404117e-01,3.297217548910162388e-01
1.130229442829610575e-01,1.094952458412857405e-01
1.525140815410144235e-01,1.946529316761902439e-01
2.915044822244897138e-01,3.105296394986623021e-01
1.178403884515916572e-01,1.093519038596507675e-01
2.167613667621222026e-02,1.698246341086636149e-02
5.401812759421017324e-02,7.135225651671564528e-02
4.282511501512470398e-02,4.692067922668465701e-02
2.317511900632214603e-03,6.170284410851615588e-03
1.902164342069223302e-01,1.747803296852356303e-01
1.089636361236528128e-01,1.223957420876456842e-01
1.579062005073554207e-03,6.987756681350452319e-04
5.292185330930281317e-01,5.665146237957574549e-01
2.430526045000806767e-02,2.111469950787527028e-02
3.906168059034829249e-02,4.869492353665223067e-02
9.989306645184097000e-03,1.184849112054377727e-02
6.690201185631586278e-02,8.141604863200554987e-02
6.046216171738674587e-03,8.554089329772076797e-03
3.266107858330218050e-02,2.286416470401856846e-02
1.959933478366355716e-03,1.102285536170592240e-03
2.225370348712938928e-01,2.529530809939541935e-01
2.916585036311200030e-01,3.003109078821378231e-01
1.427396878825830107e-01,1.494018293086348814e-01
1.047507528799392768e-01,9.289764823330413923e-02
3.788956163992574649e-02,3.700901818447945718e-02
1.356356681975356970e-01,1.538797049040020737e-01
1.753083336716845168e-04,2.591053092774773386e-03
1.159659561211413663e-02,1.675869587460147164e-02
1.182363971727359506e-02,8.888064280271243053e-03
3.766027879522410114e-03,7.130399584300961720e-03
8.507732678993386310e-02,7.311674095088625813e-02
2.495674703792203492e-02,3.479423743742482422e-02
4.044552095437587563e-02,3.988024877360131504e-02
1.594475133514348811e-04,2.634844351743162601e-04
7.391562888870330250e-02,8.518468747661338270e-02
2.641992212481514713e-03,2.282666434156611901e-04
7.313911851133766406e-01,7.612704372698958499e-01
1.891007386705315096e-02,1.845306321927671356e-02
4.914347279702366983e-02,3.911908329908108523e-02
2.968987709714382972e-01,2.596896133015865193e-01
1.988491662599172760e-01,2.149341010941027974e-01
2.421418550516001977e-03,1.895003238668534293e-03
2.036028527493043486e-02,2.960227766859822168e-02
3.919745563946925443e-02,3.440914247821354882e-02
2.085783569734367664e-04,1.535791850695304890e-03
1.565253599818154095e-01,1.533841633223211043e-01
2.349803266026072313e-01,2.403425241588114103e-01
3.254654866249623996e-02,3.047132084383437703e-02
4.500691498151300485e-02,5.447295411010724675e-02
7.895662183730927514e-03,9.708069985278318728e-03
3.886181357126185232e-02,4.484959714577423096e-02
5.497697988784275118e-03,4.044002649315762282e-03
1.345662767442182861e-05,4.911455557617081652e-07
2.203822599295565676e-01,2.012809295442687385e-01
2.259641056331213316e-01,2.213526214006479864e-01
1.834538499822454052e-02,3.028102290452542797e-02
3.087691354538878441e-01,3.392020520087447588e-01
1.555967878465287779e-01,1.306619872743792210e-01
2.294978759787633105e-02,2.057325128618940971e-02
2.200127251190272387e-02,2.511386494617509971e-02
2.573614406744382729e-02,2.219304588159622810e-02
2.110238306059534705e-02,2.194691306350068233e-02
1.297478791802039559e-02,4.937821005340973547e-03
8.594065436545368934e-05,2.564937631056652453e-04
1.521923033793326219e-01,1.440130032260519000e-01
2.971710547224440627e-05,1.146090160705165320e-03
3.446602960691238365e-02,3.650585820950953686e-02
1.056120683328947395e-02,1.103864894408790841e-02
3.411864808401546961e-02,3.899001193431096690e-02
3.589164520656206673e-03,7.132995171716329137e-03
2.392067738007485900e-01,2.602133083480402398e-01
3.362250952488827355e-02,2.981732798175434559e-02
8.319734055563574038e-02,8.244268852325355168e-02
2.769440307453865380e-01,2.932033077086703132e-01
5.985664330358043683e-01,5.454974645295962432e-01
1.855462501930291511e-02,2.611155451879799277e-02
6.114102353765756698e-02,6.366283472056853687e-02
1.141138841377775659e-01,1.170771951603755828e-01
3.676414744978520957e-03,1.083446157872826332e-02
1.873733487865062624e-03,1.100486286909432973e-03
5.514751159237244460e-01,5.739715767675933611e-01
8.353359869501938983e-02,8.027627364496318918e-02
4.334577481606064321e-04,2.070060631371162686e-03
2.638686072524725756e-01,2.627952551238240120e-01
9.250688616636976169e-02,7.359511763992795941e-02
1.563632459429782351e-01,1.734464424386981951e-01
2.481891874346087504e-02,2.231032932394046153e-02
5.080820756173187736e-01,5.366153023409347966e-01
1.519095595290538385e-02,1.397691168528122051e-02
7.433131509743041987e-02,8.641340962873045317e-02
3.185357346447351135e-02,3.526931525073576101e-02
5.457642103762610358e-02,4.656364806003071566e-02
1.112747741483985711e-02,1.007462986596997963e-02
1.572333377035634860e-01,1.626087121207121511e-01
4.087147415822552782e-02,3.057319906685112415e-02
6.188961899297740210e-02,5.254435378713852300e-02
2.044138249840874444e-01,2.097726116820050057e-01
8.514849230968121740e-02,6.572128020210282751e-02
3.156177325505879807e-08,1.815931964361173665e-04
5.613016492966840104e-02,6.150233497291014706e-02
2.227488409663475749e-02,2.798795745537772592e-02
1.294950782865448995e-05,2.964684069734971252e-03
9.993395145984891679e-05,2.076275140369660379e-05
6.161177723814478813e-02,4.972983604322035733e-02
1.550397902621399593e-01,1.520576077246589830e-01
5.366876172887048713e-02,4.634504945218061861e-02
9.131002808199858642e-03,5.668945875648628147e-03
7.251418351408561898e-03,1.062914966725032537e-02
1.833041325887907746e-01,1.633053690387194501e-01
1.189516544918104053e-02,2.473371228633612293e-02
3.561290782860503101e-02,4.201944366519352880e-02
7.647395964276906821e-02,6.874852242748738518e-02
1.392222422396269775e-02,1.427968220515357829e-02
1.775505619461168957e-02,2.319271593920638197e-02
4.954465570133539655e-05,6.084199023895944889e-04
1.183528878551043384e-01,1.188197916767461115e-01
1.972307654358989859e-01,2.170219115209435501e-01
2.421328407377469627e-01,2.444847305223476208e-01
2.770366218833974492e-01,2.475783449060565689e-01
2.732482369591030316e-02,1.529562813209466368e-02
5.979136939220875899e-04,1.984753542705162835e-04
6.305626621647184016e-02,4.870546689563878817e-02
1.166440150781728191e-01,1.401313737814094129e-01
1.747024942643618170e-02,1.100680550275720017e-02
1.483069703537965855e-01,1.686508938400347046e-01
1.225746259819778840e-02,1.093439243997188989e-02
1.137138571759094274e-03,2.296611586120052284e-03
5.147762633888405479e-03,7.023479830147789926e-03
2.105596191906753453e-03,1.886623973961632731e-03
3.939865726230635384e-02,3.807672384486576050e-02
9.069510416130924235e-02,1.003405802196406654e-01
6.786524035856739134e-02,7.392928540139026561e-02
2.145338179560427744e-02,3.124652310791431811e-02
3.504646968981738747e-02,2.472381891549462266e-02
5.101048804096225409e-02,4.350792548318209441e-02
3.050342301859600841e-03,8.647517794957404989e-04
9.538032047878048855e-03,9.168922178433559084e-03
4.356574139176728339e-02,5.163833784911463914e-02
1.725297749194724672e-01,1.854089498007921444e-01
1.442584123088870053e-02,2.195833358027871399e-02
3.404490991854761117e-03,3.144522276284668176e-03
2.878366346835450548e-02,3.862920802108171792e-02
8.625745749920811500e-02,1.085379348398382571e-01
1.111290132731059255e-01,7.704833830911787806e-02
8.327318953888003528e-02,8.247197556730105628e-02
6.702440835413932090e-03,6.919796903852646133e-03
9.208063568341638347e-03,6.942503391316758553e-03
7.542205175439499476e-02,6.736656891392785174e-02
4.337631850356509053e-04,1.501189595179437252e-05
3.793003894734049740e-04,1.883344271066943101e-03
1.257953342766019930e-02,2.279241569917165450e-02
4.538875308254711888e-02,5.698495949722386100e-02
1.799008493108809892e-02,2.593971775243414032e-02
3.496248603580746558e-03,3.584461376536034281e-03
1.646757906955911288e-01,1.551608683624937091e-01
9.137294089102640515e-02,8.070051509702541592e-02
3.724501855288390095e-04,8.839088350328975184e-04
2.247888392983335704e-01,2.365117246230876991e-01
6.203907878563904611e-03,9.906009572996643531e-03
3.778794994021004716e-01,4.055135550805818445e-01
3.494307993869262552e-02,2.875447137346975879e-02
1.406124712832954038e-02,1.927376886943382717e-02
2.796984439832617131e-03,1.549502546561967904e-03
5.248429076074303742e-03,1.142169118737965290e-02
3.293463200498111809e-02,2.884607498829694361e-02
6.490540796724165312e-03,3.038019028477879652e-03
4.700732050791291312e-04,6.187771999897035509e-04
5.276491474907071821e-02,3.281963113502456980e-02
9.963248963615297434e-04,1.627640484930892176e-03
5.690081537775095767e-03,3.652588880164227541e-03
2.422060873309667389e-03,4.023708182379569752e-03
1.530579279296606365e-01,1.544578919544699336e-01
4.294178781484433993e-02,4.481694005271184139e-02
2.304469463188698469e-02,2.041969702967248376e-02
2.270073481385806793e-02,2.271302451609949827e-02
7.665843081634819006e-03,9.391243165946460206e-03
2.894260585873848629e-02,2.126798662438471668e-02
4.164645097680225172e-02,3.252189122030450796e-02
1.068769160798848511e-01,9.596167264412708287e-02
1.389212250841955626e-02,5.993148385983079057e-03
1.148682562176915611e-02,9.970235633347989540e-03
4.815524000340622168e-02,5.201690844182706858e-02
4.498980816654921111e-02,3.328215103573040068e-02
3.405643618078823664e-03,1.063360622837631686e-03
8.658493508724107940e-04,1.309841423332961741e-03
3.232287094527151738e-02,4.833634723209311729e-02
2.405843678956606502e-01,2.498859343676505529e-01
1.579613426855788240e-03,9.170357884250873335e-04
1.034974892210239472e-01,1.254575888503160763e-01
1.021830148705096808e-02,2.002322958791048768e-02
8.095740793959500445e-05,3.622433871203989148e-03
1.804492991613248498e-01,1.821028747374221490e-01
1.961727129427639493e-01,1.793716407731835438e-01
4.917828997605674934e-02,5.044442190792245567e-02
5.773573855959154288e-01,5.559168053050109748e-01
1.158928611083649175e-02,1.401954550099048999e-02
1.819083713716047046e-01,1.890877503332909215e-01
1.312931323577063158e-01,1.445758477383379537e-01
2.452114790079804388e-02,2.982911132415130492e-02
4.272746191379198782e-02,5.311833492716469540e-02
4.677703979734127229e-03,2.993184150389425601e-03
4.807566746755667598e-04,5.636317502071479073e-04
6.936668397379434914e-02,8.508601880406949092e-02
7.450790500781309667e-02,7.316210319541442686e-02
8.234249506087934489e-03,8.710798463662757993e-03
1.181066005474394748e-01,1.283439023674086965e-01
7.032551573332116758e-03,5.810552908315163613e-03
6.765251847721660827e-02,6.503549890912391218e-02
6.733605587274198168e-02,4.699790776796853448e-02
2.099368546485103158e-03,7.492896663957434797e-03
3.687137244650614924e-03,1.175844916903340010e-05
8.826543075003258354e-02,1.004372376032589831e-01
6.854112573008675977e-04,2.853219541732856320e-04
2.127946681880022728e-01,2.184530026497990274e-01
3.189890668306517019e-01,3.251744710488175261e-01
9.667567751440915569e-02,8.830276568040761054e-02
3.726737647813613274e-02,5.691384675959588330e-02
1.883461170480733582e-01,2.079362679430425409e-01
1.427179726490087897e-01,1.260676232401365116e-01
3.040451246832423862e-02,2.758571942944683733e-02
2.992307635842791913e-02,2.561168259140180620e-02
1.775227769449533866e-01,1.879844860177555532e-01
2.327612703071570114e-05,8.830341896355130109e-04
3.554122783184674450e-01,4.035670191228135639e-01
3.207529709405356215e-05,1.462005934943918454e-03
6.548849845542600596e-04,1.867519888590290968e-03
1.133596269646858085e-01,1.236250830705202391e-01
9.019340153690339954e-05,8.479188530447664116e-05
2.187045829200487748e-02,2.011643621245749053e-02
1.786079788827674153e-01,2.192866431132181604e-01
6.288543327650101883e-04,9.680294981341968936e-04
2.557665665707967509e-02,3.559340905996707244e-02
9.823759137519316731e-03,7.936426369057865762e-03
1.999635233420343494e-01,2.370593734505420103e-01
3.485626460684807665e-02,4.150743739250720848e-02
4.155958047851624967e-03,1.369047678796480151e-03
1.298081860680402704e-02,7.041653802064211203e-03
7.983472081780630669e-02,9.765700139893938869e-02
2.094482841684675578e-01,1.980509558302490647e-01
2.719304646743738729e-01,2.704306040049075377e-01
8.526299126366303216e-02,7.197947844870611345e-02
1.690408461817621277e-01,1.677565666091530017e-01
3.667820671603546634e-01,3.851588058771134304e-01
1.767425906045741457e-01,1.983219255102728062e-01
3.996369926587491246e-03,5.164117995203013501e-04
1.782898272254465899e-01,1.797881886313818511e-01
1.665008011584617198e-01,1.558839360603704038e-01
5.792257648941136206e-02,5.502876285798089656e-02
1.188204809755042963e-03,3.915904055696733141e-04
2.011008848491086798e-01,1.979727651604219207e-01
1.218518953347719723e-02,9.261554461419374898e-03
3.658068579938955622e-02,4.371285820915733755e-02
3.936922154515363342e-02,3.994821374229040600e-02
5.108331692714874750e-01,5.137532960552497752e-01
4.325936084026246742e-03,1.195214199464327215e-03
1.684717622705122209e-01,2.031768629456524589e-01
6.968466076832592788e-04,5.484503797628685270e-04
2.128523262263253280e-01,2.279609083092880850e-01
1.068737704904718783e-01,1.095923517709892353e-01
1.577340643308536988e-02,1.460494810422645513e-02
6.226618109085221495e-03,4.043017521988377314e-03
4.324761209960858305e-02,5.807087946657971123e-02
3.339123929649676515e-03,4.582652865820447015e-03
1.107386263601486693e-03,1.573453899719101353e-03
1.348913948394608528e-02,2.034942220249333703e-02
1.412416698529288337e-03,5.476929055232769268e-04
2.057315859090723398e-02,2.178579868135523817e-02
5.326027344915643114e-02,5.872772653540523496e-02
9.952348028583852049e-03,1.935604042199179364e-02
2.297996455208828684e-02,2.929479994814832358e-02
4.401144506115915039e-02,4.745799233474530532e-02
7.650958720412214253e-01,8.354773317028160173e-01
7.184882982274360883e-03,1.678081656217092141e-02
1.542737766329089211e-01,1.366345440145667056e-01
5.461913830529026986e-02,6.135591071000909974e-02
2.042565059686951275e-04,3.061328103361566039e-04
6.296939203214145520e-02,6.243091157998199858e-02
2.062865349159105355e-01,2.439340847923654465e-01
2.954280369594301514e-01,3.197922830999931909e-01
9.396979482995906907e-02,8.298323850233056687e-02
2.637622076782993041e-02,1.974283143008534469e-02
1.136594574085240672e-01,1.144549132836488042e-01
3.891496150507859145e-03,6.984684179797509898e-03
1.586381896694585500e-02,2.376523524887227956e-02
8.683145334022666917e-03,1.135961625292842767e-02
4.644450132585247193e-01,5.400273980520963191e-01
3.854017847603487951e-02,3.677317242519943796e-02
3.799785710182062974e-04,5.447885438527560586e-04
1.096137199315615346e-01,9.840048745507275207e-02
1.052971142788091258e-01,1.187967231317306749e-01
4.666354105697779198e-01,4.475717882441813678e-01
4.193189798668864210e-06,3.995130433163694207e-04
4.148336337526607742e-02,3.974162365380506240e-02
2.577715295959040216e-03,3.725820242254266907e-03
9.087950679470357604e-03,5.185016956418149296e-03
5.967213945116633944e-02,4.861763549305878757e-02
2.075769408700276278e-02,1.711170766155739251e-02
2.114759696110736151e-02,1.396047139558040384e-02
1.333820627581384644e-01,1.235785135485843039e-01
3.431479846698934910e-01,3.481044122300352428e-01
5.704522815510224693e-02,5.263618904933892867e-02
6.762086419262978987e-02,6.953305000508715195e-02
3.241578752674438026e-04,4.650873560808161366e-06
3.900599142341441561e-01,4.288327676451939574e-01
1.755438464270023095e-04,4.558731306230973633e-03
1.002765130428102114e-01,1.183180810029002689e-01
2.443644981207051398e-02,2.452452205747016056e-02
1.207208896889902603e-03,3.433525318254569930e-04
1.957272672432905022e-02,2.398037907922948714e-02
5.214292028963555441e-04,2.219282188935971407e-03
5.965910587771320814e-04,1.457507575873060422e-03
2.198954750301282055e-02,1.673285166933454263e-02
1.122344103401150001e-03,3.659849642354054129e-04
3.026580826095107753e-03,1.668165975749096204e-03
4.111918074387120314e-01,4.008836142982898920e-01
1.854582236824079411e-01,1.820134840591235426e-01
1.274214464189132034e-01,1.107233654277241380e-01
3.623707950520163590e-02,2.668783643375444853e-02
5.861127931243318573e-02,6.402325198617843383e-02
1.812744544466519392e-01,2.101542995098310274e-01
1.450340167857699925e-02,1.294172411418714752e-02
5.901049406019014641e-03,1.076111203443810144e-02
8.717389301806964530e-02,8.007924887565032179e-02
2.650903633738703191e-01,2.743245792513309134e-01
1.902473062802077508e-01,1.893212487496789831e-01
3.161004825034918449e-04,2.465871960003373792e-03
2.468796985712788106e-01,2.463717908668330847e-01
2.135339791443417456e-01,2.034750438843150322e-01
5.150174832415154802e-04,1.386519237530951733e-04
2.504584807107263500e-01,1.994222295416568369e-01
3.129482431432204642e-02,3.938357926478418258e-02
1.150587626825797516e-01,9.351063778090488998e-02
2.697170692653070856e-01,2.760486504919584250e-01
4.767569686449221397e-03,2.192020734662693780e-03
1.426843608013070568e-03,6.304647286542874526e-03
2.306955999896372154e-03,1.289905413545720499e-03
2.686581449815890216e-03,2.085285317440885734e-03
3.667613051873723773e-01,3.814382319172920366e-01
9.709758734959045637e-03,9.975340320958007642e-03
9.857575152108475919e-04,8.526758413756394114e-04
6.130050032638127006e-02,6.178964751373270531e-02
2.369045116577036397e-03,2.477654788774405308e-03
2.785675201964505493e-05,8.069178148223091120e-04
2.151461240530857730e-05,1.005732646411503818e-03
3.936264238272863536e-01,3.915243678431436503e-01
4.642816776410912394e-01,4.346821764552589173e-01
3.760231761387513583e-01,3.483167298708212956e-01
3.087780252145080027e-04,3.201194408138514609e-04
2.323054371761754111e-02,2.178357766296961859e-02
1.215867346079247541e-01,1.060996711481758947e-01
1.050157259930918499e-03,1.360203224905822631e-03
3.725174191113708776e-04,3.422518964044331713e-04
1.476121350839398050e-01,1.667117687946088334e-01
3.205615068345883389e-01,3.177290304630053241e-01
4.751247064877910931e-01,4.966963980752346353e-01
1.018789667379649613e-02,1.132756136391011373e-02
6.480058494575446047e-03,2.063251366773372411e-03
1.122054490417086214e-03,2.355228622692745900e-03
4.782569537688703860e-03,4.756043396928722258e-03
4.918801740012334611e-01,5.148470529488183844e-01
8.266180070718531780e-02,8.173287943467064109e-02
2.093757652951172554e-01,1.785267798906730596e-01
6.094260008454497474e-02,6.766182366923256808e-02
1.766056091900377878e-01,1.833619670094330800e-01
6.695120779325254221e-03,3.971976887443466261e-03
1.156805586109499601e-01,1.063584744206506200e-01
1.009752022313931547e-01,9.858397386895174919e-02
1.373165229887263281e-03,1.976157592984434646e-03
4.089168248226411444e-03,5.668013946172158809e-04
1.113159336812300920e-01,1.109461741913161936e-01
1.175839423351192348e-01,1.089395336370259093e-01
7.448133432085636552e-02,6.595631122700520987e-02
8.116634490536138793e-03,1.511294462458609954e-02
8.023978148200257288e-02,8.276063369994379748e-02
1.500428478374760046e-04,1.428791097264669628e-03
1.615113791373065377e-01,1.321224870123860196e-01
5.925050216224831724e-03,8.452672916932671768e-03
3.183916079891390694e-01,3.131764705926917136e-01
1.026441043185496171e-01,1.027502892594904932e-01
1.749104121509928722e-01,1.545263165163751895e-01
1.498338955811223117e-01,1.514782164638953377e-01
3.260923965855276607e-03,3.148924164506883370e-03
9.054441683630631149e-03,1.002537132412737418e-02
1.618490636602603894e-01,1.759400942281045821e-01
1.098049050841977389e-06,1.918544097241336660e-05
5.411688410711204197e-03,4.289265890558174518e-03
2.091889992325757924e-02,1.798332625946846841e-02
7.549422344413496411e-02,7.942529753940699710e-02
1.665374513237363914e-03,2.572301562830736372e-03
5.734776858802927840e-02,5.854624331093044587e-02
2.527772328781255351e-01,2.471014407138384938e-01
1.360720009480047010e-01,1.150048664790678798e-01
2.149370389500329659e-02,2.165362722839607804e-02
2.355189754431719629e-01,2.630458393713487886e-01
5.557534132717848602e-02,5.646565815449999803e-02
1.374093283605375138e-01,1.387789021309611959e-01
8.751398834843071269e-05,2.991574412306918307e-04
1.135499164920255877e-01,1.140673282437182218e-01
8.344716480675853920e-02,7.517157275936797722e-02
1.175154079490618175e-01,1.185976238866289084e-01
5.412480210975742501e-02,6.199542721188111560e-02
4.311067491566530907e-02,3.990555534400920534e-02
3.030067780225628379e-02,2.920772057462688379e-02
4.097778169934565562e-02,4.595283072741227631e-02
1.811196814112269945e-02,1.265303813216366903e-02
6.838676583687944843e-01,7.040519031289284024e-01
1.898868928916641954e-02,1.386329345068345285e-02
2.170674212855527082e-03,1.450299016852233096e-03
7.497656240577464659e-02,9.028055340727847433e-02
2.562194208258742889e-01,2.548589595482227410e-01
2.458597650018112812e-02,1.674251627347269483e-02
6.793659203282033203e-03,2.220711175901632448e-03
4.871849993570042531e-02,4.728838034379614919e-02
2.309843263546770831e-01,2.683875481960607545e-01
9.081868292317575586e-02,7.229478509145462195e-02
1.686576415297825482e-01,1.591159743619071087e-01
2.100969311219806970e-02,2.763459476543301402e-02
1.807853232788196943e-02,2.038343979953376184e-02
6.226399959945604426e-03,9.682693753517811544e-03
2.109198198204534080e-01,1.866840828763596805e-01
6.441949720930995049e-02,7.725775219656833004e-02
2.569002694015642407e-01,2.748132880489855268e-01
2.200966844460673921e-01,2.167305511646413219e-01
1.597447064297319308e-01,1.734454955067749327e-01
9.011209341768461681e-04,1.142517784869671925e-04
4.265630531665103725e-03,1.403871403667726744e-03
4.683667648669538608e-02,5.474490497411794304e-02
1.760477268951465557e-01,1.803992614893212554e-01
2.488118299776216624e-02,2.917483222181145933e-02
1.395151666694252396e-03,7.774457788742031783e-04
3.098336041975333077e-01,3.189468110037417259e-01
4.252077090766558098e-02,4.844504114020904695e-02
3.302570385645378637e-01,3.960235490863600605e-01
1.187030140022265340e-01,9.859524772892447331e-02
2.407679234289449299e-01,2.169467267985208392e-01
2.179203381629726474e-02,2.511509655781119302e-02
1.491422698779061029e-01,1.361771594115272488e-01
4.052175445503735512e-02,3.249796559073290375e-02
1.511230943918061677e-03,5.939969897025832975e-04
2.258809038668065788e-03,3.666551669976633569e-05
3.922610857690891906e-02,4.109079091420669849e-02
1.636079895153753558e-02,2.728959805315819137e-02
1.527635073050462311e-02,1.237321273922569083e-02
5.776188429812747355e-02,5.360783567582919074e-02
2.968691705504916331e-02,3.298080951735508914e-02
1.408957199629459842e-03,1.267209401860411419e-04
8.521176627197424303e-03,9.582878132335834534e-03
9.323113189416259994e-02,9.760220158087849762e-02
4.831702970237977852e-03,1.413842705536442210e-03
8.426164656496653790e-03,1.090653484887355029e-02
3.339042315337794470e-03,4.447853335014077987e-03
5.622693833668833841e-04,8.390853705386456043e-04
2.608615888105509512e-02,2.270522707057518602e-02
5.590203448951198669e-04,5.379195029730893772e-04
2.155909022689181387e-01,2.182882326858936461e-01
2.911177849187461183e-02,3.987302877132243434e-02
1.242914247507674458e-01,1.106170185887056095e-01
2.487866165141512913e-03,1.557545052979563902e-03
1.432630416216055802e-01,1.680003062301549388e-01
1.209999675166067469e-02,1.473308681441563503e-02
2.617460079061079692e-01,2.616181203551982137e-01
5.657191355237900510e-01,6.208996303727387644e-01
1.109831397046428247e-01,1.198996772076887096e-01
1.170405192321014205e-02,1.270234527611376757e-02
1.100843900313618930e-02,1.489249762470206198e-02
1.936745239147484240e-02,1.985122499248889380e-02
5.765897243189873483e-03,8.164300287504496975e-03
1.152939431392886044e-01,8.704015336413108150e-02
4.393945428824681809e-02,4.832160558887988594e-02
2.190776435520507427e-03,4.294286406327279572e-03
8.046909298145448527e-04,1.080971133790488765e-07
1.064074320107921273e-01,1.351481837193317936e-01
4.878850422113728547e-02,5.540800018016696360e-02
7.832578862336918302e-02,8.737943823277807831e-02
1.497305684466373465e-01,1.210807546772674215e-01
1.630673119582836186e-02,1.603539747594674714e-02
3.747133529180611822e-01,3.561295351780516816e-01
2.600414768868172105e-02,3.526928361724401828e-02
3.021892762345313051e-04,4.457622665431070223e-04
2.463171522694690592e-03,1.969761782793045656e-03
5.788077659282808013e-02,7.092729456901852858e-02
1.201118779414640514e-01,1.332002798313295933e-01
1.559020643417002028e-01,1.723386467826988067e-01
1.466599150913614202e-01,1.272480856650810843e-01
1.028097761199937323e-02,1.424481353982688311e-02
5.815617058122952709e-01,5.969781103743555528e-01
2.124438295918239586e-02,2.368784234867035016e-02
1.821460303209374021e-01,1.597793865067081431e-01
6.869523600796628715e-02,5.753469533674743924e-02
1.854395381473168403e-01,1.786848266994212620e-01
2.410357664351740203e-01,2.520309241585761417e-01
3.983601980210217490e-03,6.249862527429259247e-03
1.649728137989370513e-01,1.656665244637398338e-01
5.220911040270688648e-03,6.987076862242896057e-03
4.275626751916140056e-01,3.915140296048154611e-01
1.875822364859412381e-02,1.851955643797228296e-02
7.868660994817869292e-02,8.862538966483267389e-02
6.907339667225302626e-02,7.783656561018167941e-02
3.287574266534481343e-02,2.585617850790640493e-02
3.838854215642854562e-01,4.100726418022440090e-01
5.519174124148121426e-03,5.402572052632509045e-03
3.295101144339818849e-02,4.300042517909972994e-02
2.615569927891474040e-03,2.169445781252643188e-03
1.314421532577306484e-01,1.400612380924813605e-01
1.063081452327329333e-02,2.067508203040600845e-02
4.314436611622355505e-02,4.865208065735501797e-02
1.703310314483387836e-02,2.765612646383769357e-02
8.670044116009564816e-03,1.057738925672361933e-02
1.174528878355441674e-01,1.407242820797164895e-01
4.424783758197212147e-01,4.981466113888706193e-01
6.318771366464377010e-03,6.302285811006217396e-03
2.975813386405098959e-01,2.803460871298080193e-01
1.135876895751972149e-02,1.888168514414195406e-02
2.713468833424307336e-01,2.580982302673546780e-01
1.507453155785889358e-03,3.388301691917778961e-03
2.287026614252578860e-01,2.199998414643257461e-01
1.466799746670573723e-01,1.487321911076330272e-01
1.044006185366168210e-01,9.766086910971445711e-02
2.577913652949952172e-02,2.231445957647922723e-02
1.279226247389608426e-03,2.305592489098205917e-03
1.911360073810371152e-02,1.836294053221806596e-02
5.541097604950553229e-03,7.859263707023346132e-03
2.800984436898810992e-02,3.583037725228038067e-02
2.368687718783575313e-01,2.729033955099143260e-01
5.232952614586151852e-02,4.492838534364584913e-02
4.198225728617063258e-03,2.622912724801974762e-03
6.111510667045677581e-02,8.662001270349706239e-02
2.317428240055049299e-02,2.776927981327358824e-02
6.035998076336791807e-02,6.687844934360767657e-02
3.145160408336042639e-03,1.773696332131035735e-03
4.960105948235681711e-02,4.816652149712759290e-02
6.068756604896375501e-02,4.757747583157285326e-02
1.532897406077160241e-01,1.528299188416849808e-01
6.456731745100506847e-01,6.130637576911285302e-01
5.052333932561902524e-02,6.183540520387686978e-02
3.507016876446220066e-01,3.116647165524096263e-01
2.038714565059376871e-01,1.873084734905407500e-01
9.545132965527341248e-04,4.087557797620556914e-05
2.214664768474103596e-01,2.380811729710151370e-01
2.486511712272174504e-02,2.470718337313677557e-02
7.072837480852189884e-02,6.807369994429600391e-02
1.235264737480828642e-02,1.488778054029695451e-02
2.366164822656359745e-01,2.101287254272887206e-01
2.966241976749974252e-01,2.664681687890030348e-01
1.592769034165164854e-01,1.720182389578275017e-01
3.195977869720238122e-03,3.796625037620257256e-03
2.678501785437328309e-01,2.946460523837768908e-01
4.474394799682103463e-02,5.103619117730099491e-02
1.361731114717208528e-03,7.408963099236038187e-04
4.042088933559009334e-01,3.964409095521928550e-01
5.965092278212236199e-02,5.139690734706145459e-02
4.896097892382805968e-03,3.074941421981267509e-03
8.342003134877165604e-02,9.646754913650074093e-02
8.526491810987331735e-03,1.193145921712477492e-02
8.727926019909731849e-04,1.300907209142002129e-04
6.174682542405100089e-02,6.162107569054061512e-02
8.769968184148960177e-02,9.062918796439171920e-02
1.850819696637830776e-04,5.169299699342655647e-04
8.965283643501627264e-02,8.743308574874691930e-02
1.897866018406892813e-02,1.457254397762267929e-02
1.511283500987891174e-02,1.201246673557608211e-02
6.131591625443832017e-06,2.259183557736515679e-05
6.225825391320720555e-03,5.555662456536184998e-03
3.365756237963144631e-02,3.233580304807474881e-02
1.561036224178951881e-01,1.558309757239345894e-01
1.699410450317220128e-02,3.505658141130785915e-02
3.996483932915274873e-03,4.677018362860455025e-03
3.092220724510640409e-03,3.036907099051984645e-03
1.263094681420427008e-03,3.932640715861255307e-04
1.139891548527164830e-02,1.094114073445492420e-02
1.548350881797322387e-01,1.668232732291784204e-01
1.872079415696695781e-01,1.766465194674574912e-01
1.066909919972384643e-02,1.231824299706718931e-02
3.410363811937170975e-01,3.694666839949144466e-01
8.765551342353575248e-02,9.822425579321658606e-02
1.544154568427456311e-04,1.031297960832687797e-06
2.888096636673076131e-02,2.132941114137777705e-02
3.882786501747855553e-03,5.922769537152943866e-06
6.423220912342566397e-03,9.049135403932014390e-03
1.619872555705843542e-01,1.821133323569163742e-01
4.515367799316137576e-02,5.278805527586637875e-02
1.109210056337067429e-01,1.019092510336630369e-01
1.150967040001383696e-01,1.193391170454459888e-01
5.206448356782364395e-02,4.554616990189768594e-02
3.055394806124866417e-03,1.010369635997202063e-03
2.486404328998235436e-01,2.177832324351557103e-01
2.477264303354789754e-02,1.808881959798144465e-02
2.713550296384814597e-02,1.687735604491946359e-02
8.073754798957459566e-02,9.357487246020111671e-02
6.381050901107709894e-02,6.197947856096401587e-02
1.082154794775844475e-01,8.931968433489116677e-02
5.759202144799372303e-04,8.413837433062449148e-04
2.297776102763643587e-03,1.896708794591233076e-03
9.025838781120633370e-02,8.380761216736568042e-02
2.458896296722679975e-04,4.866523157827353169e-04
2.808284676536198371e-02,4.976325754719491262e-02
1.224416822748432415e-01,1.203495085507500784e-01
5.213189054983494858e-02,5.883050446249720594e-02
1.383427227607284373e-03,4.611496778483526425e-03
9.136451938968469244e-02,1.068533936559905445e-01
1.497612739325608709e-03,2.556074755791915357e-03
1.393441812960765358e-01,1.316120846599252436e-01
6.687165721727718337e-02,7.974001966289091803e-02
5.274882991378915427e-03,4.747332509076036475e-03
1.595055719864377775e-01,1.715376910728273474e-01
3.936307643213984679e-03,2.582863989243267943e-03
7.164498178600538052e-03,2.747655088192175674e-03
2.476339021074999702e-01,2.861614325236626621e-01
7.222195129545730397e-02,8.006950049923140800e-02
1.143268499182044026e-02,9.073852814509541717e-03
1.318599917109749761e-02,1.365370073190542641e-02
6.265194446861176505e-03,1.552081356241082587e-02
8.284902643176135506e-02,6.425654392548212079e-02
6.548108835183674703e-02,4.753022629053650638e-02
3.129984299938397274e-02,3.050516753508632911e-02
1.823586521672263538e-01,1.803150397708213337e-01
1.052373214201533617e-02,9.559103982038890529e-03
4.035265124435931383e-02,4.410591284925372002e-02
3.015214016506119823e-03,2.833250138595292192e-03
2.908218781159256985e-02,2.275607340639160953e-02
5.239286510859369334e-02,5.043909890323913792e-02
2.670520120617625275e-03,9.006287793493723826e-03
1.818944491883115258e-02,2.585025677891302290e-02
1.251142891237805137e-02,1.382703568384013870e-02
2.203564555120409441e-01,2.341036443345187734e-01
2.372785748555462579e-02,2.205032977128438404e-02
6.166269506805986955e-01,5.875356706060542722e-01
1.010593001785610040e-01,1.232782569516780447e-01
5.930150079288349502e-02,4.715859548030831155e-02
1.725464984628060361e-01,1.632764500432836996e-01
3.462798990052677606e-02,2.578673412632833187e-02
3.170734148368842265e-01,3.456789154417914678e-01
8.608861485293210769e-02,1.024673659876482179e-01
6.087073431238945037e-02,3.857018962303072201e-02
8.874796148073738067e-03,1.108809746551824710e-02
2.460665512895441310e-05,3.917702951227066663e-05
8.318724484656318113e-03,5.997759870793491210e-03
5.260732246576763776e-02,5.613993000519795079e-02
8.953819134372306915e-04,8.170463819388624918e-05
6.129994349855525521e-02,6.258871433236190551e-02
2.460400551546180481e-01,2.374070477019216419e-01
3.193174486641379983e-03,2.104477702719649394e-03
2.702409140147081675e-03,1.158185465005722890e-03
4.927897211039622416e-02,4.435142209921602574e-02
2.289452590921560726e-01,2.507006916174719380e-01
1.610972572190572383e-01,1.869866117402118333e-01
3.284843487096957282e-01,3.484534736710412917e-01
1.265910337388085434e-03,1.814769514206072780e-04
3.789773951957849107e-02,4.815178932603637191e-02
6.740218216622273495e-02,7.076177970078971480e-02
2.287880240742363180e-01,2.254591839373854822e-01
3.792340293794456696e-01,3.440298631325554024e-01
9.284853296652463258e-04,5.805489852611212150e-03
2.292215619226180626e-02,1.402131739988365065e-02
5.513231454469081673e-03,7.741494574772732687e-03
5.427721786950091885e-05,5.584405828717606123e-06
1.115705388769149264e-01,1.218988540624461742e-01
2.960056460397055278e-01,3.335643172224710962e-01
5.795844020125268115e-02,3.455336420276190063e-02
1.629597771894807437e-02,2.416606899471743578e-02
8.176683649474460192e-02,7.846644879800239447e-02
3.439924150304312506e-02,2.259207840763716169e-02
1.564432066542784106e-02,1.177377377022220499e-02
2.141363496879141251e-02,2.208821011471712864e-02
7.882760280296234948e-03,8.982187763982204740e-03
5.278703126615462426e-02,4.520192866250587888e-02
7.221324644843222541e-03,5.791066752038922551e-03
2.200879458151022705e-01,2.024236299999010447e-01
1.429394524095158742e-02,1.113864639575283880e-02
9.479452258413815710e-03,1.317753955917539896e-02
1.089604498607906757e-01,9.885557834875975669e-02
3.514000983031709616e-03,5.117718679856757096e-03
1.873099109760967620e-02,2.122839305860901860e-02
3.173483433143960749e-03,2.847955707503542402e-03
1.517465449189791260e-01,1.697298998319320129e-01
2.796873444063122799e-02,2.726253261574534265e-02
1.723750828072984076e-01,1.508560476751958646e-01
7.289342949027258212e-02,5.499991106805925123e-02
2.875111280946419413e-03,2.876064358465982816e-03
4.177547059703050000e-04,1.279859531057760520e-06
6.162056401869006050e-01,6.452340721457554551e-01
1.576141283876584046e-02,1.337737735241090534e-02
1.997045968004377559e-01,2.489507115615129385e-01
2.090216493929091413e-03,2.844585714986532171e-04
1.324300718907732121e-05,8.245275184183731190e-05
1.779706791433735558e-02,2.007232077698055742e-02
5.155459051375765878e-01,5.631974180306744682e-01
2.207344461101201916e-01,2.214110371341506678e-01
5.092728817473033548e-02,5.702916818263399634e-02
5.014660497452873289e-02,3.625179899464946176e-02
1.056715631266346572e-01,1.122765125264951064e-01
2.173031762411221923e-02,2.460615449506138586e-02
2.591535749751188496e-03,5.574405840535931814e-03
1.505002166882420458e-02,1.810612837628547758e-02
2.005265303715635106e-03,3.955620743108074176e-03
2.714741869639052396e-01,2.541678650577030019e-01
1.113876309068580206e-01,8.443405016473441715e-02
2.111013302975000953e-04,1.275906291890591942e-05
2.109374224551397725e-01,2.143699627843188293e-01
4.513919977422724272e-02,4.549242733627523183e-02
3.599181835350544895e-02,5.233887899303785868e-02
2.110272341163801565e-02,1.245437772555531980e-02
1.896883186177804048e-01,2.062573869132868498e-01
1.439812918956013231e-03,8.089371623499437341e-04
7.256235568920801904e-02,6.970417967798700487e-02
4.480695769504844383e-02,4.895700561669088374e-02
1.673622649833312812e-02,2.120447422629674963e-02
2.714713973393990303e-04,5.069560246056943193e-06
4.041131007931102193e-02,3.449890559166112619e-02
3.032938291628501856e-02,2.759425496430185226e-02
1.364147232886435968e-01,1.136091114621524678e-01
1.092603435131878596e-02,1.257326842119480328e-02
1.669839814476281326e-01,1.982615980311961124e-01
2.925907053329900309e-01,3.017012689331781683e-01
1.478366253980113254e-03,7.167603995230966904e-03
1.109467658957243204e-03,2.340013642979765947e-03
7.726410431642897168e-03,4.375754055214972280e-03
6.462529072114847617e-01,6.759512943726246892e-01
5.654281207221471036e-04,4.593327219503235786e-05
4.060677039378882136e-02,5.862391449953512773e-02
3.482963251057729498e-02,5.166392847226650847e-02
1.730896178430687757e-02,1.728914848880092753e-02
1.041918176326153966e-01,8.917677785518642042e-02
3.876173539502706378e-01,4.526255190350740309e-01
2.228635583235227986e-03,1.577262208763757648e-03
2.916176426983272448e-03,1.110455481286708700e-02
1.758025428637235155e-01,1.980524418128173647e-01
1.962677984856101288e-01,1.951529218038127456e-01
1.216317043693735875e-02,6.897174554748849128e-03
3.831283125069845363e-01,3.853412616269856206e-01
9.119029628940907017e-03,8.825807862629458933e-03
9.486424466925383325e-02,9.461931343887861057e-02
5.438477870207486520e-03,6.097242714561861184e-03
3.047112482220902252e-01,2.877667605025132080e-01
2.614267777671927875e-02,1.935756842374501338e-02
3.418341281838275236e-01,3.639220816185064766e-01
3.045712586627822823e-04,1.868074243878418281e-06
2.099946664638178973e-02,3.406245232430550607e-02
8.855400911216494003e-03,1.686154160288127341e-02
8.039345146426396527e-02,8.969682175276834368e-02
1.328668627832303994e-01,1.114947542874683839e-01
1.273384667593220332e-01,1.619883752374349506e-01
3.837997875979003853e-03,4.556771722941271884e-04
5.378764596438521950e-02,4.718846873932771441e-02
1.780236776697907957e-03,4.551851273857399419e-03
2.022041624208879007e-01,2.016453424311140108e-01
4.639797710257946572e-02,5.886740334402246894e-02
1.721844633004272415e-03,2.114160936065662827e-03
1.248312029914723162e-03,8.731745330076095104e-04
1.313729511727733390e-01,1.272430459584642237e-01
5.440587147493818748e-02,5.231274063586695278e-02
1.171421651049356499e-01,9.303812652120617421e-02
6.633117836679349941e-03,6.882572219580157004e-03
3.002444049395851522e-01,2.631188690907600991e-01
1.751671474645917770e-01,1.706262117699266501e-01
1.813938572286397377e-01,1.870527702036022810e-01
7.407163008337866450e-03,9.494799353777939183e-03
6.273258439648671074e-03,6.757110600217566820e-03
2.154422027625703742e-02,1.950074055775950083e-02
2.258302896780145161e-02,2.405012217321365539e-02
1.389282920302134239e-01,1.702929936527234345e-01
5.945676015651324420e-02,6.021889603103217081e-02
1.978518924740309270e-01,2.039743268984358648e-01
1.225038997348629373e-02,2.001169333935945774e-02
1.393629940854261562e-01,1.437927356050882621e-01
4.496767064123661783e-01,4.701666390288823383e-01
8.257348869380813638e-02,7.507430354352545576e-02
3.475104331518704681e-01,3.404651903475910402e-01
2.482379099334391676e-03,1.385856510791889885e-03
5.535300404796529294e-01,6.352424672777751136e-01
1.281868792897202652e-02,2.026426628468817187e-02
8.358898438307572551e-03,1.159543084508927666e-02
1.600199947579608317e-01,1.405290816280947153e-01
2.971540081974119105e-02,2.325782376177583724e-02
1.603983842403259447e-02,2.105002199311476613e-02
5.065386888290933365e-02,4.681413409786067126e-02
3.991812844279998274e-01,3.964469235094628674e-01
5.152020743457459695e-02,8.539686130791519780e-02
6.629711348636246893e-02,7.172504093625781119e-02
1.088389120478697051e-03,6.859629311658294377e-07
3.666947554134763945e-03,6.438785567982729247e-04
1.200887766942100587e-02,3.325788767854988889e-03
1.984725427973865232e-03,2.201968699057938166e-03
5.309290252061815707e-02,6.384101738315917096e-02
8.530183565997973005e-02,6.294112411778343685e-02
5.147366569823521448e-02,7.890367021275525306e-02
4.857898272717490196e-01,4.322503774456990522e-01
9.741942984839897462e-06,4.330227449628540749e-04
1.165582648979218705e-01,9.443182074573211460e-02
2.673806684160229263e-02,2.784271757304533981e-02
2.273309852672003584e-03,6.574674611525480397e-03
1.781222366647740546e-04,4.293290388557939249e-03
5.338799013100748586e-02,4.256698654263055964e-02
1.884952340858303890e-03,1.170099314621831659e-05
2.474161767972491710e-01,2.275921840000231511e-01
1.041195989129385935e-01,1.145363615953398501e-01
6.182652302723466720e-02,5.401286533551355462e-02
9.980923341945527327e-02,8.072308977225020610e-02
1.058241083392367637e-01,1.097636692409973969e-01
3.630423240166965049e-01,3.292590363008472965e-01
3.491743595557668389e-02,4.242635741858252763e-02
1.543188141246245593e-01,1.440567401068836018e-01
4.230957125856202664e-03,1.817816798318612481e-03
5.997440250518023576e-04,6.776727139213813622e-04
3.853969593646922910e-03,5.379944272239220102e-03
6.654698790749329854e-04,1.042699639507918639e-03
8.385870292711719576e-02,5.385243094840144740e-02
1.416944326490692796e-01,1.790465264945350077e-01
1.558148687182116521e-01,1.649662264947154566e-01
1.422917918426139759e-02,2.022339317190615868e-02
5.092592618842434193e-02,5.165599400616116554e-02
1.393727904361603820e-01,1.246804211639610527e-01
1.519190314720544888e-01,1.514322579306756067e-01
1.619041369204144354e-03,1.123607768871919248e-03
5.074477410105818903e-02,5.122842659869879939e-02
2.019245204765770458e-06,1.227196574725259786e-05
6.779077551050827904e-03,7.207014414699183281e-03
1.764096268784365040e-01,1.819110122048024636e-01
1.467009838243271518e-02,1.925283942070619633e-02
3.764327905790345041e-01,3.357508650681559903e-01
2.724668874136074170e-02,2.111962097467443358e-02
1.640433755638181501e-01,1.799027078788137390e-01
6.776432745908649025e-02,6.667527398346437262e-02
4.805599304605952249e-03,1.706866650161561767e-03
2.330259240936813081e-01,2.507520671358087760e-01
3.760327735974567715e-05,3.751411262695720605e-05
2.981196530055501420e-02,3.221302193281473658e-02
4.914081277192844897e-03,2.338914695903273472e-03
8.703273218430026756e-03,1.320535401526173533e-02
8.201293377542762109e-02,5.633425745200724283e-02
7.068963911759962608e-04,1.241789524101673389e-03
2.586940675036439666e-02,2.191260738215233816e-02
4.638226100975568200e-01,4.345395983722985522e-01
4.821581690200023307e-02,4.516655691577412673e-02
1.623108089872470419e-03,2.964115193521864246e-04
3.704977554524521276e-03,2.627883442151186886e-03
2.278402471464419099e-01,2.427461285303403327e-01
9.007233044725825033e-02,1.294051975523433651e-01
1.533808248408597905e-02,1.913696139817700620e-02
1.113295442725642237e-01,1.394055075999483251e-01
5.624383183906321755e-04,1.216082804995464225e-03
1.397919318879274619e-01,1.476296483136010085e-01
3.970826860071914599e-02,1.764105451375310232e-02
4.506367004027449707e-05,8.121052320457015331e-05
5.612487970539235989e-03,4.275012177230951178e-03
2.228085131797310492e-01,2.505114381854912642e-01
5.954320688241099280e-01,6.327077853319360567e-01
2.673852186133705928e-05,2.251903811760147740e-04
8.322724522377495521e-03,6.069064803523278179e-03
2.015766567967228542e-02,1.089241113336693670e-02
3.869618089174664544e-01,3.974638615610737169e-01
4.942909520888059266e-02,7.523647099994318355e-02
8.733305370743316490e-03,1.049821390835792290e-02
1.199238035867143497e-02,1.065520298269236402e-02
1.230722389219772284e+00,1.215091381219103983e+00
1.389483788260290412e-02,2.303610443855472895e-02
5.926877862777357037e-02,6.978302940922456732e-02
1.233780611784372899e-01,1.147004495800845320e-01
8.579264188916359626e-03,1.011376047703137215e-02
8.012003874260233832e-03,1.842081434569524737e-02
4.193146545733539982e-02,5.028053783774331237e-02
6.386173428924685203e-01,6.028025498356499590e-01
4.677288856649680811e-03,5.063435077897852042e-03
4.025661360465482980e-02,3.980122274671429178e-02
2.389855323948619233e-05,8.097214195826180614e-05
1.008836332714157791e-01,1.031153284010013771e-01
3.438685556126638287e-01,3.428261812102083583e-01
1.670286948476778707e-02,1.807945697161281867e-02
7.026810057414123456e-02,8.252030628896418751e-02
1.204351928117204096e-01,1.202362148230934069e-01
1.474916106557430662e-01,1.811392737776751083e-01
5.744414012269499423e-03,1.873538292289499358e-03
1.480673933812121368e-01,1.457178181614529333e-01
3.563230834862558122e-02,1.656717478791167736e-02
8.574723818112056639e-02,1.052028430292306915e-01
4.604303555945047505e-02,5.634262016232374770e-02
2.470921336886629585e-02,3.878272040271886489e-02
4.818119932875677275e-02,6.046310538701266807e-02
1.604435820699500609e-02,2.153798861514288204e-02
3.798878017308842531e-02,3.373790522183171131e-02
1.745215173855815469e-02,1.667713899234517932e-02
1.324464447446702976e-02,2.009410567464266564e-02
2.895068290761424606e-02,1.905487360487956999e-02
1.359941705309835880e-01,1.587010828461413448e-01
1.897317288792663972e-03,5.789575769966359697e-03
3.810497750574279308e-03,3.214102307944789825e-03
1.844895156832077098e-03,6.655087425832318694e-04
3.995426206341883696e-02,3.825697137382131491e-02
6.933585509977856220e-02,7.547670932499533913e-02
7.076913347314184137e-03,9.619879867169727969e-03
4.070981205166312317e-03,4.746735820213130244e-03
3.069548194848845351e-04,1.946013334077751321e-04
7.747401384659354396e-04,1.319922076616685067e-03
8.479548263590409862e-03,3.907184876791112982e-03
4.419889176210329423e-02,5.198518284810958040e-02
1.171799803325624832e-03,1.185723994232120099e-03
2.047115318888202858e-04,8.582848763450276973e-05
9.254023203108734802e-03,1.926135664776131321e-03
9.786427654828599998e-02,1.035435583229845080e-01
5.194226356069332057e-02,4.883254587813368186e-02
3.530238306237851176e-02,3.651541261977178654e-02
1.098638924424105295e-01,1.128771801677468378e-01
4.935339362472364322e-02,5.073724606837060058e-02
2.081910511469506342e-01,1.899263203462450700e-01
1.641009299430622181e-02,1.690261744458754212e-02
1.824361917245701237e-01,1.929860575993833927e-01
2.184223364551402674e-02,3.111844445895538269e-02
1.307582385165155688e-02,7.303157523821331154e-03
4.672015685060791797e-03,7.618953735354008078e-03
3.557347237473727775e-02,2.828979024703933212e-02
1.338535325795350839e-02,1.434587136321150737e-02
4.413601803376338700e-02,4.422977948798451076e-02
1.331215165600549977e-01,1.254883420933737004e-01
1.350305694336935772e-02,1.198104314559712141e-02
1.850786635868453128e-02,2.052974071309213167e-02
5.014847132292004836e-04,9.237014330058761344e-04
4.412048220256244990e-01,4.065665425719602322e-01
2.810746325779830881e-03,6.691447137529920285e-04
3.805654382719075857e-02,5.176794048434375101e-02
7.015629880380761354e-04,2.585238183499237734e-04
7.942279285541567480e-02,7.434882046666957400e-02
1.568215006237853176e-02,1.490063658229168024e-02
4.381250908456262305e-01,4.350876169935460336e-01
4.007657644855443235e-02,4.089078417354403278e-02
1.073265105568108405e-02,1.050772553442839465e-02
5.612187885009238889e-03,3.125263987807245375e-03
8.148723367856525179e-02,6.867212268800684805e-02
2.397976463275539039e-03,3.183788267431187334e-03
1.901502230227928025e-01,2.125431207187547245e-01
3.210892959372587674e-01,3.204173714999264400e-01
3.891360209927771652e-02,2.804785201820166399e-02
6.712582499918767764e-02,6.569712389116905138e-02
3.710649692384158094e-01,4.017454961627059395e-01
1.547283102846174711e-04,2.285539906489715247e-05
2.942002929475208695e-01,2.879166781210257264e-01
1.349215087880395458e-01,1.405645065956319384e-01
8.965952747095249503e-03,5.004766522858378891e-03
1.869568448943055572e-01,1.788072520140578381e-01
1.148077213599625751e-01,1.065610537235420763e-01
5.882475871493358932e-01,5.830198014507685933e-01
2.689071981914569528e-03,6.483328159247580408e-03
4.246813637152883729e-03,4.735282048668102046e-03
1.740812729860220093e-02,1.933938805330216379e-02
1.713671723752017706e-01,1.810257830670009560e-01
1.308856489678127122e-02,1.539924921948958303e-02
6.363904831819078289e-02,6.965537418766157285e-02
2.851469962821384652e-02,2.901801018995399384e-02
3.013343867044841404e-02,3.200089539257318372e-02
1.853757175770081418e-04,2.477086992641079895e-05
1.995418199253591596e-02,1.847266940478384592e-02
4.505834723387332208e-02,5.073475231874055580e-02
2.234385600278970263e-01,2.577460312696449596e-01
3.172020176454780627e-01,3.090481039145608899e-01
2.517727592562965175e-02,2.372213681800160526e-02
1.095144338393587019e-01,1.217521218008102285e-01
3.916739691624971376e-01,3.421648117134795664e-01
7.248733800088881518e-02,9.369141305776804152e-02
6.158339940658196648e-02,5.672098658207987837e-02
2.993786438281552994e-03,3.091432293651024798e-03
7.113170612314981267e-02,6.659941376078575004e-02
2.500374301490415618e-02,2.420916494826195337e-02
7.900105981472300282e-03,6.652230298180321875e-03
9.356111380878412431e-02,1.040048675270557610e-01
1.685177268454908506e-02,2.181761964037237309e-02
6.464423648100302289e-02,7.643118726197385693e-02
3.184273190184684459e-03,6.632333129388676661e-03
1.195052667496929177e-02,1.495228817620996610e-02
1.987507545743916106e-03,1.275699615632631826e-03
1.777965111259582117e-03,3.110553991188567263e-03
4.047732117960989306e-02,2.861724257135665403e-02
1.025408252182254577e-07,3.004985513939423546e-05
5.280843059001972704e-04,2.451054814290820789e-03
3.247276996563641105e-01,3.227921509229223496e-01
3.477230825605911457e-01,3.949839724890525927e-01
4.079616764602200395e-05,2.208492954384350273e-05
1.533120346468898054e-01,1.469276665979154795e-01
9.101136389962495576e-02,1.129087123685598160e-01
4.380259895789802987e-02,4.558009536212971613e-02
3.739919897647920482e-04,2.667262546193461766e-04
1.878676721485414147e-01,1.851325020053593284e-01
7.811802155768307609e-02,6.523632919342844949e-02
6.198370039103393569e-01,6.009906373860717244e-01
2.106873406408123484e-01,1.835234408149995777e-01
1.835231780085182576e-02,1.433866597640276463e-02
1.554398765163019225e-01,1.688457921214629731e-01
3.360593939119036477e-01,3.513101804069447831e-01
8.817951454965235712e-04,8.476576848967070895e-04
6.706023938390560934e-02,6.123032967093697265e-02
5.167690823459558658e-02,5.063755801405613738e-02
3.678568218902122933e-02,4.840885217906262111e-02
3.862147396166651370e-02,3.557373523001462756e-02
3.493104308989555817e-02,2.499476581314857490e-02
1.397270683665333916e-03,1.381501691765746722e-03
1.769609662074435874e-01,1.658664994900781731e-01
2.520291854238606577e-01,2.736778273453343013e-01
9.712699460616494584e-02,1.060797377925427887e-01
1.392245550067097845e-03,2.045637218089441794e-03
7.289208214367157157e-02,8.142998641911938784e-02
3.971011705789184894e-03,3.989415979253783592e-03
1.237433396812949926e-03,8.743648047845642727e-04
9.728225548717790716e-02,1.177379350342722675e-01
7.394188333943449432e-02,7.140649800306476946e-02
1.481816827466858784e-02,2.024014327168005556e-02
5.548233545767666808e-02,4.595417394183289039e-02
4.761397341377178807e-03,4.877578654327710539e-03
3.135009282737170611e-01,3.172403021467293249e-01
3.062172370037114996e-02,1.732162485128453666e-02
9.326983711291544910e-02,8.852910832363766747e-02
3.879263181626031731e-02,4.438341521267974432e-02
1.170450797162196632e-01,9.723332810684376382e-02
9.700797731161847626e-02,9.512798228063898409e-02
4.976910143451732799e-02,4.765606057539484991e-02
1.213198389613293487e-01,1.151450186813988141e-01
3.387163410079975234e-01,3.213023688009571388e-01
2.654755670735553866e-02,2.563251825594450861e-02
3.220573124154188244e-03,4.154440180890943413e-03
1.285636573495664015e-01,1.437141762496943198e-01
3.471769163079213572e-02,3.430845262835469089e-02
3.423902552056754534e-01,3.686249425380663802e-01
1.271252258177253854e-02,8.569899721320281896e-03
3.014880284301678648e-01,3.164539868224163777e-01
1.555558467963862601e-01,1.452201372099727050e-01
3.227923937624012640e-01,3.289091190233819351e-01
3.607914389503799613e-02,2.867736329864388825e-02
2.708076017699071955e-02,3.597669442028254838e-02
2.630957996786924546e-01,2.859519185716523637e-01
9.482226129736814890e-03,8.416385466053126832e-03
9.270778683194943678e-03,6.235511289725468448e-03
2.902717115173433782e-02,2.413467921220336862e-02
5.440862115101841728e-02,5.749965573028090887e-02
1.144686684240459607e-01,8.729242878318252408e-02
5.558080164452265659e-02,5.664709238357673593e-02
1.859892433408472934e-01,1.678090307846833162e-01
5.661006822134072303e-02,5.526259938441368397e-02
1.728228560406233072e-01,1.723712639840482286e-01
1.843784717692570352e-01,2.151280265044774598e-01
2.749568602550919033e-02,2.210148506542267480e-02
1.032706485697223731e-01,9.991751206374245575e-02
1.781833271439690058e-01,1.764216934211002286e-01
2.231754119352238608e-01,2.655526113141133959e-01
2.013520239767007444e-03,3.852273353734266947e-03
2.806422229077062958e-02,1.530727702724438838e-02
2.602957487139358900e-02,4.345667054666513263e-02
7.836712186808048042e-02,8.347061333173462494e-02
5.595301634304733311e-03,1.043518472468520086e-02
6.515826693679663273e-02,6.778856480853674704e-02
1.753138245371668041e-02,1.693021288533916313e-02
2.761511106108680350e-02,2.839294393376422601e-02
2.665134363391792778e-03,1.746473903253355480e-03
9.265671151782499393e-03,1.428468311006996644e-02
5.700276343505435162e-02,5.703614007050061829e-02
1.320863433227540545e-02,1.811090015560595443e-02
5.660623112318194372e-02,6.978696462210222384e-02
1.579821804041425248e-01,1.500404382965121186e-01
1.176540781196266511e-01,1.106738404278963112e-01
5.651618724758826701e-04,1.154489271580005309e-03
3.907052208091462697e-01,4.191554272687799121e-01
8.405553748338175134e-04,1.474676563551338693e-03
7.964112630833940221e-02,8.029731559434154231e-02
2.993133802832630055e-03,3.964648353574897095e-03
6.506425584307488075e-01,6.182274233392622831e-01
2.012981085244790885e-02,1.449417454948718868e-02
3.883988618086906176e-05,3.372154289329530423e-04
2.453948924297214007e-02,3.189225251571892183e-02
4.788115560746341037e-01,5.075133069918121853e-01
9.473653065931517472e-03,1.235545528591015449e-02
6.358945693490583584e-02,6.809433454660115959e-02
2.891186001934020408e-02,4.494123678377970332e-02
3.584195990242258212e-01,3.357547862628422752e-01
3.891962755575072673e-03,4.250774691535219411e-03
5.905562171636322827e-03,8.516474319126157363e-03
8.105216930174867496e-02,6.040891440445981392e-02
2.453193009061350738e-01,2.228612065781186979e-01
4.952575798163208129e-03,7.705334206354731361e-03
1.150044834961756191e-01,1.413174771065099089e-01
1.856661199916027558e-02,9.853319907353583901e-03
2.155587572194307133e-01,1.821560104989086992e-01
7.838727390456072183e-03,1.121500927915755792e-02
1.632010094092964936e-01,1.626383024628184348e-01
1.749642350613060393e-01,2.091074419549300567e-01
8.734583909778175295e-04,3.433136368484826788e-04
2.802237001832547959e-03,2.917287539885303309e-03
3.066325651359631532e-01,3.117672726264150707e-01
9.629932535507706656e-03,4.298071560263524472e-03
1.622804650805699800e-01,1.754066095815729198e-01
2.053785222828490853e-01,2.163458324806039890e-01
2.259631825244146630e-01,2.189410725822514281e-01
2.821021159794920730e-05,2.642674793424702262e-04
8.412460933859536305e-02,9.045253929854775443e-02
8.113531139689124372e-02,1.026883392131716366e-01
1.697572603777411723e-05,1.756936129305993171e-03
4.477224679628770132e-01,4.725012564445134622e-01
4.643071826375365641e-01,4.401205807761408573e-01
7.108084348653911921e-02,6.425766970313967485e-02
5.885253551354330259e-03,9.036053103361330399e-03
2.240376521157351752e-01,2.522729304526633576e-01
3.025823679183521284e-02,3.378004848666710247e-02
6.427096827014577851e-02,8.849088560966845984e-02
7.457010798342937619e-02,9.653693246895918290e-02
1.704736925740836517e-02,2.215897553157908720e-02
1.947594548182471075e-01,2.064386518513695590e-01
1.385837994100008806e-04,1.410399422895974647e-03
2.533520788809130453e-01,2.688751457831510261e-01
2.113652629072427375e-02,1.721448955441426398e-02
3.667773735241777050e-02,3.810749714684080053e-02
4.608858298579259632e-02,3.527712063089418620e-02
1.237327515373482824e-02,1.411108006472692154e-02
2.466449973617410862e-01,2.371277059336475423e-01
5.962351801884466784e-01,5.987053947535566634e-01
1.140183320934468475e-01,1.344939701463906401e-01
3.686565556159334019e-03,2.889201193902107140e-03
2.467069247943830951e-03,2.633899547148456192e-03
2.509511657481197089e-01,2.775496825218844443e-01
4.595451493794456416e-02,4.208351904692764212e-02
2.158161733540412963e-01,2.050579988148415467e-01
3.028343718638698556e-01,2.867213763101574275e-01
3.411307341592904607e-01,3.559640162053592793e-01
2.388013623380207812e-02,2.576617450194198730e-02
1.603417837925390915e-02,1.469688880581357555e-02
5.544829671976528492e-03,6.164316246243846907e-03
2.428256136102738827e-01,2.276234820501848444e-01
3.317726953420963715e-02,5.016695480834991450e-02
1.455876437802118041e-02,1.604824798462261767e-02
2.313483974349218875e-02,9.540691012015226069e-03
8.483738373603227564e-03,8.491104587970319320e-03
2.222311135937068416e-01,2.102244971964750408e-01
1.855322774959587417e-01,2.144241513394142262e-01
8.166903880705153271e-05,8.376289706480089266e-06
3.845890855893547428e-02,3.437409068623233088e-02
1.035498936551116148e-02,9.912388787637586504e-03
4.638178307296176445e-02,4.474142208641675861e-02
2.373136819599265881e-02,3.712014230719129504e-02
1.707426294226435104e-01,1.668173392922470410e-01
7.609934125524576709e-01,7.409720486868992539e-01
4.268885844838712050e-03,4.655738990305692028e-03
9.269195149277719564e-03,6.605525518535174112e-03
5.789423733271824996e-02,6.070122520573097147e-02
2.320170383445363527e-02,1.810537484953673310e-02
5.498876140985894251e-02,5.271656173420577463e-02
7.110990150667395593e-02,8.711687520201744084e-02
1.126281125503967168e-01,1.097738765875185540e-01
2.238083499505008900e-01,2.130013406296256684e-01
6.005562282699870857e-02,5.995269934384613725e-02
6.071919526443059369e-05,3.523056108601029749e-03
2.734490075665116371e-01,2.807986778368423697e-01
1.547224838801771474e-01,1.582635659779660919e-01
2.022928852998228874e-02,3.165779816929583518e-02
7.738211519229763182e-04,1.777778674861238114e-03
4.028532898282202040e-02,4.389113685646955226e-02
2.217280068980043151e-02,3.876235238152207080e-02
1.557133692112278034e-01,2.129094995077007169e-01
5.757189810146584596e-02,6.248352464952774965e-02
3.281886803465802705e-04,1.871482321516051029e-03
1.173752655985356996e-01,1.269479869672792971e-01
2.427617891210602230e-01,2.343272569053713728e-01
4.255974709495312152e-04,4.351697335771475612e-05
3.044846955595102364e-02,3.672299540797700768e-02
2.212771242032367247e-01,2.337967408680125259e-01
1.393585821705147776e-01,1.318383032529534538e-01
5.360175522741358889e-02,5.530559819649965431e-02
1.953533951048249673e-01,2.238467413899926373e-01
1.360759379119918372e-02,1.403948636217264637e-02
4.195302330676197074e-03,1.835088397963251673e-03
8.606256383705497559e-02,9.219792793354518456e-02
8.735121371003529145e-02,1.004017669547589420e-01
1.858492724575506738e-01,2.337801837213681899e-01
2.049605126488942552e-01,1.811415007013142675e-01
1.878917254596081665e-01,1.903383340925492995e-01
8.161687899296739268e-02,1.055760516387166115e-01
1.031483192893106228e-02,1.392750402093156752e-02
8.301463792587954194e-02,8.403202472812155988e-02
1.057666643125761662e-02,9.904676770814973760e-03
1.166192291525042640e-01,1.027324767005821510e-01
3.990093728655411676e-01,3.867463764439806884e-01
1.719614869734646390e-01,1.548793042521417751e-01
3.696772542374940178e-03,5.962587237586967556e-03
6.234320061738540808e-01,5.648019427052418662e-01
4.349501372136979627e-02,3.948174813949405920e-02
3.110228879042545649e-02,4.816566669927196259e-02
7.267891664456221229e-03,6.772456548547146557e-03
4.196228588356058081e-02,4.170367462472910486e-02
3.684888728983619077e-01,3.702842078305444429e-01
1.607582912728211348e-03,8.744152223536747967e-03
2.937555850042096184e-01,3.158314221025320112e-01
2.708336561796249528e-02,2.123987655951634426e-02
4.998150355118223705e-03,9.441379059286226713e-03
3.342935853294020515e-03,1.719120800433200993e-02
1.009231937728725936e-02,8.496544980920200940e-03
1.731685215895038266e-01,1.712279661394222052e-01
1.405675614944869589e-01,1.196968181291281907e-01
7.244930800790591543e-06,5.675043133101116802e-05
1.184751004555513049e-01,1.035745277186038149e-01
6.544917381146710469e-03,1.538091063074287224e-03
5.499386982993838963e-02,6.850589977866018698e-02
9.515760953292451765e-03,9.046001171291812026e-03
5.403663043124201648e-02,5.513815157162045566e-02
2.918543252636405724e-03,5.890812778661511616e-03
1.235923438110240330e-02,1.399823644578284190e-02
6.365767424418905009e-03,1.691530553328695827e-02
8.723081129561961744e-02,8.928026956161622119e-02
1.387528722357219135e-01,1.682377802763027896e-01
1.758228233611026925e-02,1.795665309976566398e-02
4.946722510078016034e-04,9.424388915310593230e-05
1.639341566675201270e-02,7.976996134690028314e-03
5.259888848450135559e-03,6.415968239569963018e-03
3.123470213328824463e-02,3.912934895180170819e-02
2.033992740977706368e-02,1.824512905011338795e-02
1.114791604475867531e-01,9.200234473940635538e-02
5.503642948460862883e-02,5.589592001644186348e-02
1.307851671897170345e-02,1.551101164299074908e-02
4.080736220762465893e-01,4.157633005059255815e-01
1.109253159482894747e-02,8.426213773976629420e-03
1.684787791891036446e-01,2.016269108744812577e-01
1.171453413661826225e-02,1.172235040868321344e-02
3.090081897924180643e-01,3.136638444965444972e-01
5.840337944725725039e-02,5.418770164520247262e-02
1.306893582770141671e-01,1.583067158394621254e-01
1.569918202099719329e-01,1.606644155828134413e-01
5.739387716450179699e-02,4.880267409504167320e-02
1.074528398462391010e-01,1.151396010236268724e-01
3.936338245174657996e-02,4.166668943941864711e-02
7.043361360446771802e-02,5.384805156858648439e-02
4.193392307125248797e-02,4.495695392528764600e-02
2.832783000124508566e-01,2.632031871081130792e-01
5.357922696335493812e-03,9.886787641100727372e-03
9.283730929361064255e-02,7.779647402977528381e-02
4.665355430489106538e-03,2.913003831680304866e-03
6.179446803859589554e-02,5.658887197673403979e-02
2.601294880115992761e-02,3.434638816435382075e-02
4.681427604418432128e-03,8.946481979441952073e-03
1.507430987927508848e-01,1.362607439642372076e-01
9.914479523148581053e-02,9.088105012230988933e-02
4.640606605221092237e-03,6.594661282270424842e-03
1.723848583833144099e-01,1.951829166802008519e-01
9.003391560364332321e-04,1.761996788268787749e-03
2.432633652380252615e-02,2.819980796371738749e-02
2.193102934798945788e-02,2.003119753482631923e-02
2.830664486825126835e-02,3.307694633232034082e-02
9.297679686670160286e-04,5.326131459023054465e-05
4.113252792985933742e-02,3.905257066455558590e-02
2.644644642835224102e-02,2.558277853318280740e-02
1.875601596735544940e-01,1.936291399907354438e-01
1.113944080139212395e-01,9.190135419172031084e-02
6.154968971730410271e-02,9.360607361672033944e-02
3.723170264411232999e-01,3.952298077995821113e-01
1.047717100382191584e-03,2.980680691004298252e-04
8.451689611158456905e-02,7.685721779842551171e-02
8.166310372924823202e-02,8.195618681850756759e-02
3.304752135650025346e-01,3.576261325080410391e-01
2.362339680888311810e-01,2.716764433563768621e-01
1.094483981415881740e-01,8.175703003804264679e-02
5.192648018294581530e-02,5.113810861974985023e-02
5.011427295257771253e-02,6.109515470979079432e-02
2.578501140619795517e-01,2.285225513019774335e-01
9.032945231269051689e-02,6.707827292304477385e-02
8.074557951942440415e-02,9.539665211756535868e-02
8.536645412160911994e-03,5.519720893024903687e-03
1.762355362183180146e-02,1.131938433491708196e-02
2.619033638712062184e-01,2.801821499476829791e-01
1.731000840795772142e-02,2.266175880692144345e-02
3.091813051468383367e-01,2.741032250234793355e-01
7.140911635355212672e-02,7.834527912445045372e-02
3.700470049857429358e-03,8.094831481720725407e-04
2.219891567670067428e-02,1.622857409946257615e-02
2.530567406163762380e-07,7.776076456809456681e-09
2.404198567086935148e-02,1.805184521432153313e-02
8.153714383704621649e-02,8.349188130171213140e-02
1.609135227762991394e-01,1.878904914175715535e-01
4.634743483311384860e-02,4.091296102409146263e-02
3.836793232801428144e-01,4.165058436755019189e-01
1.091485890305330386e-01,1.055377459126067563e-01
6.612821461459726657e-02,6.348716473434826146e-02
1.449268026630266271e-01,1.666757738482846085e-01
1.920091277483941712e-03,6.750107666753005220e-03
9.323555595032799459e-02,1.106708077316782279e-01
1.485103416540866084e-01,1.650391916389169766e-01
2.121409263133445036e-02,2.194459016737970725e-02
1.885560836485169200e-01,1.748787681493880752e-01
2.659670085480045701e-02,3.900956490160005508e-02
1.604742558733521576e-02,1.358515715921217344e-02
1.021046738907700931e-03,6.014582542674066362e-04
1.447231078550617056e-01,1.477200281199466114e-01
4.593555496079520378e-02,4.446309360625329277e-02
1.061878235305110420e-02,1.228993211850618918e-02
2.833836275624741774e-02,2.900079687990843313e-02
1.270824677631570143e-01,1.243042759259618546e-01
5.888525643578339241e-02,4.938114404123546824e-02
5.873055749197418629e-02,5.348838391898576294e-02
1.898421240269270172e-01,1.883578073477095438e-01
3.917403427541406302e-02,3.912198982216417986e-02
3.267087968531390274e-01,3.161199146529523607e-01
5.359994130436569054e-02,5.675574765113026998e-02
4.283488749929995065e-01,4.408104693377383754e-01
3.632051523355919187e-01,3.524273912166104306e-01
5.400895718642931970e-02,6.513974419039311736e-02
5.731539404041243596e-02,7.937810346231262415e-02
3.728574820423156688e-01,4.037920337553759231e-01
7.551430348494267062e-05,1.814625036847229093e-05
6.016809049941670984e-02,4.545458621214284317e-02
2.138301839093470838e-02,1.761916110564275967e-02
1.195626315325158673e-01,1.043402632227565380e-01
2.075969339903565858e-01,2.093254542881314850e-01
9.634846903541520458e-02,1.238242909193295882e-01
4.202934516233303719e-01,3.882902362332217305e-01
5.803841591869013383e-01,5.753624011023724671e-01
3.358625060829301730e-03,8.595853175194730121e-04
4.004719612443324861e-02,4.052708066931491604e-02
2.249104311496745445e-01,1.967784812442950060e-01
5.612626697061536864e-03,8.650580776941170849e-03
3.982545534045572183e-02,4.646702764133928132e-02
2.740702476302343121e-02,2.449978519176891287e-02
8.667086219944934722e-03,5.985387952963108597e-03
8.332926195518547408e-02,8.902733753912751846e-02
4.476751402979880969e-04,1.408235062573057281e-03
8.773872220433925895e-01,9.331347359078496773e-01
6.888321082529127448e-01,6.997092495860561812e-01
1.542166769008603737e-03,5.009194123917742186e-03
1.076053973922096174e-02,6.885511720476336986e-03
7.680226346583494956e-02,7.903868135700502229e-02
1.005171569776187011e-02,8.253069271432432116e-03
1.313161171795432236e-01,1.293320207402292032e-01
1.775661641991579248e-02,2.065127566695922068e-02
5.778173995178601668e-02,9.026745520271707568e-02
6.252169795541570249e-04,5.033224332484916945e-07
7.184787242871430724e-02,5.728984044821548716e-02
3.899936616801449006e-03,9.733465564344384981e-04
2.245043654519526255e-01,2.782517992498104165e-01
4.175483907751295076e-01,3.792008313357514981e-01
3.647214327872772693e-02,3.465583168454723639e-02
1.006512484173198940e+00,9.102182740351471013e-01
2.148288708931203952e-02,1.875200182042874655e-02
5.372330775541912622e-03,4.797940199345475561e-03
2.135816232672281823e-01,1.905473272138383523e-01
7.430275565056865261e-02,6.897995209228245661e-02
1.722334097178979118e-01,1.599777363682195752e-01
1.464152498269667582e-04,4.764232227036208463e-05
3.265402822036942571e-02,2.825255659636778660e-02
2.302967435539781868e-04,2.886130524339744138e-03
1.629692549109128530e-01,1.895963112659840299e-01
7.703189158458181862e-02,7.659641662376653892e-02
4.647009267873249139e-02,4.869447933689838304e-02
3.361069213863132621e-01,3.389415808288864795e-01
5.132269821904255659e-03,4.420862696395686138e-03
1.328024589208187493e-02,2.687279286893262068e-03
1.943845875033479442e-01,2.122168584598606300e-01
2.120339993475710630e-02,1.997489405935524986e-02
7.241943290031169211e-02,5.296512110740414503e-02
1.397051005789522573e-03,1.609757872618210834e-03
1.966647719648588824e-02,1.110158852210373949e-02
8.249166656505635409e-02,9.310364072284041392e-02
2.361224704306662259e-01,2.367467525257183902e-01
6.244248875400316978e-02,6.905556395703929540e-02
3.694688518458967841e-01,4.039887997409858378e-01
2.343984900850679953e-01,2.213190842257246327e-01
3.888950243987206179e-02,4.144483831252718936e-02
4.305963588347807051e-05,1.776441486928801881e-03
1.980056945157080694e-01,1.718801670320157793e-01
1.606799881260930207e-01,1.465935614575482882e-01
2.765104059020608018e-02,1.920088006827971525e-02
4.931765829159773240e-02,5.852809412017279805e-02
1.889672668124655341e-01,1.862404015028730486e-01
2.422856516576878949e-01,2.151295833486771281e-01
2.295250321595877219e-01,2.211925338501114779e-01
8.750333897665669991e-02,8.765327686276216945e-02
7.153508653931574951e-03,4.802501579694138864e-03
8.736800935586941375e-02,9.058683892014555983e-02
1.605437684314119789e-02,2.229112660593750642e-02
1.689954077523435072e-01,1.808897548366388275e-01
2.171060403623823951e-02,2.394713240956584596e-02
2.888660028989162298e-02,2.483367213541701896e-02
5.819333207023652532e-02,6.049594768420340357e-02
2.485247334066801022e-03,4.233211840992278274e-04
1.920152196499422693e-03,7.890813503680945253e-04
2.150132481783638694e-01,2.179246493439992716e-01
5.573945869103317055e-05,1.064884909667284686e-04
7.888172228648630997e-04,3.517571860441173325e-03
4.686364202854850086e-02,5.258953491962796434e-02
5.675077435435465362e-02,6.419387415369988414e-02
8.772846060930374057e-02,8.096049654972090059e-02
3.718830866331016699e-02,2.707298020654586371e-02
2.047835692541508795e-02,2.808889445864103454e-02
1.097715368500540439e-01,1.183149831257247070e-01
4.434396297064471804e-02,4.166180564292166350e-02
3.820877508877668777e-02,3.093066213223444674e-02
1.209379909016730231e-01,1.150000397276288722e-01
3.409004826567502699e-01,3.073821249494462227e-01
6.080647029818707361e-02,5.847092623885893903e-02
2.735589153586728273e-01,2.292752660634560791e-01
1.945428471727871089e-01,1.942828182143053750e-01
2.857171698042784031e-06,4.065406473117610985e-04
3.136241580058334814e-03,2.783230474946646067e-03
2.183277599756422438e-01,2.386384201155335727e-01
4.527405769361095983e-02,5.468065286376912193e-02
2.512288864584179271e-02,2.732951966395170962e-02
9.391475647811746708e-01,9.550721168603990563e-01
4.299634299483037422e-03,1.679612104958669826e-03
2.689064214211200898e-02,2.948249900302276488e-02
3.980897412404741514e-02,2.649353270186996512e-02
1.112934046685649797e-01,9.759287577237782396e-02
4.952128045853718477e-03,9.091535971887139758e-03
1.194270885529875436e-03,1.105593541955369915e-04
4.898898091759937290e-02,3.619599350698009949e-02
3.235453088308006681e-02,4.561114082226604832e-02
5.245693998718812256e-01,5.207692997186268435e-01
8.649562366724625889e-03,6.322334690065183581e-03
1.069859307875753174e-01,9.477152094899587986e-02
4.719037753642767868e-02,3.982079628698342172e-02
1.180379081330320580e-02,1.634773614531444264e-02
6.602590094196326281e-03,5.207475987503211619e-03
1.298162185886775621e-01,1.286854515044438263e-01
1.604127262813309640e-02,1.745768553713547555e-02
6.142755029818270512e-02,5.120766091650459650e-02
2.362098625816349759e-02,3.297919899481414202e-02
1.073590056177803158e-04,1.528759660189254587e-03
5.343336619142771138e-01,5.317905272292913210e-01
6.144298366147596391e-02,5.164152260687177726e-02
4.644211350880702617e-03,7.635182105204426674e-03
8.975673795764559267e-05,3.901169995980017873e-04
1.407581142707177158e-01,1.219480341233292187e-01
2.901477760617234836e-01,2.982384643537638880e-01
2.427091466234419098e-02,3.466327103942222487e-02
9.756509745758247705e-04,1.626048317380599396e-03
1.378987671591879686e-03,1.097583446366844539e-04
2.755204748477294019e-01,2.679563260545222425e-01
8.122911137289105798e-02,8.454799750569735872e-02
5.475168489798908772e-02,6.417645589031471809e-02
6.220293526084292885e-04,6.897073003148926525e-05
3.456845352775801683e-02,4.189158231047160341e-02
1.508714801827319707e-01,1.517184829667315160e-01
2.991625692732646224e-01,3.409864837336339938e-01
4.633311628438531171e-01,4.586271703753614926e-01
1.086986661030323875e-01,9.598568265978088543e-02
1.118812928848049032e-01,9.896456442639692264e-02
1.178533091645540404e-01,1.076702084137593496e-01
4.609226038788641691e-03,1.623979623139183053e-03
5.543667219174240879e-01,5.385868457585192282e-01
1.194309515915029834e-03,3.861912427137413010e-03
7.605803278526010458e-02,6.610147024444081032e-02
1.637694861626549911e-05,1.967636629346743662e-05
1.987004422438212181e-01,2.156105419910861187e-01
1.743303609966175838e-01,1.470761673811871451e-01
4.729773628337523989e-02,5.995961243504845800e-02
4.074481296497763083e-02,4.764804490023075156e-02
6.270312358819654652e-02,8.540783705093829559e-02
1.632120464357391179e-02,1.045323471140547668e-02
2.985000550539913464e-02,2.776360134578191238e-02
5.624603917833950924e-04,3.267927284875279080e-03
2.048219382346942036e-02,2.870003288473332512e-02
2.346414065203253907e-01,2.159645196335121253e-01
6.351012459853118408e-02,4.994879202648135758e-02
4.774622880566924891e-05,3.183651913567926673e-05
3.871547716778725445e-02,3.236734190954670964e-02
2.632489674703420435e-01,2.490447818537339653e-01
2.240326739981639559e-01,1.841141449972785171e-01
2.645472177660746632e-02,1.686242517320801076e-02
5.964356667680102003e-02,7.431735074405394770e-02
1.595838146031706073e-03,6.091909519615057098e-03
6.672005812349623283e-03,7.329069719270521303e-03
4.505010656987754015e-05,1.431581216466655060e-04
8.436265497350135117e-03,6.689561210706962413e-03
1.369125436456478939e-01,1.177780201095549595e-01
1.491420994804783240e-01,1.448123572538965176e-01
4.291949967046011089e-02,4.159360706279746633e-02
2.805746357953580600e-02,3.240218247882487718e-02
7.211268282053113349e-03,9.668963412436797425e-03
1.884005019149760348e-03,2.120383773174249007e-03
1.466099727668741526e-01,1.264944851687420380e-01
6.591236495229542414e-02,7.606836680601776479e-02
4.113536601058652709e-01,3.765820315813845909e-01
3.641990342540828984e-01,3.363457561813654739e-01
1.663539767822291762e-03,2.080073239083964857e-03
2.864215071681949221e-01,2.813620609341480061e-01
3.783544062962967414e-01,3.622727012828840798e-01
2.646435406048973371e-02,3.074397663742170148e-02
2.605829226592441122e-02,2.700408966202635236e-02
2.440013798995047415e-04,1.470473499721337363e-03
7.808721307861579142e-01,7.552105874562238252e-01
2.200015168461148807e-02,1.375979601541513567e-02
8.626097383976437383e-02,9.072255239770776747e-02
3.340211457704263254e-02,3.141441395995246688e-02
4.710229020095538927e-02,6.400976158341498135e-02
2.286442461733732556e-01,2.116036235565270929e-01
1.562544094066410302e-02,2.479857070786153569e-02
2.012027433160147507e-03,8.432582439165752473e-04
1.147025888483187289e-01,1.426788753410451194e-01
1.514180104692274265e-01,1.309022526583934198e-01
5.147899301264162973e-03,9.588422699005184555e-03
2.217921008693842649e-02,2.119163833418487297e-02
7.273871570261235264e-02,6.791652253857456689e-02
1.126042690639668387e-01,1.240027871398333148e-01
2.492291704725691209e-03,2.957978656286830324e-04
9.080080254780689142e-01,9.551586859861725953e-01
1.408147803035099573e-02,1.563161982509675418e-02
1.043147502075594674e-01,1.103051797959776065e-01
1.844240489363114799e-01,2.163977344328255337e-01
3.330362455646951499e-03,3.975237035559022261e-03
3.182714377318485721e-01,3.365529803666261199e-01
1.720773716820828483e-02,9.585235147093496347e-03
6.979604295379693941e-04,1.384517698916301609e-03
1.124465441255766487e-02,1.062392731845618679e-02
1.736339109802492731e-02,1.825189250380495481e-02
1.317788328280570034e-02,1.285590370811381077e-02
2.147326712712976926e-03,1.322830031658044124e-03
9.255872343362639421e-02,9.844210686120408171e-02
1.219136385766429326e-01,1.272063972133710419e-01
1.301424622680810153e-03,3.397527511752772549e-03
2.099578593656656333e-02,2.555427886868447823e-02
1.478524278778226286e-01,1.250163044024204806e-01
1.087104277805370223e-01,9.164122853039645411e-02
5.736965327181307861e-02,6.023115609367380580e-02
4.013791577013430673e-02,3.753157676980807544e-02
1.039134065322967759e-02,5.650446699016183419e-03
5.548735123002416364e-03,4.345712273823246902e-03
2.275437137766170639e-02,2.211095362603376566e-02
2.028896718970592185e-04,7.775068801077046707e-04
1.294172479093956551e-02,1.045204674039329658e-02
4.060187807454142955e-02,2.056692208730533447e-02
1.337702751745847574e-01,1.245901155373665553e-01
1.690476815806547239e-01,1.759954494371726019e-01
1.117857067530168280e-01,9.487445459514816382e-02
1.062956917775730592e-01,1.054930911237077218e-01
2.602797344204829579e-04,1.034868282285922704e-03
1.024815936288718393e-01,1.265532130027776925e-01
2.690530787812883684e-01,2.477142766765587645e-01
1.747007637718011935e-03,2.272446449002412522e-03
8.572964799536689435e-04,1.049385451673878064e-05
4.620895557106489693e-01,4.108646261265923583e-01
2.404608221771575016e-01,2.410712971349099065e-01
6.680379924343224918e-01,6.875273875763849851e-01
5.403726516799386287e-02,6.638812894477648385e-02
3.100925194074374554e-04,5.231908076208896356e-05
1.128128109136974505e-01,1.144231683659483884e-01
1.630832933233941906e-01,1.974369273119493395e-01
2.574270662487548322e-01,2.423915314036496904e-01
1.489768013078116016e-02,8.897972875308314197e-03
4.467276529725795059e-02,4.053687737096162841e-02
1.003809405680966549e-01,1.031612839725423864e-01
4.780791080348933270e-02,4.924339014690346655e-02
5.198494497239821710e-01,5.057975233946663263e-01
2.055610625375320702e-02,1.095550110416478214e-02
4.986242660906906737e-02,4.310541342376675300e-02
4.305606757303988286e-02,4.211995433731346300e-02
1.712685322608352781e-02,2.631200342371731171e-02
3.495361655341895912e-01,3.983476905398143364e-01
8.277087637511511276e-02,7.327267437988098375e-02
2.844136463017416516e-01,2.994811949071018997e-01
2.406091132471135637e-04,6.718874013927224722e-04
4.886065801903826666e-01,4.774216556501441056e-01
1.658046051688969120e-03,7.803680656749812858e-03
1.197890011674616617e-01,1.006858596160101343e-01
2.070245204243689741e-02,1.969550912769489973e-02
6.948520954388553994e-03,7.504319678423166350e-03
5.110911815779131118e-01,4.829738142155456382e-01
1.843554706459452075e-01,1.663823547968328598e-01
1.468105503376619103e-01,1.391386735151874665e-01
1.390740476970295930e-02,9.280078640909909110e-03
1.554499343749304319e-01,1.776386186177404958e-01
1.785443451776141943e-01,2.193983061179404781e-01
1.016945243624020334e-01,1.107508203728169438e-01
8.222735322281916545e-03,6.500040205807658573e-03
1.794918406965775592e-01,1.956837626051999013e-01
7.335657011936222438e-02,7.238291273259843395e-02
6.682901045376150873e-02,6.838240696519569395e-02
4.891213399028990216e-02,3.908819432049808612e-02
8.538686383524624057e-02,7.548441635524917592e-02
3.428617115158599793e-02,2.985496513712492320e-02
5.413464834215737931e-02,5.646645056874306096e-02
7.014179117789147433e-02,8.147760728903996608e-02
4.055266257835221655e-02,4.414448974430267014e-02
8.455165488407040408e-02,7.890826911143256073e-02
1.577867347488642619e-03,6.570513714711247698e-04
5.186817153295511518e-02,4.476767190057752421e-02
2.101693460161414145e-02,3.478418841367074410e-02
1.541270919920456964e-02,2.121540341089523177e-02
4.537668766142359533e-02,3.072127058380068332e-02
3.319429577213006601e-03,9.446928018062147533e-03
1.916490284356951040e-02,2.295024988603418595e-02
7.650393809999896056e-04,1.909640308729970535e-05
4.456315854316473812e-01,4.281223441802247676e-01
2.529599950158508137e-01,2.689683144221141631e-01
3.810467626967619648e-01,4.142444732510624505e-01
4.880406547338982624e-03,2.503104465420187552e-03
5.789473215185225036e-02,4.187943183764476773e-02
1.760542087409015799e-02,1.420218184815697123e-02
3.915596938064185711e-02,4.546763257732217012e-02
1.153499142425715440e-01,1.444851583899728620e-01
3.855302885930741649e-04,3.107561439526315521e-03
4.594467065885001096e-03,6.389795311482441599e-03
3.359654774531463661e-01,4.236475614584020444e-01
3.818237708336716385e-01,4.073440281259374518e-01
8.345221139225916795e-01,8.719541803946129210e-01
7.206402061685650284e-02,7.314299332130726194e-02
9.849191285770544468e-05,2.196784708507835266e-04
6.183753580903115360e-02,5.732610794034793955e-02
6.041603531099878216e-02,4.645032071090793302e-02
3.922936454040811156e-03,9.550125929158730445e-03
3.413034503966804606e-03,3.861202902130833354e-03
1.010317107357466826e-01,9.471992186853159246e-02
2.676102514242785224e-01,2.719631441581013553e-01
5.485109582807375789e-02,6.205549147863163861e-02
6.171062948380759972e-01,6.373837075528979712e-01
4.175601921847537507e-02,4.241313083373071668e-02
2.757519827728913825e-02,2.374327541236329400e-02
1.116410904887404042e-02,1.601068639832819648e-02
9.149983065622148762e-03,9.514208837838192614e-03
2.077174549651062407e-01,1.914313739055091002e-01
2.063637937035850065e-02,3.033129248553620427e-02
7.581614038821393731e-02,8.738340471935736320e-02
4.543022453313401432e-03,6.927754175013729580e-03
3.951941000883474886e-01,4.322058069147330928e-01
6.457948916709954634e-02,6.935559199977851808e-02
8.747705635935397808e-03,4.112272674723392758e-03
1.665814209870290497e-01,1.831261806104710899e-01
1.861248189172022907e-02,1.918812185399628237e-02
2.008801378610068286e-02,1.013729294310015787e-02
3.835992226807344863e-01,4.232653001592310282e-01
9.612447476310369276e-02,9.459608112856884854e-02
2.632455955118634741e-02,3.458625811040724751e-02
4.639813476858449803e-01,5.051763076208245495e-01
2.912123321421689406e-02,2.329679291230762547e-02
2.603711094018904514e-04,6.575849474876810982e-04
1.817250767659369173e-02,2.056073073726302422e-02
5.129380100780318863e-02,4.096858371666056015e-02
2.846888336731839275e-01,2.631841750981542272e-01
4.101506438837962398e-02,5.702238865217375968e-02
2.402040217593100560e-02,2.121303423902849705e-02
1.945178110175909509e-03,2.180492866086911844e-03
2.255376123484647329e-03,1.371256736497472335e-03
4.681454326530046228e-02,4.098279598590803818e-02
4.273175711745724054e-02,3.337694733358565619e-02
4.029069502203047604e-02,2.417874669814817565e-02
1.529614816254715459e-01,1.663739280497277262e-01
3.293595220797605749e-02,2.704719028893786889e-02
4.759114844844993170e-04,8.267161348337856474e-04
2.754888230407693817e-01,2.760556283032338798e-01
1.354862247841815137e-01,1.498278349919533736e-01
6.863475718499630410e-03,4.338399132050693892e-03
6.682212311625550516e-01,6.990432172050841109e-01
4.490278899256904266e-01,4.992651942187952829e-01
7.895466542497282803e-02,9.267920497103307453e-02
9.190086615567343020e-02,6.796264194035299411e-02
1.738281572659307050e-01,1.759742505665591594e-01
1.086804378630508300e-01,1.238697404576092620e-01
1.194546684242518328e-04,3.108151362349303716e-05
2.804368992934387905e-01,2.615745807054292715e-01
1.069060685623953594e-02,1.820898216298827421e-02
1.750862195153430889e-01,1.605354843036744528e-01
6.802870910816929406e-01,7.423654970676745180e-01
2.595025751116964430e-01,2.672806072068058536e-01
4.857870927313813654e-03,3.880825930825566004e-03
1.221730372037199523e-02,1.055253860745333089e-02
8.634669326360236560e-04,2.753491956856287618e-04
2.662411676507907277e-02,1.956127928372912439e-02
3.993028247253103125e-01,3.983248043372875635e-01
1.788644383102614976e-01,1.906535471464132769e-01
8.780590348476431531e-04,4.210506541642584227e-03
4.186822685573029969e-05,1.540286532602871288e-04
1.854720298723312732e-01,1.690142518080236245e-01
2.037324515740239830e-02,2.086103517773886529e-02
1.589043250534481755e-02,5.777656590305108551e-03
1.148339156763709783e-02,1.109365155933074096e-02
1.749218018481209225e-01,1.937887520715951273e-01
7.936554630683419209e-02,8.416867473683152523e-02
9.913211867720038428e-02,1.013763549656181567e-01
7.695789340606153106e-02,7.444984042986503570e-02
1.748956614930396308e-02,1.521401854195515539e-02
4.131860782973432295e-04,1.079309239782523999e-03
1.001727390955566982e-01,9.466407425821082855e-02
3.751564785350488540e-01,3.458248801895365543e-01
1.296674893141366164e-02,1.948788677464215538e-02
1.282724991060722464e-01,1.273605452856179099e-01
2.138434311096801821e-01,2.157055013350280270e-01
2.203203803936479646e-02,1.645311334018319943e-02
1.585934709808967114e-01,1.754977015478078328e-01
8.721390139305725681e-03,1.671270360715546716e-02
2.519299350541911314e-02,3.392874849377792990e-02
7.465970706710623123e-04,1.983291289100204153e-03
2.152349055016144434e-03,2.796242566262077591e-03
1.494285132460248904e-02,1.087751334063256567e-02
1.409768274071960268e-03,1.790498170384832721e-03
7.134119864477869027e-03,1.202506522839682547e-02
3.496223813679857993e-03,2.489552816401702662e-03
1.413670546418405649e-03,1.948677154324957332e-04
1.892172355985646121e-02,1.238657290120259540e-02
1.076482078722830887e-01,1.014489380314214928e-01
3.279963071583910650e-02,3.971224216462373308e-02
6.347227140641512749e-03,5.804713136774710021e-03
1.698266603314424819e-02,8.641955091888193011e-03
2.318744782470984200e-02,2.564512289970614575e-02
7.653359937228976229e-02,8.626552117834480893e-02
9.647562576021439032e-03,1.303201966964061959e-02
6.753579764136038999e-02,6.418735799611234583e-02
5.341473792323343794e-02,4.903198851496307770e-02
2.387099645687960348e-01,2.447285046103572781e-01
8.531335468377809761e-01,7.862288429429927783e-01
3.233708739645842906e-02,2.728714702391005914e-02
7.709055674264973963e-04,2.992615943718288964e-03
4.806583584385788477e-01,5.203463792619715811e-01
3.776170675258679055e-02,4.701521077218639294e-02
1.842883543120470841e-02,9.904922151504711586e-03
6.859546901351751269e-02,7.453389188774373064e-02
8.772628862956434459e-02,1.092007832956265467e-01
3.669619805368219971e-04,1.474880656415664670e-05
3.483847142341463532e-01,3.075986476244886858e-01
4.234126500440831692e-02,4.930743051696681589e-02
9.597691494439590520e-02,1.049092140647387983e-01
1.602033977305827583e-01,1.845434667239902460e-01
7.169349994091660516e-01,7.016746104816220519e-01
1.500680324391010512e-01,1.202645683884797922e-01
1.246345420342357402e-01,1.205921030695689955e-01
5.423565327705302808e-02,5.430140804162839063e-02
1.621811634141839126e-02,3.274293702853880300e-02
4.454550539460137570e-01,4.487549129160789962e-01
3.290393033296969832e-02,3.935848459680400813e-02
3.681757305151714399e-02,3.921121129456077437e-02
1.604776949097363884e-03,1.799376386384217040e-03
1.027298537544800959e-02,8.191763817241438927e-03
2.557338036709256093e-02,2.697394706135158859e-02
1.483547405693577508e-02,1.501941547346944891e-02
2.030183811542395425e-03,2.458680737502693444e-04
1.267793022153235541e-02,1.373818706255766631e-02
4.920271149261489643e-06,6.497765868040256392e-04
8.506783286571305931e-05,2.807011791417336278e-04
1.140053210450570897e-01,1.071465343049996383e-01
3.589068767006713378e-05,2.598842779433629399e-05
1.893354426495660880e-01,2.159287752053937193e-01
1.661200157729026501e-03,9.785049652211979393e-04
1.907924130425717527e-02,1.868098974186062008e-02
2.495093720503007220e-02,2.548651201455646303e-02
1.752738689193116678e-02,1.704966112343849968e-02
2.721685812361279364e-02,2.608610066733598604e-02
2.120493131478992932e-01,2.237931493283939755e-01
5.778283268266900391e-02,6.787295123186978807e-02
1.152250228948309696e-01,8.070437830226334652e-02
1.373859531932287992e-01,1.582473456554479851e-01
2.380452213864523714e-01,2.264121753735996445e-01
5.868365306898231104e-01,5.878792918988403615e-01
2.612228906854593968e-01,2.796110378530984319e-01
3.898557244470912675e-02,3.869309631426890578e-02
2.851553514156027758e-01,2.914402703027717534e-01
9.195502584075383040e-03,1.113010392708227263e-02
2.539177018152053919e-02,2.369172540035254654e-02
9.907801318662586010e-02,1.038785393622848191e-01
8.648017316824500866e-02,8.726048681023595988e-02
2.104447634603297257e-01,1.968393701159866782e-01
1.932145630294896874e-02,2.707365644993862952e-02
8.455746355656161735e-04,2.769204951602635928e-04
6.320560421993731692e-02,6.627726374714990043e-02
2.617324834091954155e-01,2.439860237749128247e-01
4.003366696363149825e-03,8.870318431354202440e-04
5.345822548531285572e-03,1.321706595426823047e-02
8.198842714620924177e-02,8.505045355042535615e-02
4.553402397776618038e-02,4.667001641626889602e-02
1.486102596004340408e-02,1.799932352974782657e-02
4.705915676605026965e-02,4.316817248836636589e-02
9.616682407792286058e-02,8.974731243721226215e-02
2.487110642333018214e-04,9.244176524041616415e-05
1.373544135008300249e-01,1.360802415862882586e-01
7.529801311278816467e-02,8.397739633798224912e-02
2.367420639662844439e-01,2.462490457816870482e-01
2.877393604654761572e-01,3.179116407157285829e-01
2.676855693302152006e-02,2.233733779654164739e-02
6.029929692046235440e-02,6.298676781042880646e-02
1.177980273256375165e-01,9.909825978448703887e-02
6.508488518489227020e-03,7.135881338305977151e-03
9.996251736777614014e-03,8.235677585068781892e-03
5.068919039282557097e-03,2.609361102904592979e-03
1.604471414931135098e-01,1.654078700932538892e-01
1.518997596177008857e-01,1.778206458132621237e-01
4.152008996821341946e-01,4.205513985775518049e-01
8.238278747362721977e-03,1.161883249675708767e-02
1.790339365082963680e-02,2.013035598462388151e-02
6.732690998671606725e-03,7.321963435939075546e-03
2.255368729233999392e-01,2.159311847317846589e-01
1.136255571457969044e-01,1.298634924805301960e-01
1.556223300856239833e-01,1.654560655175268125e-01
1.472245951394645508e-02,2.161000350087468810e-02
3.579405125629864237e-02,4.224760430189337251e-02
3.112208397542426484e-03,2.735370061207741989e-03
4.408175864546747306e-04,2.979407214756765076e-05
5.125175180294064825e-01,5.263235324466047915e-01
2.235495334165515588e-02,2.740779750543923324e-02
2.723341963406913924e-02,2.433982987143202062e-02
5.688267875684782822e-03,4.594110098486245408e-03
7.228870724802387293e-02,6.717800448735508634e-02
2.683993816191033166e-01,2.820239799282648896e-01
2.011243252015306425e-03,2.349945697164202221e-03
5.943253555913938224e-02,8.368916945719076517e-02
6.335754346220888629e-03,6.824301535205094284e-03
3.559716155553017958e-02,3.611043145409148503e-02
3.293833935306073601e-01,3.651645562609968643e-01
3.996004979037579870e-05,2.988681473537173615e-05
1.967954615729029452e-02,2.726112970125824098e-02
3.628035130480727899e-02,5.448576472279057642e-02
3.533112647935714862e-02,2.702085089651907329e-02
1.028437146597290242e-01,1.004401083274670953e-01
5.122631466461944260e-04,1.151552251755352807e-03
1.530688873169177566e-01,1.599419670683459582e-01
2.826074924119483661e-02,2.405590644385445856e-02
2.865796355726523206e-02,2.341401440461554628e-02
2.362075390685903359e-02,1.985002855138370131e-02
1.593734603712683873e-03,1.417998381680711083e-03
2.287949823350937661e-01,2.092177134593160015e-01
1.877361182055500843e-01,1.913489548108734395e-01
1.008097608850527446e-02,1.737754569888369169e-02
2.462819364471525996e-01,2.362871794977597639e-01
7.960419197750841225e-02,1.047084749195351661e-01
7.436805362709845990e-02,7.391852947324577261e-02
1.266796468742278636e-01,1.432344139700404417e-01
7.574317167487820690e-02,8.981570039219730073e-02
5.150440348028971146e-03,1.000128567314971344e-02
1.631074206711125799e-03,2.544998905970826276e-03
7.557947664262248588e-07,3.755751575333091054e-04
1.345665238919943954e-02,1.078810029596507722e-02
8.499342886432175170e-01,8.458590681612816464e-01
4.594770151155491006e-02,5.662849500125481661e-02
1.937407567693102961e-01,2.176933450857299612e-01
2.469934567427475580e-01,2.155589466252756936e-01
1.104172375100169745e-01,1.446788619549393695e-01
3.448270167478552362e-02,3.914249311029716766e-02
1.705023956057234746e-04,2.820581356843298356e-03
7.874742837836487541e-02,6.990253398989153266e-02
2.961993031486630928e-02,2.298817623138866423e-02
5.292489514703894310e-02,7.028255282762903289e-02
2.432393458362283253e-02,2.063537994444948273e-02
2.207600489505875674e-01,2.278366773245589227e-01
2.025067539185323659e-02,1.224115950784788326e-02
2.902813303130656608e-02,1.609450716387316599e-02
4.706258867242126692e-03,7.502392217213630851e-03
3.298803169388476314e-02,3.029970983450763072e-02
1.080705912800461327e-01,1.368988396048172740e-01
8.340348481511900003e-02,6.720650214124332389e-02
8.252667270247976330e-04,2.565406542556519136e-04
1.703775058425233691e-01,1.579779538471858813e-01
4.717935929204248452e-02,4.235120565359390410e-02
2.535952927335125701e-02,2.320515342990126309e-02
2.093246489166181168e-01,2.111922934289153508e-01
1.908599160035991463e-02,1.183164097233854392e-02
2.194764456939592211e-04,2.974112224211678525e-06
4.772220726893601495e-02,5.112770653980930335e-02
2.238042549600049655e-02,3.181298413457075286e-02
7.019989524954580590e-04,3.507750866561770708e-03
5.585102116808430411e-02,4.966199166891936689e-02
2.866072520565323689e-01,2.492641817536036808e-01
4.503095411910101875e-02,4.554672259903812942e-02
1.318715736611914685e-02,9.537411322922132589e-03
5.214753755155464576e-01,4.777871213450465282e-01
3.567590779695826390e-03,9.167435596378784718e-03
3.493956952887821051e-03,3.000306433642345016e-03
2.517977485708192652e-03,2.863344087357813129e-03
7.194158630522849707e-02,8.236660735176938586e-02
2.743520924228961318e-03,3.017904632167675376e-04
3.611999030312206590e-03,1.053741283274500638e-04
3.872583751315953476e-02,2.830937490180569782e-02
1.697150330606041918e-04,2.694486417592939536e-05
3.729540487191244230e-02,3.644617300223873535e-02
1.219005668928637744e-02,8.844604556627966643e-03
7.817244212555801708e-02,7.660477840587891218e-02
2.202610645423152269e-01,2.445915762945621297e-01
3.196040281913439807e-02,3.225247913676115158e-02
3.158580541961279742e-02,2.176849074361385250e-02
2.642926129914896158e-02,2.383105479983800568e-02
1.346374656661422121e-02,1.828442381211371065e-02
5.362024032281172969e-01,4.549649977002189760e-01
2.375478596649975918e-02,3.361446609715280920e-02
3.131713025701446940e-01,2.812686075461151569e-01
1.022436891387180262e-03,1.134865469960926604e-03
1.171273968857710346e-01,1.333550596472478367e-01
4.403603809483210355e-03,1.871901539964809878e-03
2.611795610380374111e-01,2.575982381255876863e-01
2.012939532890057823e-02,1.125260993721824247e-02
8.891597011608862178e-02,9.024326524615611245e-02
1.693043340008495642e-02,1.204303229249013493e-02
1.232959517299073993e-01,1.189286980887996753e-01
1.060053572452462694e-04,1.074445387877100274e-03
3.211304412305318601e-02,3.267422436235675048e-02
5.405272119398363967e-02,5.721545143588804144e-02
4.969229639756506112e-02,4.852469381583333907e-02
4.270683982956478310e-03,4.833701221038636323e-03
6.184678388257639457e-03,1.244841283371955895e-03
3.004048125997768257e-02,4.002244632285823639e-02
9.003715108871286621e-02,7.980524244227396591e-02
3.452538735962759620e-02,3.030244043404670476e-02
1.798734811391073524e-02,2.351163773884680508e-02
7.521082883345303616e-02,7.413167242523428790e-02
6.992505430171193359e-04,1.389989970136062524e-03
2.425130729281766220e-02,3.120134897769722554e-02
4.849760757093886099e-01,5.399030330182414961e-01
1.053636513515081308e-01,8.289327668745731514e-02
5.009362875531726822e-03,6.537608121791273555e-03
4.821592244050829090e-02,4.818608221334263336e-02
1.074079903948150193e-03,7.155058474965066391e-06
3.117394067353122106e-02,3.236508040734622366e-02
6.573685474340514034e-03,8.879786664601707624e-03
1.876149658857350494e-02,1.733558704993161045e-02
2.229729773732149756e-01,2.316911473891901385e-01
5.937196417743172139e-02,7.026480109302901678e-02
3.187576060955431556e-01,3.229137622947844677e-01
2.830935841399735697e-02,1.778839070828489022e-02
1.206212109568791102e-01,1.144548971662377179e-01
6.772283515614626551e-04,2.233157307643717025e-04
2.230565979205090602e-02,2.482145381355214606e-02
9.025309864069325227e-03,1.168142467452327506e-02
8.241434595500386762e-02,9.982047797851820170e-02
5.653859981717817423e-02,5.819928950323126349e-02
1.479528083886793577e-01,1.333295500945257950e-01
1.292954334562689267e-01,1.244965485638583474e-01
7.714847139256207631e-02,8.236942653488728283e-02
8.229054602302120214e-02,7.696316386192258996e-02
8.215840620204507838e-03,7.598612263397410901e-03
1.681851303537400255e-02,1.411227096628189445e-02
4.030402752168633085e-01,4.225057762054965083e-01
1.921429175846400481e-03,1.252199603850960563e-04
1.107589791021375419e-01,1.100600656066463151e-01
5.001955521094109125e-01,4.436090827293046046e-01
2.161554024018963460e-02,1.999561083272588524e-02
4.714093052695518538e-02,4.297528616605410245e-02
1.924028810332984243e-03,1.154687166639547157e-03
1.349871335083949186e-03,6.339659432513549591e-04
1.280058593417581110e-02,2.366610921539025539e-02
2.084229770901651832e-02,1.716004279833774696e-02
3.608722599887167364e-04,1.552555738609978956e-04
1.547905037448184251e-02,2.745274108095305601e-02
5.289804268071387344e-02,5.668417819657881052e-02
1.152222632244236968e-02,1.300124643940912469e-02
1.367744844299055226e-02,1.870576522453949730e-02
4.384747882747298819e-02,4.209111902443193193e-02
2.279035024300732695e-02,2.716031642726261797e-02
6.776595891867567278e-01,7.201523047911284614e-01
1.420398343207982805e-01,1.381376282123894517e-01
6.223464016876673749e-02,6.423179892289843096e-02
1.663851363149720843e-03,3.198352520577961607e-03
2.704548160978431995e-02,3.508425240451844979e-02
4.078455436907163500e-01,4.531617072293382398e-01
2.244728334593380781e-01,2.361429824862037730e-01
4.495966289602354449e-01,4.840918701360777954e-01
1.396805656607515433e-01,1.311828605813566695e-01
1.379446636644668656e-01,1.534384818463317979e-01
7.359717994997693191e-01,6.965031693978316341e-01
4.825742480387222866e-01,4.897990800027844371e-01
1.047967793549634159e-02,1.275524219142957355e-02
4.139143543461920038e-01,4.105127891157576148e-01
1.663364251832034901e-01,1.439591462151517398e-01
1.215857447967096279e-02,2.761332747120849931e-02
1.609702841575897936e-01,1.543081248949380591e-01
2.746748494216403724e-03,2.151535734427391291e-03
3.486105622864657614e-03,1.522087798991194479e-03
1.639878115398774594e-01,1.581293414603007486e-01
3.087478431484095426e-02,2.576657121811736298e-02
1.534762518023363373e-02,1.348236884879581467e-02
2.414337678837791962e-02,2.046020855672158259e-02
1.008797119926758412e-01,9.782753472981518816e-02
8.249356911770480694e-02,8.011562062054726485e-02
2.451470748478682196e-02,3.057362285597585438e-02
9.646394799800490916e-02,1.025620850289173658e-01
4.649171188042929004e-02,2.533961723957670401e-02
1.897272671978780523e-01,1.996348366293689003e-01
1.787116666212917870e-01,1.862334956637113903e-01
1.785929465245007508e-01,1.995329538876994269e-01
3.489333340184488930e-01,4.207290789582438517e-01
5.741870059777096635e-01,5.822500326866077991e-01
2.744284725763474518e-06,8.072276297868266878e-06
1.025816502076035835e-01,1.014034790758784887e-01
2.141410287258290468e-01,2.080852520483890411e-01
4.500721416645449974e-02,3.579772387277144197e-02
1.815578434485015224e-04,7.628317041308341261e-05
2.377282491118721808e-01,1.920125763688794729e-01
7.655623369031747116e-02,6.522510958324312380e-02
1.405665602263999059e-01,1.608832646838042335e-01
1.765524300861740295e-02,2.353778994686905532e-02
4.213123778733116609e-01,4.072854259484310346e-01
1.780750141513176288e-01,1.965128564734491268e-01
1.203802337971973113e-01,1.255561189033994607e-01
4.353625530279184308e-02,5.395583972419363411e-02
2.860798106438054988e-01,2.717768343563251587e-01
1.103908040621263964e-03,4.167163918264284259e-04
2.762760473560467167e-01,2.547949599747300620e-01
3.460902404955436967e-02,1.925387460396796660e-02
2.049009602657357043e-01,1.949382962214105119e-01
3.434807390566830404e-02,1.833060500179773886e-02
6.717115172468441503e-03,9.114197257188498894e-03
1.102080164091003706e-01,1.029454830516580988e-01
1.180321993618460436e-01,1.233954181180421245e-01
3.567334297281684607e-01,4.360587004115422105e-01
2.503218887660473291e-01,2.818435657084127355e-01
2.035269272743226998e-01,2.113541905690250466e-01
1.961456403371763038e-02,1.268210686021466020e-02
1.234855331631155712e-01,1.322150206895272850e-01
1.885461800222609230e-01,2.137748611303569857e-01
9.087423837823843664e-02,9.657820105086872831e-02
1.125148383898303822e-01,1.119222025305842971e-01
1.336073880788114614e-02,1.274537835902781607e-02
5.768682854523853321e-01,6.197815391822144582e-01
8.382088652606563273e-02,8.175784934230505285e-02
4.291685944816373693e-02,3.589298140167641177e-02
2.606567649487289209e-02,2.335505476059343208e-02
2.004094389232039322e-02,1.221869215097827303e-02
4.603653389341737928e-02,3.353756301562054593e-02
2.066416449472792492e-03,1.642342496062969975e-03
1.330686308098212589e-01,1.246090415461663936e-01
6.540179341107531241e-02,7.503955203547996167e-02
9.933513938673087327e-04,1.641385001137363187e-03
3.925346789266904168e-01,4.320655260732775838e-01
3.941130202447872821e-01,3.559814704217477699e-01
2.253207347412902392e-02,1.975497492189078746e-02
1.187978591106939180e-01,1.245568246830546927e-01
1.342203282001045161e-01,1.160956456644281765e-01
9.090185597105396786e-04,1.580846923846045355e-03
1.878369181424899151e-03,1.417650981390707532e-03
1.811698349843975375e-01,1.665714172239082247e-01
6.728594856940803282e-02,7.622714298523371179e-02
2.779430435228896212e-01,2.587109563194391892e-01
1.186944933473954439e-01,1.534831585054063641e-01
2.400565739650974972e-01,2.147840259515415295e-01
3.305509788808721344e-03,9.150633774497015163e-03
1.374122011780563313e-01,1.134516917394642055e-01
6.049811956509925509e-02,4.164611205480202999e-02
1.060643097715346754e-02,8.585184760142266017e-03
2.250997231381563976e-02,3.305596362533597121e-02
1.022414324743690190e-03,2.214534062523224652e-03
4.865250329628839539e-07,7.224494250534458989e-04
3.425439830888464265e-01,3.501643185608110942e-01
1.031384882001923500e-04,1.707254567111504955e-03
2.896856407194864924e-01,2.768113227399864318e-01
1.345946261978864522e-01,1.247815387598990855e-01
9.137782348840256530e-02,8.325113538855585804e-02
8.157549163569520478e-02,9.753269316301217684e-02
5.400288235707689788e-01,5.172442628820548283e-01
3.786284857583775976e-01,3.942369836017355356e-01
1.366688798588132489e-03,2.174786433398110969e-03
1.452194542462101334e-01,1.564012596372636732e-01
2.818310789312267976e-03,7.085763392913197768e-03
4.354082649924939652e-02,4.205861809267825296e-02
3.066313051291293945e-01,3.224884262393203915e-01
6.045217944588394954e-02,6.154774563071645915e-02
7.903361628648723769e-02,7.776343861941678592e-02
2.812578128924662652e-03,1.733468348210213646e-03
1.142025584603520161e-01,1.177333522581043290e-01
2.599047622325598335e-03,1.385084897142109268e-03
3.067402653142083449e-02,3.981358537216864169e-02
4.492605016654892085e-03,2.810049314747012535e-03
5.320137494920260980e-03,6.156730047384642232e-03
1.997130400597085798e-02,2.384552826135633366e-02
4.322462650929235345e-02,4.449878912722207702e-02
1.206813242086148506e-02,8.286546008859212512e-03
7.218656449987220780e-02,6.338975181615814913e-02
1.623932863638021667e-02,1.463988146674516204e-02
2.998257628949956843e-01,2.850579677762916098e-01
4.016030627415261012e-02,3.816131625215892637e-02
2.529524438935139008e-01,2.558730021067247007e-01
3.289315855920165177e-01,3.380320725863047993e-01
2.702059776406397218e-02,2.551272177615824394e-02
5.064744954129450638e-02,3.875797796290546271e-02
2.495464205651238276e-01,2.557151712312507597e-01
4.375530733115426396e-02,6.179996590756321739e-02
5.274950525808071861e-02,7.100725763040961758e-02
