Pf,Pc
1.044345922355537776e-03,1.894991916213518523e-04
1.201985833261320358e-01,1.461030851005182818e-01
6.145449836307772910e-03,2.536932947283582402e-04
1.500105755302047483e-02,3.853203621426027747e-03
1.995325720462390665e-02,3.473755565455554500e-02
7.281905262515811494e-02,1.640077500025147739e-01
2.594680791904458439e-01,3.212738319843642110e-01
8.006781097593752882e-04,4.058713004170994720e-05
1.171239311193908884e-03,2.997702641662399522e-03
1.355604697240229972e-01,2.546381487254363307e-01
3.093721620062475641e-02,2.003597948575117776e-02
4.242427970489575650e-01,4.645085116463884001e-01
2.621026758305360430e-02,7.315451799970945981e-03
9.630550458818167361e-03,9.390336035770793788e-02
2.424943834910653906e-01,1.811659751535703300e-01
9.109282650524455627e-02,3.983124685980295177e-02
1.475576615276188719e-01,1.623485399535265217e-01
1.000452898667609364e-01,1.312740639925326913e-01
2.717250103173199632e-03,2.152383430263056507e-02
1.815890737002810729e-02,6.817179191437253150e-02
8.282122276348334589e-02,9.785583427864602557e-02
5.196843520391807025e-02,1.171177474417916045e-02
7.126060039530152102e-01,6.053738803719853623e-01
1.260150270525117223e-02,7.094541683982139024e-02
3.405187271989971835e-03,1.363322058828765788e-04
5.636241934439731316e-02,4.157920822691456297e-02
3.876243201165796570e-02,5.987288417242907224e-02
2.268673310871331845e-03,1.871570470370170422e-02
3.734725378193955690e-03,2.353379498961951158e-02
1.093686781440214757e-02,2.141166375766051858e-02
9.697937755516026700e-03,3.881613674716019591e-02
4.541339204697862966e-03,4.088624860387069654e-03
2.866751203417183466e-02,1.286414624696333858e-02
1.213478702608694572e-03,3.272394490076155956e-04
1.187884448259894504e-01,9.829258275073073092e-02
1.192351012090145934e-01,7.402583851361323186e-02
7.303126179725786260e-01,7.341885904743769009e-01
4.397099692685277859e-03,3.248853666671477035e-03
1.072363232445304460e-02,1.250310598370747012e-02
2.164962558917953028e-01,2.451664225054350499e-01
3.990218125326902565e-01,4.101210253746264134e-01
1.836385659904723328e-02,4.733363267985703053e-03
2.412444288745243506e-04,6.414735593176773673e-06
3.954617202749923302e-03,5.213557150942584560e-03
2.365756261857313580e-01,4.203934698568090877e-01
1.840654608433012576e-05,1.883249222390458947e-03
3.693888749290998308e-01,2.967700985463007091e-01
2.727474067083458104e-02,7.319918987309297596e-03
3.074250695142632418e-03,4.100828752688414139e-03
4.768802964817926010e-02,4.615981955667659842e-02
3.526021463203717066e-02,3.490997062532063405e-02
2.664085614630572196e-02,1.778721114314737659e-02
5.189788965144346428e-02,2.161534236845302770e-02
1.865172980603194575e-04,1.312505341066210049e-03
5.153086482964584769e-02,6.149464174242900982e-02
1.697241038271883606e-02,1.402077333281067728e-03
1.732343437012627378e-03,1.227693540412678509e-02
8.493746141402264832e-04,2.297309621993275380e-06
5.259807958561446561e-02,1.663255861675589642e-01
1.594941257224833098e-01,1.684043632105110821e-01
7.337325056716600610e-03,6.601406389527650354e-02
8.117705034770999247e-04,1.352766507543082686e-03
3.159954068537527191e-03,1.375597632045131398e-04
2.537578797022828070e-01,4.437146156199293090e-01
4.918333548069908677e-04,1.436179055008018381e-02
4.415387119599076260e-02,7.134922306900559792e-03
5.563812979927773919e-03,2.964761848971651098e-02
3.587873806357081904e-03,5.028167002644520852e-06
2.109120736323274320e-02,1.276467193545600259e-02
6.054619205422084871e-02,4.621427335898192768e-02
3.031741267676831830e-01,2.502553885729727479e-01
6.823877893116734976e-03,2.184119556974055409e-03
6.794080230036325663e-02,6.003106322156785690e-02
4.407101296484899206e-02,2.611496549761267369e-02
4.025907060129108733e-04,1.815117293376846894e-03
1.056281252618187920e-08,1.416197193952789491e-03
4.470159891834005889e-02,4.849229849849106405e-02
4.755697100678655392e-02,1.211914652816607979e-03
7.107600874213473863e-02,8.617445181811232702e-02
3.968570242913144891e-02,4.630006330906459577e-02
1.422837843623779054e-03,1.843907186336291818e-04
7.314435405275917850e-04,2.580651473742642983e-04
1.985298831400941488e-01,2.763593414105172674e-01
6.026556475328186070e-04,4.370555299273450045e-02
6.936388930833406810e-03,3.989557191994183571e-02
1.206307877073814613e-03,1.908821429119423457e-02
2.087780999109584423e-01,1.367495579167735398e-01
5.169969593856419410e-01,6.838234211790215067e-01
3.156904861363057230e-02,1.835034754345379535e-02
2.178957059299188592e-02,6.535593047592069826e-02
6.230089463149237998e-03,4.538839899967628960e-02
7.454692242479976638e-02,3.543993580520266723e-02
2.866657728161654123e-03,1.395058039294621720e-04
2.852986277024173734e-01,1.903397339861161441e-01
6.575914294082037259e-02,8.597726859627302654e-02
2.030675590716306438e-05,2.865110240036073514e-04
4.927759226877875820e-02,2.886607067934634022e-02
2.226218115549812374e-02,2.034478383734138890e-02
1.229659806175740916e-01,1.858342985653725910e-01
5.666761707987884034e-01,6.847070721033189367e-01
6.858243728762733471e-02,1.005097186641924351e-01
4.608120521480102427e-01,5.308540124761218504e-01
2.411259576929664864e-03,1.990514925969878723e-02
1.432518294076343297e-02,5.391860266603503630e-08
3.127787921664133136e-02,7.110027302679236549e-02
4.227188477375734207e-03,9.803467871015162510e-03
3.317119348521960741e-03,1.159793020789490377e-02
5.343456376997361007e-02,1.142155646174811551e-01
3.959632736364850775e-02,2.661426988851134726e-02
2.714388528970465009e-01,3.251938736766396554e-01
1.734093976365242915e-02,1.817352892852433510e-02
1.883969330528693226e-02,3.426839831335526387e-02
1.161304022065617475e-01,1.991498976163718904e-01
6.569556376680345602e-03,3.531342553112103849e-02
4.053765956597245833e-03,3.537040637488150785e-03
1.130766429205769599e-02,3.125035935620074003e-03
1.207752809025209109e-03,5.051420804436871758e-04
4.602589926723397312e-02,1.117681821500720457e-02
2.250598252780304856e-03,9.729825637827144505e-03
4.306453439259775445e-02,6.989184271634853174e-02
1.410435803016459322e-01,1.474108507645720545e-01
3.636692773884317997e-01,4.823535069781488271e-01
5.740228464453832335e-02,7.186428939858656439e-02
1.922474693393156448e-03,1.914219444340687715e-03
1.773012737382909931e-01,9.880134770877839478e-02
2.025513538730177310e-01,2.983425613110725072e-01
7.335807502692440370e-03,2.550180397097157395e-02
3.117437253934871033e-01,3.289907307623267663e-01
1.140517399121003875e-02,6.628802860552110085e-03
4.734556471654852335e-03,6.406599894564419737e-03
3.399723851379421458e-02,4.264452308549671056e-02
4.898982428721742471e-02,2.242462985825246363e-02
1.777781618690343077e-03,4.052722599819831746e-03
1.049997939823129126e-02,9.413367737445036201e-03
2.726754767269433388e-02,1.724270364225717481e-03
8.526963797711814563e-02,1.212345790069883494e-01
1.141633625821280446e-01,1.305626993554349635e-01
1.410526271510383345e-01,1.136913048391833408e-01
1.324890215685948502e-01,6.034616261350966848e-02
2.572047037321392379e-02,1.091288511058781559e-02
1.230460992486325173e-03,2.176383023788860255e-03
5.789762131043384857e-03,5.494365254064598886e-02
6.802753486251271464e-02,1.001534248803990501e-01
3.202358937529089511e-01,2.974522075503895913e-01
4.490257415395457891e-02,4.869410089423244908e-02
5.153106012468940123e-02,5.051252979450690517e-02
2.089070505536770872e-01,1.286866940330567699e-01
1.335050721824932729e-01,1.630778098483219030e-01
8.808113562976997712e-02,2.271059489874100723e-01
1.418406581337184613e-01,1.259510605418852069e-01
2.963438999657972972e-01,3.284412165103594572e-01
4.746296782318890073e-02,9.653807507038891789e-02
1.754424019343707730e-01,1.404194460876423967e-01
2.440287830760514386e-03,1.265116877491162788e-04
9.441309082276526377e-02,1.379899061560065920e-01
1.731706778416644207e-02,1.008282163767106748e-02
1.098686395568065216e-02,4.577138981478091092e-04
3.344366835027791092e-05,1.115976983458537124e-02
2.083851036846635831e-03,3.019648486625957189e-03
2.776917243577774219e-04,1.162158219063739832e-02
4.030478354141243114e-01,4.934614196157521282e-01
2.349579690200063412e-03,8.805146986119354036e-02
5.035336912503737133e-02,1.346029648779500931e-01
9.202788556051231042e-03,7.048405425721273113e-03
1.096317900298959163e-03,1.808122944579033595e-02
6.015738397382067865e-02,1.961419654131802207e-02
9.135296697677328104e-02,3.506849795577209744e-02
3.550104452664637651e-03,1.966300178495973897e-02
6.103323996680974639e-02,7.946581874251454347e-02
2.631439314700370277e-02,3.243147873663329572e-02
1.178774158285794162e-02,7.626012813813697576e-03
2.879059826747513706e-01,2.932387526106832731e-01
1.249209461671609150e-01,1.193914951483882880e-01
2.006992498868579670e-03,2.422664659164021003e-02
1.982647018466447975e-01,1.806572818899047084e-01
1.863536240662963354e-03,1.706639720196444915e-02
5.089770005756405480e-02,1.334049363468044203e-02
1.080268659042749879e-01,9.502116569569764304e-02
2.663910715673126761e-01,1.842841352397882326e-01
1.686949560875783839e-03,9.229332705537823819e-06
2.387838442187157316e-03,4.331339345944078961e-02
1.624316381738813431e-02,3.625091476698706627e-02
2.758509453605557105e-01,1.984883121725865840e-01
5.334010656905927017e-02,1.414465187237706756e-01
7.161766914244471652e-05,3.508203167992688526e-02
4.189247560113616431e-01,4.616778259914177118e-01
1.915912047469897281e-02,4.134938603037535687e-02
5.424570445785121577e-03,1.528015339592533753e-04
4.215654432497635273e-01,5.308117456665034650e-01
3.699696693059842389e-01,1.276990243871648223e-01
9.986457936088659337e-02,1.509158657974117579e-01
7.661623601891776048e-02,1.143776981773593215e-01
6.188815510874907987e-04,2.685388691440237455e-03
1.563732178078652280e-01,1.627785714368597814e-01
2.249485465983142984e-03,3.564878428136601315e-03
9.542798855731660090e-01,8.335620233675926638e-01
2.147581929698352398e-04,5.692795608089621035e-04
1.655359389810892312e-01,1.262790356151831939e-01
1.092945881398393361e-02,3.249935074156192275e-03
3.538460390279283413e-02,4.428405421351981619e-02
8.215594903111597333e-03,2.850611706750261903e-03
5.743441262185990104e-02,6.445417413240363269e-02
2.416551980214228512e-01,2.375462807753164762e-01
9.157743228872554028e-03,3.314738384268375859e-02
3.751845804073073581e-02,1.097589514789010234e-01
1.173326077959557928e-01,1.465818960951056904e-01
7.043033129038962781e-02,1.243338315284814588e-01
9.323976523628847712e-02,1.855805894356274410e-01
1.377525563372313244e-01,8.308997846445576041e-02
1.599198139992551648e-03,1.263040262212506099e-04
8.368934842283141939e-02,1.872709671186900682e-01
2.198867562242123597e-01,1.597559887103109921e-01
4.113452229716905301e-02,1.125666322453649643e-01
2.409864224493575482e-03,1.706291915081786445e-02
9.005290943346389715e-03,1.095681135364110804e-02
1.274025867130899707e-02,4.266439677387232640e-05
2.264694877514203675e-01,2.084655699916530269e-01
5.508262187480803679e-02,7.276158132812635126e-02
1.741287675434732493e-02,4.385158325442170719e-03
2.686379684101097842e-03,6.960948115350201401e-03
1.131978017948423974e-02,3.488542609825832919e-02
2.827042782253424980e-02,1.513373355343465912e-02
2.940109613805774180e-01,3.913294982129413846e-01
4.169392668032052482e-03,2.244992420800524108e-03
5.410666970192907956e-04,7.592310817409125097e-05
1.230443055436597211e-01,1.286352243275415697e-01
1.153931790839167609e-01,9.606684549661194394e-02
1.266465542976277503e-01,2.573934785955326876e-01
1.103058363135081717e-02,2.191605920073175229e-02
9.919540273563009776e-05,8.636035170562567781e-03
1.425563531793230254e-01,1.097014195829033728e-01
9.529513596022436139e-02,1.235375644899408543e-01
1.385903313773715825e-02,6.783999808866333860e-05
1.646286030107352999e-02,2.159513158508050493e-03
3.922913602169639767e-03,9.101853341982378207e-03
1.267270828314961788e-03,9.862601409952100398e-03
1.031412680074370036e-01,9.911596250963222721e-02
8.865242391266293931e-02,1.024249011622451883e-01
5.904400429176961951e-02,2.686005753582701439e-02
1.124299466940224868e+00,1.184754629456122643e+00
4.727535176068472372e-02,3.816644679257645556e-02
6.854915753902351971e-02,1.421695698097252825e-01
2.244783920163776533e-04,7.449454388392839910e-03
1.420464800838561470e-01,9.139833359943902447e-02
2.924661600683950424e-02,3.589908264503759855e-02
5.797324789538575995e-01,6.619643122180305372e-01
2.248337201164226362e-01,3.172069646165754930e-01
6.959229072335669508e-02,1.215306898680410669e-01
4.726458975870597226e-03,2.588022498355956394e-02
5.246253157127962237e-05,2.715471196697089289e-03
8.972082648405602144e-04,1.313007173637119156e-02
3.263003188384472342e-01,5.237658488456939931e-01
1.802940420608771244e-01,2.730649797143441249e-01
2.867356804254611938e-02,1.179442386935703330e-01
3.599819230528775171e-02,1.515877604330419792e-01
2.435495496272689978e-02,3.792007127138594114e-02
3.610119795254841391e-01,3.446070114741415780e-01
2.163814304787354259e-01,1.781143736528440491e-01
5.087260508421583699e-02,3.266148240637918587e-02
1.383053260713828017e-02,5.117492308044720335e-03
2.683764806036519346e-01,5.000290932881572559e-01
9.166143752696589986e-02,7.317044600149938405e-02
6.366485314648759331e-02,7.643630604538496909e-02
4.829458369752305802e-01,5.001881661795051226e-01
6.904417026479068437e-03,5.719641882596175180e-06
4.832707631318568231e-02,1.469557928966240268e-01
1.131182861073225243e-02,3.932381678855085411e-03
1.544790430237324153e-01,1.237872629054396628e-01
1.094851663733171707e-02,4.039095445011509121e-04
1.519997603562457111e-01,1.845514881245310379e-01
1.967845628179785283e-02,9.411301311013201693e-03
3.566640387602419970e-01,4.164441707500965983e-01
2.865184833137273540e-02,1.205031174241484940e-02
8.068836914067756836e-04,1.527102363680481363e-02
5.372494092185865940e-04,1.682200421717323577e-02
1.814975963954466587e-01,3.189493976430133326e-01
1.472395378269551920e-02,5.851280296019075074e-03
5.763530011815717891e-03,3.443152612458485616e-04
9.779457877338591787e-02,8.740193373411196676e-02
3.912471958823625362e-02,4.676577558434943244e-02
4.110986645366322967e-01,5.779583699026258348e-01
9.355011242181181241e-03,1.021409709888509119e-02
3.370733889021501062e-01,4.995827287016867402e-01
5.410363122984634043e-05,1.122518907797670842e-02
3.171087965762668659e-02,1.140847572492617503e-03
3.246247431848269804e-01,4.311155950524278579e-01
3.773041258252643471e-01,2.231304929770971668e-01
2.139790879465116452e-02,2.610748153076245421e-05
1.956191943319702392e-02,1.701797795506523880e-02
8.990631718558318719e-02,1.857321610219048180e-01
3.311647094281093594e-04,4.143201550228849811e-02
1.703211140845289073e-01,2.646484764718623484e-01
2.113663619020810652e-02,2.218241950245213034e-02
7.868846772816597696e-03,6.307493494150620550e-02
8.925146512055778802e-02,1.155425774750487300e-01
5.493772345900478464e-03,3.339579705178052915e-02
1.772399137896377716e-03,3.060606646958776052e-03
3.820855999192687203e-04,1.727177188858443303e-03
2.383821619051669852e-02,1.781064431851668746e-03
1.716012696152368136e-02,1.907953149561123288e-02
3.105465458768633460e-02,2.706121841148175292e-02
5.105547742661403071e-02,8.702085654830064854e-02
3.508753876695128171e-02,8.729037553257208704e-02
4.638345903798929241e-03,3.424365884526344578e-02
8.076857562700236453e-04,5.799034707759291932e-03
5.453061041167076711e-02,3.226727110695265001e-03
2.666604533479569050e-01,4.277549790209170810e-01
3.234792573096030924e-03,3.381752972467347122e-03
1.302577392860091721e-01,5.575059539772722617e-02
7.651044399546481911e-03,3.144180794538884577e-02
1.370060144324669049e-01,8.757815345008491958e-02
7.321577444635826541e-03,1.732042178944612904e-02
1.377800363440015267e-03,8.181005170185478648e-04
3.298775958796916485e-02,4.718087954258331357e-02
6.818801364914755083e-04,5.891468794035034651e-02
4.628796886298643387e-01,5.889277933063850057e-01
1.960893710818842894e-01,2.147064870276534643e-01
1.098726391043026301e-01,1.662611848991814301e-01
1.064695690029375807e-01,2.118361225661907488e-01
1.474547916490714233e-02,4.049893759812731725e-02
5.557470121963108134e-03,7.976511715126824442e-04
2.697338741673249163e-01,2.519953095570530155e-01
1.300128034439365921e-01,7.947902541609357108e-02
4.574979207477332388e-02,1.239491107870343591e-02
9.814021701620772795e-03,1.225115231498559616e-04
2.601855628819806695e-03,1.885014902575487053e-02
3.286989418379005629e-03,5.132680369777823520e-02
4.476428674626070081e-01,5.359327941080022084e-01
2.056072062922132127e-01,1.345994969683985132e-01
8.809281983980157826e-02,1.148571595997842920e-01
8.355827196798500806e-03,1.488621011035917490e-03
6.085654827120007271e-01,5.872729353444257061e-01
1.067647255941935307e-04,1.555745677779058226e-03
5.824201830078716904e-03,1.064596483367916124e-02
1.923043675715003413e-03,1.327175035932405805e-03
7.739435002976423339e-02,6.688148647269039071e-02
1.695240632710076634e-02,1.981188301721112117e-03
1.828367500330089698e-02,4.195496811085776614e-03
2.650330637886828544e-01,2.286392001918434447e-01
7.115887581820574514e-05,1.554487110267502390e-03
2.276380949628238615e-02,1.699052617808272658e-01
1.262636878870981305e-01,9.922273186980201665e-02
6.728731374493653050e-02,3.491257740102474139e-02
1.642153296890298819e-01,1.442133016402090961e-01
3.249113448202239213e-02,1.281587912099597937e-03
1.727212505207109672e-02,5.885838250074318032e-03
2.412683089620626387e-01,4.158183786486558398e-01
2.585492145561641558e-02,5.236594384051144330e-02
6.926336006019891134e-02,6.949165906425552874e-02
4.588520464678517465e-03,5.167554112554208906e-02
6.314565706983074796e-03,5.792295473240401810e-02
1.965712205541691321e-02,7.814327713623805266e-04
2.759993557511829579e-02,4.837533338883113175e-03
1.195729130087305053e-02,1.272236082553085228e-02
3.639569452098605912e-02,9.566005245888988678e-03
2.141360278261020633e-05,5.792683563704657682e-04
1.264248768094144160e-01,1.603331561852014697e-01
1.868347226026870580e-04,4.268195004983074692e-02
1.251850371876803147e-01,1.317010164619544510e-01
2.906281352678463312e-02,1.335488389250757968e-01
1.860342196873037259e-03,2.810388826584242061e-03
4.804170226593161195e-04,2.158983382646422616e-02
1.940759079916767535e-02,2.535244069415084830e-02
1.777702903931140943e-01,1.640184775469500367e-01
1.089868168968867318e-01,1.614521417770194422e-01
1.345188156371094901e-01,2.347846949258242943e-01
7.550579682586987251e-02,7.626595939942518165e-02
5.216076225636037123e-01,6.170508336478729428e-01
6.384938586842421604e-02,3.225558757134611848e-02
8.464905013701592377e-04,1.066186073507549901e-04
5.914422035350228035e-02,6.256594548259045152e-02
2.060554974792598994e-04,9.821880972902936639e-07
2.119070130553995374e-02,4.895362580899015326e-02
5.846943653697581622e-01,3.639068126902264000e-01
5.036204191323510188e-02,4.901252142310104414e-05
4.912911763116966507e-02,1.010913082574661087e-01
9.755073415816405136e-03,4.680702262171171184e-03
5.925584931097124114e-03,1.478168952715241957e-03
2.488156658309481906e-01,2.225617869030648843e-01
5.247656243070058374e-02,9.187621249930756628e-03
1.668430748628537130e-01,2.003354007678813387e-01
7.963109987764045716e-02,1.306947882379661148e-02
1.675571752768028472e-02,3.028041067857899400e-03
3.029909383570484824e-02,1.201970988041975580e-01
3.036008353562399953e-01,3.275364273695941519e-01
4.302407924717183141e-02,6.143608932155517760e-02
4.467917453580604048e-02,1.058363432016966033e-01
1.430058547187035289e-01,2.781024458772969887e-01
3.470133728256509786e-01,4.563842688067252240e-01
3.211698832039091428e-02,1.060810142640832704e-02
6.003078754706648050e-05,6.462881013053997648e-02
1.218414702631735597e-01,1.034336938541941808e-01
1.580015066638217613e-01,2.723821814977067102e-01
8.593861039345946696e-05,2.954398299945094159e-04
2.286385985344230760e-05,1.109942115551699766e-03
2.858350370829194215e-02,1.949094041825385690e-02
2.590557041115385539e-01,1.202113838261480855e-01
8.636398746668775411e-03,5.157917392122004932e-04
2.655365183148326522e-02,3.594074829733295146e-02
1.602518456521253567e-03,4.504886985246545419e-04
6.929948308739473928e-02,3.393472993875822075e-02
1.920572041428292853e-01,1.364368863154276079e-01
4.721843772187704347e-01,5.648544341191202856e-01
1.660812776940283619e-01,1.792268838835359701e-01
2.687813895372332396e-01,1.952381649848861367e-01
8.670377717693487918e-03,2.327329110415685132e-02
4.120430290959773215e-03,2.278634296574509610e-02
2.307935960245737633e-02,1.197773493111305015e-01
1.617455576796980599e-02,6.190234591363319439e-02
3.989285098317699543e-04,4.868134584638309073e-05
1.505083453733736532e-01,4.987278016863241209e-02
1.093562130043676379e-05,3.872327262600384207e-02
3.640920239689742627e-02,1.230573479935725967e-02
1.910244538132106484e-01,2.150494408078991171e-01
1.763682965762652655e-01,1.202386810047057636e-01
6.868112047719083894e-03,3.033684072355482056e-02
3.072361970295161074e-03,2.429860249426363944e-02
1.351382809346963858e-02,6.651575234813758564e-03
3.350062760177197618e-01,2.166244634302462724e-01
3.130743591190937591e-02,4.752784849589052670e-04
7.278251779698952095e-02,7.614940648675734558e-02
1.541616742485043927e-02,1.266671862355070108e-02
7.293230884632950999e-06,7.579074206752964456e-03
3.475209133110464255e-02,6.907077342570155931e-02
3.236880901737194949e-02,5.651741483274053124e-02
2.799294122840809834e-02,7.096313766976643234e-02
1.462534586945689330e-01,2.450662367643759998e-01
2.522156291921255344e-01,3.400070462035340579e-01
5.617068491597870068e-04,2.077701864878728850e-04
1.995226926332542838e-01,2.679630336296979221e-01
5.704001998200432938e-02,3.458716494494392529e-02
1.452171402954363366e-01,5.326142727933508292e-02
2.856036721595904895e-02,1.780931327173840972e-05
2.014906037076081527e-04,2.303593791543058576e-03
6.375747318491158978e-03,1.428145529042503838e-03
4.919290655247054306e-02,2.270745058605657535e-02
1.658845936371399488e-01,2.266231063013540159e-01
6.875812431795898759e-03,1.113282878477241632e-03
1.178265071378241033e-02,1.192282125759909533e-04
5.310045535030262498e-02,1.670045964745217604e-02
3.747632424257700823e-01,5.137770206369534076e-01
1.261168488675401822e-01,2.570487944885213039e-01
2.962229115231293942e-03,4.977199185514404045e-03
1.555826610915730379e-01,5.785465877759737169e-02
4.173170360397557288e-01,4.718197213239596621e-01
1.129285367340136011e-03,1.101611931959523640e-04
2.197080871999379792e-01,1.693371547138647626e-01
1.300113636466668776e-01,1.700519220230340411e-01
1.922476349270714757e-01,1.007552918421948246e-01
8.391628036006236122e-03,4.817790150895336770e-03
1.636409035203955156e-02,4.259874452560471602e-05
1.700429876443949884e-01,9.180660491426656522e-02
2.044929393286520070e-01,2.028217580133770959e-01
1.778557903404217157e-03,1.091416298862492133e-02
1.974203876127250956e-01,2.093274775523097930e-01
1.114269286021481731e-01,1.408554237163139322e-01
2.037134552214046098e-03,3.626613753443901772e-03
3.965091949130575277e-02,9.340639661757375867e-03
3.518437307494527147e-04,9.792799029956621853e-04
4.248085984574993660e-04,6.484125083443760453e-04
3.171790898806880338e-02,3.123396385166523140e-02
2.826138161278218819e-03,7.465568191521539630e-03
4.833030027639790283e-01,5.047333550305891370e-01
1.421574299730468671e-02,7.687194921367903472e-03
1.180658548444558781e-01,8.658740809996783028e-02
9.059259339549545487e-02,1.015346511587392059e-01
1.244229331375741252e-02,9.569725508510455378e-03
3.606413074131946395e-02,1.079158980988396827e-01
4.112592099864562090e-01,3.274794805841221290e-01
9.017352042967208964e-04,3.530660512223806474e-03
7.623090348247006653e-02,6.768712466405105155e-02
2.827652846850916557e-01,2.855273993974896674e-01
8.611019294215396108e-03,1.933920019268575013e-02
2.313805884418741743e-03,1.640536410011495189e-03
4.736030807998484540e-03,4.487073239464644571e-03
8.541952037325729885e-02,1.332169889281104025e-01
9.136915899541306341e-02,3.265465183514341951e-02
8.593011574995966864e-03,1.369622401181925207e-02
3.134582910873633388e-01,3.167704570140824627e-01
1.184011168048115982e-04,3.613266902080353171e-02
5.436437218241902958e-01,7.513492157845907959e-01
9.435068786973353685e-04,3.595680876129671993e-02
1.340453761089033941e-02,1.039503471505768889e-03
2.382415916610198733e-02,6.872111721392300254e-02
1.357122195918383789e-02,5.550752148853128898e-02
1.690168904503577319e-04,9.286289661122822808e-03
1.074441222599634387e-06,6.997488466426448304e-03
2.173447137038212601e-02,1.063949046816979344e-03
2.062023173085373862e-01,2.801185618096996288e-01
1.619959108863082919e+00,2.018267625169348545e+00
6.369414399234664750e-03,2.398949873528219857e-03
1.692728567317783595e-01,1.723215763146133950e-01
3.854689996274261732e-02,4.893162341887899447e-02
1.859697824870506101e-03,3.945346836206376634e-02
1.475738888568022267e-01,2.606451583488763116e-02
4.586112116200607991e-02,1.056777015580676188e-01
2.205897435491377054e-02,1.315693437088181171e-02
8.468838891407202626e-03,7.441526713682752175e-03
2.941019548622283986e-01,3.118807892216258759e-01
6.754440518951974060e-01,6.237415379687585304e-01
8.127786090995756108e-02,4.885324983831294127e-02
1.888141518434544031e-02,2.156257271516033233e-02
2.628958442475612944e-01,1.930135570564224523e-01
7.273035339740922811e-02,2.721890034400239328e-02
1.365176353364603024e-01,3.560212456378675921e-02
3.783192662723584149e-02,6.422485878363737126e-03
9.030389541915150031e-02,1.062296761885399149e-01
2.863043369121907600e-01,1.433894818644933233e-01
1.321831172889988875e-03,4.397210146156266264e-03
1.141305681776984965e-01,5.311551341406069854e-02
4.913032735068560003e-02,1.423765454930280283e-01
3.762300082430537762e-04,1.644731560861795671e-04
1.690923705790260134e-01,1.023320123824818795e-01
6.246466487133102083e-03,2.451588927959480512e-04
1.966291807867734387e-02,7.659317530167539766e-03
1.452957217995309858e-01,3.397438037474262984e-01
2.580977857037869069e-02,1.528687322779064828e-01
2.390383928527918533e-02,1.623316589936121823e-02
3.122419365460083959e-02,1.246242902389747484e-02
3.258074970076079574e-02,3.164184336730291314e-02
1.836301273579508259e-02,9.144763396173708619e-03
5.555025160002079881e-02,1.404466172665276048e-02
1.577921687139588469e-02,1.706316319412561067e-02
7.498659868244472726e-02,1.423144420242256347e-01
2.970548137467757255e-01,5.346715470724394681e-01
7.235301375737139551e-02,1.046166039374278461e-01
1.129002465617029612e-02,1.072389665437618184e-02
9.110956127613048516e-02,9.304678077286533677e-02
7.940052567741679801e-04,1.556601786186272499e-02
7.315587757877926346e-03,2.073316324758188445e-02
4.508798081657193479e-02,4.232437491251383327e-02
1.987853461568607136e-02,8.868635839823296729e-02
1.171908427091929716e-01,6.132714616182745326e-02
3.274428246145629773e-01,3.503131980010291691e-01
1.387799964293065513e-02,2.242122141701157270e-02
2.340436355633493675e-04,7.149900138970648189e-03
5.208816900597877941e-01,3.511725884609061543e-01
7.862653058486746959e-04,3.323402992171641673e-02
3.904621527917720436e-02,7.925635849587914228e-02
7.953112566124062588e-03,1.396478385947802318e-02
4.323943992509707464e-03,3.846503445045155707e-04
1.717335035470739235e-01,2.335018605269818526e-01
3.238711170934619465e-01,5.344257191793398976e-01
1.305293406037617496e-02,1.478871010118163560e-03
1.012397186859257184e-02,1.654549589850589850e-02
9.381825351780073707e-02,1.599065064948894110e-01
5.628571554882266792e-02,1.599073360977444624e-02
3.939841436944427344e-02,1.780217891035821287e-01
1.245800257601936125e-03,2.322738312861605505e-05
8.249048095418431981e-03,3.280891160079205809e-02
6.570495752988106397e-02,1.088449206979938272e-01
3.775925934104672922e-06,5.908723016899647754e-03
3.415840484898095830e-02,3.286244199236269120e-02
2.763012836563361746e-02,6.510752731259261683e-02
7.362435366201279877e-03,1.328351989883226961e-02
3.099277858805874267e-02,2.278520615025915463e-02
1.345453966238452648e-01,3.110138070714591474e-01
7.709717079720491972e-02,2.129206658923120388e-01
1.762739357688076491e-01,3.447415299517526954e-02
3.705387476798811808e-02,4.193742555536672523e-02
1.122809452480633963e-01,1.134866062765196998e-01
1.883512008937589764e-03,2.155736368459416273e-05
9.014958065510256940e-03,9.540986045812904770e-02
5.450916065476556494e-01,5.467928020546614087e-01
5.306771939603677541e-06,1.323736191609530682e-02
9.663842098241149925e-01,1.227426697450243465e+00
2.181854075458185965e-02,5.999051538777080278e-02
1.751284049135307802e-02,2.858561775039098266e-02
7.278986504496398613e-02,4.048221505913727342e-02
1.331339325535539075e-01,2.023204735184924996e-01
1.236671679505270578e-03,3.031427348195765356e-03
1.527461673882690996e-01,7.466627523660135379e-02
8.489587558734450244e-04,2.258429432373774970e-03
2.105460959902951679e-01,4.230758785187068716e-01
2.403530860487707310e-01,3.164107555126516313e-01
1.318001707238636855e-01,9.826500230249192447e-02
8.693502581344329534e-04,3.927324937298515284e-02
5.375462557456464618e-02,2.656032607577341054e-02
6.283953148507737119e-02,5.950906471711425727e-02
2.374783172917304189e-02,1.351321431782697390e-02
2.881627700240285000e-02,1.161026953399901633e-02
6.103513520798253822e-01,6.180578323603189705e-01
1.147655325727543196e-01,1.438692706599501991e-01
3.715215536816575681e-01,3.403254791515405442e-01
2.907008060599776678e-01,3.790429139445460893e-01
5.072246283245792145e-03,2.298523014605566642e-02
4.325459840327841032e-01,5.776945897753057446e-01
4.623704797668598022e-03,3.122472852381042753e-03
1.464616155633232872e-02,7.466470330443476799e-02
2.442814408076998678e-01,2.864209931044823798e-01
1.975664710837308005e-02,5.394894529073771677e-02
6.943849413515045255e-01,8.508084382371511323e-01
3.389531696028363732e-03,2.983778785057088559e-02
5.984534226399005133e-03,1.352706517214786672e-02
1.785386184243163352e-02,9.585482488734090891e-05
5.784468636604425500e-03,3.475610152695446375e-02
6.548677993103138029e-01,7.165908162361356304e-01
7.644951316733175073e-01,9.780635001794256711e-01
1.542534603772922029e-02,5.510424493904999416e-02
2.424802277678923118e-02,5.175436929272951569e-02
2.685951390367564140e-01,1.967536264916797395e-01
5.671179800505678908e-02,6.563256239322877439e-02
8.829592914877714208e-03,9.072787746526506970e-04
8.065534220870936022e-02,5.305452375921713287e-02
2.745345238714162750e-02,3.325384846629098057e-02
4.333635500720745860e-03,7.617619799948731341e-03
4.251268873716242402e-01,5.575020445570073591e-01
8.626397209818824699e-03,2.597286477673769328e-04
1.194755470299600081e-02,3.605915890805245008e-03
2.711401112298173488e-01,1.928531905863287710e-01
1.986501945024556418e-02,6.023042229733808345e-02
1.856701652344793507e-01,3.403777389316592905e-01
1.999120570324297297e-01,3.539285145534615262e-01
3.647947575240348961e-01,4.042123284971519404e-01
1.255483936643031484e-01,8.420080873780014241e-02
5.942234757171567516e-02,9.422275253838163778e-02
1.351309317105676422e-01,8.334560276735449025e-02
2.623937294252101302e-02,1.628760691684386433e-02
6.155153335476665211e-02,1.236995779384958416e-01
8.516107608297861925e-03,1.573342343297136695e-02
5.974748523439897818e-01,5.280554939429792372e-01
8.635991080282928302e-06,9.661898696637943873e-03
1.714422348592811451e-01,1.918360531500781785e-01
3.824380059996018190e-03,1.294478447965612643e-02
3.839212894415643812e-02,5.390674118654148472e-02
2.286613206864013537e-01,3.113604382824585182e-01
1.205134772988536440e-02,4.107873896114180748e-04
9.237120439640621183e-02,8.851026232289173346e-02
1.690533195136285916e-02,1.808232326256957803e-02
2.128898081186941516e-01,2.871078367392689290e-01
1.840881519366128483e-01,1.041222737547079086e-01
2.898635072560611786e-02,2.842333291403701875e-02
6.553495967217980167e-02,7.076038268880696647e-02
7.354452341089863510e-02,1.214832424503749647e-01
2.220370900357788724e-01,2.134366332126872712e-01
1.733372275130642959e-01,2.230575165400801863e-01
5.082501828824076981e-04,2.025844098431868121e-02
2.129610590955886007e-01,3.700974467287037606e-01
2.995165752406199755e-01,2.788316606926546926e-01
5.975207070497875724e-04,5.800920377142960299e-03
1.745194639276208617e-02,2.429323631323868082e-02
1.647340044534187017e-02,9.267879883526498191e-03
2.590026932648505920e-01,1.289373545577633673e-01
3.743262158157387165e-02,7.279629466806721017e-02
3.909795692747047857e-02,3.511515949932707964e-02
2.298116411176547719e-02,5.517437682216973921e-02
2.271736820815326192e-03,1.881894028697298827e-04
1.583663970218301964e-02,7.419294915363396949e-03
1.924209114181348601e-01,4.406390717324110140e-01
7.033234316285283307e-04,3.002422594414981029e-03
8.965192620308683191e-03,1.417546284735727788e-02
1.018777552141456599e-01,1.466401390356593115e-01
4.125668163909981812e-01,7.164762500705742498e-01
4.437190273550771502e-02,9.011447487412398150e-02
2.650232192091774540e-03,3.749513524161650390e-04
8.712232780122085296e-02,7.721703437596003083e-02
2.087436520951000130e-01,2.148385827486944955e-01
3.924809153904682685e-02,9.251108382659724294e-02
2.706542230619942563e-02,6.605585016745690874e-02
1.898843179938431173e-04,4.332837705087630616e-03
4.134050882700738838e-01,4.598549768944945604e-01
4.958429727218031657e-01,2.998784968565258446e-01
1.930239193994151836e-01,3.385076315232786182e-01
3.430029617853463941e-02,4.525013852422253569e-02
1.685996639783078066e-01,1.383450442696377847e-01
1.422549137882083703e-01,2.194488990837485387e-01
2.784872553913719795e-01,3.858086821668841870e-01
6.048738347396423812e-03,4.400048567952710710e-02
3.368671685279677353e-03,1.149171092603660897e-03
4.569964927397905663e-02,2.164749677864268723e-02
8.335404836615769586e-01,7.103890304664016719e-01
3.422752309177322649e-01,5.666246092311099103e-01
5.668818693406758175e-03,3.023649204606813044e-03
2.477293998767703953e-01,4.487342203724233314e-01
8.110509157496769220e-03,5.821376125482862623e-02
7.089034422552237475e-04,1.489462704853228812e-02
6.090697580032985135e-03,4.270118221979708208e-04
4.918499631265180541e-03,1.091658811651789957e-03
7.540204274517756100e-02,1.313158384340195328e-01
4.122498342013527495e-01,4.061159959433900957e-01
3.245934788581920916e-02,1.193684236265116216e-02
5.291092692146309034e-02,8.134801383065091984e-02
2.299176206357316649e-03,5.520655877200291318e-04
5.691272951621776863e-03,1.125627939290913676e-02
4.413641608233646180e-02,9.407699385228771027e-02
1.864416754376115593e-01,1.984004798342886566e-01
3.297713542974647916e-02,8.342019925818289217e-03
4.846040917479024074e-02,1.053630628050629923e-02
7.528065519574492215e-02,7.395986514455710203e-02
1.564963399443403402e-01,2.848506363352293347e-01
1.343421818635416208e-03,2.152318980738393214e-02
3.049414770287851018e-01,2.533226832086384883e-01
1.569207008238158833e-03,1.922665846336671716e-02
4.217840267825215261e-01,5.992027203300073213e-01
2.084373173428814841e-02,6.955743161915088450e-03
1.245657207569974001e-01,6.542695154146974112e-02
1.568047418206246491e-01,8.502025752925584934e-02
6.387134370832491057e-04,1.441750389506450637e-03
1.517563664239156698e-05,3.748591349749735152e-02
5.895096902916080288e-03,8.341250504967197971e-03
3.876809979437548584e-03,2.265433960910670508e-02
5.959020466909744143e-03,1.237678174508357503e-03
9.650020578217326228e-02,3.463693455489409989e-01
1.259373883438812958e-01,1.559114545234732696e-01
2.489659482175403046e-02,1.144858699455360007e-01
9.222001498781401407e-02,1.120041868173993205e-01
4.125062155206003084e-03,1.041079734809887943e-03
8.235849750760351751e-02,1.561692405418763918e-01
1.914106591271244051e-01,2.005113996308442725e-01
3.971499739820839002e-03,1.351696399317557987e-02
1.884271802746713131e-01,1.890289672143566913e-01
6.612385929319879174e-02,7.979091902711234544e-03
5.266010463997394808e-02,2.401252159069187583e-02
7.668137232360325642e-03,2.713070931319210271e-03
1.469679020746576543e-03,6.734488293682225346e-02
2.483920359945336609e-02,5.845882600578053423e-02
5.287197235979425314e-02,3.168154060898460689e-02
6.038917541040982398e-05,2.174080825987595444e-02
3.471867301877557682e-02,1.719362282794976993e-02
2.195388938753939367e-01,1.716832548054865182e-01
1.504592384248402753e-03,1.652294738706642369e-02
4.213465259657070416e-02,7.737417111216896709e-03
1.826504609416400582e-01,2.905131659369162844e-01
1.756321945235780196e-02,2.444910115596803449e-02
2.873723584443257928e-01,1.255556260782533795e-01
6.715744898279052758e-03,1.646438282222654603e-03
3.056620980524174785e-03,6.247480917563345316e-03
1.043303498071514244e-04,2.471916978115198862e-03
1.146963641012968028e-02,4.167258693581242859e-03
7.323574914300903793e-02,1.077966617113252507e-01
8.222128736774842080e-04,4.119871718365595735e-04
1.320851043316553092e-03,1.386908382649635306e-02
3.596126508985570958e-01,5.066791380163127023e-01
1.997541295622978497e-01,1.975710633850964459e-01
2.710206825109238646e-02,2.735912295103385197e-02
2.705828811878669554e-02,1.213743359973768052e-07
1.406129385216367371e-02,1.024236018702546006e-02
3.682795268037699493e-02,2.127315668310067465e-02
1.174040362341828431e-01,8.257802298965616350e-02
5.901605415397001009e-01,5.708772812136383434e-01
4.316102031717856946e-02,1.189673326689164382e-02
9.171076582310933034e-02,6.361359752123346700e-02
4.309963006879783398e-01,4.685862503460375694e-01
3.213636580119921034e-03,2.341510762155825636e-03
3.235729918236991774e-03,3.698488740510064935e-03
3.698299921074540975e-02,2.699944319791845390e-02
4.991227040531642789e-02,7.296677841976853367e-03
1.361934205953313493e-02,2.231328548929141595e-03
8.013239704257334867e-03,5.113665372482335001e-04
4.971786300639701728e-01,5.723091670745840132e-01
8.971534381467198560e-02,8.636620547400662706e-02
2.951961181035292481e-01,1.692759054492291859e-01
9.057812203126826278e-02,7.510940810047091187e-02
4.079710255763212279e-02,3.550546328962862611e-04
4.548634333514210010e-02,5.091710275602422814e-02
2.542092678132095926e-02,2.526646609601859023e-02
9.292387871466906493e-03,2.050891596796820121e-02
5.272361031582343226e-03,2.795520138908156788e-05
7.366930734463825181e-02,1.633131782191596382e-01
4.299796583511485970e-01,3.893590950428881259e-01
6.968461089181946129e-03,1.523774069209661228e-02
1.592256287917862250e-04,5.791472799762713286e-03
5.751211764068966080e-03,3.868542772211869523e-03
4.199186695568907224e-01,3.994262988150729665e-01
1.327117489384219140e-02,8.870506328457679682e-03
9.227420547963554806e-03,1.132751066842092595e-05
2.522530075641250466e-02,8.141973614041407570e-02
8.675754737911023362e-01,7.554048053291043674e-01
1.208209327184322189e-02,2.767770413261220683e-02
2.632789892758653771e-02,2.274753068172399167e-03
8.390031368767808875e-03,1.849036146378012224e-02
3.328009294800724025e-03,2.377671325522312529e-02
1.384270613086669224e-02,1.451216452102446069e-02
4.223167418755076406e-04,1.484847414229480134e-02
1.612991499022831676e-01,9.354649172950089964e-02
1.398203108727727982e-02,5.811115164406743805e-02
8.377653598882722590e-04,2.778007679631975136e-03
3.281636429819960177e-01,3.360851043803640414e-01
1.154992279377661715e-03,7.348462357184267022e-04
4.013596674778331652e-02,4.326486374312153022e-02
1.944511385047904273e-01,3.572592118362841740e-01
1.991252060794960477e-01,1.632012792105930477e-01
1.234615593042849742e-03,3.246585762318004152e-04
1.995199699609479793e-01,7.359009737661015293e-02
5.868817265502757063e-03,2.410016622956847460e-02
3.076045713418612548e-02,4.702057502710706854e-02
2.390763345833134962e-02,8.878528945913732873e-03
4.658550442487643939e-01,6.985216725423737394e-01
8.747710998407497440e-01,1.047511979489738287e+00
1.350219613347338442e-02,3.966082848902214436e-02
1.149991396832586790e-02,8.708929312703882555e-03
3.107254984523359631e-02,3.393327720741772663e-02
8.202270177786728789e-02,3.544664899372981098e-02
2.307296064291298760e-03,3.105268043960394964e-02
7.151173129931436001e-02,1.595985152312441591e-01
8.771155042147081582e-02,9.870226055820499611e-02
1.924986292365531149e-01,1.632562390935366758e-01
4.640952830279458652e-02,4.893210992872955301e-02
1.685739209994012314e-03,2.983735396030527762e-03
6.528848926356746463e-02,4.970065289667369851e-02
7.384524886326963855e-02,3.418927249720164069e-02
5.642556744925362328e-02,1.046145772939657305e-02
1.400363750946599130e-03,2.604824229659884367e-04
2.670105936128944202e-01,3.080296706414226704e-01
1.259899293742086646e-01,9.718211018788805444e-02
2.582903064917769775e-01,1.866112303967661090e-01
1.337706706913250297e-02,7.692312454594550999e-03
1.062158448434551150e-02,8.418262354967961632e-04
3.310842272204714831e-01,3.507125932768898058e-01
5.859979198429476899e-02,6.077361434805939044e-02
1.544667964275462518e-02,5.781982478639550310e-02
2.627445946381858077e-02,3.617885312063544648e-03
4.858199670904789214e-02,5.211134783264678022e-03
3.893883571583078851e-01,3.360460011871192476e-01
5.109718856421180573e-03,1.392397767154890560e-02
3.476923121545600903e-01,4.023460391647001311e-01
1.264704583526270187e-01,1.722204001954877606e-01
1.998130804491091428e-01,2.380819910022703434e-01
1.614497083540556571e-02,1.297899635576561794e-02
1.085225163461717712e-01,6.385285668008755522e-02
2.604822230887933118e-02,6.382864493742373968e-02
7.565514328079683826e-02,4.807841021147530453e-02
1.926189090379049340e-01,2.084490651373764047e-01
9.878014233532728117e-02,1.088394223089117485e-01
4.958671194148036449e-02,6.539231374418111309e-02
1.718041987066619425e-02,1.756702224038275348e-02
2.355973123319761442e-03,1.947951786765642502e-03
1.304295132497445553e-01,2.208377001255617256e-01
3.358121313666158521e-03,3.257240810104399670e-02
9.767932053874430962e-03,5.170632763332388276e-03
1.552596625543964555e-03,8.999432556409329553e-05
1.188038322281879527e-01,1.861108738275506214e-01
9.062303135858780501e-02,1.175476218822262414e-01
6.013001821583040946e-02,1.066318556769394743e-01
6.701582763782852614e-02,9.757835900060060630e-02
2.221135713425560331e-03,4.718080589282450457e-03
6.735655775335280468e-03,1.932017308720865301e-02
4.181364980122301647e-05,7.969170104723730368e-04
4.916245994910256600e-02,4.460239984834888510e-03
4.120722816304920461e-02,4.851803636086828714e-02
6.172795157025257051e-01,5.428510217700055485e-01
1.893113965306936763e-01,3.945551385956597712e-01
1.080871642515115055e-01,1.480910691178599636e-01
1.840660896364242852e-03,3.495531044327060459e-05
3.455265572296862403e-02,7.372641071650581912e-02
5.951385428733895616e-02,1.647266166189911285e-01
5.248976672033574958e-02,1.655777083088781076e-01
9.664835061513143630e-03,4.694741722982672533e-02
1.065690604063883606e-01,2.198716252816639363e-02
1.647894044795025770e-03,2.922675011482848972e-03
1.158254704565677903e-02,2.172564166603398704e-03
1.243505315205589157e-01,6.586683073133919875e-02
3.608620746608922139e-03,1.037296124724455818e-07
1.037149540863055528e-03,5.963768283555490274e-05
6.430306564059853347e-01,7.210850026322619399e-01
1.482677127041180654e-01,1.722884717643611285e-01
7.669817073730652440e-03,2.726490323354660919e-02
8.964687113480575287e-02,9.475413623710735034e-02
8.715952514842329260e-03,3.294675273928962533e-02
3.092977199657435602e-02,5.206123251700302268e-02
1.575397224401787338e-02,2.197856935431239875e-02
1.635900962186369323e-01,1.174562066759528289e-01
1.904422390002383572e-02,8.044798038921971428e-02
9.962504264730751707e-03,2.455376904396368538e-06
2.203764739807903550e-02,1.982944226017384695e-02
4.895591093320176591e-03,3.298356556817631183e-04
1.776714702450334915e-01,3.332789593690357877e-01
2.607832960545280500e-03,2.514889787344023672e-02
3.066792203162670757e-03,5.812294544360744816e-03
2.625207201516979727e-02,6.222591421127773685e-03
3.263436955578096210e-01,3.203878147220234895e-01
1.351981796149826767e-03,1.605219417243196984e-03
1.078218714613985163e-01,8.662832826926418484e-02
1.900445457589755929e-02,8.043786784458065164e-03
2.768430505071953988e-03,2.485204204628661123e-02
1.837696513329724612e-01,1.083016296696083514e-01
6.455293836101763660e-02,5.671077194723835729e-02
2.921508627085961721e-02,1.670343929936120644e-02
1.482310326005492340e-01,3.614372822519422435e-02
1.336789161939961647e-02,2.979416376047204842e-02
3.035743119780553653e-02,8.883544847446913804e-04
3.518097466948946067e-02,5.075616933717299467e-03
1.361101712061967353e-02,4.658763857597686409e-02
5.436410245659148432e-02,2.314108493728425295e-02
3.841372606834055070e-02,1.375893210664574755e-02
1.299666172246290684e-02,4.833179235001863749e-02
8.659293652618420267e-02,1.034514679281080540e-01
5.828626741400724093e-02,9.920713019956765855e-02
2.870232777373381934e-04,8.455680881804232205e-03
1.055759184777539921e-03,6.014626372213370716e-03
9.539858745405969606e-03,5.237663982699603590e-04
2.488716542834504275e-01,3.311825810573452156e-01
2.432086507316538575e-03,4.822665897200016823e-03
8.606843029278880841e-02,2.990180673724667296e-02
9.994659979672095018e-02,1.558945876478601278e-01
1.459748116747894807e-02,1.005807520650689457e-01
1.400564719010516379e-02,2.243395294428272499e-02
3.425071282677555340e-02,1.092396445563632509e-02
9.856743323605319240e-01,6.659387063555577413e-01
1.710809640618993488e-01,1.265607943655416012e-01
2.184727489446929710e-02,2.678142562756286559e-03
2.064661841307662005e-01,2.385417858235256150e-01
8.653027777687778699e-02,6.296748861565416855e-02
9.591924227109799653e-03,7.063906389400267938e-02
8.969585733106267070e-03,2.776854455059794575e-03
1.692548610129764874e-01,2.644036042917061735e-01
2.915069258441374545e-02,9.278798264660324813e-02
1.825949379813797055e-02,2.419985406174725295e-02
1.072150029040797731e-02,1.754456338379544161e-03
1.394365947781434634e-01,5.000270705596280424e-02
3.240757269103319849e-01,4.423302983506742780e-01
1.031955076271486894e-02,6.875828880251566577e-03
9.190352524404764301e-02,9.032093020099314640e-02
1.455619353072636624e-01,1.226596732816558344e-01
5.524051696599784024e-04,3.091373119774804782e-03
1.700345305548174035e-01,2.434659438495450079e-01
1.189678035380227622e-01,1.321883413324958789e-01
8.753579133614414936e-04,1.492394354403754966e-02
1.652476715728879580e-02,2.136262433321468521e-02
5.377920425421189865e-01,5.235606480043852873e-01
1.384693439831527137e-02,1.422685355467977024e-03
3.543149250040444898e-02,4.892601992744529532e-02
5.536111335475650541e-03,2.807905364103811113e-02
1.509901394656804896e-01,1.043982300377920003e-01
9.079594595160410397e-02,6.872016783911953641e-02
1.022881030660889312e-01,1.609032820942517816e-01
1.996163846450299539e-02,4.865903265086527624e-02
2.471392073106984735e-02,2.854487033489903555e-02
3.743961779942429902e-02,6.122375285658549632e-02
3.377541318798751857e-02,2.531229727847926752e-03
3.423111052486528961e-03,6.630554954134917651e-04
9.480300359430650706e-03,1.196277523750479549e-02
1.783211212695129562e-03,1.982193336132441908e-03
1.039318197567746203e-02,5.329620927890260478e-03
2.209379400701505861e-02,1.692918891642954116e-02
7.068335201620750069e-04,2.134525839260799709e-02
2.254258052615413024e-02,1.004068902321075124e-01
1.335256819808032167e-02,1.160623428738629705e-02
1.088303417484555308e-01,1.429897504882085557e-01
2.796818135899837299e-01,1.771050348421735476e-01
2.681535983401730008e-02,3.377904769124018963e-02
1.195689240622008487e-01,2.015996379859607557e-01
2.050732511439408781e-02,2.208628004492781767e-04
1.391194361080488329e-01,6.634690004187698831e-02
1.604076563670370770e-01,1.317000567890240503e-01
2.728610078149615661e-02,3.370608209457088417e-02
1.711525699964406080e-02,3.109446327405609653e-02
6.828945432567163909e-01,6.676139057335915838e-01
5.697183727179052411e-04,1.040781057712600668e-02
4.947115650781752638e-01,3.277817693007338273e-01
4.648210122075963069e-01,5.811372828930044809e-01
3.001848190130836438e-02,1.910810994516061109e-02
1.157895364063817913e-02,2.050419343839238531e-02
2.882082024024778047e-03,1.795091953658791003e-03
3.259028415252350208e-01,3.086841109568578267e-01
1.983782104087584378e-03,5.785791826108720691e-03
1.337367264499611692e-02,3.540031435713413173e-03
1.854607586454352086e-01,3.232187596108360705e-01
2.212003980196864880e-02,1.188101652333780345e-01
8.641756830141818224e-02,1.041836277158043750e-01
7.468807659036595659e-02,9.538604882136374197e-02
1.080593465463955127e-01,3.971375929141082034e-02
1.042537007043617125e-01,9.315384579396109033e-02
1.769823072438179165e-03,2.759301519382837548e-03
3.788783465988276866e-02,1.829563732348687272e-02
4.805136047221799089e-05,4.395603082958697734e-03
9.282141321631286468e-01,6.592473876530060561e-01
1.234371278174830194e-01,1.877295181658737433e-01
2.477066566517945601e-01,1.242450113556873570e-01
5.059011207050335968e-02,7.469424627979422138e-02
2.305934278494754797e-01,2.351184835872034418e-01
2.346298705970577964e-02,9.754937140301834370e-03
1.250289178002303991e-01,1.540383901291447477e-01
2.289986558242835652e-07,1.184265868428666102e-03
1.784659553786334674e-01,1.549340846010916484e-01
2.254476127465738777e-01,1.866772385298438308e-01
2.172458131157145936e-02,6.438249471085352206e-03
8.698374544857395295e-05,5.958897884702771437e-03
3.280101395908692763e-01,5.061930196728542386e-01
4.491772110257349904e-02,7.765422368005098219e-02
3.328792392616567453e-01,3.950257320753126633e-01
7.685819797024003031e-02,1.475660644340573702e-01
3.058915417416399052e-01,3.230061043883226679e-01
2.515733879347402109e-04,1.808329816923342137e-04
1.265371183968581059e-01,6.040727931969091385e-02
8.301747212322120595e-02,1.694469709953373426e-01
3.739049552896459017e-02,3.533610440478809900e-02
1.485403097228635803e-02,3.939484309471585205e-02
2.343048136739862147e-02,3.046096254401015752e-03
8.670751082237070084e-02,2.788158063361901792e-02
5.414778567051079655e-02,3.987943590186591308e-02
1.593804575327976633e-02,6.970286978167156144e-02
6.445421600098422132e-01,6.135375147691676245e-01
2.807567897136586596e-02,6.474462066408910588e-02
7.120629568346421856e-02,9.656510468062154406e-02
1.949533680722832438e-02,1.838756314961208574e-02
6.751965724822171777e-02,6.013708080796853483e-02
2.622372754551607205e-02,2.794061316357827549e-02
4.379849885263419756e-02,1.223687747532990894e-01
4.118510770290902817e-03,1.596776766795064001e-02
9.237582306918327990e-02,3.518405494324114424e-02
7.223056655707167650e-02,9.196736442227158859e-02
1.397844352406834266e-03,1.286941797604669764e-02
4.229099395656401028e-01,4.873282351539146573e-01
2.358837184412777496e-02,4.378209257268393662e-02
2.100909388850636175e-02,2.607097422663775740e-02
4.304439955473285395e-02,8.371406263024205874e-02
4.008666177379753386e-03,2.178315704552795124e-03
1.766767552661851690e-02,2.608550566701553844e-02
1.740009018286766684e-01,2.160555677973801103e-01
1.436701710278278157e-02,4.627631866928139462e-06
1.922106239001825090e-02,1.369322450780658534e-02
8.099749153522138589e-02,1.819057617464415466e-01
1.668760645561187875e-03,4.555210776908479031e-03
9.160067853429167128e-02,2.744828985639223215e-02
2.560036656477491790e-01,3.238833808095423206e-01
1.712903985282859531e-01,1.356912729155445585e-01
1.021889515899810800e-04,2.791676297517271550e-03
6.852929743044629089e-03,5.018023698181939274e-03
2.214357606967742864e-02,6.230580954175102271e-02
1.003592717711584807e-02,6.291811900449532230e-04
2.635787512971259072e-02,1.262401240700819216e-01
7.610702339428990215e-02,6.767453221574337707e-02
4.168361091554430038e-04,3.246061905322926173e-03
5.007564436428633969e-02,1.259904606551559732e-02
2.706123088488134876e-01,1.887956143823736055e-01
5.894050410484950181e-02,1.375639159837740988e-01
4.056471439014795190e-04,1.764869688517002599e-02
2.628827111650269138e-03,1.713370720882002526e-02
1.706013245671008586e-04,2.974026329985470754e-04
1.616152750696207008e-01,1.120784023731568879e-01
9.657815433212204106e-03,7.257719218288137542e-02
3.078969960490066798e-02,4.095216350073436866e-03
1.392541489661066429e-03,2.839686218252627029e-02
1.109533875623409244e-01,9.598746543976555134e-02
9.519125553021335132e-03,1.416533430927594678e-02
1.375888739140754269e-03,8.851550124557745758e-04
5.974752823586925062e-03,1.457890955708663998e-03
6.302225430114541394e-02,5.621702119856347712e-02
3.238800732728841156e-03,2.747777685914726785e-03
6.320702663865189475e-03,4.977479177902219207e-06
4.841755719010890774e-02,2.647969566112151965e-02
1.081266230030243115e-02,8.638070088328437743e-03
5.055796626024271906e-03,1.801219509773106168e-04
8.682231463797637216e-01,9.336270305522629265e-01
2.518074761250468918e-01,3.186592156545545174e-01
6.427183970781484568e-02,1.156459077646667249e-01
1.082205302049874113e-01,1.068924949110983957e-01
1.116317545158225510e-02,4.085750497205221845e-04
1.304342593098226435e-02,8.941546624614900469e-04
6.126266599828903425e-01,4.867285234934118909e-01
4.122763142834952191e-04,5.607189331374125459e-03
7.189851102227633184e-04,1.486941402813003526e-04
6.372031978479825165e-02,1.415839272460215348e-01
3.643745192357832757e-02,1.724780136336589442e-01
2.377457813439818463e-02,6.113537886880242300e-02
4.646314084964637409e-02,2.531517466232479502e-02
9.941997432083289621e-02,2.087318490689887840e-01
6.197998559309795402e-02,1.550217468580268598e-01
1.798132841100292048e-02,5.611131019357310130e-03
3.153970345177937312e-02,1.997686282734582180e-02
3.187409200134698473e-02,4.231882401421666919e-03
9.521629350919591506e-02,4.970972081156681960e-02
9.513372142101772511e-02,1.083062176186638942e-01
1.040211797878245886e-01,9.412606899022536722e-02
4.544222732756880712e-01,7.011528245006883875e-01
1.817848938188695862e-02,1.496466176868432342e-02
1.809099006667555867e-02,1.710073254147372393e-02
1.157608876185085012e-01,3.712327219660005451e-02
1.089093555608181690e-02,2.077050653234683783e-03
2.345188044412007539e-02,1.587586328855783088e-02
1.195688215123004994e-01,2.239673543922216514e-01
7.904923313445423594e-03,5.354473253138332389e-02
3.424270916738388765e-02,1.518101548524952438e-01
1.196926789591615421e-02,3.579695524813671786e-02
1.008272473756723769e-02,7.140756233017150900e-02
3.798776216177349695e-03,1.106158933220016856e-02
3.407210453300744263e-02,8.009982024266115719e-02
1.651441007545050368e-02,3.147103853046720663e-04
8.610914846055401847e-03,3.015674257819246640e-02
6.975926296452408804e-02,6.524867311080714827e-02
1.599146284385412646e-04,2.079746483943721407e-03
8.159771158716532663e-04,3.291393945627988510e-02
1.365251149139414194e-03,1.154628431855545499e-02
5.908266897893716969e-04,1.613027171650983254e-04
1.284679334132705821e-03,8.528823858058797239e-03
6.592634593792616460e-02,9.112011604842688850e-02
1.496496989796590005e-04,2.508878784000413286e-04
1.761366599183986081e-01,2.579359333422257539e-01
4.264258946068778811e-03,4.334738318611930374e-02
1.414416772079251814e-03,9.061588900187983811e-03
1.054511727959473871e-01,1.571701332096694381e-01
2.769514987099433445e-01,3.842474304340774971e-01
6.875585415466249324e-04,4.688398585600331119e-03
1.277263774668819574e+00,1.282622246371781127e+00
1.652240756923500226e-02,1.605615349980543671e-02
6.638922187474337062e-04,4.564064113179968490e-03
1.297459476279830028e-05,2.365725164786465669e-03
3.393925244511936112e-02,3.788165524397412776e-04
8.459535252053909660e-03,2.379854082513701077e-02
7.639161235804392547e-02,9.929137154766674855e-02
2.965683078195189767e-02,1.432810229688884088e-03
7.566585538137170046e-03,4.336455405424319271e-06
1.030829259560618605e-02,7.387671030962287590e-03
9.615067285141022657e-02,3.026731161160819417e-01
7.349786148029536191e-03,3.537706022005696754e-02
3.791780950600763533e-02,6.469454584913968131e-02
1.561075412919508317e-05,1.891227744314600504e-03
1.169938027242041906e-01,1.982889585952679889e-01
1.585817685352897688e-01,2.222417658662352580e-01
2.950810189904891356e-02,1.330500125767369694e-02
1.215153001168484403e-01,1.806038985709013389e-01
4.698062502303924637e-01,4.276379208768271156e-01
6.502873991632793400e-03,1.148353492009105862e-04
7.044741717551530544e-03,1.748417985345971162e-02
3.183894370595221068e-01,5.090376803493567026e-01
2.355507513657163071e-02,7.046799757377349149e-02
6.519374794933897009e-03,1.269812284596873175e-02
1.301413967156017093e-01,6.213635991205682801e-02
9.331122449237021221e-02,1.170989832369982164e-01
4.296752003302708317e-02,3.738384065303723691e-02
3.413250961616695611e-02,2.700109823975013063e-02
4.594761019761595816e-02,6.467064581946867230e-02
5.251628451613715026e-02,4.484079723636093251e-02
1.593839708743869099e-01,1.665264744139361430e-01
3.149222449176060090e-01,2.071060646752922174e-01
7.479895309679840008e-04,1.038463777070649727e-02
3.607906510795109468e-03,3.409124365497675016e-03
4.154285775063219083e-02,4.892293019128188952e-02
1.754928899374808351e-02,2.495844709710363235e-02
7.075716710003129850e-02,3.218739559056231492e-02
1.349677777589290619e-04,5.192955088872130108e-03
4.090510653452578138e-02,4.957795025649216342e-02
9.915457182543804815e-02,8.008231502821530623e-02
4.808542283601381639e-02,3.285214513633497729e-02
2.040924078133807273e-02,8.737450272462376349e-03
2.379761399118601045e-02,2.714548087027079601e-02
2.339337108744636851e-01,2.701514275185132874e-01
4.724469557176443069e-02,7.835340496135763388e-02
3.363958148874296450e-01,6.044302008288100492e-01
1.676950972541632057e-01,6.385108061123924428e-02
5.887409583326962126e-02,1.118605751331005066e-01
9.214388586084151160e-05,5.350595134062784022e-05
5.371218636962454655e-03,5.880598733941408418e-03
1.087043558399078125e-01,3.733716004918761350e-02
1.590139658387527619e-03,2.661960153968553205e-02
3.211872117800312204e-03,1.063106812718577453e-02
3.350725098236674582e-02,6.676165904545523083e-03
3.758007380642547704e-03,4.653004084143093182e-03
4.743313800359499031e-03,5.677100900991132425e-03
3.034744762708153076e-01,2.051626342042205398e-01
1.727677530765244811e-05,2.633863000704225396e-02
2.105066484350049533e-02,5.199945525171891653e-02
8.834503332937115871e-02,4.654544079694974273e-02
1.262653141326464667e-01,1.111747482181106167e-01
1.326672475723386369e-01,1.399068999357347132e-01
1.150112001705347747e-01,8.882881244105635121e-02
3.465610154978017443e-02,4.346614264886117240e-02
3.729633545850015788e-04,6.871367148816270691e-03
3.499248123469823717e-03,2.634800501603878908e-02
5.097269434969809998e-01,4.442285947054492867e-01
1.190126934731960138e-03,2.709273894868075621e-05
2.414963914679905677e-01,1.846779735127351274e-01
1.421750164928082096e-03,3.324947437036882350e-03
6.507493224197286041e-02,1.119935378832007666e-01
9.121548762104908503e-02,1.568288934854772387e-01
1.937733942207875426e-01,1.011982778499350283e-01
1.474621639310518678e-02,2.330730275297444171e-02
9.063328576861472488e-03,2.358975825014287750e-02
2.301102447389752597e-03,2.698509798552143225e-03
7.312859508423363852e-03,4.582113769565247102e-02
3.128720170742759765e-01,1.851213444272603592e-01
1.449792168592834440e-01,5.966601992498709456e-02
4.589135458850489985e-02,1.065857756002972084e-01
7.266560274858982829e-03,5.527989884445888569e-02
1.620102914808559114e-01,2.496216570370183852e-01
4.261036572908635800e-02,1.610315012944307789e-01
4.003356085937292974e-01,5.900316425917081498e-01
4.098390308760515785e-03,1.349649374633756166e-03
6.968238847089077703e-01,7.600721229663031098e-01
3.610341498516678738e-01,4.163160738573019604e-01
1.091196627183484147e-01,1.091129871973822579e-01
1.190402026952542824e-01,1.138139204538707872e-01
1.840979173641171807e-02,7.720835980906469442e-02
1.851368044266922530e-01,1.019272439732297891e-01
1.406804170990581338e-04,4.991357867329254683e-02
1.135057763937901837e-01,7.693949150267569148e-02
3.325691501358302073e-03,2.668114349772736024e-03
1.123295115637924918e-01,5.713716317891629620e-02
1.693205500504971206e-02,1.238775917003074878e-01
1.209424535779346629e-03,1.831661218446537995e-02
1.028910530792842039e-03,2.553409950045706141e-03
1.541099081867908054e-02,8.032710016246887063e-04
7.277884473582545144e-02,4.896670696464224676e-02
2.473309481056312209e-01,9.608116111460458797e-02
4.155440077059787199e-03,3.676481175399589491e-02
8.035152623346107637e-02,1.711610442008761890e-01
3.386562414865132431e-02,2.617277305969680293e-02
2.010780552593101345e-01,9.058476330620193750e-02
2.009658684280887439e-02,2.836461672620591012e-02
2.999653402803083985e-02,6.233923709961788906e-02
2.687141396603009297e-02,4.478576660460185238e-02
4.471845700854430034e-02,1.644952179580583609e-02
9.432660682124889562e-02,1.046018188379296832e-01
2.147243546186745553e-02,6.954474471553216686e-02
1.229903625409335816e-01,9.405769362061006111e-02
1.561808934474204430e-03,5.633891559898854089e-03
2.445325954107224198e-01,1.489547469519408585e-01
8.996092722948148144e-05,2.882343062653039065e-02
3.309914008263527968e-02,1.535021089499013537e-02
4.308466518819414198e-02,8.750326895976273537e-04
2.047394069851234399e-01,2.941198865907377336e-01
4.564713107089430344e-01,4.800175144553260886e-01
7.242586525143725890e-03,1.129134977651328987e-03
3.922170937205664634e-03,4.487786898299094950e-04
2.709378699046262415e-03,3.873384205126459423e-02
4.540309154540894676e-01,4.412042803579611649e-01
3.358394574292788287e-02,5.274532573439223715e-02
2.621827040329268721e-01,3.403192401231577291e-01
6.254062006090656094e-03,5.302828212130190899e-02
4.893007312069688058e-02,3.325109767768638647e-02
1.269146788124396741e-01,8.160400980321826092e-02
8.247248973250850129e-03,2.482891302241677089e-02
4.044730791390192537e-01,6.563482466985999242e-01
9.558285058032375825e-02,1.299426803311002077e-01
9.160082030196645686e-01,9.231230923074538186e-01
2.008991317914159414e-01,2.889134074514158046e-01
2.843522218492131742e-02,1.252267904325169920e-02
3.138487760962891948e-01,2.588231614726235752e-01
2.135485164608682488e-03,5.609125315717954779e-04
1.261236959909904920e-01,5.401611988756069987e-02
3.354780259249089958e-01,4.449758505108058482e-01
4.873995633088481355e-02,2.625554179416755493e-02
6.244653882014189472e-02,2.333098516584288309e-02
6.674578039022698388e-08,4.316234040619865153e-02
1.403245558770077617e-01,5.082623806631979962e-02
7.143561437663189205e-04,2.663475474182913977e-05
2.875477410217958351e-05,2.007536683805872732e-02
5.122568055681885335e-01,4.530883027701068100e-01
2.078488144751120892e-04,1.806558754973525138e-02
3.267482332802333633e-02,1.066783886760334088e-01
2.183033335277418385e-01,3.356840603396045730e-01
1.006597535902914453e+00,8.853812707502368706e-01
2.338971356763673039e-05,3.667566584921525420e-03
2.587055617133259336e-02,1.199711641835802395e-02
7.874777791603214394e-02,1.223716119738118141e-01
6.284075877989926499e-03,1.176557358960606328e-02
1.848494054652806765e-02,9.635286091823921581e-03
2.127240860593337946e-01,1.671650939879533171e-01
8.302539751468892973e-05,6.722626447124026815e-04
3.354517238914158858e-03,2.464666836962468854e-02
2.518879502483307997e-02,6.302689531834079761e-02
1.800497557584725405e-01,1.000611179453857608e-01
1.475327359962378126e-01,1.785461764229649417e-01
2.758695712495236665e-02,4.864164405121757656e-02
2.321525794521087278e-04,3.598119104696282126e-04
1.787281340970430787e-01,1.065785762556026306e-01
1.924456946607158436e-01,4.897964600273262969e-01
4.432940681366703134e-02,7.409612385399257095e-02
3.256745350358209584e-02,1.613994757837083210e-02
2.295566374163541916e-03,5.974614550346719205e-03
1.896791398113255658e-02,4.262487591980582829e-02
2.071840564841367915e-02,5.111022205954002945e-02
2.406547068276495283e-01,1.425440766259114533e-01
3.462220236696088305e-03,2.811341539346771208e-04
1.103937171325408834e-01,1.415070306679081236e-01
1.566505519551685032e-03,6.288625093922210231e-03
4.120517531521243685e-05,1.516342971437324195e-03
5.084684810507172567e-03,3.260124765211923868e-03
1.593734971155717078e-02,1.013917337062612001e-01
2.560838297416581123e-03,1.720243146025439429e-02
1.008321229788850838e-02,4.057191947242207337e-03
4.249107105774901222e-02,1.973220542017167095e-02
2.586374843253043398e-02,1.069617835089945596e-02
4.055697568075899428e-01,2.998696933251819297e-01
1.640561637585415955e-01,1.061906734886059744e-01
2.972809622527571721e-02,6.428662931731954355e-02
1.514076761377556452e-02,1.497370778933375217e-02
1.120242454129355457e-03,4.044025469135339654e-03
9.644937904634146367e-03,2.809117493128043038e-03
5.318334818299614783e-03,5.315364093087268649e-02
1.840907600190039850e-01,1.396537198569184346e-01
5.968307579737468921e-03,2.364396459417615615e-02
4.500146076920976432e-04,3.278806797798475281e-03
1.114643725852505589e-02,1.640067319248426567e-02
4.073217141462677493e-02,1.172219843835079350e-01
4.146242527338259709e-01,6.743194660198248425e-01
1.530614548278093068e-01,2.940378881344083428e-01
2.556668793483336533e-01,1.941757318282984202e-01
2.534556853388129083e-01,1.487762166926324403e-01
3.061446970582942795e-03,5.529651583130539526e-04
4.005829556722864671e-03,6.704113166444324035e-02
9.112430726731055031e-02,6.369778097253918359e-02
5.207035269462506610e-02,5.489097821419468282e-02
8.285213377693479986e-01,7.392319445696805547e-01
1.237253591689304461e-01,2.390506827593572303e-01
2.531362521849773572e-03,7.699952875818739397e-05
4.091843706941236843e-03,4.295155845776802046e-03
1.442809487241679574e-02,2.718643420841147448e-02
9.768398428441361914e-02,5.785269814088831591e-02
3.573337895736222736e-02,1.580697565012843531e-01
2.548719301271377968e-02,1.543101624313863822e-02
2.067672587033622944e-01,1.650143469013379549e-01
2.878125883671632437e-03,6.847710491485993305e-03
6.474598888979905820e-02,1.256938137427160429e-01
1.879080065001968169e-01,2.309140763078311731e-01
1.057136362904997212e-01,1.065013678546506137e-01
1.402032140735993970e-02,5.258466176134499181e-03
3.988577136711584856e-03,1.129189043049890796e-02
2.100330711053385868e-02,8.817008100660207737e-02
3.455727412010022315e-01,1.808564159711504027e-01
1.846751392399120090e-02,5.134621731409821227e-02
1.211703958171015810e-01,3.007166845596228044e-01
6.227942076228027563e-02,1.080411063923590598e-01
6.509600521525430415e-03,3.444511927852511764e-03
9.981362795168510435e-05,9.942539267540661738e-03
1.302057959500825535e-01,1.303679457886830484e-01
4.090451553771008025e-02,5.139320958362665615e-02
9.660177860698174884e-03,2.105743611070547063e-04
2.804788640650862086e-01,1.990156445048992251e-01
1.504782574605593656e-02,9.119595345619808252e-03
6.249413791781180220e-03,1.774246913005252937e-03
1.013627338158109153e-01,1.961097786723766667e-01
6.075919046720434924e-02,2.386414734735747140e-02
2.538411342274735083e-01,3.645087196427613807e-01
8.347862893002112872e-02,5.650590928548518931e-03
2.556238886551110423e-01,1.263518469956710633e-01
1.490756882590221488e-01,1.778769859932473885e-01
1.368498284208948370e-03,2.579990385934595801e-03
1.208938767820009336e-02,2.154124169017646376e-02
6.625662338558388487e-02,4.771578068463118438e-02
2.548834421874115463e-01,3.248352822196150513e-01
7.901642585109180938e-02,1.508026351397394327e-01
2.229468464479821346e-02,3.689473387341098143e-02
1.952321843310702576e-01,1.354336014550725220e-01
2.219908139728978269e-01,4.045301859008416656e-01
2.380889938688030808e-04,5.240651737868894273e-03
3.042830356758561769e-02,1.004800790274600454e-03
1.773292280115144059e-01,2.734874627342144815e-01
6.351509070526359380e-02,5.918269644534965984e-02
3.108057917473571949e-03,4.353956392300815936e-03
1.603833357738040921e-01,2.868464591417427823e-01
6.223617955899837448e-03,1.640975866565858433e-04
8.747621266109580074e-02,8.863863277708255994e-02
9.378756269884325203e-03,7.514251500956639629e-02
1.736886520017273151e-04,3.023229236602950013e-03
4.162559253987628549e-02,5.922534916737649119e-02
1.773361612614695465e-02,2.171095550892863241e-02
1.552436608014328978e-01,1.054729396121775881e-01
4.064294145407237879e-03,3.072521394863823863e-03
2.781447085158511023e-01,1.895257482794925341e-01
1.008871551379116841e-04,1.610510496188007675e-03
1.025609234517336098e-05,2.221922065899635448e-03
7.503995493747719209e-03,4.770994157706093816e-04
1.131565934006972390e-01,1.660568911094168487e-01
9.075040182466711375e-03,2.061199925143402528e-02
1.862365110807818590e-03,4.030500511385640139e-02
1.671292194833156608e-01,2.807750023195498268e-01
7.720952186948242257e-01,8.323308696647645499e-01
3.788705184561122746e-03,1.315211955999121170e-02
3.209415876703407000e-01,2.943368343207806159e-01
2.392843497731973225e-03,2.476235436947679235e-03
6.088860925251238232e-03,2.023777066931460589e-02
1.143888771422242601e-02,7.637720007293273550e-02
8.829430560395983008e-02,3.374658777475487287e-02
3.856291327838877181e-01,5.335222444038966172e-01
5.631233497350556227e-01,6.331702156987072394e-01
1.257663711069518520e-01,2.202124325956744955e-01
8.365116580312502437e-02,2.501829084172306206e-01
8.616907873169830923e-02,1.749028088593126418e-01
6.197948512332377043e-03,5.619740474139761979e-03
5.028044501851359691e-03,1.014777564064668573e-06
4.472649864871497405e-01,3.437899137992784238e-01
1.571939366009125847e-03,7.308167964692527212e-03
2.170907029186696854e-02,1.666430750828069504e-02
1.424037771016131325e-03,2.710999658620294291e-05
6.081715323077160895e-02,5.255117421360170488e-02
6.605470612942568320e-02,5.792046817872566894e-02
4.181002349901311033e-02,1.082929404420088781e-01
2.340912514278871148e-01,3.709204075425435732e-01
9.959599792821585695e-02,7.232960878249199144e-02
1.758900566791575610e-05,3.044549071810104604e-02
9.245109005924986032e-04,2.636517700279547224e-02
5.935667986273261004e-02,1.850931269479735852e-02
6.650968290618722301e-02,4.701940675721687224e-02
8.883038909236501846e-04,9.080075749419663431e-03
1.527283186371409807e-01,1.775952545893535461e-01
6.965208195622590859e-02,1.379792872169564311e-01
6.872736814802304917e-02,1.496281809723079836e-01
4.121614292167662813e-02,3.277674236808681557e-02
1.715923499349887582e-02,1.415655813230549780e-03
3.336952644454647217e-04,1.305221569392608742e-02
3.250875637164051674e-02,5.429637504491318517e-02
1.704687296561621379e-01,1.592668079623583144e-01
6.262235733528424830e-02,1.145307441566947304e-01
2.056820010149471301e-01,1.071089905934236169e-01
2.110533022896845801e-01,7.492793384364805631e-02
4.088175379764701772e-02,9.392352562689991469e-02
5.764705696956078096e-03,1.031729800168557261e-02
9.262334082862024032e-02,1.211976356346855244e-01
6.872890506829126833e-03,1.152442935530690812e-02
3.916514402784780635e-02,4.048680056847871189e-02
1.255191066396113830e-01,1.693745685463282080e-01
6.441636464001363090e-03,3.615821610735057978e-02
1.720858687955886292e-03,5.670859748125529898e-02
1.090023380533258479e-01,1.115949611691624960e-01
2.754880866091696801e-01,1.901786657353942422e-01
2.577944176908987441e-03,8.182348926658944768e-03
9.402816454759553577e-02,1.112795881452891406e-01
8.012316242980590739e-03,2.117937955820670126e-02
2.050958211865235026e-02,2.719510229460000636e-02
6.239531999737001344e-01,6.138947246398637203e-01
2.230776198053989745e-01,2.443582214046760570e-01
1.806683895858639255e-01,2.589636504740844281e-01
4.683651064396093106e-02,4.168795017215531223e-02
5.803256037310352555e-01,6.543442112613715445e-01
9.706144743074730102e-03,2.712269653634455380e-02
2.364344868994318338e-01,1.761575276691104697e-01
7.165927859735232545e-03,2.901060733965560648e-03
7.625367563700369278e-02,6.182467567793585583e-02
4.341285816538074938e-02,3.900879664743162056e-02
3.572998567617257509e-02,2.076913140552768405e-02
3.802373087199654722e-01,4.297475840829613758e-01
1.341646508899864421e-01,2.328800600727270742e-01
1.965533859437187947e-02,1.731859434910000550e-02
9.365295314586198627e-02,2.674286574217993664e-02
6.893939607133140824e-04,1.424660134373397944e-03
4.020721038514680698e-03,1.149882544615114636e-04
2.195897047960757853e-01,2.207244776707399658e-01
6.083806699828162717e-02,1.712760383415652676e-01
4.967419851163147881e-01,5.669915283365274394e-01
7.470598469657299678e-02,9.353827512870833971e-02
6.336185520591142151e-02,1.052896576017950669e-01
6.134682940233527129e-03,8.454758466514129128e-03
9.792835537633767969e-04,6.322884172006583805e-05
1.869210024673340076e-01,1.082010881579015954e-01
2.186504135678432950e-02,1.248366882022571185e-02
9.295114638860665478e-04,9.057426578651916679e-03
6.211989297905743390e-01,6.439666295625895431e-01
5.067709288474820523e-03,2.706467281835377246e-03
1.088147662510002486e-02,2.394194008091552264e-02
1.696302351251097185e-01,1.273646737982781496e-01
2.017054251502583551e-01,5.745357773874585489e-02
9.953203700745408278e-02,1.547847114678798652e-01
7.539325332333330493e-03,4.964263442421166172e-05
1.612784981536647955e-01,1.405694919616326810e-01
4.254469291268822562e-01,5.380893677950586707e-01
2.429701093546861590e-01,1.697560769905290534e-01
5.430101291201180902e-02,3.746052678192320767e-02
2.892453587670837031e-02,2.362378265996476628e-03
5.279488550038152761e-02,6.487063199374810962e-02
3.568093528523012120e-02,9.916299642110756873e-02
8.466652737242776061e-02,1.794435704948114108e-01
1.307321222874450149e-02,1.274316864304240841e-02
3.034405853882062298e-01,4.418549118424178190e-01
3.887467973018893241e-01,4.182562436235366943e-01
1.874095257174930584e-02,6.594892087406881154e-02
1.591389424509020711e-01,3.135230071838190358e-01
2.410712802031736348e-03,7.712068602346363200e-04
5.723928198665982903e-01,4.486340869745089610e-01
9.733182195298981099e-02,7.706451818311896296e-02
4.187960614438202001e-02,2.539548515637307310e-02
1.473008078087344741e-01,7.891240810296584751e-02
2.259629920595164140e-02,5.183028265825213171e-02
7.510398052359400223e-02,1.942267679599936694e-02
8.711569459057852405e-02,1.387728063138519291e-02
2.113881197418543134e-01,1.792128785389693613e-01
5.217044962323769824e-03,6.216187448791868657e-04
9.789549752720444392e-07,2.460858037150705051e-03
8.364187794281419119e-02,1.122098528112890070e-01
1.914400487829891629e-03,8.350691717314675036e-03
1.606407920647548726e-01,1.432580593741461517e-01
1.192753582362422043e-01,1.161861789284269891e-01
4.709729532809020167e-03,1.299679318500509152e-03
8.184797296143091205e-02,1.023877122704988790e-01
2.095144234457048116e-01,1.976677244844861070e-01
2.035044915878751401e-02,3.628809126526827411e-02
9.342424274006375096e-02,2.536385016704029716e-01
3.080596584917327241e-01,3.134959036666105092e-01
2.200455388176020821e-01,7.998032984038752624e-02
5.531786133228542256e-03,1.379021472980953905e-03
9.015085967361913602e-03,1.778393371884158633e-04
6.600467011531180317e-02,9.482667070856876101e-02
1.715003622018393750e-02,5.909452689592890537e-03
6.890632956254116870e-01,6.781645801379770910e-01
1.615431382617459749e-02,1.697280573487656681e-04
1.338563840294279828e-01,1.465138968334316616e-01
1.762230488093781688e-01,1.261175111603156651e-01
6.004888031022973666e-02,1.610235687673230442e-01
1.982034038904117654e-02,1.523819093197887990e-02
9.464398020798146793e-02,7.546892667371464525e-02
1.206456563519339303e-01,9.323153376727102981e-02
1.783086647364150457e-01,8.747397357231875836e-02
7.623959437286695143e-07,1.421445598289301955e-02
9.076213243160227151e-01,8.690883548060437391e-01
8.549814759176295464e-02,2.746055323496950779e-02
6.493556644744909179e-02,1.192372837679070430e-01
1.129612869958292794e-03,1.989471316908986501e-02
7.900327877833374091e-03,2.066157151297524745e-03
2.601825878782277335e-01,1.963155972777664571e-01
1.220346546957423728e-02,3.989574851415557052e-03
1.226653228586997574e-01,1.516268544436602805e-01
7.251310622740540779e-02,6.607309036485128906e-02
6.761475461639473473e-03,1.023040495269175384e-02
1.802009888043357710e-01,9.983480122661783640e-02
1.494758763151283754e-01,1.930722508044971919e-01
2.178106821611877023e-03,3.983269197163774242e-03
2.086430577472738745e-01,1.364128548903553173e-01
1.982529889622747510e-01,1.790107885975235624e-01
1.432631054524275251e-03,2.288444823953115700e-02
5.175011903479585784e-02,4.177077420854819617e-02
8.002312132535724376e-02,1.018927362608525872e-01
5.825870222369636080e-03,5.808239218179583972e-04
5.440464094464907141e-02,1.249674003592259469e-01
3.438893601888281127e-03,2.470869660312561677e-04
1.908621858240026892e-01,2.072890763003229497e-01
1.430029952613244282e-01,1.437400277172160568e-01
8.427379800714071903e-03,3.312551545331785430e-04
4.495364154553111043e-04,3.519674628952007670e-05
1.083132062375061100e+00,1.431499267524233732e+00
6.104122312788756721e-02,1.461663455111939791e-01
6.506657122940105904e-04,3.338784564079629036e-02
9.938022097141915520e-03,8.786836933627836799e-02
3.903463415957474369e-01,2.767963463348685482e-01
2.580210802873697876e-02,2.260636331748179517e-01
3.352294160365108366e-03,3.428238882922552896e-03
1.137849505693279972e-01,5.062061956320228900e-02
2.090824479667425032e-02,1.255493633129678779e-03
5.354649664132824505e-01,5.824563608819817162e-01
2.587517217279383316e-02,6.881715288999468508e-03
1.234828007995820848e-01,9.634693431464526336e-02
1.276972584282626832e-01,1.182493562519753016e-01
3.208014070580384896e-06,4.938931606764414457e-03
1.815119713368050156e-02,1.515959009896766395e-04
1.339564175374450931e-02,6.337022882919172116e-03
5.388733195536013314e-03,2.661085697762077817e-03
3.358238892941741577e-02,1.711875568080928889e-01
1.822615632172850070e-04,4.771391808459173565e-04
7.078613904900579734e-02,5.439947357685633034e-02
4.224811556170097321e-02,7.296070975675834902e-02
1.869613913099078262e-01,3.521473304222521583e-01
6.592651625057664722e-02,9.647831039818406673e-02
1.150607133844563090e-01,1.922113189600735406e-01
1.427625985057232594e-01,6.022783592561011673e-02
1.851391739740491579e-02,8.895238518992624674e-03
2.450836406567264911e-02,4.260637580320836802e-03
5.500593087392045138e-02,5.351713513583061105e-02
9.575096159766226245e-02,1.824671792081338229e-01
4.109000408730330289e-02,6.786269381511713002e-03
6.387518659774811135e-05,1.619103037403152887e-04
1.357399207983664979e-01,1.454752954616482241e-01
4.287437322052248256e-02,1.509018436865971341e-02
3.519845452183570280e-03,1.144296698043162884e-02
1.507414422307419288e-01,1.417268404894467537e-01
1.938927332931033864e-01,2.383661192894311331e-01
9.024152552386470027e-04,5.077806375450439865e-04
1.727354822906121690e-01,1.257061935662170393e-01
2.246182655373298032e-01,2.323167252285352757e-01
1.609884993713637524e-01,1.922558184254507807e-01
3.516600636627267330e-03,3.655370821344948234e-04
1.075888746880806005e-02,3.842589995845684548e-03
4.769055024169261553e-02,3.106339948799198905e-02
1.437802207893912887e-01,1.072986782777738818e-01
7.330209768761108448e-03,1.464756790117169652e-02
2.569668164522333903e-02,1.038451472916520346e-01
1.628185272909021541e-01,2.041098127551012609e-01
3.605907484740196456e-02,1.003144841894143026e-02
1.126797319476759984e-01,6.429762799849779442e-02
4.842905045141741166e-02,1.044764445679431386e-01
8.353518143986690681e-02,6.867099890858327504e-02
3.775952653304726625e-01,5.839696690690797665e-01
2.606915053282811146e-01,2.559187642270554508e-01
1.016694787982671232e-02,9.858284923773240338e-03
6.595078115032254606e-02,6.284549968381730745e-02
3.948875842012610216e-01,5.118070491205117811e-01
1.184779915185591587e-01,1.302090878456954315e-01
2.976391883621275491e-01,4.364479497596586155e-01
7.354817290339299429e-02,7.837951376551823002e-02
1.151065543921341895e-02,7.402360084410741119e-05
7.200626357712364145e-02,8.969827830859360140e-02
2.248375654442329452e-01,1.552232960175182197e-01
1.362278719133799554e-01,2.167215779242094020e-01
2.013353417982534088e-01,1.796057621264971482e-01
1.040192792089197210e-02,2.619427526673716658e-02
1.360387479051322901e-01,1.829001778304515102e-01
6.577952634779796193e-02,1.581512492880040310e-01
2.173938620510745823e-02,8.008622750536459334e-02
1.315138087697040326e-01,1.709763782326391979e-01
1.269766607233014655e-01,2.822159940636969622e-01
1.064491714633170882e-01,7.008790302978303022e-02
3.897275529428259611e-02,2.919832057591487465e-02
1.330173211857599014e-01,1.395548915633287868e-01
1.313782883025621517e-01,1.291509098745772556e-02
7.424849106269104659e-02,1.201189358342655694e-01
7.389978884076624233e-02,6.629333033347567516e-02
2.190157096912438983e-01,1.097332185868851034e-01
5.542205883367345987e-03,1.221372493632087372e-02
4.788777907690526178e-03,7.993351978980520883e-03
2.583180937151726142e-01,1.397324356618497021e-01
2.276653275697568517e-04,1.345600450600072454e-02
1.957248769448036163e-01,3.217720474879616765e-01
2.624054206582964593e-02,7.699057411440632381e-02
6.115689193602331757e-03,1.900940606746812078e-04
3.313007914756087580e-01,3.056098239653403104e-01
2.572966990610470739e-01,1.467678757844707027e-01
3.463115314764380476e-02,1.126154540567552709e-01
1.317679456337990385e-01,1.293482150503246775e-01
1.284908749211296497e-01,1.205343775030788822e-01
4.419780047634700761e-03,2.986984298892148752e-05
5.640954482512763324e-01,7.447464497521829596e-01
1.843454222345683804e-02,7.037532280366173842e-03
1.441895864002328276e-01,1.480442729690316928e-01
2.106584523441381706e-03,2.243951336618383793e-02
5.439150804008720946e-02,5.536900366436268289e-02
1.314083370470960244e+00,1.265172137246565631e+00
9.569761070208868126e-02,4.291112031746419780e-02
1.275830872397335641e-02,3.356237766036546805e-02
7.642552920105083643e-03,8.019650075875316142e-02
3.545299266549512690e-02,7.571290488428927996e-03
1.545384391639233190e-01,1.857996292578566189e-01
2.170648216748356438e-02,2.855073088198883946e-02
2.246973404781698810e-02,3.070333376077388418e-02
2.266227345286792871e-01,3.173797606363311097e-01
9.262818473999026581e-02,1.248787853650408508e-01
3.000730235459688200e-01,3.811614843367862604e-01
5.473102300789135094e-02,8.341528216003865626e-02
4.726641549878324994e-02,6.392155848410651688e-03
2.583993600321827233e-01,3.084755163758690633e-01
2.187655943480057985e-01,3.936740780625749281e-01
4.984931815265035773e-03,1.752357609845996839e-02
3.130025907722603501e-03,1.255598492189820108e-02
9.322630470275031223e-02,1.031884236938685057e-01
1.252272551292729109e-02,6.250018064325468803e-02
4.250356666152294190e-03,2.848386028950391016e-02
2.217701729040800485e-01,4.739176840966099480e-01
4.865234266157111853e-02,1.191896154093126901e-02
1.021963422188893085e-02,1.079000776748419849e-02
4.488937727595157870e-03,1.720523614976269405e-02
1.422621512996891059e-03,1.279921678144557880e-02
2.204242284583368509e-03,1.443502046687199225e-02
8.737875819280273293e-02,3.788553628236199233e-02
4.357671360519087544e-01,4.784745742571295812e-01
1.820908862148658547e-01,1.149407243840966097e-01
1.069562673033914030e-01,1.555493356664499061e-01
2.152543485090271935e-01,1.911797186980796759e-01
1.032573351618241292e-01,6.881805681907175731e-02
3.492212184440105296e-03,4.514510162741097732e-03
6.139513617440116311e-02,4.487210650245902072e-02
4.928486897369203229e-02,1.034910991902936450e-01
2.574141857065490469e-03,1.462232746117814826e-03
7.158705395479141032e-02,8.252756196227967189e-02
4.929318949718309861e-01,7.341842410333404567e-01
4.313405545042389884e-03,1.739995060352153870e-03
8.607833829424660355e-02,1.426350899717533094e-01
1.429986989430037381e-01,9.841037923845441515e-02
1.874663994318313820e-01,2.062238559836873375e-01
1.833884505004948484e-01,1.768439686540139999e-01
1.143727574458578838e-01,1.981791913876476963e-01
2.390256091094166823e-03,2.300274482091392136e-03
8.471833909546380714e-03,1.379887860949830132e-02
8.249557614903970434e-04,4.103881939175419277e-06
1.645407549201199568e-02,1.441979128796009035e-01
2.528548135634935481e-02,3.470629822225213684e-02
1.683248557420146119e-01,1.453588765032169661e-01
3.895416023506682590e-01,3.278824312400946961e-01
1.068152357289923193e-01,4.671899616294551000e-02
3.564296852846046693e-02,5.909399349434801135e-02
2.906809186233120790e-01,8.734633714848560881e-02
6.732668081042905706e-02,8.636306804438045881e-02
1.576657277240901822e-02,9.185879680760043048e-03
8.216074283309263149e-02,2.639440751050584760e-02
8.392247950590415388e-06,7.961770378743877798e-04
1.583180119142370279e-01,1.880623671155567944e-01
4.054117450861530192e-02,6.558788148767609461e-02
4.862166727287262624e-01,3.302385351286542536e-01
8.790592453224467528e-02,1.277828577890329220e-01
5.322812613599368220e-02,1.270225475803298809e-01
1.381259260826564750e-01,3.046849030443116862e-02
2.008910804579964668e-02,1.716196440898669004e-02
3.119815307747307864e-01,2.874352583997905053e-01
9.789543511689242916e-02,1.177105463699643917e-01
5.757031149694531724e-02,5.036607819537827074e-02
1.377226765637577267e-02,2.037681645848309422e-02
2.777633036270764355e-02,8.414427091314759244e-02
4.650333639303447925e-02,2.556437509771108257e-02
1.898637999484640848e-01,1.529047428955573884e-01
9.817199687609173137e-03,5.582496481261852578e-03
1.107194035280366883e-02,3.464983028725437649e-04
3.461088755047811993e-01,4.595919889002386682e-01
2.467759443067381597e-01,3.553428591062204878e-01
9.002655098949378931e-02,1.079542249817345007e-01
3.959262788157202340e-01,5.465982611633714017e-01
1.376776661777166831e-03,5.388306400083794911e-03
2.535095713504931150e-03,5.796486069452668442e-03
3.477957803816322246e-01,2.510417431863584681e-01
9.646811255900038934e-03,5.909608265041017133e-02
1.067807104518564421e-02,7.993750124497468745e-03
8.138661064662515432e-02,4.624367409283883235e-02
5.293757151774337866e-02,1.626414560142896287e-02
1.081061444141096367e-01,1.467313668501840640e-01
1.941359221009415076e-02,7.498400080190044392e-03
1.130118631470871937e-01,1.353449054971519461e-01
1.445703623487590295e-02,3.967444293191067090e-02
1.045741734572346315e-01,1.188143120535371799e-01
7.405396554934287612e-02,4.521957138427860901e-02
2.228165783017910240e-02,6.894001958455910420e-03
9.465175872997229345e-02,3.773567122910641974e-02
7.064147144238154541e-02,1.782721712146454751e-01
6.838322218298693855e-02,9.505858099796649086e-02
1.819886813257891034e-01,1.672813326232398257e-01
2.501937225481479232e-02,3.846636383877513610e-03
1.417639940389986697e-01,1.337808375577846653e-01
6.911736440142108862e-01,9.686303312764530382e-01
6.643587462387397745e-03,7.419786788823997488e-05
9.768205333793487932e-02,1.985813016272581222e-01
1.778605734288448564e-02,1.807848372369111594e-03
9.126050861992730800e-02,1.309590423732725772e-01
2.825594192869246291e-02,8.817065327780503533e-06
9.829472218937842370e-03,2.545133937040500172e-02
1.971897435382417296e-01,3.539228011527772999e-01
1.758196112877116191e-01,2.302521940979872228e-01
2.502460991782944344e-01,4.572683990113209362e-01
6.575504800795212157e-02,2.294970584183667409e-02
5.166877707529893976e-02,1.079786803909097323e-05
6.185751947059631639e-04,9.333919384463679192e-03
1.420985270106712821e-02,1.402139912961008344e-02
1.178102950745573557e-01,1.062272361811564536e-01
6.030413865116966005e-02,2.004136960941121232e-02
4.621378958538066399e-03,1.178759563332412892e-02
7.648155637733839492e-04,8.351352399606687404e-02
4.890766418429876028e-02,1.508530419180512637e-02
2.765130062779198265e-03,5.560692057534793314e-02
1.123426486615432540e-01,1.561757883707377559e-01
1.400507945304531971e-03,7.448797314024555765e-04
1.238794103186740270e-01,1.349244740655498043e-01
3.669118263831011475e-04,8.904932421518123309e-03
1.711936956292200718e-01,2.194767164268183468e-01
6.586302512401351859e-03,1.471068282308513877e-03
3.417606394076725534e-02,7.469286015056606463e-03
4.977250857136113898e-02,3.155883073185482279e-02
1.163619437784287579e-02,6.971661614733010246e-04
9.834319346548241192e-02,9.769963305392191655e-02
5.255655669997178099e-03,5.742903290671794083e-04
9.590374041967863247e-05,2.008291959847493310e-03
4.080355699341269016e-02,1.356213506277125641e-02
3.116148056553812856e-03,3.887605512573636887e-03
5.093773407887632748e-02,1.210456141306119476e-01
4.465930497572077190e-03,3.048472353253275577e-02
5.685783183144115654e-02,2.363194522525190189e-01
7.249926572450046680e-02,9.376924195038988108e-02
3.514087915856009547e-01,2.380704188679427236e-01
8.231089979338426788e-02,6.231190798298395089e-02
1.562580376773733404e-01,1.274148045188243650e-01
1.856866621774315440e-02,4.150122555798581303e-02
5.700504555056876699e-01,4.054308178435806487e-01
3.384776373511119013e-02,5.389471150476021766e-02
4.190918964293361554e-02,8.547880496960690022e-02
2.306081138985538112e-02,7.349452875235641149e-03
1.449611935704604726e-01,6.797542706185306927e-02
6.407238738677784040e-02,5.740480723432775552e-03
1.849834702582127746e-02,5.641385722793774288e-02
9.796895034141933981e-03,2.996173927647355698e-02
5.091874028802822333e-02,7.620733472160224307e-03
1.549689662948590049e-02,9.721004583893652282e-03
5.847651841829323294e-01,7.061014695991396639e-01
6.809657936144756542e-03,6.596171824755368666e-03
5.466636266491928936e-02,1.065116520132573970e-02
8.805264870754284101e-02,1.187514458438443943e-01
2.739940505223245615e-01,4.033955063581675105e-01
2.264008327311105626e-05,1.938887770388503890e-03
1.798059993754540925e-02,3.199836835648594419e-02
3.470372220686187420e-02,1.437209205107382089e-03
8.876426514415261537e-02,5.497956899560943467e-02
5.593356396136435135e-03,5.546599024352086293e-02
4.171837858914680813e-02,8.559127129053658309e-04
5.802624848933269318e-03,1.577219188881206395e-03
7.878184367216556632e-05,4.343441575962686367e-03
3.294713177146637445e-02,6.110472849524932644e-03
6.876979577708094114e-03,7.450828480626866049e-03
1.588431938567586299e-01,1.035994534349224394e-01
3.029677634220182339e-02,2.223551752250773218e-03
5.681440663756179843e-01,5.604766007062542688e-01
1.005292311167909625e-01,6.948601456031627821e-02
7.060892369219398147e-03,4.107668612077249731e-02
5.904793819593161762e-03,1.834321680634652327e-02
3.288918091362128676e-02,3.620054083768145525e-02
4.947919178841071134e-04,3.810803008217896609e-02
2.217520609857057470e-02,4.078841916668737855e-02
1.944156373187812259e-01,3.192052246043077801e-01
3.349765418976576037e-02,6.310190098908095846e-02
1.740327335208790432e-02,1.059582846747210705e-01
6.001678662171361367e-01,4.860951347379366960e-01
2.276618900925699018e-02,2.757226535951455624e-04
3.199426555289409668e-01,3.872370210498465859e-01
2.443104853023004858e-03,3.410343082985014401e-02
5.031321701386243239e-02,8.957397376515910392e-02
2.157786843932716914e-01,1.180060187801025978e-01
7.320902011448608693e-02,5.789428474378745249e-02
6.857038478093618883e-02,4.621032529109518616e-02
3.181437103770647958e-03,2.275164663062960793e-02
1.900870020525830567e-05,5.689013227944565015e-02
1.219068841450773009e-02,6.967065792103089000e-04
2.854747142883378233e-02,2.124694566303365201e-02
5.077948089435946333e-02,3.430773985607390997e-02
1.039797474948987305e-01,3.137525782605855573e-01
2.009065507908708303e-01,3.090315882862343377e-01
8.607838294010985991e-02,7.144729013347622670e-02
5.564136845221972182e-03,5.275698011403707512e-03
1.334643840925181235e-01,1.141224915315361133e-01
3.660270074536846937e-03,4.150756355010148143e-04
2.068943998594235667e-01,1.836855373443505579e-01
7.635521619100693602e-04,5.040772058994368726e-02
7.815398165630181582e-02,7.966074867908423673e-02
6.289847574444953297e-04,3.740186759379382671e-03
2.409301634504705525e-02,1.157254258611445548e-02
4.807693231261239153e-01,4.186461100358410681e-01
7.411156389171119283e-03,1.879795822941053574e-02
8.190796411514472686e-02,1.784639459358833558e-01
1.437488686953561356e-01,1.381833765664739755e-01
8.706462020951935554e-02,5.050499717873830480e-02
6.881074881354054887e-03,4.854640073809044941e-04
2.577626158676633028e-01,3.975146274841309668e-01
1.010239518663262788e-02,1.045875545383843745e-02
1.209286248967172406e-01,1.916711709387761489e-02
8.669159848751409325e-02,9.667969687673937107e-02
2.392015722918413856e-01,3.071745424428569127e-01
2.945633796899672086e-01,3.720963724756118363e-01
1.878110961162638565e-02,4.087055141714128481e-02
4.906083733820314208e-02,3.695522057190674114e-02
3.120594874767033608e-02,2.414968340920476894e-02
3.682675796172387838e-03,1.212510509832630734e-03
1.500905275020974761e-01,1.676386387419456503e-01
4.278269398469359414e-02,1.215317374115403859e-01
3.369474465875149649e-01,1.939964622471909428e-01
7.330244427076607235e-03,3.301055468488557632e-02
6.570230668538361296e-02,5.161358256310802015e-03
3.176751421189590724e-02,4.112654353354501524e-02
1.113258667036552858e-02,2.210660078212469629e-03
3.504298818376465063e-01,1.670628185304894597e-01
1.357389118224824540e-02,2.315573772021028640e-02
2.406183606023936661e-01,3.231194230024538316e-01
4.715025074959750505e-03,1.368772794213000792e-02
3.057959489104401796e-03,2.225559689947995481e-02
3.379619824611103385e-02,9.494448316156132994e-02
2.598017031214504280e-03,4.021540674271849823e-03
1.705905376507700355e-01,1.190731798441973244e-01
1.550985936440323586e-02,5.988379094986388391e-06
1.379198223394889969e-02,1.652294923556800188e-01
1.052573014197816931e-01,2.066958898214022178e-01
1.660470930682186527e-02,5.355490222311200949e-02
1.855862674196509391e-03,3.206771164454058821e-05
1.468166549018447009e-01,4.352075318033426510e-01
1.576952357708512331e-01,2.126527633536031969e-01
1.446128636110573587e-02,1.603307082381622006e-02
5.412761935097496480e-01,4.124238538318369951e-01
1.898024461916500427e-02,4.649972268655307855e-02
1.620949240076155484e-02,1.984019155787440463e-04
2.244360934296348378e-02,5.064640580676555912e-04
3.166261281923521062e-03,3.853622103866883100e-03
2.283577462114257800e-02,2.416275467239350355e-03
5.014586226680158715e-03,1.531440331637905032e-04
8.777465776015572207e-02,7.722091822461935040e-02
3.968040696753373509e-02,2.454152278610441731e-02
3.546651815885702719e-02,7.296188583717659604e-02
7.877346244952690424e-03,1.084918234942102919e-02
2.707573687136872742e-01,1.096013936670944544e-01
1.904412774737358435e-04,1.480715301071819671e-03
8.731986156071507021e-02,9.665940266586075733e-03
1.994571730608935001e-02,2.049629299685550108e-03
2.915419448674382713e-02,3.303635167639577125e-02
2.516831101102404850e-02,6.910049286448696065e-05
3.383240570729253299e-02,6.197795660814739427e-02
5.218095379922826210e-02,6.252794114732397601e-02
1.170170416689180898e-01,1.262243545934760292e-01
3.425712762393001154e-01,3.888746297416171283e-01
1.608395232402367247e-04,8.621793015744791747e-04
1.874428655049361903e-01,6.677337052018356145e-02
1.347995904345248575e-01,1.117611303451174209e-01
1.945664921269446845e-01,1.060797785081770278e-01
5.413341679579578014e-02,4.500595392671013356e-02
4.510072046422720915e-02,1.222344577538169996e-01
5.962356139098700693e-03,2.721780460089332550e-03
4.622121271385347396e-02,1.733019591242750124e-02
1.103022853308827447e-02,6.698667026764959552e-04
4.293262934740792180e-02,9.259494664918806184e-02
4.308213914526944077e-02,2.663320239517373220e-02
2.054547271376809189e-02,7.969321803845775881e-04
1.206830936627756486e-02,4.165619541769767509e-02
2.074434063628277647e-02,5.373397634536580120e-02
3.683721030088270981e-02,4.316466241213547800e-02
1.168585062983360044e-03,1.649136720484624483e-03
9.500102647306214732e-02,1.393897148109253525e-01
1.653692849454009850e-01,1.312527617285174086e-01
4.868701233272657719e-03,9.151289993702781470e-03
2.336211376087901637e-02,5.091405292988576692e-02
1.350837475453157228e-03,5.292572138943095472e-03
2.466178347249458128e-02,8.315683189781869836e-03
9.177193679926542525e-05,2.308339559556285168e-04
1.234730303607293744e-01,1.855471533137682538e-01
2.206453373579020383e-01,3.692160967119936799e-01
3.623706840804018503e-01,3.130245867301605367e-01
3.549796569374237265e-01,4.206552373959047686e-01
2.465135567248942505e-03,1.751059578560625052e-02
2.905093010327346528e-02,4.308714144266890264e-04
7.593333687911284213e-02,4.605510951763419625e-02
5.842170723264704657e-01,5.128567057899523496e-01
2.012933425903301043e-01,1.463552648024299407e-01
1.978186230361906814e-02,7.121874124492316716e-02
1.349217004392301578e-02,2.281629423176454591e-02
3.873751760903499375e-01,4.680083878195345215e-01
1.489217931177110391e-02,7.695660154756749083e-03
1.340089098125860773e-02,9.540988002399834050e-03
7.892386392596687297e-03,7.654883305166657048e-03
5.520257618561782986e-02,8.471228098870493828e-02
2.825415392471295958e-02,8.709273768268995311e-03
2.859266971447838035e-02,2.910704456500763301e-02
5.223923806938624015e-02,2.488244995977352547e-02
7.149844424533672187e-06,2.942133996794612984e-03
6.106260191606244399e-03,7.278068214450154742e-05
9.476540495873729542e-02,1.796598894087829412e-02
4.132503472272820721e-02,2.511961624682543595e-02
3.216632652531932219e-03,1.501957109347914132e-03
2.266707260636094488e-03,8.302481075654077089e-05
2.804021082545669549e-02,9.025206176244412321e-03
1.080998195192994643e-01,1.408391904923342597e-01
2.651939655484911867e-02,9.685950457302857503e-03
5.869480668494504380e-03,4.600978220300024676e-04
4.982350794351264600e-02,4.050945257657224963e-02
2.711323214417029823e-02,6.402925935193561763e-03
8.873413727249095106e-02,9.123472110260529011e-02
5.916034565167322366e-03,3.927024596896895071e-03
3.520947670469645741e-01,3.122613747619756297e-01
6.399454981561994438e-02,1.348197751109706799e-01
3.381472154587179119e-02,2.681509341006173622e-02
9.689177258480660693e-02,6.832826225019671129e-02
4.028691522153584476e-02,1.895922736828949476e-02
1.832123003094134062e-03,1.680205640908875517e-02
7.905842530390178036e-02,7.731107637946434130e-02
1.083780293880388240e-02,3.181567702000981813e-03
5.326407116263648465e-04,8.128876763560884816e-03
2.407992774194364638e-02,5.857193652102929415e-02
4.491963057688119765e-03,1.521927487524454489e-02
1.614718213215738263e-03,1.959127430544547327e-02
7.668268782582654541e-02,1.724821771773984158e-01
1.596074828939496315e-02,1.371757649526050490e-03
7.094696748080268900e-02,4.614218874753638761e-02
2.590654737036346966e-01,2.247671981032048349e-01
5.565127624247939025e-02,1.416327736096341661e-01
1.710972214625820428e-04,5.904344796952858045e-04
4.974224482913398859e-02,4.920131675594294207e-02
2.105687606076578691e-02,5.774972799174656751e-02
8.601869376913576226e-02,1.345284640293722689e-01
1.029863342365678995e-02,4.676598276930144654e-02
9.127244445414520180e-02,6.378546165467689766e-02
9.525202684531579311e-02,1.211842728246663031e-01
7.022817757550926798e-02,1.004627855768989858e-01
1.361175090441693047e-01,2.034222502338365879e-01
1.298726806332657375e-04,7.614350652599726627e-03
1.376612536767981565e-01,9.356316545676582330e-02
4.230551705434689169e-01,4.123463832120719541e-01
3.358772409173325230e-02,3.511058612217277108e-02
6.565985741194804715e-02,2.584947703346049397e-02
5.968352413236966032e-03,1.553208460688758341e-02
8.575615717282560058e-02,3.526579965380006315e-02
1.420515082048365574e-01,1.414728031638970707e-01
1.178801161547944343e-01,1.207590868858377520e-01
2.967577634306824974e-01,3.211034947565247766e-01
1.353416809099374993e-02,7.973950694988475238e-03
1.350019055905938570e-01,6.502852272067620454e-02
1.505585215950417180e-02,5.040409174099510364e-02
2.293798147560678841e-04,2.371989527234962414e-03
3.022771548612501399e-02,5.379992577654639047e-05
1.037527349052949910e-01,8.697792060236568534e-02
1.230279774178432003e-03,2.387567849998870062e-02
1.865208753463122550e-03,4.035208230401640564e-04
1.284746600956825913e-01,2.662124267193830551e-01
1.659912009890829321e-02,1.009615071375045796e-02
3.029842640753208638e-01,3.359930104510411297e-01
1.592466790814943975e-03,2.103177809972788664e-02
3.413597327441471041e-01,4.197396957098820658e-01
8.946669170461071449e-03,3.882057368468447983e-03
4.757176329310482642e-03,1.627714771659032056e-02
1.707108605410974974e-04,2.277979269858978334e-02
2.008330739524526263e-03,1.051358550664362483e-03
9.488450259294459871e-03,4.125260571233531348e-02
1.273625464579403455e-01,1.275034324183300649e-01
3.777125861085057351e-02,6.277220458018417659e-02
4.210579221357399482e-02,3.959047086734315823e-02
1.966878634016947236e-01,1.126176416468400859e-01
2.237181397102897540e-01,1.611021821448192504e-01
1.067202196771788597e-01,2.186713375594689368e-01
3.022208481070582931e-01,2.141660902333665517e-01
2.986977489857830115e-03,8.437462931850403872e-03
1.999023176469310117e-02,6.717290541771762935e-02
2.918025694678391679e-01,3.926701347905638961e-01
4.673772376996694622e-02,5.883250753588065846e-02
2.684711825734399648e-02,2.662641896621791709e-02
2.693637990893937503e-02,2.572022321653002694e-02
2.883984434083668343e-03,4.214423563932968853e-02
1.588077186006891031e-02,2.648783846010954474e-03
7.016089071828791055e-05,4.286669999360907075e-04
1.734058210778987707e-04,1.394892788655852610e-02
2.657245676800252809e-01,2.335220349261894202e-01
1.654056389278623085e-01,1.937251348152451980e-01
2.535297510960018934e-05,2.549738499413548454e-04
2.172153683154802797e-02,6.609628732733499731e-04
8.093700200049423754e-03,2.497629571318171066e-02
4.745268136664574504e-02,6.920060751068887739e-02
1.868415250656794209e-04,1.132564558262946601e-02
1.550752789244155079e-05,2.087152244953993391e-03
3.048148563870087258e-02,2.451686020138662409e-02
3.202425917811219797e-02,9.061404222970745326e-02
8.584473825965606431e-02,1.812918730261890987e-01
2.210302744215993098e-01,2.997348136673566033e-01
8.806993498528247269e-03,4.290243497489005381e-02
1.173527872103842518e-02,1.056470379394061458e-02
3.522713774839653089e-02,1.802645113063344740e-02
2.608810667362824187e-01,2.130819625150398022e-01
2.943180713215131153e-02,2.174217672193919093e-01
3.897041859677080611e-02,7.717747746825641408e-02
3.897557813612739785e-01,3.899204612210642185e-01
1.368649020313636097e-02,3.015123779704111801e-02
2.761322505795921201e-02,1.362519964837272286e-02
9.898597686054158226e-03,2.214560529066391412e-04
6.081854449543848407e-02,4.465156877099409061e-02
2.026516687324355359e-01,2.594340076314096133e-01
1.520244078358293782e-01,1.908127982970981018e-01
3.999105174089126122e-03,2.766549304982055327e-02
1.390949385963762518e-02,1.868578728873586045e-02
4.895638018675426556e-02,8.025028215717140700e-02
4.874694539203184435e-02,3.705652915976456047e-02
1.685252741568580015e-01,1.763532407946836467e-01
8.185812515981510332e-04,6.524623052033464571e-04
1.818138821638803637e-01,1.436495405301342065e-01
1.147796652218704694e-01,1.130467310793320662e-01
2.738023018940268782e-01,1.117296210428372349e-01
2.982484170097648296e-02,8.258195117320826090e-03
1.051002746165471957e-02,3.804725584649263612e-05
6.490394648214139887e-06,2.132732604621582866e-03
1.640328067229390729e-02,5.840058449710720800e-02
4.091051873929515970e-02,4.004410319253603329e-02
3.685165208040145496e-02,9.896390376336833272e-02
2.096397404179101143e-02,2.206526543295534923e-02
8.971280288294065930e-02,9.421164989286008595e-02
1.152895107666264407e-02,4.327802225609329867e-02
5.216078370536593178e-01,5.543083585142887237e-01
2.433155152927259091e-01,9.980820613041731237e-02
6.442120582141930979e-03,1.352631654628719260e-03
7.158235061603909766e-02,9.242120868100858755e-02
3.139791327750943422e-03,6.101130762350648421e-05
8.713490481826497921e-03,6.334554162620842192e-03
5.889539532287843548e-02,1.065905430791946051e-01
1.783880298277865373e-01,1.657708025478596414e-01
6.675873233351485407e-03,4.523964694103017187e-02
7.337492609470281681e-03,8.338900711732278800e-03
4.475404880189743362e-01,1.373618284361916853e-01
1.979583041009490979e-03,7.980733323820178991e-06
2.650269173390630215e-02,1.512183757283016260e-02
1.282108361462542534e-01,3.629612796008565567e-01
1.951000998557582411e-01,2.497326452510413575e-01
7.394511427011389235e-03,2.612159260311730470e-04
9.937392482869385202e-02,1.028086642647780824e-01
2.262615308178029805e-01,1.957155366607976621e-01
3.174092507082081349e-01,1.539870434168559843e-01
2.322777889988353606e-01,2.578538046260566152e-01
9.308193502936579211e-02,9.153762760493561190e-02
1.255852844771819000e-02,2.634550283723367456e-02
1.193866529439956484e-02,1.662235959485829084e-02
1.768363992854849950e-02,2.091919286225059696e-02
1.376441086638306895e-02,7.538845111000026800e-02
2.746413449652862753e-03,6.675753116500322826e-02
4.992241784819261008e-02,6.565411610173136329e-06
9.091480588420275052e-03,7.007287271996451468e-03
4.103843604470084694e-04,9.900879135348823745e-03
4.589142209398089736e-04,6.095680813892821433e-04
5.296004976523613350e-02,5.202873093326162296e-02
8.695277576572823727e-03,2.047172306423612059e-03
9.730540038742614348e-03,8.873807802544661505e-02
2.396563832713750203e-02,9.385588884894249806e-02
7.239489797838509488e-02,6.835544902025678105e-02
4.936051398711488632e-03,2.742363983901718936e-04
3.921793102166588256e-04,1.741731818819520486e-03
1.283076285591500387e-01,1.082585512941283273e-01
1.683384165491358941e-01,2.048738984942646002e-01
9.419616480757243273e-04,5.901042939518113921e-03
3.998108296201947735e-03,2.838034548508443873e-04
4.029319828845279866e-02,4.453295127563949851e-02
2.575731307454097174e-01,4.011002147073379764e-01
1.614896550328560280e-03,6.530472692443950976e-03
2.348117135499473360e-02,2.152849579926211301e-02
3.455470063974146466e-01,4.310845065127257292e-01
5.744861321754265310e-02,8.100608257538771673e-02
1.283437120902277684e-01,1.309470946161583327e-01
3.748673136228303782e-01,3.311485156472583347e-01
4.924271373574123922e-03,5.814669696714782829e-03
1.479162202797891790e-01,2.176158067952457253e-01
1.663204258279172287e-01,1.222767257991247761e-03
8.377865224960463417e-03,1.077861132176838495e-02
5.191354611216024706e-01,4.364990253937909848e-01
7.999915064493558214e-02,7.383434371735211887e-02
1.216142765055144501e-02,7.993571881582887950e-03
9.575646701197369857e-05,6.509658515411121315e-04
6.296180570069060956e-01,3.898209299481730228e-01
1.889557562281352771e-02,4.914226568649880666e-02
7.376377945913878409e-02,6.277908413383695430e-02
2.253343381060028960e-01,3.447881133193199665e-01
1.550726646439287149e-01,1.587092737337065240e-01
5.926775550401284232e-01,7.195592812962918750e-01
5.697910750118032608e-01,5.376247048477771351e-01
2.216051141669040173e-02,4.746199222384295431e-03
1.117623542342330162e-01,1.198425930075450868e-01
1.285292522054723163e-01,9.875298054765017930e-02
4.556357478745103745e-02,3.863555907670152868e-03
3.737010129157333771e-02,6.315865554897313883e-02
1.194920232935932358e-02,9.330321804603540785e-05
1.936693380008852605e-01,1.963777431776288218e-01
3.583952332996659818e-03,1.834358227720645981e-02
1.268630663297033723e-01,1.317379273340703594e-01
2.949432941866195895e-02,5.318361109906025869e-02
1.522919801133402473e-01,2.790481055759971296e-01
6.615887085303664983e-02,2.709277613012672087e-02
1.008380227489665965e-01,1.013893579382051102e-01
3.646153846911749652e-02,1.731119521597031530e-01
4.942645472544936885e-02,4.868626785166237092e-02
6.487980094649981044e-02,1.362824052147441553e-02
2.065747927713148645e-03,2.429417362327142369e-03
3.010765226553019924e-01,2.254584507147946726e-01
1.158002216188572381e-01,8.237800508361700635e-02
3.406823446953933382e-02,1.845377438871422665e-02
1.129445558698796426e-01,7.555449216152167191e-02
7.518783543295534666e-02,8.445028331106625707e-02
1.474219146728037999e-01,8.166905775228243403e-02
4.472476174655962144e-02,3.437169417510875952e-05
1.668272449313624713e-04,1.325282535035996606e-02
2.593500896365350319e-02,1.535744074751909001e-02
1.633169395767111384e-02,1.837011826724000568e-02
1.223758082565267434e-02,9.046674784881927889e-03
2.480571954252750733e-01,2.221517755106094394e-01
8.309663855310109315e-02,7.825300416520433733e-02
6.820111046610270560e-03,1.705200242949192913e-03
8.650965718520175693e-03,2.698262307583010051e-04
6.847633802864199273e-03,5.355403870573829245e-02
5.981381730911275972e-03,4.305638994402654490e-02
1.528014842277962762e-02,6.198185669548046499e-03
8.199044613837207229e-02,1.501331458150576281e-01
2.457128346855565748e-01,4.007571692850234180e-01
5.291871663127636211e-03,1.823234253577946367e-03
2.821132324524294223e-03,1.179304180590364003e-03
7.374853588157033457e-02,1.493738894842497333e-01
7.751971696939258250e-02,1.507031917049550876e-02
5.069049567712265170e-02,3.955061022892474021e-02
3.685227675833238070e-01,2.859263367845460979e-01
1.370269491647466698e-01,1.171040008870898874e-01
1.437444371222546848e-02,3.648403016132840265e-02
1.242645803485001310e-01,2.274165686870735781e-01
8.716972538631830025e-02,1.075939353925744746e-01
2.866657801425149220e-03,3.454639326951969291e-02
1.995643451222071495e-03,1.315548083684676614e-02
5.274167339939860727e-02,3.490438794293640457e-02
1.325833560639518970e-03,7.380558221416612212e-05
1.709265874996286280e-02,3.678587794935469363e-02
6.261189564126400098e-02,5.183660584614128986e-02
3.050754135694144428e-03,2.059533863845026437e-03
2.462981317275139415e-01,3.086678394183433594e-01
6.582315430257788813e-02,4.101723527120793716e-02
4.421733056655428179e-02,7.123534977594835060e-02
2.820894741206141781e-02,3.241554491090131024e-02
4.578513586529654907e-03,2.776577132680928869e-03
1.238383465811840056e-01,2.271542324583442907e-01
5.764477336304428545e-02,5.669717948050091022e-02
1.491124119790849245e-01,2.495083636431798535e-01
5.959560235758201152e-01,5.954268562917334195e-01
4.493026996364737902e-02,1.638690638796508336e-01
1.336752375715023755e-01,1.592636456476582696e-01
1.553948484886212220e-03,1.295725335567756743e-02
1.276597924747543134e-01,1.215339064280437364e-01
5.456737351643321104e-02,1.032158087243562061e-01
5.921127954153181799e-02,8.446711195704355302e-02
6.341460236814815410e-01,1.110042661483854554e+00
2.412909069621596569e-02,8.326716974870931876e-02
3.811964374965954305e-01,6.037585117624704178e-01
2.058859909183157364e-06,7.816696834230234953e-03
6.226638687753118795e-01,7.175900190272223034e-01
6.928222126350956633e-02,5.179562130605411263e-02
2.655848009003052290e-01,1.371139327632315830e-01
2.938594240963944837e-01,2.863044212107084818e-01
2.094045223191237995e-02,5.078239256653151873e-02
1.539486249336219489e-03,1.155806025540792028e-03
1.533511903901842388e-05,4.116399142653931497e-04
2.617267986954792749e-02,1.028674959771083176e-02
5.483850069671354806e-03,6.150417969706058544e-03
7.540146327889259148e-02,1.639000521646994391e-01
2.148511123210762597e-01,1.336479906849043775e-01
2.450053556797034127e-01,4.159404217015999494e-01
6.647642214433285845e-02,6.619974227274215417e-02
1.411387702936665045e-01,2.040703577583097561e-01
2.213207950190997086e-02,3.402513673890947971e-02
1.351785069901370422e-02,5.479176544471040834e-03
2.614443750995698035e-01,2.979147938255200523e-01
3.698037214233274028e-02,1.968940547035433197e-02
3.796657967433793388e-03,4.193995676904293743e-03
6.346930112586354929e-03,3.064760929980711937e-03
6.812978479409934063e-02,1.028806300928703094e-01
2.644419723089205254e-01,3.830865127878400056e-01
5.415034192241464928e-02,3.095020364952753150e-02
2.335877138433627501e-02,1.129575611788747767e-03
9.124893806098957573e-04,4.086448115257036240e-04
9.084632112044388128e-03,4.799608525708716489e-02
1.622663044248589537e-01,1.040107264815969268e-01
1.402488531380307723e-03,2.338575694619532321e-03
1.032874163517706334e-01,3.409448096071417827e-02
1.557837631510185846e-04,1.009685883041520947e-03
3.293086224470216372e-01,4.290451916111889807e-01
1.187113648069849231e-01,8.679443709115894356e-02
6.055469426800718855e-03,9.379143527089621403e-05
5.117407218017313575e-01,4.038462576381877112e-01
9.687499923777518479e-03,1.825693841639080758e-02
7.286807407539690196e-02,1.209061946885450767e-01
5.709775185059333402e-02,1.015546951235459516e-01
7.657254078389148788e-02,1.335366928997829272e-01
2.426258779635579767e-03,3.342961737095869607e-02
5.777026398123332740e-01,5.217562017539870700e-01
1.410022685159523659e-03,8.236963124784561514e-04
2.029909438418324164e-01,2.230030014142827255e-01
1.226268499744467833e-02,2.031426757824081287e-04
1.224393169605588333e-01,1.093658656130157558e-01
1.181723492655315788e-01,4.090557225101371791e-02
5.561422900616347365e-02,9.974325799135765058e-02
1.884814344945830514e-02,2.685650770616709697e-03
2.698737423128823310e-02,8.808570515339537998e-02
2.399487619705200844e-02,1.180372004014291348e-02
2.398689007945854421e-02,3.606172947561765859e-04
2.168310026520651190e-01,2.810369729749896406e-01
2.241406481232437187e-02,1.524257788841540395e-02
4.311526530549773806e-02,4.778167759912759632e-02
4.179760705062080146e-03,5.924610108923692190e-04
2.076183359058431533e-03,4.060918886866199395e-02
1.400707524414180569e-05,2.393396927861013174e-03
5.557538295079181290e-02,3.221216005820128070e-02
1.209884379728582392e-02,2.958869239103812960e-03
1.647659291974702548e-03,3.556621094822185608e-02
1.537274429040026424e-01,1.337011290113428452e-01
3.749773342313832830e-02,2.502086413061882161e-02
7.360282818004586225e-02,1.517269784211082162e-01
2.612664347432868284e-03,4.694109889703843713e-03
3.814352350527219770e-02,1.095681665676444261e-01
1.367282259547178414e-01,2.753169264536651228e-01
3.338647391914850715e-01,2.834126524954199700e-01
6.563528059653497837e-02,1.405671627346487262e-02
3.445845746645092578e-01,3.449609375628347463e-01
4.831385103393101045e-03,7.206431619117210918e-02
1.054822305498705074e-03,6.129474819130977664e-03
2.427138832345014097e-01,3.218294517452929271e-01
4.731802865547588693e-02,4.826750389546854286e-02
6.663390607383333497e-02,4.288993317014855311e-02
7.469812992732063374e-04,4.221021518588623093e-05
5.776656498151797937e-05,1.867314084523497356e-02
1.269700918297798908e-01,1.544703602162930678e-01
3.043344178862747787e-02,2.418513463837715718e-02
2.315305111953489328e-02,6.753800448035440773e-02
2.501576756982200611e-01,1.833405446882351852e-01
1.124730414414991525e-01,2.434022860940399102e-01
4.763414135352378453e-02,1.137631486710831280e-01
1.143713092606460716e-02,2.967736618399782408e-02
4.916852368787433952e-02,7.271652428810634894e-02
5.337412208569061178e-01,7.828550584660177725e-01
1.761367606750116610e-02,2.403181791741794068e-02
1.423094406294352294e-03,2.166275539621887597e-03
1.194606464723643431e-03,1.737272440326244323e-06
4.699249110502816521e-05,6.874142053625336346e-04
4.924625822752787263e-02,6.791539202542774822e-02
1.283968126485399430e-01,1.645077202671140493e-01
5.709216148194528051e-01,3.377108840020883185e-01
2.400776108706909606e-01,2.581347071803729576e-01
8.314967806241448101e-02,2.518872269057007562e-01
1.024226083103494007e-02,2.828457888806701001e-02
1.604781793746434034e-03,6.202098067382462313e-04
2.663044776387213028e-02,3.968998134496003888e-02
8.788435436931603395e-02,8.930748077959410614e-02
4.819728864173897058e-03,3.101057106959404647e-02
2.810462413069181875e-01,2.830764522434630615e-01
3.502360537985424157e-04,1.585893330707637819e-04
1.444507447535214317e-01,6.879567078855905460e-02
1.093330922264722747e-02,2.531385934786109775e-03
3.575148932160642640e-02,4.610321557378465468e-02
2.216596886218394347e-01,1.051702899060518864e-01
1.083053893619686896e-02,1.986015046639515516e-02
1.092132125327853302e-02,3.629180562208009220e-02
9.097223924049414878e-02,1.232572327247144633e-01
8.650869765583600254e-03,4.740787113834012308e-03
1.401273197527867220e-01,6.902462605507554694e-02
5.101203409871794131e-02,2.592399927228767817e-02
1.253488775027920886e-04,2.643693181590159053e-03
5.114161132618352812e-02,9.092832422316586560e-02
1.060935010071425016e-01,3.573899463367788409e-02
1.068044231626106427e-02,3.569627100043442844e-03
1.630080865392744549e-01,1.436019207995309910e-01
3.329668545781336864e-01,1.879861003234208072e-01
3.661911784049162299e-03,3.411238081054552423e-03
4.922807513552718978e-03,7.808873559089781445e-03
2.831322018574219251e-02,1.390512441371939967e-01
8.706611434660010973e-02,3.439303243157849910e-02
6.057158572058327778e-02,1.557436244981725004e-01
1.257169374867740663e-01,1.657515374859462320e-01
1.983087640326782752e-01,1.252555549973293492e-01
2.622283628845086811e-01,4.024802277013018181e-01
1.718585230694941179e-01,3.362968536349878468e-01
1.539565490422083877e-02,7.827177047978978262e-04
3.626020072659753568e-01,3.332332004201591924e-01
5.786069270884447446e-02,6.137257999805890984e-02
2.341039617196973011e-01,4.022718998803028190e-01
8.275195573897111689e-01,7.167690201353744683e-01
8.498437429147076561e-03,8.554237616599933564e-03
2.756423103165998589e-01,2.786783536251949966e-01
2.648913823537281109e-01,1.371553021375797321e-01
2.196768417027293759e-03,2.482929113341568114e-02
5.390722296240214872e-02,4.172851054557854406e-02
8.189895625894880737e-01,6.111255249186623439e-01
1.720876737868687611e-01,2.552436291476300467e-01
2.269877131933038805e-02,3.001868596052590168e-02
1.145481753011611242e-03,3.002987678398705979e-02
1.626345660273166571e-01,2.603707235783290774e-01
7.186929037091722983e-02,2.536738836557046392e-02
1.011759921837692144e-01,1.133737170077822320e-01
9.247195783118174195e-02,3.149204738944405557e-02
1.166539159458777619e-01,1.235774107545954265e-01
1.029061882362272418e-01,6.870154519693645601e-02
9.642983883405500944e-02,6.941000372171801658e-02
5.052388470979037732e-02,6.971799491037487806e-02
1.145823182837319015e-01,7.541974874925826133e-02
5.178773118893988852e-04,1.504179738876415583e-03
5.557416343566939920e-02,2.519395542435634572e-02
1.682562429308822076e-04,2.540407908589333019e-02
1.553378199006522631e-01,1.786070799791708852e-01
1.808968783906416689e-01,2.286558345618492361e-01
3.352080204944041242e-02,2.057294622117915306e-02
1.235345817001616830e-01,2.198216642766580020e-01
2.311902241694801241e-01,2.645912119449595479e-01
7.978171563537778121e-02,1.696452070624483721e-01
1.613572861135532943e-01,2.312513633485471509e-01
8.746303380366157385e-03,3.338995910173412750e-03
1.229377291727182797e-01,2.042921398006713463e-01
1.110423610083085058e-02,3.233107638359328934e-02
5.568766137644588603e-03,2.204616268438988386e-05
6.264865574957771167e-03,5.814200678441843601e-02
1.547542400625527212e-02,1.361456745910422875e-03
9.126604497345004339e-04,1.480820542131882842e-02
7.154482185009986917e-04,1.364615767538669353e-03
1.122192959501880014e-02,1.487661356070376023e-03
9.715782098084203844e-02,5.578907909109325630e-02
4.986585718828583091e-02,2.404298624460608075e-02
1.819566058635240791e-01,2.069160261882575513e-01
1.469210441566100832e-02,1.212483928103373632e-02
8.044796558670014655e-03,2.152925754446251110e-03
9.978708603504254926e-02,1.979082423827363546e-01
2.896098309756899858e-01,4.632171933389606644e-01
1.032276097530816089e-02,4.857457908247241659e-04
3.499230488915990251e-04,8.643147797891565648e-04
7.089820597624107990e-02,3.646635630290015473e-02
5.852497682593337663e-03,2.397108951074175369e-03
1.313806565396180293e-01,2.000779630825593181e-01
1.023451301131272778e-01,1.065466129165009573e-01
5.806149428163350293e-03,1.377511625873317032e-03
1.044893726886977486e-01,1.181534169766237791e-01
1.824228611228168317e-01,5.365560740640071269e-02
2.890929993324157787e-01,3.194816743573217765e-01
1.040219711980337096e-03,4.204408504727026596e-02
3.441930511451640317e-03,1.737709470220612923e-03
3.526921416619823169e-01,2.885770176430280110e-01
3.515399494810445002e-02,4.823436259563042283e-02
1.218685179292832987e-01,9.228339080924707893e-02
5.603568177916987136e-02,1.979869118765443040e-02
4.188821432908686887e-02,5.051445056903295511e-02
2.390798670630651657e-01,4.189155521450066977e-01
1.166001879032722427e-01,1.081805924458942025e-01
1.345117911181082588e-05,2.249268819140373687e-02
6.220350750531358219e-01,5.131022680191437146e-01
2.528831708564182046e-01,2.732475564764682563e-01
2.269665512056279894e-02,1.071924831137309941e-03
1.779727295689209274e-02,2.378820699923534559e-05
5.535589784470708319e-02,1.062906904428084637e-01
1.293404769482237870e-01,5.533203760702738033e-02
6.964478742788835497e-01,8.855592899010550356e-01
1.570339126613423397e-01,1.556903452671671018e-01
2.222288267700603392e-01,1.541326067539944833e-01
2.662826342162567111e-02,5.304089394743244368e-02
6.913680124132454141e-02,3.751550208742628761e-02
4.164337587725283618e-01,3.891976685794439339e-01
3.679528802766208750e-01,3.001908061234998537e-01
3.435068350841872786e-01,5.208730347935913718e-01
1.412762675528622669e-02,7.082128533846261675e-02
3.195696480424043417e-01,2.788359586228116860e-01
4.226366897530028921e-02,4.146065416717406582e-02
2.207072990395557432e-02,2.291462882715127741e-02
1.145975742305419681e-01,1.497867829354390945e-01
3.505967680525193253e-02,9.241843602869578497e-03
1.684124397186937128e-01,1.552561247617056939e-01
2.235925911145018596e-01,2.547791808163549221e-01
2.239321670725302194e-01,3.529270704134356840e-01
2.838092739849628621e-01,2.102314030638997577e-01
2.640810518200578313e-03,5.625999560602941256e-03
2.882356003805565114e-01,2.828057796467206564e-01
1.055706916624268854e-02,2.962291106978275448e-04
4.261393141172638505e-04,4.432527145587112499e-02
2.261973376134172528e-02,4.250609787189056019e-05
5.409170702453280910e-03,1.076167707983144428e-02
3.136208935802114756e-04,1.047030388034516854e-02
1.784650045974979504e-01,2.382362417613098360e-01
5.215364216319477025e-02,8.534612999272323322e-03
5.307931700938817512e-03,3.358611958234121887e-03
5.509269668667932801e-02,8.797971228131594434e-02
6.514795544762951029e-02,8.134203459628752686e-02
2.108011313230751665e-02,1.210507153423659834e-03
1.022740773238860201e-01,9.519012671968279937e-02
6.912223170156011065e-01,6.935836904503976941e-01
3.533557691337153583e-01,4.211397149217757097e-01
7.642227843668404630e-02,6.712418176023929317e-02
3.798076230968987915e-03,7.364347999643084709e-03
2.413456085604609169e-01,4.077267124143121868e-01
2.627768030761845272e-02,3.552638133392908848e-02
2.322685617976995298e-02,5.865281163962048549e-04
2.005465576322043586e-03,1.205319277278484903e-02
7.735927632301659897e-03,6.937929997851573432e-07
2.796591118301422485e-01,3.038949320358232398e-01
1.238699280504409420e-03,3.745418895899729761e-02
3.409710461608778803e-02,1.237899332254768642e-01
2.840784654036667225e-04,1.574198069045456075e-02
7.693923008298282629e-02,4.829171427773723546e-02
6.907713244893451399e-02,1.902283046527014285e-02
1.236888317426322742e-01,5.541026569283451220e-02
1.475202618211955974e-01,2.617510107785238627e-01
2.547167143891239383e-02,2.422073766431508926e-04
2.662971972180760427e-01,2.147696947015977909e-01
1.105291249523218059e-03,3.140114570441066705e-02
5.028999640505509711e-02,6.578905885304751899e-02
1.513819421435139145e-01,8.988353233809744103e-02
2.103002482168738960e-02,1.721521868542605707e-02
8.243830119877640361e-02,1.193377479154607845e-01
7.057802947262136091e-03,5.768467507652960680e-02
4.116584565643430921e-02,2.073547956224276387e-02
2.966162698250219415e-02,9.080346184136489640e-02
1.260772195463997006e-02,3.519330377131677651e-03
1.040865552066639332e-01,7.277910012983683508e-02
1.730337210321424291e-01,2.114519034465283387e-01
6.192596867169676556e-02,7.961046529732745958e-02
6.223578378850015171e-03,1.337353634942823645e-02
1.355024899072914540e-02,3.885240486543501542e-02
2.607240235204820178e-01,2.646794400873689335e-01
8.507623217622056408e-03,3.746069503573192655e-02
2.483111544222109737e-02,2.240915825919219092e-04
2.274733732573799294e-01,1.418616631278607210e-01
9.738668791576240991e-02,1.328898425939438292e-02
1.281841544048521742e-01,9.576660483151942793e-02
2.494699216598511224e-02,4.569609119391363633e-03
6.358622624281514259e-04,4.244665891736212546e-03
1.123062314625746932e-01,1.864901103999576093e-01
3.259720619148144538e-02,8.827036972202401827e-03
2.479030561079451078e-02,1.256888482878756874e-01
1.538087739362183071e-01,1.598801954630427458e-01
3.931563330799097700e-01,3.776876501641507344e-01
2.630218886138221412e-01,2.991755779218127631e-01
4.683885556635468883e-04,9.558421355164349207e-04
1.435143528215407534e-02,4.477332665248067584e-02
3.774224958401987962e-02,1.257043919292119734e-02
5.982752295181104074e-01,6.050706992180172605e-01
1.385289059106936116e-01,2.645745686192937374e-01
1.558404344512723250e-01,2.037584646248028486e-01
2.561200426979278744e-01,2.599420559674463505e-01
2.439387535284918626e-02,1.260512816663272688e-02
3.757547255629595240e-02,2.100929161813563234e-02
5.618559964709490644e-03,3.182167839436684728e-03
1.464365357364462265e-02,2.330457214021575390e-03
5.421818930541842489e-03,2.821601046092439921e-05
2.809276882030668429e-02,4.627439401947702063e-02
1.736852590182573486e-01,9.856444213710462143e-02
9.697255194884681073e-02,4.931877252660266803e-02
4.857035449135719933e-03,5.457843702731960712e-03
3.006731014148257553e-02,4.964256593291230951e-02
2.121166376929217723e-01,2.122555984525368311e-01
7.664695163648851950e-02,4.803505847990185290e-02
1.267166447933894269e-02,9.363510979433255221e-03
8.488675996054118739e-03,2.683719954417719978e-03
8.463736535258312155e-02,3.425152970248511453e-02
3.345419169359861722e-02,6.912934096674987205e-02
1.727009466059977190e-05,3.462466073774872043e-04
6.757659618322489029e-05,9.793072157880989420e-03
1.793246138121834467e-04,1.034560942191253656e-02
2.050595215700092358e-02,4.235904256708808435e-02
7.002044726792375773e-01,8.617550039251424820e-01
3.569371838309896572e-01,2.673576543299284736e-01
2.486316773387070855e-01,1.798287603977669347e-01
3.267722250914100179e-01,1.977825602514029502e-01
2.483144565699725928e-02,1.246477126602008219e-02
1.852756498638377936e-01,2.114522969508190464e-01
3.561221369095299294e-03,5.102111776539720867e-03
1.788105952288089884e-01,1.411982545993814286e-01
4.503035586693948655e-01,3.176079070550404393e-01
5.529152496123562049e-02,1.610963112639645922e-01
4.427051217734292443e-01,3.759885935507525367e-01
1.148501157168328604e-03,3.399464886917036820e-03
1.080930925215224242e-01,1.131755886171676301e-01
1.737528885012887617e-02,4.989197243155562428e-02
9.028446268425181775e-02,1.317818479860123071e-01
5.623488736442791014e-01,3.823388294294681189e-01
2.034681158811870588e-02,1.922825677863132998e-03
1.144295076044772458e-01,1.825121671664749479e-01
7.551349752746580601e-02,6.476900107731869971e-02
7.376327389392917100e-02,6.838986741277305881e-02
4.023614115445021261e-02,1.825701541968020696e-03
8.057733712367598500e-02,7.452835994870765646e-02
7.295437630368800663e-02,1.353859367918580636e-01
7.593816876865394291e-03,1.714387706135870465e-02
2.358268321820202185e-01,2.841289899201839830e-01
2.649418662607213410e-04,1.029792226721458308e-03
1.181043010428387552e-01,1.364168757255625475e-01
1.438016762046831834e-02,9.544269648544581293e-04
7.280688453174628469e-03,4.970341511880342622e-02
2.051707812800003805e-01,2.151668235574911991e-01
9.418153776041289895e-04,6.380572748293584368e-03
2.379517204202795996e-03,8.467955706838164055e-04
1.356031200500218137e-01,1.011274171234576719e-01
6.173447391114841344e-03,3.820197641516705211e-02
3.103044758571050707e-02,2.646150876046304140e-02
3.748782616567423727e-04,5.112715675648691173e-04
4.228306997955105090e-02,4.307349201626627794e-02
2.483253708748731636e-01,2.773906433288470530e-01
2.934263459064402157e-04,2.949043441850489940e-03
1.530613732160509763e-02,3.257203199920569864e-02
4.234274685667448468e-01,6.021070823979607356e-01
1.369082661142089841e-03,2.768830705347163175e-04
4.962811524333430452e-02,3.535544253191750716e-04
2.423154991155485397e-02,3.630598637374050225e-02
1.949574332238802055e-01,2.029676765078653744e-01
3.490814077643712710e-02,1.523859922472912444e-02
8.889437216150158916e-02,1.159441149670484283e-01
8.070497291233476311e-02,4.393126267351204345e-02
6.451063185578943815e-02,1.394619476054179408e-01
4.078623807079589936e-02,9.755439236827112559e-02
6.617219911732507773e-03,2.290879683617018034e-03
5.069358883639683011e-01,4.844725295003217136e-01
1.773715047073535361e-02,3.959175504265675938e-02
1.018580510076357859e-01,1.631699643976101677e-01
2.658477860556404671e-02,3.457154864592800608e-02
1.288254447890382947e-03,8.662223361732831334e-03
2.677576492292372268e-01,4.031709690492286113e-01
3.014989381522455852e-02,7.842964342631982694e-03
2.413317278123562615e-01,1.140468481748905943e-01
2.321971860391633113e-01,3.083200371465465439e-01
3.042463835285951768e-01,3.803021514689640115e-01
1.783703701381696843e-02,5.742828295367582124e-03
5.935713136725868054e-04,1.524203615139256042e-02
3.829446430902271881e-01,3.089346083221494177e-01
5.593602759347657966e-02,1.859401568121107559e-02
4.626381490811093955e-01,3.623280537983967764e-01
7.318993190771498625e-03,9.387876262916103245e-04
1.085911597169913478e-01,9.773316424064616703e-02
3.470548004537517273e-02,2.255187749578557027e-02
9.357785919569482601e-04,3.378320840328124337e-05
3.990457990261766369e-02,4.263522664217279240e-02
1.961666317793493708e-02,5.111817660699210369e-02
1.154246496372500069e-01,1.386018747676256713e-01
1.440766837558698187e-02,1.013098103722826458e-02
1.780193332895814787e-02,3.501098738173824554e-02
1.404436341041738201e-01,1.260836648291306372e-01
9.380986292115937875e-02,1.046154757834761861e-01
2.179970540459661224e-03,4.038231178992040708e-05
2.087588962798422529e-02,6.854258474781629862e-02
2.635329236847997261e-02,2.949401068003090765e-02
8.740611758903585327e-02,1.465475693502869270e-01
3.144273121109117941e-01,4.436612026853362645e-01
2.290259727560930991e-03,1.821555265680801713e-02
2.065065082606100388e-03,1.298501042187157929e-02
1.885425451772021824e-02,5.173434452886279539e-02
9.325915585657412743e-02,1.895436554231628434e-01
5.984814514730196072e-02,6.546915151029286672e-02
3.647312692919114641e-01,3.542926252403803544e-01
6.483397320266913802e-04,7.911037261359785480e-03
3.704280834698257807e-02,2.238266510466289244e-02
5.268427266840111645e-02,3.939985889642862171e-02
1.950272631392586387e-01,2.812353792429181931e-01
6.741388343821186867e-03,5.992300990342662144e-04
1.231086016207053324e-01,6.677752640755087177e-02
1.719894503095307711e-02,3.363436178410923651e-03
2.663374562701854575e-01,2.058842474273922252e-01
3.033397445872917583e-02,1.909452283433705003e-02
2.394715529211814409e-01,1.431825603685245030e-01
5.136846553917143524e-03,1.783678751812923244e-03
2.365501906726439913e-04,1.199686019288815275e-03
9.571837637788070327e-03,1.235718220866176276e-02
4.077844430642554169e-02,1.432078829756479061e-03
2.613053061129714250e-01,3.572723404907073297e-01
8.439034801342054637e-02,1.543325332958854768e-01
4.612253412595654911e-01,6.902201459965225938e-01
2.527387172524825885e-03,2.307976296732960897e-02
5.399049251112399833e-02,9.989447055943277698e-02
8.271731600961597375e-02,1.967341626470333893e-01
8.309269074833472435e-02,1.498166321511122390e-01
4.116481694863354662e-02,9.637826425464453284e-02
1.425126403504390314e-02,9.135393224855938021e-03
6.296773386177514920e-02,9.253147154921161077e-02
2.967626477480048153e-01,3.186245778019265451e-01
1.823969604894631891e-01,3.518846928393076778e-01
3.607143057338408343e-01,2.273226886907221134e-01
1.415661630141410721e-01,1.720570244431531282e-01
4.312998578512706321e-02,4.301228374434178103e-02
8.701044101456167912e-02,1.502944327647497968e-01
1.009466936452647380e-02,7.541876036040590960e-03
2.068288194416069772e-02,1.293786466512707178e-02
1.460812340741738345e-02,3.325358463382137395e-03
1.433324785085835773e-01,2.418907441787719881e-01
9.731288542566293720e-02,1.567620733243602071e-01
2.735861777669884032e-01,3.525138167569663028e-01
6.681394187686551245e-02,5.537901076702590047e-02
1.220139267335039950e-04,5.123762426175608280e-03
5.127144100827819156e-02,5.879191693839937866e-02
2.498595648517865087e-02,6.259271466709023790e-02
3.964661411108574667e-03,5.633882405695060007e-04
2.660771521923014932e-04,8.724178511906420378e-05
1.135846632999844980e-01,4.787651612918481653e-02
2.962332812665803561e-02,3.506399753663021895e-02
1.369751829822395961e-01,1.128420004872420918e-01
4.112257982512138726e-03,5.696407649566414405e-02
7.873047839396023206e-02,1.059121078176646219e-01
1.236369244720314925e-01,2.264903469714419637e-01
2.648970090352990511e-02,6.054450618595446417e-04
8.548234148694423135e-03,1.760419872293765564e-02
4.282640577684759808e-02,3.409314257529040548e-02
1.792136744529639336e-01,1.174389820670215245e-01
1.690334565550899101e-02,2.429669001611637139e-02
1.507858433037523966e-03,2.519363443851389134e-02
4.962175622171301551e-03,4.387494020053606510e-05
5.285393306385177854e-03,2.408568011333216209e-05
1.506142900457201894e-01,2.470168891948500700e-01
5.426708767645935239e-02,1.308593438702027878e-01
1.270252307730013327e-04,1.538026515513288154e-03
2.795564907132848387e-03,3.632366482463422232e-03
4.918423159376471114e-03,2.556998867327745211e-04
1.191455927763649877e-02,3.516526640004591364e-02
2.626233986208157192e-02,3.221011715323408853e-02
2.026238575232619521e-01,8.081224489039502690e-02
2.228675656090236667e-03,1.176483516605604762e-04
6.269665377693744990e-02,2.167148873580530266e-01
1.056973392454258198e-01,1.769142932309389626e-01
1.934733816924783263e-05,1.122188072231934154e-02
7.547150053918620649e-02,4.811743255089415139e-02
7.088412748685106457e-02,8.838540789627100103e-02
1.507620791016214216e-03,5.814125246477232917e-02
2.223883777292184338e-01,2.487433337838760028e-01
3.027697636499649889e-02,4.651572959063730861e-02
2.851625814791066693e-01,1.966881616759253160e-01
2.033235944312947272e-03,3.918339526134799748e-04
3.601405134005902786e-02,1.737612328739274008e-03
2.397522389736986281e-02,3.041345465010417731e-05
9.685765480442448672e-03,4.202108250061879768e-02
1.073185109560499846e-02,1.416235771096086525e-02
9.308819427819827602e-03,1.354012065638813753e-02
6.932473094016206039e-02,5.272183474153600835e-02
2.504602938981083729e-03,2.368700243928269515e-04
4.424593095575994617e-02,9.644335924485450406e-02
3.681349127975707680e-01,1.720735194937691726e-01
6.114674216902343112e-02,5.869495506390064871e-02
7.425697456353462789e-01,9.261958764560193069e-01
3.048041054614093470e-01,3.097444141796237838e-01
4.487483823040676334e-02,8.695937772397377766e-03
1.170979537633261638e-02,8.856451478189369952e-02
1.125304668552242794e-02,1.333513065831810548e-02
3.311671197855251547e-01,6.198003039131249059e-01
1.699143520110434347e-01,1.827254061751941994e-01
3.979969784636281510e-02,1.118483324620230153e-02
1.641173214188980378e-01,1.937834773544491462e-01
5.161139443723716802e-02,1.702186167156460039e-01
6.364777877789534744e-02,6.722966133918491238e-02
5.685123640379207536e-06,4.423269455936012368e-02
7.882149831274506968e-02,5.591046608059004053e-02
3.941038417952625328e-01,4.301306655377109545e-01
6.589185647093938336e-02,2.252521399738410812e-02
3.627021888004654526e-01,4.297293565574116792e-01
1.040708918690694046e-03,7.428227753731414876e-03
1.210876229064968695e-01,1.974751968724878792e-01
2.488608841397332134e-04,4.517996354193485557e-04
6.538283151309546293e-01,5.569396486507237620e-01
2.026803573277284887e-01,3.473019555069558062e-01
5.592399678308400679e-01,8.040947513685997583e-01
1.666023183041046019e-02,4.393477317402357668e-03
7.070607634831190674e-03,8.677526730230540608e-02
8.273600422894401840e-02,5.942925581405179153e-02
5.458322776574756618e-01,7.744724946648389174e-01
1.557361350879266949e-02,5.642139151781270373e-02
8.387770707810103185e-03,2.340804187037351033e-03
5.057019731787384953e-02,8.998521944206187839e-03
5.382551994957892605e-01,2.338391005837426873e-01
9.949899741024029187e-02,1.384014404818108002e-01
8.157008723665529204e-02,8.110783778137838768e-03
4.453719072145665564e-02,9.037677117615836378e-03
2.884715532527041826e-01,3.518102345626525906e-01
4.187528568577101318e-01,3.472640116439664193e-01
1.407011158648949767e-01,2.021327829523691111e-01
8.483798004295224626e-02,1.227278706492569427e-01
4.871721023804903333e-04,7.566524078732047665e-05
4.049535370198138473e-01,4.970118325653564706e-01
1.026284542975902381e-01,1.005042238225783008e-01
8.803184930258521612e-02,7.306147665552495396e-02
5.031329488133517991e-01,5.799784826485918643e-01
6.665497598961371215e-03,1.336202990040120454e-04
2.099273238447192137e-03,1.160428239688324030e-02
8.524660716193368918e-05,2.156514253268557862e-02
2.425767817401354443e-01,2.448301093918704707e-01
4.617315425245653235e-03,1.525270693613512557e-02
1.838969825681380232e-01,3.179354884991840713e-01
8.752819417571673644e-03,2.236758790927147276e-03
1.198842679922485638e-01,3.706494608418128833e-01
1.855131584243693149e-02,9.153988617756384297e-03
1.359130607482906261e-01,2.420157841447198310e-01
1.656647252158106598e-01,1.212440281133493614e-01
1.224968816656713810e-01,1.342236331013865192e-01
4.661007213713832219e-03,9.377193172524579773e-07
2.437881197599117977e-01,3.927533023862837536e-01
2.244373755247277002e-01,1.801595601159447779e-01
8.718922811631925340e-03,2.459358292051856579e-04
1.004481323952525207e-01,4.949304712589380068e-02
2.180136653340042615e-05,2.489142339903042955e-02
8.624792889480004110e-01,1.026996982580052897e+00
2.499940867563239799e-02,4.483310112344901510e-03
1.148405665733263350e-03,1.526719157283761008e-02
2.933077497602975398e-02,1.805909192881759856e-02
8.930128804029086650e-04,8.303779416472213334e-03
2.531533115743806253e-02,8.437136332195541155e-02
5.997299066161922987e-01,3.455158004055293719e-01
1.283706790118155014e-02,1.016364652801609869e-01
8.442741880801586316e-03,4.487269485377249484e-02
8.641114058353287566e-03,2.697425618149862500e-04
2.371124648327873827e-02,8.136676686164918959e-02
3.324861317920011633e-02,1.167487152063814921e-03
7.621457932421223103e-02,4.997381927405303292e-02
6.787608164132344357e-02,6.040392361084569867e-02
4.235872449357879421e-05,2.200405035130755839e-03
4.181598219171600572e-02,3.052149099792288503e-02
4.257245353378648622e-01,3.691996998322493173e-01
5.702941571674056964e-02,7.267140247075061510e-02
8.868789652517802824e-02,1.690880495541229878e-01
4.088548144041984946e-03,1.847852918802257022e-02
2.666037049759588037e-02,5.860832669619657487e-02
1.310189220471165081e-02,5.522866398094149198e-03
2.118322855515746561e-01,1.486647483351662691e-01
1.160000059510015932e-02,3.317023361206700161e-02
9.265507550388851765e-03,3.968403771685013320e-02
1.207984963407812695e-01,1.243733460371882482e-01
5.665682934110381069e-02,6.099224124920402113e-02
3.984272124929933573e-02,1.153262349507535728e-01
8.995862486740772990e-03,4.671338581572201561e-03
2.146436422409644419e-03,1.140118695530514988e-03
4.227663615856699399e-03,3.983430948549067027e-04
2.686911934859219087e-01,1.567312160325879111e-01
2.425467312541475717e-05,2.642300034499804259e-03
7.973979913449891210e-03,1.561302229211414087e-02
1.326501657690898062e-01,1.806823283105769562e-01
1.760011577510648588e-03,8.888119676562528104e-03
8.856211515962829350e-02,3.293191637958153839e-02
4.019699364627688995e-03,2.865457567784161774e-02
3.062587974522041137e-02,2.072796196941000327e-02
1.374623527381844124e-01,1.134551334670569900e-01
2.022731818124253733e-01,1.855483531208300951e-01
9.360975283573519379e-02,9.927989608732890048e-02
3.234489450374684605e-01,3.498752008074250130e-01
3.560326324876864068e-02,1.064368321844028423e-02
2.830558825614044177e-02,4.749036607619290529e-02
2.611337296950696270e-03,5.497380717356954282e-04
8.376669652820335765e-03,2.371531543010883814e-02
1.437524929523024877e-03,4.799424422196833643e-04
1.474593050024892160e-01,9.301119151248286865e-02
1.242573407634999239e-01,2.028892875066533319e-01
3.099555817538484151e-02,6.374750270350081072e-02
1.352006145503870669e-03,5.031937287565277578e-04
1.154478806842219353e-03,3.287425318446955680e-02
4.273192684518848056e-04,5.156764409687219358e-02
1.523088756523660603e-01,3.154473971907962859e-01
6.736505777689617558e-01,7.237159458091025899e-01
5.406816257708673551e-02,6.038786635055336249e-02
5.346648825332472356e-04,1.309681312088831597e-03
7.523468826534719656e-02,1.065021290428236622e-01
4.953431793075303152e-02,7.231848990866390769e-02
4.711456123806826053e-03,2.631435154147978087e-02
3.952229036031714160e-01,5.372190079368628357e-01
1.570937804360282705e-03,4.765865379572774979e-02
3.357480181279114129e-02,5.495276193554311100e-02
1.058934774892369111e-02,1.413227999004035285e-02
1.728346112988658062e-02,2.107809323096379930e-02
1.461501371153436368e-01,2.781773908694046837e-01
1.268411579644616351e-02,2.120000685774082322e-02
5.403198890612197214e-02,1.460532795670422546e-01
2.228751212226439682e-01,2.240901494522426762e-01
3.425626984308478840e-02,2.310657384135856793e-02
1.666846943764628552e-01,1.783517535797134734e-01
4.418173467687906003e-02,1.704034839867076684e-02
1.238488641195454459e-01,1.541226583086428847e-02
3.261877228213099777e-01,2.777986166012578750e-01
1.772193981396255093e-03,1.779003762666452049e-02
2.177405679409998018e-02,2.760025894233464339e-02
7.070485183279288932e-02,1.344897442515715150e-02
5.081308303444773827e-02,3.098551560091158258e-02
5.817327202793455554e-02,7.313304521836723471e-02
3.069077546327837747e-02,2.542963815097123992e-02
3.799528611045389082e-01,2.442774118937006134e-01
1.512763172633110366e-02,1.604316845138296921e-02
8.632654400830335958e-04,5.995766167841531935e-03
1.627734843143728571e-02,2.606815128598721255e-03
2.950272372044240310e-01,3.137904171820159460e-01
8.239776571706025621e-02,3.662830085130888008e-02
1.926140034255265286e-09,6.261656139242057764e-04
2.574582822727331422e-04,2.538572720311191126e-05
3.868073124799448637e-03,1.912909123968261141e-02
3.362271590169784163e-01,3.064502053255530045e-01
1.355763648137081889e-01,4.199733220799089367e-02
8.940278006866846897e-05,2.536492014654669036e-06
3.555068166147629105e-01,4.752751987179097970e-01
1.415846428108120773e-02,2.920237002648767149e-02
1.844950118887343782e-01,2.617914270015213596e-01
5.000467142143983192e-04,9.517329216260627181e-03
3.055858338654979939e-02,1.478406137513245122e-01
9.305960464045716363e-02,4.948452034198829591e-02
1.386470882227089883e-02,2.373385894520447723e-02
2.662778154383950435e-02,1.009372487679663713e-02
1.005911180634003477e-01,4.815168110807323959e-02
7.768876709660579513e-03,4.273957102050108398e-02
7.365990058249885161e-03,4.941123035370512118e-02
2.666168844862916720e-01,2.126173181975038740e-01
7.386959402448750600e-02,4.153554842232787259e-02
1.221454156256289447e-01,2.476593058034564088e-01
1.405038470636539669e-03,4.081729165696951038e-03
2.251291423807981126e-02,9.677360900138553407e-03
3.394127846113130509e-02,5.873872417308374783e-02
3.578498173560819007e-01,3.250672394511374130e-01
4.311226254152652343e-02,8.778581669749986605e-02
1.781271975266222052e-01,1.183401196660902183e-01
5.852250652619554044e-02,3.288683077957305773e-02
9.654279626742676840e-03,2.059550197457024579e-04
1.335717686476716848e+00,1.620482489338527232e+00
2.743900084805419581e-01,2.449455714017436392e-01
1.407754782694750628e-01,1.669718573580519227e-01
9.966100928046933011e-03,1.247570893665135572e-02
7.343027232728705465e-03,3.390507577015062363e-02
5.541440405350163412e-02,6.887762152145694011e-03
1.465576870625392211e-03,1.217648058944677258e-02
2.979753186714913585e-02,4.241242675671507562e-02
1.492078659460782403e-03,1.920694043397006348e-02
1.600104637092024107e-01,1.383661971463065465e-01
1.660101068406927838e-01,2.080778296159785656e-01
3.537928705994879408e-01,4.744019891237442055e-01
1.008173455358762766e-01,2.395902101793332128e-01
5.680973378172092525e-02,4.408763150759312938e-02
1.015085393858469603e-01,1.471468780921374730e-01
2.752189292891746297e-01,4.563047938247153934e-01
5.976264942632685678e-02,2.452263100950460503e-02
5.415835505749280916e-03,5.836219458951632226e-05
2.803989477664297625e-01,3.586105269089978065e-01
9.360717192253888153e-02,8.967627478755488268e-02
9.073966307109911436e-03,2.236360205795034223e-02
6.059575569819237312e-02,8.506787503491898550e-02
5.170423080298260391e-04,1.059619377941891337e-02
1.274531533379693882e-01,1.287961231308923371e-01
5.480307563099663659e-02,2.174611186313923916e-01
8.364163789030933105e-02,6.377144706751954051e-02
9.728165866260511663e-02,8.211925162633083863e-02
3.002885650307043561e-02,5.528557722764747967e-02
4.504746051522420455e-03,1.316173839346034425e-03
4.569720984577565516e-03,4.801503154229289349e-05
9.250349313687233899e-03,9.730269988402141107e-03
4.875885444097242862e-04,1.320185926112349330e-03
1.227546770340763316e-01,1.127269771888399635e-01
4.953640131747534814e-01,5.743579739755864111e-01
3.634071260861595240e-04,8.364120762077119353e-03
1.712816684810004875e-01,1.569686458403131979e-01
2.639377379333125717e-02,9.981203382468429447e-03
1.627920302729759031e-02,2.617191467013088579e-02
3.601427452279828412e-01,5.355925384564911296e-01
6.166611943003738605e-02,2.567448502944452357e-02
6.319020113138165140e-01,6.616955742575800770e-01
3.145438511323485620e-01,3.146427990666608165e-01
1.519049806502137390e-01,2.320079574779320419e-01
1.971561918543701664e-01,2.185813793794034732e-01
2.813236503347837369e-01,3.158067250075657362e-01
2.204231860717586339e-02,1.408516862281179900e-02
7.479448268492766561e-02,7.521595180461135288e-02
4.699476510546599789e-02,3.485285399069457113e-02
1.559650966046773890e-01,1.267660057475099022e-01
9.475481682355566589e-04,1.259742493905898104e-02
5.201414055245993928e-02,1.194200697459196631e-01
1.853940285160350643e-02,3.447462673020911667e-02
1.098488859019017272e-03,2.189301125180084394e-04
6.246163605820911338e-04,1.211733905815387373e-04
4.617818587333857860e-03,4.400881564848495298e-02
1.376132795757174787e-01,1.736858230482803134e-01
1.534823515061080612e-01,1.691144620639475904e-04
3.135506653075157552e-02,1.167571832371085971e-01
5.989602046164638205e-02,1.173726397416386680e-01
3.231784717909601534e-01,3.953506350651976309e-01
4.321558426869066133e-02,7.306324074560553716e-02
1.269968619866574666e-01,1.043891336392957642e-01
4.700932335098471637e-01,4.045182528314918979e-01
2.676894719436013204e-01,2.105869186379260016e-01
1.359304273227052336e-02,3.341127860812368594e-02
1.710526019199946901e-01,1.636906836831805989e-01
4.677515006392408969e-02,5.274051606439997958e-02
1.737648371162902605e-01,3.415150154920219561e-01
8.754620385659324100e-01,6.865291011122534037e-01
1.270113952531157914e-03,2.297238903193788914e-02
1.388288442590159821e-01,3.115824200392724661e-02
1.648640093152664299e-01,3.991575138146438162e-01
1.976888803517434443e-02,5.413671275774279389e-03
1.980413790150558143e-03,4.302501687562908109e-04
1.638731197144292079e-02,1.873927955697844011e-02
6.636444443385114411e-02,5.582754321651624968e-02
3.125940873887347871e-01,3.536701896365437858e-01
3.234682222298460030e-02,2.934884445243264930e-02
3.491338781937382563e-01,4.450936193346980985e-01
4.915243725098650956e-02,7.799406257089339101e-02
1.277968417372797550e-03,9.713836770562880862e-03
2.807212760689314218e-02,2.969012071366410391e-02
2.353077168230482616e-02,4.426999473818597243e-03
8.976583290503307999e-02,6.551317624111914484e-02
1.869924998665903684e-02,7.683967926378439117e-02
4.650268762899845837e-02,9.714867539187567458e-02
8.756056328613692763e-02,4.211238548828553224e-02
3.471398909631239760e-01,2.443811184760414090e-01
2.150954641767793135e-02,7.868144917817910741e-03
2.729670055575154630e-01,4.620154321337997527e-01
1.662847356595620885e-01,3.270437147493691077e-01
1.685038430814629895e-01,6.205228721173746548e-02
9.555922443590368631e-02,2.222049399409325721e-01
6.243071073612078969e-02,1.326792214035363848e-01
2.753101098045050016e-02,4.662343865838071422e-02
8.438104529363156525e-02,5.681477305207768835e-02
1.065689462378339031e-01,1.028532579798904362e-01
4.680203768631068240e-01,3.820692587107574201e-01
1.328603789171259406e-03,5.808820002354634764e-05
4.951978729985892502e-02,1.489772595546512146e-01
1.176203481501059828e-02,1.566172275756113588e-04
1.609416159704734478e-02,1.066440402829141321e-01
2.265802397045190986e-01,2.396544031411672604e-01
2.523361161842419681e-02,3.131673022225051062e-02
1.644719029161159597e-03,1.220749204558285381e-03
2.831302659846984260e-01,4.311328208503203974e-01
2.980495561113943315e-01,2.650534970610116670e-01
2.276283281157389093e-01,3.593358598839854201e-01
6.892581950226289722e-02,8.285477009888864153e-02
2.860062250706039699e-01,2.373023261963331521e-01
9.865619077873044498e-05,2.032425439896475342e-04
1.577096511211950949e-02,1.437558712143289889e-02
1.714632983491820931e-02,3.833365671202094288e-02
8.187348898895068297e-03,3.516229834207743412e-04
2.751695865705928133e-03,5.417826664772184067e-03
3.529107150286559208e-04,2.385577150717313466e-02
5.957779394049422111e-02,6.394572513532324753e-02
6.450552059272458560e-01,6.293121689343758041e-01
3.044226708164975148e-02,3.774074975978525953e-02
2.097727037643465353e-01,3.014809913507413563e-01
8.324458108010737711e-02,5.015962385418273189e-02
2.538034419128992573e-03,4.387983461245399002e-04
2.541694970526223174e-01,3.602225847890966337e-01
1.621282698604292749e-02,3.317150665243608076e-03
3.977950731636649695e-01,1.469124772495865594e-01
8.021346383514327272e-02,4.036626107971246630e-02
2.622767600618904071e-02,1.099355806816915970e-01
4.586203985691360008e-01,4.582519921837399091e-01
1.841120142908284074e-02,5.802658585779127062e-03
1.951450085592555672e-02,2.461900549631850649e-02
9.228258112728220108e-02,6.201930219470154493e-02
1.936922090798938803e-02,9.265636872696489390e-02
2.035879506209268067e-02,3.905273852931811368e-02
5.534144981379847568e-03,7.354501908426497488e-03
6.275907201118833233e-03,3.926015380590033160e-02
2.251089582252648047e-01,1.292777110070651159e-01
1.544668689364438879e-02,5.563128693381189788e-02
9.448283522088077313e-02,3.549799506640424068e-02
1.105035383641533031e-01,7.420152288680229025e-02
1.317160051101777529e-01,2.750316809956476205e-01
1.855186451120786331e-03,1.157814273560301387e-02
2.031747930187531147e-03,6.996360271993136426e-03
2.552233251324898533e-01,4.132849474550138180e-01
8.650700804185147696e-02,9.041726580557224446e-02
1.108975759518004700e-01,2.074739401711299391e-02
3.349575512556270812e-02,4.720152570102941619e-02
2.073646137654498386e-02,3.045283969523185016e-02
5.153446111950303610e-02,7.857152209159163139e-03
1.290629033731371111e-01,2.854844642793390452e-01
8.390931152122353687e-02,2.369107067455207827e-01
7.896051843154670846e-02,6.910527530556469233e-02
1.244888181412869737e-03,1.164513631247712094e-02
4.891322433680818371e-02,1.240512869162384681e-03
1.941912504134953033e-01,2.446842635441263125e-01
5.811023309236114098e-01,5.899048487293493404e-01
4.747807001084571391e-03,1.148500974432077604e-02
7.112541031961655113e-04,3.038886084308915197e-06
3.351153253718561209e-02,8.021290657860460915e-03
5.016666460438008457e-01,5.587390686115905059e-01
7.727341831791853521e-02,6.893653478496528098e-02
2.062320419103140165e-02,2.506064556492479389e-04
2.553365189939253016e-02,3.395639741157403108e-02
6.549034311183376394e-03,3.547502202859517499e-03
9.301519414216637832e-03,3.152733453454035074e-04
2.574273478315711877e-02,8.583557627785251554e-02
5.665101344379681316e-05,2.958323907358408403e-02
1.332116873579398675e-01,9.488866136686995023e-02
1.029279181238330898e-02,1.147411779734599201e-02
1.459105720911457738e-01,1.785161784330927259e-01
4.556828686190565920e-03,1.469551190909285966e-02
1.666833313747193707e-02,3.459242181982924436e-02
5.110395685097465085e-03,1.189825591831131642e-04
8.134061252670510667e-07,4.078169522950196579e-02
7.314734549265373455e-03,4.376241530736378138e-04
3.197507467673384451e-01,2.539746650954020080e-01
8.074647555489953415e-03,8.068585704880731554e-03
3.775919034848655015e-02,6.492035635431261942e-02
3.209083580053486567e-02,2.019917439783483915e-03
1.631115455057526586e-01,2.587968551687530039e-01
1.295142100849203948e-01,5.721104751371842295e-02
3.531015317702444062e-02,4.863011756096474736e-02
4.291737779323990393e-02,8.595353333502139814e-02
3.824341309208537662e-04,3.795998723575778801e-03
4.768052133729354901e-03,3.834885024806780228e-04
7.422081364740586162e-02,6.590751112229674413e-02
5.674700120325407160e-03,1.085462005188327778e-02
4.908011665850300562e-03,2.135715076053646549e-02
7.351932616970417722e-02,2.459456061021893583e-02
1.023698980566670053e-01,2.810164537686473882e-02
7.213133321939718678e-01,4.913830834935517533e-01
6.971444805453103771e-03,3.760605937408597471e-02
6.253897669805226489e-02,4.876902502463230371e-02
1.661360592699008820e-01,3.029768210133457207e-01
1.710567094557997048e-01,2.161055552491275566e-01
3.208684326932043640e-01,2.840504116582993066e-01
1.210059265465192185e-01,8.613164491086432173e-02
6.013580800628159223e-02,6.548540713907843869e-02
4.515354322910327019e-03,5.592739553913206318e-04
2.133257017974691562e-03,3.871190595692233869e-03
1.743726186020844171e-01,1.650330051775461826e-01
3.059888165292502099e-02,1.415398741124802677e-02
9.594486229573996258e-03,3.581091899171791500e-03
1.321687001076078671e-01,1.844673141784106130e-01
1.125809763794013429e-01,9.948865371672779845e-02
3.510073700929889351e-01,3.449132434978499639e-01
1.078309785856650937e-01,1.405603379896703253e-01
2.528160152020360058e-03,4.501799531005001853e-02
6.167081966997962211e-03,2.580205170028278608e-02
2.743582703014033064e-02,2.735522748874020041e-02
1.551233141392215076e-01,1.048691819835670391e-01
6.523106024452050011e-01,6.717352077186664605e-01
4.278079594044996090e-03,1.102857658874539673e-04
5.020319358143373462e-02,1.453868672267936701e-01
9.005186061959443529e-04,6.696385271527421001e-04
5.287419974419592383e-02,2.217568880673952414e-01
2.203261336590568165e-01,2.395488391899535108e-01
5.798106311772694560e-02,1.260514523465985637e-01
1.367698323389175165e-02,1.126321803506573132e-03
1.718249366580769030e-02,3.194912748327807545e-03
6.467311257096051980e-02,6.120793432152561719e-02
5.874795200996243451e-03,2.179666844309520544e-03
5.859975086079234341e-01,6.029508569892946257e-01
1.689882883661767560e-02,3.144066859658203178e-02
3.844822894457514129e-02,5.384769118296481305e-02
2.979384192122313743e-02,5.462140670757278937e-02
9.834372149911955324e-03,3.712193058944990732e-03
3.230279864524404632e-02,2.396319739735486981e-02
3.976249917661491828e-01,2.555189638345671810e-01
4.445262846782951222e-03,1.743867784572308019e-03
3.125958548598805065e-01,2.335359435766405922e-01
1.208076564824772832e-02,9.554547736602985245e-03
2.747796963634152774e-03,3.747837230412420784e-02
4.833511822068448094e-02,5.862304187377673226e-02
4.784971705072895744e-03,9.187328851542664104e-04
1.670604481426617768e-03,2.358189298461299196e-02
4.335254859139245354e-02,5.657586741149473603e-02
5.216681968479167097e-02,1.655801938931815986e-01
4.511064430857503887e-02,1.560167468800409841e-03
6.595870811935343470e-02,4.663840308249792010e-02
3.240944674263966652e-02,4.052866702692222572e-02
1.027329916138009988e-02,5.645110098960218897e-02
1.415727421069157873e-04,3.050305606553244922e-04
8.957083266823259726e-02,1.357593486912578029e-01
1.471289079638170294e-01,5.357055369613956258e-02
2.613546246704803386e-02,3.257571046769391909e-02
2.955492757742031115e-02,2.301512186940805633e-03
2.361345973298564771e-01,2.371846485976926711e-01
1.308990544320319527e-02,5.144902121094314940e-03
3.328098852372739919e-02,4.061111900314195999e-02
7.641523467664521063e-02,7.747034199016968048e-02
7.090951915439695774e-02,1.713414467094628857e-01
4.719459654932715853e-02,4.616816604217452435e-02
3.512119159144576064e-01,4.377360768199199947e-01
1.411899496469371136e-03,3.164929044652145182e-03
9.331578053864357622e-05,1.496403122207369107e-03
2.550851682537730676e-07,2.789235671962203155e-04
1.514883696311057767e-04,1.622389435204063882e-02
9.724586324455893049e-02,4.250837270846342247e-02
8.306637674649852698e-02,2.196584306968794309e-01
7.040087074960096891e-02,1.081216878333399051e-01
4.833169679484107875e-03,1.048269043592499648e-04
1.340957579316033599e-01,8.915895443598570447e-02
1.967194557318404369e-01,4.949534758324758421e-01
1.181332477340909376e-02,1.003629004540464219e-04
4.505308929072969482e-02,1.012387019238725344e-01
5.084493213196614181e-02,8.566188507084241538e-03
5.407135230274106447e-02,1.230914069034319547e-02
2.667190445918321638e-03,8.433189062883127531e-04
1.624007884911555788e-01,1.381582651283914664e-01
1.690996156471692435e-01,1.262279685854609534e-01
6.308277795996335147e-02,8.106445778564074639e-03
4.314852561292397692e-01,2.267380471071256121e-01
4.202093101195334968e-01,6.780401513055669405e-01
3.275115118313345983e-03,7.686017276508213744e-03
7.759722020583599555e-02,3.719111091624524579e-02
1.506630757424888729e-02,1.753206178364809589e-02
1.483401488432127269e-01,1.326372044925165083e-01
3.747801665249613900e-03,1.258573968919513009e-02
1.717595079185970514e-02,8.256951053592248915e-03
4.044497698173107197e-02,2.615148678243786953e-02
1.037942925355607865e-01,5.981237201917358193e-02
2.251277178611018059e-01,1.197458134586716072e-01
1.642928992411379907e-01,1.550544911337478626e-01
1.530373847726260450e-01,1.187893768587163223e-01
9.788217330746640243e-02,4.743171995090220833e-02
4.020609992457276904e-01,2.406725138365490291e-01
8.326813582261949342e-03,3.337907220059666436e-03
7.428250530357503878e-02,7.505505114286069313e-02
2.663522821031877319e-01,1.799789981365088887e-01
9.275733255741432787e-03,1.284376583908364419e-03
4.113771768853740074e-01,5.707024731153488295e-01
5.879717937795458926e-03,1.110799961509938497e-02
2.133676363462704006e-02,4.984091557099356445e-02
7.705812062356341696e-03,4.327134412951032585e-03
2.714081470311127675e-01,4.705827496918691955e-01
4.457348769617394679e-01,4.171085426998426549e-01
4.606587903543981483e-03,1.219828416626635853e-02
3.659478815409337679e-04,1.202720637759946637e-03
5.688167651606287345e-01,4.640489338696882626e-01
1.692899461316924314e-01,1.810545034014937049e-01
4.183753304801219111e-03,7.629311613425376415e-04
3.145673549550267317e-02,2.263366100752922661e-02
4.867343170991421664e-01,7.409406321640790161e-01
1.389360449871424874e-01,2.068713977131064752e-01
9.578191813794543694e-03,1.947444108461548681e-02
3.415233335629520028e-01,4.265487457246974201e-01
1.176508632668536308e-01,2.049672285187546239e-01
4.789111209866674379e-01,4.978387406675799376e-01
4.580135471865445958e-03,2.043336250048899318e-03
1.053415595495798759e-02,9.108290096772053701e-04
7.042876067820205699e-02,1.738019999545743766e-02
1.842189972015134403e-01,1.005481796084830154e-01
6.228614225727436421e-02,3.908423483265790338e-02
2.062835224583596805e-01,2.466698575217872724e-01
6.588610872296660204e-03,1.543429316546942633e-02
2.669014915140314331e-02,7.301271836361611714e-03
4.567894865901152290e-02,8.742978743214516180e-02
1.467289641468852157e-01,2.553229436670121366e-01
9.666803653045600089e-03,4.573322608248956561e-02
2.986055329044566831e-01,2.692969511425996054e-01
6.045176999470521645e-02,3.710400370213642884e-02
3.225454725633001424e-02,3.836516765640807236e-02
9.117322965531544227e-03,8.259825817503880716e-03
2.120222253435376236e-02,8.084300112869992339e-02
1.213471270696604926e-03,2.692035688475941102e-02
3.537799269050983316e-04,2.051544044482120008e-02
1.206932789032992281e-01,1.182154078616899362e-01
5.876585280682598000e-01,6.669344325558790310e-01
6.375060975916765037e-03,2.010298367123865976e-02
1.754704402852002784e-02,1.662728356158355708e-02
2.154247493262383961e-01,2.339842221294473890e-01
1.439748360767309499e-01,2.059301707769770340e-01
6.402043861635577093e-02,3.804170632787919754e-02
1.153503718090919707e-02,1.115493139790242269e-02
6.456714827464507533e-02,4.599019521342868205e-02
8.860934872614550928e-02,1.820503409062581568e-01
2.969301820757706475e-02,6.015514377992951627e-03
1.183137963617736615e-04,4.510954820287247161e-03
3.226709511798723368e-02,1.815938646884861923e-02
5.298817320654740370e-02,3.828599282717577018e-02
2.320137735392871492e-02,1.531198386358842943e-02
3.094984731217100601e-03,3.041537668003514890e-03
3.353253331580153263e-01,2.252323214842430754e-01
1.619325001220610002e-02,3.796899917169407543e-03
5.658495319802008157e-03,3.330845850166115618e-02
5.365547594016494871e-04,6.928237131631611277e-03
2.001440514792334757e-01,2.601442074169358909e-01
2.910118136197460334e-02,2.486626350101420191e-02
2.642711177026979899e-02,5.940763101312428185e-02
4.627025542373735534e-01,3.858198410877334839e-01
4.880125821206418579e-02,1.900593211184526191e-02
3.747667090686304051e-03,1.726897823896511803e-04
4.504817718676095567e-02,9.957157653031188660e-02
3.245655277398068472e-01,2.398990906655027178e-01
3.318291652607613471e-03,1.056240404459510285e-02
4.445374637970455484e-02,4.499779433574371823e-02
7.377304308212774275e-01,9.244901836339586287e-01
4.606848891738095017e-03,2.923786449202631435e-02
3.610347235659359943e-02,2.036647318933001646e-02
1.283116096914229121e-01,5.687547834282036946e-02
2.345323819074839056e-03,1.936370515791440219e-02
3.591656576590830131e-03,3.374216443913378299e-02
2.230211128442806737e-02,2.024945247047214847e-01
1.363584459866261714e-02,1.234617614710680454e-02
2.823428732712423769e-02,7.912823333049029406e-02
2.986099175007388418e-01,3.339137455826920453e-01
3.491774485915796755e-02,1.780158944669754661e-02
1.512654074618869325e-02,4.273578899078903440e-03
2.185781506324453532e-05,3.822863603929996419e-03
1.759965739329666379e-01,1.633834952272452956e-01
1.109425671432797827e-01,1.682427768826881276e-01
6.413529624922496841e-03,2.819101027264636974e-02
1.341776582149679757e-02,3.673229245184117531e-02
2.330900762371771601e-02,3.430570825539434095e-03
1.630130091563369225e-04,1.964607606303464191e-03
5.134733356490390858e-03,4.786077489069261170e-02
3.869566643432321706e-01,3.263407091943337779e-01
1.921563803030993528e-03,2.873040247877698891e-02
2.760823106584313564e-04,1.091328857794815997e-02
8.089954973457003096e-02,4.271576738470580364e-02
2.627269267328652402e-01,2.882527990994944167e-01
1.595378301108280397e-02,1.102918877409895214e-02
1.370206825032158904e-01,1.950536240266169952e-01
2.313333022239990600e-01,3.786041717517507621e-01
8.239279153977426828e-01,1.120749143111662738e+00
5.198316545765319097e-02,5.591508921240174318e-02
1.380379539468333874e-02,9.728584012811822973e-03
1.039931359036386747e-02,7.077574321459703145e-03
5.640192445580403773e-03,2.571562140861380005e-02
2.917316297975190015e-02,4.439032706469347306e-02
2.623526381545903969e-03,1.598676733744994769e-05
5.333143108725653392e-02,1.149641643259374929e-01
4.048317133957068936e-02,2.276981775000732344e-01
3.361671231813357502e-02,7.075579324361623568e-02
1.695542749849689515e-02,1.099589748802290944e-04
7.963627283678920143e-02,3.914956299296072639e-02
1.359770014804015936e-01,2.495328119510067666e-01
1.751959813500331420e-01,1.569264123132256272e-01
4.893242041906613500e-03,7.629827818868396914e-06
1.648253441842837622e-03,4.790296585505154220e-03
3.621328473387397939e-01,4.042940723835503070e-01
1.553014011305029751e-01,9.390525746828756737e-02
1.536317893168948588e-02,8.878506825918045095e-04
1.914493085710970155e-01,1.223178476243233503e-01
1.444280795938272625e-02,1.039999712969967710e-01
2.479991380835133014e-02,4.685834318794069968e-03
5.120082722930973523e-02,5.633123071076199043e-03
4.091820299367138203e-03,3.523982967236579614e-03
1.196143855273402029e-01,4.348560123032258612e-02
9.321668664421699224e-02,1.977259960538952921e-01
5.716125882909994967e-03,6.675061811508445873e-03
6.571910148441291455e-02,6.738304501157185711e-02
1.714452338569317502e-01,8.803522913292140262e-02
2.121637636731626281e-02,1.878112475060752379e-02
2.889844349235031751e-01,1.970888959451959077e-01
2.833557244134200515e-01,2.675800274742657914e-01
4.678436154594359797e-01,6.000164295346436250e-01
2.132050022214511398e-02,1.082665188642815413e-01
8.941342741316093273e-04,5.485048946737840214e-03
1.188659886817037409e-01,1.337319155239990454e-01
3.226515417822127807e-01,2.610542557397039221e-01
1.118587157676125543e-01,2.121047827159117105e-02
2.034894020908917809e-04,1.224370864241492026e-04
1.155817574453111979e-01,1.348684954418856718e-01
3.730673685985600591e-02,4.855178610323048968e-03
9.346095673803377080e-02,2.573404053189631835e-01
1.322899153367402825e-01,2.435753722863565757e-02
6.564893761748207511e-03,1.599123039560750026e-02
7.831654972726189432e-05,8.873338506351151692e-03
4.716207844557172152e-02,3.292997471416140437e-02
4.044875025328614759e-02,9.406542470536129186e-02
5.954964572577251675e-02,2.307656657232810826e-02
5.784509769337650154e-01,4.822900697545291493e-01
1.979676517808937053e-01,5.886876572548323250e-02
2.765034249807556973e-05,3.810006639250487510e-03
1.894796350728465140e-01,2.802000306298990107e-01
9.315267197789471598e-02,5.716961049063879613e-02
5.308289653770351113e-03,2.369202710272443752e-02
1.800877822654995200e-02,5.751896834812182321e-03
9.305708249747612557e-03,1.100008471236998443e-02
1.097590275258742039e-02,1.339336652864515573e-02
2.310036881788917959e-02,2.093017730368773588e-02
1.691483999735330090e-01,4.447608091063193214e-01
1.580817317782446177e-02,1.306127926179766197e-01
6.810541450971771896e-03,2.442638841286559961e-03
8.636758973598232872e-03,4.132355786801909098e-03
2.906598747873608782e-03,8.857329490913236217e-04
1.203531522121857045e-01,1.053047120557837335e-01
2.441523468923833921e-03,1.551026093074219653e-02
5.735167973418061477e-02,9.165511698877855384e-02
3.772853622806952162e-02,1.139275458806638004e-02
5.168040375949203291e-01,5.500735792674057434e-01
9.435937101615834988e-02,1.391335841523318462e-01
1.577423288091492001e-02,2.474171018319816506e-02
2.870842490364597932e-01,3.006950425292584383e-01
2.913959490057435597e-01,2.190438713885986266e-01
1.996331120398204817e-01,1.793059924478004330e-01
1.733264613099860518e-01,1.486285586227084343e-01
1.860449650351470585e-01,1.821172454703439414e-01
2.644440239969257991e-02,3.887308314995435894e-04
2.215129697551701873e-03,2.146120078277256524e-02
4.327913267316475451e-03,6.728276097851677330e-03
1.333453718360482765e-01,1.283002433274470777e-01
6.754283294720482556e-02,7.901312653415278053e-02
3.524349098163963041e-03,5.909362824899132977e-02
1.061320673461671610e-01,1.799125681725789183e-01
5.106344865880544856e-03,3.667206115954061568e-03
1.455808669685116630e-01,1.553777150198436818e-01
5.644791141824155589e-02,8.676704848595526154e-02
5.542214530163269010e-02,4.165166495420686427e-02
7.408523337567573044e-03,1.453027432955622533e-02
1.248675154085654299e-01,1.293590322145874993e-01
3.898553664204803919e-03,2.900605346919370511e-02
3.803771339559626138e-03,1.873665439638567357e-03
3.577931481803807434e-02,2.531524964071589501e-02
8.213475333529099420e-02,1.174391480895480289e-01
5.642270859946023343e-02,3.187076081688787520e-04
3.720791518481049442e-02,6.480538847133739989e-03
2.098297005117446667e-03,1.347024176106665846e-02
3.671486562468601611e-01,5.448981318585012223e-01
4.272894292445909847e-02,3.870666369839580179e-02
1.005422043224596801e-01,2.218550890564099376e-01
4.973562198174152210e-02,9.806597442107609086e-02
1.069964732695192211e-01,4.487510361801311243e-02
3.662820414318760515e-03,3.140815920563423918e-04
2.990602122193542801e-03,3.731234816444109481e-02
1.901098896455578977e-03,6.757315262601058586e-04
2.375116064553546014e-01,2.023689741150409560e-01
5.848102359418744754e-03,3.695279933128365799e-04
1.144637513043284677e-02,2.894952922272560000e-02
1.050860024920845515e-01,1.190945681272134737e-01
5.690200669468341299e-03,2.379839434005686510e-02
3.471503660271162139e-02,6.385945882492775547e-03
7.956252579763387067e-02,7.091390963473073739e-02
2.262498206313375282e-01,3.028895747310985653e-01
1.002446762103466754e-01,7.036811497739704768e-02
3.100248585055900494e-02,2.280654793722219434e-05
1.847005969143658208e-03,1.409675686652097151e-03
1.771307025501506682e-03,4.811913887419817445e-03
1.028389103130463410e-02,1.313367950175559247e-02
3.857847475367958551e-02,3.639280827334396423e-02
7.983981240301697561e-05,3.718761401227439062e-02
3.529776986671616656e-01,2.820686465974887036e-01
8.589921857793149373e-02,1.341754659162181992e-02
1.258620486259603120e-02,1.310360250200555757e-02
1.300307383970773258e-02,4.877695929951248593e-02
7.960596996244971579e-02,6.807349239510014638e-02
3.273698273759584332e-01,4.145682142743329357e-01
2.770953952478920346e-02,7.612675055345071579e-03
5.610970410236358896e-01,5.363517073408504698e-01
9.547129541474437542e-02,1.339325918416775785e-01
3.380435614947684348e-04,2.021867061681234800e-05
4.493329462462704038e-01,5.689340122197726890e-01
1.043422429921465628e-03,4.901650638680304563e-06
1.422053007006580383e-01,1.222318268598568958e-01
2.280451939999230959e-01,2.108062582760113490e-01
6.747553314965876398e-04,4.085043648154298990e-02
2.846598176168513641e-02,4.179739193428796268e-02
8.629814980403552327e-02,6.601173483847551371e-02
2.973403203672898214e-04,6.107831950641962049e-03
2.805204959714979049e-05,1.405168673202740817e-02
8.985890368211579132e-03,3.009403009146920452e-02
1.144423049880570475e-01,2.132566887397147060e-01
3.894323672998132868e-01,3.389925385521211920e-01
1.220300355674395626e-01,1.594252620984190072e-01
1.140411529681639863e-01,1.373971403936770641e-01
5.895978155123084667e-05,1.133927017902882743e-05
7.843324969919418521e-02,4.388396719480379404e-02
1.656557775946443378e-01,1.478426663869974178e-01
2.707338320485407068e-02,1.381614274869649196e-02
2.865702850780637093e-02,1.828454382381333038e-02
2.703155026915420278e-05,1.148833883101732295e-03
1.331642686497082062e-01,9.987318814881741835e-02
6.932868435946641650e-02,1.252493601778959242e-01
3.771310486325981509e-02,1.607534581909985869e-02
9.003432318627971461e-04,1.228207856644587641e-02
5.092785254546641077e-02,7.340506706201842257e-02
3.173254195512898500e-06,1.069010919582324363e-03
8.671364870848402920e-03,4.909814463191381623e-02
8.306477449525240253e-02,2.861074032412238080e-02
6.749524615489374546e-03,1.108044790758115801e-02
3.930034975574517864e-01,4.262352122205495530e-01
1.182435432005773078e-02,4.700910038028747670e-03
6.271545167601472182e-02,2.541088630552828381e-02
3.464735939428949946e-02,5.849402053918253399e-04
1.663387699106718964e-01,9.765116627495808166e-02
8.398533195266644213e-02,3.463979684340456194e-02
4.216647221279028190e-02,2.005458748456729473e-02
5.856524334533736538e-04,3.349095675528203754e-04
7.439537270145929471e-02,1.299711274569879116e-01
3.016958817626322689e-02,8.608155833667280321e-02
3.067334689315310767e-02,1.264802773285457786e-03
5.518707246358989932e-02,7.564849955450027308e-02
2.184451235391070972e-02,7.856282885383696069e-02
5.390694873273713106e-02,5.874568993537863243e-02
4.431893626152381277e-02,3.937984254205272039e-02
1.286644104145635015e-01,1.559492305266725054e-01
7.357300580953923808e-01,7.793009359827228755e-01
1.638876181028163792e-01,1.527331373387753044e-01
1.629565472577280266e-02,1.754158865797105643e-02
6.795282928254793575e-02,5.007394015188399577e-02
3.867061002293216421e-02,9.217254734203927935e-02
1.245311216358004625e-01,1.721524446506854378e-01
5.259068862279546583e-04,8.555876009218591621e-03
1.060491107315837817e-01,1.684346857597138758e-01
1.023327259336006961e-01,6.902510999112955459e-02
1.566720441542243381e-01,1.019997890754280878e-01
1.056199082105956089e-01,6.288608930550063092e-02
2.009074836293164856e-02,9.246704367674860731e-03
6.709826730784868021e-02,1.056866565935062063e-01
8.229777795026642362e-02,5.631515968006975403e-02
8.173271039609344979e-02,4.722103283791576241e-03
6.485349244320250508e-04,9.398918856902330860e-05
3.929991427706605589e-02,6.150533699842354596e-02
5.919318393710726323e-01,6.150001223787677773e-01
2.926064718101329884e-02,2.850156777145175860e-03
3.423195763882491000e-02,2.131737061971739067e-02
1.966991558819801422e-02,1.672128080583509119e-02
4.382142498008037047e-03,5.985638650110157270e-03
3.605432850095626699e-04,1.115589064827017589e-04
3.282073662148917575e-02,6.849867337205450130e-03
1.560784323973572474e-01,1.525836721817016017e-01
3.181260209355955739e-03,6.608065454899812903e-03
9.136740372903474905e-02,1.419325392558521137e-01
9.145815882342174866e-03,1.639779570954026308e-02
5.705782886224862113e-03,3.010864769256661657e-03
1.121942778571716481e-01,1.114693449014555471e-01
6.982624127786818402e-02,2.350949822141031043e-02
9.044474614836520501e-03,2.218203810858728977e-08
8.863916914616347398e-03,1.000060527287630063e-02
2.574106890183847259e-03,2.467241822456043166e-03
2.910470620885094450e-01,2.432799532204895920e-01
2.452544877080086588e-02,9.666907333325869050e-04
2.946396431023786538e-03,7.017260613098376398e-02
1.459121739336499968e-01,1.921285163160247611e-01
2.875760563033359727e-03,1.032812908733337504e-02
6.822589239186983567e-01,6.168067914091157622e-01
1.728342548969316883e-01,2.603704900309650877e-02
2.266257175358849657e-02,4.038371361938385834e-02
5.198042021332747141e-03,6.552565665735908020e-03
1.197517444679197796e-01,6.940406560940078073e-02
2.964214080777104036e-04,2.239503502823788901e-04
2.033882911225569357e-01,2.479132035355558206e-01
8.320634903211162475e-03,9.525097730986972072e-03
5.678504471174127685e-07,3.280769486878806480e-04
1.859737251035288585e-01,4.415445015908549264e-02
2.492128767859359676e-04,6.868403418180510540e-03
2.123025110913432517e-02,3.994966766640997008e-02
2.278536980210201790e-01,2.801360490632039957e-01
2.187862218576642759e-01,2.048046548350426488e-01
7.307587338224642848e-02,1.064002967721169035e-01
8.075633306857737947e-02,3.244149292425755476e-02
3.394163033713167021e-02,4.706884858421216816e-02
9.391805533003177433e-04,3.017061222628967046e-02
2.010892446212828380e-02,2.257139931913810030e-03
1.009477856200807246e-02,1.774066851209836135e-02
1.305439360806121343e-03,4.622092914904362554e-02
3.707079662497321793e-01,4.657228721976567898e-01
2.810073182063160466e-02,9.689111297771469192e-03
1.137609870486670782e-02,9.694557058709607836e-03
5.232658708284769755e-01,5.026791730879869302e-01
4.389016035008842798e-02,1.783280460024739555e-01
6.218555991085549092e-04,3.673470145953416921e-02
1.560193378100709627e-01,1.094619664824973415e-01
1.060230412753776670e-02,3.133729023707105914e-05
1.667355888387112850e-01,1.706143433712842550e-01
1.332375851744236339e-01,7.596827754705878788e-02
2.940987045158191190e-02,1.663819942548910163e-02
6.426306246486289397e-02,5.099242342975853631e-02
3.016034691181449217e-03,4.593504417745033976e-04
2.023147161322749188e-01,3.657387131753946363e-01
4.409336046029656460e-03,1.114823134156364486e-05
2.503178503970635016e-01,1.360380950176788839e-01
1.320649549431103867e-02,1.443612524120120588e-02
6.705283114873450412e-02,1.436797869710288930e-02
2.775494303033771218e-02,6.541685512921874279e-02
3.596359212527378696e-02,6.042452223145561990e-02
1.781372195341025507e-03,1.441609591725068716e-02
5.949976513716952881e-02,1.312003721812363133e-01
4.358833114747612952e-02,2.732719695285057426e-02
9.820964861770284382e-02,9.967466191985351054e-02
5.653845737081795303e-02,6.894478443153137515e-02
1.374236765371932845e-01,1.316228654281805799e-01
1.111163316694667030e-01,2.089232756840811445e-02
9.903525072749405633e-02,1.964040603181518019e-01
1.614598440219270487e-02,5.524865773854496093e-02
7.871900574728361508e-03,2.530958827843124491e-04
1.505169367861070306e-01,2.223393614914430105e-01
1.978278755551493573e-01,8.272341652563626468e-02
1.655070366584970951e-03,3.484808551477174194e-04
2.364486678536423594e-02,1.663717941034502032e-02
4.385259781689654357e-01,5.456449192469874365e-01
3.522857401327473756e-03,4.470175095483713140e-02
1.626058814561672720e-04,1.632192826665240955e-04
2.503412581908209256e-01,2.326013289551208119e-01
6.584164512920970269e-02,1.145985987171844050e-01
3.279757863727205541e-02,3.530797586346588052e-02
3.425877327864303851e-02,1.570123300724130672e-02
2.602870233183327553e-01,2.681695470481953447e-01
4.873341775214674182e-02,6.195394949838273907e-02
8.607473774311221945e-03,4.667530565547750587e-03
9.566363983121128596e-04,7.044244824454928876e-04
1.379715542551437357e-01,1.349759013548738340e-01
2.214436471508739457e-01,2.617685606104112050e-01
4.636997039032398349e-01,6.003288651507153739e-01
2.742548679919720178e-01,2.941615023193510647e-01
3.313055839889621490e-01,1.895589661684702332e-01
1.619944436918730468e-01,8.918545829811634629e-02
2.653987530539714604e-02,1.278877672739763514e-02
1.680183374457189585e-02,7.514075170198735582e-03
1.279890500373252193e-01,1.898311385299972232e-01
1.064306370608834179e-01,1.804482114018330918e-01
5.928690678617137659e-03,7.359774822474056399e-02
2.586394898404418760e-02,3.859790098733071467e-02
9.694266234273767047e-02,2.159297753780684281e-01
1.646804857904419495e-01,3.103132188465243524e-01
4.268504383726128698e-02,5.969052936494308875e-02
2.588172170960454863e-02,7.685372621857702868e-02
1.407700670826884937e-02,3.264436135069328018e-03
7.229790150326009801e-02,1.199851752881347933e-02
4.582576827941437642e-02,6.826815220251913896e-02
2.110921861844900285e-02,7.017344736140117278e-02
1.976235499435486861e-02,2.609858903254242616e-04
2.998704230448973607e-01,2.310010131024340108e-01
3.772630236179768531e-02,6.196919594594927500e-02
6.601465858707809831e-02,1.127136628570974373e-02
4.219574197046120634e-02,9.852121735866647967e-02
1.225665550712823071e-01,2.064567804740724821e-01
2.482273255880731999e-02,2.920877108583765092e-02
6.149266825559284583e-02,7.365140816079712542e-03
6.557496862477310388e-03,8.588919619517144596e-03
2.191287030452546830e-02,6.759416820462181563e-02
3.387005571299699092e-02,7.530740120896142753e-02
9.322995534652933625e-02,5.662749309937421122e-02
4.844565381465981008e-02,6.518314566068368621e-02
8.279344013147511838e-03,1.208598288263641518e-05
1.371096464861196228e-03,1.154107897210847447e-04
1.334465201266392953e-01,6.652011020239126382e-02
5.338699873000439799e-01,7.608551546724298120e-01
1.955916402972362328e-02,5.454144107980118950e-02
2.127267637971936576e-01,2.744015637233214178e-01
1.052625718939333987e-01,1.020014119944236131e-01
8.416618865612740183e-03,4.234591031200124478e-02
2.272763272167307447e-01,3.820566763005949218e-01
1.492242829263443031e-02,2.652415628744290640e-02
3.480305653760522766e-04,1.346965299756961061e-02
3.078758552942725477e-03,2.459366167669066461e-02
2.478689574008240692e-01,2.542684190144737233e-01
2.420992409691848126e-05,3.479116930202143156e-03
1.389063316457778878e-03,8.992596167617002145e-03
5.042654223470389302e-02,1.601442609723025823e-01
1.471212551295698022e-02,3.263887973896004852e-02
1.912642650132895250e-01,2.228972534230689306e-01
1.242923433463303322e-05,3.416010977023761948e-03
1.243970441615152023e-01,7.027954056070732924e-02
6.634407247051427037e-02,5.758200073786227252e-02
3.116042960702226639e-01,4.453284185621591007e-01
4.898466805281484482e-03,2.333283142379476930e-03
2.384113365164053713e-02,5.656231149902596692e-03
3.324495552064844484e-01,1.355938256683371368e-01
2.378606862524090121e-02,1.274960983954437355e-02
1.081965189397776986e-02,2.451454490099052533e-03
2.709364610810653055e-04,9.351433373551111192e-03
9.067249418672132522e-02,6.979449327772498102e-02
4.664298656992427183e-01,3.007464610758575629e-01
5.231807535918027441e-02,1.690720990675884366e-03
5.653210216229360985e-02,6.727211747873352091e-03
4.065604010173884397e-01,5.543901338300341042e-01
3.432397661852951698e-01,4.733075140659837032e-01
6.365069176301216269e-02,9.936305503074298329e-02
2.144424116249606382e-01,2.021803452911354881e-01
9.905687783217142009e-04,1.286015305204701517e-03
2.189637234291434576e-05,3.789478958712515477e-05
1.556144527448985806e-02,8.714020290775609592e-03
4.818211604757693944e-01,4.608099837655711406e-01
3.632815717811063017e-05,3.374255183258005500e-05
2.675655548999233413e-01,1.627765126593687661e-01
5.407447359451938995e-02,6.416025611389174210e-02
4.722171355772662033e-03,6.603044331273359192e-03
1.513396880127177704e-04,3.232721160004618961e-03
1.490210185289602036e-02,3.494451734542746921e-04
8.863584758844111899e-02,9.649484773448664676e-02
1.639634083502477385e-02,1.931708347364910830e-02
2.125507228094555834e-01,1.649110466358654492e-01
3.220562125466412684e-02,3.395541271222932145e-02
5.037123013082200375e-03,3.502409438820707367e-03
4.424708576452750924e-02,6.169220516069868349e-02
1.571616903721146097e-01,2.831754455521728886e-01
6.211959757737510468e-02,2.428042983353402920e-02
5.074129186988918933e-02,1.006428830297555754e-01
1.409023545650337494e-01,1.712272977253709305e-01
5.337700614079978617e-03,1.206995334217344324e-03
1.517894778830735925e-01,2.672447918050495086e-01
2.020829054984718195e-02,3.900175310696232106e-02
9.589077519922103998e-02,1.232805130751991607e-01
3.529500718021528344e-02,4.835944197361197183e-02
1.873973031270818532e-02,3.135481688487359864e-02
6.862306931968999678e-04,7.377895954992257565e-05
3.939549862456836332e-02,8.087151747673393398e-02
6.428158505955722246e-02,3.065321362261081567e-02
3.926905008620227427e-03,1.461232695523449927e-02
2.444143731665121468e-03,3.974705713560064803e-04
2.528160227122682735e-01,1.754089142322865780e-01
1.740398360075236239e-01,5.970810918423977154e-02
3.442229762887141775e-01,2.718077924375840726e-01
4.742793352562385024e-03,9.052743030535605542e-03
3.657672913741132348e-01,3.698414132341711347e-01
3.903869607284242427e-02,4.850292916986007757e-02
1.280236791157491894e-01,4.826722324829798433e-02
1.726129681113367509e-01,1.761391295763978793e-01
8.315281957766330889e-02,1.162019083385230078e-01
4.934772798273977246e-02,2.355051150647908056e-02
8.409929393851495183e-02,1.199466813401287163e-01
2.705635797714632251e-01,2.731784250133859060e-01
4.244562788234044343e-02,5.690972635861962781e-02
6.461666536528379474e-03,2.443711707920553575e-02
4.137049182662671382e-02,6.661427379470290233e-02
1.842188742737877610e-02,2.649640782476759063e-02
2.812622181029116319e-01,2.990093292053887519e-01
2.762661129979006036e-01,1.872453260528486874e-01
2.736619306160039539e-02,1.242984282925910580e-02
2.003981685167808835e-01,2.034080042898986918e-01
2.679833441749657902e-02,5.153397844562803559e-02
1.564471939110460563e-01,1.543836733701451358e-01
1.047231639272010600e-01,1.724928825360560469e-01
4.022272896234895673e-02,3.241009146441491129e-02
1.061494071875185774e-03,4.341252027647544282e-02
1.975448068963262804e-01,1.571258684728837340e-01
3.852977506849569744e-03,1.303739088468611196e-02
7.548701670832992129e-03,6.030727174013609561e-03
1.087027467349411733e-02,3.824881052916706743e-04
5.895790036093520074e-07,4.338991740497123739e-04
4.610038629883786952e-03,3.314695458203015255e-02
2.631943228773891193e-04,2.706844338070590807e-05
8.558766839800896779e-04,1.008295973644994861e-02
4.549126907670607636e-03,7.085366571995277592e-03
6.837520314499878626e-02,6.641616675640987788e-02
1.150798652630668772e-01,1.924790890475535088e-01
2.180342297778965253e-05,8.248982551638530617e-04
1.164221785355967938e-02,1.901721593364696580e-02
6.269196611800799401e-02,1.019435563901826686e-01
5.435178246576682914e-02,3.308540104215978300e-02
8.799934389794564389e-04,1.330484996092685144e-05
5.434115752151640333e-01,6.341822430229220320e-01
8.386076465934758127e-04,1.934186842531384135e-02
3.710852844233729353e-02,6.954392074911520949e-02
5.629410417103321990e-03,1.733984451307571742e-02
6.556548370988644903e-04,2.884150875302489273e-04
3.915738165110605601e-02,5.800810598792389972e-02
1.672567691197451301e-01,1.977049604346756972e-01
3.654133494178161013e-03,8.205081735221164685e-02
7.573838053341187815e-02,6.790129220641195895e-02
2.922885707927535344e-04,7.855624594643505296e-04
7.959551424777849802e-06,1.522684922774338034e-02
3.053062146594675771e-02,3.677526029097193117e-02
2.314132875764746827e-02,2.532151180704907134e-02
4.137278212887583462e-01,4.196056223364783566e-01
1.489974043972798956e-03,3.707586238097213688e-02
9.813347208380691911e-02,6.211934582909046237e-02
2.479970278755799437e-02,2.234673883218980459e-02
2.057323988626269251e-01,1.275355994137868931e-01
5.738045841580979162e-02,3.413369832928935671e-02
7.636964346714025798e-02,4.141623412015897621e-02
8.141981269391800058e-03,8.260591833729646807e-04
3.124785532189741991e-02,2.865199361500356257e-02
6.863393568564543634e-02,5.485979873405189694e-02
8.999414923832126480e-05,3.278144981422195445e-03
2.497108259643710665e-02,4.855660382156587983e-03
8.487117258460633723e-03,5.605328712494623764e-03
6.596214791387695897e-02,3.196276923902809097e-02
7.905352558032764376e-01,8.183125133005759722e-01
1.394726568163238423e-01,2.413768881651017217e-01
1.731629383513196127e-05,4.856338633005036383e-03
5.371181092415971622e-03,4.160025199762986889e-03
1.280454219441300723e-01,7.996008055826499261e-02
8.251956505491533922e-02,6.472012169362122147e-02
1.477928430601528065e-01,1.010351762698767503e-01
2.861695058521972028e-03,7.011994416590596781e-03
5.543712270225626543e-02,8.182323941156476044e-02
2.591377058510792742e-03,4.277133417567153102e-05
2.764068973575490862e-01,3.378477499405108664e-01
6.591361624413288878e-02,7.541522273355934225e-02
9.658373857547598862e-02,6.739062843380282108e-02
4.457399965489196314e-02,5.991085796070806657e-02
1.550924769534520870e-05,4.956944788561537052e-04
4.242631002815275276e-02,1.749492998563806703e-02
8.865574559560530921e-02,6.722646888295392975e-02
7.802431450069129137e-02,4.702299399482864212e-02
4.739443292098508703e-02,1.663426184401690100e-01
1.156134811028555476e-01,1.299832417287846154e-01
4.063904467040612561e-02,2.864486938199077223e-02
1.965233766818912445e-02,1.182194441805630575e-01
2.752677484589468506e-05,1.477993521181958023e-02
4.090843170340434376e-02,3.640619891855338686e-02
9.947521125365742234e-02,1.301677434278643991e-02
7.247371279673218980e-02,4.405966731613450427e-02
3.685722903741332421e-03,2.297933583017930208e-03
2.038833791882432508e-02,2.544966506913253976e-02
7.857588817226625333e-03,2.381638783198004525e-02
6.215666726283726462e-02,7.467373116781922393e-02
1.691571511689895016e-02,7.870426501241220216e-03
5.004757478271033566e-01,8.127685964809695518e-01
4.974727214142733028e-03,4.132386103897748957e-03
1.082751394655290765e-02,6.349547231220689647e-02
8.635831792581356945e-04,3.694115912930840719e-03
3.032798450443364713e-01,2.899956278926762443e-01
1.253681334791206282e-02,1.544039084028773524e-02
7.834759732971183915e-03,3.576505463461723128e-02
5.691213770546116150e-03,7.892359132400664700e-04
8.413087276416439733e-03,4.910021437365869740e-03
1.075868504799202680e-01,2.645893560884094997e-01
9.119827779957730141e-02,1.033480040013450008e-01
1.822738081470972119e-02,1.849848955667413378e-02
1.507648985784787508e-04,6.588458437075024338e-04
3.853339504584141900e-02,4.471481992560576851e-02
1.575058097937076258e-04,3.672928476045621976e-03
1.945818728054196367e-01,1.573457591644773779e-01
2.489166513583461471e-02,8.658456284900769781e-03
4.011164155435870682e-01,4.212672656031708485e-01
3.294875667249570761e-03,1.060438944011672571e-03
7.777037385858420401e-04,4.866393622045157570e-04
2.626157368820213334e-01,4.294559202586683000e-01
5.745300476557290564e-02,3.222069715955605540e-02
1.002117361361870157e-01,2.697882541456609329e-01
1.615637338848415969e-03,3.059591107993706711e-04
1.122145361564039516e-03,1.480013905858277093e-02
1.397286203080700118e-01,9.473721499849276084e-02
4.974622496538857325e-02,1.286718358102633408e-01
2.003164578944078844e-01,1.943828480256302726e-01
4.886450103200447315e-02,8.741938764939359563e-02
1.664246232770801373e-02,1.791598103365554221e-04
3.500870892505992260e-01,4.171909827951868488e-01
1.748967718596561305e-02,2.073125872235154904e-02
4.241461655292050326e-02,4.806497121764902181e-02
3.039316501583200214e-02,8.478204671095477618e-04
4.411721699406042085e-01,4.062316787461161538e-01
2.325547836229078374e-02,2.330646189924169207e-02
9.026973981216829257e-02,7.104974202050595711e-02
1.114993071408790226e-02,2.002478477836880724e-02
5.692820912804531959e-03,7.934586447566397555e-03
6.265054667033478734e-03,9.207484888338831903e-04
2.351308262993920956e-02,6.483428661062974607e-02
1.494888427542389719e-03,1.915940932044599197e-04
5.781963056766885600e-01,3.793567200294314379e-01
2.118804931782803519e-02,6.527911109111571297e-03
3.183173021427343919e-03,5.393969663678490484e-02
5.057729976560991492e-02,7.038149190376098707e-02
3.166708098774362670e-03,9.076074012145555342e-03
4.520031676081719130e-02,7.762956060477771425e-02
3.328403339555652436e-03,6.142235807405969916e-02
1.878525299514644019e-03,3.478211136937883058e-03
1.392356504556043677e-04,3.885347819193290189e-06
2.506758586994495275e-01,2.102909635451717385e-01
8.002362029574093538e-02,1.312750666504629293e-01
4.900769859574250625e-02,1.484946166941809344e-02
3.828080969155716606e-01,3.947250242196077008e-01
1.400432965888658565e-01,1.328507364636574151e-01
1.329827334203604605e-01,1.603735337280380313e-01
3.905464859163871759e-04,3.821728935324779364e-02
2.416873147984713831e-03,2.350942139562955252e-02
4.153884689883633775e-03,3.287675857928306841e-03
1.946488537802523386e-02,2.736205053775658813e-02
1.405708333208667560e-03,3.244898088975491112e-04
5.466559182343294285e-03,4.581232722493779053e-02
1.047091708007008565e-04,3.318417263272371853e-02
7.916547457444927938e-02,5.260676047539405292e-02
2.677010883983172995e-01,1.989629305565112638e-01
8.244654154939320967e-02,4.746396460342162948e-02
1.330424594815856343e-01,1.991692276437815323e-01
5.530470705996719943e-02,6.167720386477138633e-02
3.663698339695226330e-04,4.364277550658420511e-03
1.008634116766837119e+00,1.337280535418483129e+00
5.514234851842299626e-03,1.590076434497653124e-02
1.461299082576304476e-01,3.012108980058030849e-01
8.044436722920134120e-02,1.297606514757896345e-01
2.887453749831661032e-01,2.598999083351478667e-01
1.914536981823156819e-02,5.571371237702399393e-02
2.887235582360695996e-01,3.486410491463379224e-01
2.921369774312431583e-02,3.193377054775368984e-02
1.553757328290907708e-02,8.361997924974371756e-04
4.462419476544862186e-03,6.298298403928115352e-02
7.695549612300440767e-01,8.387857833626031212e-01
1.229676549103019337e-02,6.555611659105990696e-02
5.063738572355774153e-02,5.282961998115610208e-02
2.473029218253903205e-01,4.809731820850972617e-01
1.071857810770889402e-01,1.528378219679272509e-01
9.359670642180791672e-03,1.369717849334993985e-02
1.130839710369521828e-01,1.937325951451033257e-01
6.399497393902980197e-03,6.578728170140882119e-03
1.478920949377719729e-01,9.563909703959624919e-02
9.705344668499120420e-02,1.021028828831556379e-01
6.286459449965794977e-02,7.189190074290489896e-02
2.669293978674668749e-02,9.116803354127673079e-03
5.802099340298327163e-02,2.460135886910470859e-02
9.217637736382540761e-03,4.044430246458460094e-04
5.952421843837990209e-03,6.580079209282311062e-03
2.190203746509221117e-01,2.674157276488384749e-01
6.358832582143748857e-02,3.826014476483306781e-02
1.846204551123130921e-01,2.738442267383052187e-01
4.566017827534050305e-03,4.416599369641283947e-03
5.271165411782784416e-01,5.054586176219346694e-01
1.511392810476292620e-02,2.458609102605799346e-03
2.128150568105629419e-04,1.680373350382531996e-03
3.056625530544255717e-02,5.549578225288753254e-03
1.618960477030419870e-02,8.037891897535000274e-02
4.171796254439780194e-03,2.740812223594702932e-02
3.113730657649812494e-01,5.871968549040936791e-01
4.042209486981667571e-02,3.944182091131255563e-02
1.025389908336355183e-01,1.372414742504770580e-01
1.820683960127200685e-01,1.244267835966771096e-01
1.849444523683703434e-02,2.877215916447153909e-02
2.486228142488767796e-03,1.184429470675341881e-03
8.987691288529782441e-02,4.823216948815575722e-02
9.095276361831967915e-02,5.126364426334105440e-02
9.915439097772265828e-03,3.390268949039870229e-03
2.566148616600144594e-01,3.376289741591698146e-01
6.409438017040852177e-03,1.118752145572670005e-03
4.446698714664532731e-02,1.335364074559308376e-02
2.340750777041286368e-01,3.925584495609706348e-01
1.229150866713265983e-01,6.481719732158483516e-02
9.329470181843249610e-02,1.560701104981684628e-01
3.403278864630895906e-02,6.170016604181230435e-02
9.672911909785418191e-03,5.180762167782038824e-02
4.000911165608698750e-01,3.348160919519721501e-01
1.037788493155738928e-01,7.737718949803956692e-02
2.819306361194602317e-01,3.478866807187780408e-01
2.734410940941597520e-02,7.428564757679277653e-02
3.091618306714081776e-01,3.545643452897476733e-01
4.170816178702682064e-01,6.446845675313841451e-01
2.476941527915925249e-03,1.513952983401748234e-02
1.696634618701661767e-02,5.134479297373465562e-02
9.169429571797695078e-02,1.878839544032936959e-01
2.669057526401767966e-01,2.266674764396879593e-01
9.721779184828057696e-01,1.440778296918812540e+00
1.822309433541697277e-01,1.195506864872518116e-01
1.932825923720288830e-01,2.421005091495818662e-01
8.133554579855893918e-01,8.202585128812124315e-01
7.414511338080599645e-02,4.126085707013445181e-02
7.909456672303192756e-03,9.938688026635871670e-03
3.123300696430678439e-02,3.341542205599958015e-02
2.458696834916592189e-01,2.892958488865995381e-01
1.064662518281465631e-01,2.218062204073772692e-01
1.599406617870855474e-01,3.532820354302154131e-01
2.443976471117989269e-01,3.604075414700957380e-01
3.703196260481650317e-03,6.390103746857916933e-03
1.705256489789807011e-05,5.179595403558236687e-03
1.512454840124183297e-01,1.976029127340276914e-01
2.580831654079886461e-01,2.616906104670607691e-01
1.692535757165528898e-01,3.155335309609431649e-01
7.336364085885410669e-02,5.029948108118125621e-02
1.215715714704617735e-02,3.031997207590943818e-03
3.788700730047575571e-02,2.759629989156659607e-02
4.962012580236442247e-03,2.631776919724678528e-03
2.180001834577825065e-02,9.757718757361848877e-03
1.011316070041683862e-01,1.576616333481692112e-01
2.660041904061259399e-01,1.973637804752075842e-01
4.432835343596113198e-01,4.669585040652501351e-01
2.913510807918552881e-01,2.661200307631763073e-01
1.453874944653377839e-04,4.391090680572048988e-02
1.614884575003383560e-02,4.861405052590128282e-04
6.916580818343803783e-02,1.048032309583682431e-01
1.132210527157449624e-02,5.529420600439436534e-02
3.753412068765959453e-01,6.051325480606156715e-01
3.593505028976462512e-02,1.528799002365662961e-03
6.157497639812432172e-02,2.179811382375388545e-02
4.474035370478983658e-04,5.308010660859849641e-03
2.546973764220320513e-01,2.882241115326706349e-01
1.482224486383143802e-01,2.779183736964419560e-01
2.688738072972532943e-03,3.445614142658280643e-02
2.161991199448647260e-06,1.000800495542607199e-05
2.013417457392163365e-02,2.314889966695916901e-02
2.293487524341572548e-02,1.125306890980837075e-02
1.679095129371522832e-01,2.238340164743040372e-01
4.548877899385397883e-02,8.307016061191184464e-02
3.246069859081376352e-01,2.658765963204950955e-01
2.344898232617882716e-02,2.232565889760713615e-02
2.523030233270236525e-02,2.259355070154433001e-02
3.855401682784286854e-01,3.817178898251641361e-01
1.882013570314964857e-01,2.345582873725896300e-01
1.041967929286446853e-01,5.924618829494441435e-02
2.068946892668926119e-01,1.127061516594430185e-01
9.817425977207749899e-02,1.459688323008448696e-01
7.981075096287888054e-03,5.900625959838007523e-04
1.461267507786020081e-03,4.558668009438765836e-03
4.584812592795171893e-02,4.863376424082403032e-02
2.663163533541737342e-03,6.404145658931261094e-03
1.561600642617125322e-03,1.434378971306192289e-02
1.392057380718219640e-02,5.394620533606489868e-03
4.364688753247521480e-01,3.656113082905377842e-01
1.586726195441308385e-02,6.778371342009400016e-03
2.225741675694735671e-03,7.689311416569553047e-03
1.407379222354022130e-01,1.116035063611084954e-01
1.857439067111338604e-01,2.042361233365395101e-01
1.478787996033223591e-02,7.050944486883727741e-04
1.084568794433014849e-02,1.013969597648933622e-02
1.200369515017968014e-01,1.910358333208410364e-01
2.660184376035854559e-01,3.148594975776057847e-01
3.896816838814971817e-02,7.149697356242308566e-02
7.290493748026283249e-02,9.022709409588651475e-02
5.289101400051023777e-02,1.885701430567003969e-02
4.883362979303981777e-02,5.437422957347225194e-02
1.354982315833194173e-01,8.449600026357759197e-02
2.120897038367279830e-01,1.021865514111344186e-01
1.025151907030500548e-02,2.343779664114276073e-02
2.022716924097452823e-02,7.063858921337143326e-02
6.564402130922098247e-03,2.951641483508801863e-04
4.578687513415415078e-02,9.436207586561412564e-02
1.311766689635369965e-01,1.394207652106456419e-01
4.610334344667791490e-03,1.246338523944517159e-03
1.293832838208072156e-01,2.757646448460661093e-01
1.496582506193005341e-02,8.811359765261140425e-03
7.158980112944875185e-02,1.002052049363253011e-01
4.281982592256135950e-02,6.330688982299326195e-02
1.962893689232583783e-01,4.325568892332994908e-01
9.720263324300420851e-06,3.353369395745856972e-06
1.505908406585967085e-01,9.077596752276721748e-02
2.953219054437368485e-02,9.293789541629318696e-02
6.357900791523390938e-02,1.100108711364779085e-01
5.831488385892531073e-02,1.610289704813229125e-02
4.348943360992459789e-02,1.971237355921300755e-02
1.043155685994354709e-01,2.265482883996127184e-01
3.751953044249241032e-01,3.849118967857388385e-01
2.885233211158138439e-02,4.495204750008838235e-02
8.850993060505900345e-02,6.480159866146287251e-02
2.470938446341042032e-03,1.811293756775000149e-03
1.512829533251697570e-02,2.289899415630592197e-02
2.033432301744927395e-01,3.350764733980534649e-01
7.842458624646636567e-03,2.201081185188968024e-03
1.049969976754769607e-01,5.783206562117181038e-02
6.790296405986936262e-03,9.192873494023489495e-03
2.357672976764789777e-02,8.799917918443984910e-02
7.388264486649390346e-03,1.843523726987262787e-02
2.833851481770879865e-01,3.060113206395841945e-01
6.856157376100039010e-03,1.773110263188702740e-02
1.706103697254892637e-01,2.036911660248997002e-01
7.283016758007557212e-02,4.188036438422015201e-02
4.535027062440286950e-03,2.959605969940925715e-02
1.967998868505671517e-02,3.200909513267416462e-02
4.606569934226327837e-03,2.683264616843609313e-02
5.144409650437616749e-02,1.043154278058161938e-01
5.155250045852742824e-01,3.763085201586035544e-01
3.322857221672875783e-02,2.540933979629536599e-02
1.020829508613149678e-04,2.404747209141590986e-02
2.250582755689462281e-04,1.013660484320675834e-02
1.119109839347129237e-01,2.168593873685086271e-01
2.884696228144161267e-01,2.031714606540945545e-01
7.410976364115841319e-02,5.471229000151377891e-02
1.610116085705343408e-03,3.490321303748230783e-03
2.027170533630950899e-02,3.551311916092039778e-02
1.609712189097954604e-02,1.328742572634283858e-02
2.563035338868707713e-01,2.789301581747488101e-01
1.656235824112710841e-03,1.712449850629475454e-02
2.185075052068708168e-01,1.042505045046779044e-01
3.253200709995899276e-01,4.259524206890180076e-01
1.766557973537703219e-01,2.190275258505608724e-01
8.208571956170574585e-03,6.727379531477647827e-03
3.456377318552713435e-02,6.916388472972477552e-02
1.080779092020828364e-01,8.811402911421352402e-02
2.677073324209744073e-02,2.753870895537291474e-02
3.938459866433728918e-01,5.601356329180871008e-01
1.150746889487536118e-01,1.774615499900596138e-01
7.194295219943752304e-03,1.118850320860292989e-03
8.210808246876555652e-03,7.519946996633830594e-03
1.517607056982178682e-01,2.576758665167985796e-01
8.837436789777125545e-02,1.051128929736732665e-01
1.149199077320144230e-01,2.406917539259091077e-01
4.232196294598942338e-02,5.216307889720652596e-02
2.737710222894555387e-02,3.526531813378076807e-02
2.469685952066388076e-03,1.304079589467717869e-02
1.523948351417909759e-03,2.103015412956541538e-03
1.098730303090226720e-02,5.311081735443132223e-03
4.264353905242013187e-02,5.316964100537663329e-02
1.054920771525859682e-02,2.507164113379327694e-08
2.566348847473882977e-02,7.237284564001763773e-03
1.768430574395413735e-01,2.700157081307030249e-01
3.467282652326277720e-02,3.006361250299003501e-02
2.978904682113461475e-02,1.690469670629747220e-02
5.183325241691372209e-02,7.935575492831659083e-02
1.730778549981325937e-02,2.178750206317025054e-02
4.705543771226535291e-03,2.911421384482103594e-02
1.916133075775221795e-01,2.043559394551379693e-01
1.544646287610403155e-03,4.098407054846639258e-04
3.044595627150138446e-03,3.811856364335454352e-03
2.107958658182145992e-02,3.062039095571305811e-02
2.000451087810251605e-01,1.611737097854016032e-01
3.282471941718730912e-01,5.927711340646414362e-01
6.659920728635826750e-03,2.089534381164724012e-03
7.896253454871055011e-02,1.575437551086843746e-01
1.369105536361051589e-01,1.102183614073388718e-01
1.351473547903418726e-02,8.839683929410152574e-02
6.783224524490787111e-02,1.824992732406544860e-01
1.410850979375105618e-01,1.171330891111780764e-01
1.068112319775501029e-01,9.215365402947646445e-02
1.225867240751284365e-04,4.411302393691748230e-02
1.671785149083229449e-01,3.266290432493081375e-01
7.094459130038596184e-01,7.326486462135667344e-01
5.901333680238278756e-01,7.276746090188906946e-01
1.378656095600148696e-03,2.498438140706532584e-02
6.914993360832020000e-04,2.179727403035144060e-04
6.953655575015769974e-02,6.769534220896732124e-02
2.521548402699247751e-02,3.818677365097532250e-02
3.689439365555143707e-02,1.517890327823329458e-02
5.865617609430994611e-02,9.043555330428753800e-03
1.466163380994411070e-01,8.043091220417765419e-02
1.845654913320594892e-04,7.661070838598534223e-03
2.102723276348210657e-01,1.745815658511621626e-01
1.208220408571662697e-03,3.735592081633703522e-03
6.825202248362730040e-02,1.136261153168101751e-01
9.654554244432166088e-02,1.192713050999205798e-01
3.412093628087595979e-03,3.051504126486384236e-02
1.344802563660844330e-01,4.227530432951324274e-02
3.872317408266013894e-01,1.604918736180490635e-01
9.922389885727244362e-04,7.341325116224578470e-06
3.013345103527730398e-03,2.250492953657123180e-02
3.835617751670723774e-02,9.215298817430596368e-02
1.914423187250817232e-03,2.979344454729212165e-04
9.610757005545931264e-01,1.098700650516125199e+00
4.607929593516377764e-01,5.126793485614211665e-01
1.779395973433000600e-01,1.740064811418591539e-01
2.598720917178026779e-01,2.340633727514815354e-01
4.123232830218848122e-02,1.821135676274726611e-01
1.395836455798415143e-01,1.559331880309144935e-01
1.234396132019831838e-01,3.306369838462967087e-02
2.195233088673944483e-02,4.678639653739256887e-02
9.229229822429196612e-04,1.000358107882789310e-02
1.276778796690343151e-02,2.111396605223717689e-04
1.147849099701167048e-04,1.069282337538859668e-03
5.035327910257245826e-02,5.965298222819521989e-02
9.372062145955803447e-03,7.099551112780200061e-03
3.470120662684166805e-03,2.211583742542275535e-03
8.300121909837404610e-02,3.687832700821867815e-02
2.337789994632975543e-01,2.791893097856928407e-01
9.837328742175870111e-02,7.250004422697776951e-02
1.319839964035346425e-01,1.547385211429144480e-01
4.239612687147559065e-06,6.065623460442919057e-03
2.444598428053438854e-01,2.387687349866344233e-01
6.149266026902892868e-02,7.908466441492370547e-02
1.956587277643363765e-02,2.311106092004758944e-02
3.461791893478693982e-02,3.702282381946430528e-02
3.740315816738543032e-04,1.305301888465087989e-03
2.279575042707931432e-01,3.175223880163737245e-01
5.561104019648216304e-04,1.572620969593598169e-03
4.392240974562929834e-01,4.666373728833239642e-01
5.356489840156927057e-02,8.276490678354101252e-03
2.238486230932882487e-02,3.618515604909409294e-02
1.658302045798828311e-02,6.105940920466509936e-02
5.006012812192563860e-03,4.073855714908045447e-03
2.013135456407282291e-03,4.470699213336051911e-04
1.409212173427140322e-02,3.159674697749686317e-02
5.105633499956214848e-05,1.216205545749819358e-02
2.972998093468393055e-01,3.032478146609560166e-01
1.296086175779257166e-01,1.327274076258540825e-01
5.900428174065008857e-02,2.041135993104991816e-02
1.014718506795455388e+00,1.169747881077775942e+00
1.154373877442394364e-01,9.902151099997826000e-02
1.006385987703726538e-02,8.146903731040536223e-02
3.637865342587993656e-01,3.663705418851885831e-01
4.811814736965094874e-02,8.582646152081963020e-02
7.397802242252134175e-02,3.024002477368184158e-02
4.398188824935807956e-03,1.756108812283353738e-05
5.558073932229454922e-02,4.858818069059066963e-02
7.855083845603992596e-08,2.874215853676095368e-03
2.263227446864266024e-02,2.715000149907722399e-02
1.621034783343531516e-01,1.266946151796513598e-01
4.676994792872499716e-03,1.639201418635218011e-02
1.198835808806986321e-02,2.326549055410186487e-02
3.831277894991761551e-02,2.008103001778663646e-02
2.031813999390618536e-04,2.184395280789153820e-02
7.652856384626864628e-02,8.186554069862979344e-02
7.040426088233615876e-02,1.403235696045567471e-01
4.087729711986340560e-03,1.298017826453428476e-04
2.122382760704236843e-02,2.848319013293056090e-02
3.513359792711640440e-03,5.936376029106642596e-04
1.510863971685975221e-02,3.917431271101010429e-03
7.908409693606317514e-01,4.068207633861283257e-01
1.338472388070444385e-01,1.831024193579289250e-01
4.077964413593420517e-02,1.999166521941738717e-01
2.106777950794094800e-02,3.484109895463551737e-02
1.899754487502481552e-03,2.674083269439663240e-04
3.993157444329805371e-03,2.363857232544366860e-02
6.725934686628151291e-03,2.489345382464807775e-04
5.874308441407199988e-01,5.839292878643669304e-01
2.817495534533930729e-02,2.186196964052544711e-02
1.150413546760403099e-03,1.239592277151488906e-03
1.248651406030554765e-02,1.538633504002775640e-02
1.265620953209332933e-01,8.404272482442962100e-02
1.833963581486169198e-02,7.226295682194294745e-02
1.395173428374835989e-01,2.365315962939565919e-01
2.518398410789824196e-02,1.275453241376667823e-01
2.655240050094423952e-03,1.375658126455920477e-02
1.669474602265026350e-02,2.738171981619802464e-02
1.208873415150694686e-01,1.178294845039183081e-01
6.105187922732033257e-02,5.003640206860253403e-02
1.542267566829930714e-01,2.653246440787793148e-02
1.084223543091732272e-01,1.722201235629587102e-01
2.330268362103662602e-02,2.541988127741498169e-02
9.794304862476509166e-02,2.260378563183447764e-01
3.873472966003710383e-01,3.583221920432782537e-01
3.424598710073046420e-02,1.085519040126435748e-02
3.796368833426248118e-02,7.923134964958673809e-02
5.819212377528111546e-02,9.846838994504754361e-02
6.846230245010345716e-02,3.192317567316154542e-02
6.819063885643308898e-02,8.584379007799361472e-02
5.197373271259162625e-02,5.026722817763436962e-02
1.084477602219018066e-01,2.272652885633602571e-01
3.246227238920125404e-03,7.801008300770037249e-03
5.185679127049799830e-02,2.238177339692605794e-01
8.935486525233219193e-04,1.516223566250474889e-05
1.088263050256572679e-03,1.062423226841515377e-02
3.913318376926056691e-02,2.092999199173033870e-03
4.248410891951596990e-02,1.041122721031358112e-01
4.193198499124285716e-03,9.774518939739162190e-04
5.245863329736772523e-02,1.007875555214714355e-03
4.784892876601884448e-02,1.270050048011463484e-01
1.279616568289960142e-02,1.176789147549375802e-02
1.130856033113456123e-02,2.377807646675096729e-03
9.274306438626221671e-03,7.831488964902171002e-02
4.711047818958602473e-02,4.708858912280074194e-02
1.407534030351253185e-01,1.152681330758527217e-01
5.399460606792091250e-02,4.296719305418349871e-02
1.151438394954724803e-01,6.622022613142405922e-02
5.877439340239625637e-02,1.438202154362662188e-01
1.862773936513492656e-01,1.339529418566210994e-01
1.189280027009390246e-04,7.259888739110221091e-04
3.217765418567705149e-01,9.376228740419223495e-02
2.070833085831030873e-01,3.382005745184777368e-01
1.185389806359978806e-03,4.554398838681483937e-03
3.522183066909283233e-02,9.324542247631327496e-02
2.376626501836075558e-02,7.536306755938766699e-02
7.670573191250169842e-02,2.007323234790201957e-02
1.660272255454786627e-02,5.822599650700900414e-04
1.202575883093988662e-01,1.150631839004809670e-01
1.144686551699114763e-01,7.857766032994895067e-02
2.633661684205803113e-02,8.797592527499580387e-03
3.369405224861525550e-02,1.382980197107406238e-02
1.177199771862072614e-01,3.579150703654797316e-02
1.620529163576882592e-01,1.417808297272076246e-01
6.477645900480936102e-04,5.284848312051088071e-03
2.531439703180768941e-01,1.735339295894898770e-01
5.782676087187949183e-04,8.092700489551834381e-03
3.960494144290351015e-02,2.843656744525173419e-02
5.883212220866256004e-02,2.193061338290810611e-02
1.345002384760313752e-01,5.694347084138439569e-02
2.330947870756169132e-02,2.655925694532488071e-02
1.466322464612543897e-01,2.146185855669651421e-01
4.871821960885364122e-02,8.509839057424539721e-02
9.687615410033550978e-02,1.613721491301484956e-01
6.184037832098782106e-02,1.451873669071638562e-01
2.490929399832418276e-03,7.240444944727016574e-05
4.345926397499706023e-02,4.338315498782237267e-02
2.629169484551070399e-02,2.173675674170314279e-02
2.007012239680345256e-01,2.764233680091446876e-01
1.866373845327850417e-02,2.239313964084933134e-02
1.826071037711609300e-04,5.658968459910820696e-03
1.958488423257948030e-02,1.129290622076686845e-02
2.369075334038492908e-01,2.194847534818603341e-01
1.534182828908793594e-01,1.725738394422122735e-01
3.165819660084639563e-03,1.027962433328135630e-03
7.652015442767201581e-02,6.166323398748106005e-02
7.011690643296274172e-02,7.088519284292645051e-02
1.654085105326543736e-01,1.015823827708398630e-01
4.335858814126492683e-02,8.546002798247284704e-02
3.115003120725305663e-02,2.687726369858305315e-04
2.394489611446814770e-01,3.259536651625776771e-01
2.952440745995778548e-01,3.985337887210415042e-01
2.059367773351090253e-02,1.630523499035876900e-02
1.244195267776629504e-01,1.251192793737969933e-01
2.100983749007541146e-01,2.118745938817477581e-01
1.677071353212080816e-04,1.875449844776010382e-03
4.421490752345281772e-01,4.415521210547303510e-01
1.613772900746900801e-02,5.530087735530313936e-02
2.469520699138312847e-01,2.557910806004101700e-01
3.081853820843932779e-01,3.719976498988860625e-01
2.919971081393436529e-01,2.514261634755045605e-01
1.426579618084616030e-01,1.146147162179727008e-01
1.236839816037115097e-01,8.724505221310546732e-02
6.767414125892495802e-02,5.081551307367523918e-02
6.880402749446346000e-03,7.791321087363156650e-02
1.299485662653919738e-01,1.680448369186287039e-01
5.542750773126131408e-04,7.145853481218221274e-03
7.016250047711396487e-01,6.988420258005577645e-01
7.195270671527383977e-01,8.398429529969416718e-01
3.087193562283319440e-02,6.022566237604842949e-03
5.623344426754027904e-04,2.141167168142786396e-03
4.152316558543180380e-01,4.630641069749078520e-01
1.015531054017190932e-01,9.633356968159555167e-02
5.233676495916105287e-01,4.621330643134465843e-01
2.500157877758691360e-01,2.398780541780726194e-01
2.261625253046666284e-01,2.084092709147345457e-01
8.230189582084405930e-02,2.546451294600862170e-01
1.723064337357805287e-01,1.944089511182009455e-01
8.677507926749076643e-06,3.999826298467227306e-05
2.939261150230566000e-01,1.577781820247327604e-01
1.728525341068290136e-05,1.109150350194784132e-03
2.276010439569790822e-02,5.824424916354895704e-02
4.606842664637283459e-03,2.650121229687976503e-04
8.568987173949205965e-08,4.583600394040592755e-04
9.882188742502343026e-02,6.880637023644808892e-02
1.494836075786227791e-01,2.908040833506416178e-01
5.285653555027840927e-02,1.051406036312903802e-01
3.090383485909667036e-03,2.133169980233232468e-02
3.471156307935136520e-01,4.060895334736899231e-01
2.504820699585991184e-02,6.357943706923419556e-03
4.905294098337092523e-05,1.243068793626774839e-02
2.773236856059834166e-01,5.040449286785904093e-01
1.225235999900414936e-03,2.897640259649509470e-02
2.905918708523644225e-03,4.170687322186487629e-05
5.007039640390426039e-01,5.942862329656135589e-01
2.199385091444056028e-01,2.632414422564112177e-01
3.101145470927286693e-02,9.627391247840566546e-03
1.008020570721165493e-01,8.199774140465196717e-03
2.040166999900114644e-02,1.107191201352953833e-02
9.335620172749511947e-05,1.420644235114959346e-02
4.237673885383483330e-02,4.968343145359847141e-02
2.066452332318069934e-05,5.468200167362724691e-04
2.771072396521268369e-02,1.012747706295120814e-01
7.643118408601774771e-02,1.294818895269771453e-01
7.737058322542349209e-02,6.447081006011322335e-02
4.210674295879505286e-02,3.803840163738440860e-02
1.439855588535935427e-01,7.054671675320968449e-02
8.518037824625342624e-04,3.683687684099575785e-05
4.907890500473911510e-01,5.861094238655106814e-01
9.231669634713790540e-02,8.814939020354112253e-02
1.658001567808234378e-02,9.347773554054285283e-03
8.028520456369807323e-02,1.532625919570198558e-01
2.514123377718763819e-01,1.751798826705708856e-01
5.712828491461150945e-03,6.204614914817206152e-03
8.759632081073849552e-02,4.548884706457170107e-02
7.401490425939195872e-02,5.131811396807094833e-02
4.444009211137757431e-02,6.521240653522777930e-02
2.306112134292426577e-02,1.169178442219768847e-02
4.142725834103965638e-02,4.208534049956440259e-02
4.897715606491472029e-02,3.787681195140168988e-02
9.138945575871565159e-04,8.430044849714179046e-04
1.243998195339627785e-02,2.231374477150859306e-02
8.142419723335934251e-03,8.747360539543978103e-03
1.787240001139716317e-01,2.581922497268841488e-01
1.604541717457145036e-02,3.317028993049617874e-03
2.115785243862843001e-01,2.289148141005320769e-01
3.593113463002083063e-02,3.470448005488736137e-02
3.711065583251483280e-01,3.112487709809309000e-01
4.168133021066644517e-02,4.924080552343984563e-02
1.195897223528246955e-01,1.347994988338372946e-01
2.423851901169830469e-03,1.604824524231092267e-03
3.745454043315478432e-03,2.624579862421043408e-02
2.095348289043056367e-01,2.634958361472927724e-01
6.983385082445893455e-02,3.984356168021296191e-02
1.199947210058520744e-02,1.787493293233870933e-02
4.333756984654054123e-01,3.635596447406388432e-01
2.511405575656451838e-01,3.121838227975259339e-01
2.357714310182780493e-02,7.264650346521712987e-02
1.020040054129507786e-03,2.317782992602944458e-02
5.115483272886566235e-01,6.406733590028305114e-01
3.234075481506226007e-02,4.511857531906907082e-02
1.930291547231615668e-01,2.346148544186862361e-01
6.541440993415688354e-02,1.218207804182918630e-01
4.739029577286205663e-01,5.762985125080517523e-01
5.263398136359560553e-01,6.202387784288182493e-01
3.357196949323518892e-02,4.748105054373619877e-02
8.010934622422694268e-04,4.477582244349720061e-03
1.371724082560299707e-01,8.870098727342574929e-02
2.121258576990885450e-02,9.796859480792551381e-03
7.419020924813943436e-03,1.544872563121051784e-02
1.543147600962155286e-05,9.731183890076445728e-03
1.627327808182794933e-02,3.364628231280630214e-03
1.475414718466599162e-01,1.911128847360248906e-01
5.509382533501646639e-01,6.331238102080618546e-01
2.961465589881544930e-02,3.176136745848726073e-02
6.053788695190660818e-02,9.718724871206525784e-02
3.298944328795104797e-01,7.063366927173486687e-01
3.583202304250369258e-02,1.996595789269831056e-02
1.396461765112217979e-01,1.036880707119439970e-01
4.868014515519405311e-03,4.737109339864009096e-03
7.427484402120410577e-03,3.893558233081145835e-04
2.828413151468169295e-01,4.215698581446981619e-01
7.066875878259425148e-02,8.682167454202237289e-02
1.274783613056027498e-01,5.321699826604205791e-02
1.956133577235802112e-01,2.201269140902206434e-01
7.281670716643848717e-04,8.143018452710787392e-03
1.644411752416375383e-01,6.754789945630874926e-02
4.673479065658400766e-02,3.256116318302115786e-02
1.831556970794996630e-01,1.130484487918467229e-01
3.589200343930984416e-01,2.852440589309713226e-01
1.978824141661132963e-01,1.136802595904550101e-01
1.998156699231775496e-02,1.079063328185187473e-03
1.024126413227859911e-01,1.688638237018556809e-01
5.063864627078362712e-02,1.218216925250530797e-02
3.373278079364075595e-03,3.796232033615560501e-05
2.090648061441872929e-02,6.771036559576966603e-03
8.342240040856555884e-04,5.083274282821412379e-04
2.509724541307476256e-02,3.299364988165161966e-02
6.519486391866761987e-02,2.086448340245046842e-02
5.874201353690997746e-02,7.482756966242923302e-02
3.343559215780160798e-01,3.471462426335210627e-01
2.116235815545928489e-01,1.924166944372089905e-01
2.684640585940802678e-03,1.584322743136867134e-02
3.275872970458508782e-01,4.073993862434889812e-01
2.083307638735132448e-03,1.876950922047497181e-02
1.499232417486376367e-01,5.219442880294262316e-02
3.854113555671708213e-01,3.125401849498679607e-01
2.706236214809122909e-01,3.952172856403570744e-01
1.908617344302691518e-02,3.668876744622629610e-02
1.004151774107482492e-01,2.800553641089112422e-01
1.862080891817103900e-01,1.379008922973897766e-01
7.991851762016928193e-03,3.313754433964585799e-02
6.864748614082356870e-02,1.357029506158368148e-01
1.147979501670386149e-01,7.597998093333011016e-02
1.015125952513286911e-01,4.226595198543008775e-02
1.421620452068999285e-01,1.330795676962799601e-01
1.336714872003038068e-01,1.982052762587113715e-01
1.243961184907740880e-01,7.175359038147516300e-02
1.071116284951024872e-01,2.157934291782644398e-01
7.054552910334477463e-03,2.532428882327490346e-02
2.824381437845512322e-01,1.709744302515351089e-01
5.356461351775831936e-02,1.136124546600936376e-02
1.477148413536478466e-01,1.912665778734388144e-01
9.482674129084411527e-03,3.500252494359683969e-03
9.227790433448024299e-02,1.114246061988336811e-01
3.076951393906010579e-02,1.560187968856287244e-02
2.122409169466590168e-02,7.626522761074639887e-04
4.131383068248244972e-01,5.149787030129915344e-01
1.473508174653694221e-02,2.107254264948762654e-02
2.120158802492957961e-03,1.005665001259354284e-02
1.181680311052751009e-01,1.303186449314592543e-01
1.287531456376067411e-02,1.320513389290915891e-02
8.887561403281524219e-02,1.335884761363710371e-01
7.378542151524039930e-03,7.167475671841985752e-02
6.882088250269770800e-03,3.328411419890507650e-03
4.839170549946097966e-02,6.549755960288504431e-02
6.140133804605959209e-04,3.119687078875460831e-02
7.148364117338792956e-02,1.345901679651425598e-01
7.765357543723085121e-02,1.101246129127014389e-01
2.478628036760998040e-06,1.019945691979225839e-03
1.127886802740626082e-01,2.056501253524229966e-01
1.760411267985018818e-02,8.658059044767407730e-03
2.656672214855115149e-03,6.675689440150447615e-03
5.172417163822179247e-03,9.911976723602834716e-02
3.447615784492818330e-02,2.721714065631147296e-03
6.364592363987676971e-02,1.774504860718400731e-02
1.040881101247046747e-01,9.957566583518057124e-02
8.567041877207060008e-02,1.205896004000481941e-02
3.702071420800242879e-04,1.768163678882266271e-03
5.238189964501245577e-02,4.243394177240186749e-02
2.181681613244655094e-01,1.988626502176377986e-01
9.411838747209098910e-02,6.923447377490707377e-02
6.549536052153359655e-03,1.702697371487868223e-03
3.370343712638683709e-01,2.878875192814739914e-01
1.181123467054547016e-02,5.798185039724099848e-02
2.123871473937549437e-01,5.335302909306596092e-02
3.928022556916214991e-02,2.301723445269245882e-01
7.816271046747326479e-02,1.401000431248187461e-01
9.358621639809265591e-02,1.388036405899149839e-01
1.310260199780567247e-03,1.221749706346597110e-02
4.415050639444444147e-02,1.334657327900941048e-01
2.978570042225126696e-02,1.523331977916052293e-01
1.280833584844578710e-01,7.335233733409055046e-02
1.627898824168380332e-01,2.805456396833925226e-01
7.560012923453801603e-02,1.132364974125227713e-01
5.887363612043217120e-01,5.385457922806421438e-01
1.622446186766393975e-02,5.133657426536002849e-02
1.978322312437948843e-02,2.678190773803322891e-02
2.723594395831366571e-03,8.007977613975625006e-03
1.587250699561595924e-01,5.941970975621572310e-02
2.411921340113489798e-01,2.794311960358748514e-01
1.960143803699210263e-01,1.568979567509672657e-01
2.061210216324546249e-02,6.430264554988881012e-03
4.459918271340489876e-02,7.533738294902520005e-02
9.643877034436544593e-02,4.039382905419643122e-02
8.968730958441927664e-03,4.296580941368768197e-02
1.099261814917941588e-01,1.432315734193874701e-01
5.291415743993626089e-03,1.119035449246637282e-02
2.798105627678309712e-02,7.111740783500128393e-02
1.820272748233368529e-02,1.982646771263011590e-03
5.468916802155755763e-03,1.499374623255977923e-02
2.582475630075508621e-01,2.204626953597361161e-01
1.043736259475708528e-01,7.089026062274123019e-02
5.475714698737956798e-01,4.134074375720539485e-01
1.161638125272337757e-01,1.690449088973153269e-01
3.072808372348714151e-02,4.396461471223896827e-02
1.078948533865489445e-01,9.437803693411228600e-02
4.274781021313238671e-01,5.105770817188620692e-01
1.024614910749770472e-02,2.490909557172551613e-04
3.519623997817785538e-02,6.425939596166083817e-03
2.845467988355474681e-02,8.015904724788076863e-02
1.675257227508888599e-02,8.210953671743643351e-03
6.073087090157541605e-03,9.039695029081284625e-03
6.663056836204565014e-01,6.986084599107490467e-01
2.417133652279329081e-01,4.510669306915531251e-01
5.365514185034542423e-03,2.927018067908167612e-02
2.488408565835635855e-01,2.491754192249507616e-01
2.855115934029810870e-02,8.230706480756916354e-02
1.887224502241371601e-02,7.772581916232296174e-04
1.546992654109258514e-01,1.982286137189203101e-01
1.037566884552392626e-01,8.984506558630449280e-02
2.584324872831268889e-03,5.093084790931511584e-03
2.221698715784614555e-03,4.005572441627497371e-02
1.430507853301802440e-02,1.943481932648191343e-02
4.445910406792123715e-04,6.382771588115893416e-03
4.905069511082394036e-03,1.458643058914386960e-03
9.621404896493220005e-02,9.440629449524905181e-02
5.108607376628666332e-06,1.306047862525563192e-03
2.745477480656829516e-03,3.514318980221599852e-03
1.103494937273463983e-01,1.092663141974567764e-01
3.595058261719977916e-02,4.871061509159912983e-02
1.397739824653334573e-01,1.184574375115356182e-01
2.759972791084149280e-01,2.020706879495378361e-01
6.835495522463845217e-03,2.029713222873693809e-02
1.802236998951528557e+00,1.788138858357806171e+00
7.779640720943837608e-03,2.782492129953430260e-02
1.273752603281111395e-02,7.999800951161448181e-02
2.928837535680813842e-01,3.184462832953525724e-01
5.613141715634185208e-02,3.592135281677400621e-02
3.187392893775536917e-03,1.201898279944717263e-02
2.140502987061274065e-02,4.253498931237625208e-02
3.282915738775444847e-01,4.794458577054818704e-01
4.504939576900763298e-01,2.947548006585434810e-01
9.659124812806153815e-02,5.613745487767182046e-02
6.277613400809458136e-03,8.333979699024661111e-03
4.050917953522860104e-01,4.483744826525420946e-01
8.708153153609851649e-02,1.103980313803787777e-01
1.020766983178887227e-01,6.207694418053304186e-02
1.102320646708651597e-02,1.143134204348777994e-02
2.529019191012568581e-03,2.521229907517936715e-04
1.588905042391602560e-02,4.209991258283767718e-02
1.419720307831195440e-02,1.192036217135024421e-03
8.695874648686641173e-01,1.219878290058054482e+00
8.870491502189542868e-03,7.632981645593789636e-04
1.705641958897978483e-02,2.047362098186626851e-03
6.363431962871385350e-02,2.586813584387061618e-02
9.845244868749200573e-02,3.680734682687277631e-02
4.962585853076705716e-02,4.210505303951816991e-02
9.747872360814326953e-01,8.468052382167557957e-01
2.660094261737754734e-03,3.453230282824647224e-03
1.264361930767340936e-01,3.436577114162796959e-02
4.039218563587766014e-02,4.120089159444128429e-02
1.953401541207960002e-01,1.933371208125693463e-01
1.243815837615526616e-02,7.483438987345331084e-02
3.834123869101246224e-02,3.895384828693252365e-05
2.018664338129398921e-03,6.242346473069527090e-04
1.156674966495737159e-02,1.907176292614988500e-02
2.321395634983687908e-02,6.346615363093998340e-03
2.792644223351545274e-01,1.558104347680162316e-01
6.799419597874585552e-02,9.219992265246741703e-02
2.937000903137015895e-01,2.727670288021287193e-01
6.455729927424518344e-01,6.068462145230753002e-01
8.666136800973742171e-02,1.169100863315259836e-01
3.545687291661085982e-01,3.512165042890039168e-01
9.166825025394450543e-01,8.404580218221816557e-01
1.595187661283262726e-01,2.613601359536926183e-01
5.899737845685117804e-03,4.514765963364563046e-03
6.324198639044105175e-01,9.871036309482549287e-01
7.161114319307550127e-04,5.683542120907226022e-05
2.041706809903798547e-01,4.280996139665759759e-01
5.310338441245284757e-01,3.608697092899464387e-01
7.801897816009975561e-02,6.192845134968424231e-02
1.925484337783180122e-02,6.638596013136126295e-02
2.801526416741929957e-03,1.693438254748342101e-02
1.073117508394324654e-01,2.222217477790458251e-01
3.572958331487071509e-02,1.982074929264258933e-02
1.187425461699823798e-01,1.891897912111527857e-01
1.745327626477911204e-02,1.418251052091809583e-04
6.284413345118493310e-02,1.235072093272055888e-01
6.725358919125744295e-02,6.621785480235685417e-02
1.847073794800263222e-03,3.332186417840909010e-03
8.927047175847513004e-05,1.082877707533628819e-04
2.877339181612745267e-02,1.304289850700807683e-02
3.578178416322138483e-02,2.052443351166796659e-02
9.149596961448401219e-03,4.714315045787065284e-03
7.303597616129441300e-04,9.346691556050142850e-04
3.098900946673143007e-03,3.005395206852439285e-02
9.388780171518447126e-01,1.050844671251353946e+00
1.760365923982429026e-01,1.031942171330452740e-01
1.038781143263064616e-01,1.693365787195319216e-01
8.124277853306222097e-02,1.203198082374952876e-01
8.967286498050294763e-02,1.631102754283471346e-01
1.411507529463413592e-04,3.841413163755574844e-02
1.300868503186359271e-01,1.582542943724148110e-01
1.001151194256271783e-02,8.350915231109939116e-04
4.246725410353752173e-02,2.925662377159978910e-03
2.709360494621840809e-01,2.443238558935729166e-01
9.779765584327372238e-03,5.228149325858167523e-02
1.836071576868803235e-01,3.688535644191062168e-01
1.727497294039137266e-01,2.315824575548661723e-01
4.693118233381299298e-02,2.505484255803936550e-02
8.772801888646826474e-03,1.689231949149313313e-04
5.622045090750610319e-02,1.086043738517920298e-01
1.977044004207452743e-01,2.612200494110976656e-01
1.483570199101144627e-01,1.159855187134860161e-01
4.035646383618056721e-01,2.733583262839638928e-01
8.576823850012170805e-03,2.552930887510750785e-02
2.153612311326894881e-03,5.953510124266713855e-04
4.206004527642936280e-02,1.631716893053497108e-03
4.591614148918290311e-02,6.988972414906859110e-02
1.754906419915553545e-02,6.511513495780357763e-04
6.931692143016748853e-02,7.660000943852476873e-02
4.992297305742320751e-02,9.554418815786432095e-02
3.218020984153063813e-02,2.239712934276341313e-02
3.753064092795828366e-02,7.908397953719223383e-02
5.362742911427497566e-02,7.535900916174610720e-02
2.774949164124729511e-03,1.088134851823329904e-02
2.434626585487115469e-01,2.165189660975533892e-01
1.016891963238468199e-01,9.408912351280084019e-02
4.586327052241706004e-01,3.575768979211671472e-01
1.193286395249679027e-01,2.882846125408815297e-02
1.709668518376841057e-02,2.065468654094921794e-02
4.925597202005435257e-03,1.070627964557983348e-02
6.507905873562872534e-01,6.581759919936227554e-01
3.067122073092607981e-01,4.594184088499399521e-01
2.748167235543987341e-01,1.561998910173833244e-01
2.788471348297929392e-02,2.252908110268605699e-02
7.102007074957594757e-02,3.051657145141899521e-02
6.875366261839990605e-03,3.452635625498060370e-03
1.630494593255397973e-01,5.705583149834952961e-02
2.780664098958814459e-02,1.109117220622367686e-02
1.529617234383233437e-01,5.528750621743665217e-02
1.998804593914373096e-02,9.913159082078943848e-03
1.975825832584746436e-03,2.432369546505931419e-03
3.000967388427394633e-01,1.937520749073614046e-01
2.331749993354925721e-01,1.821109917614813500e-01
5.410885157064095063e-02,1.279814685773219829e-01
1.405408933758638471e-03,1.189584337632872656e-02
1.595383328003946166e-01,1.533565573632469925e-01
7.842701277503182078e-02,3.822734166465269201e-02
3.378636603522858911e-02,6.599248616914504817e-02
3.647794015890884738e-03,2.672945382811776904e-02
2.089779937198374127e-01,9.997554613692279102e-02
2.799174495933093423e-05,4.397831682552512714e-04
3.056644272774905816e-02,1.048781680142786381e-02
1.763475938692973420e-03,3.631561828948142497e-03
1.751917301478449207e-01,2.196642878500481844e-01
2.749004572553580966e-02,8.617026518416200445e-03
2.632688521316221136e-02,5.711599313946374469e-03
4.665209370864373262e-02,5.698068832505465836e-02
2.306882120299870997e-01,2.075374394402803857e-01
6.663629406309838112e-03,1.555313527187605557e-02
3.266333698905072224e-04,5.068018429706064656e-03
6.592615779293654367e-03,9.171615453140508772e-03
2.812790180786965966e-01,1.366207841900312359e-01
1.442533101462437628e-01,4.414902575891616054e-02
2.671461860173822700e-01,1.922031957983790784e-01
1.153140999072626801e-04,1.526964571297496909e-02
9.586505773903795935e-02,5.158888007358707062e-02
8.854409646914059018e-02,4.755239557614127782e-02
3.267775980441776640e-01,2.347411039607687766e-01
1.620322877076969120e-02,3.293815424335849837e-05
2.320011507533043527e-01,2.445592067461888897e-01
1.257537329066058885e-04,1.251490471431461297e-02
2.265733870382903928e-02,3.468940640777808809e-02
3.450862445346256635e-01,6.044200588138993746e-01
3.609208151953912508e-02,8.683032040608767987e-02
3.216126896522306100e-01,2.163361435428141355e-01
5.067164736508896275e-03,1.973142054711383639e-02
5.415469786317123058e-01,7.242657736512915223e-01
1.120716672586132140e-01,8.811924807897415779e-02
7.839515097466211169e-02,9.396011418293323536e-02
4.109882930984436883e-02,1.489673346442311336e-02
6.132259313484268726e-02,4.758867596367196556e-02
2.162131088330467368e-03,2.790333855762318523e-03
2.021000263594614418e-02,8.645639938400371399e-03
5.551010605987688473e-01,6.607347384620655406e-01
4.571552167833814372e-06,5.382608594130064254e-03
9.870203163617278716e-03,2.350771648249072240e-02
2.031512489608007857e-03,3.501450497334137463e-02
1.597058136439195170e-02,3.258440014535601142e-02
1.052285506490113418e-02,3.892967043568576371e-04
2.294588314915290139e-01,3.555139492514767796e-01
3.454882992223163307e-01,2.518732538710833913e-01
2.912131041182590852e-03,6.453381253165151607e-04
6.384516317100862731e-03,1.899094004969432287e-02
2.862228569532200839e-01,3.839309543882881703e-01
2.824072400829439888e-01,2.723115295108575196e-01
5.356086023871344665e-02,4.143920454899150535e-02
2.897206346623837706e-02,1.094045651640900008e-02
2.329518407927667900e-01,3.702452581186617131e-01
1.464656406351390154e-02,2.909794533455114119e-03
7.937518617093840614e-04,2.021605904298518289e-02
2.369976770090259015e-04,2.336930850194748888e-02
2.716886208223382587e-02,1.220144364740464006e-04
9.455462112036887301e-02,1.731934522256171338e-01
4.991600697955069638e-02,3.994047713965615497e-03
2.200142602273514117e-02,1.911522683233797884e-02
2.548723347313078605e-02,9.196389422398065436e-03
2.578914522618005467e-01,4.152276795613689120e-01
3.500010656584423008e-01,3.504730928472531981e-01
7.748917986772980993e-02,5.321232749074383817e-02
7.960158916877757562e-02,9.967161339006094800e-02
7.330765739722419107e-03,3.036007124320795614e-02
4.331394850145329350e-02,1.529115203481984653e-01
7.799533139033425211e-02,5.666359753576952207e-02
2.400238761561160339e-02,3.535474880730330588e-02
1.880413814957925629e-03,6.164272001193481232e-03
7.234611863182408009e-02,3.528789351040050037e-02
1.096657722381314815e-01,1.047464867478709871e-01
1.658422921619246981e-01,7.181865151994616669e-02
1.113594517998395782e-02,3.932968411732680296e-03
8.954160480344694473e-02,1.007724180910245931e-01
2.625859809246764136e-03,1.354636295647549185e-02
1.114405539074067754e-04,3.555286467870451749e-04
1.163758784626229142e-01,1.908027927840149907e-01
4.179661398545531092e-01,3.390210642699231780e-01
1.180595212886967615e-01,3.725764423771078110e-02
1.206235315866849289e-02,8.768503074566882591e-03
2.900265917819357369e-03,4.525054096653378585e-03
7.988300406213834359e-02,1.100033735162548598e-01
4.108391695224870854e-02,2.590228906207616907e-02
4.071496152764424170e-02,6.841958710133130839e-02
5.310972387790578036e-02,6.371830641799524101e-05
5.704808903949744325e-02,7.099023048694286242e-02
1.906183571017376057e-03,6.228608705413009750e-04
3.566951080556633735e-02,1.248014862377448513e-02
2.062132178475331937e-02,2.052564507311120895e-04
3.795333396224461198e-01,5.857542613524807651e-01
2.054129111053448475e-01,1.950456670437537565e-01
2.336624518247331084e-01,2.323716398607639788e-01
9.934082072674277342e-02,1.358762866103640186e-02
3.136730756480016116e-03,1.218184239833111290e-02
1.694285178278891885e-03,1.513989454292336001e-02
2.237354948445456071e-01,2.724789489742839854e-01
5.482320165461618093e-03,2.863026178500467298e-03
5.731047000497623695e-02,2.888595207469383253e-01
1.515152449504182479e-02,2.415110285513014793e-02
5.175010153500336080e-02,3.990924580726339793e-02
9.984592728715162291e-02,4.422899136512203899e-02
2.412348352806697191e-04,9.952673299746419081e-03
1.340764079576144685e-01,2.438105247424643685e-01
4.512838598635961207e-02,7.529465986843135450e-02
4.204323520318181129e-01,3.628732992133507085e-01
2.194574882994289322e-02,1.320376524318713830e-04
2.101351744377335812e-03,7.314128214285924327e-04
4.090144670582173216e-04,5.498807413679345640e-03
3.997429427208765151e-02,2.951236804945686631e-02
2.018391388154126831e-02,8.021095851686069547e-03
8.294045068231052642e-02,7.072255724477113925e-02
7.112510400434640667e-02,1.540543155463522731e-02
1.497787973775621950e-01,2.189122396036279616e-01
2.304996454598718381e-01,2.695261989624963550e-01
8.484819013040142965e-02,3.674532313438057252e-02
9.189169102551288104e-02,1.113927921933417081e-01
3.801426887600792975e-02,1.024986064914204381e-01
5.183761074944952946e-02,6.065574019414362444e-02
4.266151714514727911e-02,1.907590679050798210e-02
4.907063541478965951e-01,4.321859834663961397e-01
9.040300975287344403e-04,1.570036565407595874e-03
2.645390722478877313e-02,4.698460613890297066e-02
1.491473315460177399e-03,2.065138266261155528e-02
1.995404404936972353e-01,2.692570887583266570e-01
3.023787672859619691e-01,1.077944216540568656e-01
2.285203827328522730e-01,2.547742078353853468e-01
1.024283112507003712e-01,7.431168640071152132e-02
2.580551454485061937e-03,5.945801048829717087e-04
1.391587558958492787e-01,6.038363195606385320e-02
4.562356428054712421e-01,2.212114652718545071e-01
1.415216583633023607e-05,3.249787555412928831e-03
1.053966078583102872e-01,1.384341407251250267e-01
5.225317581110389131e-03,1.376749228028496634e-02
3.680126265649693359e-03,1.768804632946801084e-02
3.536389014772758355e-01,3.596032457662400317e-01
3.212697203223950915e-01,3.513989503181620955e-01
7.480664870437511715e-02,2.105871291690835159e-02
1.225482908002551857e-01,1.243497479568311526e-01
2.055615103489843165e-01,3.093527368434558222e-01
1.379396682117224604e-01,5.290931944991466435e-02
2.490729609025869526e-02,2.696042762012981764e-02
6.145772134094997785e-01,6.415613483396279682e-01
5.967789182728132358e-03,3.621800566108202002e-02
4.704946055520875525e-02,3.494568340446483484e-02
1.675451184844856871e-04,8.188820680257686635e-04
6.158515372353531511e-03,4.069529257836960177e-05
3.199747783463046669e-01,2.351570657812016019e-01
6.528459797292138211e-02,6.241134374125903439e-02
1.112420701677839519e-01,1.512549606594381646e-01
1.246325459538774744e-01,5.082351065673129664e-02
4.516607509250262359e-03,1.058325801664164630e-02
8.677656524423839161e-04,5.104645175154230718e-02
1.493977741758989583e-04,4.397809902287107303e-07
1.139127563398659865e-01,1.625450152082839050e-01
6.009566786310596015e-02,4.558740870571680037e-02
7.507211150157676316e-02,4.461231308178738308e-02
3.985877844192672806e-06,9.041340958746224370e-05
1.528553926963560072e-01,1.676446599009347449e-01
5.772117012557723094e-04,5.693012084911863897e-03
3.164173044278665442e-02,3.039139728955489103e-02
7.120499220164526744e-01,7.405844971680645150e-01
6.155447200384644296e-02,1.535272748898158790e-01
1.205876539051309489e-02,2.174287663099723142e-03
4.176873328312903921e-01,4.381018559337475637e-01
4.788993657069404858e-02,5.758479688211881609e-02
2.503081723997714527e-03,2.908496834939247513e-03
1.435639844280310884e-01,8.658054371272291827e-02
4.029275813539670570e-01,2.057555218314712220e-01
1.163535264387547119e-01,1.350431944832423681e-01
7.216494792447351037e-01,8.450419159961197746e-01
9.812997866623933418e-02,1.915817984466538365e-02
3.185013587609689112e-02,1.384653383357581542e-02
2.094804011794307308e-01,2.053882278183931653e-01
4.285367153918181460e-01,4.260220099178155251e-01
1.924850620581889382e-01,1.965642238977855782e-01
2.899465605264788665e-02,6.983687737141628600e-06
6.812057853783029526e-02,3.133933308963771439e-03
5.482927812837740111e-03,6.172138520678865448e-05
9.726292840851370747e-02,1.410829652657962507e-01
1.437697403236820604e-01,1.317553871762078277e-01
4.769225616588777111e-02,5.649155212973495065e-03
1.942582976903751146e-01,3.059905255294918525e-01
4.464369038686383240e-01,5.732633698292003421e-01
2.872603865467066586e-01,4.497273834055079966e-01
5.339370718734360840e-04,9.224910410339647038e-03
1.860323600023077329e-04,4.195445017673332319e-03
6.808789941477016994e-02,1.446154651744094854e-01
1.607311654263707812e-01,2.516162589930274196e-01
2.136940099654623462e-03,3.283297193170113711e-03
5.974340243023727043e-02,9.622301859626819498e-02
7.827321218416361318e-03,1.345380877526586826e-02
2.246485474700823659e-01,1.878831085388907585e-01
1.439391230668707680e-02,2.230723682543221675e-02
2.579948993232174924e-06,8.096024775501328360e-03
4.972509156205624781e-02,1.178103864445437521e-01
1.959037589692044501e-01,3.639778352023289587e-01
2.880246414481556650e-03,3.393078872340082441e-03
1.424990552166474911e-01,2.465437891493174882e-01
1.904924620694044279e-01,1.218177412809874210e-01
1.382654669038910489e-01,7.475364614133014896e-02
3.938062256998453581e-01,2.924484233563968694e-01
2.369976651212970242e-01,2.910881206117549302e-01
3.970979202991103268e-02,1.223652379699016399e-02
2.132959442290783061e-02,6.219941844807687359e-02
3.198270403399664874e-05,6.331196787521248389e-04
9.422932270414695333e-02,1.079125798745763504e-01
3.144494134322708967e-01,2.900621222391759346e-01
1.785675731684893339e-02,1.038491705799143502e-02
1.293798270686720626e-04,5.971335454062534458e-03
1.136419281758777045e-01,1.151283963097085444e-01
8.998731597079749622e-03,6.546139790891456790e-03
1.160097547781086536e-01,5.940513558391222887e-02
4.007525779780075903e-02,1.047986236766548784e-02
8.162992471819262297e-02,6.119129161543534340e-02
1.563315363176378814e-01,2.185234988373437881e-01
8.022566048752607926e-02,1.150915851780333482e-01
2.912269265904517956e-01,3.694542551193807367e-01
1.787510518969781526e-01,2.420055953248151925e-01
1.126512929371810759e-02,1.220603340190778253e-04
1.279984121160212818e-01,9.033673294466172676e-02
2.374103940595486129e-01,2.086939535603645757e-01
4.497586239314377288e-02,5.261485133011370441e-02
1.360337220436367012e-01,7.197697429622453014e-02
1.090650679608293483e-01,8.403142685115652655e-02
5.380557978048512435e-01,6.665372799334868814e-01
2.798420381955473712e-01,3.113098158551479422e-01
3.810118825776476447e-05,2.960218863173251762e-03
3.034843481780281210e-03,1.315420719925556540e-03
4.370039732588147652e-02,4.161981118038490801e-02
1.637687208860812843e-02,4.962856591673469459e-02
1.352863923140124602e-01,2.272398714962393096e-01
1.645457248283966334e-01,2.759028415459617856e-01
2.305412780354630653e-01,2.289146478379652794e-01
2.082656540393761913e-01,2.477710923219749450e-01
3.732191039767399706e-04,3.071635428177525370e-02
2.777828536169126353e-02,6.627646268391691742e-02
7.583644255019565683e-02,4.131175512501249203e-02
3.636791993123397043e-02,1.079636896152698020e-02
1.260008179510843217e-03,1.622840628869233817e-02
1.337873265303110357e-06,6.520064557656369327e-04
2.045372221065298868e-01,1.752621432560221848e-01
2.776784820171786586e-02,2.298285085143370390e-02
8.026006435534538405e-06,4.387265117539959104e-03
1.732837394423765720e-01,1.379948927492739008e-01
9.155754936317411774e-02,6.082838223578696663e-02
1.539252885172540664e-01,4.708577539997747113e-02
1.475056934529316542e-02,4.061189930034215211e-03
3.290860555989567060e-01,3.293352092056841540e-01
3.606361991974635917e-01,5.183091705555596951e-01
7.350475483593784352e-03,8.602593145132959862e-03
1.465378544367543570e-02,2.091304415913715353e-02
2.336456175076731256e-01,2.882252284567721201e-01
1.728170605800244397e-02,2.352811413210467717e-02
2.778653874407546655e-03,5.526848323612014576e-05
1.879312468879833784e-03,5.076020639117864199e-03
5.657100535330777946e-01,7.884178817467040190e-01
8.919228548772335785e-02,1.430599485528239734e-01
3.740678013731930096e-01,8.073996787213552073e-01
1.744813773928251613e-02,1.061864789663601039e-03
1.976603953745528774e-01,2.294130470719457637e-01
2.776196669122168136e-03,3.116175518269200369e-05
7.138299718230948533e-03,5.031955559140625922e-02
4.682756895876675519e-03,1.327445576123917857e-02
1.791451213588269864e-01,6.016980664566799059e-02
2.978616406853126439e-02,1.030338590989591935e-01
1.035938288615531055e-01,1.902496663539262611e-01
4.190808698125905035e-02,7.005794668350613652e-02
1.002948375520515412e-01,8.384445077220685494e-02
2.836283874327656940e-01,2.669679233782800698e-01
2.721265316597044209e-02,2.608046863813211907e-02
1.352888799750132376e-01,1.681932549750297101e-01
1.153783110753383023e-01,1.315630632011319801e-01
2.156222492393031903e-03,1.361245731564927376e-02
2.635306883178113128e-03,3.252055114894878557e-03
9.611181393758544411e-02,2.237701906830940335e-01
4.209050525807749021e-02,1.734189122554488371e-01
1.374560785042865454e-02,1.017000345888045484e-02
2.828136468958443797e-02,4.130786291745919964e-02
5.503098046807127289e-03,4.241612464063582340e-03
3.573792479891159390e-02,1.221887682156107919e-03
4.282055687211360623e-03,1.219695546218865613e-05
1.603996578788909610e-01,3.004251917251357651e-02
1.162509789299190216e-01,2.262538808330760431e-01
1.437198400210595028e-01,2.405276999506882063e-01
1.927001318678614114e-02,7.477251041107391138e-02
1.561577078242384550e-02,6.545657943376674559e-02
1.939593526112790012e-01,3.245345939107173727e-01
3.240641096713622327e-01,5.251611070318149554e-01
3.910730255777396525e-01,4.626195986245680847e-01
1.650429487444481829e-03,1.698827478790066047e-06
7.842735963638379493e-02,1.119468424149413360e-01
1.122857463349583029e-01,4.490354891923928338e-02
1.278249570412094693e-02,6.128644699029120110e-04
2.107198227355517456e-02,6.546332615318545441e-03
9.160110024753639847e-04,2.542126014640075718e-02
3.662463129234116432e-01,4.081182591059425713e-01
3.846481682533971214e-02,5.319610449264600832e-02
1.138788913963944410e-01,1.305221633094561795e-01
3.686409072360040894e-04,4.279514165978104412e-03
8.873567863753564072e-03,5.540136890197926850e-02
3.560794280886099561e-02,6.178094793515283289e-03
7.375201503033111672e-02,1.023327627209752733e-01
1.748094680650908415e-03,9.190644103752572056e-03
3.339034194434914622e-03,1.574209291502214319e-03
2.457480011905409378e-02,2.962377728504719809e-02
1.747374921302648487e-01,1.614771767675146075e-01
1.546561657899543640e-01,1.492200402987993724e-01
4.435793664446612689e-03,2.183077769894451912e-04
6.315153683435989485e-02,6.646115056732482262e-02
2.676401521345300738e-01,2.459754438087320694e-01
2.681126240486997759e-03,4.975700410636663129e-02
1.069339334513144842e-02,8.729553589381560189e-03
1.477478379483435425e-02,2.174490722950056000e-03
6.846560926319639716e-03,8.097153220312174049e-03
1.588617755681129284e-02,2.935701685433659766e-02
2.301988372619941381e-01,1.877237831041965177e-01
7.098336049742895448e-02,4.467831326745567988e-02
7.448631190458175622e-02,1.336540410841162152e-01
6.070324434960851917e-02,4.847108210901536485e-02
4.280201832196539602e-02,6.390543576037001350e-02
1.991878294894705755e-03,1.435711981284955481e-02
1.480013073183582828e-01,1.037412309689548923e-01
1.998901230828721565e-02,1.484841565042999655e-02
2.328143115374156635e-01,1.930192234973723275e-01
2.406166963714550799e-01,2.982264235434167743e-01
1.736890973168115996e-07,1.332559887261493042e-04
1.448476505488495783e-02,7.032590004739167067e-02
1.737236442941891845e-04,2.210553920205712061e-03
5.991339228767734310e-02,1.792669733566740892e-02
5.087733538470382011e-02,1.127733113757229122e-01
1.450306522462893877e-01,1.906723417111259866e-01
2.729547902859385047e-03,3.232477768234362503e-02
1.318146069039851376e-01,2.413289201948738416e-01
2.280892899278152974e-01,3.617612574977984718e-01
3.922318631273880030e-01,2.756636808304181452e-01
1.300616878433401291e-01,1.077511222521106843e-01
2.756738175733453033e-02,4.729904544653121962e-02
1.365106404577588195e-01,1.429101395280791276e-01
6.981442970708830187e-02,1.620812219862469497e-02
7.680735508287638979e-05,1.938983826603546839e-07
2.121101694976265384e-01,1.035618852914254456e-01
6.794693461866996298e-02,6.603220097778850217e-02
9.408980785612525502e-03,1.272941850296560873e-01
1.781417211020318173e-03,7.509728968666541096e-04
2.840442036786389179e-02,4.610469839179433954e-02
7.769049540776973295e-02,5.411357087832186635e-02
1.057056372481788437e-02,2.193661132685820409e-04
1.142094252875915615e-02,5.564884497603189012e-02
1.635173334725858216e-04,1.225061746387512776e-04
7.192018235303995755e-02,2.590421217990211342e-02
5.825991559402085400e-03,1.455957194760417947e-02
1.883679185544455750e-03,5.565934475252613117e-02
2.709676121017189424e-02,7.146175485770331348e-02
3.172802005342258841e-02,8.429198575489896261e-02
5.598837119331612905e-02,1.536477128902331846e-01
3.618807236138147504e-02,4.866951657930294666e-04
5.772005855581775063e-02,5.392025933737135124e-02
4.631280571389186085e-02,1.264508294848609368e-02
4.795186634557979111e-01,5.078299612267904717e-01
3.927410383663898497e-01,2.245133329255430688e-01
4.042896280284523271e-04,2.447840849536815741e-04
1.292670205036228759e-01,1.266216261121882458e-01
9.030659611731203795e-02,3.742992395131424649e-02
3.058344346587926407e-02,1.217757620125327900e-01
5.593335669534274524e-02,8.636642240666195236e-02
4.278992978299486771e-02,3.134368331021203380e-02
2.492115037496425364e-02,8.660727273394166018e-07
2.872261011218447124e-01,3.823572849187303890e-01
1.040978641812482008e+00,1.138403366706563835e+00
3.602005667424899166e-02,3.136212235371378665e-02
2.415268569507885224e-03,5.995955201790944926e-03
2.400015577484613249e-01,1.883417297264411983e-01
3.515786775745982640e-02,2.872606589394791857e-03
2.041370781022106701e-02,6.743201504111938360e-02
6.072304577749529364e-03,2.410572367693518750e-02
4.089273850699325780e-02,1.800385195484391701e-02
1.583368644661271515e-02,1.195399010071686308e-03
7.335818615212080958e-03,2.031405863072207035e-03
1.478052491709778704e-01,1.232479190863574464e-01
1.669079151675310554e-02,2.595996809831838462e-03
1.801747576346006408e-01,3.333332897358481373e-01
6.136413757889395970e-02,2.853068684287688589e-02
2.995867027699158978e-04,2.199139508507964895e-05
5.358828711283872837e-01,5.441199156778856461e-01
2.728181230532178980e-01,2.057093891506387717e-01
1.661062224414158739e-02,4.372833749313480289e-02
1.957302158195017502e-02,2.201055688111323849e-02
1.017738760750737104e-01,8.707922099948416095e-02
1.436352745147689292e-01,1.376152822883657256e-01
2.599004461904859745e-02,4.014115848188232888e-02
1.199359660599550598e-02,2.545187606799484067e-02
9.393396703006620663e-02,1.289651447714828258e-01
1.335406447194419366e-01,1.180081566298956802e-01
1.745485045825546366e-01,1.990046486085964572e-01
5.858285843088837513e-02,2.339380834345705928e-01
2.078544045725397998e-02,1.395921165792912873e-02
1.444259831669985304e-02,9.330388741302370406e-03
3.272460594776074785e-03,2.533370609268880899e-02
5.735223170187158867e-03,5.028535313703619823e-05
1.417086179554455649e-01,2.006430929620335313e-01
4.342474407922843754e-02,1.519648702470731416e-02
5.063019128866175222e-02,2.985692807989778416e-02
1.007022250327998664e-01,2.223827976537146589e-01
9.426129395362077557e-02,5.810778586207313023e-02
1.504908454802256299e-03,2.556520410616032815e-02
1.429686148821628783e-02,4.481831875368565143e-02
1.340698331154985268e-01,1.529934808889459874e-01
1.020107686842981060e-01,1.057691785078496011e-01
1.011171361681746511e-01,1.943180811215861059e-01
2.641586963133246702e-01,3.508957863186701887e-01
1.751655453870379396e-03,6.919513966587162272e-03
6.060512385432351157e-02,2.680257509414665437e-02
7.350412619693977518e-04,1.490841879127307104e-03
2.594264937877635915e-02,1.847523449599442272e-02
2.261227034981658918e-02,8.574086327723438525e-03
4.976561827408850780e-01,5.517055490368188986e-01
2.366630641826047543e-05,2.808724852637565442e-03
1.439129516291931185e-02,4.527058265502775618e-03
4.153629956147861967e-05,6.407586299619245918e-04
5.053076413517688936e-03,1.521557314632972918e-02
4.804381700974977992e-02,1.143172051518720200e-01
3.743630886961487464e-02,9.625890622536154018e-02
2.181019324615245461e-02,1.150297310030371639e-02
7.987036609183012503e-02,4.986748211545714154e-02
1.275763489805553305e-02,4.652902822378694736e-02
1.942428828884733630e-02,9.470931120391165928e-03
9.477876263510355559e-02,3.324424492630144445e-02
1.783864906404632467e-01,4.606536293071185617e-01
2.827486373306405815e-02,1.125194898200083601e-02
6.411563942766650148e-02,8.667899596801820206e-02
1.097429819114603272e-01,8.466780558994434214e-02
9.058460699609870853e-03,1.097139731494966436e-02
8.025087447223851200e-02,3.048419200499963289e-02
3.306206962235336277e-02,4.104618957816710823e-02
3.372959263452641326e-02,8.897037201623006486e-02
1.143227760525513809e-01,1.545028341891720725e-01
1.340687616677316285e-02,1.740704787878759882e-03
9.483376474607227435e-02,1.199319709267617218e-01
2.464450513039765922e-01,2.932013980286195531e-01
1.309259985764987984e-02,1.064383263968111948e-02
3.041712064394551662e-01,1.835205766706433372e-01
8.891331047726280107e-03,1.250565641167082024e-03
2.803839205673390733e-01,3.353556165331002537e-01
1.398941337042436048e-02,2.860034303330848192e-04
3.000177909359106332e-01,2.228974264008075357e-01
3.284583835044279643e-01,4.525882860534781171e-01
4.372264895525120910e-03,1.794820424393990532e-02
5.733015505021151793e-03,9.513503759996636347e-03
6.326161400522096745e-01,7.558151594023785336e-01
6.398577619734183858e-05,9.254181056227866325e-03
8.317902131601358218e-02,4.044002672622977468e-02
1.822695112982024995e-02,1.107065790884667091e-02
1.280496112702279865e-01,7.630768491453801539e-02
3.469368026344478440e-02,4.973642806835344710e-02
2.335728548693316586e-02,4.404317066982531281e-02
2.627279574354113856e-01,2.299756818108265599e-01
7.825018749861810397e-02,1.726352815897629345e-01
3.038557219021532085e-01,2.222277780957966353e-01
2.047941259946003956e-02,2.702635250917070561e-02
4.445816096924081751e-01,5.769692741951425452e-01
7.101588138828521853e-04,2.358088657213093129e-04
1.785809044827616210e-01,2.114707051553233741e-01
1.156675338045412430e-03,2.820077481050407495e-02
1.068011418338809942e-01,1.517509859287160534e-01
1.619071707168019958e-01,1.262440867054702986e-01
6.950480447949246299e-02,1.092707822781612548e-01
2.795664204289038599e-02,1.895690861806114541e-02
1.105502664466288983e-02,4.431153680177243696e-04
1.400456272110059408e-01,6.868949422012915473e-02
5.338725152252189049e-02,2.779155020134720100e-02
1.828409311091770129e-01,1.640945448789077610e-01
6.380901588145977688e-02,2.520657401924219013e-02
3.231153880080496932e-04,8.780178996582304121e-03
4.088479802812745867e-03,1.081933562405886125e-02
3.876248951594163383e-01,6.899124118191649613e-01
1.484095462757772932e-02,3.403581556664005137e-02
8.829613092754026171e-01,7.789131286436260515e-01
6.348913946684538352e-03,2.479860350810710740e-03
1.486916560910913898e-01,2.731451105122859047e-01
3.121841354461753898e-02,8.076306498322111116e-03
7.692127691451680627e-02,6.154585659168453071e-02
1.244572328135371136e-01,8.835522420132377319e-02
3.421833449589299914e-01,3.509761136974387519e-01
1.759834212889679339e-01,9.291035002000944121e-02
3.243650548853026921e-02,5.486535432310343102e-02
7.788037562119661805e-01,8.588172402770450908e-01
8.985204016948955368e-05,4.250544956093771191e-03
1.397191482466839385e-01,1.522702341808146731e-01
4.582937945187000039e-01,3.157723805740232370e-01
2.670304030615747171e-01,2.967697255523598088e-01
5.389004689837192247e-02,2.181799526627624386e-02
3.554342754053649300e-01,2.925114830353305884e-01
1.726026981282236805e-01,1.732019351125961004e-01
1.126873062858767607e-02,2.024441690354790348e-03
5.425467463011780789e-02,4.799947192103529159e-02
6.021997185899951449e-02,6.740162166803771726e-02
1.160328514310590871e-02,8.776553998910127663e-03
3.443195279884717769e-02,1.028992435184261471e-02
7.994334234463634781e-02,4.370827348576326876e-02
1.290530724896594150e-01,7.391943861885805211e-02
1.178873237820377423e-01,1.048960156900664714e-01
2.252219424760363436e-02,6.041281602048004934e-02
3.401537313788080205e-03,8.203286595141652006e-05
1.212230275264897794e-01,1.165310054400746642e-01
2.183281980706184844e-01,1.602633216449922682e-01
1.154123193322246360e-01,7.597297142552554561e-02
3.348301395830854260e-02,9.606689616235798701e-02
2.878241627667385560e-01,3.476686203623014504e-01
1.920552799690314338e-02,8.567401962701912208e-04
2.165477373446340653e-04,1.225118008131181185e-02
3.465533062385662416e-03,6.412133783581656574e-03
8.658673307527524343e-02,1.454874635579713749e-01
2.028493353058687890e-03,2.238995094529258253e-02
1.500388785365082689e-01,2.096842021810161605e-01
2.176241756106989786e-05,1.529491448801021530e-04
1.498226090086922091e-01,9.417812705459957523e-02
2.341733323778459330e-01,1.510351725345205343e-01
7.487511356688428266e-02,5.105777789000843364e-02
2.728603326497457474e-02,4.693228142023604492e-03
1.414103906429298452e-01,2.356944686052918070e-01
5.082748421657779653e-02,5.952148574678839399e-02
1.698287000446383477e-01,2.215208536283963248e-01
1.038409431595883024e-02,8.362181569858514324e-03
2.962720421368473384e-03,1.076041237496169756e-02
5.860536080590719038e-02,9.035213142844947254e-02
1.409416955093647228e-01,1.489473154951537759e-01
3.032062434753969235e-02,7.657968973297559758e-04
3.656683642526651901e-01,3.747538574164593350e-01
7.876880447202833091e-03,1.147374787002656670e-03
5.466704884868446579e-02,3.356678779677842867e-02
3.656083050290301339e-01,2.227586872754857839e-01
9.552891039028689121e-03,2.672013796831956833e-02
7.030710450654543975e-02,6.616416728864640828e-02
6.301793274569331138e-02,1.966891600370990201e-02
2.799609169096322070e-01,5.285075037065323222e-01
1.329331939058794598e-01,7.042482289978467536e-02
1.927167726466797251e-02,7.510093063452778772e-02
4.125164428936329425e-02,9.026050339661753630e-02
1.580968934000706594e-02,6.211312402145235598e-03
1.181155838678367848e-01,6.190916260792972414e-02
6.409402335767135916e-01,8.873244216982179022e-01
4.174512757822805564e-02,5.419470024994444551e-02
5.142817021665035265e-02,2.074215238808157016e-02
2.606850463256285580e-08,1.070913323086656460e-02
3.086446242734380840e-01,3.748236714938460445e-01
6.053541400816211948e-02,6.567817424875682262e-04
2.027558008001273740e-02,1.182223846025108084e-02
2.118420725726598564e-01,1.441515776418368366e-01
7.218840826419703092e-04,6.506837366990344922e-03
6.587259192994678048e-02,6.434015295435120685e-02
6.671720809624906434e-02,5.128965559926600831e-02
3.283664712842839645e-02,5.576667788250614516e-02
3.343458921382600479e-01,4.011133720802322888e-01
6.910205433115675089e-02,1.415595233030299965e-02
4.424707804222564184e-02,4.018744810922399158e-02
2.713165272515136867e-02,2.222587288522045318e-02
1.774390047642850077e-02,4.456481879134548130e-02
2.456189171393194717e-02,2.223790446336095308e-02
3.968769950688563752e-02,1.156210966110153863e-03
6.031072486465864635e-02,1.375867871195316471e-02
1.747721349273669358e-02,7.547788845691685670e-03
4.428412752908825883e-02,6.887757392661119542e-04
6.646198718866559718e-02,5.961198588912854784e-02
2.345327531294284229e-01,2.502649947597738733e-01
2.877439799498485162e-01,2.748049212663346008e-01
2.253020236576427915e-01,2.108437909081324890e-01
1.220194361483674557e-03,2.723643164287767662e-02
5.225661133164299227e-02,1.021217863919906266e-01
1.111825582415405939e-01,1.174276484991702563e-01
3.244417682999716224e-01,3.309446522148072334e-01
2.026887260288764425e-01,1.768408562354994440e-01
2.793295859410230980e-02,1.890875370920720375e-02
1.148796345794094592e-02,1.639330091152478575e-02
5.310843380104618774e-03,6.668597830110856856e-03
2.837765397788970592e-02,7.875754624668004911e-02
4.376124753473065870e-02,2.244737834522620920e-02
4.954950608462032127e-03,6.329566657501680717e-03
5.424106221899840236e-02,1.079360321842355169e-01
1.915551021356316774e-01,2.298575237619696066e-01
3.765586642089061020e-02,5.992379249440818456e-02
1.359220722941630738e-02,4.171914647664518722e-02
2.519280264818277507e-02,1.447070076778879041e-02
2.951876082732727766e-02,6.026838075269513872e-02
7.206797755285000370e-03,1.991884341675770331e-02
1.080154274895610885e-03,5.450286949319035207e-03
2.163231341627603818e-02,5.417686486069042337e-03
3.685248470759902245e-08,4.823528945484495054e-03
4.821107836944212716e-02,6.148792182171799320e-02
1.062404520338750859e-02,4.969719110063994250e-02
1.366209369686372799e-01,1.913349257491147870e-01
4.395900905662956937e-02,4.064285166774921076e-02
2.878565910618894330e-01,2.266469032371397907e-01
9.964917657228882647e-04,2.238472206514492062e-06
5.472101976476891365e-04,9.948271784486584592e-05
5.702608329742099580e-03,1.922922218087635060e-03
7.263304092346790962e-04,1.120304519972815938e-02
3.176404524148839452e-05,6.260002832215831592e-03
5.275094047563344893e-03,3.380913728865624687e-03
7.788974076622494531e-03,7.649683448396299261e-03
2.988010618625838721e-01,3.087794209065055084e-01
2.670411842540622582e-01,2.079802997536420450e-01
6.006595034365812963e-02,1.541376216927189124e-01
3.811224766133992081e-01,3.158926759483587365e-01
9.416383197614525136e-02,1.386748314204599986e-01
6.090874400167327340e-02,6.984987050385789431e-02
7.255605000299888974e-02,8.381543315852182929e-02
6.649826358020883080e-03,2.228393231559009768e-03
6.076644354643513310e-03,5.140389135597346268e-03
9.502441901391645712e-03,9.315281518849727327e-02
1.842957365105411804e-02,3.443579754262988870e-03
1.529022515563191985e-02,1.558011319750603890e-02
2.662877468060892427e-01,3.023450910586498175e-01
7.144907708476780535e-03,3.346964842053100167e-08
3.121800365677459763e-03,2.767099502015080842e-02
1.057299991549054130e-01,6.768134859048335894e-02
3.361520518524967974e-03,2.061060361741211960e-02
6.177208675437512349e-04,6.145141456354438682e-05
1.574151973727833942e-01,9.236964239497208462e-02
1.415730991087531809e-01,1.818928000697947467e-01
1.917141433819733246e-02,1.787994394333279613e-02
1.488386646648239275e-01,1.812180430831734357e-01
1.591553941192607596e-02,3.421842155136491787e-02
1.622773672616656393e-02,2.860131573786994612e-03
1.377517369952246939e-01,8.078018558621954948e-02
1.518681732522521033e-01,7.087434172380084607e-02
1.791771951052918976e-01,1.598396965973160611e-01
1.532558987309436474e-02,6.563922490860098213e-02
4.094003710003154412e-02,1.224762510660433595e-01
1.832943689609782822e-01,1.203540086030470690e-01
1.080242860338666150e-01,5.367786699628783464e-02
1.888978718752407082e-01,8.563464469884214669e-02
1.065301269277836721e-01,9.950385528582993133e-02
1.526961878746002123e-02,2.800304932462186619e-02
1.316373519695337169e-01,1.214885147819349254e-01
3.455255115880247196e-02,8.101067276279556861e-02
1.537024784339185157e-01,9.109508861645952693e-02
5.265462664840214746e-02,8.776079039932870376e-03
6.991105155156130736e-05,1.349360234784838892e-03
8.445785335080779888e-03,2.397836861874708732e-03
2.371920651522090862e-01,3.204276221709038142e-01
1.265662615768833044e-01,1.567051815399589931e-01
8.096793098462951033e-02,6.835953036057740295e-02
3.006050861766747934e-03,1.109284930750084781e-02
5.762819364944963760e-03,6.535803449401723919e-03
1.404255666774303635e-01,2.811693653576321020e-02
7.358350832644880608e-03,1.343167778848027233e-03
1.641599070751647259e-03,1.686927508800165065e-02
7.087159637541395885e-02,7.671041533113402699e-02
1.376886150287582045e-01,7.890198290132338643e-02
8.321246388997187438e-02,4.549794182375411361e-02
3.108702480813905003e-02,6.792359865383348905e-02
5.735294569128968761e-02,6.225500234443940954e-03
1.167277389691887338e-02,1.760077662483079382e-04
3.800371802345229189e-03,4.804774188663689383e-02
6.768106934214458692e-02,9.797019295156109142e-02
1.207925843465700814e-03,7.207560620625487642e-03
1.262974948946295195e-02,1.103273420767545004e-01
2.221135403472214410e-04,4.559379815211628793e-03
1.677614670359941218e-01,2.025769901384837646e-01
4.642927323532586303e-02,1.128316672636939745e-06
4.579552329557003143e-02,2.911646529920693203e-03
5.979756035866665674e-03,4.917796751526815058e-02
5.209709033638959541e-02,1.035170522674779131e-01
1.363425855522584600e-02,9.056985301889700080e-02
1.067510855523133018e-01,1.749299229620282781e-01
1.571790956265918804e-01,1.587864280510510318e-01
1.012998198647772213e-01,8.301486720066307556e-02
1.774355843783264053e-01,1.212142870843085363e-01
2.505404476849408188e-03,3.869675084377748216e-03
2.507411817350533798e-02,2.543765508731166830e-02
1.767021625736192592e-01,1.464858994299005623e-01
3.271440628689136626e-02,1.475971081188467808e-02
4.162992344508516934e-02,5.465253314868229878e-02
9.139877234385355986e-02,3.915957370147016281e-02
4.421285255677685766e-02,2.127866572495647896e-02
7.763532522306990091e-02,5.982786004407581598e-02
2.716516961896918003e-03,1.967634364215320019e-03
3.071232176215559634e-03,1.195270578013646195e-01
1.257156296811841323e-01,5.088850326311166600e-02
7.962412684154120818e-03,6.669265368105714922e-03
2.895270999797092473e-02,1.594268577091010469e-02
4.120281458553926544e-03,1.727206348279702527e-02
9.687960947643873763e-03,5.401475752018430150e-04
7.659016725770921574e-02,1.137171268159123394e-01
1.011191162002735705e-01,1.660740375826703641e-01
6.051858826939679296e-03,9.098744261797440253e-03
2.122849085051646822e-01,2.245138483667050155e-01
1.619365230920930820e-01,1.248527747081566719e-01
7.177743122886554548e-03,1.872053534542338082e-02
2.626035906890526739e-02,1.929982453995634020e-02
2.810925291727887215e-02,1.178897272998642304e-01
3.915994131891352703e-01,5.626619702799430245e-01
5.692048175531266857e-05,6.261811834607398323e-04
1.524056830672100744e-02,8.096621506655039130e-03
1.634627241844908152e-01,1.807398590731946475e-01
9.540015491074950449e-02,1.415657134717628884e-01
3.566039763092205828e-01,1.943501072401057628e-01
1.095938597297797801e-02,1.106799825691782285e-02
4.941484460890215036e-02,5.272969738994658095e-02
1.759285291876622193e-01,2.012221678954824178e-01
1.288733715878370989e-01,5.238454546284550956e-02
2.602189941779869953e-01,3.022177530595078765e-01
1.353462952268500719e-01,1.681443850058618183e-01
6.102296415970320798e-02,1.554265545550358174e-02
1.905443361826869020e-01,9.673965167035840362e-02
1.213048147514279688e-02,6.526773261494374367e-02
1.744310189526507848e-01,5.385380916777805088e-02
2.406413887727294493e-03,8.182084153257359119e-03
4.840888855784674510e-02,1.462836668632444548e-02
5.533197453689973067e-01,6.965871995421847318e-01
2.325504708603401763e-02,5.234718366400036710e-02
1.573599146682474192e-01,4.756949230623627733e-02
2.427144157236519051e-01,2.935842755751751909e-01
2.012482558648333586e-01,2.358983970792805085e-01
4.238738429476731453e-06,8.096859401389584418e-03
2.298114942341376310e-01,2.912572132062828945e-01
1.053108900649320362e-01,1.422637316873429369e-01
5.028021749796225681e-02,4.219777318254833848e-02
1.525585621679479698e-01,2.190689433133505559e-01
1.371088738923249666e-02,3.165608553123675645e-03
2.687662572001003891e-02,1.104772513078555209e-02
3.074714924030697016e-02,9.148957497642876439e-05
1.747490929513540181e-01,2.697785939507358899e-01
1.770029108085936038e-03,4.777867358287683298e-07
1.439063328435614408e-01,1.402664694084533870e-01
1.098404502351189860e-01,1.879886225767239127e-01
4.190356156966394859e-03,1.089921237670919175e-03
5.970557402597927686e-03,4.541380355673975758e-03
4.318416760863131065e-07,8.410137581236921261e-03
1.002630549905533935e-01,8.286167732390217755e-02
1.152768398997915469e-04,2.971984328401211495e-04
4.065942664699300629e-02,4.069583486082519602e-02
1.235174710005745857e-01,1.578988095481320131e-01
1.332857040123073579e-02,1.074335758626944297e-03
2.488420731444160663e-02,5.319841288183669919e-04
4.625123545627883859e-01,4.900153618383146781e-01
1.875334296326419334e-02,7.825853500955989167e-03
1.611961651021013020e-01,5.442565892700540475e-02
1.702451894271312938e-01,1.961131405217620138e-01
2.019317244528791022e-01,1.513647296950131060e-01
1.867798158373603495e-02,1.003006000328760146e-02
5.223888709212613085e-02,2.649386047830026847e-02
2.383151607503989841e-02,9.734510921207131448e-03
5.767528215127259994e-02,2.626484859435483307e-02
4.687600603889635446e-03,4.685600765002804861e-03
3.772900481144829746e-03,3.631446224880758439e-02
1.926247208489683393e-01,2.552597879999685682e-01
8.746867662862431794e-04,1.708060617289408785e-04
3.599918702185492606e-03,3.823397190939019363e-02
3.688475707335089893e-02,6.493247683251564262e-02
6.985044079709495923e-02,9.894163107981908400e-02
6.631304312458943251e-01,5.981926683182929860e-01
1.191966759379191722e-03,2.990331017065465599e-02
3.328063277103571749e-01,2.942501586427287430e-01
6.109600630410073202e-02,9.762125343404594313e-02
5.610037994010224488e-02,4.031379550510900966e-02
1.780689166632253148e-03,1.462709399164058115e-03
5.735320259372368029e-02,2.682442832395908958e-02
3.836748213081583175e-02,1.361518780436816178e-01
3.674488019095126234e-02,5.054708339114179216e-02
1.188722114121354423e-01,1.951252447262870060e-01
3.100960316163984820e-01,3.138375530956126758e-01
8.942291877301658531e-02,1.698267236127864455e-01
1.442249285746740814e-02,6.107424388901378301e-03
9.649346774456504794e-02,1.403251677323140989e-01
5.892086112381794694e-02,5.582419535063277288e-02
3.879920588931996123e-02,3.882703328838026796e-02
1.049988679625663002e-01,1.040012047013534474e-01
4.429472822990760013e-03,3.907784704449755557e-03
1.152526715443011503e-02,4.942248799300638477e-03
1.936859602429371052e-01,1.454908028103456263e-01
4.389799806410622784e-02,4.687416580049691417e-02
1.171778703822204809e-01,1.913031469845919152e-01
8.561858870236656316e-02,8.788211684953034508e-02
2.408203437928161383e-01,2.980367643231904284e-01
2.006847361282730335e-01,1.450263678737173101e-01
9.185411596644918464e-03,2.655840328461863634e-03
8.832397476128879543e-02,2.243178166690811548e-01
4.478405227022452806e-01,4.293390153665322950e-01
4.256052046127008215e-02,8.462103283430869038e-02
5.689484189357080918e-02,1.699682049486785649e-03
8.812868004066696237e-01,7.656979029946149318e-01
5.691728032582753401e-03,2.671927484120105271e-03
4.373160023931647600e-01,4.852730549893504164e-01
9.096600488933288819e-02,6.875789835240973813e-02
1.928547443705341258e-01,1.605325555239782154e-01
8.407158957182393755e-02,1.110300392857488383e-01
1.069976310422001836e-01,1.040508846421652339e-01
8.398335727722968519e-03,2.329594735594266424e-03
1.751100867733812461e-01,1.687007429126879954e-01
1.116543739581459591e-05,2.606899246152457120e-02
1.560808278083458331e-02,2.842286486242123419e-02
8.420366495418674102e-02,1.070512905231798262e-01
9.284051929875122844e-02,6.024360451635589475e-02
5.214342768929651484e-02,1.048409933840791647e-01
4.770645771490673870e-02,5.635710623589921392e-02
1.096647268088925681e-01,1.501653191563284140e-01
3.928610435491320003e-03,5.802701595315338384e-02
1.774361037972820299e-01,2.737365271851728288e-01
1.959650642224036038e-02,9.248947125371505262e-03
2.585872071755225821e-01,4.078720056590719456e-01
1.451320503444313015e-02,1.106803428018271983e-05
2.602976182043610295e-02,6.964160541370555124e-02
3.020904713892627602e-01,1.537401327973403897e-01
5.267587041486255194e-03,1.064499767238944079e-02
2.179283164683687712e-01,1.887504964752457215e-01
1.543010194352898920e-02,6.888563213393329157e-04
1.038228617286407890e-01,1.014048867984213148e-01
4.467916481957529690e-02,2.358333913796000977e-02
7.290800276817663295e-02,3.313774406977817999e-02
7.623389122691942577e-02,6.345674275320267732e-02
1.052780455501569623e-01,6.564970978457590478e-02
2.633341063900368484e-02,3.909613406431006188e-03
2.731652925230160234e-02,8.812718405634547419e-03
7.564329789200510135e-01,9.929400894005165901e-01
1.550286660869180655e-01,2.125631325668536908e-01
3.565199841110939377e-02,5.193119675008029540e-02
7.146338300920837745e-05,2.553092153845149155e-04
2.701802922078625491e-01,2.338587460475621826e-01
2.479266121183990035e-01,2.488167832303821159e-01
4.782785329780837869e-02,4.597160706019651905e-02
4.546497850831290183e-02,6.929019265937329253e-02
2.061504449893486468e-02,9.047989398190844912e-02
1.199578252319041943e-01,9.474887113341018408e-02
5.425981678242125517e-02,1.345051231482367049e-01
1.099025507024327664e-01,2.647661544480439666e-01
1.945459944011787012e-01,1.259850122823326646e-01
3.112175546373017743e-01,1.548812272325566786e-01
1.956968607130961726e-03,3.349273377055970308e-02
4.148669580835369075e-01,2.964363664762174611e-01
8.483082026963398119e-05,1.840499942950755399e-04
1.711641051511315469e-03,5.594361143459673346e-04
8.581575649120333493e-02,1.830092276527596484e-01
3.776602022057564539e-02,9.338893409367943427e-04
2.569349253339845429e-01,4.473127955154523883e-01
1.393781349856064661e-03,5.696486190096963949e-03
1.783519046296734301e-01,2.663052467339596108e-01
5.022730307327921348e-03,7.150584015283372417e-03
1.556586449743806166e-01,9.476326444641174074e-02
6.152210913293155309e-02,4.217001846427300554e-02
4.607595946422028341e-03,2.995848955577713228e-05
3.997588407913801323e-01,3.633833842651637558e-01
3.481380731938331363e-02,3.382927058845787427e-02
1.604227664680587806e-01,2.573528954255563939e-01
1.987505616839396055e-02,7.539605816314283449e-02
2.299086063720535700e-01,9.568974528235256460e-02
8.556506145192727163e-05,7.825076480541504412e-03
8.701484501911790556e-03,6.629807976152594234e-03
1.192882228095482333e-01,1.443947844292806093e-01
5.240392664121037297e-02,7.308290051779359198e-02
3.203573501612498597e-02,7.249985513831606887e-02
8.606810745847799649e-02,8.741792984940058298e-02
8.845313451174494317e-07,5.406121597620183218e-03
8.003501368587585818e-02,1.229942611429707539e-01
1.074833299095945618e-02,4.962696175549475945e-03
1.672219319108595587e-02,4.841448802505746857e-02
2.260589410115368958e-01,1.989331100723909507e-01
4.150145388305261719e-05,2.885869648338561244e-02
8.737490365612173016e-02,5.575855362490084871e-02
3.582014676488497066e-04,2.005203864943935158e-03
3.237068197616588521e-03,6.990043140093377691e-04
5.375298007841895070e-02,4.062058621552120524e-02
7.512417630641589350e-02,1.035467094268599647e-01
2.504914396655865128e-01,2.723649314085725970e-01
7.419041472684175138e-03,5.250032422549592501e-03
5.708067702826285367e-02,2.613037747329156196e-02
5.602099019655482071e-02,1.120375648744770525e-01
2.410913871535024511e-01,1.844153341149756820e-01
5.042459960114248352e-01,4.574235661630339789e-01
4.793396241180863807e-04,5.021372306953735508e-03
1.268544460811472374e-01,6.999053924398232485e-02
3.262219590823866450e-02,2.883489614932220960e-02
4.380874571339478663e-01,4.056597489435159742e-01
1.978225876273208006e-01,1.809246967974477427e-01
6.755376473149801719e-02,1.378255527870933250e-01
4.995335627071249146e-03,2.048905649356990225e-02
4.510738548272410792e-04,7.152864302119415813e-07
1.056449040687605472e-02,1.276444405805951896e-05
1.309254547980859273e-01,2.187302540119970551e-01
7.593305158978970459e-02,1.200447243656373453e-01
1.995044537042776345e-01,3.797132797577311702e-01
1.293028270217479736e-01,1.258164590687352591e-01
1.902618817325906486e-01,1.981655621355644104e-01
8.219053410558578923e-03,7.001025974001175850e-03
8.637598811229006690e-02,1.312508896425829130e-01
6.961743473964032702e-02,4.419771761010992533e-02
1.471207448682084473e-01,1.885212707868777482e-01
2.044010535898135583e-01,1.543630098439731368e-01
4.074689556780852068e-02,3.720188224112201680e-02
1.256223989766456217e-01,9.016287710470927141e-02
8.464297791028333948e-03,3.776590563570355469e-02
3.083995125457543451e-02,1.126621410382730101e-02
3.731654585206769376e-02,4.567272766820252433e-02
2.388062619855925865e-05,1.344627711546430432e-02
1.475212652385330392e-01,2.372609524174368045e-01
6.232686875091413697e-02,6.098138231956298783e-02
7.115845015300453769e-02,1.996656391907719319e-01
1.192541197757188698e-01,2.539061706356320336e-01
1.514932133985303839e-02,1.601661380155944628e-02
4.500349983314529470e-03,3.820117464466803170e-03
1.577401331195376548e-04,4.000125016144216381e-03
2.499672150392917291e-01,3.683179240955993250e-01
3.511077414776826722e-02,6.583429984154697857e-03
4.101755511659425923e-02,9.231124079776158176e-02
6.502158719197050074e-02,1.073743060871012456e-01
1.298065661685545921e-03,1.614196689481996183e-02
2.286905115161023180e-03,2.904876534174574351e-02
6.231260316596395898e-02,4.595657681522239552e-02
1.087360207263138832e-02,4.370643031398024903e-02
5.622322237403171467e-04,9.277472854130075844e-03
2.354650765412959201e-02,2.657038794213248400e-02
1.219215707427624869e-02,4.558146599690888860e-03
1.171136173301141337e-01,2.345813664042459001e-01
5.698931865586268769e-02,5.545878356227489786e-02
6.368004124340018168e-02,2.504526448354938567e-02
3.167786505396386759e-02,3.947900479284521119e-02
3.613999278886884797e-02,6.645193327725741617e-02
6.323390117994343029e-02,7.319100291429619931e-02
3.617272675262684367e-01,2.341725448666996390e-01
4.446957473563656338e-02,7.085749399567758955e-02
5.929587977158542467e-01,6.063370622774809648e-01
1.689188882628521182e-01,1.422873940985221464e-01
2.959826771489553962e-02,1.450482487955256916e-01
4.593480476352743147e-02,7.882279990054692764e-02
1.431476608974910011e-02,4.068549482686710343e-03
9.450746087748439217e-02,8.450155947210506724e-02
2.187940383866280453e-02,3.328811900329633339e-02
3.777360527091987163e-02,4.912000527274229533e-02
1.345682816598059162e-01,9.992588583241868161e-02
5.423135025783748508e-01,6.882788096509296905e-01
1.085680818025546862e-01,8.926713504768110652e-02
1.339570009757974356e-01,1.304647481993211067e-01
1.895441713181056712e-02,3.365665252549898678e-02
6.583838016727383557e-02,7.051848836943279408e-02
6.109376186736541724e-03,2.145814738927336214e-03
1.995966804600644504e-02,3.428726669840206909e-02
1.878658642373462750e-01,2.118349791234566681e-01
5.518906989343062008e-01,4.473884460014530551e-01
5.359807040268479983e-02,6.650051515672852909e-02
1.263047910558423928e-02,2.200292730681638609e-01
3.847685747533509670e-01,4.809280560367867330e-01
1.933348152526195851e-01,2.173082901740391593e-01
7.439042652495940489e-02,1.179484797365768223e-01
1.388572565579179567e-02,3.164270239641173155e-02
2.127587610416965466e-03,1.504201926767512220e-04
4.087531375040499015e-01,5.922025296098188951e-01
3.526436450230870795e-03,1.069271555239915961e-02
1.181107239728528512e-02,3.910099961252468809e-02
1.953945219451340698e-01,1.224076828082401175e-01
1.308265764450106594e-03,1.125856427231653188e-04
1.254822838420595887e-01,1.363085719025233788e-01
3.707339325712737804e-02,9.250425586645584161e-03
6.711524219711767492e-02,1.386508002711962784e-01
2.207157630680838672e-02,8.878529819131980583e-02
1.208717040688554213e-02,5.713776246836779760e-02
1.544111105312696297e-01,5.248900352574963762e-02
6.356444668086563832e-02,1.297434687106683582e-01
1.553869682319217183e-01,9.891971442696874395e-02
3.032620806780437217e-01,2.864358205377723343e-01
1.277640374053335137e-01,9.930817114055241757e-02
8.527271400258175371e-02,1.333123457860737049e-01
2.325595752955864626e-01,2.732799459457914693e-01
1.551485784803573360e-02,6.950877153528621510e-02
7.622448359352872529e-03,1.394956714445771354e-03
9.133963927864763299e-02,8.763011244601799990e-03
1.321368945716999005e-02,1.422682759327009716e-02
7.185188935807546029e-02,8.097096795085780008e-02
2.625056014487288092e-01,3.450715301267998081e-01
2.140119491770975033e-02,3.555073900200472758e-02
2.037541947637986489e-02,6.003938933591009518e-03
3.239999782793570766e-03,1.524436856782797681e-02
1.638696202912950234e-02,7.341482714242566002e-03
2.231250686360819122e-02,1.306731136438688164e-02
1.789530625292655996e-01,1.509939920260936486e-01
3.744195327508914595e-03,1.542737893187166344e-02
2.975195159617380434e-03,7.024961148920144151e-03
3.853981525944766978e-02,6.038436473432479135e-02
6.794235365745417143e-02,4.283718496988481172e-02
9.514443878454676221e-03,7.486765489698168560e-03
1.094454910678400311e-02,3.352268537529130843e-02
1.819714467923026074e-02,8.237014510360762820e-02
2.151220206246891309e-02,2.670830343954790423e-02
1.444020736544535666e-01,1.525288253142811357e-01
3.796750644291219980e-03,3.070271574044465546e-02
3.090114904122916520e-02,1.094087149313978519e-01
1.959658365307000334e-03,3.910851439854107041e-03
2.380973954427147155e-02,2.379559087721897295e-02
1.903403472245222133e-02,5.193379598550594556e-02
5.483304963813680211e-02,2.322422069226615440e-02
9.458411880375082459e-02,9.852719290634251448e-02
6.252126772319390943e-03,1.536134203037380942e-02
1.088802921033674501e-02,1.544476221271259321e-05
5.398963091220813221e-02,3.495755470818019683e-02
1.099715638817132662e-01,8.781773548048357747e-02
8.220517361116883893e-04,1.019595133733778615e-02
4.524436964204124265e-03,7.005013921613080594e-04
8.723944993928700598e-02,4.338425429146347545e-02
1.641096985489199633e-01,2.343768546842379952e-01
3.381737245323084332e-04,1.399403088467989290e-02
3.529197115060379170e-02,3.132334668838683295e-03
2.422804207367737495e-01,2.225998187191127464e-01
6.118934348345816086e-03,5.196161430344156500e-03
5.203825502746493165e-02,1.014037112609612531e-02
1.760111233063804403e-01,1.490432630695845140e-01
1.213633338847514183e-02,4.298527406411778266e-03
4.140764412110468223e-02,3.833414252118817062e-02
7.359250167845685087e-02,1.664349866591226246e-02
2.384336313330446145e-03,3.817840192480751686e-04
1.031987385146105989e-02,6.665506975078708176e-04
4.682412861100316848e-01,3.704781120358823232e-01
5.044759129586499739e-04,1.004476725112972565e-04
8.575778307548102830e-02,1.991668708000495780e-01
4.989001756024433881e-02,4.990291508909268370e-02
2.585216406109135459e-02,7.369758292133125888e-02
5.220170608196865736e-01,6.809513437364986821e-01
4.657789270328322462e-01,3.568212972033842911e-01
2.655542512444186709e-02,5.052116128374367285e-03
1.200783315768655953e-05,3.181851399662878718e-04
3.646858359509690811e-02,5.597758190707240178e-02
2.569000549328336880e-01,2.516997110335951748e-01
9.113015266514251644e-01,8.356470987145836471e-01
1.044556244415515691e-03,6.607064918380799526e-03
4.494108260355420548e-01,4.201756993919895655e-01
2.155849065013079255e-02,2.075997249925392099e-02
1.852945520600011164e-01,1.910185996902608874e-01
1.933484630425257589e-01,1.262348760790779345e-01
3.447829433496094054e-01,1.563035006666937121e-01
3.560201490584309347e-01,3.339713502429483283e-01
6.158570758691159219e-02,1.539127409557314308e-01
4.272120374176368446e-02,7.186456694795162470e-02
4.661882423983035317e-01,3.088128676214805246e-01
1.902717284400228803e-01,1.771353699097296952e-01
3.879853584271561462e-02,4.731305137659739830e-04
8.019042135416838690e-02,1.948894938469043802e-04
1.236959798735188902e-02,9.107459220159644028e-03
4.662540131972781055e-02,5.826938205352584499e-02
1.498006201420402049e-02,2.324720948371332592e-03
2.476818823380663448e-01,1.644601732170986041e-01
4.174456085305967151e-02,2.772982822228490726e-02
7.174618676324371301e-03,2.535588864948700117e-05
6.477404109707715629e-02,5.161771973992209522e-02
6.050496396017151189e-03,6.377016723879426127e-03
1.384484339324829616e-01,1.019896424897086679e-01
3.634003487839502777e-01,6.214087043272243926e-01
6.707656921960572505e-02,7.753453513102612216e-02
1.989454325312886573e-02,1.317180689355180734e-01
1.061989583035566342e-02,7.443947084023586069e-02
1.192032416767096516e-02,5.004118897101565711e-02
4.998041826131493018e-03,3.243889776605508868e-02
1.820021855950996678e-02,4.629828458399603761e-04
4.417228386731083395e-02,6.355319225184508092e-02
1.758203292167279108e-01,1.803647993032813646e-01
1.026972349003876447e-02,4.925999659438460437e-02
7.943458792954972926e-05,1.737408648214840146e-02
5.254151743343882935e-02,7.500326404137820646e-02
1.333137822927042519e-02,5.935160566065960513e-02
1.905196876874431719e-02,3.570270143778377786e-02
7.044464366589393844e-02,1.078662287684056670e-01
5.818683918925791204e-03,1.266943034264696871e-02
3.049536757243803079e-03,1.492936936283974919e-02
2.117074948124223477e-01,3.181235141437242508e-01
2.020983136648325101e-02,3.394909739579104763e-03
3.553781885849648936e-01,4.573506014612068182e-01
4.061940287196969535e-01,4.338486400034995971e-01
4.461178978455269950e-02,9.219399957343342444e-02
1.027436395983249810e-02,2.184442611588974237e-02
1.476173465032505974e-02,1.758629803846549142e-02
4.229018442097983083e-04,3.549376024673790925e-04
1.046526149081274532e-01,9.945284985151171819e-02
1.466418631586481071e-04,1.507574832943786927e-02
8.926180604248097339e-01,1.088878571700657938e+00
2.822215959437470931e-02,2.525177851640557358e-02
3.033620291740957708e-01,4.104484637241009870e-01
2.246328897947502679e-01,3.149749492196256551e-01
9.041619105049904237e-02,1.225378972405586214e-01
1.839487181522488557e-03,1.942063786555811751e-03
4.196913740821112127e-02,6.064840225422183512e-02
6.031756429214276544e-02,4.820590924074150824e-02
2.442087190947142984e-03,8.459310992185771092e-04
1.453922166113880698e-01,1.310291940801096289e-01
1.095399033605685968e-01,2.175676073712380088e-01
2.784928823518824093e-01,3.086786416633501839e-01
8.314036271998056365e-03,1.271548248286049308e-02
4.805713661152938472e-03,1.725580127963339747e-02
6.475221780957934881e-02,6.465493926535798019e-02
1.797328664963359079e-01,2.154516065939269254e-01
7.783759186533004137e-02,6.099153833694777316e-02
4.255115205928083899e-04,1.331191609394408214e-04
5.896530496788029985e-02,4.935488253164108108e-02
5.059155845525654949e-02,2.325528621073220947e-02
2.270266423817545939e-02,6.708854816290958645e-03
1.547094957098456205e-04,1.150730670289466274e-02
4.834865817343795419e-02,2.492641927808077890e-02
5.135014168892558517e-02,6.594022875225349911e-02
1.421766758932567765e-01,1.637249913157761416e-01
4.688707601226990151e-01,4.577656297405455765e-01
1.311771342393946950e-03,4.233375040781460073e-04
9.359739080481267737e-02,6.362697683861853748e-02
4.283182306507425929e-01,4.446198893759662485e-01
1.895209181383955901e-02,6.533532927719271945e-03
8.119972882285636517e-02,5.595869997353595388e-02
7.410900241048296033e-02,1.978212787106869430e-01
8.261983995070965037e-02,2.438602259253827009e-01
1.232764376352442869e-02,2.632241168798213696e-02
1.528619851188024181e-01,1.802113075031244183e-01
5.967074538217467805e-02,3.069261776327546556e-02
2.518455798202367743e-02,8.081185100557425338e-02
2.372818738047296760e-01,1.630868745016422205e-01
6.811543197011846185e-02,5.830461093706951203e-02
1.455746916007114554e-02,2.729948706582529302e-03
5.603601241213830575e-02,1.092428778806557171e-01
3.857039705633414587e-03,3.080875134147081917e-02
2.181759263138966041e-03,1.252134265621556754e-02
3.614563993326304564e-04,2.512101929701623056e-05
2.741766306912317708e-01,1.872964174161248496e-01
8.796973568874724703e-02,1.400292752944883208e-02
6.300377439733391427e-02,4.686922663256590932e-02
5.443524793423308757e-03,2.263935270868156283e-02
2.339071472883866960e-04,4.471957972040441556e-03
3.750470053511799351e-02,5.856274603722982225e-02
3.788399698023336200e-03,7.596721760067345506e-04
9.801267969767414601e-02,1.922264815595138912e-02
3.039910782017475241e-04,1.001144253529550297e-02
3.808345753673049172e-01,5.070607336448472724e-01
2.338510090513031339e-02,5.288835395350575952e-02
6.494623329985560467e-02,1.080865375643052795e-01
2.183249087102933500e-02,3.255636281673784937e-02
2.179751346904504339e-02,1.596262284647228039e-02
5.710367581970026141e-01,6.363756880549422679e-01
5.717833110093909627e-02,4.053127508285738617e-02
1.434399971186496418e-02,9.683449906214308678e-02
3.524021233645192180e-02,2.908112416426354794e-03
3.866000265347791509e-01,5.880725518004874530e-01
4.053270119673717947e-02,8.680448959196132575e-02
2.403710367611449072e-01,1.617491380909371335e-01
9.943752492128878073e-02,2.778255352436875270e-01
2.136095843340083122e-01,2.927019897083498745e-01
8.622965813195682463e-03,1.445979652856863203e-02
8.300289629942100844e-03,1.641557939284871842e-02
3.295946415698397264e-03,3.069610783444565866e-02
2.895475442191447479e-01,1.666992338151251918e-01
1.467640653439875320e-01,9.239392828498839416e-02
1.255957622002015495e-01,8.958203231859691862e-02
9.109078849612746421e-05,1.067778207187428368e-03
1.051430588538434250e-03,3.292484857262349685e-02
7.178773752507018342e-04,4.835486974892693433e-03
4.279377841848615305e-02,2.193282079284855982e-03
2.412081471465193916e-01,2.948274258166161399e-01
1.042010290079002123e-02,4.659561128524026055e-03
1.285335231285206908e-02,2.780286975541291367e-02
3.635212408746506529e-01,6.093334415086527622e-01
5.470309238780787266e-03,2.391730578600867463e-02
1.212869206796722901e-02,1.420022778178893497e-02
3.853826188047462104e-02,1.110420467936410090e-03
5.337809376599710748e-02,4.334202096141049482e-02
2.347192488967656809e-01,2.021028516091027682e-01
6.024137741981887111e-03,4.880916939387076707e-03
6.498865861869260185e-02,1.240784237487748687e-01
4.740377747027538918e-02,7.713575054768471995e-02
3.262239812166411318e-02,1.272825221619174399e-02
1.361985595721544318e-01,5.857047217019099167e-02
7.983422120164861135e-02,8.667765433350942128e-02
1.353998971229167757e-04,9.745187463292644472e-03
1.583706061198982993e-03,2.258171208602503550e-03
8.804861491291039353e-05,1.983195333806371530e-02
2.062180000852863182e-02,4.225778213872264516e-02
7.369246004465741795e-02,1.485681742237394409e-01
2.479908268446327502e-01,2.259304741696218921e-01
2.129836849108451488e-02,7.961279897918516321e-06
1.359234279209781474e-02,4.049676218075579179e-04
5.044018375593183751e-02,8.192306277108793444e-02
9.908072032404440649e-03,5.595427971160383271e-04
4.500009464939517395e-02,2.260698691170284769e-02
2.859414841697487386e-01,2.659358979852598504e-01
1.996587424991786985e-01,1.901966554280811461e-01
3.293056094801513067e-01,3.953459235107660841e-01
5.556093343867944956e-01,6.437202848665388721e-01
3.550859102875403295e-01,4.671953940534787075e-01
4.427779283436783985e-04,7.533049769022501707e-04
2.955586378259174030e-01,4.116470591362616505e-01
1.366292616163837514e-01,1.187669987067542371e-01
5.671298040483397848e-03,5.279241193223640355e-02
1.234559110335529536e-01,9.631847140744094482e-02
2.329262037614464320e-01,3.780453228486301276e-01
8.371829747425245383e-02,1.030548071022331924e-01
2.363333975304088286e-01,3.319847439826352220e-01
4.599841629155974054e-01,6.304650534662152861e-01
1.183067132242792419e-01,1.711324406878775295e-01
6.633218319143244300e-05,3.555928635191874226e-03
1.175474855134192032e-01,1.768117978204530594e-01
5.121482722309837754e-02,4.219869419444317177e-02
3.025579885668814445e-02,1.024471555747641892e-02
1.173669532700923925e-02,3.153492398881148958e-03
8.430985329039293596e-02,1.301400382498874575e-01
1.556968632568924696e-03,6.691100421094158847e-03
1.546373335267264837e-01,2.954027324972046120e-01
3.004201648506471534e-02,3.176263567444124331e-02
2.530535644095131126e-02,3.824489039755123859e-02
5.647808963459218651e-02,6.910722636408818398e-02
2.522557308477266225e-03,7.756600367517910849e-03
9.879272246473475017e-02,1.388545539679249818e-01
3.254944127228684425e-02,1.973123415107830986e-02
1.534063608289774026e-02,1.062500808771837826e-04
1.025582593535758662e-03,2.805626037396003608e-02
2.231955385693323579e-01,3.558007408007271000e-01
8.234486244136726306e-04,1.210089276678472624e-02
1.724311321580929424e-01,1.927935795635673522e-01
2.002957196035151932e-01,1.939754699335466959e-01
2.498506488727974539e-01,3.185535955668774011e-01
3.902124343770573683e-02,1.619487981065717841e-01
1.183600811840248290e-01,1.034915778313643259e-01
6.742112270894080883e-02,2.493723937732193752e-01
5.674987552595962131e-02,1.021215485704922987e-01
2.828757865607798294e-01,3.451465503961346215e-01
4.065716570798935670e-01,5.055720461230094331e-01
7.086778996434578426e-02,4.798385174097553191e-02
4.750222966939264269e-01,5.959425690042274848e-01
1.519847143237203191e-04,2.283837128244200695e-02
9.972285271134446495e-04,9.162463189495083718e-03
3.186246455395584376e-01,1.591856142847913047e-01
9.273717010413883022e-02,1.948261628472745810e-01
7.227421156291724547e-02,3.167707420116337019e-02
4.076453614152936167e-02,6.947549676848166489e-02
2.653426024932631702e-02,1.696447566250209454e-02
4.320538408989594431e-02,8.799764501865817157e-02
3.192504024511472194e-01,3.628291885273656758e-01
2.196241471830215689e-02,6.399824540318811705e-02
8.587660105411383527e-02,1.716699534376777969e-01
4.678037322635353779e-04,3.385354661052351888e-02
4.623063132636025946e-02,4.740497873636239506e-02
3.754524084367367228e-03,5.869852054288998700e-03
1.035412319633807580e-02,2.917766880410016875e-02
2.163186203577686373e-01,4.416338977782775788e-02
2.140313040092394967e-02,1.562839645224660748e-02
6.975497133348622369e-02,2.574328874364863184e-02
3.270320508933149701e-03,7.770645636543363662e-03
1.001118034392638606e-01,9.844369708864011970e-02
1.307674110309478832e-01,2.074541069321478304e-01
1.840656305541122154e-02,9.062971599063023107e-05
1.290709318712809570e-02,2.095595526828967006e-02
1.113948353707379726e-02,6.835548012748919426e-03
2.089091563128910034e-02,2.005802960073169161e-02
1.078933995441989924e-01,1.832444494590741157e-01
4.010886054300203188e-03,6.210615010165706357e-02
3.948960379349156918e-02,1.047884158886429676e-02
6.422466022104078576e-01,6.267334660639224397e-01
3.094223043237132086e-04,1.152013417604406953e-02
9.154731502498317242e-02,6.611776502361829677e-02
2.055956662912573341e-01,2.053590540689978761e-01
1.637413649986118117e-02,4.206006165679283815e-02
2.689315154750007153e-01,3.574470935891823631e-01
8.066670063842087610e-04,1.575593566286434544e-02
4.207922705904948435e-01,5.930550262980405218e-01
5.400499552445001822e-02,1.181653322061504766e-02
1.075394289787301172e-01,6.250747643646874241e-02
7.470724272426569612e-02,5.614538737799998347e-02
2.390408491853761586e-01,9.541003902670398829e-02
2.366700723350172956e-03,2.160685076526189588e-02
3.290134347731353270e-01,1.816765917146267451e-01
1.117279756518521350e-01,1.525954541631779349e-01
1.889536799955830570e-06,1.003878235907259761e-02
7.669501357129343555e-02,7.116880580949222490e-02
2.102621333571873252e-02,1.054018087822057165e-01
7.582105501492179822e-02,7.743081558100055328e-02
2.618928688818419337e-01,2.642298283339706289e-01
3.324531986488954427e-02,4.669486992913914752e-02
3.713914784393161986e-03,7.275642828972246233e-04
6.257782096513436927e-03,1.456249504616314618e-02
2.703790752580917910e-03,2.153071006400712317e-04
1.898250143092821973e-01,1.602128219504252160e-01
3.529971564669029394e-02,5.045582704093475729e-02
4.868522212304097346e-02,2.192781819734276536e-02
9.498264262036504313e-02,9.528805438566963215e-02
7.508382226164505603e-03,3.584396799014130035e-04
4.227869204825606686e-01,5.561822108086816874e-01
2.119850522925727232e-01,2.214829347176083818e-01
1.612798446751029051e-04,1.203844971785666832e-03
1.021877170158943804e-01,1.042567613492888651e-01
9.235021780423588456e-02,6.645986138560311396e-02
1.159275914931632429e-02,3.620008091896078934e-03
1.511586622712403016e-05,4.576068143472312132e-03
1.002330793273599890e-01,1.349553907108839435e-01
8.884517676830560109e-03,1.930599294812049976e-02
5.339209699806249931e-01,5.585680803355831392e-01
4.539569097987013885e-02,4.753295743728845157e-04
7.053057353462755539e-04,6.418186553718372572e-03
2.747190301014358019e-03,2.047695778551543791e-02
8.343564535789424474e-03,3.836484722585147000e-02
2.554290029208359791e-01,1.947826285549939807e-01
3.326656021746804415e-02,7.633764600434056989e-03
3.622869216054399460e-02,4.319678434306891551e-02
1.488211660365697936e-02,2.427435838559432318e-02
6.330615953409008366e-03,4.494547341542230040e-03
3.122000473229919471e-01,5.337046390047484046e-01
1.007589347544375277e-02,3.218752434609177537e-02
3.232070594680516717e-02,7.173635604883215819e-03
2.100121516978255276e-01,2.249787808709804160e-01
1.690554969366061255e-01,3.064472147685506354e-01
7.799547075268088627e-04,1.420978189712266727e-02
9.162346755347620638e-04,2.975884353687343990e-03
1.500690472490437688e-01,4.123920163915421183e-02
1.439816407131088438e-01,1.617642340060346517e-01
3.079845840702188572e-02,4.326638653242956267e-02
3.773123406513314518e-03,1.728282965627822047e-09
1.254912738439644131e-04,5.740345533258957821e-03
4.236753399324213326e-02,1.145438941269134731e-01
2.361971694033193278e-02,1.117486194328041506e-03
1.341091654412712997e-01,9.544494126244429388e-02
7.411236631011927688e-04,6.076962585826295449e-03
3.408352797648900312e-02,1.478405628999196302e-02
7.842700478085175286e-02,1.815162919651910345e-01
6.517714757438657081e-02,3.028902784185241032e-02
3.264022211657981176e-02,1.979897420687692922e-02
1.436904373316293809e-04,1.427326138578915299e-03
8.033410114639436342e-03,1.232585053771770257e-03
3.097195058782693522e-01,3.009296257053349355e-01
1.479015860004540515e-02,6.892305929946768400e-05
3.810288770334660426e-03,6.440805669994756691e-03
1.252737500500759882e-01,1.521988565727883380e-01
4.082049637821555943e-01,4.249968048970397816e-01
4.233939417285433882e-01,4.079087679100323882e-01
2.753707781928135812e-01,2.700513253485021248e-01
3.113741133236415382e-02,1.306385365781808638e-01
1.000105239722191286e-01,1.520525563562002691e-01
4.919290501438815938e-02,6.685307645851943682e-03
8.849172612306525909e-02,1.487526364990519601e-01
1.205070156893806449e-01,1.466198959570424176e-01
2.122382465177483080e-01,1.078679682754781488e-01
2.842441192214685899e-02,7.923102232918469157e-02
1.453908055471498373e-01,8.231599152713500733e-02
1.809769369099533121e-01,1.672591719243402830e-01
7.112247652268299802e-01,7.749950327383923199e-01
3.570184056289719271e-02,1.803226445763120578e-01
1.476104077939987269e-01,2.624489252900525510e-02
1.001614874632247854e-01,1.506706785907918622e-01
6.128658384034890716e-02,4.820401840407374794e-02
4.521620073703336296e-02,7.524521744818277180e-02
4.912821349287933015e-01,5.309583966039592706e-01
8.611782457486050202e-02,1.272821409426315997e-01
9.997025272571989640e-02,2.064747109905651079e-01
3.754794610243107900e-01,4.692157985339265314e-01
3.287221991111186070e-01,3.453150076898563459e-01
3.722528780377467039e-01,3.961009581455824935e-01
5.080454852219547929e-02,1.577752434193269993e-01
4.648940267040437696e-02,1.458167162923974802e-01
4.388650507542889989e-01,5.534199476200397649e-01
8.506702133194453397e-02,8.587009310291836284e-02
5.550694300868732473e-02,2.029488574265497433e-03
1.453184332203238671e-01,7.088709439902338150e-02
3.571784467770574428e-02,2.723890577751228448e-02
5.563944291846589785e-03,2.938912340807584012e-02
4.690577669334337063e-01,3.377272046306055153e-01
3.332179009064934611e-02,6.905777037789104233e-02
1.437100108007369377e-02,2.480430611128311980e-02
1.172631883408029319e-01,7.353814191686842971e-02
4.788364182978707001e-02,1.812452304550549523e-02
6.621544598644670931e-05,1.996021379455004477e-03
3.614963533954399511e-01,3.953651057491200382e-01
5.646354895546938646e-02,3.116466343460296343e-02
3.618689193311964113e-03,6.643962751489994366e-04
2.187181200209860898e-01,2.178626346453550189e-01
1.659233279245141742e-03,1.391762960785753421e-03
1.089910414798991728e-01,1.148752153236124451e-01
1.301269572211135759e-03,2.096305517600183330e-03
3.822621438049536580e-01,3.214776599790925005e-01
2.816954295214384521e-02,3.014617261525337141e-02
1.091891387490282750e-01,1.308304602583900411e-01
6.022825309564691088e-01,4.959199250231657863e-01
6.524996939882984903e-02,4.686033735406803374e-02
4.038360076219026096e-02,2.160685110255447516e-02
1.346370536358938719e-01,2.239065691708351791e-01
6.170329281154163931e-02,7.835355032084492799e-02
6.784512598653369420e-02,8.316786244369112069e-02
6.041625985573335911e-02,5.519928222114909439e-02
8.067064468551101222e-03,4.210569537825083197e-02
4.444855883285957990e-04,6.164907977889624976e-05
4.418217990848439802e-01,5.182785726008685145e-01
9.376289361019089774e-02,1.550190353684597622e-01
3.125893466565383277e-02,1.573666920614547092e-03
1.956144681036890449e-03,4.058366776907502277e-02
4.513826685626983748e-01,4.855234194247990409e-01
2.101896934258424832e-01,2.745625080297341980e-01
8.026914436243130779e-02,4.402393939450954807e-02
2.263301120081408907e-02,2.200526823281400216e-02
1.653219217011368987e-03,1.444979310233305289e-04
6.949726091297946107e-02,7.039540956064167798e-02
4.889697318839287404e-02,9.839652322902980863e-02
6.288359523962320230e-01,5.952612463115213304e-01
1.951257645697577203e-01,1.850716897705776687e-01
1.474310067992666909e-02,1.348668942688180036e-02
1.026870284001281663e-01,7.421051489848995431e-02
1.129588918737867848e-02,1.372690656881254447e-03
2.612747773953784380e-02,2.806200001448545117e-02
6.207884078304520131e-02,5.513047624744773362e-02
5.143838225813969489e-03,4.719000701821993854e-03
1.692705976106371468e-01,1.969043237844595451e-01
1.140559205490787181e-01,1.642478854994522119e-01
2.009782725613320012e-02,2.044103740632133119e-03
1.088589960510900033e-04,2.327927359404797570e-05
7.722449872148445631e-03,9.423750545178785631e-04
7.199079102312941694e-03,6.830095380968635005e-05
5.742552701510836993e-02,4.285957367342606988e-02
4.512541094919184786e-02,5.338082224866567971e-02
2.017271128072350150e-01,2.064241835451999241e-01
9.789307005281479290e-02,6.428883620119350828e-02
8.408094481766745926e-03,2.203514183118010072e-03
2.443103789632312950e-01,1.777410276298894143e-01
1.100286341014732744e-01,2.194133586446516890e-02
1.904568739903733481e-03,1.425405467952412658e-02
5.849039816004923675e-02,1.092212718855833792e-01
1.302271932497380824e-01,1.711207640219307435e-01
6.234278466224429938e-02,8.003812459357451115e-02
6.411668152242890051e-02,4.756269671091653550e-02
2.052145056113797300e-02,3.948743267793331999e-03
1.780582082350801615e-06,1.053068353522567183e-02
5.851504553006197767e-05,8.874555598801770167e-05
1.480890762609587442e-02,2.451711170153080682e-02
2.080604527645485702e-01,2.322454420583909274e-01
5.373465469609788568e-03,1.638247695335066283e-04
1.747642123074534884e-02,2.776230749784201063e-03
1.770539233642444768e-02,1.383347976963561488e-02
2.932956459058710941e-02,2.096338661423978456e-02
1.667697904942614384e-01,1.955998772540297470e-01
1.556818707119742295e-01,8.823081406267622995e-02
1.154876969093309759e-02,5.154166302128816712e-02
4.548559417818028722e-02,8.257966807965151645e-02
3.202579395879903701e-02,9.693186466738170151e-03
1.319421413000053736e-02,1.247057106780144996e-02
1.391378775490186848e-01,2.804850849870329510e-01
3.102476768538727225e-01,2.773382699382265226e-01
1.782506373222925980e-03,5.182029638546369965e-04
1.230298960454170691e-02,1.835824980945787929e-02
5.743400487159225909e-01,7.780067672139794333e-01
3.155264970998876347e-05,1.605939392662454959e-02
6.002166476964729616e-03,1.832901395140596607e-02
4.550042416448416699e-02,1.918072701984298301e-02
3.987918859259546346e-03,7.937912458715433786e-03
3.454868696825548046e-03,1.352118746002993184e-04
5.501458026301881549e-03,3.176899062178134558e-02
3.036785505131467042e-02,6.081379162520942488e-03
1.673156320042091805e-01,1.326213536795839143e-01
1.059893257456655524e-01,5.374558101409518569e-03
1.434682497030641546e-01,7.582197737831253281e-02
1.024548200799401398e-01,1.653709929365837772e-01
4.571624880506607036e-02,6.940962344954058894e-02
2.886030088051075651e-02,5.314332952652957992e-03
2.006665061988478511e-03,4.950362947722572980e-03
2.959255061751433352e-02,6.866255290171154047e-02
7.678570282214447484e-02,1.875193795309566813e-01
7.113258646282870877e-03,1.633889918320848478e-04
2.766120469124660683e-02,6.995500592816421802e-03
2.751004170722940456e-01,2.295791264370152240e-01
1.080243757807343614e-03,1.201242079370852707e-02
6.298031094361825587e-03,1.234801567786624979e-05
1.497106182925215523e-01,1.390766555345296085e-01
2.555844352717784665e-02,5.776134618676162513e-02
3.351758789492515628e-02,3.224771053301889873e-02
6.727530006065952917e-02,1.092967852914054488e-01
1.127944632608416098e-01,7.517324740144076811e-02
1.980376575630121011e-02,1.144417835088322108e-02
1.803934817812320886e-04,1.201271730106336349e-03
1.124773543797733671e-01,1.246311104266369929e-01
2.920931728332233808e-03,7.088380787683766331e-04
2.085422943429569159e-02,6.352843332531765035e-05
3.080001129424092543e-01,2.764995391118716395e-01
1.749285959297247270e-03,1.657873507369442658e-04
2.859612874185920584e-01,3.673749375046390098e-01
7.836190185463055846e-02,5.404599068344009827e-02
1.718097582956357259e-03,3.190862806991920809e-03
8.056082542854202388e-02,3.108808534167848414e-01
4.762137972688659598e-05,5.476862905847857538e-04
3.613857458181034938e-04,3.227885638135351200e-03
2.859050579845520365e-04,3.014130925366713008e-04
4.832671391507337710e-01,4.309809837204744420e-01
8.081304530185870472e-02,5.379151461161406356e-02
1.374455702912620418e-02,6.062320614752092496e-02
1.653677241319927507e-02,3.188110227446912942e-03
1.297800222401972459e-01,1.311798869747924090e-01
1.309394340012713371e-04,2.145860993933594585e-03
4.549202137920543496e-03,1.376096693103950712e-02
3.315501318065706970e-02,1.790312422809930623e-02
6.296167514066662585e-02,4.070876677442093056e-02
2.356970369350876171e-02,1.126010471620054465e-01
1.049021535490431666e-02,1.211666499689502685e-01
4.658392132514828365e-02,7.147860626553503849e-02
1.407605428488545307e-01,5.062439261840194493e-02
2.863021897897628527e-03,4.783618937241257592e-03
2.093697761752618958e-01,3.728102238731316187e-01
4.400294912453973451e-06,8.971357360703291137e-03
4.364428591025374532e-03,1.420936863645568720e-03
1.550964376020192159e-01,1.200928801938197649e-01
2.813349358294308170e-02,9.667900150706735390e-03
5.584984205670737861e-02,4.098313306037813103e-02
1.926799885178613891e-01,2.653369162442337781e-01
9.605920730559243392e-02,1.204308167917515771e-01
5.759942483856238943e-02,1.242531459843376207e-01
3.719260319871919851e-01,3.320998878761076134e-01
2.760740517017428730e-01,3.085800423293819650e-01
4.118146530634692049e-02,1.863749761080062128e-02
1.360371556633688771e-02,1.678395741225056003e-03
8.863729342899712149e-02,1.456601461444375356e-01
1.593086857052528615e-01,1.473678122938314461e-01
6.632242019090840712e-02,8.160418983654585401e-02
2.084834268622635586e-02,4.072089444314329343e-02
2.905597268644804707e-02,1.362431529722373837e-02
1.046354773049790708e-02,2.869433129798318674e-02
1.856597800918332285e-03,4.677752755262861665e-04
5.745955744415944672e-02,6.223325567314582502e-02
3.832401169172430788e-01,3.755867953928233582e-01
1.595525250938038507e-06,4.764251970279313221e-03
3.715738174861968335e-03,2.418542280525555130e-03
2.160956053885249861e-01,1.560832852212741539e-01
1.897826616393467544e-03,2.992544468187022244e-02
2.356548023243624501e-01,1.920580559824534572e-01
1.531482493907849740e-01,1.256028893019315584e-01
1.316255092310927464e-03,2.176560094372525719e-02
2.050909675268633992e-01,1.518958215588063487e-01
1.186453773389367222e-01,1.638333974676846605e-01
2.558293944996766767e-01,1.403601130910083483e-01
2.408024991629994019e-02,2.368185802181007032e-03
7.733603373733378972e-02,1.123592241555629034e-01
4.144104981698801815e-01,4.620937099028800676e-01
3.325074791363185622e-01,3.978920480794516101e-01
1.542503027975388689e-03,6.273028339758886761e-03
3.153885627036898814e-02,4.102065644558113705e-02
6.172925360829970703e-02,9.764376206802455327e-02
1.342397042065774093e-01,2.833614740350277189e-02
6.795247592775902718e-04,1.173357885872833078e-03
2.653467421391950132e-02,7.580070583828099617e-02
2.610211581554506277e-01,2.665659832650457695e-01
1.665730801665418065e-02,2.894585340747103143e-03
1.507427338378496129e-01,2.771304925282765397e-01
3.448015979838121581e-01,3.608120794806065068e-01
2.196493380970413467e-01,4.772979080100922533e-02
3.975232197462021111e-02,5.193240362628708667e-02
6.874384422839151521e-01,6.948205559690964206e-01
9.246511104274369314e-03,2.012681894875564120e-02
3.740246086452715391e-01,2.749145717236012310e-01
2.652959518917394691e-02,1.594307684148474000e-02
5.340733976610108069e-01,5.580102506732493861e-01
3.862623698631247882e-01,3.708077633948131946e-01
5.254863360957555862e-05,1.434812561609112580e-02
4.562181477990417955e-02,7.265035095921400232e-02
2.306515154104333831e-01,2.091662042112823194e-01
1.226935314459802646e-02,2.546638145148097040e-02
2.128570013988421994e-01,3.393394799778361448e-01
3.990624644177063335e-02,1.224104824076095444e-01
2.446909792745364728e-02,1.060867907580583663e-02
1.661462617075173953e-01,2.115242415554600963e-01
2.378075243138360901e-04,7.889598495981251349e-04
2.468493159548783566e-01,1.500692097328679420e-01
1.526793010344654755e-01,1.192178377115780397e-01
5.024660903814216067e-02,3.169561935209601333e-02
8.537133426472231254e-05,1.619511966750794996e-03
8.670874388675751943e-02,6.621110546681283071e-02
6.810550101791834794e-03,1.406580301710721667e-02
1.035254231877246606e-02,2.177821272679875565e-03
1.269840762411065735e-02,9.101643676755848383e-04
7.662832908208563540e-03,3.787700328575765302e-02
1.910239592232376160e-01,2.147378617459094474e-01
6.127451196596533922e-02,5.368784211684767688e-02
1.203456540655633844e-01,7.153495300682982672e-02
4.732883824144413533e-03,6.209559518546017235e-04
3.289213576737481264e-04,2.599548477940748096e-04
3.661519953879527334e-01,3.585459432728067553e-01
1.354537935374875435e-01,1.888972646536673239e-01
4.820303158489069317e-01,4.804479390885829093e-01
1.682446970747188478e-02,4.851442872075829860e-02
3.976863479243861882e-02,3.314480251545849111e-03
3.311316105618066635e-02,7.320622596802803250e-02
6.846217033137893453e-05,5.398254070757313103e-03
2.657794707209310339e-02,1.563052050670605403e-02
3.479076379317037893e-02,4.566487437660714938e-02
5.106627098797092978e-01,6.538199766905296029e-01
2.223398596096525567e-03,8.367611869383177053e-03
6.342876085375512285e-02,2.738320932837873603e-02
2.211637856713608713e-02,1.245141548446564682e-02
1.417445650104687130e-04,7.192086360396203644e-03
7.598086682000528003e-02,3.250385692806073701e-02
2.255810108244947140e-02,6.011534490804291975e-02
2.439970539261125115e-01,2.584215278600270893e-01
1.758308590887003586e-01,3.058691827311204592e-01
5.849896845656512960e-03,6.696509341373066762e-03
2.569772069498719724e-01,2.871957975496761684e-01
2.908208752166211442e-01,4.331252474278564080e-01
2.331489379835328390e-01,3.987045997615814574e-01
4.925726627703794387e-03,5.620383562437957642e-02
1.742542240023903233e-01,2.645337862719238653e-01
2.576337948338718320e-01,2.242463068226124290e-01
2.755467167405168880e-02,2.846664344936527744e-02
1.093996737223493741e-02,9.672123359796248876e-02
8.481254985921569123e-01,6.708325352181526702e-01
6.818557157068481922e-02,1.150406404373743030e-01
1.332544237287896227e-01,1.243761347902052894e-01
1.151458926912519581e-01,1.072355685912227963e-01
1.631993171858124869e-01,1.801455060971124678e-01
5.660006432983148705e-02,1.117997686490113107e-02
2.167053741059388194e-02,5.595048069472326364e-03
1.026193902176591177e-01,9.914288762717367309e-02
1.447015071468668035e-01,7.792497831113318063e-02
4.248979076055995480e-02,1.098250472001643802e-01
2.928256394985499778e-02,1.320086221863609743e-01
1.459004443899957794e-02,2.680413005732443146e-03
1.917822392723919911e-01,4.127070533902368332e-01
1.983556572457858269e-01,3.795903149573046642e-01
1.394250317614935012e-05,1.212561081276259398e-03
8.724190485309674765e-04,5.798258398496105442e-02
2.096457670657990782e-02,8.602211669459001271e-04
1.720235225622383235e-01,1.467926952265526386e-01
1.038287155384895882e-01,1.309489211166428024e-01
1.328816209487264088e-01,1.307414873678116318e-01
5.541169140478677257e-02,1.732707378254541297e-01
9.724292885784840967e-02,8.366981792837266396e-02
1.002879211262948794e-01,1.384453642953203667e-01
1.938098938374616387e-01,1.817732143369337194e-01
1.047162720777107536e-02,3.754801664560002833e-02
3.221387441813213653e-02,3.746516819954141993e-03
1.585949635133706848e-01,1.063939998172346163e-01
1.837154087994686824e-01,9.517207808597957786e-02
4.398988307566457645e-01,2.632553842334360850e-01
1.162678542076508136e-03,3.762712937028695609e-02
1.507788033555816122e-02,1.594730405787869038e-02
9.346427734142241650e-02,6.508403134358053954e-02
3.150385070232104596e-06,3.544973981952238579e-03
1.181754975819883091e-01,2.137020101533989025e-01
1.731405110787987978e-01,1.339487282631868781e-01
1.402785850631478592e-02,1.737076174272064602e-03
4.172802000258582847e-03,3.024572370569334444e-03
4.800052314431305089e-01,4.562679590221654924e-01
5.678864695376598659e-01,6.190323715139379734e-01
1.059013287406949666e-01,8.760275283589744055e-02
1.932747097748635425e-03,8.931979204913658571e-03
7.562658029545789029e-01,9.409135148202865118e-01
2.436205898633565011e-03,4.995354135725186759e-03
8.462371190833991837e-04,6.853985356968794740e-03
1.050523746010355586e-01,1.467452102403501990e-01
1.661795147641279002e-02,6.727789364733284538e-02
4.028251664011672784e-01,5.449755372944057319e-01
6.594349934454820164e-03,6.734178629259782254e-04
1.211558398380860185e-01,1.655981669394951672e-01
2.654510546662713910e-04,3.952334689609055787e-04
3.912626153560909426e-02,4.242088247548966851e-02
4.084098165702638658e-04,1.915900097562008367e-02
2.533240782383319734e-01,2.410722413318291402e-01
6.004579486475506572e-02,7.464216873426704523e-04
2.397979583896218125e-01,2.012469419625991796e-01
3.556467198911423822e-01,4.158749170869175393e-01
6.704511312661357546e-03,8.005135161179366757e-04
3.625802817631947061e-02,3.020929706965515965e-02
1.434998273176630798e-02,1.752417441965848158e-02
1.096833896522182300e-01,1.469459748736507733e-02
2.717257947789937620e-04,1.608845147967279078e-03
2.466814156998873783e-02,6.242637435599721063e-02
1.283488198758180911e-02,1.955956968071141059e-03
1.539694719733985528e-01,2.036929205273579346e-01
5.363360145035962908e-05,4.882860288581039425e-03
1.481117016715732294e-02,4.168850063537467288e-02
1.720183547838044806e-03,5.072690311002815548e-05
2.274239863829324304e-01,1.787655859006788139e-01
2.414668273555514999e-01,2.105514841161356954e-01
1.276281790266735328e-01,2.111763584382303216e-01
9.731470317493506514e-05,2.068391023016687841e-02
2.710702721688448488e-02,4.722386966698075006e-02
7.610442669503419098e-03,3.336738502085828326e-03
3.270787206527163253e-03,2.165048031496104482e-03
5.662309239059258592e-02,6.891502510764346834e-02
9.506815718899871981e-02,6.263255869569619994e-02
3.811090720566221585e-02,3.729790758356697072e-02
4.691198773919225823e-02,7.348072233463090464e-02
2.241565290216902817e-01,2.527720587547294673e-01
3.764219244279065624e-02,1.865039349613637062e-03
1.321464441580444127e-01,1.203943930200619267e-01
6.381670586812918100e-02,1.521553573232675427e-01
3.041309243140512542e-01,2.720714600170716646e-01
2.267814465667009338e-01,3.040843419445947715e-01
8.122267119636287711e-03,2.076213082436130335e-03
4.064272682705270812e-02,7.089546882652593418e-02
9.623893398663381504e-02,2.024579226407959009e-01
5.269829695479918419e-01,7.514216350237140629e-01
4.092431343440502733e-06,3.413172733335152168e-04
3.828082187649551466e-02,9.703243640364998812e-02
4.986586780402429420e-01,4.312101540938680366e-01
1.746200722811002692e-01,1.504367120579441774e-01
3.254497121963710882e-01,3.031463198118536928e-01
1.514894998753278481e-02,4.038922141397907617e-03
4.493470642787805031e-02,1.549501954758309707e-01
5.545277631780866703e-03,2.628779790565774661e-03
3.480852730625015774e-03,1.049697747429163656e-02
7.221064650938539831e-02,1.862420921189699985e-01
8.499957632882510980e-03,4.231595123150523317e-06
1.465879555226357045e-01,2.190070433830603180e-01
2.089356085053261508e-02,1.295483174680731086e-03
1.820078674456654735e-02,1.673217552588079741e-04
5.811602375044867819e-02,2.310370670473581578e-01
5.046223305053262193e-02,2.798386778514268605e-02
1.308732052262023826e-01,1.256037684359405660e-01
2.536742587931445359e-01,2.312289492053023476e-01
1.911119029657578350e-01,4.202465758717038868e-01
3.809951604295485489e-02,8.865227444564127701e-02
3.539031657652663438e-03,3.334728380933406258e-04
6.897939427254863587e-02,9.836275465643858074e-02
2.955273625934018281e-04,7.223262990229514964e-03
2.020020545996794592e-01,2.781159149636978634e-01
2.048684227114691472e-03,1.241504377787420316e-02
1.221684152179632922e-02,1.193052869258789950e-02
1.790935845783384328e-01,2.499571448549807173e-01
3.450006397180379603e-01,5.275793260296375298e-01
5.640487942864819138e-01,6.127382862352140913e-01
2.805348298501315618e-01,3.095526566280770719e-01
3.002371593612849707e-02,1.105902503189571708e-02
2.952457617416756053e-01,2.731990598525801950e-01
6.202230678701830396e-03,2.036709323268144720e-03
2.073219529435078867e-02,8.024646410712644312e-03
1.959936681852357185e-02,2.642978780287926627e-02
3.866750770340258159e-01,4.285893820575128466e-01
5.922220386054227390e-03,1.120344189869889456e-03
6.838133418348106563e-02,5.809933229791756221e-02
2.843073932737333678e-02,4.689275373939699731e-02
1.154314290458696018e-01,6.245883224719101651e-02
4.778091020551127749e-02,5.126037021456182619e-02
1.480426963757843217e-01,1.388558269470895334e-01
1.745057407971676569e-03,2.878593997026276594e-02
2.450376683335231121e-01,3.549383284786221671e-01
3.485235709551957883e-02,3.742310938520315017e-02
1.305141882115375129e-01,5.933808877997528292e-02
4.233595425922685035e-02,3.495686697292239853e-02
6.260585557569497972e-02,2.592691960755253919e-02
1.819217909388382709e-02,1.902809795782019154e-03
1.054076694271550768e-03,1.079453109169981571e-02
2.540705382745624408e-01,1.822895681546557178e-01
1.163186966816476681e-01,9.468833297638978852e-02
1.180306405485193472e-01,1.780231693552661310e-01
1.705144492185919902e-01,2.199506348465795902e-01
7.052634494279501343e-02,5.506604594059046065e-02
7.711667506297191846e-03,1.265098243151799133e-02
2.637657032939232926e-01,1.583636169399569305e-01
3.479231320476470352e-02,8.457535085349955628e-02
3.764398717974530295e-01,4.683226218032138788e-01
6.101500487807945666e-04,8.633247567086470807e-04
7.707250938770977833e-02,7.838660157496671332e-02
5.597040238721007546e-03,7.867164908572333096e-03
7.225757030909478740e-01,7.803361989801438359e-01
1.232987155507903401e-02,5.227619305623586871e-02
2.849872541021587595e-03,1.008091388730620458e-02
1.841545009938861110e-01,2.067351447985387447e-01
1.031211579052105087e-01,1.181279904711740464e-01
3.851523536295665896e-04,2.763116343917283030e-03
2.829392147157590710e-04,4.424903688270428277e-04
1.536612023502406332e-05,1.384475031365249055e-02
1.053818488388876201e-03,4.583845852211016619e-03
4.044214116601750468e-04,1.511054134574513144e-05
3.127812729479269027e-01,5.269096151093310976e-01
7.645298099039039147e-03,1.161510042200866559e-02
7.256669961339460607e-03,6.683351749671592734e-02
1.126702740694733584e-01,1.244722931843552788e-01
4.818352506162462343e-03,1.120604645184647332e-03
2.830548928856326061e-03,1.747307849127225504e-02
6.118761430475861893e-03,1.141318212959635710e-02
8.218636723860904547e-02,4.897504904552190536e-02
1.442372927477232614e-01,8.394449650413668418e-02
2.288398376183148342e-01,2.315599776082274408e-01
1.277648762838340946e-01,8.793354594184260575e-02
9.250070357210087024e-02,8.188774694607246774e-02
1.752246752282121678e-01,3.255400122550373698e-01
1.403906649914806121e-03,2.566091523887417333e-02
1.170717286668136389e-02,3.117555313888042013e-03
7.112744485678568207e-02,1.518040649046801249e-01
5.107684917540644839e-05,3.580827262359922297e-02
1.663821635902072993e-01,3.328799906622048610e-01
3.628521740287390246e-02,2.653480516275223255e-03
1.884194133994050446e-01,2.431310141503043032e-01
8.385125327000001946e-03,1.559324649367978266e-02
9.024968301641742366e-03,1.975509259947192189e-02
2.799513010629320342e-02,1.481901805378561636e-02
3.760970016222497936e-02,1.894396265988157121e-02
1.807972626494347704e-07,1.442940365658883629e-04
2.080110886229790974e-04,4.662685352255715662e-03
1.385756634611177464e-02,1.502487194369590481e-02
2.467418784559471945e-01,2.799329526284317082e-01
4.031822409176359645e-02,6.027967602846698997e-02
7.989412918205353320e-02,3.136055924993965544e-02
4.816626133634671972e-03,7.130011786859755747e-05
2.615799811201039923e-02,4.451917944357605683e-02
1.754040524326661195e-03,2.412276721109565814e-03
8.513781642253543530e-03,7.856758424395581105e-04
1.141548172728445859e-01,9.820407610455915426e-02
6.181522535423399686e-04,5.359886244847590891e-04
2.586604191916011888e-03,1.488827955491170635e-03
1.027493683940705095e-02,3.839026330673703941e-02
9.397928381015006882e-02,1.068431266650599759e-01
1.007454424410660354e-01,1.928339638916576814e-03
4.645717737986689855e-01,2.805914043592007689e-01
5.565822020693498781e-04,3.228005979273420239e-05
4.522795869436280897e-02,2.041599609134775450e-02
7.045653808794198093e-03,1.850781372032154776e-03
8.179990091600471830e-03,8.328657284754391668e-03
7.917268585689656805e-04,1.139123077072003642e-03
1.491550616175034150e-01,2.010537017593857778e-01
1.413495961001934864e-01,9.871307407751397922e-02
1.179262393464906340e-04,1.478380949031452007e-03
3.500376647972450184e-01,4.225157869532450428e-01
8.853126598861104160e-03,4.072100094497935023e-03
2.058797266089192890e-01,2.010094845382571493e-01
9.760773767535417533e-02,8.957994244853914600e-02
2.586681820896903367e-03,8.322986283123728554e-03
1.935378687128066211e-01,2.062006529451457515e-01
5.856229083786845119e-02,2.790568407942949775e-02
1.234968203655059096e-03,1.430637666860547534e-04
2.980416176607539672e-02,1.438377828047181575e-02
4.540310450861832769e-02,5.454729823891289742e-02
7.346330751987699414e-02,1.139967600420796895e-01
1.509899621210795441e-02,4.006882067786623450e-04
1.230086326119168294e-01,1.383901531717852407e-01
1.274527732046024618e-03,8.649677978253063337e-03
6.587709545278234990e-02,9.467223624312257058e-02
3.541076400097625115e-02,6.228513447092594996e-02
1.746840704120353194e-01,5.499765625518889672e-02
1.632719585759528080e-01,1.458577978667160990e-01
1.673887840403586943e-02,2.745640022724452067e-02
1.076821088121384107e-01,3.060992224717033472e-01
6.441743022244759143e-01,7.081651100838153301e-01
2.013532726823534513e-01,3.291390550673709003e-01
1.222053591333428184e-05,2.509793571939431759e-04
1.024530778670710435e-01,7.470434274534727692e-02
6.709400896620973560e-03,6.324506253369487855e-04
2.878236673797396512e-03,4.502635672833077071e-03
3.185419118054229337e-02,1.890188382758719796e-02
3.887868113711457352e-01,4.678692261077275760e-01
4.428310529437314708e-03,3.790666078418122951e-03
9.100558248282060350e-05,8.010325437893142317e-03
1.703243799447284185e-02,3.606932298109722431e-03
2.204567554313175970e-01,2.357024504334455650e-01
1.560192676506321624e-02,2.798069857640617109e-02
3.364947031596220856e-02,3.558060983162961155e-02
1.031026916020492262e-02,2.366615240584896921e-03
3.908643169877847739e-02,1.181653639015931706e-02
6.216407985334986702e-02,1.055701851717588818e-01
3.196811136675640347e-03,2.523289159076961847e-03
1.178710606472237743e-01,8.794984198920477447e-02
3.030119874593672005e-02,1.703347113332953286e-02
1.214168078415647778e-02,2.894035384156706790e-06
1.320237386426129957e-02,4.912428750756644980e-02
5.380692796217261265e-01,8.413905936797979601e-01
7.967930574500958546e-04,4.383136663777579086e-05
3.398771045637433152e-02,1.413571510589642583e-03
1.052255368854790665e-03,4.075768570156252518e-02
6.474112356703988144e-03,1.952548135546594696e-03
3.483000522609563682e-04,8.251121904682091543e-03
1.707510697270692851e-02,2.080567165034317295e-02
4.937908588203175630e-02,1.638696329994459022e-01
3.505653268028278979e-02,1.151645518993592993e-01
1.761384092038881244e-01,1.153947372874833815e-01
1.301925726213482848e-01,1.901687748311391979e-01
4.536958357952829979e-01,6.169945354753596511e-01
6.012750742833135320e-02,1.638928410120408987e-03
1.439532710195285184e-02,3.915203889081242394e-02
1.103492445420826557e-01,1.027205386345697302e-01
4.409469958798172273e-01,4.385349922695506164e-01
3.706376071769950514e-02,4.466263037535415231e-02
2.088468831396352726e-02,1.325194417598093500e-03
1.089019756462572368e-03,2.197153219732090981e-07
1.221938996949393508e-01,1.148094749218961652e-01
9.912884008498646510e-03,2.195269113542468753e-05
2.752407432927103312e-02,6.533393740569970465e-02
4.012490326927208723e-02,5.877993518042830615e-03
1.260595098468191271e-03,1.743023804149049878e-03
7.073870686718704585e-04,2.263995508851313065e-03
4.918968356354361943e-03,2.515433312134066762e-02
4.341606335279358446e-04,1.526844852182077453e-02
2.003260469836446733e-01,1.348523942255135388e-01
1.013730562934646307e-01,5.812810273562404872e-02
7.657075964025404809e-03,5.845908648154096721e-03
1.881661134988591886e-03,6.617895712568315492e-03
8.601574659101454690e-03,3.877782265137915546e-02
1.688343227057795826e-01,2.911713263814509345e-01
4.247226944255254495e-03,1.168837676262201968e-02
4.876453783211184140e-02,1.274609996810370793e-01
4.396604022685638574e-02,1.426819911015780699e-02
1.417319787339027526e-02,6.248116634154067539e-03
3.306523895592265450e-01,5.066490252246734771e-01
2.389784839848407560e-01,2.790993166782855806e-01
1.238786143527504102e-01,1.190955663041561585e-01
5.065496804514389603e-05,2.997838110534027959e-04
5.967443028608211686e-02,1.663409906571273328e-02
2.698608045948448081e-02,2.020670403656262687e-02
3.045636531699810919e-03,3.185400169787124154e-03
9.707440341985193455e-02,7.601463250858918330e-02
2.757674023269330865e-01,2.579295431118612814e-01
3.690036423156645151e-02,1.206292258695973590e-01
1.657480519956074962e-03,6.833690569350752211e-04
1.407962926637234928e-02,2.103946445259829642e-02
1.348999453305435060e-02,7.374621133219818464e-03
1.939715777054397774e-04,2.401878870374687339e-03
7.123598156965603445e-02,7.819487393308340029e-02
1.459133950642095834e-01,8.426101012949427371e-02
4.222126495727619028e-02,1.178515466286758455e-02
1.667517730069743576e-01,1.174855016403371644e-01
8.766993570715646278e-02,8.972560966575081343e-02
5.467385900508218988e-02,2.213092046964045684e-02
2.267576041417518895e-01,2.077010593650547021e-01
2.219428940167418318e-01,1.834045852152438039e-01
5.116622995207144309e-02,1.660713920323630272e-02
4.605326548891325311e-01,3.769453258852575872e-01
8.785528450343218360e-03,3.776740260132540467e-02
4.313016999473445745e-02,4.711963969033138022e-02
1.120632436921945446e-01,6.282975137114393815e-02
2.003934731010052154e-03,7.072142849883010333e-04
3.166021495540301267e-02,2.986189199854568863e-02
3.019269373170618276e-01,4.957644506365446735e-01
9.161075175135016679e-02,1.205241893046448687e-01
1.418094142469184665e-02,1.062280361452990103e-02
7.161809431010282556e-02,5.578733677625849485e-02
1.895106936775051154e-02,6.575840899218289570e-03
1.676447348999244094e-02,2.924706182543213712e-02
1.612664946052192461e-01,1.155479436178463298e-01
3.894438535561324521e-02,4.326707235298973137e-02
4.282524317228302338e-04,5.453289213258038235e-04
1.187743027568269050e-01,4.207769051407038441e-02
3.010816606874401266e-02,3.849329084295143640e-03
2.318416433935042709e-01,2.876667371472342305e-01
2.316267458738540883e-02,2.701998194193847361e-02
8.988479473116762954e-05,1.779297932045025704e-02
1.192091457580795732e-05,2.937055383421204421e-05
2.423308060006731379e-01,1.897134794970919691e-01
2.149046316729370721e-06,6.849506513952350294e-03
4.515597609246427280e-03,1.608502337957423006e-02
4.628773386974511687e-06,6.225455013654892719e-03
1.542758025971422906e-02,7.399702251629626526e-02
9.371506092908309105e-02,5.438041535246571079e-02
1.416890657177306834e-01,1.405268560080948914e-01
2.514862707683061527e-01,4.099303805356874775e-01
6.411187027316746570e-03,2.564829375745825840e-02
1.155805403602511855e-02,1.884625592428360507e-03
3.128399200939813423e-03,6.428473496029092236e-04
4.714892245340093768e-02,4.083002027317353400e-02
1.979936449979612101e-02,5.187581172572767844e-03
9.320043252183038418e-02,8.479256810943842926e-02
1.730921529451318721e-06,5.615787930814854895e-05
1.944027045674322262e-03,1.639881902226030365e-03
4.748436411270583885e-02,4.617459617428403690e-02
2.826411004341116695e-01,3.942524950123401650e-01
2.666566547564127032e-01,3.009697322689331433e-01
3.542602563825088952e-02,9.638279711986585951e-02
7.992874355482672277e-02,1.141159966794771073e-02
2.902290374661227745e-01,2.441731447790302101e-01
8.119920891805182362e-06,1.734977902475345933e-03
3.583402839481191204e-01,5.650308559773818962e-01
6.035625616695767387e-02,1.233189674338161929e-01
8.793450488450990990e-03,1.354829569422477849e-02
1.521418135949844936e-04,9.838334356296923183e-03
1.075558193655812705e-01,8.870273816551894897e-02
2.936980849524732651e-02,1.614244134541704609e-02
1.284102346643668444e-02,4.414269110105711186e-02
3.805163745387474686e-07,1.262312827756372803e-02
8.219230024479153018e-02,5.358991460386047095e-02
8.677823477307548827e-02,1.231405094692716445e-01
4.772593420776085615e-01,4.667379494536336715e-01
6.295592518078817722e-03,9.800029661890077848e-02
1.383487421526575500e-01,1.117214314954435572e-01
1.068647950931281565e-01,1.111701509148724648e-01
3.852676173910465213e-03,6.040318373687138774e-03
1.134597558178510185e-01,1.754894495505403829e-01
2.430705646970849898e-01,1.766690096496160989e-01
1.525926973744999495e-03,1.246407270020830071e-02
7.400844940667364313e-02,1.020186620381395154e-01
1.956621500907028410e-01,1.791388816921327398e-01
2.233417144078076177e-01,2.277783293416926758e-01
9.615665729761359651e-03,5.867865852968710827e-02
8.106195039521563173e-02,6.381450700877971949e-02
4.517796221426477465e-02,9.021746631992992593e-02
6.325869791601773304e-03,3.271757574902038872e-03
2.729581244515143570e-02,3.103215936171728473e-02
2.025623204007938882e-01,1.801576825490237288e-01
8.857606459458418000e-03,1.129988207647886732e-02
2.562264336431236203e-02,6.391883013541451927e-03
2.806752110148367230e-01,1.913406358582443179e-01
2.193988107850547986e-01,1.326512726277933873e-01
1.382292005979158522e-01,5.542576360371770372e-02
2.210702915659596146e-01,2.004515220551101873e-01
2.161578793162784867e-02,3.244656435036177497e-03
1.638533079857999730e-01,8.147482385248812353e-02
4.961949474054463266e-02,3.876650193818183005e-03
8.149473201547832724e-02,9.429821750071586128e-02
3.651518702492860188e-03,8.947550648299114340e-03
1.666118576041928506e-02,5.883533917969283739e-03
2.675923058900097073e-01,4.669816351430301493e-01
3.163297932102000498e-01,2.815018755769306269e-01
1.580383424843159008e-03,3.653366539149811854e-02
2.685742801004692426e-01,2.505048328189684592e-01
3.079446881289157334e-01,2.625668518076753610e-01
3.844991369954458421e-02,1.393404275851947011e-02
7.543692793492309812e-02,6.250609971496988437e-02
1.054052435920919961e-01,1.430117734216569958e-01
7.532483894257051282e-02,3.822149924484621181e-02
6.699004124398778570e-01,6.447290333223111292e-01
3.136183467889054333e-01,1.743982814169786899e-01
2.304976594217917132e-02,3.201294442160027010e-02
4.103549851759529660e-02,8.529754379326255631e-02
3.990079575622372532e-02,5.332016291327205948e-02
1.238131732914676125e-01,1.832837827847922652e-01
4.370375610650688129e-03,3.242078737309763564e-02
5.507625621066000211e-03,2.396282830253142898e-02
5.998166875805832675e-04,2.309655305961370170e-02
1.065110652673661173e-01,1.981610123450838062e-02
1.001600727744210023e-01,2.234049674845670769e-02
2.704893827172988319e-01,2.210768925632847492e-01
1.220587349112840087e-01,1.112117333671679836e-01
7.486502570910815932e-03,9.062507093751139258e-04
3.744404878206931877e-03,4.480079376468893912e-03
1.936206923601657692e-02,5.836078830581586940e-02
1.024885311119077963e-01,1.057552135042657271e-01
7.389833657078856552e-04,1.704477213825781332e-04
6.296980170855243086e-02,5.233127627777259955e-02
3.137099785715701805e-01,4.819996688364092119e-01
1.595328159773010124e-02,4.157658143769291451e-03
5.352802693937033091e-02,1.019803889245550349e-01
1.709822162858751771e-01,1.037937219749388296e-01
4.289275385832757581e-01,6.113338786893425247e-01
9.723426344946994870e-02,1.075394749842445291e-01
9.366888612173993045e-02,8.390288255100299131e-02
3.723041034327098653e-01,5.373099001562192667e-01
2.135189608599468158e-01,2.716637387437074724e-01
4.407387637487423376e-02,1.170773571828783062e-02
9.023964201715822852e-05,4.795734501029786517e-03
4.654526904506937068e-01,6.421664550129757565e-01
1.677880952740976039e-02,2.116350417744564463e-02
1.350312529693689978e+00,1.639440622999461139e+00
1.981276721019808312e-02,1.503533225437812121e-02
1.459236924955616688e-01,7.810043968646929180e-02
4.933945565117057730e-01,2.904048582207791052e-01
1.225370784468358953e-02,8.422568860407875224e-03
1.208570316218226734e-02,7.757119222576523004e-04
7.785975962286469099e-02,1.036821094575378632e-01
3.269033119632180212e-02,5.400273881590948732e-02
7.496105749300502373e-04,7.249130250526473161e-03
4.460101473340645772e-01,2.673163724724536561e-01
2.097151059215429604e-04,4.822714970337744350e-02
1.504212231711714587e-01,4.581185538789594447e-01
1.015080230338425912e-02,2.463063941040295746e-02
1.156702318928074513e-01,5.258039185239612306e-02
5.873747679318975547e-03,2.694770531237512118e-02
2.159924053427060564e-02,1.366520864389907282e-02
5.640750374185988548e-04,2.560463926544029236e-03
1.708036456471981324e-03,9.416347434809530653e-03
1.150167324246699268e-03,8.907303520141491172e-04
5.704000430605079457e-04,5.383974989381570125e-02
1.950072140708607182e-02,5.580797802435154970e-02
4.038051397652786534e-02,2.212947236841690882e-02
6.076147740044224039e-05,1.624616171929756190e-03
2.237278665717746043e-02,6.393205318161676587e-02
6.920094432988118348e-03,1.193589397426120247e-01
1.641612207779533372e-01,1.694729921938245565e-01
6.113097306314240614e-02,6.397296231068333450e-02
1.658279168989001962e-02,6.795414700520011064e-02
3.191922087090998811e-02,3.394571979895764230e-02
2.374142315739377011e-03,1.907854675438368491e-03
3.418772485446049114e-02,5.663861229028097771e-03
2.037646875681553560e-02,1.000409538562951339e-01
1.396221664648807440e-02,9.597858463651161298e-02
2.792329217778280470e-02,5.248727645659544833e-02
4.379724058443715262e-02,4.674324271978055889e-02
1.057858383806600105e-02,3.695082181254750325e-02
1.156631641205751043e-01,4.010625970983232591e-01
3.773342728657737982e-02,2.467802282389239613e-02
1.013665658395535851e-01,1.870564977391235215e-02
1.047062498159503502e-01,1.083346313832914826e-01
2.161079866040987729e-01,3.289206550603360202e-01
1.951380214915346412e-01,1.295668200130780934e-01
3.836885815538793043e-01,2.598114314112291989e-01
1.709503135925446267e-04,1.780114690206068473e-03
3.589219291991196936e-02,1.559586598223158260e-01
5.514336661743382551e-02,5.213139174071557136e-02
8.061696742758764356e-02,1.454330078620214295e-01
1.521791432733990987e-03,6.023560118757926088e-03
1.264359176168479981e-01,1.212274287464589623e-01
4.727771768459828076e-04,3.369706805444544159e-04
2.542089452993373175e-02,7.574046807727297104e-02
3.227092200345003936e-02,1.297028885833938772e-01
1.686061551311726081e-01,2.029215811858569862e-01
9.412361428447894515e-03,4.695833710667535882e-02
4.161907640466490366e-02,5.816736619860160031e-03
2.221026721551970159e-02,2.475205318430848817e-02
2.020288865335732181e-03,2.278703344499976788e-02
1.265325770756611790e-02,1.022873522843269212e-02
2.182184982452270439e-02,2.976046047091723476e-02
3.836757921173731579e-03,9.231038249554127800e-03
1.039040073042554919e-02,1.991435961474661079e-02
9.438794430022960646e-02,1.006907762847760457e-01
9.439873347174896137e-03,1.793847701451973045e-02
5.899238288893401266e-02,5.832495192949040119e-02
1.327931794436901236e-01,1.634981363664057830e-01
1.373179182537927756e-01,7.708627308087905028e-02
3.463549795241150364e-01,3.825052665481121772e-01
1.600749511516749712e-01,9.844177565479901582e-02
1.232363086913582512e-01,2.297645096361162487e-01
6.159275396366703645e-04,4.510687526435878600e-04
6.421990453489515721e-04,6.731866696223321594e-03
2.997938015041171078e-02,3.371742817942521842e-02
2.746037686489556373e-01,2.163988795140710797e-01
3.210425550164732189e-01,3.056500741492378936e-01
3.831544212368966779e-02,1.802150792722233622e-02
2.356838037997654664e-02,1.251396172532387441e-01
1.322957801743717028e-02,6.248541654527650646e-02
1.294619256287327380e-01,2.093306223385119624e-01
2.562100550265528076e-02,1.982783959791923137e-02
1.042509781828451221e-01,1.187780135388668001e-01
4.551454855803640652e-04,5.273461238193170170e-03
1.774615881748742852e-01,2.726284799352411414e-01
5.047972993754044208e-02,5.263458849597869860e-02
8.354629483963180725e-01,6.918228473016203584e-01
5.567866405759785281e-02,3.656822787015074488e-02
5.514406391914905559e-02,6.115733415850339860e-02
4.061886774535284489e-02,1.003569929589267912e-01
1.230529114679725089e-02,8.119523652358129340e-03
1.078344788798047023e-03,9.117464049254314640e-03
2.204116358747041163e-02,1.504015964391594226e-02
4.455150919640994689e-02,8.417108941184599236e-02
7.486412166616872310e-02,2.163581510708355304e-02
3.864032681259302326e-03,5.822898698624049199e-03
1.777838888564642339e-01,1.562010487741660736e-01
4.333904323119427970e-01,2.750109060299740227e-01
4.425997717800588677e-02,4.958184633147233455e-03
9.923537605060360478e-02,2.266719103003339009e-01
8.677764681201563524e-02,1.339665956803215152e-01
2.961183094772721833e-02,6.276806018348873861e-02
1.656400015235658940e-01,2.886427971488987332e-01
4.440265794621535145e-01,4.949509627472165052e-01
2.673487935817293049e-01,2.043360972195481240e-01
7.227153389776842145e-04,1.755342820109809720e-03
2.102591962046643226e-02,3.048403134153463562e-02
1.594540772432144265e-03,9.734641307848200965e-04
2.763256160235001225e-04,8.824561254302840801e-03
5.360437561874200618e-01,8.190974035313742796e-01
6.363538535752093044e-03,1.733902158344516331e-02
1.675925249362549040e-03,5.305726925099113046e-06
4.436085622645191901e-04,1.100160928002298037e-03
6.000334758289673637e-02,5.576536715995391441e-02
7.150657473405448716e-02,8.410177245842236082e-02
3.502817363830614678e-02,5.180214020773113437e-02
9.106052586328902644e-04,5.843362067569937734e-07
4.857578658272605868e-05,5.255690314954436455e-06
4.061247910697320385e-01,2.844980054061558850e-01
4.074768323255703040e-01,5.698722363199834051e-01
4.887140212614756417e-03,6.157933400489812737e-04
7.388268175650829961e-06,6.522804073636769527e-03
2.322621604513375182e-01,1.901287890739373487e-01
1.057884556442024448e-01,1.442454366082910611e-01
5.406519222936704075e-03,1.760910092427333748e-02
2.240152522660765130e-02,5.836177394767721321e-02
1.300424438755110601e-01,1.281233468353203953e-01
6.740049869920151926e-02,4.088738285180420345e-02
3.283442031775200137e-02,4.449452436474546357e-02
3.182717161016312274e-02,3.597094739350617520e-02
2.270883520021238222e-01,1.955354960742064774e-01
2.548185367939207469e-01,3.341483507101506989e-01
1.426780818405961326e-01,1.318114927077420062e-01
1.193860793999893845e-02,9.429708796979600557e-03
4.634285506100726572e-03,2.856493636090154734e-02
1.292002161234119262e-01,1.951960312720424362e-01
1.238934526222441185e-03,3.588346793932451102e-03
2.403496855290549739e-01,2.162421147634473739e-01
6.628396664143626493e-01,4.547330392154935730e-01
7.451476321515350431e-04,9.291041046136989945e-03
1.237424612085120598e-02,1.441607391809790906e-03
3.686331560194785247e-04,7.520910213330998274e-03
2.623957697709881631e-01,1.328161596266327071e-01
2.393094761155200190e-03,1.014725872894625160e-02
1.815613139137287188e-03,1.102045217996018003e-03
4.161152776413295368e-02,3.669500378185602124e-02
3.135483798601355887e-06,4.327960245152125129e-02
3.393646086731155840e-04,7.964572268664839999e-03
1.974521076164416702e-03,2.096018510806123281e-02
6.803455252699923406e-02,1.082944010740871238e-01
2.289733628029074885e-03,1.236620544496505299e-03
2.617894577081725932e-02,3.273191474770949239e-02
3.245220708380374547e-02,1.277689594478526383e-02
1.481104786385469864e-02,1.169029996914259899e-02
5.857383888654168992e-04,8.228920075360595667e-05
5.372377556050442031e-03,1.141356984778791120e-03
2.213302824917888489e-01,3.937657157129815233e-01
6.124488568515469578e-02,9.773990185556873100e-02
7.060665868261806200e-02,1.809626872119526192e-02
4.939763766231500784e-03,4.723041639856082107e-06
2.131436835727138976e-02,6.810122116138961346e-02
4.898825057839353847e-02,1.171745982307648704e-01
2.121283601497259835e-02,1.027125628716779315e-01
2.128954514365327122e-01,3.819165750467380382e-01
7.131904901751246969e-08,1.626577161937687102e-02
1.384236372433807483e-01,8.301897533254491701e-02
2.265861380227352506e-01,1.616943887051291717e-01
8.991600704400304128e-04,5.347168485331690868e-03
4.243858105926878732e-02,2.210036878936630367e-02
3.389217289840128489e-01,3.788278955785567281e-01
7.145199250674232061e-02,1.250201161557882579e-01
6.705899632534652452e-04,3.874376111557662969e-03
1.678485108809378845e-01,1.416695626858112955e-01
1.578088614252113123e-02,1.042473968133590390e-01
3.366099986450003106e-02,5.880145912195038765e-02
5.966290816090935242e-03,3.673355061015833121e-03
1.781417502635594396e-01,2.024250598031733517e-01
9.742194169819613780e-02,2.621891893599044843e-01
9.769031976214254120e-02,8.874492750460503954e-02
1.662837115451771056e-02,4.381822859617048871e-02
2.539184811972616460e-02,2.774465638632243186e-02
2.319063494956564442e-01,4.322936927263196227e-01
6.760732466965815868e-02,4.411166140374164768e-03
3.944275238668679129e-02,4.355912599535881335e-02
5.006664599330894472e-01,5.448706789857161725e-01
1.538437379839219521e-01,7.439620296411733613e-02
3.180270679239370624e-02,1.902520489744376903e-02
4.833701578804337762e-02,5.402248294475333473e-02
1.256412964203452694e-03,1.164877422206765135e-02
2.456493460563306114e-02,1.334777500968013786e-02
1.686365092786115683e-01,2.894751834549471048e-01
1.142088609778385902e-02,1.149971201097861433e-02
2.084502793796171385e-02,6.968213938401618401e-02
2.992316609261143623e-01,3.600978200133687634e-01
2.573786480334468996e-01,2.823815856774285482e-01
2.606310058824692216e-02,4.451564615216545284e-02
6.869892891739792784e-02,4.380032837620358860e-02
1.221738272861691565e-03,4.174946071617622982e-03
2.339486862390805985e-02,3.735591398696833793e-02
9.666507374872359626e-06,7.897304632613327130e-03
8.936588323090975672e-02,5.814089562680561929e-02
1.168304262569297251e-02,1.142046079635357196e-02
3.621019533217869485e-02,3.082942101448223754e-02
1.974623065050307852e-02,8.360904635297402090e-03
6.917237218776847718e-02,4.008042838725254381e-02
2.633125698766716413e-02,6.463712996622504592e-02
2.730090867525925002e-01,2.647473198113555748e-01
2.365332587008401460e-03,1.266889240644277284e-03
2.324376365417296899e-05,2.330835443771401075e-02
3.172747998948857034e-02,1.970785454259249905e-02
5.987690140817782808e-02,2.114101080245849029e-02
4.300319480132218652e-01,2.676280554789410293e-01
4.188129526513886813e-02,8.438930027675342616e-02
1.253704336956110816e-03,1.671806771276554632e-03
9.992665301981804027e-02,1.776775220224125762e-01
3.552506975184133164e-02,2.143589128447439401e-02
2.088595431221305643e-01,1.963588693594689460e-01
2.045798820666859877e-02,6.738450413827140953e-03
4.505489207065050544e-02,1.569188571150810854e-02
2.461094768796196017e-03,1.714569212264380194e-02
5.669930224245598588e-02,8.990950816742278306e-02
2.219951996205621614e-01,2.041000673737530524e-01
5.886268136567008452e-02,8.603566866724274287e-02
1.484766063174788597e-01,2.497691779249922028e-01
1.411981403949471962e-02,4.608804758894960094e-03
1.011909213613995488e-03,2.087802936483225402e-02
9.671709737585575367e-05,1.298850022649708546e-03
8.172485751187960959e-03,1.500833780207602025e-02
5.366619325512365229e-02,3.050704012837393217e-02
1.610244294035400037e-01,1.446921767868849240e-01
1.417960469609272269e-03,5.181050874631166515e-03
1.082374648986896143e-01,9.377228709393010952e-02
2.590976110412308575e-01,3.619010799716443350e-01
1.508600147608653297e-01,1.633153337467347643e-01
8.301238270108643458e-02,8.894857115070696485e-02
6.226475737331007426e-02,2.110808765026564449e-02
4.101476436674105347e-06,3.975956181624166336e-03
1.205446929674597843e-02,3.574549477529324198e-02
3.751453109926892321e-03,2.945877119366283742e-04
2.592490111153274157e-02,2.130142372197109668e-01
1.484493486730460721e-02,3.033309384471966422e-02
7.652800226936881667e-02,1.247618117776889829e-01
5.607610008487043940e-01,4.502378796069950173e-01
4.054419797999402331e-01,2.947857541005267645e-01
3.654311438242681224e-03,2.480603973263326330e-03
2.167653911765772823e-01,4.380442253321313872e-01
9.193730109946125773e-02,8.767548127456742391e-02
3.388053770070559301e-02,1.117584307683975459e-01
5.501446303318938691e-01,5.245588594310293118e-01
3.064775181281093747e-02,2.435309158594696488e-02
1.306983014922320774e-02,4.736674187591958748e-04
1.190576348718433783e-07,5.062151574042859231e-03
4.548220645824344044e-03,5.608112388756619144e-07
2.441351182392728636e-01,2.138413405638705245e-01
4.528961792674196865e-03,2.382935838942366533e-02
1.171344197869875620e-01,1.291700216021024750e-01
7.091664236162196697e-03,2.903127056480455173e-02
4.464123841556426331e-02,3.720607322874795037e-02
1.022251355809994794e-01,5.895013907853399043e-02
1.275650478870771487e-01,7.934345529484328197e-02
1.194247322867100364e-01,6.248592552249038201e-02
6.685475792800392794e-03,3.993549727210008457e-04
9.330716163097586835e-02,1.949139921265369557e-01
1.019594460268840874e-01,1.450685654871734787e-01
2.350264918670990077e-01,3.460296538217918494e-01
1.020828677699539555e-01,8.116241314768971038e-02
1.876872023092647224e-01,1.468192173857693628e-01
1.112583236400967526e-02,1.001228071334524412e-02
2.130024177323954493e-01,2.833143360300325320e-01
5.123625752629199642e-02,9.327628482290576534e-03
4.389962667322002202e-04,5.869698081110694132e-03
9.488721106418093396e-03,4.868748214391139389e-03
5.251748251529694822e-02,4.984003519948645988e-02
1.780167891579685982e-04,9.014031521358881888e-03
1.273045046443327111e-01,2.115365656558725882e-01
4.113910337330217715e-03,2.221570364565365885e-02
3.433270059601428487e-04,3.477364818779887790e-03
2.408143488287781686e-01,2.429644468841418437e-01
1.749489368812194232e-03,4.236285910606401054e-04
7.081338318482476024e-02,1.385895294698954727e-01
3.993566890871451738e-03,8.483344071259822997e-05
4.856193496676833310e-03,1.144503941188982667e-02
1.793566632041343478e-01,1.716927265455152618e-01
2.054010361944483970e-02,3.228343515494080246e-02
2.899643462464806531e-01,1.811025906859918544e-01
8.595474122907247397e-03,2.991027225491780378e-02
1.821155609152194654e-01,1.367962593103645708e-01
1.745397297255536426e-02,2.188263572995991293e-02
4.485759782246349046e-03,4.991521996735085592e-03
2.286086205909727553e-01,1.494751094150045811e-01
9.227609451381274530e-02,1.932233416760672784e-01
2.235418512439341088e-02,2.814290159106092384e-02
1.294972402551884116e-01,1.060435335026339992e-01
2.530503410685360985e-02,5.121492243266363015e-02
4.651256646636957835e-03,9.639916105975092743e-04
2.132436612936464138e-02,4.080260197205703987e-02
4.960521628061324156e-02,1.243501626701884050e-01
7.788024295622912596e-02,3.369154824418461175e-02
1.984820397843951520e-02,1.999263283925726067e-02
6.098888825730429675e-01,6.981594200874446932e-01
1.305514296286874876e-01,6.278555396457509430e-02
7.533625460453299838e-02,7.008507600054489362e-03
3.776789253614647960e-03,1.522793820079830366e-04
3.950115395386551986e-01,3.605258857755924695e-01
1.714670421788047280e-02,7.673102033730822003e-02
6.119274424619959574e-02,1.906397404022390149e-02
9.779466443527821962e-02,9.277699207021364303e-02
1.755781838906068188e-03,1.495703187046244602e-02
3.472535567071498991e-02,8.780074721960487438e-02
5.704872807761855041e-02,6.569247094162714018e-02
6.012006019829444631e-02,1.401124450480183137e-01
1.003368326531693102e-03,1.319370496925433792e-03
1.799819055898915776e-02,5.457691014954319658e-03
7.310470666652202527e-03,1.968222595051551463e-02
1.066628796613022928e-01,7.949758048302892066e-02
1.179395218238817739e-01,2.275205044791120124e-01
4.820526371914604473e-03,3.864564025633509658e-03
1.072004368741326513e-01,6.571303268811151677e-02
6.801466290972260631e-02,9.662826797547541258e-02
3.178664899444096775e-02,2.597440718054061862e-02
2.008141889103058284e-02,7.880888028786717237e-02
3.225155181684518507e-02,5.580803867571692287e-04
1.635419187780393080e-01,1.459470738713729565e-01
1.195453298527138775e-01,1.914138358581675414e-01
4.950533723872660682e-06,5.616366951904296079e-03
2.236854539806420739e-01,1.739331700868285702e-01
1.068461414919152780e-01,9.187166622000922378e-02
3.723570286352817504e-02,6.186057694229295245e-02
9.184373920366967550e-03,7.965121388473927642e-04
1.109626844293226389e-01,1.351722598982664225e-01
1.326048726423246227e-01,1.532327467576643509e-01
1.173680580373731019e-01,1.405718444632278463e-01
4.373665860115197312e-02,5.081555916099875225e-02
4.422079594744310338e-02,3.935343205456819093e-02
8.806100959889401336e-02,1.482814360107356511e-01
4.025409143201010287e-01,3.534527126587547752e-01
1.861612894962885456e-01,2.394657680953455603e-01
2.273832258397418676e-02,2.098910106949551310e-02
7.043832622220929165e-03,1.947850363888161546e-02
3.908087030279465413e-02,7.277864430422598119e-02
2.309721192554752781e-03,1.751152222408179290e-02
1.735817457291047028e-01,1.992664359221029691e-01
3.244944629200601782e-01,3.289941764667765334e-01
5.089359129324066110e-03,1.829683249898580479e-03
2.132564762469795483e-01,1.633923932091796427e-01
2.460100455328786614e-03,1.264174385923472069e-03
6.198444134722113676e-03,3.149298048327567670e-03
5.295953618088059534e-01,3.781278922007499377e-01
2.297060183518553067e-01,2.796159177433937826e-01
2.595168484714956841e-02,2.403177621286649301e-02
3.812733053171285524e-02,8.180536002168545262e-02
9.659722387737086635e-02,6.801842040092563602e-02
9.215044645220074604e-02,1.189811060471272081e-01
1.174979687718537280e-01,1.786272565607641138e-01
1.756547918001189756e-01,1.284263183540693132e-01
8.588056830677727460e-02,1.150219342937052053e-01
1.423379473738712458e-02,5.199778146657418193e-02
1.772366229871235807e-02,1.999807997964076281e-02
4.989466142690419936e-02,1.774721115084346851e-02
2.082087712779729927e-01,9.525117329745999561e-02
8.880371094455057068e-02,1.068786163507793180e-01
3.516016951581424317e-05,4.714922457038953855e-04
1.941277854223484589e-01,1.401903059143680408e-01
9.119935112663975219e-02,2.055455177742033027e-02
5.508093467199259852e-01,5.960660423253394402e-01
7.081217591949517942e-03,1.040192297608783000e-03
2.228237593511839532e-01,2.004739805881630699e-01
4.766132849597317267e-04,1.027924751606130137e-03
5.530798054007007164e-02,1.509947264769037970e-02
5.130091285655626887e-01,3.959786451551293163e-01
2.212850782898262078e-02,3.813175690433520670e-02
1.056170221642979135e-01,6.730258003321758220e-02
1.335413541408371658e-02,1.525566685222738521e-02
5.629647523363067591e-02,5.011895995986304087e-02
4.347495360128318942e-01,3.740189672918274866e-01
4.789156422875075897e-02,4.457338574965878653e-02
1.178307316114697318e-03,8.363966581908103756e-03
1.019339909633812519e-01,1.756282873116761789e-01
1.229486975157024261e-03,2.345284380636955112e-03
1.916182137083948245e-01,7.366631162653108911e-02
3.857140527685843506e-02,1.747034911878807620e-02
6.108466355672097919e-02,6.072371674243236955e-02
2.528973890678330901e-03,1.095585190730416806e-04
3.107119174599672420e-02,2.283856375956879944e-02
7.485103665679794516e-02,7.324532078217636799e-02
9.764900814481729252e-02,1.052105078190347515e-01
7.572811067762472148e-02,1.170523245144838853e-01
1.200134339693150615e-02,1.090457177533485887e-02
5.225084744176503732e-02,8.016287845308046889e-02
1.672167011217456922e-01,3.192586544450856101e-01
3.374385994253127890e-03,2.668630776747664760e-02
9.749808369364922761e-03,3.830473386116920592e-03
1.702170541390119959e-02,8.216272223171916522e-02
4.550091042644944898e-03,1.183825509404803217e-02
4.350900129139206179e-02,6.076815097279067435e-02
2.554177351571700338e-01,2.859761700680596430e-01
4.128877375104002961e-02,1.238097268177032473e-01
3.761150661997570976e-01,4.487890064733041640e-01
5.407130591346104688e-04,4.562779748064500415e-03
9.765942643055601936e-04,1.718667081861278978e-02
5.371923799432819224e-02,1.303228448942908291e-01
4.406889196639996453e-01,3.983252063628680006e-01
3.480781737186785380e-02,2.662449219997152158e-02
1.243347124128566239e-01,1.444702469979156356e-01
2.045729417554485383e-02,1.633569020081796636e-02
1.870503506615310563e-01,2.093703406052344340e-01
2.157739331284913228e-03,4.831282251955608398e-02
2.376683285785264818e-02,6.117462493612668001e-02
9.120472209906620858e-03,8.852605666042416555e-02
1.049228275405226021e-02,2.956062016007173290e-02
1.002931544999232372e-01,1.893606278522892983e-01
2.980486755860173309e-01,2.395474974615571795e-01
4.388353853911331481e-01,3.754082610758091021e-01
2.986366094831716545e-03,1.247218923061362884e-04
1.753960022083438097e-02,3.437095646305041857e-02
1.530137482337436128e-01,1.489582204415593192e-01
1.693145604161835349e-01,1.707257694302050932e-01
2.864465476263140754e-04,3.681683688646436581e-03
1.399518063847757787e-01,2.428196737552715256e-01
7.636435527216147269e-04,1.543521422162060300e-02
2.377418789536153709e-01,3.187693468524848694e-01
2.098483472514596230e-05,4.977162426923406602e-03
1.017367322837220284e-01,8.928440475965163103e-02
8.067796467681270789e-03,3.014069285481698474e-02
3.147479322001434099e-03,4.263906366450710000e-02
3.361407258378109990e-03,1.386423925477342457e-03
5.040686397960026932e-01,4.383805533234403917e-01
1.634390977000568790e-01,1.101037381253186093e-01
4.855904288194084345e-02,4.995861873490644450e-02
8.509402369332548510e-02,1.556161726975731074e-01
7.458871960306213966e-02,5.651886765935420359e-02
8.357236996620564379e-03,1.576144969419064580e-03
1.738991573404990720e-01,1.942260530217568837e-01
7.889387172728634656e-02,1.315782999963876210e-01
1.560780381500899124e-03,3.181891820925784875e-02
4.229893536665630532e-02,1.422836742057793404e-02
2.361802411851842212e-03,5.086507675221339873e-04
2.002536779825675808e-02,1.954987817578672515e-02
4.134559520987675200e-03,4.305875137152834035e-03
1.573946919920636567e-01,1.219709324914755588e-01
8.352675687483079869e-02,2.123455784608443281e-02
3.634198541413056760e-01,3.019946132722693966e-01
3.991894972545241560e-02,1.808124140176113268e-02
4.142564738003384761e-02,5.420214898168511619e-05
3.111976670955152787e-03,1.018025796271879030e-01
6.207843788098505074e-03,4.367955040122194210e-02
8.494154541828675964e-03,1.583795883812091909e-03
2.742659630179948571e-02,7.103652367623056185e-02
2.781007630370967432e-01,3.978035231890739709e-01
8.639754672699200000e-02,1.282630496352518412e-01
1.273140945080976361e-02,1.049008603790355099e-02
4.152507450273542622e-01,4.587485704163309364e-01
2.976627222669659106e-03,2.260944696836417189e-02
2.932446120632921649e-01,4.473820986857520166e-01
3.294088629847095884e-02,1.590984727406925857e-03
9.785167038709485787e-02,1.568486013496763198e-01
5.743234828740666209e-02,5.336286161413275955e-03
3.696628703351403367e-01,2.634517863465071219e-01
2.214634412254596826e-03,7.847822042210468585e-03
4.571297260873224966e-02,3.974660529081777000e-02
1.233285409562962093e-01,1.846721866001515833e-01
2.768041043001946422e-01,1.886519029498746336e-01
1.730182691838060283e-01,3.078964602677367601e-01
1.438143521302709948e-01,2.177126684479068763e-01
1.273653553374007596e-01,1.272513613212077344e-01
5.424693474162222556e-02,6.421410960163734249e-02
6.316857859987989876e-02,1.602185436026750190e-02
6.418001757914228557e-04,2.463495177215390699e-04
2.951351431278804310e-02,7.837536792859069179e-02
1.274467844808186423e-01,2.608806136896261729e-01
1.055636602184874956e-01,1.622362712978181187e-01
3.423048199890596499e-01,2.689238022642445047e-01
6.519892205129671492e-01,7.071710519372419457e-01
2.078890623198671461e-01,2.447451389288300139e-01
1.862220134861577309e-02,3.262938581839062990e-02
3.249796642061724694e-01,4.689640326869563558e-01
7.191035579185262039e-02,9.884916641378553581e-02
7.121206171402792717e-02,4.930279920998493354e-02
4.042663710035239166e-01,5.078170301006452725e-01
4.710443125113539242e-02,3.031783646892927814e-02
1.189324766603542249e-01,7.592205554188440064e-02
1.249556312494904675e-01,8.765613421006031303e-02
5.381670822997171311e-02,2.223732922009351853e-01
2.656895488322500972e-04,6.233962313346096476e-03
1.582896832705932566e-01,1.359582375792801057e-01
1.507339406099327157e-02,3.966088905137757359e-02
2.998722079403102758e-01,4.046324229512507920e-01
1.420035895477680943e-02,4.013501229380912055e-02
2.023987789506118476e-02,3.998812351546531668e-02
1.419012726946467240e-01,7.604389638871592028e-02
5.149092153685975483e-04,2.471553372568879858e-04
2.661131899694539893e-01,1.768141742978859010e-01
4.677481322304034156e-02,8.398029340197199488e-02
5.090499203182476951e-01,4.884010251596751506e-01
4.495204463931017774e-03,9.077262851885856132e-03
5.441071324125382365e-03,1.178273145205208788e-02
2.416772920440199424e-01,2.586131704491128613e-01
1.030970997039548989e-03,8.654306291252603913e-04
1.487370550971324479e-01,2.188044000795448807e-01
4.857555264681775520e-05,7.185243540466984330e-04
3.649943716697801044e-03,2.052487963570009608e-02
1.303439215725659198e-02,3.154338641022768480e-02
3.033522895582150408e-02,5.230229079140947396e-02
4.892884826739154341e-02,6.664300272321903307e-02
3.284326604610840472e-01,3.275739021913682270e-01
2.400352742868027203e-03,2.181839247624360600e-02
1.644539283761817239e-02,1.622507276578522006e-02
5.362427078376529738e-02,2.108370234169586535e-02
9.477269141862795787e-03,2.761301422654128136e-03
4.273558485213047910e-03,3.400154188544706824e-04
2.753639985688257491e-02,2.704867724249550645e-04
5.958238348300535364e-03,1.187474089669426046e-02
1.860425358295106661e-03,1.012447852996464998e-03
2.865634108911191413e-01,1.638754730483877597e-01
1.298632557836972845e-01,3.769691164947207296e-02
3.948836773705740599e-01,5.016286615443016350e-01
9.907221989848856436e-03,5.941472594272894509e-02
4.335774928619814256e-02,2.264351677187666223e-02
7.729704163620618185e-02,1.663690477286725380e-02
5.062000682313581024e-01,9.010171595423625002e-01
2.954704472613688473e-02,8.296472304911073001e-03
3.126063175536734993e-03,1.104678115261012276e-02
7.401274797058799825e-04,3.344117889739463972e-02
2.863041051164568751e-01,3.817474488337708194e-01
4.846863469336504943e-02,6.206839060713030543e-02
6.776434180404009890e-03,1.441232510913776320e-04
5.686167466056705165e-03,4.286625538207725094e-04
1.156265408523947519e-01,8.979692470284605932e-02
2.531788968961340980e-01,3.593972410658635708e-01
5.698765853691032529e-03,5.506366579066943219e-03
9.348635111589271782e-03,9.111590848287899266e-03
9.322918185523492969e-04,1.548313895177070654e-03
6.075585100135489844e-03,3.932853317822066451e-03
1.468125374984665689e-04,2.285385715044477642e-02
1.249879148593416173e-01,1.148135231401966605e-01
2.077498422968817038e-01,1.280957488352282847e-01
2.488386902231880249e-01,3.788662163214269740e-01
1.047704054990473838e-01,1.765642225948919897e-01
4.034007717652178613e-04,9.827232454219451963e-03
6.518137424042681760e-02,6.666445716894693618e-02
1.912408206244356132e-02,7.015738055582936006e-02
2.558208293156128410e-01,2.899449711818882225e-01
2.620431335298663723e-03,4.193790073014578570e-05
1.091923057859165019e-01,4.885824625459312537e-02
5.355057313860214080e-02,3.927721152580599534e-02
4.791656050689261531e-04,1.569015950029816383e-06
6.186018934516228363e-02,5.706944328493978452e-02
5.830875710658104533e-03,1.051155017180539601e-02
6.762642880926889033e-01,6.311268286307192277e-01
1.066999583797767145e-02,3.470092680978778543e-02
3.328029851248019422e-01,2.430402657798603483e-01
1.391086574239122631e-01,2.138904589301473813e-01
4.085887225826863589e-01,2.738649263731395833e-01
4.512201165453570521e-03,1.951272237299693122e-03
3.753478180293423616e-02,9.303583110335227058e-02
5.715509017511415796e-02,5.134141624296066631e-02
6.893009124531854735e-03,6.060721022264328739e-02
7.446667746470246423e-03,1.813578371940640158e-02
3.737791654750824487e-04,3.091608540157972634e-03
3.927741059548077451e-02,3.328349537165931071e-03
4.556984467196786848e-02,1.111663742251321196e-01
1.228227468791334015e-01,1.469016788472236601e-01
1.096797462127448256e-04,2.290638221799131367e-03
1.978552349940176838e-03,2.584186952103458348e-02
3.530158616226446999e-01,5.769074068528149413e-01
1.634678518572321160e-01,1.886993186837511438e-01
1.885273037333988358e-03,8.813930423289072615e-04
3.342537967984547942e-01,1.945865717674836182e-01
6.460203203825885809e-02,9.750126290064214940e-02
3.703447067815634486e-01,5.458601983576749639e-01
6.440953743774271989e-02,7.031710417435013682e-02
9.363370453103130042e-02,1.305173786636847910e-01
1.215229862738728545e-01,3.009918923000153845e-01
1.389345121247379800e-01,5.906174092571199463e-02
4.120669280728957995e-01,2.493480559063494806e-01
1.543622518609943060e-02,9.669749011058587085e-02
2.149294113042864510e-02,1.993891595263536445e-02
3.560903331369164732e-02,1.967796379515696168e-04
2.968053893983192172e-03,2.217313511026941953e-03
8.381232533375833349e-02,3.759230026341813663e-02
8.750070308673890684e-03,3.692593667948368408e-02
1.406685496706847581e-02,8.428284727181074854e-02
2.651714001130958120e-01,1.362863525783494234e-01
1.842487742770020087e-02,4.613067660836960775e-04
6.902849720895553043e-01,5.097898458074272554e-01
9.793070384789688901e-03,5.531084466709411049e-03
3.615045903782857645e-02,7.928520882446910001e-02
2.659795276941664607e-02,7.950950492722093366e-02
6.322950423239515061e-02,4.871018309666077378e-02
4.273760593409040021e-02,2.874814960600156552e-02
9.642298489518599802e-02,4.297494263232561756e-02
7.811540529791093090e-02,9.463462303888039995e-02
1.939841028600327926e-03,1.242200403234248454e-03
9.664218809394237858e-03,3.548348462371087725e-02
1.387571860962095484e-02,4.818233349129394882e-04
4.628854851394161724e-02,7.334013083666274246e-02
6.126048532373562505e-02,1.976790109585327762e-02
4.477641339945151455e-01,3.929936071264432118e-01
1.858962303689375983e-01,2.928657417443372712e-01
2.089741507895785388e-01,1.214175853286276752e-01
2.872429570238060198e-02,6.281689380431468295e-02
4.465243789530749102e-02,7.690820305279262581e-02
1.898018119603269577e-02,3.275806403525809846e-02
4.346502338949131961e-02,1.447282952231499775e-01
6.571863226116175750e-05,1.853274981960131938e-03
5.007742881131747349e-03,1.285008794775899937e-02
9.869560735482436821e-06,9.890579838481394596e-04
1.498605712901114606e-01,7.127211353094221880e-02
2.093043170371892622e-02,1.862167490291053579e-02
6.737575801233550155e-02,1.256028740761090667e-01
3.088296381697919549e-02,1.550163896563003067e-02
3.933607160705190342e-01,6.456379916953710607e-01
2.810827208653222109e-01,3.885794139631150168e-01
7.555942357005161931e-03,1.656460448828235869e-03
7.858075679133427749e-02,4.859453439393705831e-02
3.573878774407668324e-01,3.282563216577317200e-01
6.973094549369301953e-02,1.050292435450973366e-01
2.540208160868558801e-02,2.531306802921778204e-02
3.559140321092308518e-02,1.627318689902775006e-02
5.138683682660135504e-02,6.339078782242712172e-03
4.193650895760250158e-02,2.958178583946788343e-02
1.700709652174374198e-01,2.722236938139339091e-01
1.648106829677636886e-02,1.690709682111235165e-02
2.583152656073208972e-02,1.801512818737426936e-03
4.787199522171861621e-02,7.210797173982234909e-02
1.280906890615811410e-03,5.203182161041597148e-04
1.617998876735680588e-02,3.029868511758994701e-02
1.358785682678448348e-01,7.579866804803106484e-02
2.396994679883878432e-01,1.600034565139909770e-01
6.981383831873727575e-02,4.636150116029023188e-02
6.160223406742751720e-03,2.805634481272927102e-04
2.411140775661911909e-05,1.005126363232529407e-03
5.777271325726611971e-03,1.686379671198718830e-02
8.463872392652153909e-02,7.209256444293347943e-02
1.491262716484825432e-02,1.142988026306649037e-02
8.890367577968119606e-02,1.173381900284202056e-01
2.832059987271560719e-01,3.821580881642822614e-01
2.944412525148468740e-01,2.512546249855590608e-01
5.851336589035963098e-02,2.200309491629760025e-03
1.563331600441217675e-02,2.422061665989549625e-03
1.178130905370615295e-01,1.343785808328849807e-01
1.632385158740945388e-03,3.147350888460804380e-02
3.348219007676093983e-02,2.224475503322843536e-02
2.478799939999522528e-01,2.763463015591927086e-01
1.078355132197543892e-01,1.905398385554969709e-01
2.277768665446570223e-02,7.818241024908226255e-02
9.281514239638929964e-02,5.709221862301163547e-02
2.791187211342708099e-02,1.632517259577642363e-02
4.155505544856121641e-02,3.812150208369897986e-02
7.213923529275660044e-05,1.372352708835554999e-03
2.534917290045798910e-02,2.684321291364628534e-02
9.643286112458372694e-02,8.329138148825636356e-02
6.728962443223583667e-02,1.204487665956785747e-01
8.455132632980581764e-02,8.636140343480394610e-02
8.733314544149328729e-02,7.115077538011996272e-02
1.124599323545055936e-02,5.085481727027216237e-02
8.472004916224840088e-02,1.208561682695505901e-01
4.780535838190246196e-03,4.333505347970715259e-03
6.401596594404530653e-03,9.980320111208824257e-03
6.134721964519350701e-01,5.991086725958274517e-01
4.099726033352318563e-05,6.547871088985782838e-08
6.671554483187408513e-02,2.795189039089753663e-02
3.304444213746864922e-01,2.998302628461847474e-01
8.495808226484416470e-02,1.119783736556068110e-01
1.067641725821590233e-02,3.246414083849778059e-02
1.780916926097219355e-01,3.389032215677043047e-01
1.169768699812453669e-02,1.103268917342258570e-01
1.194770624094464162e-01,1.192494988034938780e-01
3.784056051682644362e-01,3.511060118674133590e-01
3.008481349121613913e-01,2.928199623910265892e-01
2.725760748820887369e-01,2.941075606407990706e-01
4.249967108489361572e-02,1.354427873422802547e-02
3.605383287721394825e-01,5.079477598769661650e-01
3.261119057282287764e-02,5.195812593739642694e-03
1.110013192081705236e-01,2.023084919030860573e-01
4.856434267469217532e-03,1.305332521265724875e-02
3.655956857976716545e-02,3.516435282939758128e-02
3.778877974345461882e-02,2.386504629078322476e-02
3.995270225893140376e-02,2.516489192004674538e-02
1.185012446501085281e-02,4.009757917808345028e-03
2.387327240340232637e-02,3.458020762268960990e-02
1.134913014223637787e-02,2.124278472468104154e-02
1.354147167709849643e-02,2.629119418819006113e-02
6.927166503083790998e-03,1.172536740987352433e-04
2.171642046946817284e-01,2.718184874868342371e-01
1.591036614072756719e-02,4.356406658704772145e-02
4.533871477759233298e-02,5.821701226079948471e-02
2.529895434769056650e-01,2.019459966092975456e-01
1.235661086743590270e-03,5.908110345328685406e-04
2.411497900877955514e-01,1.915938590689163501e-01
5.240096437252775297e-02,6.159113559273755173e-02
8.664433911486355607e-04,8.878329606470806643e-03
6.270108674708172458e-01,8.831458104609243298e-01
7.035737343586903961e-03,1.115237053613437517e-03
8.130325757073110854e-06,8.039245083335854261e-03
1.847711600824331404e-02,8.467201598551150205e-03
1.587032579127795051e-02,1.357118348928827538e-02
1.548858591300442678e-01,7.818189336965762626e-02
8.540476606619711031e-02,4.157277697602977662e-02
1.826647081060464931e-02,4.312700215476251292e-02
2.785399027824328813e-03,6.661067399115795651e-02
1.389592918643825226e-01,1.788901907810058756e-01
1.989284771780361859e-03,2.745815420853258901e-02
7.127397730175953627e-02,4.719942283618715900e-02
1.002103463258118519e-02,1.914448399510055047e-03
4.932972569614129665e-01,4.461386055789193228e-01
6.380281081404863552e-02,4.735359355265224973e-02
4.716774090342805252e-03,6.147531611892380864e-03
1.858747902210547698e-01,1.656641448806542016e-01
1.737455552728010000e-01,2.032292942419724469e-01
1.878667315483204545e-03,1.534517797986426936e-03
4.883786881141296415e-02,5.132601436135052902e-02
1.187932549425941772e-02,5.361316663403293409e-02
7.554311547790827641e-02,7.148078134446780862e-02
6.429209245429791039e-03,3.693957681182752259e-05
5.125871301352020321e-02,5.845392855050025871e-02
3.228430312545120008e-03,5.151849602304741683e-03
7.858020556528168277e-02,1.431892405147608127e-01
8.842604013620895820e-02,1.102065880652898927e-01
9.402136049890010006e-02,9.380870703381724574e-02
2.395487099322654301e-01,2.259304247108933628e-01
6.305709705097554962e-02,8.258131081761971304e-02
5.914788268045845232e-02,1.055700799400176165e-01
2.517328138079172328e-01,3.284829562374596557e-01
9.038828131753455855e-04,1.336502657362243808e-02
2.017350315421126694e-01,1.145412539256930318e-01
2.031733947069987167e-01,1.672028734905471048e-01
7.411968398151217896e-07,3.579035527862641126e-03
5.144201808832744582e-01,3.352292023065056581e-01
2.183410559151656161e-01,1.533541130554306464e-01
2.835228360672267245e-01,2.791307662889676022e-01
1.964946032397328624e-02,3.738851825016902691e-02
2.969588183758196942e-02,5.130332553394338635e-02
1.457259139716492180e-01,1.780742442268752335e-01
2.178632144692452810e-01,1.940080623556479367e-01
6.418297697983769978e-02,5.619747873840082869e-02
1.383492558529040017e-01,6.213418305349367038e-02
1.116437495234949475e-03,1.508362467961157742e-03
4.462798737468805232e-03,5.125695567869245975e-03
1.228884486933224662e-01,5.744580637950581770e-02
6.627643381296446923e-02,5.972627743238100029e-02
4.330107366999943162e-03,1.331454613435557269e-03
2.144277440793254663e-01,3.759055306668490637e-01
1.011551569046214571e-01,3.895357768014843375e-02
4.085041935690294362e-02,1.086036784763544372e-01
2.842312668680008203e-01,2.366415933032475771e-01
7.718891380296069582e-02,4.761365363160617592e-02
2.588199359838781613e-04,8.883281473248259597e-06
1.091611153043363230e-01,3.828682041175942019e-01
2.395092581592591086e-01,2.373433314516562032e-01
3.470158794730909130e-02,3.652389267974406883e-02
6.770406359042516285e-05,3.065636052424636736e-03
4.549663899818405348e-03,2.714744281921304647e-05
6.817966277802975372e-02,4.272018774151321863e-02
1.865922103168923818e-02,3.305780158017833543e-03
4.047482114796481165e-03,8.309285331679544854e-05
4.437250585871875541e-02,1.315290203923939194e-01
1.324246749971201287e-01,1.759901050358708419e-01
5.168404920103031319e-01,5.372690847667218605e-01
6.380963469856444636e-02,6.246128383421517549e-02
5.089470092995156819e-02,6.151435848036349713e-02
1.045998081528914520e-01,2.480275580238732458e-01
2.200194377889671746e-03,1.159008093425929233e-02
3.323735379211287810e-01,3.475860841223586406e-01
7.684867641838363794e-02,1.141582495187794671e-01
1.581876092064639838e-03,3.919960479057127412e-03
7.447751794266210812e-03,2.824986110890221626e-04
4.179254677336476792e-02,3.084089234297977475e-02
2.387214481167812263e-01,1.983771489531058752e-01
2.434014072561461461e-01,3.060301075927308045e-01
7.074096802474247846e-03,1.949553455981807223e-02
1.955067025409370010e-02,3.630237264837891768e-03
3.844867298255758015e-02,1.199402142478640382e-01
3.553103773848459990e-01,1.675396180374890687e-01
1.824768768730622922e-05,2.815214961673345381e-02
6.424021703071632061e-02,1.681852522004785022e-01
2.042103852642112791e-02,1.161401081331542686e-03
9.825346367924378543e-02,1.384238290379189440e-01
1.079966716413632011e-01,1.202035470468953565e-01
2.660143754573124353e-01,3.001550243412409724e-01
9.141813000509710352e-02,5.133057644025798560e-02
2.266175572115909165e-05,4.300960407350980230e-02
7.381751077184927484e-03,5.445560109404621110e-03
2.070172423956128105e-01,7.265934046387247103e-02
7.014773737190507785e-02,5.581548284101551377e-02
9.002000853939659672e-04,3.789996713133215143e-03
2.665987287301230420e-03,1.960224193173275981e-02
3.880717144312926248e-01,5.814022926217020659e-01
4.277943836563947999e-02,3.813528276868112694e-03
1.040518870167109200e-01,8.182355295125304240e-02
1.788230671590467225e-01,6.780628032749409784e-02
7.481769973739785945e-03,1.310797227160441156e-02
1.132102397728633192e-01,3.900121232867370669e-02
4.102776489692959438e-02,2.591799887857477308e-02
1.753581142544511848e-02,2.353554937387419138e-02
1.897760030738718240e-02,1.413137034246113397e-03
2.663091163556164931e-01,1.471513446239803846e-01
9.770286400746086564e-01,1.055556850883842213e+00
5.109983031616337386e-03,4.609821863018443572e-02
3.734159549269347456e-01,1.658878937453064362e-01
2.023633085622573713e-01,2.629088418881446731e-01
1.069110513480640151e-01,4.421918385914202360e-02
1.659482009553956208e-02,7.268302664584594744e-03
3.960668548159858582e-01,4.148157510371391909e-01
4.478985915657876515e-02,2.454943895241552820e-02
7.024065800662458552e-03,3.068592510607019968e-03
4.740729531772409633e-01,5.192467012519940139e-01
1.081176583779510682e-02,2.729981106990275394e-02
3.618217432498780500e-02,1.488046112774507775e-02
3.838643472719049932e-02,3.959422059354543444e-02
6.142174839988928658e-02,1.515986358489377628e-01
8.082086750070857639e-02,6.826094573879366856e-02
5.032903381395016293e-03,3.377659518662064122e-03
5.605161063690597932e-03,4.075947792128316836e-03
1.606788315922628649e-02,1.586602760019747288e-02
2.796015557677293886e-02,4.443033311330615853e-02
1.231075431259598049e-02,3.809105064870133006e-02
4.271824475390029879e-02,2.544856763152733223e-02
3.098779811087157970e-02,4.127511625651972965e-02
5.630865326248699759e-02,1.094592178516911180e-01
8.353999048372040548e-02,3.431461766451411599e-02
1.852190341437907201e-02,4.762404533544815671e-04
1.959582498634698279e-03,6.073075194508752899e-04
3.669134811906343829e-01,3.452553671931328227e-01
2.235962034049580882e-02,5.702282686490101060e-02
6.379214699203825069e-04,2.619223372103049279e-03
1.811589850195803250e-02,8.078301922089935194e-03
8.629474987972433897e-02,7.587985094188826052e-02
1.802305255252857272e-02,2.676934353702140751e-02
3.461651727239038745e-02,4.577898401068510731e-02
1.717847244872656443e-01,1.025805726947680852e-01
1.009264876954500071e-03,8.846735546509448475e-03
2.226937660608243885e-01,2.963039173701842444e-01
3.275228849044289903e-01,4.133869377060675476e-01
4.588430231693254452e-02,4.422858522224380751e-02
1.609258009215856072e-02,8.735748001235449020e-03
1.390782444484483515e-01,1.183127245730896809e-01
1.947830597651069306e-01,1.637843386021875514e-01
1.720033292125048574e-01,7.406305336841041698e-02
3.434654848704833674e-02,9.519093512246121561e-03
1.721468545497474101e-03,1.945928266265788478e-02
2.210932328997807506e-01,3.425939976734332926e-01
4.632089095092841585e-02,1.246056210774315193e-01
2.143467944404508219e-01,2.543707722906349833e-01
1.459568685886754591e-01,6.561839542486255783e-02
6.583144607246710356e-02,5.991378487743426184e-02
8.005010098054680598e-03,3.952462976506371868e-04
1.283635297555955068e-01,8.039494270682520649e-02
9.508479047165237230e-03,4.967355982225857465e-05
2.504404538735797159e-01,7.492337891098782565e-02
5.596622129676887686e-02,1.243741677727764200e-01
2.432499737346149275e-04,1.459540095618934788e-02
1.740518351882795745e-01,1.207695704926453756e-01
6.287812343474897814e-01,4.353864970404626167e-01
8.126828831557307564e-02,9.612656937658589640e-02
3.668764578103834301e-02,1.117554039245567538e-01
6.517441325028801302e-02,6.796904092813052523e-02
2.029714571566088033e-01,1.152083267446604026e-01
1.341593688724794725e-03,4.625938166274985545e-03
1.831296083899251192e-01,1.942524032182024740e-01
1.032538626078978616e+00,9.566535055142599830e-01
1.118105948197948250e-02,9.318327799846766918e-06
5.494892279304392901e-04,6.586853181732355011e-03
1.559958201980004566e-01,1.997979586135825714e-01
1.976275568864531266e-04,4.853798098761890473e-03
4.636495896264292843e-04,3.558096454229457174e-03
4.013583991768545634e-01,5.121133703873167464e-01
2.722956489234675947e-05,4.021232239332463479e-04
1.318035861502080131e-01,2.132797748668503468e-01
2.352516465953410647e-03,2.541539647555588383e-05
1.513590208739160926e-02,2.543018899051984957e-02
1.030544735718613020e-02,2.281976876751990249e-02
2.473013148886770915e-02,2.711977465790492772e-02
2.590595368920537434e-01,3.429272198067328525e-01
2.046212062978433610e-02,1.007798959535104871e-02
2.701145868286510493e-07,2.023234812749262132e-02
4.498467722606289826e-02,4.360046271442988980e-02
3.267326033214789185e-05,8.399331764078523874e-03
2.176347770004015414e-02,5.366107561062297918e-04
7.695628759665916474e-03,5.169717836998737352e-04
5.163941978674957411e-02,2.708456313340886282e-02
7.632391215718636879e-02,1.488505277026304918e-01
1.028243263034367000e-01,6.841887668193079308e-02
1.991827869737835544e-01,1.691367311975668364e-01
1.871130770612788527e-02,5.556482690821656911e-02
9.623913353090712483e-03,5.786586264185821470e-03
3.254660248011479601e-02,2.939076466573019644e-02
5.348269657997704041e-01,3.149995974448531189e-01
2.363483648194323813e-02,1.146112059203799674e-02
5.275604808199317944e-03,2.508628004947271659e-02
3.653355955520834497e-04,4.589394525745820635e-05
2.329211922325327526e-03,2.382801822808075509e-03
3.792723473199158257e-03,1.102701908501671317e-02
1.081989143756832694e-02,8.124646943958112159e-05
8.737681659169296844e-02,1.004579633258801397e-01
6.785969944417048760e-02,5.992538607090348857e-02
2.809943403460756980e-02,2.909009589689690728e-02
4.980435138329919855e-04,2.685834645822527886e-02
1.866118163471432861e-02,6.336607215627991507e-02
4.755844745698651656e-03,4.909849353508122065e-03
1.956747538722333202e-01,1.248735245045995979e-01
8.331654541274664816e-02,1.879401946700602899e-01
1.030203234830534276e-01,4.890495305594406983e-02
5.304531912989405781e-03,2.840345060156321960e-02
2.266795326993169268e-01,1.613228520812631517e-01
1.471403039587251271e-01,9.066917766721152572e-02
3.529838002502307375e-03,1.958680968545916529e-02
7.209121248316879838e-02,1.409896401545694122e-01
1.582696347922874999e-04,6.882520108007883063e-04
1.666646459187700879e-01,1.765945894325723076e-01
1.459165355627088309e-02,3.696311116806173802e-02
1.778949268115499471e-01,1.039885868812401720e-01
1.277105745151252414e-01,3.217281595112603254e-02
2.600862455328733502e-01,2.482484535863780095e-01
2.414749966991056596e-01,1.723140877276672922e-01
6.402056200757288984e-01,7.275298378093075780e-01
3.562663201548600389e-01,3.341776219074966692e-01
7.946524123720662136e-02,1.231697914837075331e-01
1.917596060744533037e-01,2.949515109287397241e-01
1.012112566530450238e-02,4.594077976803826596e-02
7.012666471878880037e-01,6.718389846846695157e-01
2.538867901026998775e-01,2.787004261144314099e-01
2.356072686442937103e-01,1.717441307900666736e-01
7.471268206209948990e-06,2.083293826097266932e-03
2.991521108449027300e-01,3.138729097454362460e-01
2.179564517019847922e-02,6.701895106476112030e-03
4.335721492095119534e-02,7.947365845362575065e-02
8.237906785140082858e-03,9.523447338767570408e-03
1.582255603257164188e-04,4.681491347417521959e-02
9.724667611038893822e-02,7.379705902593346190e-02
4.909193543962773326e-03,7.465888267837250160e-03
3.635728880760293741e-02,7.884644895627006267e-02
3.164596859042261576e-04,1.112519979309832714e-02
2.073302210011947460e-03,4.605026783584610513e-06
7.232253989742574996e-02,5.573470470477530359e-02
8.456071607498073794e-02,1.254131940471047146e-01
1.222469052803088069e-01,1.559892076743416289e-01
8.590055567020937755e-02,7.453999161991624323e-02
1.420020369444847941e-01,1.006623277572124830e-01
1.086032494587059194e-01,4.627425803143683791e-02
4.566212093928895266e-02,3.650149276492541117e-02
5.391743657657705607e-02,4.576695202676477059e-02
2.413059701847806993e-02,2.723316447335288534e-02
2.362199093187696275e-01,2.509072438784090697e-01
4.967584392061984155e-02,1.010789978775471915e-01
5.509225327069925543e-02,1.097083373149382313e-01
6.600761242544049209e-03,2.973556289717035656e-04
4.233692922346550536e-02,7.756867867627956215e-02
4.444293860669992070e-07,3.283046025547373820e-02
6.499592141752584713e-03,1.497997336743258148e-02
1.696559260506516143e-03,3.954488704982299895e-03
3.531162285892665287e-02,3.421841959265964090e-03
7.443069785800411359e-04,7.505016731104700856e-03
5.665706777797354689e-03,5.667458719056469446e-02
5.402754551767079139e-02,5.861614936833188516e-02
1.099024005566261902e-04,4.754570235283747085e-04
5.989696825773614718e-04,1.468196194960943611e-03
3.185912743100931532e-01,4.589577658499208734e-01
8.851621324688126180e-02,1.133571055040120956e-01
4.655930245855526874e-03,1.902750249046823022e-02
9.827273222600093391e-04,3.874913000887440784e-02
1.065344472116176028e-02,1.486868951561185880e-03
8.108759039041632879e-04,1.732401824868216866e-02
4.539322715033162342e-02,6.443824008370659107e-02
8.669106865392160743e-02,9.716880582880686734e-02
3.851010831013662594e-02,3.421978922559140018e-02
6.649886635580672817e-06,3.601632131133521153e-03
2.683526890151363350e-02,6.435620790465999830e-02
4.300660396113214351e-02,7.598976568602819684e-03
6.742512348098125829e-02,4.110245570712167673e-02
2.786752038919126147e-04,2.998514427386473301e-03
1.317215769748136811e-01,1.227430362543780740e-01
4.235664900639043995e-02,2.004275203816109976e-02
7.747204517100228505e-02,3.919916721931908377e-02
1.200081275017498700e-01,1.515346718228723633e-01
8.505824916350955556e-02,5.200197120750443824e-02
6.331114708902903926e-03,2.757595371552361199e-03
1.717603023346895574e-01,1.564662256093770354e-01
2.262986972271083719e-04,1.628349342044224180e-03
1.580647296056442441e-01,3.454331901918727965e-01
1.885413626623079764e-01,2.066494836037065519e-01
4.421004045799640375e-02,1.043210796364862566e-02
3.265067747985950057e-03,7.419338772416036716e-05
2.469746945304252071e-04,1.913012115065241756e-02
2.368214486152164511e-01,1.810841441818976105e-01
1.768945149734258912e-02,8.906027709406009584e-04
1.617830073895590304e-02,2.603659905515736533e-02
2.763177157357542377e-04,1.426883036567489968e-04
8.366538048572041975e-03,4.836809868229211798e-04
8.305572786372618713e-03,1.783554751485869755e-02
2.865583462834496854e-04,2.295391955345590321e-03
1.718291666663728304e-02,1.771421994318805870e-02
2.854928360934869125e-01,4.986377591827059752e-01
2.848580932059539828e-02,2.718392693672826502e-02
2.449169697199959916e-02,1.601460500056082342e-02
5.137098137219128953e-03,3.585359761798240902e-04
5.289075695790984577e-03,5.380618424995663000e-03
2.608881117017212148e-01,2.382655234347759998e-01
3.767803586889979447e-03,4.093219982062948912e-04
1.193507165239087592e-02,1.134460080719118351e-02
2.760208492083835244e-02,4.518573465744012141e-02
1.740697551564411583e-02,2.625070644118904228e-03
4.056698387686948348e-01,5.415979068561987964e-01
1.898717889635851905e-02,1.194893331974416183e-02
2.207778832403907890e-05,1.636234596501913105e-04
1.527518365648923848e-01,1.265931595702911860e-01
9.289553108103172988e-03,2.867665314645457056e-02
3.661932601406470839e-02,2.388182537563364807e-02
5.629755207820399260e-02,7.224408078477929929e-02
8.330222403089022204e-03,9.363967454987768765e-03
2.371122075706040208e-02,2.924091494115271458e-02
2.428339181157964169e-02,7.237035912509497820e-03
2.403816994019935538e-01,2.637635149405903046e-01
2.757057241776090031e-02,2.593359503654140558e-02
6.644413984143787699e-02,1.295949784201010369e-01
7.793873586845347090e-02,1.477185246805481078e-01
3.459348773251497231e-03,3.539217889469462811e-03
7.295552161485981124e-03,8.120341343572836518e-03
1.842553444996658518e-02,1.963802176913628100e-02
9.366511069005094281e-02,6.762567765554018673e-02
4.459520739788467268e-03,1.003182621908006462e-03
3.701167931782570197e-02,8.577385616896103515e-02
3.958999915334169076e-03,1.622922279730984463e-02
6.918228112345956027e-02,2.364089125847176065e-01
9.080662874635733392e-03,2.736153911613915454e-02
3.352836342368329422e-04,2.751603335885949991e-02
1.537398640123653279e-02,5.622504735737507902e-05
2.085434201828217579e-02,1.071004238194868743e-02
8.563478186527580249e-02,1.845929698720924772e-01
1.165358072418764268e-01,7.382133081259843743e-02
2.107113720417443450e-02,1.166678432523305178e-02
4.548421883837608370e-02,7.238700255085158926e-05
3.961114837083246631e-01,3.708010411502780657e-01
6.062732522403862373e-02,5.696505820138228482e-02
2.714965140147117956e-02,1.558556029885679699e-02
2.697675482337374975e-03,5.917384376159860564e-03
1.837329860698183881e-01,2.165029916004313215e-01
2.301865930121715087e-01,2.270945224000852358e-01
1.025188105113747517e-05,2.328138107776139571e-03
3.364099922627644679e-02,6.727307368554143012e-03
3.792256322427863674e-02,1.209675785614968135e-01
4.186103111930131636e-07,1.830805717102626518e-02
4.290664806647506713e-01,5.483711662949749543e-01
1.494794894174151809e-05,1.105302017632219316e-02
5.234300377104047497e-01,6.331002410930316460e-01
3.693629897570511744e-01,4.289789349374356076e-01
6.900883615512345103e-03,5.022188330896421027e-02
1.951506147334506058e-01,1.398701713884653863e-01
1.770302976529917471e-01,1.221343547691452897e-01
7.296265327739469807e-03,5.546724959955442015e-04
7.651273984965500756e-03,1.932762069548508987e-02
2.014800988216475242e-01,2.123088387947260347e-01
3.172233589777138235e-02,1.730531582976195873e-02
3.836198593446248084e-02,2.720779285981074838e-02
6.051602709255223811e-01,5.358589419011139388e-01
2.922825911167513113e-01,2.303487963192014376e-01
4.897060397719684398e-03,3.787304405615867734e-03
1.435415483433188748e-02,2.229937434095728959e-03
1.604925022918837485e-01,1.932654189486550933e-01
8.526421521796752334e-02,8.049728403364282692e-02
1.964354749373369480e-04,6.545752382224140310e-04
8.497203699318960080e-02,9.183963971049552422e-02
1.608256068337024780e-01,1.855448099820888874e-01
1.216985260272882284e-04,1.278049535732275017e-03
6.650345631007092279e-03,2.955599192321046835e-03
1.557448630474097054e-02,8.271992880038899973e-03
5.252677269952285011e-01,6.814381350479926658e-01
1.108063577236766822e-01,1.462564245219526160e-01
6.009194903955972222e-01,5.965864423153253160e-01
3.759874576228665333e-02,1.980978618677565681e-02
2.201063188231237519e-03,8.060522898712901493e-03
2.784748291311323620e-01,3.006403408328390814e-01
5.979125682351203730e-02,3.525421107587865116e-02
9.377312232424647731e-02,8.945448859992806423e-02
1.077822015921618606e-03,6.808679279447866963e-04
2.495964214452277969e-05,3.610081176752480935e-03
2.407821395120299419e-03,1.092121979235818018e-03
1.364900068666392852e-01,1.094255280629887889e-01
4.892552372254877630e-02,1.107538658348608679e-01
3.943782335103269629e-03,2.576537123050129385e-02
4.053820666826817021e-02,1.194388734129547547e-01
7.077582726649152278e-02,9.150418779830744864e-02
4.433684989872971327e-01,3.717397238770049905e-01
2.713169969329048969e-02,1.291144431455978209e-02
5.671261351536300427e-02,5.859775636689685402e-02
3.846422657012529833e-03,3.748330104551696185e-02
7.400763009442050400e-02,4.574175966444597730e-02
1.232701019372541285e-01,1.539811417865955823e-01
8.025625729199768743e-02,1.993575812657852053e-01
9.168229592431918762e-02,5.413526327513407121e-02
2.823124896361626016e-02,9.669550810261686585e-03
5.199704295036711860e-02,1.380527720999524532e-01
2.590646167933010613e-01,3.323075175225311817e-01
8.689153903242465005e-02,2.110252630707443455e-01
2.498837588077392272e-02,1.733990036244379904e-02
2.822477853109765442e-02,9.694338900104509937e-02
1.382450829783580387e-02,1.216776735326526200e-02
2.094951098228891098e-02,4.440130401770261623e-03
2.062110103814741510e-02,4.135677345589967163e-02
1.269288055972521770e-02,2.532614778607996525e-02
2.531417345801706756e-02,1.365244506700337716e-05
1.192367628991972649e-02,3.917346959695262171e-02
7.794034155976348188e-03,1.674780568900373356e-02
1.099284790064914037e-02,4.573352320071872364e-04
1.900353905423979861e-01,1.124481743438242864e-01
8.244329138225722220e-01,8.134795340738739666e-01
4.351097412720343529e-04,7.748466894567416531e-03
1.017902018472686791e-02,1.443885725824683650e-02
3.335200543873046829e-03,7.093126269058829198e-04
9.837275425674842089e-02,1.473118160472146887e-01
8.620500968325622339e-06,9.475772386108810216e-03
3.434035129596834518e-02,3.037547049112381339e-02
3.578938124271675153e-02,8.069060547578026099e-02
1.410787145353516736e-01,1.157848334905565157e-01
1.539013128488616045e-01,4.549311430185922767e-01
1.800795186380844959e-02,5.494968006513741704e-02
5.167228907130720916e-01,6.051123025715736681e-01
1.335939568886101991e-01,1.910801051910324677e-01
1.915949987668619237e-01,1.778560136414427117e-01
5.850926620079663354e-02,7.421055171004295459e-02
4.458993658168612997e-03,4.748734912118615127e-03
1.083137974520362919e-03,4.482980214454573148e-03
1.179147305835861510e-04,2.686427366843891548e-03
1.292750415518656925e-04,2.814035012046094207e-05
2.653841755731540381e-02,3.885252139467906818e-02
1.127362206057680059e-03,8.859433270117468215e-04
2.744384401033997563e-03,1.146458234592149031e-03
7.137219861248835255e-04,6.908558251049277260e-04
1.604604206744295325e-01,3.519676980052212634e-01
5.244132279406561459e-01,3.909108613229692608e-01
1.260857991794358656e-03,5.290518118319806340e-03
1.992742446063223635e-02,5.730014297022782699e-02
1.791949243983175788e-01,2.243787764736651924e-01
5.665939788007610250e-02,9.863584813568136711e-02
1.806125954433891456e-01,3.112731671326861987e-02
1.857207577474056376e-02,4.656509839065737545e-03
3.858351222649856875e-04,3.494589542536317723e-03
3.296216341302108527e-02,9.340155061104066236e-02
6.746527611804723490e-01,6.355318602771439229e-01
2.346860002783764804e-02,5.697475042265922468e-02
2.549871533788544697e-01,3.353902606204910986e-01
1.974238370694533506e-01,2.452180607205967366e-01
3.593111388400722223e-02,9.076413715514325409e-02
7.173372872483546603e-02,5.607807205749262142e-02
5.115289376128413501e-01,6.255215268993555844e-01
1.130671610096413010e-01,1.343767990322742023e-01
3.972067291179540681e-03,2.762669210648995791e-03
3.321522023435224263e-02,1.393103602359078708e-01
1.607063451926327505e-02,1.413491749477150186e-02
9.801184423007501534e-02,9.945553255209474419e-02
6.148697557555364845e-01,7.240141278120658663e-01
5.119257057226560548e-01,5.865266453349350373e-01
2.122841533770996880e-01,2.838662006736847876e-01
9.115198477884693673e-02,1.372782444069209629e-01
5.894861190350786373e-01,7.926535478292425774e-01
3.076115452007300785e-02,1.158938323835722317e-01
5.318828164278713855e-01,4.698255310700107379e-01
9.384367295229986694e-02,2.227857273052375603e-02
6.752851518684639676e-02,2.239723324915339833e-02
6.893017987620537849e-03,4.705409008844044227e-03
3.068201739527815289e-02,2.704369566422478235e-02
3.051046239886924250e-01,2.636933091525205386e-01
2.828071779513892381e-02,1.773939829060353426e-02
9.974003272788771468e-02,1.986552710794582122e-01
3.029879974608557514e-01,3.127577454623662323e-01
1.480865417222086422e-01,2.546966598838742643e-02
5.360492566602886866e-02,1.567454509565593956e-02
1.917285712508160281e-02,9.422218914327562880e-03
2.203141176303554938e-01,3.040556136210199045e-01
3.954888530961899601e-02,3.130596996019389261e-02
1.960910655042801334e-02,4.870751956277753064e-02
2.700406397419524013e-02,1.952090957214524039e-02
2.989051422958410170e-02,2.290167483383460879e-04
4.781684852689346843e-02,8.294474122443486197e-02
4.948230090806906428e-02,9.622942748192972419e-04
1.385701629427575077e-01,1.992845194725366698e-01
1.039853479884787352e-01,5.604563222238627407e-02
5.178926188062876182e-04,1.093810747776083857e-02
1.859161338786410878e-01,1.997417284318052932e-01
9.662318906596940871e-02,9.111456416532558167e-02
4.087247013001602848e-03,1.177221477581373403e-02
5.262471447717533002e-02,3.066805023711985032e-02
2.695813920494394278e-02,4.457537835396874204e-02
6.539120049576297757e-04,2.695676318007027977e-03
4.658632253093808462e-01,3.869121553936770153e-01
2.001062520425494913e-06,5.421847265164528177e-04
4.731918519522386804e-03,4.314140812925548816e-05
5.136177866816741882e-04,2.922202244315490541e-02
4.966527807262990230e-02,5.906202495375161704e-02
4.121984457894214277e-03,3.228359042134617413e-02
1.937551375979448820e-01,2.292523025957010074e-01
3.220996126572051033e-02,5.632620595862258828e-02
8.996787203811016688e-05,1.029177468934832631e-03
5.311701878539439037e-02,1.190971416249963638e-01
3.526369890543149671e-02,2.435855876993123573e-02
2.347153188395878151e-02,3.475116633764689655e-02
7.234847736643444140e-03,2.341083915716446560e-03
1.209663799226872727e-01,6.950285715137406728e-02
4.002227500020889561e-01,3.986383828428406995e-01
1.404738492238431224e-01,1.859535715932391364e-01
6.680902929532606116e-03,1.993023984854929180e-04
3.038725243348615931e-03,9.655157976529507580e-03
1.360776039832623917e-03,1.229105041332870642e-04
2.026518246083662267e-01,2.625826697606895022e-01
8.461279730453055703e-02,9.615273282973681168e-02
1.651740433129021135e-01,3.153570884640776728e-01
7.709771708313362115e-02,1.231796814880949248e-01
2.683517780484185049e-04,6.519209684568475459e-03
1.031759521383249006e-03,1.140772098139156664e-02
1.617900605226565980e-01,1.182819608653987442e-01
6.422545979201015054e-02,1.634823089256852782e-02
4.386686204195925504e-02,6.287059068403159923e-02
2.986258882384992645e-03,3.322858392446793960e-03
1.564047338277422816e-01,4.995780091515025084e-02
2.520408086934903397e-02,6.427273197516342965e-04
1.539628239978852380e-05,8.402555751217280813e-07
1.461429474680782349e-04,8.038046842968705336e-03
1.875982100860612914e-02,8.127409426393367164e-03
5.408344972668271272e-03,3.473613396302937910e-03
7.865129561397134206e-02,9.016943593717123562e-02
4.584718533813292862e-01,5.047639800546543931e-01
3.513150894294580703e-03,3.071075124194771674e-02
1.999281004978250556e-04,3.199104444418638640e-04
5.407896593624205057e-03,1.624637434556987919e-02
2.061919252381075041e-01,2.376618316264117459e-01
5.681289890144946425e-02,8.134575558806100143e-03
8.901902996865320924e-03,1.679615076418587791e-03
2.404358585432449513e-01,3.844482253786251080e-01
3.832489880713813198e-04,5.612422906406919730e-03
2.137591723723848008e-02,3.163104136360728874e-02
5.249512730708617327e-03,1.364953591930703758e-02
5.671327100978412056e-02,9.805305354692393782e-02
6.127793913020250852e-03,6.818284519962860071e-03
9.331136845076540287e-03,6.375728857901356850e-02
1.667395191524864428e-01,3.172507216592949653e-01
2.282794149735030843e-04,2.539890844569962845e-04
3.468080489208563016e-02,6.719982061660245698e-02
1.276995683657644043e-01,2.240729053291212192e-01
4.075758469257835803e-01,4.274567396578139444e-01
5.400049342019304019e-04,4.425718250869333480e-03
1.026815797496665739e-01,3.034375208101579291e-02
1.881669156044921964e-01,2.173414571331854506e-01
2.617362995431545825e-01,2.648343045901245252e-01
2.366607795885414950e-02,6.040260499814215089e-02
4.908809174136633674e-02,5.606898143589366529e-02
4.791567968797724730e-02,1.889755597643058213e-02
8.375616076847769431e-02,4.433652125782448772e-02
6.752348012969759672e-02,6.698303602689451020e-02
7.075161033442812766e-06,3.071522078542334236e-02
1.156242591545722787e-01,7.249396008446520878e-02
1.796288203510097159e-01,2.098361483193267041e-01
8.062377057578622441e-01,7.336140874031575887e-01
1.741787905006684720e-02,2.217860523173417406e-02
3.665927357791711437e-03,2.830156607809970748e-02
2.476501284928777913e-01,2.191954529015617270e-01
3.115438840271984519e-02,2.922864566534061153e-04
3.904305558697107603e-02,3.380649587196282724e-02
1.975711875911258589e-02,3.578034712184730709e-02
3.155326716525047592e-01,3.009310149258758726e-01
2.743775973977587330e-03,9.568857366460902479e-04
3.057001717285048360e-03,4.005196243166905812e-02
1.633488441679629422e-01,6.611947966538520016e-02
3.135868466284503359e-02,2.105541209139513009e-02
1.773153727014359082e-01,2.834515743828419643e-01
1.147078615576790084e-01,7.975236279154444829e-02
5.801445720266489720e-02,1.704568230674506912e-01
3.014100345865451756e-03,2.506122056722445268e-03
8.732756742304243619e-03,3.941304471243094187e-02
4.738010122280944883e-03,8.675986279403444940e-03
6.588861449708593998e-02,1.026079261129503872e-01
2.321341338839641166e-01,3.863846271555238521e-01
7.294125110694268943e-02,1.196479224695471688e-01
2.128814578685405551e-02,8.920600114240323508e-02
3.851764218762791514e-01,2.692315351714416050e-01
5.625651109257672616e-02,2.053906225033231073e-02
1.191513986844216881e-02,5.821356897327281676e-02
3.408518281983483143e-04,3.174639683796196682e-02
5.210816046259223455e-01,4.697127934489299661e-01
9.459871725557440422e-03,2.980133217488716360e-02
2.040103328180445097e-01,1.693809708164079886e-01
4.291301409597476635e-01,3.868994401234551739e-01
2.286060563366146547e-01,1.581314361264923030e-01
8.469973467319238947e-02,4.387104285346599825e-02
1.803131811683538477e-01,1.230908319565762465e-01
1.079433501906235278e-02,3.726252279252168648e-02
1.521140684800097731e-01,2.466663468953582683e-01
3.275102756470079507e-02,7.714694069876053967e-03
5.467233233116165769e-02,4.535305038802759509e-02
4.300216947563548990e-05,9.715761285911559894e-03
1.587354108055828023e-02,4.846625606151008965e-03
2.868163521278239703e-01,3.997569577759001458e-01
6.560600961867116970e-03,4.231928147412232955e-04
7.472147334223036346e-04,1.407154352017497140e-02
1.768202673302420314e-01,1.366695737384907294e-01
6.886800633990668163e-02,1.160039049800521832e-01
7.163011714765162019e-02,1.251059268868437435e-01
2.246384910588281603e-01,4.735318789298346154e-01
6.110937724644918689e-02,8.791660603805694085e-02
1.785666609793094550e-01,2.181437206807665119e-01
2.458290093242181118e-01,3.928056193785278150e-01
3.247490413197780257e-02,2.816337757084945090e-02
2.056197795766799563e-02,2.408827262618842835e-02
6.130098161116820030e-04,1.340374615156356489e-02
1.298817399469994749e-01,1.225083007422594905e-01
3.875817039162092470e-02,3.473728520150439619e-02
4.064535008609202089e-04,2.253259634018679215e-03
3.857362469354782414e-02,2.460053080914186702e-02
9.259762475751462385e-02,2.027037607750926951e-01
1.696643850547704599e-02,2.983591065179860922e-03
1.414919765271533715e-02,2.215390354045819812e-02
1.158143791302913318e-02,3.406451563852788255e-03
1.022399160703665599e-01,1.732732831323794964e-01
1.014891563444700745e-01,1.730094689511518444e-02
1.096665706091914244e-03,1.857654488668847997e-02
4.652240646067248159e-02,2.514429498722962203e-02
2.160472095699753059e-04,2.530209498006217445e-02
7.126061067475239486e-02,7.589988845246338489e-02
7.032607223566316249e-03,1.201380386353346607e-03
5.186196167329278593e-03,7.570975872474340791e-03
3.972619096917943959e-02,5.427649764459370474e-02
1.639009373805712377e-02,1.519042540368223566e-02
8.343962273259002138e-02,9.952285766738865058e-03
3.192686123289272676e-02,2.979147402474270623e-03
8.053713381951313477e-02,1.172105671788793019e-01
6.857984147429887004e-04,1.821895747295727494e-03
7.126742817492975890e-02,1.031967986185151620e-01
1.277230748713195363e-01,1.178255978846547425e-01
8.227602435614536636e-02,9.746268347098613338e-02
4.136225240498251493e-02,1.766731021680852803e-02
4.143059970419576965e-01,4.531488306718638448e-01
2.072404402618636152e-04,2.854664184128313104e-03
1.998537562327268313e-01,1.911576595821438407e-01
3.222880587880772585e-01,3.713057841965555217e-01
5.547003180110098297e-01,4.538929765040553010e-01
2.247084420551585804e-01,1.520845036326580746e-01
4.814783749928721462e-02,7.520301372561004338e-02
8.358849612734302326e-02,2.168409957635392404e-01
7.460842318929005249e-03,7.170428464705692721e-03
4.845556062985131307e-01,4.013923033181915900e-01
3.950131183128065618e-03,8.668481873973973503e-03
3.105019162813933420e-01,2.908706721061622424e-01
3.254248364224708312e-01,2.423513594436749463e-01
6.949706787696190657e-05,4.520621374128839850e-06
1.455643186790999966e-01,1.215332254773903997e-01
5.316937350124306683e-02,6.771807657790177015e-02
1.298792856021121211e-01,1.214113877200264924e-01
1.629856407683805963e-01,2.925495939492191444e-01
1.188776429870580000e-02,5.255051506605387147e-03
1.055187112045270076e-01,1.289301455297415799e-01
1.677972314518790808e-01,1.295287427375962641e-01
6.734911501071896324e-03,4.517830873677350367e-02
2.655673739191032070e-05,1.161887960971006162e-01
9.693249787624051705e-02,7.574529519255859822e-02
1.606601865371099034e-03,1.382775122910159284e-02
2.134069711417494256e-02,2.339773654502937377e-03
1.069912680559300224e-03,1.084913841068898231e-02
3.263491795844051246e-01,3.747675227008884224e-01
1.931925307900614064e-01,2.639420025164223027e-01
1.103041517065232457e-01,1.089520634081527772e-01
8.096947246847851359e-03,1.868841113090333877e-02
7.860967575541012373e-03,7.980404642330274009e-03
1.780082383373193800e-02,3.779002703631923615e-02
1.798639076906584713e-02,1.384354510669884852e-01
2.810755843462215547e-02,5.782986217763725484e-02
4.622699056339443086e-02,3.878787872123182906e-02
1.956945026552271531e-03,1.033688211913049663e-03
1.031062450189615572e-02,9.354306480635811048e-05
4.021870681245237611e-02,5.065922524270807803e-02
9.018696560817590635e-02,8.236435309717131392e-02
1.597312466011083709e-03,8.358249647834024593e-04
1.168242718816100284e-01,1.202741554879960401e-01
2.389936631697721012e-02,1.121470549668159879e-02
7.220914848595359932e-03,5.332538625512978775e-02
1.700062317487915642e-01,1.711406940220996376e-01
8.040983609487187961e-03,1.678609296555508626e-02
2.414495466091300946e-01,3.229844790695602375e-01
2.391766456090561530e-02,3.482917963630159652e-02
7.766254987560326783e-02,1.278781960274677776e-01
1.349236755155586685e-02,5.418128775010966347e-03
2.090451911085494663e-02,3.747532173809187128e-02
3.654743226055943706e-01,2.831748735732515510e-01
7.933442050174062399e-02,2.359950242269952259e-02
4.921327002469155776e-02,3.534407474417607109e-02
5.603324950425856571e-02,1.240351817541295865e-01
2.095101033739088237e-01,2.901420485190719378e-01
6.441689786588124245e-02,2.725319781929554791e-02
2.611596624409475154e-01,1.321881869170346002e-01
2.483739249348253797e-01,2.517272133730270034e-01
1.050047980910100431e-01,9.648231531224440993e-02
9.167512449839527663e-03,8.501602255362766813e-02
3.478242841994444505e-05,5.231004834193594445e-03
4.063524514699129453e-02,4.180122116499686985e-02
7.751002790976060930e-02,6.077610315150253073e-02
8.663603883306446513e-06,1.990487568881707525e-02
7.295528376184674813e-02,5.992572750191912240e-02
1.856965543274440023e-01,1.708380053829642031e-01
6.879262782062423032e-02,1.789512077463117357e-01
1.780528141769575565e-02,6.354502507307278891e-02
6.455697073970037385e-03,1.543999601069023266e-02
3.726517417284558840e-04,9.012405399274350803e-03
1.038906720577103399e-01,1.371022141814404460e-01
1.609457661369744289e-02,2.555339590974317881e-03
9.014666785959609199e-03,1.957591977309936990e-02
1.067608100366289198e-01,6.404023258479882297e-02
4.855428812033799058e-02,4.508503874205714579e-02
1.128269639046068640e-01,1.157751645355129116e-01
4.354451439851072733e-03,1.145656458007979810e-06
7.855387459567891861e-02,9.063149952893762018e-02
4.773010052542329376e-04,1.243981273685850798e-02
1.299433810908051136e-02,5.379735856672428901e-02
2.751016844730383524e-03,4.017422314514283027e-02
2.381214748635130662e-01,1.661187373482885532e-01
1.651639540159879627e-01,1.618512374484698257e-01
8.282515373053752628e-01,8.736512361132752202e-01
2.751636023732364350e-02,2.555652106637933477e-02
1.438079719661450144e-02,2.273844983648070500e-02
9.531078477053844811e-02,6.444355839893106674e-02
2.644008083185812180e-02,1.702012250482161371e-02
2.320858768129252861e-02,2.185034995351839340e-03
2.136782179403574292e-03,1.287515794385489390e-03
1.121612824969543546e-03,9.840744980480055175e-05
1.642247074331163251e-02,1.456970737201744234e-03
4.273208387751377402e-02,1.478469341593149355e-01
3.099378757365606196e-02,4.293423638699086879e-03
4.831066952103649226e-02,1.089567978571801543e-01
2.941158690600503139e-03,2.250717942248997312e-03
6.478885244103660401e-01,5.891571232560853799e-01
4.135725754561418374e-03,6.564145368938088809e-03
5.362935614502122722e-02,4.866973569315929948e-02
5.332629158381993906e-04,8.375842485567780091e-03
9.524406507399161767e-03,3.687228495681124478e-03
3.142106356967064307e-01,3.874861944137330538e-01
8.181961839321555408e-02,6.770067408634007633e-02
1.244425337934625259e-01,1.893593230363289082e-01
1.888416886436329600e-01,2.526949527098917292e-01
6.637336797205564687e-02,6.344648333660937722e-02
1.467150077859450839e-03,1.280261407471856155e-03
1.128895995278574038e-02,1.300667820193879623e-02
5.754285615831509744e-04,3.459788400153580856e-02
1.354321865190291352e-01,2.679195639836356446e-01
2.770404955510330156e-02,1.133746422036771909e-02
4.127768213581581302e-02,1.603026489754357095e-03
9.417304560272983516e-02,1.495680268806128532e-01
4.733870247529169129e-02,6.497423738372704038e-02
9.831539533458390212e-02,7.435073317360917089e-02
4.767778094022279145e-02,1.113256763940045635e-01
2.412019903497352180e-01,1.451346128217044784e-01
2.064050725940486386e-01,1.125316152068329134e-01
6.027384680629378766e-02,4.884505252964153194e-02
4.813151295995467260e-02,3.091947318619255036e-02
9.755657527996748797e-05,9.812600272533293991e-03
9.025070363992368505e-02,1.189873997077970369e-01
4.313510773193106329e-02,6.463447626397875179e-02
1.510957035435824339e-02,1.799970976492196477e-04
7.928671245299671183e-03,2.556527054086435088e-02
7.040748522866441261e-02,3.378753905681077668e-02
2.286216941629081595e-02,6.725800161088453868e-03
1.346687490308014082e-03,4.617836214245104459e-03
3.249112157890265973e-01,1.749113467973022751e-01
1.489195762295628458e-02,4.251613558598879572e-02
2.188352873566069001e-01,2.656337624809243514e-01
2.001132641209222088e-02,1.048376026752115622e-02
3.200246123506906865e-04,5.301082897479466975e-03
4.799637507971629691e-01,5.862205379130257521e-01
5.991632089905162689e-02,5.652774023394042079e-03
8.209560450393565620e-03,2.368347268411016143e-02
2.832642408864489703e-01,1.610716955394072558e-01
5.447225744659135449e-01,4.781924506672379227e-01
1.234072875989729035e-01,1.774017583382363761e-01
1.610088631966666295e-01,2.704232533440145692e-01
7.458393005651846319e-02,1.993853622951118065e-02
1.351634565195570792e-01,7.040879005892906883e-02
5.318808344835213031e-01,5.611149106608503967e-01
6.685849815222995318e-02,9.154466693297089175e-02
3.081295331693738315e-02,2.071740314376734754e-02
8.482445519753396834e-02,7.896947821553777780e-02
9.122746802193434446e-04,1.517157298309920223e-02
6.060430243359901104e-01,6.342884315089928338e-01
3.218123885786916181e-04,3.542324590328854391e-04
1.111925358776510164e-01,1.088236379976883633e-01
1.495567569899433347e-01,3.423122790744356769e-01
1.038755034839599495e-02,4.832836826997503887e-02
6.195130211977379481e-02,7.571637244554257906e-02
3.674617903667135033e-02,8.203331153562407052e-02
1.237400910424238248e-01,1.497089587221618889e-01
2.602753175527836374e-03,6.443779150883334646e-03
2.338524504647074009e-01,2.481062764378064167e-01
3.673649331206699231e-01,2.759273802493461547e-01
1.466479953908001455e-01,4.206676818166179554e-01
7.209938436350410602e-03,1.871980787499370052e-02
7.446441451448961024e-02,1.598469601065603818e-02
4.069571941545276073e-02,2.005969360001134613e-02
1.430372411013862075e-02,5.407261144294220334e-02
3.394355826452835068e-01,4.345731576450460043e-01
4.053200983423111553e-02,2.034565320729690707e-01
8.243205964535293626e-03,2.656523151894979451e-02
4.824408857829338461e-03,4.822593456716774986e-04
1.222203662224954496e-01,1.111470568252821700e-01
1.870145779577385703e-01,1.333424000678500865e-01
2.247837782795122641e-01,1.860820835086899883e-01
2.582919869388092607e-02,2.725006007378968573e-02
7.446457703961610608e-02,3.760931890346856654e-02
1.441783952232146282e-01,9.930004027814919032e-02
3.390684366276470324e-02,5.822262944077916808e-02
4.364440109462930373e-02,3.945756260648672353e-02
6.826193325273666873e-03,5.744365831151382746e-05
3.926852698058908575e-01,5.733905866105811766e-01
1.214148154752200809e-01,1.188138310125667202e-01
2.153639579343746002e-01,2.067992544430091728e-01
4.767889689019771948e-01,4.455016948801953092e-01
1.025917757462687730e-03,3.997219342468429255e-03
1.416777224078051567e-01,2.380510113970557284e-01
1.728624853534388786e-02,2.265813845477163482e-02
5.070353435532925362e-02,4.349606870308046769e-02
1.654160194794706412e-02,1.131238076229385990e-04
6.479582353456758551e-05,1.097736349808101276e-04
6.635284703324353939e-02,1.132673279751954809e-01
3.357644958810665492e-01,3.515711176313222053e-01
5.476993866354935153e-03,1.171620716449854908e-03
4.375316569775680731e-01,4.174427067567134664e-01
2.123430839760777691e-02,2.064551798385593287e-02
3.930344872553355462e-02,3.966745844078106015e-02
4.446196904086181512e-01,6.076070748074015038e-01
1.222177317529451607e-01,1.037456944426655148e-01
1.762073303468875834e-02,6.886265272192211779e-05
1.254927994700512361e-02,9.568496450734297444e-04
7.896583785495922547e-02,4.741993855243940847e-02
4.111475258118638294e-03,1.210814054541778199e-02
5.626586336199411453e-02,5.524337545779541003e-02
2.454657984517310543e-01,3.272382686944416696e-01
2.608367335220576622e-01,2.369122594895240741e-01
1.131233351425700445e-01,2.250349078877421916e-01
8.571459538705598902e-02,8.517057557693866188e-02
4.561657935172394782e-07,1.336739516275792412e-02
3.583041419572453867e-02,2.300129584555639373e-02
4.378127356900847478e-02,3.008017644065220930e-02
1.042405313133968475e-01,8.613718531483229024e-02
7.712449053899904650e-01,5.957274993752095238e-01
8.547808728786996518e-03,1.284408347592101707e-02
5.119241373062547590e-02,5.739422620641949219e-02
1.014112238347705669e-01,1.688355461603908703e-01
1.091375029300078597e-01,9.615892461093876464e-02
1.765850393388367079e-02,5.569518775101187091e-03
4.360146819283811787e-02,5.234446280611914498e-02
5.346058792069502755e-03,4.138548268913211717e-03
1.386374945692691318e-01,1.273618111768972938e-01
1.378090853002177152e+00,1.443832619384088689e+00
3.216069206536418070e-05,7.295760342842101155e-03
1.228308196310794707e-02,1.233095751950242548e-02
4.687300656019715434e-02,5.389241027149356544e-02
2.378044898978263488e-01,2.846003247797675995e-01
2.865742297217985235e-01,2.600097743141962514e-01
1.932002743674430256e-01,2.601190280278722344e-01
8.061065208725703729e-06,1.550252368345074981e-02
8.186029068447586710e-02,7.232097693570974095e-02
6.440609968381332262e-01,7.172801869545021303e-01
2.279942583193312819e-02,8.418072086890288769e-03
4.976950144553390909e-03,1.373828651681825860e-04
2.061343210409616322e-02,6.451866889069879374e-02
4.982972914091833572e-02,2.363274856738119614e-02
1.800426877458976005e-01,2.180966319821246169e-01
2.112846624685012775e-01,1.670565577982916772e-01
2.654470657052774782e-02,5.317856151658867381e-02
9.052911368280824531e-03,2.771386076443696240e-03
1.688669892789499159e-05,3.022767218927540148e-03
7.221776308529296792e-03,1.585144133459276536e-03
5.628787770240404470e-02,3.129616715656802217e-02
2.511407496270730028e-03,2.979565480761746377e-03
2.115504904681383413e-01,1.457638842264121770e-01
7.002177870345864530e-02,1.094212442864945650e-01
1.475906817568149176e-01,1.696297567136335338e-01
2.432137904268908690e-01,2.612858372909986349e-01
1.567643057332957640e-02,1.749960407979467161e-04
1.874832082059953164e-01,3.383967800890082533e-01
8.499329090091024830e-03,3.746648757229863874e-02
1.416533687124913322e-04,8.231072737512957257e-05
2.336846909351279200e-01,2.045195630035742396e-01
2.596432289838547861e-02,2.557248651908171897e-04
1.001583878399755524e-02,6.906582315702991526e-02
6.138868586120426601e-02,2.490177931948463382e-03
5.726748278409530060e-03,1.513709890660667155e-02
8.146549439121127945e-01,1.495782145091584914e+00
4.475981920286439125e-02,1.947336003727233311e-02
2.174695068433619427e-01,1.686806896137899303e-01
8.521451871526644628e-02,1.227303825234582202e-01
1.499328202650944408e-02,1.347585857119884371e-02
8.818538978218300531e-03,3.828004386525127745e-03
1.305177924199516226e-01,3.443579002520737176e-02
2.148530437981855268e-03,3.346497120037017579e-03
4.767541532968656848e-02,7.633007953201235984e-02
3.096074638600316842e-01,3.346417337750299259e-01
4.799819400374723266e-03,2.508242366627792407e-04
1.441400851765261594e-02,5.954772583062466901e-02
2.425775370811590875e-03,2.683376627163227418e-02
1.577171542626173983e-02,1.119224208727444617e-02
1.472442318633542802e-01,2.555763943938910154e-01
1.791591160883085898e-01,9.584970135792628132e-02
7.640168821886818284e-02,6.608351195708914161e-02
2.469756093138198035e-04,3.224948058932771799e-04
1.138351688870937626e-03,1.621954494325968392e-04
7.351801128639610106e-01,6.983120290949640374e-01
5.237873081455673291e-02,9.602809996163000350e-02
3.360663629970885415e-04,2.909855359525872695e-02
4.254548452252902846e-02,7.129494244127027036e-02
1.884556179227380446e-01,2.040911035035506971e-01
1.955592486190100079e-02,2.490637147844609791e-03
6.617295083547257255e-04,2.228964736173116509e-02
9.805986011386726153e-02,1.206536753694328057e-01
6.973283141102633309e-02,7.025741465561699539e-02
5.233866695052135851e-03,1.449435598297250244e-02
9.055029605703586925e-04,1.923038241615092347e-02
1.920963260031428171e-02,4.556465877773482583e-04
2.285310889552175789e-02,1.847622968973519901e-04
1.425815217872023755e-01,1.053554568618263187e-01
8.672700911957613792e-03,2.073790136258279668e-03
5.768723680271047732e-02,9.271037419760638776e-02
3.614649581017768259e-02,7.494996548127170685e-03
8.911784069169106925e-02,1.640282934803113934e-01
3.666297988703199895e-01,2.712405451772015308e-01
2.804146075188651294e-03,1.960838506019328339e-02
5.834643244074283388e-04,6.853722204624885204e-03
2.329468601846459985e-01,2.528136986531671071e-01
2.878366880984145615e-02,9.228379707342231064e-02
8.818407912175973973e-03,4.053713131432450795e-02
2.640697993911546027e-01,2.728516390852075979e-01
6.555428010518342397e-02,1.053907145107458726e-01
4.298595269903803667e-02,4.631506564830602246e-02
3.404905951660374686e-01,4.006242895628385758e-01
1.144736307625205535e-01,1.747381535802753072e-01
2.946224297403531311e-01,3.735175188664656143e-01
1.289715656153672230e+00,1.174294720640883360e+00
6.525080127553067010e-03,8.200390899397409783e-02
3.852170722865127215e-05,1.075993234028440118e-02
7.233277575474110488e-02,1.298540761575365798e-01
1.089135499300384613e-01,5.424876226373795407e-02
1.232755018387006202e-03,1.331527634621242767e-02
1.552442078903677573e-02,1.876455531619985627e-03
7.656201136806861651e-02,1.453921858115860000e-01
1.252401273277748417e-01,1.779445855203930227e-01
5.438863445465837339e-03,1.746228918067951538e-02
3.651352799090849116e-02,2.163661779773919797e-02
3.459128411776464518e-02,9.424967422310533138e-02
8.680659992377012246e-01,1.237102660832320122e+00
2.103256680926483477e-02,7.791088467665029799e-03
5.960708176078230447e-03,2.549255847860133761e-02
1.331003852257457883e-02,5.377316298911319348e-03
2.968417198073716179e-01,2.084133785245208259e-01
3.847246344217233882e-02,3.796178279148754858e-02
6.025422662664430273e-01,4.889911626803688516e-01
1.250303141175748978e-01,2.884023643993694277e-02
5.289306551278973728e-02,5.649556566872154101e-02
2.676934630359254497e-01,2.909239633305202855e-01
3.175661389793043438e-02,8.422012745470323913e-03
3.902125850453997957e-01,2.932626547605493572e-01
7.207177903507404337e-02,1.408404030165713305e-01
8.110280979108737756e-03,1.010510961586110965e-02
2.769999161154152248e-02,3.999335764935231519e-02
2.262160678633851063e-02,1.008317160226969988e-01
6.932026600030791186e-02,2.898982177297117907e-02
1.367926556133086946e-01,1.219215478949616238e-01
2.055844549580953477e-03,6.996773820996615711e-03
3.262320849368727238e-02,2.186057703785742809e-02
4.575126973581628009e-02,1.014129379398796826e-02
2.621712199290395784e-01,2.563463025056278988e-01
1.151117891752906769e-01,3.112736748501414019e-01
1.938852967844049285e-02,1.867755340154426242e-04
1.260453691272681032e-01,1.586263186039748307e-01
8.998950275077084726e-03,3.570198444359744955e-02
7.499891812598836159e-03,5.328170036798840492e-02
1.793130084323984672e-02,5.137606388039502731e-03
5.753947062653585152e-03,3.844266553158603821e-03
1.772869320996888279e-02,1.267811861145235613e-02
1.782768873920177743e-02,1.225189875456934516e-02
1.229671207552773815e-01,4.208557743765003328e-02
2.011910880591667727e-01,9.931450855274680245e-02
5.232048045275664028e-02,7.901203962532969693e-02
4.868296136875432945e-02,2.405310752803751714e-02
1.683914493456173389e-02,7.937712929658812368e-04
1.561302748783075997e-02,6.305629251546621128e-02
2.867915357216699866e-04,5.631100322517882187e-03
7.485139985135343121e-02,1.520167094341137448e-01
9.251318786622891865e-02,1.473792511396927740e-01
4.590509830387389661e-02,2.598891647119170104e-02
1.851395672770983214e-01,4.019911528190894812e-01
3.971733553136285767e-03,1.473173829699698720e-02
1.708370708816357997e-01,1.187490593787803583e-01
3.366118088947984976e-02,8.846477527178785161e-02
2.353566761613062538e-02,6.674298129974001780e-04
2.284788819772020363e-01,4.650465806073258990e-01
2.091191687585339243e-01,2.274024512655090646e-01
1.925272929809896671e-01,3.240884603280356213e-01
1.301983682769110029e-01,2.427417305434881878e-01
2.539555039487914612e-02,6.953399362975406540e-03
8.421309432476414684e-05,3.544887543614461210e-03
9.467284517458954274e-02,5.976347278182999462e-02
2.006028699353204839e-02,5.934051379665502245e-03
5.210099870626289792e-02,2.382550057144740621e-02
1.266331564924227243e-02,2.334037036048638297e-02
1.161177010566046691e-02,1.020456004043882904e-02
9.222935710166990403e-05,1.097507806112564674e-03
1.782333308305071020e-03,3.158139616565606989e-02
5.538232269819647058e-02,2.347784811716857253e-02
7.041282303035306667e-02,1.247341788995564305e-01
2.152715328033237910e-02,1.554157096996730200e-02
1.555611293429108198e-03,3.808744795567503127e-03
3.543395419454679202e-02,2.112963082675199406e-03
5.421326646325109744e-01,3.702356193995250955e-01
8.438329776440876276e-04,1.182214125682595632e-03
2.289370778305220566e-02,4.960451857562032073e-03
1.060084463474561534e-02,7.006129319740498880e-04
6.312045635671889761e-03,5.901883430216946398e-03
2.258109899526893061e-01,2.304665147245782697e-01
1.452556471238943547e-01,1.714195487753363001e-01
3.622743338562985360e-01,4.664444841476764192e-01
1.567225714969210926e-01,1.256499582500349155e-01
4.147577972281845521e-02,1.539121942777820808e-02
1.993257568134314348e-03,1.334943038012259087e-04
1.042982696754163156e-02,9.579320421381093756e-03
1.605926066047385151e-02,1.857529242939944545e-03
3.310955468304119242e-02,2.353273167878244636e-03
2.952155474830485838e-03,7.536188472834836477e-03
1.240854085554822656e-01,1.432322032273836143e-01
1.684842226168171142e-01,2.146119110769431904e-01
2.040834473950465799e-01,1.148757130481169453e-01
6.077850731620892955e-02,4.615133595574228559e-02
1.152016374167305762e-01,7.731864248314385124e-02
1.460222475087066818e-01,1.377707035481641196e-01
5.805300142344073269e-05,5.630221610730924524e-03
8.817569505355810078e-02,1.468843645506484052e-01
4.511696792443874171e-02,4.706396283917988616e-02
3.523490968152362957e-01,5.960670464716649741e-01
1.976680538298060397e-02,9.312355430111499827e-03
7.424735849554717215e-02,6.146957886423945472e-02
2.546860220981273515e-01,1.579064419760005389e-01
1.137440290065099002e-01,8.260991829873901016e-02
1.067216892660172445e-01,5.801933105937526203e-02
1.719774958547870894e-02,7.745967327138766033e-03
1.387291068365064106e-01,1.222219864136433326e-01
1.143142232751117801e-02,4.737908633930127886e-03
4.039500051987144312e-03,2.395339357109065644e-03
3.506301284275504387e-02,6.368025712315626696e-02
4.713084829913906648e-01,4.514538306602408624e-01
5.599914155121377135e-01,6.789751838251459892e-01
3.479778509344075982e-02,1.622127470862958221e-01
1.740585902932804616e-02,6.679364202582926534e-05
2.981687167392897964e-01,2.390052870277236674e-01
5.692698990611838594e-01,6.821762128108156409e-01
5.549500762723574843e-02,6.360850734633911874e-02
2.567270846449736443e-04,3.546561165266619992e-03
5.922134383698654525e-02,1.977578986417097284e-01
5.921964803172019565e-02,1.379565039380497571e-01
2.964993445784951942e-01,4.003607499603739628e-01
5.285262643063155796e-02,1.078560031161016203e-01
7.707505795235827795e-02,3.130011206691105108e-02
5.763457018931449766e-03,2.764428869955450410e-02
5.022249241575355017e-02,1.956794755263548471e-02
2.532102199048070768e-01,2.124644797325198342e-01
1.279779192929531928e-03,1.568010841821750165e-04
1.447215812452533057e-01,2.524433643493098067e-01
2.661644058019300152e-01,2.186152505901796661e-01
2.114477681604594317e-02,1.436623236855759551e-02
1.286282755499078279e-01,2.256433073239054454e-01
2.313609121248586149e-03,4.483896947404430317e-03
1.539709844027411330e-03,2.179351369102730421e-04
2.957355515021457132e-02,1.180266392897608568e-01
8.371648109649185154e-02,1.264618456152260539e-01
6.571024113437845537e-02,4.623853241973732708e-02
3.618901038780016847e-03,3.555940532189653946e-02
1.607164840942484907e-01,1.779582568255161923e-01
8.160371823348614361e-04,3.337264750723601715e-03
1.225739552311932122e-02,8.450220215576594029e-02
1.296891835950109151e-01,1.043368998768825912e-01
1.346326600201386975e-02,2.036416069799665968e-02
4.854184651708818091e-03,1.267199911851848635e-04
4.412333246061864514e-03,3.143248175863829624e-02
6.491570409914589057e-02,1.605730380534904078e-01
2.566302166432315457e-01,1.985169877742221367e-01
9.100183419894899983e-02,1.271827783596390371e-01
4.448332399625752331e-01,4.386658195118611214e-01
8.056320996042665161e-02,9.138764634907267648e-02
1.438704131656428908e-01,5.548171403328731183e-02
9.389338612070127765e-03,3.113822747198140631e-03
9.850331899032813143e-02,4.001766570106430471e-02
6.016301588004686896e-02,1.897004107775247111e-02
4.033864422672189254e-01,4.940634956879018658e-01
3.155561323193904061e-02,5.893335656850340158e-03
2.601256788400717612e-01,2.140955264389468315e-01
4.003976462660845635e-03,4.571101976123487318e-04
1.457410136343842144e-01,1.701535058269201262e-01
1.133426114668295015e-01,3.033207507078362619e-01
1.956906232492418643e-02,4.318744264944163885e-02
1.126579745720130421e-01,1.213976234455214354e-01
4.163346643214598658e-02,1.847685506697989075e-02
5.549289961420487971e-02,1.043215228574977810e-01
4.846899556284919863e-02,4.210759741822722724e-02
6.495786010441024485e-04,2.189734765657957299e-02
3.220596239069639655e-01,1.648538464308905993e-01
4.859182536298407851e-02,1.487227289203931491e-01
6.379089122891397345e-02,2.466846201801717667e-02
9.742125357081990455e-02,2.011228039604963658e-01
1.149419365384507508e-01,1.455208041515741735e-01
4.532585451915929764e-02,5.080756751018295631e-02
3.468492869954958435e-03,1.691966019770455064e-03
2.739045731273726664e-02,3.664714163590181151e-02
1.436169511063783054e-05,2.462169975473444891e-02
2.005117524895778426e-04,9.470783660079950747e-03
4.568784123908922745e-02,7.656801007248750790e-02
7.170020323759324077e-03,1.826267920545292245e-02
6.309571730672301239e-03,3.259456127429966521e-04
7.363786024158304351e-06,1.012709776127151354e-03
4.339484730558385017e-02,2.076859953644012366e-02
2.863791516475800900e-04,6.012159072354307000e-03
2.399767318859011810e-03,2.539208791103655938e-03
1.721135971642974716e-01,1.610870614106530707e-01
3.803530845641726055e-01,3.858003924544013419e-01
3.913105520264925086e-01,2.039957856163523431e-01
1.602415666740069841e-02,5.282266787178094281e-02
5.397679928250161477e-03,3.165462055179126666e-05
1.192539825877301091e-01,1.424587666541723974e-01
3.518318901940485632e-02,3.707898446072827037e-02
9.795545882966058548e-02,9.369215586173049171e-02
6.578154401599595191e-02,4.951520117330706489e-02
6.965793757605753377e-04,2.346897184679814881e-05
4.539735703524271360e-01,4.421671967251905588e-01
6.833351752491982622e-02,1.356227742835237060e-01
1.834037990723491329e-01,1.519993177477909352e-01
2.877210402470654210e-02,3.623325326327286183e-02
3.766240181794967834e-02,6.825250216952133409e-02
3.688541423873576558e-02,1.772318058814576283e-02
7.002520225432364021e-02,7.246342966665801633e-02
2.303559800677855707e-01,2.339192601141495131e-01
2.529946979848043238e-04,3.116139352722117005e-04
7.606355863057274735e-01,1.053450890723879096e+00
1.615999275792575143e-02,8.408094447716308109e-03
1.059881624816673591e-02,3.891688670698216501e-02
1.350249528445346230e-02,1.749785988576397708e-02
1.591494654788792318e-01,2.648050719502604289e-01
4.869178501201986559e-02,4.097787517886085362e-02
2.254810057107407492e-02,8.714230077585369272e-02
4.179008685151830438e-01,3.265519445703810031e-01
6.342578001430576595e-02,5.885644815089626641e-02
2.899727759643586089e-01,2.135421575606860634e-01
1.043411192538633422e-03,6.149590753803953203e-03
5.229113775912082041e-01,4.087933193476092075e-01
4.396722220847987250e-01,6.670756627149760920e-01
2.130194686493795397e-01,3.104820411273501723e-01
3.173333348182053731e-02,5.880783305179018011e-03
1.456559532290075884e-02,1.566512221604715593e-02
1.850670109127675001e-03,4.302088800590027351e-02
1.161310294640858706e-02,8.104847804719823856e-03
1.007534874111511852e-01,1.277715514451474299e-01
2.895174830649473521e-02,2.213854204317707020e-02
1.689409909188612502e-01,2.472450706726137815e-01
2.295825487991029479e-02,4.180072461258299739e-03
1.937265836201535751e-01,1.785277754577692666e-01
5.849210994214498749e-02,5.956172673429589032e-02
1.834912845933170736e-02,2.664434188880910725e-03
1.487646076496114966e-01,1.504869684040023026e-01
9.506632980463636598e-03,5.959384035159345728e-05
6.887234925375868011e-02,2.360947035505549241e-01
8.851842774889033538e-02,1.080702696340765934e-01
2.424911219237463333e-01,2.835821208961680218e-01
2.613148371635412581e-02,5.990720126255721922e-02
8.661593514335970412e-02,1.235077731388458111e-01
1.549284345301853993e-01,1.496871491310158564e-01
9.733226299228611711e-03,1.794193192641671628e-03
1.712983972367811136e-02,3.217462593260059928e-02
1.206035471528366515e-01,7.592491721157723639e-02
6.396282876303280524e-05,2.759148156130880256e-03
4.557203564262099493e-02,3.579607968609210822e-02
5.225756702720314983e-05,1.219676769850345545e-02
1.311843371490239718e-01,2.697769308753526496e-01
2.273454286675197916e-02,3.530595337761847918e-02
2.617027868228981834e-03,2.180573989839704879e-03
5.788849421893925706e-01,7.751094729108095605e-01
8.548041762789299752e-03,5.650620989337785949e-02
6.546569070084221759e-03,3.881364138279280729e-02
3.700113918545314129e-02,1.024066710801767172e-01
2.881834870140317362e-01,2.693979730048920995e-01
2.228570393852410611e-02,4.431658888018787795e-02
1.740102161440148718e-02,1.950986029526373400e-02
9.628625644109255199e-02,1.185679741711030410e-01
2.224860625638495925e-05,1.970457989763374843e-02
9.910184176623497432e-02,3.297147081052191619e-02
1.658275088381132301e-02,4.637551080413820220e-02
2.810015610793557550e-01,2.382175005340148033e-01
2.667924619324501534e-01,3.329602403613722283e-01
1.624895969412497032e-01,1.606859305736347276e-01
2.827977753486535586e-02,1.044227084827675095e-02
2.104684875236520133e-02,8.115079742317480845e-05
5.331195252028699677e-02,9.939431063127661392e-02
2.708849225101805924e-01,4.201316933286736721e-01
1.051472235784457163e-04,8.963747147702425802e-04
3.194396211481145484e-03,2.607645257150159601e-02
6.159387606665189113e-02,3.051438099219814723e-02
6.215831713210050458e-01,6.776914890890143317e-01
3.248284029798066963e-01,3.762870701908269666e-01
7.162361478591434179e-04,4.290877777072149568e-02
2.937295947839901333e-01,3.236675684407343545e-01
4.236168198322883688e-02,8.336795808299067578e-03
1.888592805254960677e-02,3.758969951164327014e-03
8.083678920392268000e-03,1.720155854324840160e-03
1.753934844529437750e-02,5.935849794794274825e-02
2.442692388083530369e-02,1.386863918567608073e-02
1.130777694017390533e-01,9.393712400142056884e-02
9.038967401338669078e-03,1.432754900455202865e-03
4.116276859700299107e-02,3.426753594404735766e-03
8.430357590589662980e-04,1.339339101709283077e-03
1.843635910992749427e-01,1.350736394944825891e-01
4.420110547865788452e-05,6.481171250868439067e-04
2.656190001770399392e-02,2.243711075597451879e-02
5.683472070580112417e-02,6.596534392833426630e-02
9.944032544796481410e-02,1.842281490477290229e-01
9.791752580402085515e-02,5.129751570912586406e-02
2.310073107282567539e-01,1.590525978343386160e-01
1.788175036824822539e-01,9.438594183913770475e-02
1.218238522233380805e-02,6.555645086557729262e-02
4.558371517330724737e-02,7.359599316399581537e-02
2.999275385982717607e-03,1.726304786580201266e-03
3.019100283705348706e-02,2.858256076477055040e-04
7.949460846456835386e-03,5.915739190493209468e-03
6.443219283045147072e-02,6.574922849787254164e-02
8.661041794391478865e-02,1.916017694517831160e-01
1.289769327781190578e-01,1.674653590788759139e-01
2.930989713499682417e-02,1.978352466815729363e-02
2.968202032317401318e-01,2.501767619345968696e-01
3.127309084318298793e-01,3.776085869882805368e-01
1.207539961394168103e-02,1.570735783566852908e-02
3.958664027072535119e-02,2.973955759240928809e-02
1.070364723585122829e-01,1.692354579123011571e-01
1.537583852968578586e-02,8.656598872388062554e-04
2.206351034589684457e-01,2.030827849772012250e-01
2.613189498193778468e-03,9.807070458363346607e-03
9.161722605146048470e-03,1.233413312353132119e-03
5.791569650227900269e-04,4.891347708636228898e-05
5.807962309308264404e-01,7.915214691804128844e-01
6.811904959054203811e-04,1.019814013518747370e-02
5.187214589223133193e-02,2.217096848899117664e-02
1.407706178190096247e-04,4.661467307145230124e-03
1.894372539467831240e-02,2.080405126054750420e-04
1.170051169664556787e-02,1.916326030948357559e-02
6.328348584122325260e-01,8.087573382377091225e-01
4.465538533127091925e-02,1.214508500717961653e-01
1.138891362949774749e-01,2.500268076562016106e-01
5.791913957944834490e-02,2.232174504905830859e-01
6.983807436832414721e-04,9.673312501747469844e-03
2.669098957246773818e-01,1.792214057188074583e-01
3.727454966452578566e-02,5.917875353313131054e-02
3.443363444229148584e-02,7.502241352584321232e-02
9.460479195667803945e-03,1.686817992643607463e-03
4.796066273328116955e-03,1.585121211174030098e-02
2.349013456457419661e-03,8.946436155364985207e-06
1.590482347698198573e-01,1.679730452130635543e-01
1.840490153000673293e-03,5.108200234564688226e-03
3.842335146095263859e-02,3.782722027098131545e-02
3.920207944542711265e-02,1.840549474541829378e-01
8.561045718304061830e-03,1.109672788497311907e-01
1.948434113319160166e-01,3.111669224497058961e-01
1.079705680845906984e-01,1.297250610038719054e-01
1.949295681672105485e-01,1.327607182318050194e-01
4.795229752911515930e-02,2.756001895936610602e-02
6.277429516319243952e-02,8.778716328925403184e-03
5.785110050647963159e-02,4.552343953939244625e-02
5.088118847105644882e-01,6.015657781709232710e-01
3.355215458985312364e-03,3.547777275381420146e-03
7.941394839735370359e-02,8.311056783695582040e-02
2.635301077362610656e-01,3.385952235036058244e-01
3.109588974982751067e-02,2.327143050744194183e-02
1.422412967443580437e-02,7.179376158600558888e-02
2.086700381515090366e-02,1.152067289561019107e-02
2.108816946749213217e-01,2.783676890568889672e-01
3.542606366745663649e-01,4.710792348076003888e-01
2.959591506969615898e-02,2.486291939529227529e-02
1.141802979528565715e-01,1.762528992749789747e-01
3.903041738572586572e-02,1.090076270779611819e-02
1.705091610037397509e-01,1.118143312326900091e-01
4.533897967475267188e-02,3.899289242530262767e-02
1.236246582679571132e-02,2.438668189908092462e-02
1.360435736709823817e-01,1.910367903959613034e-01
3.296875446513305996e-02,1.214633454790316935e-04
1.068817865192892057e-03,1.149031902442180510e-04
3.919663870868057010e-01,3.228460169715101080e-01
4.007263962000006351e-05,8.327929834188572966e-02
5.514829127985089278e-04,1.404468353403514695e-05
3.079952958321587331e-01,4.510011459580338666e-01
4.867262645573041530e-02,5.073816989438070107e-02
1.451506381333673712e-01,9.914232990594522288e-02
4.576970348517696296e-02,1.089798807072477060e-01
2.906861900189943171e-01,3.872829619927388167e-01
1.316604720228381764e-01,1.075611310475591553e-01
2.770232916817511395e-02,2.306498613200656453e-02
2.223384525540952894e-01,1.714030187798171734e-01
5.184461834421886205e-03,1.107676177774632184e-03
9.757937680859864182e-02,1.684901247302147964e-01
1.402511581668375029e-01,1.655421115299183510e-01
2.035950830395654235e-02,1.765607791551383234e-03
1.242687483069704509e-02,1.632131393363792440e-02
1.087605576289994297e-01,2.920319093626726897e-02
1.040744730268394237e-02,5.804908570658243866e-02
1.237729401679385777e-01,1.381789035241836605e-01
1.498531692141200633e-01,1.251086220640275637e-01
4.629649455767876134e-03,6.610169950081130679e-04
1.533798903108757050e-01,1.610956926692056757e-01
8.555713692718637520e-02,1.233889432154658961e-01
4.201064572104386274e-02,4.319427271934838069e-04
1.473306999561857684e-02,3.983639312488636980e-02
4.776642486993257566e-03,4.219935741239068568e-03
9.266480025014862953e-02,5.449420307939328162e-02
8.677221297590867466e-03,6.738164369134913567e-02
1.270939236946765638e-01,1.529401024271262177e-01
4.113512807330337723e-02,9.323235387419877285e-02
4.893852013979074159e-04,4.375844727556117177e-03
3.220072672499056377e-01,3.960723861260770917e-01
3.910845477228951095e-02,1.285006098359053883e-01
1.302089648186643099e-02,5.483636447994159197e-02
1.532048203147949681e-03,1.263149714738331930e-02
1.040708853053881193e-04,2.983358207718505781e-02
2.196539590832192156e-03,7.965730237659488303e-03
2.357195254205974311e-01,1.525437589398903337e-01
6.531058472507698075e-03,3.820737173547605892e-02
7.273090258973011202e-02,3.823729181867251831e-02
2.940468338935653056e-02,2.092900424099635587e-02
1.931493254182367614e-01,2.170583036699675339e-01
1.223838539931995111e-05,4.604504057897008951e-02
8.499281744173163566e-02,1.441910418588899234e-01
6.554633303831916558e-02,7.902954871442346985e-02
3.511342679979927994e-01,2.395583896109365341e-01
1.428616057711695475e-01,1.617959285288227966e-01
8.504441825171229694e-03,1.621249983713552237e-02
1.147445282611162095e-03,1.963137517608639498e-02
7.997322459460567967e-02,3.084640606545744485e-02
2.285758144572573591e-02,1.665644855332840471e-02
2.446514898940126137e-02,6.938249481215551413e-03
4.036212088423381250e-02,3.378456084473174803e-02
1.697943665958559223e-01,2.228439941075616437e-01
4.180652907080116077e-04,1.424396101762024020e-03
1.200289960175959791e-01,1.059849165050023162e-01
2.332990620740754695e-02,1.755805303751124770e-03
3.376118624788190261e-04,1.088461457889190222e-02
2.571419767751335298e-03,5.287266127022782584e-03
1.837158920174942200e-01,4.689048172886849386e-01
1.522574568756857212e-03,1.716821464773842995e-02
1.986882969674257648e-01,1.847461302992436105e-01
5.138789934653513469e-02,6.195780511739115010e-02
2.333068857865967516e-01,2.931149302070523710e-01
4.207074322634015151e-01,2.740620331741528415e-01
6.160614018837425737e-02,4.264269734930794392e-02
6.606643042525953136e-02,7.553565355349466104e-02
4.444685225453566708e-03,1.277259741714658432e-03
1.179866356443648595e-01,6.580968707145129493e-02
1.694453128589901159e-02,5.852929626498477866e-02
2.337378013260657875e-02,4.075594163274081846e-03
2.474032383474594234e-03,1.472765616463902940e-03
1.746984206555600161e-01,1.094469784009559216e-01
2.629447366236597680e-02,8.118963845657614642e-02
1.538112486416287339e-01,1.103709238089130573e-01
7.721696821966722232e-03,6.519197093233459269e-05
7.401478729564588133e-02,7.235356490573778554e-02
5.126001691832255368e-03,1.143938318122936226e-02
5.970692730637694109e-03,2.032153653285600006e-02
1.075743138550905170e-01,7.936571125806053673e-02
8.143470338619703984e-04,8.807740221774965680e-04
1.967057272385040051e-02,9.193058791626006546e-03
4.248326326080929805e-02,6.614988843277207209e-02
1.513406271118568347e-02,1.121091831064822443e-02
4.745399047417515198e-02,9.374959303518936096e-04
6.904493469021540097e-02,4.522080810775463630e-03
4.473638867343309178e-01,1.490976119924789789e-01
2.443582144977040072e-01,2.399433853626115609e-01
1.116476452165687805e-01,1.156182443234238660e-01
5.638270149944930171e-02,8.357377650283735748e-02
2.993155445585431451e-01,1.885721373820772873e-01
2.432460510579698837e-02,1.997843951125589934e-02
6.660747568762398138e-03,9.076936690158294088e-03
5.162359278549780855e-02,4.006765282665573913e-02
2.677386624204322607e-01,1.878697039421884096e-01
2.587994056090355821e-01,1.107842519230487349e-01
3.328850926160610846e-01,4.545186539346888210e-01
8.331797805185794936e-03,1.988449434079610136e-03
2.653618112180506361e-01,3.052639980610926118e-01
4.726193961263986006e-03,6.884756995559718830e-07
8.834471638405644311e-02,1.432927713023335603e-01
3.367913935710194814e-03,2.722760814195111973e-08
4.361659316026350098e-04,1.752799632234020000e-04
3.069957244576562022e-02,2.229495921049256396e-02
7.491101502788736870e-03,4.710828126897871788e-03
6.955184521977809953e-02,1.693870502260608202e-01
2.539094614045889556e-02,1.712846241313756637e-02
4.580780833000066415e-02,7.335088156482988397e-02
6.432823678624134678e-02,3.784046795596605894e-02
2.976949484478507921e-02,9.764894297667785911e-03
6.181991253350756915e-02,1.401434151592277078e-01
2.406237387775466141e-01,1.035735942747587485e-01
9.405514827535363387e-02,6.870534295197538999e-02
8.947866494193721168e-03,6.140778173906002828e-03
1.825269442169956055e-02,4.224561630649855196e-03
2.244918803387685804e-02,2.361577880622684270e-02
9.946363943936262220e-02,6.029236834391173139e-02
2.482654118060538539e-01,1.997148229984567480e-01
1.398705770661681433e-02,4.310057914740424850e-04
2.901966421071709365e-02,4.575271675772186325e-02
1.247687916898585353e-01,6.895013109074034363e-02
6.271724361198088848e-01,7.968422933170343780e-01
3.953366309927835998e-02,2.760146556837002677e-02
1.857193026651738493e-02,7.803618087949927562e-02
1.143513307827192099e-01,4.251837931857829767e-02
1.355743342201554680e-01,1.754127413804070224e-01
2.146731874472656287e-01,1.610351021998322751e-01
2.461385510178352651e-02,4.311534722029366205e-04
1.292602146888309766e-01,1.610219845866437127e-01
3.027873973835065735e-01,5.023973112811295216e-01
4.494657693450122560e-01,4.469564702253261412e-01
1.036880655989229072e-01,7.652773367840236263e-02
1.157436005234743909e-01,2.386861661385541178e-01
4.129658962465641847e-02,7.529613998253457952e-02
1.988423633065123774e-03,9.401988215247444880e-03
1.205383029082742613e-01,1.533302806412491781e-01
2.502559035908606400e-01,3.585968316131351585e-01
2.546107610798193852e-02,1.772871099217914262e-02
3.423266591941711689e-03,1.093532719280469225e-02
1.565345602846318351e-01,1.282382465670267868e-01
1.962639759747961121e-02,9.222307155387248975e-03
1.304202817461378935e-02,1.293957257779279960e-02
2.229527898436176395e-02,3.577566863843181788e-04
9.153953055174378350e-02,5.973115505716233842e-02
8.041019258081283719e-03,4.562291292737163072e-03
5.274435152235953071e-03,1.305413889221093693e-02
2.112285905048426164e-03,6.897514308999201649e-03
1.326719590595332454e-01,7.595222024129377747e-02
3.236242997547960631e-01,4.667026863945326065e-01
7.683602577362096814e-03,3.241721474651171591e-03
5.016523200391887274e-04,1.346799535649472563e-03
2.558747191483726896e-02,3.114138605115775518e-02
1.468389013807960830e-01,1.231203258994136573e-01
4.834037043243204212e-02,3.846487670107211904e-02
4.257096683899725398e-01,3.431827306467129524e-01
3.772695961140566379e-01,4.445733668859432886e-01
1.947276796613171268e-01,1.920211306873632895e-01
1.418282862401544584e-03,1.792190147190372840e-02
9.240674093142224599e-02,3.777251618113525167e-02
3.108708684458328514e-02,2.422843854429343816e-02
2.502873509674895941e-02,3.717303265896502226e-03
1.877033177839060709e-04,2.247093278239794753e-02
1.118662583061310195e-01,8.054268791463528587e-02
3.517627170223873168e-01,4.368583542550572574e-01
2.281926106382363428e-01,1.070136072301318270e-01
1.506230259134793692e-01,1.814511659055033643e-01
1.292028467593648866e-01,1.718560314108178722e-01
1.575680797727627702e-01,3.037042815159994302e-01
4.816719291390175565e-03,1.060376401602219042e-02
9.121748274852575777e-02,4.823727377835872882e-02
2.167543813960326731e-03,3.626932416426941613e-02
2.302989896761819741e-02,1.736228836029307882e-03
1.007483510795706416e-01,7.804795729323124598e-02
2.768259916869138750e-05,1.517212411875049592e-02
7.851754295630539865e-03,5.266498056434774054e-04
2.009968302216834646e-01,1.359569830526129175e-01
1.535959683721966891e-04,4.823776648817200267e-04
7.841306174037751542e-02,7.414472951827992542e-02
1.142414827834211805e-01,4.279294540148485537e-01
2.426430238836622677e-01,2.712547487045745553e-01
5.058063969753525541e-02,3.763972153352185268e-02
1.143903392576858108e-02,1.582662670612250411e-02
2.438415883555566151e-03,3.659119666510442497e-03
1.154899598048772860e-03,7.468230143593298891e-04
2.663508438305141057e-01,4.234518283494271285e-01
1.119080526476599197e-02,6.799212284284926119e-03
1.706896048835450375e-01,2.680151488634771040e-01
1.621143462093640672e-02,5.627330121193154649e-02
1.381773977586091273e-01,6.577284127234866995e-02
3.742579159798280208e-02,1.200739768565587395e-01
2.929416223355891385e-02,8.132760071870988317e-02
5.262570193831440923e-02,1.621684565885305462e-01
1.096410271791636339e-02,1.204049533120322146e-01
7.623755038084037428e-02,8.365500644572397559e-02
8.848409898075936253e-01,9.403860643191269686e-01
6.485164537283334869e-03,1.284882678882218665e-04
5.567642984203010487e-02,3.859758045282538595e-03
2.411616804526892782e-02,3.457631516970319924e-02
2.379756992571257189e-03,1.629953157303591985e-02
5.364438098092905172e-02,5.506766850642767080e-02
1.834668864300947611e-01,1.998214771272153467e-01
2.839183916705523281e-01,3.302682951145436974e-01
2.752328784832813388e-03,3.633292276343326466e-03
5.790603182199522553e-02,9.878610919900485121e-02
2.626520814828293693e-01,3.840243871804168707e-01
1.984641187478306413e-03,1.477961650799179162e-03
1.339264625284077373e-02,4.496726065828682284e-02
3.888621277356485439e-02,4.724773936464348595e-02
3.096432383338893271e-03,1.658906440855036323e-06
8.977372186970387913e-02,1.394085586041940994e-01
2.734689879014203309e-02,3.752011854918161629e-04
2.645894125738028693e-02,1.994372236081854224e-02
2.658089895810841503e-03,1.738621237765037729e-04
1.828505862866033546e-02,3.541414697522388046e-03
4.418042918009978427e-03,4.174100866708343321e-02
5.428092252585816659e-03,8.512841248071533959e-03
2.415960156094832355e-03,1.916526082639125733e-04
1.513508210025036813e-02,2.171638854576034977e-02
1.192708344252591424e+00,1.471393275948327473e+00
2.099806825608077979e-02,4.119626569461545817e-02
4.105320211149582343e-02,8.494785700849096996e-03
1.170374455636614963e-02,6.469525740498564652e-03
2.656277260623789507e-02,3.117183536737383118e-02
6.986228563081942067e-02,7.881503325849288644e-02
3.555749045345772408e-01,6.863673859320389425e-01
1.768435658049937517e-03,8.816257000777932493e-03
9.869693495719436549e-02,8.704109357290745752e-02
1.354900279753593062e-01,2.730551826952443695e-01
3.341532138353597858e-02,4.312081137800668346e-02
1.245288872225125132e-01,6.592507374136893916e-02
1.973675169040578492e-02,9.161460712632716469e-03
4.227807271379514092e-02,1.308491530844624155e-02
1.407588567388912970e-01,1.256378358219673863e-01
1.792360611361137890e-01,9.255605414861166336e-02
3.080263287560001673e-01,3.161098485939067837e-01
9.827858093781116633e-03,2.343375316712675502e-02
5.999424480503567914e-01,6.632392710517674983e-01
7.663473334907761059e-02,1.004523930114496200e-01
7.707558255648576384e-02,6.248524280550733778e-02
1.362449278844368727e-02,8.654469167076976957e-03
1.389887098850885010e-02,1.698197522975043727e-02
3.996936276192139537e-02,4.691970789232024347e-02
1.095411412445065425e-03,9.643244567597374734e-04
2.638484868664521359e-03,5.762171023918014881e-04
1.331908740022296617e-02,2.308423770339042627e-02
1.551876043671072958e-01,8.945612295046459495e-02
4.614685635874869892e-05,1.381387261777235892e-02
9.661095189145778306e-02,2.901398415033653796e-02
1.856159343346574023e-02,3.381736854209886189e-03
1.522038907220250870e-02,1.122372821126717615e-02
2.227658046602136455e-02,2.812411906984181933e-02
1.079535275258105137e-01,1.223267297499193718e-01
7.301114119767562229e-03,9.233049002560727789e-03
8.349734955729194719e-02,7.318246141378280389e-02
9.767252968708153849e-02,1.140605682900678181e-01
1.527168566623943735e-01,1.330734336568733800e-01
2.337269579675241293e-02,3.532228994419869686e-04
3.123013780362533603e-04,1.254971106927443500e-02
8.578718677313201812e-02,4.835408483557571135e-02
1.311958075199503304e-01,1.425732625391677166e-01
2.052078019420416107e-04,1.078854486996478484e-03
3.790324950486705091e-02,1.912417198534827056e-02
3.490239819022363799e-01,2.633194247075518746e-01
1.384201101783495702e-01,1.861441021248528283e-01
2.097721806802947675e-03,2.459369311316246531e-03
2.782027803145444098e-03,1.607892474203535815e-02
2.124362441095981394e-02,6.208792022724179960e-02
3.150039266807435484e-02,5.981985481468427013e-02
9.409403720568992879e-02,8.492378384518060874e-02
5.103161750380159623e-01,4.634026905193576740e-01
3.521009542879564025e-01,4.188949608564404015e-01
8.867057464872285868e-03,1.864420969099350994e-03
4.684469864391875918e-03,6.171520314136640095e-03
5.385634838546915493e-02,1.124681965492779767e-02
9.674664800584803492e-02,1.363218167068503128e-01
4.737157203155912405e-02,8.796575445976288765e-02
3.644163773128320655e-02,8.094467662762998283e-03
6.872945006357349118e-02,2.073301570101648839e-02
2.011214609549460963e-01,2.485624932217796734e-01
2.921680064915092023e-01,3.971014991591338972e-01
2.818475225479921131e-01,2.979725544411240823e-01
3.613909712753677894e-01,3.021290844783375285e-01
1.523986331090897497e-02,2.243369078042960207e-02
1.142232316533847020e-01,6.234555224424619818e-02
6.672168315947242523e-02,1.595208547224261642e-01
1.559514683982388432e-03,2.792904652489630601e-03
3.150010500446686623e-01,3.418124518571464820e-01
3.396625853175322504e-04,3.956744527945651492e-03
2.318933737561850936e-02,4.049020081004143026e-03
7.928713704247035421e-02,1.427119821491578677e-01
3.011174118300289151e-02,4.729019285618807356e-02
3.597081259535703929e-03,2.003528010053776121e-02
1.679462777478538671e-01,2.378646552131543634e-01
1.837539837918880370e-01,2.139070980362186292e-01
6.671384363479120061e-02,1.892075294810728892e-01
1.735691419315371631e-01,7.308821649008334642e-02
4.809656916773238922e-01,7.484427873268831855e-01
2.910535729820796363e-02,4.547632707447847589e-02
3.069865568803141487e-02,7.271186336830713637e-02
1.831644735638647548e-02,1.486774460024928822e-02
4.243020523332429600e-03,8.443129852701453672e-04
4.466390607309652094e-01,3.208563843762114454e-01
1.782332222611136482e-02,2.144383539291065330e-02
1.638020632585387437e-01,1.578701674149277090e-01
2.709729040655650852e-03,9.483381746175132895e-03
1.131141581343600155e-01,1.113695298271359518e-01
8.478367220098360912e-02,1.374540214351764600e-01
2.972802389400638987e-03,1.443904688666855507e-03
1.724573837307728508e-01,1.906621240777251758e-01
3.392316204262341151e-02,6.620061483954077508e-02
2.506929809287246624e-01,2.639522498767846170e-01
1.187124794196510978e-02,4.392003625312724949e-05
7.198990584466603837e-02,2.173714341206018849e-02
2.781071517605787635e-03,2.110553137656527491e-03
1.933246497573921311e-04,5.131771001696434041e-03
7.318740514731306157e-02,1.074116037869217166e-01
1.247426559434750698e-01,7.442040528838543556e-02
1.089319879311641259e-01,4.364280424263396879e-02
1.847225356884849012e-01,1.235767242263773741e-01
2.783104140099547097e-01,5.631430390636601446e-01
1.495841807667145154e-02,6.625230434563483817e-02
9.778596527918835893e-03,9.676059603992758027e-05
1.410268963137170650e-01,2.220704600433277831e-01
6.323911571095623685e-02,5.328148644176302490e-02
4.864061865569106746e-02,8.331810183140926640e-02
8.808699941776343412e-02,9.616750910990767842e-02
2.247866965910426049e-02,4.160336160297688907e-03
4.561898716253526102e-03,2.765869583895597898e-03
9.213179243012622338e-03,3.693445882283618448e-02
6.157926260062562829e-02,2.537006662631065279e-02
9.459314300783835255e-03,3.029625807393470510e-02
1.490333408655319242e-02,1.612580242404417896e-03
1.968127302426607265e-03,7.088873763045084458e-03
1.662611945345363398e-02,4.539156073808164882e-02
1.550444594415463229e-01,2.183879181680658255e-01
2.091282445960467723e-02,3.079895313228239034e-02
8.252466245015550872e-02,9.973207743155201865e-02
2.844649114764201403e-02,3.174379955746558374e-02
6.174239442903178138e-02,2.950784877016927876e-02
3.558015050351953645e-01,2.703551943867478213e-01
1.850691130820696778e-02,5.107315977946370877e-03
5.340540500335031610e-03,1.678137795491144862e-02
4.884135143539117818e-01,3.382235088628006703e-01
5.835289016349362590e-02,4.742937774078473390e-02
2.647633616737656015e-02,5.291387329336649098e-02
9.677212444878766778e-03,1.890701428775228010e-02
8.459301095856486263e-02,4.500617174793465625e-02
1.658925619578308641e-01,3.245764643885482581e-01
1.657216410999116506e-04,7.615050411564073781e-04
5.378326032161182685e-03,1.640565074731773583e-03
2.417254680597610492e-02,2.256680256454988640e-02
2.800533540440565128e-01,3.196364191237262564e-01
2.591823926267285971e-01,2.251258986102450677e-01
1.793778030517161406e-02,3.672062648196013817e-04
2.372472192366547369e-04,5.441908040479771086e-03
7.186141155311999429e-03,5.734422660924099607e-03
3.736219491417913999e-03,5.867917219964236333e-03
2.082858652270814792e-01,3.339533357166247218e-01
2.689926398555485525e-04,2.050714273052892719e-03
1.728299356438822362e-02,2.039530950876410412e-02
9.313130294752755111e-05,4.479299067376231501e-04
7.285536023276108046e-03,8.525374497411854213e-02
1.112650732139858038e-03,8.298175307860608182e-03
1.263802390747339466e-01,9.255818732647892733e-02
1.072767020296169283e-04,2.504040933529221372e-02
2.479239423268933193e-02,5.965162561518077416e-02
6.782430594355957909e-02,1.760785979143640323e-01
1.027348661424902082e-01,1.171031113275937952e-01
1.230951295864111950e-01,1.769435657069687029e-01
3.074540043924903765e-01,2.817120839826999790e-01
8.304376125936449582e-02,6.883580747263942645e-02
3.887975602770663008e-02,9.264163139136871727e-02
7.321229464226251815e-02,1.034704686884008462e-01
1.378317249496043007e-01,5.860150929456403590e-02
3.467254560295374849e-02,3.261741432093184789e-02
1.805967026104396758e-02,4.513963886423049549e-02
1.393976649182449290e-01,2.198745434649470032e-01
4.759097764423585414e-04,4.054740335430812720e-02
1.578880251929048739e-01,1.011969270497492246e-01
2.257351843209232101e-01,2.018731988142720146e-01
4.600675807136012097e-02,3.109803665720915072e-02
4.524946855318122407e-02,1.716394710117319089e-01
6.302638149983816329e-02,3.445885891189953004e-02
1.053284686298705530e-01,7.534600087273127245e-02
1.008891736459356231e-01,8.952341099424247772e-02
8.134554891125279907e-03,1.889315395540097989e-02
1.550088137646184021e-02,1.172911559842700242e-02
8.411543061233387315e-06,9.131319038315388603e-02
3.223232503599384596e-02,1.498147733224557826e-02
1.374353225344400291e-03,3.515107970821113731e-02
1.561705333021227472e-02,5.287582647758593685e-02
1.533665288958744322e-01,1.281481048468981199e-01
9.320447737040932342e-04,1.456069771195682558e-03
1.139668809894381352e-01,1.170051994957280739e-01
2.274460416931124371e-02,2.960978355849323840e-02
2.901288403629402601e-02,2.515326539588193591e-02
4.644183185978061588e-03,1.477439132178566799e-04
9.919588950191054327e-03,2.578649066767408488e-02
7.063775256545087866e-02,3.183841978358954716e-02
1.331823070117519638e-02,3.242877344905417940e-03
3.893895063176078253e-02,3.433489714376499607e-02
4.928119403350060719e-03,6.720580919923099805e-03
1.665636070245918865e-01,3.180269253789662631e-01
1.270500005498986394e-04,2.037505324067503520e-03
7.066165195017451439e-02,1.625132827296435212e-01
5.828626599548154125e-02,1.019946313845654373e-01
1.229239287211454515e-03,1.896799971667864507e-04
1.576391268040019597e-02,1.291456122769867390e-02
7.039859608449354489e-02,7.867516990098592788e-02
1.261403584609074036e-01,1.268943014156414806e-01
3.731956113762347621e-02,1.223613742970249413e-01
2.765706045333927304e-03,1.177100141406553675e-02
8.469699169694078211e-02,5.999783031016075324e-02
7.834926050312565615e-03,3.044511061604452187e-02
3.178130429907537191e-02,6.540302281725991762e-02
1.538609959229835997e-03,3.292652793584224021e-03
1.755612437068670983e-01,1.966048562041914638e-01
1.112396130725621518e-01,1.316500341106240368e-01
2.696827639769221706e-03,9.529438966136867875e-03
1.847413491558908272e-01,3.013568336329270902e-01
1.083067077236414683e-01,2.416493843762041946e-02
5.813522345178095962e-02,5.141835366447473910e-02
3.559953281472358344e-02,5.903477684633218897e-02
1.059472185589448723e-01,1.123342260918120256e-01
2.820557341870415236e-02,3.012137973627114843e-02
6.407590770568672989e-01,4.854453647578818587e-01
1.177955791709239461e-02,1.051433947048483961e-02
1.285517597562151892e-01,1.783769305343534117e-01
9.172964902262202916e-03,6.289424090156807423e-03
1.364340720333141570e-03,4.712462577968050750e-03
1.885468666950998289e-03,2.648171088115064235e-03
3.094678147592844555e-02,8.878459556104129763e-03
5.274765326217090156e-01,4.724948080041621035e-01
8.090387281495205196e-02,8.164671587175835465e-02
3.346951296029939543e-02,6.199878414380115103e-04
3.169116473433021830e-01,2.296374537488986289e-01
1.818280503762061961e-01,2.564745650667452082e-01
6.810626480623067913e-02,1.632401341861012545e-01
1.204876488608153280e-02,1.302599423776888872e-02
4.296873675906844742e-02,4.320885735608180622e-02
7.970167529787941518e-02,1.169456505384149254e-02
1.037400129579643532e-01,1.080549902092529380e-01
6.479682129001468338e-02,1.194444302979350420e-01
8.381256871798849206e-02,2.150616227166046723e-01
7.021966923560367391e-02,7.107054309836119410e-02
2.196131818665409408e-01,3.171681737373149845e-01
9.615830144408244167e-04,1.068536474135318472e-02
1.135543006243671868e-02,1.507682242539330059e-02
6.909957581728806697e-02,8.102966951889352398e-02
7.118684559672518522e-03,3.375905142522517220e-06
5.121787756457821250e-02,2.033796873527278157e-02
5.299973873979434320e-03,2.737563853587284338e-03
1.777926831014800535e-01,4.769876316289408669e-01
7.549952726178119078e-02,1.051045371625197872e-01
7.968209950297157340e-02,1.099473341187275077e-01
4.605705669486116912e-04,5.671836618843263504e-03
4.451017943383206443e-03,2.846577444355014030e-03
2.074722636109190554e-01,2.098210061320008313e-01
1.843895943970130791e-01,3.359530185259929080e-01
2.057762941659411204e-01,1.559386255862961479e-01
2.262719783351291314e-02,1.266763175714400239e-02
7.992397568341655378e-02,4.983733568316602719e-02
2.179070014028703164e-02,1.057098508171935708e-01
9.045337812663262200e-02,1.732371431697963815e-01
5.779710784154241943e-03,1.899555398698500250e-02
4.791536115113902844e-02,1.672935487622583331e-02
7.997416116615273241e-02,1.082792229023722269e-01
2.286317956605746216e-02,5.544524256789083727e-02
1.605956652254201394e-02,4.174071483896975993e-02
3.796725658588317922e-03,1.626154460722316342e-02
1.609822361209046204e-01,5.484660924620583106e-02
5.097023533473942110e-03,1.924340174069786658e-03
6.670564092294480052e-02,1.486733850555331249e-01
7.293895682778430041e-03,2.137672549594011456e-02
8.456501592122098046e-05,2.355769227460509721e-02
3.334837424732357836e-02,3.286289275624951212e-02
1.305966347317672471e-01,1.369236337643796042e-01
2.226695453880896125e-01,2.476927336660602053e-01
1.497497611073996156e-02,1.121329587831769448e-02
1.338730077876919278e-01,3.129262670853517059e-01
8.679064260919334972e-02,1.311156748388103178e-03
1.117652280160520206e+00,1.311929022555291313e+00
1.267211672981509718e-01,1.125478921998126908e-01
4.909022465969813120e-02,5.963141597646225839e-02
4.953885131388418434e-02,3.160804158742711815e-03
6.231063216006022670e-02,1.047970649427279327e-01
3.767291349875780959e-01,2.808476840003624186e-01
1.842023574779025341e-02,1.985290943130492338e-03
3.299603551214724262e-01,2.999780259055847553e-01
2.962483385201199627e-04,9.179557386063237829e-05
8.412663990215128989e-04,6.867084442780481196e-04
2.870068173093727817e-02,3.573430832044163872e-03
1.764836747595119153e-03,2.092001608233597099e-02
3.516611914550321627e-01,3.090673908878251441e-01
5.756202923116443548e-02,4.706896740051464550e-02
3.235804380102134947e-02,4.956254889876149546e-03
1.053402053125982417e-02,3.012578378739930521e-02
5.891487378446144153e-03,4.255966669054591803e-06
2.217875176113827118e-01,1.641254772645436566e-01
3.201710131813170213e-01,3.012780391542877467e-01
6.039782536006035873e-02,1.514769602328707929e-02
9.224689264309120229e-02,1.838954661215283504e-01
4.560503607649760149e-01,5.069405479379439639e-01
1.836559089853664894e-01,3.172774754825064547e-01
8.478461146088082934e-02,8.161013686855861371e-02
1.973772846820110727e-01,7.470966794849469295e-02
1.296265324047996513e-02,1.468757368363282157e-03
1.266790599103810588e-02,4.603991583615719974e-03
1.217873654444297932e-02,5.585519462466511514e-02
1.458851696761357120e-01,1.186743614697628596e-01
9.639539649060281656e-02,4.779145659073079366e-02
7.944417049362527405e-02,1.243461073051540799e-01
1.297969443390618524e-02,3.743740304840835476e-02
6.645008075401294401e-02,5.707268201667723556e-02
1.350000418211566577e-01,5.677928578527213777e-02
7.939437392103185567e-03,5.452587092892183587e-03
3.900226654026546225e-01,2.694926654842698666e-01
1.421513285760679646e-02,9.484535354701185972e-02
2.056695978236685041e-01,3.125885025315003340e-01
3.019869151449722580e-02,3.646257887127957176e-02
3.713046261435466733e-02,2.194473736966635544e-02
1.916078583046833608e-02,6.360721205186813110e-02
9.733477976446235080e-02,2.691272952570837249e-02
1.083076585511173057e-02,6.641370862121713514e-02
2.019300365511193449e-02,2.013646421630922029e-03
1.698958234707086401e-01,2.175037894357689239e-01
1.254132671482090450e-03,3.301296323464178190e-04
4.485519942885411726e-02,4.245543456469037108e-03
3.639159659481567416e-02,3.609529185839880500e-02
2.426784199673237205e-02,1.716874646677290714e-02
4.098179722225579746e-02,6.908138330927343987e-03
1.622183548997339353e-01,3.514860509554275647e-01
2.475452134560882414e-06,6.837397255511483982e-04
2.232750458110485507e-04,2.262901185099142932e-03
8.001817365250836131e-03,1.957300045829056187e-02
1.398137677190130213e-01,1.407914380119584530e-01
4.972790572458052338e-02,8.076114253516442076e-02
7.749518174266031845e-02,1.024665154349172630e-01
6.164741533663740643e-04,6.978136191382255764e-03
3.208772505325108160e-02,5.733567533617653367e-02
5.874005431318209125e-02,3.121354133064752762e-02
3.817723490759550309e-02,5.033393671498230526e-02
3.638436144057121124e-01,5.149055014998908941e-01
8.968650914894606141e-02,6.676414741971800626e-02
2.167546097831562490e-01,1.684998454942477630e-01
4.097662998584392785e-02,8.922217571395484395e-03
8.185798361145271707e-02,4.548954612367018396e-02
1.003824713899981874e-01,7.665334832899362016e-02
1.382624560974680117e-01,2.139431841528237066e-01
2.597902438052833180e-03,6.758648620771969331e-03
5.458516616013356706e-03,2.357592827534620017e-02
2.379509078486362686e-02,1.039005300064827636e-02
1.713171762460382035e-03,4.549677649792406207e-04
9.709326154473389703e-02,6.136830864346121822e-02
1.972651063662925197e-02,1.466465289991883934e-03
3.465736975763784034e-01,3.735940093914027482e-01
4.748069534986982393e-02,9.662940648126068510e-03
1.303693394790559346e-01,1.723995997204925967e-01
2.039967182159557572e-03,6.145640244038292135e-03
6.241099419292192932e-03,9.805720413761894513e-04
1.161569753194010516e-03,2.040659882291190330e-02
3.771788582768252802e-03,8.882785752658566361e-03
2.549718487293025845e-02,6.900411005301798628e-02
2.368218494175118038e-01,3.237878430573186694e-01
1.516401611796569793e-01,8.463937275213365141e-02
1.010439826329924103e-03,1.218093125639381664e-02
2.437538026806069028e-03,1.023197438496801885e-02
2.326547494225633499e-03,2.778062585688304692e-03
6.250660907961128922e-04,6.227200776283800705e-04
1.107895307765223263e-02,1.593814990257865633e-02
2.810605437153930741e-01,3.368353985119748040e-01
2.928332514402248732e-02,1.102112464610977560e-01
6.619135360818531252e-03,3.754775912397445917e-03
9.637908976377503045e-02,2.026804191774669583e-01
5.448978772941721199e-03,1.300997343963884040e-04
4.810352380193445854e-02,2.464713206895666892e-02
1.896792825217289216e-02,1.916445782711461709e-01
2.765696395432791152e-02,5.313428505995035356e-02
1.012635865233421084e-01,4.846305143607371885e-02
4.122576330759277208e-01,2.893499585143164965e-01
3.136069812435616448e-06,1.074698728397728651e-03
3.963166520032633533e-02,5.609584759103925650e-02
6.323574586972389999e-02,1.518048331842512810e-01
6.425495608595421793e-02,1.259819461933478213e-01
1.431975743890719077e-02,2.690046862321974000e-02
3.468186827871642119e-01,3.933355729353051333e-01
5.312494059536254469e-03,1.868310282119909878e-03
1.984988403685848390e-01,2.071089292465993492e-01
2.090897341667689521e-02,8.718805900791212066e-03
1.186037754430634833e-01,1.465027553493674639e-01
3.392291629103204309e-02,3.953349058502951541e-02
9.070393801786894028e-02,3.446753477712535818e-01
3.328660105397859836e-02,6.041986940196487216e-02
8.442510650465837518e-04,2.472560798600842089e-03
2.557539811933673760e-02,1.158043210155970497e-02
4.435579242834155472e-02,4.405371960528342568e-03
3.239286633883253688e-03,1.119196282537333843e-03
2.520149079222326963e-02,7.004350476681911290e-04
5.734022803577661738e-04,5.148028901035912180e-02
6.765448035461537647e-03,7.383456786504642710e-03
7.844077567432913075e-05,1.741160641286593712e-04
2.082017815950139641e-02,5.001082128199997937e-03
2.614012095473537255e-03,2.584269898530994983e-03
4.762571290512038202e-02,5.552396749411018378e-02
6.164842345391219336e-03,5.433253970942403602e-03
1.988313259510315553e-02,3.276694928061962137e-02
9.537578465722390542e-02,8.837384478924377451e-02
2.055285439645117007e-01,9.925601977439757473e-02
1.523962041888867261e-02,2.638510416207425283e-02
2.082825232999946721e-02,1.326263921713940466e-03
1.345777158742361528e-03,1.515714945337351838e-03
5.755013557879165575e-02,1.084306972506108163e-01
1.004269262409691055e-01,6.834249888286461627e-02
6.876795865261780411e-03,3.386658112771085728e-03
1.134123565493589808e-01,7.292992060226988205e-02
3.083720562511672522e-03,1.533473504840927783e-04
6.574380169085473381e-03,2.417150866088702346e-02
7.579065336329632308e-02,9.744908561457232832e-02
1.844044952702141878e-06,5.468041870487777567e-02
2.021287009829038708e-02,3.321289908844936539e-04
1.674322836867259828e-02,4.988923848957470958e-02
1.274530897276411057e-01,1.457761749553696806e-01
2.008589255678938819e-03,1.425012470484878467e-02
2.295177388508231331e-01,2.596749079617581279e-01
1.388988163428155620e-01,1.731023200533460815e-01
4.106486103194292164e-02,7.789706226980137871e-02
3.254280578265726642e-02,3.689700235467983230e-02
2.752115791397561489e-02,1.288402907301989739e-03
2.895405548343965019e-01,1.905227901800252144e-01
1.134942699469670448e-02,2.481395836711389365e-03
2.157198138071376656e-02,2.466224281155805775e-02
1.787046532560935264e-01,3.118504761961796712e-01
8.234159567885258879e-02,1.363525418319098681e-01
7.569342463628531137e-02,3.915804085580003313e-02
3.380086766591917230e-02,7.738515630383090149e-02
4.617033924271773254e-03,8.768683523152938711e-03
2.752738758868273350e-01,2.492859236723216076e-01
7.861401905389973563e-03,1.238135525635921871e-02
6.786276402800094434e-03,4.395059388240959660e-05
9.213958294190194298e-03,7.902151691830833560e-03
1.523760414942754290e-03,6.669284093824981788e-04
2.151620930260777012e-02,1.411740822171201649e-02
5.352329850317641968e-01,4.824163765392557313e-01
9.554572451101382702e-02,1.226187318624106723e-02
9.022735549372987163e-02,1.099879682169210005e-01
2.603977438826748370e-01,3.163302934378574016e-01
1.425536277440105914e-01,8.025328948833292120e-02
1.009792060338058906e-01,5.751756925074848897e-02
1.226676257608787929e-01,1.239129255812739111e-01
1.675015787364237535e-02,6.526774892765030422e-02
7.861511245155536343e-03,7.078141821769015716e-04
4.500944586162039518e-02,1.218447758832805726e-03
4.679281590294592230e-01,3.388324600199847936e-01
2.967754592319958862e-01,4.443461408578420202e-01
1.982695338747685332e-01,1.551371957003691571e-01
1.664037451686382063e-01,1.295514371685900501e-01
2.533819745499760537e-02,8.873049808557282800e-03
2.974951141680430844e-01,3.272983239803020084e-01
1.461122359374016910e-01,2.404471839547017153e-01
2.583561257332947503e-02,3.800373816222604728e-02
3.946454884464210486e-03,2.791521969615534324e-02
6.427316846979627130e-01,7.394485862472081061e-01
7.368046517859497095e-03,5.316152709949476668e-02
2.029009958860825830e-05,1.507530067453886696e-04
7.426908488794439767e-02,9.606807627850980080e-02
2.633875028842868476e-02,8.777437660289646656e-03
2.144353427715168792e-01,2.423904258491384744e-01
2.937272109429384798e-02,1.025217330795090594e-02
4.112008883791950370e-02,3.603353211830854358e-02
4.778219730627629724e-01,4.256626097205264969e-01
4.553095781103037154e-05,1.299604746413729212e-03
3.261259542210915435e-02,1.147444947090641570e-02
1.345676644516138887e-01,1.102010629557552274e-01
2.409305549689908510e-01,2.015479970973734214e-01
1.298201306765122895e-02,4.497800884066437827e-02
3.521172369327305648e-03,1.246603288816171056e-04
1.584326840942573700e-02,6.003350464146616286e-03
1.401245300305485331e-01,5.431574840982159730e-02
2.619111423087023757e-02,1.976143825872320268e-03
1.905166954275306634e-01,2.809010840452912383e-01
1.367493085453491339e-02,4.118649798656812133e-02
1.015804286954122004e-01,1.251819644911319473e-01
7.925961529023275998e-02,1.334039940382089340e-01
9.520632122889918780e-02,7.894051798838121322e-04
1.191912130046584029e-01,1.746341002660173891e-01
2.161760201547782423e-01,3.285290775624748472e-01
1.145486195797080914e-01,1.461663775334837434e-01
1.670142248203163871e-01,2.156358547400218373e-01
3.905341995903455904e-02,2.677192353398521671e-02
1.592867032449850895e-01,2.441812660813323099e-01
1.406391655413697164e-03,2.921202608098249186e-03
5.130110875507055967e-03,1.083202684193804166e-02
1.344631595268143964e-01,1.415132613831183994e-01
6.360224084550093471e-01,5.714759746770196047e-01
7.943481198084761941e-02,1.875672922471859905e-01
1.495177340873753841e-02,2.280858761213882049e-03
9.618947561829306256e-03,7.978338615253136165e-04
1.442238082642067218e-03,1.792469297017022927e-05
2.474273968447885941e-01,2.653177632270897202e-01
4.372775854518360927e-01,3.675830800360049277e-01
3.285622552998258145e-02,1.720011366949529595e-05
1.117079179544562583e-03,5.007876467070390691e-03
1.972964459955959260e-01,8.134382183707929148e-02
1.366437069270778210e-02,8.873596179229878422e-02
8.157949973087050277e-02,7.248478163848269540e-02
5.614748838148019700e-02,5.656706147324350870e-02
5.154271452530413861e-06,2.561606062025901034e-03
1.561811152927925495e-01,3.555053652000000897e-01
1.999324936272668107e-01,4.510755419491371265e-01
2.555833204217661803e-01,1.689414260981847715e-01
2.571848188357990783e-01,2.134728118431604149e-01
2.824427938628509133e-02,3.114173630630528294e-03
2.804785950930917954e-02,3.153142733991698421e-02
3.919296491139597481e-04,2.708507323286020538e-03
1.070046249051220255e-01,1.861834577636347493e-02
5.252655915070628817e-02,1.046963289709911815e-01
4.364498427900629393e-04,1.936623016273231190e-02
9.873471661729880944e-02,1.292878822204648614e-01
1.489356815088452302e-01,7.930648892951308593e-02
5.574618508734031225e-02,1.536913720270552952e-01
1.245670478233990297e-01,2.232553738294421886e-01
2.505562471633251409e-01,3.461303271439332141e-01
1.302034875566519534e-01,1.240682988533186454e-01
6.818469772121367456e-02,8.452231329272621996e-02
1.299243791070451293e-01,1.432092472100430780e-01
2.504328163511307034e-03,3.958918562684260456e-02
1.420317006641007556e-03,1.254422852116991597e-03
2.699896574415820163e-04,1.733111771315853575e-02
1.044787685222721592e-02,8.659751083489113880e-04
2.109633993882094761e-03,3.690186725039583393e-02
7.706717044104962819e-03,2.532252854557424937e-02
3.689426086990539866e-01,5.115278715983431201e-01
1.430878183800640413e-01,1.844664390549003719e-01
1.303416783548822788e-01,7.510744989567426366e-02
5.447842396255702518e-02,1.306057877848285781e-02
1.968790392895451193e-03,1.421194983985323707e-02
1.078145964024145170e-01,5.079558943419157369e-02
2.109242781336046757e-01,2.503314793042379915e-01
1.085034662903547192e-01,2.529820403983295760e-02
1.971375278635927597e-01,1.367199866921570972e-01
5.864701908194124708e-02,9.387832881359123305e-03
7.938966416497703071e-03,1.667102045402133262e-02
1.688097072147114464e-01,1.146646651562869129e-01
2.402722743949451956e-01,2.457865078750001708e-01
3.864078388413278581e-02,5.301529175029152940e-02
1.410667931175921832e-08,1.762341090578275343e-02
1.108081692406747976e-01,8.039971521364547291e-02
1.055499418262508815e-01,1.658213503541001999e-01
2.036165157752090754e-02,8.406996156748765270e-02
7.717634045022886587e-03,7.412329520447156345e-03
6.896342826038835694e-02,1.471265103320499971e-02
1.622674519258239523e-01,4.692899263086962036e-01
3.279553649059936959e-01,1.339529910604324858e-01
1.271815848999951482e-01,1.064919134173426957e-01
2.198891097351111101e-01,2.343069355847293700e-01
5.933880512262115769e-02,5.373956993351958200e-02
6.952811290862292298e-03,3.125726233202478490e-04
8.803077298616474033e-02,3.164280933116239009e-02
4.155580586898398668e-03,2.982362514102911491e-02
1.937235591487344866e-02,5.365635523648267652e-03
2.337804996194163265e-01,2.088422425895075374e-01
2.572298857440133424e-01,2.396566069112312514e-01
1.095664934051634593e-01,1.184946869358781824e-01
2.709834993138782178e-02,2.083186755793845976e-02
3.013273584467872010e-02,5.308905709468984824e-02
7.646702831706019172e-03,7.749333846047150754e-05
1.194562517503841292e-01,7.025672870706946294e-02
3.711762110056293085e-01,4.707957310403767526e-01
1.823669756760465388e-02,1.866218958860166657e-02
1.432132094623184311e-02,4.891437917975150623e-02
2.767973537713469198e-02,1.668753271528656201e-04
6.589239301724335827e-03,1.438387628346333991e-02
1.216507267595904884e-01,1.556904425845985485e-01
3.028958900813470412e-01,3.401821416128332221e-01
2.367640562003234805e-01,1.920761844622428660e-01
4.503534466326131799e-04,2.998835258388904412e-02
6.251867439379889257e-02,2.259228652507990626e-02
1.655840385639778360e-03,6.490152450588192309e-04
8.708959056477925259e-03,1.159088328287945100e-04
2.473825334529362874e-01,1.402277942576440617e-01
2.518932919216023900e-02,1.978783337316589869e-02
9.652223672717007152e-02,1.022321669350218926e-01
4.207899329272790645e-01,5.068662610995140483e-01
1.570249509888231370e-03,8.754012715393621330e-03
2.213630976129819892e-04,1.924068250819532117e-02
2.711768370075179901e-01,2.971798711078150745e-01
4.603193063857518030e-01,4.373797426172519320e-01
6.382304232509268538e-02,5.034959557385022821e-02
5.614872687225811766e-03,7.997889197191788979e-02
1.970656013143677610e-02,6.646357494475624295e-02
6.652145454366936717e-02,3.781515838189027784e-02
2.310337281091998374e-01,2.852674338258777698e-01
6.510232159416182163e-02,1.624331721832215358e-01
2.289984407638327030e-02,4.606144867375526930e-04
1.162759542802898477e-02,9.219774364841815117e-02
2.932137097906498038e-03,4.762824553641084721e-04
6.626954211182800591e-02,9.721821772103493575e-02
2.758301486074122254e-03,4.529533191700699929e-02
1.987495502789741464e-01,3.374823534033263295e-01
9.435130926782604732e-02,7.797375961712658954e-02
9.792394792028208915e-04,1.537079263207766222e-02
2.345012178066317385e-02,5.175960515435919923e-02
1.701647707352083039e-02,5.202038143893071911e-03
8.382605341323770554e-02,2.428272020962061323e-02
1.003396931785196372e-01,5.604438869226964492e-02
1.334676941227907754e-01,2.344619166190562709e-01
2.291477541312509913e-01,4.010158601748682883e-01
1.705303283526510560e-01,2.944311368669140783e-01
1.490785963863631991e-01,2.220151039371916490e-01
4.725646417629091289e-05,3.737781645816057666e-03
2.115859142116615077e-01,1.941754194478100826e-01
3.056024044051650762e-02,5.384714933942284787e-02
6.440101058654919622e-03,1.014255347215114447e-03
2.031353070010024353e-01,1.008615911486265143e-01
2.018545909061848320e-04,6.088703439973542492e-02
2.402443304723266837e-01,2.472891455507110758e-01
1.450800771255475463e-02,5.754139752021039320e-03
4.417809575186663201e-02,1.516594159779511598e-02
9.345006570987406114e-02,5.952018315415331939e-02
2.610931399443077935e-02,9.014826373470321381e-04
2.185982924268845828e-01,2.517895961661784088e-01
2.534137095627532199e-01,4.189178497752025776e-01
1.382670441218500443e-03,2.911895705283966494e-03
6.483225962457626890e-02,8.369545882917688029e-02
3.543849071729018169e-02,3.245969019240145526e-02
3.273039684288971130e-04,9.295490454724575054e-04
1.627669390788344037e-02,4.450649364040498018e-02
1.346415860967535572e-01,1.753911504282265332e-01
4.205145716712442305e-01,6.289258814800827713e-01
5.707705221235944044e-03,5.513306888537662653e-02
2.443825839478156459e-01,2.490944097653423617e-01
3.669240083298867805e-02,6.214507585683717861e-02
9.525105524904684678e-03,1.264004275706538151e-02
5.497808287130850902e-01,7.705017851134705609e-01
2.764335964766394954e-03,3.791138878582013885e-03
6.852089778882285154e-02,3.144791032817523257e-02
2.227034896862067903e-01,4.469774018526824766e-01
7.846350172917117283e-02,9.902264335344680701e-02
5.195563475228950749e-05,4.898544853446061689e-05
1.936569336147264675e-02,5.740506613865649756e-04
6.223242815904663850e-04,4.999599276553301497e-03
1.948270417832170254e-01,1.377455733716458075e-01
1.679176459010491562e-01,1.007456029178286500e-01
7.868722639046423772e-01,7.746643325351221243e-01
2.914509531516334614e-02,6.664220753517027807e-02
7.537376688688692374e-04,5.929841687666655321e-03
8.538945584214810425e-02,2.037378144796388874e-02
1.593366300290222299e-03,5.478269464208322670e-02
1.984796293673031248e-03,5.406061035130518465e-06
4.157722883543095438e-03,2.257929866472333652e-02
4.709076661152277431e-03,9.006510639276493410e-03
6.259076168589279337e-05,7.091662019326362004e-03
2.907426981657332821e-01,3.449285282461660440e-01
1.929141820453457098e-02,8.874405272504519090e-03
1.833239889654927346e-01,2.540124440985741527e-01
1.934999716127928926e-01,5.744824475973895478e-02
3.063486963985361244e-01,5.831891544587911591e-01
1.235219004374949040e-06,1.130604181632464435e-02
1.511664397471894350e-01,1.607560706075947254e-01
2.279744411823493924e-02,2.891480874372409637e-02
4.478112962292822574e-02,8.293840369932997669e-02
2.478654049287293618e-02,2.707761664792327633e-02
8.407662639945639657e-03,1.237502435206365979e-04
1.706636680205144210e-02,2.138210133855234646e-02
2.222285451334931883e-01,1.954950676709538426e-01
1.602803957272703334e-02,1.716620523625304873e-03
1.441094291740457056e-01,2.172209304856311252e-01
4.962333207014688052e-02,1.826323031629499549e-02
1.313572856860224236e-01,1.302577287562742547e-01
1.176248873055852728e-04,4.511787657192300362e-06
3.640954613944378387e-02,5.160561950253828717e-02
3.617406493620123342e-02,3.016560197924576803e-02
5.349153942382874755e-02,5.601955322106394464e-02
2.032081899374976925e-04,2.056291336945713702e-04
6.133731259968048513e-04,1.066288192056831681e-02
3.677043772364538277e-01,2.638020957996674576e-01
8.025757954698153895e-02,9.851664263756342022e-02
1.432021356484912689e-01,1.606717610591628931e-01
4.106926609667029861e-03,1.470180984716458993e-02
3.409325520256992204e-02,1.287364913894140615e-02
7.491822342404439415e-03,2.876213991997746480e-02
1.529068687137596638e-01,3.251991370755271116e-01
3.763032547659230648e-02,9.069445847247234807e-03
1.019764156112136933e-03,1.116221497027008666e-02
7.340538299371479614e-02,1.056196218072019272e-01
1.461354165252073123e-01,1.982536034050676466e-01
2.931715736313590063e-03,2.985764429324626757e-04
3.321801494394584220e-02,3.053836972885480387e-03
7.052560637747276595e-02,1.199476675860842723e-01
1.421041822472879634e-01,1.199877868179775320e-01
1.754224773665896686e-01,2.167101133147198433e-01
4.236774215602572696e-03,2.069803876785537150e-02
7.365775651616970898e-02,2.473710908174130418e-01
1.469491004696737643e-03,2.092912841108064692e-02
5.911866771072193244e-02,6.361047255253553245e-02
2.942587721710685500e-01,2.562976687202235815e-01
5.745614568595408533e-02,4.019665709254775093e-02
6.427750478282054022e-03,9.891413251685967148e-03
5.904834111034400479e-01,3.014178303526499070e-01
4.530560019074177103e-02,2.345869535723150642e-02
3.017073163133196512e-02,2.630464189435177073e-03
1.624748156138703381e-01,2.330895445582409908e-01
1.780785591921915190e-04,1.071625805428556150e-02
1.064934713076094580e-01,1.700500194350560157e-01
6.391007452395661148e-02,8.755729849620952354e-02
7.685274419324819584e-02,2.623775019813552600e-02
1.308527627632750934e-02,2.474476687266008185e-04
1.158858130935843875e-02,5.165817275414960434e-03
3.055546368774506583e-01,3.386707752033957242e-01
2.496362609314907097e-02,1.137166556030991867e-03
1.972400921696402382e-02,9.823214617536721316e-02
5.428018468836837834e-02,1.495695759068128017e-01
5.816877146017135347e-02,3.483994533995011383e-02
1.694629781230461707e-01,1.388368615581181131e-01
1.558940210850543601e-02,1.954491820843629220e-03
1.057436080411033319e-01,8.573732114580573382e-02
4.254039268253482775e-01,4.411732106366621498e-01
3.271215927367334686e-01,5.780997756849290958e-01
1.145372440800926234e-01,9.571700835677075803e-02
5.544329278893791457e-01,6.825454696170045743e-01
6.091800059252203137e-02,4.380225039414283039e-02
1.001452457566260994e-02,2.483455938923416137e-02
1.581662321267353344e-01,2.069708140114339123e-01
1.281548037150533059e-02,1.785792228786015545e-03
1.001569057211345593e+00,1.009831357449048506e+00
1.745049961205275783e-03,8.848824733878917631e-03
3.694933877954244550e-01,4.651886756624156738e-01
3.174697548495176158e-01,3.180175929696480996e-01
5.878893891601787436e-01,5.633559945704595950e-01
2.873239008620369047e-04,2.062945391097866388e-03
1.548334475851040615e-01,1.625978840972121808e-01
1.511528558086565055e-01,1.553308662318420852e-01
2.183063644641566881e-01,1.513732904758706976e-01
4.783237324637432120e-02,1.995653240187811924e-03
1.749149216821613631e-02,6.854144952922990031e-02
1.173765436920269287e-02,4.760086912220921375e-03
5.081177484558824578e-03,6.476191158184861976e-04
3.012424852077744131e-02,8.110497837056029891e-03
4.884056621090136080e-02,2.048549860323896701e-02
8.774589676226933564e-04,1.588085012723380179e-02
2.849756276530200638e-02,9.389739154077733629e-02
2.512723265390900138e-04,7.401640991823150995e-02
5.764994392776897625e-01,6.789620920008048177e-01
2.054460050521196741e-03,3.926124311195712535e-02
2.292597372473424017e-02,2.084846348695616400e-02
2.378506534208702228e-01,1.813834801047804757e-01
6.064340265520916373e-02,4.005522704625644886e-02
4.567859568531115267e-04,6.818579862388650902e-03
2.060572510792597206e-02,4.973669006631861733e-02
3.734397502680136122e-02,7.092547525598998093e-02
1.470463154701646402e-01,9.723667347455551557e-02
9.665077233530597334e-02,5.077143689115846265e-02
3.424501283325736556e-01,3.269423574132263588e-01
3.037296245387076030e-02,3.316652743687793087e-02
1.041845097505393752e-01,1.819351445893697961e-01
8.743578023878294248e-02,1.782951478729063732e-01
4.481651234482972868e-01,3.122129198449751231e-01
1.810423146173567935e-02,3.392297275281322411e-02
5.998973055414063421e-02,9.563597787238381498e-02
5.710830306756835562e-01,5.373867753698762240e-01
1.540701938765022816e-01,1.105463146827985882e-01
4.775642106759774198e-05,2.547523323040756793e-03
2.830263913685923324e-02,4.516183355433341096e-02
1.404407046746250498e-02,2.709674362076026737e-03
1.170383552235955554e-01,5.203727501847377201e-02
1.997115339973311917e-03,1.018786317500505962e-03
3.204024520620758938e-03,1.607759996461512880e-02
4.638800949166699272e-02,4.406104940447267033e-03
9.662200856394222159e-02,1.195041437180803245e-01
7.627870754848209423e-02,3.611201691067691261e-02
1.376878148028263249e-01,1.714409175564635124e-01
1.472545623982179086e-01,1.595346152653279170e-01
5.966894181446715795e-01,6.140759358273342183e-01
3.209028660211656891e-01,4.530520064784790968e-01
8.161558201895981191e-02,2.214017013316763038e-01
5.910375988618347606e-03,1.214086759768349224e-05
3.344665864456779214e-02,9.569314360734348934e-02
9.924137944525990296e-02,8.018981059836201297e-02
1.261473437490862937e+00,1.092186698931254307e+00
8.336823495260246852e-02,1.358602939175062585e-01
7.258031184379756471e-06,4.213046768903097247e-03
2.763175207711570300e-05,6.511312250422019061e-03
7.465802427991034829e-02,3.755277506665584408e-02
9.023980264871783730e-02,2.341922002585429888e-02
2.362662304284316936e-02,7.569669768605411366e-05
1.299152437566842289e-01,7.041655270550979673e-02
1.193531010485115009e-03,1.106231761330691600e-02
5.331309032412450549e-03,3.082494249775114513e-03
3.913572828496943851e-02,5.800186681596245647e-02
5.617403768444698131e-02,1.586180386693348317e-03
7.526935906257720132e-02,1.984173208680281922e-02
3.203675865421909495e-03,2.272028309833588628e-04
4.059887117419202596e-04,1.018017197874456804e-03
3.397676139857273153e-02,1.469928295903790913e-02
6.637688905851100996e-02,6.030313082351661247e-02
2.040524340729576447e-01,2.190317853597630593e-01
1.021416702621322781e-01,1.655946021422193548e-01
1.313521537672664684e-02,3.632820361318103014e-02
2.062400514090940301e-02,1.129742413357665530e-02
3.594814980180886799e-02,2.439562102454874079e-02
3.376718367788516997e-03,5.809458670266792572e-03
2.400733996812223214e-01,3.125615544037917970e-01
4.427457664141250769e-03,2.359427994350744504e-02
1.019422809609157737e-01,1.096103864468265521e-01
4.890855189559283750e-02,1.113343046750841364e-02
1.966319257101945342e-02,1.894715502020808198e-02
3.348386056482535039e-02,3.717181657882916157e-02
6.016921799018354246e-04,3.410928679747448570e-03
1.117132275372052924e-01,1.733735353768856846e-01
7.512204642372642682e-02,4.743144764719187806e-02
2.458656889132801449e-02,2.351255698423603338e-02
2.763790218941101218e-01,3.114920086688248713e-01
3.672068157671599664e-01,3.918531729004111064e-01
7.287161938132557214e-04,1.707291511760795737e-04
3.414146890916225363e-02,5.048817107626216161e-02
8.287411365897612292e-03,4.548398370289458321e-03
1.225545282504212491e-02,2.633609309624176248e-02
1.876836415947022441e-01,1.476644797968338363e-01
2.879690951480090924e-02,8.607183257106340579e-03
1.489553460828743903e-01,6.270969840980845922e-02
4.097756794720758960e-02,1.178878843458813601e-02
7.392975853552862485e-03,2.700260982184949157e-02
1.239472048511710556e-01,1.032459357853693915e-01
1.994262583881551143e-01,1.285271675193823959e-01
1.062087272257221902e-02,2.827121923048217175e-02
1.593230241800722494e-02,1.455173709110179139e-02
3.683463379961211120e-02,9.641405112289032353e-02
3.168828215665216858e-02,2.976714253912516109e-03
1.171295852786742586e-01,2.103490945376665366e-01
2.932446925699095930e-01,4.564997354750018888e-01
3.933129341774161541e-03,2.837270143060015293e-02
3.658392499720063140e-02,2.628568857572172179e-02
1.225508701912070564e-01,1.283031070391057737e-01
2.326730277670442659e-02,1.696137059014191442e-02
6.312484874643985167e-02,1.506453901242933435e-01
8.676583329416083512e-02,3.959278510399521361e-02
3.336786134791110831e-02,1.174882053100280432e-01
1.403741808994030289e-02,5.139208182732366709e-03
3.053660748800336028e-02,7.193164685698037741e-02
7.495971817810767046e-01,1.036666733434124410e+00
1.405759747919334834e-01,1.524286512284544481e-01
3.830209384450206089e-02,1.022085752199939496e-02
8.366102254389524984e-02,1.880334815348064237e-01
7.302182810793075851e-02,6.880559424913017252e-02
8.341056363129761841e-02,5.591150461770859337e-02
5.223663324297436912e-03,4.041523731876196790e-02
8.856488820197935818e-02,5.101144483071116259e-02
2.847202199529966227e-02,7.996354382139267582e-06
2.927306660885995934e-02,3.764753186887477739e-03
7.949337059811041328e-01,7.198413674594822398e-01
3.513617348055442913e-05,5.051940786955072538e-02
1.443391287114285763e-02,7.251415898886536156e-03
6.562988287166149348e-02,1.769215746390564725e-01
9.346242100800461472e-02,1.354772634184472357e-01
2.070365100276945480e-01,1.615089026072315248e-01
2.965465488814150643e-03,4.528398951031116049e-04
1.315051442127222192e-01,1.756314892133410410e-01
1.585953314179104623e-01,1.223429449483730419e-01
6.128734344679886287e-02,1.359818773063376229e-01
2.973470439115534769e-01,1.340338304151723614e-01
1.831805025735100956e-01,1.878571038274210736e-01
1.454317814737709214e-01,2.089062380959172405e-01
6.051226327002308392e-02,1.400569021688521099e-01
9.505186239830758221e-02,1.473053449102681434e-01
8.522078741197538587e-08,1.327511529029254574e-02
9.317768061125153434e-02,4.320334583824829433e-02
1.776404435926197123e-01,2.472514345116550161e-01
1.963564847905671651e-02,4.229140492343550634e-02
2.244647970888106192e-01,2.025235114523126212e-01
1.959553184464676190e-06,2.821393069474068590e-03
5.382089768893826270e-04,3.686960343377599660e-04
3.975846446565425157e-02,2.456220973542422650e-02
2.251012176829933209e-01,2.002198829188901186e-01
4.991697000071047136e-03,7.445309114306864970e-03
2.684225650146955869e-02,5.730168972250957587e-03
1.290964341041003619e-04,7.507090664654833025e-04
2.538355894037211749e-02,5.482865729697631446e-02
2.569638048795433449e-02,5.367805121989113748e-02
8.745182999929870804e-02,2.945725647303129927e-02
2.247536730792556656e-02,8.175034338450923310e-02
2.785267447525630394e-02,3.637394604889889870e-03
4.497408465215584853e-04,3.323388989418400545e-03
4.885078633883300353e-02,1.183390467827821202e-01
1.399406371403667164e-04,2.039925887446958594e-05
1.497999260940593158e-01,3.337357102136995768e-01
1.131134848400794281e-03,1.873408822129059986e-02
1.322575152805280929e-01,1.225349462334691941e-01
2.312244358432444507e-03,3.947628755619209383e-05
1.959173148653244045e-01,5.193524048071706395e-02
1.394174109775969894e-05,5.814250127094202513e-05
2.141780723051016008e-02,2.326253789469421088e-02
9.899382738258409239e-03,1.924305388575687017e-02
2.234320789101986449e-01,2.789103338258046016e-01
1.062102942757544716e-01,2.206715548376108060e-01
4.083108572677112552e-03,1.686904684338279279e-06
1.256333065936983684e-01,1.411873522623445232e-01
5.125527040067736349e-05,5.732289254386455237e-05
8.734858413300003455e-03,1.991827564564501579e-02
2.929771517727022268e-01,2.909361613068741637e-01
1.948172514484584339e-01,2.526934850819603784e-01
1.552821431773130333e-02,1.963134388916107712e-02
1.443347461470613213e-01,1.500155818017300524e-01
1.017331404125762810e-03,4.110110480044181641e-03
5.066322162894474485e-02,1.124620606042010390e-01
2.013829949018775337e-02,7.098762995317494870e-03
5.136247975755555556e-02,1.494450807018314511e-04
1.187153194806045836e-01,1.012554161829503502e-01
4.469808282010046853e-03,2.167807292968336810e-02
7.105680243787668160e-02,5.972744802112447265e-02
4.843587599109344666e-02,6.069681560840801265e-02
1.832347467075060281e-03,1.657626366038236277e-04
1.395671660476393780e-02,1.870014041730895787e-03
3.747320757472180630e-02,3.747988692984586395e-02
2.899394058827402532e-01,2.866065980072075026e-01
2.672342292759203892e-03,3.234980121638667276e-04
3.900546557889191662e-02,2.268955476221433398e-02
8.987595780990660296e-03,4.672043058561525060e-04
7.208156472108852020e-01,5.921599675938729046e-01
7.437106438398594088e-02,8.263248433347612776e-02
4.997908213641583282e-03,6.208969782384451443e-03
1.519887261599738894e-02,3.221785116112564455e-03
1.326719344592754146e-02,9.690357564554867795e-06
8.958259259940496433e-01,8.545238158543098095e-01
3.887262117309431830e-01,5.321053169906195812e-01
1.602274271377589210e-02,1.128870837545158379e-01
9.914129367485887898e-03,2.399673881566110646e-03
1.866855608594582827e-01,1.073336990433072929e-01
8.920510537585862529e-03,5.800213768806488767e-04
6.176425015265171736e-02,6.692375928667222695e-02
1.635037851391793196e-01,1.181635952949390417e-01
7.046867560320479312e-03,2.232059300040359698e-02
5.298650723769109117e-02,8.663731897464770071e-02
5.768012937300528303e-02,7.744064997343640122e-02
1.069783617896981863e-02,1.846756361372569200e-03
4.548309459183812187e-02,2.315319379619121959e-02
2.250577050689821570e-02,3.206919863628242186e-03
2.484940179121607751e-01,2.513314511875794355e-01
4.144799415693600775e-02,8.745973191646566613e-02
1.126897575712916023e-02,8.069632226102670114e-02
2.224059543686965693e-02,7.609499142088875512e-02
5.051041705728451410e-03,6.217532808608521727e-03
1.401284407144004207e-01,1.931136585513567872e-01
1.743549299962651039e-02,2.052278760857597154e-02
7.239999012614541096e-02,3.756270908059172742e-02
2.683667469602710742e-01,2.220811487215332003e-01
2.148610715140530231e-02,6.942514568842407530e-02
5.079055794291324061e-02,1.152255450037516227e-01
1.112235774048684657e-02,4.193812587730467480e-03
1.382135282799237526e-04,1.774621967360437294e-03
8.798383297089885577e-03,6.553314318913828693e-03
2.615995458850927172e-02,3.915788322093201324e-02
5.128283288883249413e-02,3.322017578235300812e-03
1.475594852431191262e-01,1.198227261792173259e-01
1.415927693538871213e-01,1.112957659046320269e-01
6.614863820158302377e-02,1.068642578006699234e-01
8.264231986549723519e-02,1.165335675001621246e-01
9.465291427192219775e-02,7.241434347647772440e-02
1.034171821012776077e-01,1.077817074793312180e-01
1.569073777943311432e-01,1.615965518518107102e-01
2.303581494571343286e-02,3.315879786462495177e-02
1.069022987927317342e-01,9.574838770302310231e-02
9.276992170923778480e-02,6.242692344551022468e-03
9.772651613339263313e-03,8.111901893907372263e-02
2.321046212746059323e-01,2.505921527198501919e-01
8.556097710067284189e-04,6.688761919540882339e-03
2.112289302577502470e-02,2.586964861890082151e-02
1.907632711187808860e-01,2.385381173138524658e-01
1.186866249904623000e-01,1.349613311439957775e-01
7.121752966159365650e-02,1.605328826462116276e-01
2.382916229696195320e-01,3.555451943722772179e-01
5.474058878330343575e-02,4.136092861086186623e-02
2.527326909122544051e-03,3.188717198988710692e-03
3.708160918720788263e-02,5.706602719736441308e-03
4.214864776066182955e-02,6.041653787359307221e-02
6.438907472281890643e-02,1.608811657447097379e-02
3.045323172457503613e-01,2.297961556304568553e-01
9.467818578174710953e-02,1.075147602222239485e-01
4.558744588130601155e-02,3.429911045648888213e-02
1.257706095948816095e-04,4.187570977337866721e-03
1.732009013909604654e-03,2.145297835617407987e-07
7.087121032672405625e-03,6.712273610948471005e-03
1.541413308278441474e-01,1.066887691079811268e-01
1.500916632244840287e-01,7.876159388042366927e-02
6.466557866438112610e-03,1.245924506095143691e-03
5.927244777218367705e-03,4.601532543937373633e-03
1.027299603838784927e-03,8.486317830146606137e-03
1.801604492734122098e-01,1.763541263214814525e-01
9.914580347118878700e-02,5.998622661896493846e-02
1.341636227368270817e-01,1.132045524620981514e-01
7.526646843498768780e-03,1.189836370012857004e-02
4.205619729037302079e-01,4.833875903342545466e-01
1.577932511211616105e-04,7.292104913329136920e-03
2.411463848278312672e-01,2.479374776228294996e-01
4.262008788197995529e-02,1.111445802744999017e-01
9.424405547110463466e-02,5.980513303898801758e-02
3.440917888004629138e-02,2.078028077811361080e-03
3.456605257223917260e-02,2.281305446459431716e-02
3.903474451049242927e-02,3.364520760483114686e-02
4.942924202246883059e-02,2.265487281708864972e-02
5.797207384469853231e-02,2.786794467061000369e-02
7.627936023946085831e-02,1.781201192238595077e-01
1.823813149583781990e-02,3.044265531984490999e-02
1.069213426935760897e-03,5.023139935050673858e-05
9.028938143800562736e-05,1.221238872154727789e-02
6.607310751833764262e-02,1.091030292344597613e-01
7.375974456732944419e-03,2.882109737088862922e-02
1.778932474627803462e-02,3.669682107327803828e-03
1.435346421024605579e-01,1.016541245353462242e-01
5.333822663862547615e-03,3.957123622866388218e-02
9.980830086659370984e-07,8.242759931629201411e-03
9.056348294576115066e-02,6.447242257451848979e-02
1.050567107444167481e-01,4.056245424491976281e-02
9.611646868474500727e-02,1.614929562341876901e-02
2.553109853792494624e-02,1.867173768757346072e-02
2.912315836557334836e-01,3.759123800034466778e-01
4.573064076673330224e-06,8.176870487694623546e-03
4.636218070095175461e-05,5.929271735681052383e-03
3.024473810153659459e-01,4.921932485842754335e-01
1.213089589019375608e-01,1.770481518207673299e-01
3.246549978817266082e-06,9.883627162124252255e-03
8.682286785643791860e-02,4.347965585805334265e-02
4.442507088101584067e-02,7.559805759904533740e-02
8.747693200368476113e-03,5.370908770289793688e-02
5.786463944898601053e-02,2.109297622987628060e-02
1.335897943749899189e-02,4.614557630379492043e-02
3.774734598613759678e-02,5.747193409206996506e-02
1.262165745308944974e-03,1.998633313565832681e-03
6.726037084966604573e-02,8.855785150151344876e-02
3.269888737414906182e-02,2.804648396536544436e-02
1.666791306225026970e-01,8.428866429154086015e-02
6.836866067179371564e-02,4.364306814719109973e-02
9.056576127875257468e-03,9.736329094855871585e-03
2.079611296525037123e-01,2.712563965171959635e-01
1.613638106678219331e-01,1.444967857071794703e-01
7.734714126892595909e-02,8.488873276175541716e-02
1.286832385905145038e-01,1.047470358785511785e-01
5.498853790079962778e-01,3.825070314927526138e-01
7.667459977676854138e-03,4.023931866922281588e-04
5.206821919842925805e-02,6.881384323235022193e-02
1.937546406410634858e-01,2.713831739410501598e-01
1.061312845691601003e-01,9.114196750938650948e-02
2.467970002918776218e-01,9.761710805195189522e-02
1.364858927449840720e-01,1.085401071930687522e-01
9.800366598246974120e-03,8.390746271720733729e-03
7.959280606271773237e-05,1.027886236370989395e-03
2.649416215089697713e-03,6.184924405797132506e-03
1.751839349049757891e-03,1.297773482173849354e-03
3.861739194473679665e-03,9.366641435159389628e-03
4.929579807047153317e-02,5.683181362506940781e-02
1.156598715788710943e-02,7.160232084812530144e-03
4.337970973843774522e-04,9.413206604053739671e-03
1.441627689520537728e-02,5.072436535838677901e-02
3.195268189357028388e-02,3.448528457110119905e-02
8.693565485297722467e-03,2.666148283416308953e-02
1.019680432256565850e-04,1.633709997957598294e-04
6.234917963206372711e-03,4.358496193630575014e-03
2.297240831004725148e-02,3.808082517791416127e-02
1.170027223149234102e-01,1.398746692680150894e-01
2.039359944850583500e-02,4.651109523050808887e-03
3.198589921671875051e-04,7.085293884017523566e-03
2.598982567290680779e-01,4.403773804138557679e-01
3.768841966397325216e-03,4.197921294039450024e-02
6.248259249364121470e-02,1.768537640047027348e-01
9.710762398150789634e-03,7.728671005392604224e-03
4.095474237011112982e-03,8.261131176414179822e-03
4.143772528289244722e-02,1.276990963728422135e-01
4.769041050747956090e-02,8.309979682599524797e-02
4.882284085709238941e-03,2.627604882205356122e-05
3.534994264955842319e-02,1.178370872713604620e-02
6.632544029526861408e-04,3.246382433551762980e-02
1.869994660793476010e-02,6.208277322746367372e-02
5.225793194107278272e-02,1.333079011296134375e-01
1.085211022817173262e-05,1.559369288493545405e-02
3.285046561520649222e-03,4.433197738174209090e-03
1.762555798708649313e-01,1.559808887643059916e-01
2.162626547644298514e-01,3.787929993496568781e-01
2.335673458988051648e-02,5.833136405099770966e-02
1.367088950746656994e-03,9.402513022622153646e-03
1.713379282697080619e-02,7.077257685815172006e-02
5.988919474991472036e-02,9.260863857733268867e-02
1.798961674312029024e-01,1.834731536804074803e-01
4.091664175073479459e-01,5.325532325982682558e-01
5.508244027572182198e-03,3.346717630350201319e-04
3.255251560881373268e-02,4.126241097694036825e-02
1.541799721790668709e-01,1.340004894488292797e-01
7.063377656301622620e-02,2.554006896402337759e-02
6.686216485461309034e-02,1.509277382826224034e-01
6.243070753981617704e-01,5.743373830009317338e-01
2.822166204181474763e-04,1.354654572279372603e-03
7.511878360836456246e-04,2.301740699217883716e-03
8.660682972098041055e-02,6.946724742697675536e-02
1.556009394931924250e-01,1.920866656074207701e-01
3.199637262200676346e-01,3.065894660724562959e-01
2.233503705895247826e-01,2.721519843431248753e-01
2.699609086104735878e-02,1.238437884838886581e-02
1.354139900474576538e-02,8.495387599711880927e-03
2.599206872447837671e-02,2.990276026249075181e-02
2.392796744814461654e-02,3.787766234199775811e-04
3.761410912668219225e-02,6.156421716561637225e-02
1.836035496567871989e-02,1.589428141649450676e-04
1.908212526341133974e-02,2.330009986026110314e-02
6.227248453878086488e-03,9.421534580133105255e-03
2.337596852211955083e-04,3.568021305566229651e-03
5.639683767063131264e-02,4.543291581583461594e-03
6.973645592885389759e-03,3.310636561130808966e-03
4.376340445272163676e-02,3.612513641271632853e-02
1.339223310580817811e-02,2.197762696586079076e-02
9.008340580165452235e-03,4.364734430298677220e-03
2.060592446177189618e-02,7.674441173485908874e-02
9.804244909928404306e-02,9.297421274682436676e-02
6.935286642555223147e-02,5.804658586166295403e-02
2.785315497388333224e-03,2.791152267322605587e-02
1.222947278956084682e-01,1.257657432606653081e-01
5.744924362272769286e-03,5.807314414309871348e-05
1.372648825072052547e-01,3.092155024723381995e-01
1.231950672910835662e-03,2.562827269441312304e-03
6.239260330477188615e-02,5.513038886898928570e-02
3.548982529739320557e-03,2.097322143678469544e-02
2.460556730063025860e-02,3.606121900763359367e-02
8.399924282221259142e-02,7.588419132859519634e-02
5.092075413270612770e-03,1.466954920484800058e-03
1.733873042461847036e-01,2.971605163751386280e-01
1.094569777064171440e-02,2.831956081504737044e-02
2.453881658658219611e-01,1.483196500530566952e-01
4.255898899342908993e-04,2.770036230072726174e-02
7.572779660462523876e-02,4.710797322935970921e-02
1.116286498967199586e-01,7.883352098232783434e-02
2.564446653009932672e-02,3.877870612884531248e-02
1.046054573742530441e-01,1.799697511940993311e-01
3.877608633245075136e-03,3.255556308375213222e-04
3.779608047079359781e-03,3.615009467654477400e-03
5.811407770575053311e-01,5.027737730625625456e-01
3.623925959460700397e-01,3.920822692829628586e-01
3.037896326097353980e-02,1.114465101603971837e-02
9.618364450660733811e-02,4.112348836820417519e-02
6.545040560036471944e-02,3.034155607652821995e-02
1.614401397370294686e-02,7.253150386781491432e-02
5.955597485972927846e-02,1.039914644565518714e-01
9.515510735267558237e-03,2.027863827348437564e-03
4.045520435764823203e-02,1.183723891800921996e-01
8.801775610657044209e-05,9.403207306313088407e-04
8.489728457921814388e-04,7.907337161154801702e-03
1.332842187005330280e-07,1.560061171305052521e-02
6.064493854187280597e-03,1.062122769167322262e-02
2.349091251881593734e-02,5.497461648345224744e-02
6.835052680503810409e-05,1.973643479734463538e-02
1.151842592628294637e-01,7.280652538054471767e-02
1.034689909688925845e-02,1.830461725881247766e-04
3.130870639407001832e-01,2.231035334275469073e-01
4.188748471928319117e-01,4.913375942253039863e-01
3.567275455535749706e-02,6.343295512632328437e-02
2.178126245346487522e-01,3.330597885706510497e-01
5.232765470346891976e-03,6.480499695632878365e-02
5.769045439810722986e-02,1.056837622334815679e-01
8.755144202127723707e-03,5.151425269075737140e-02
1.275480719188237244e-01,1.934496785309213970e-02
4.555638223965719630e-02,5.685946591323690069e-02
2.327455583123916039e-01,3.253740004092798843e-01
8.359362059782615012e-03,9.542286872471179154e-03
4.837264954231005817e-03,4.771017699463798848e-04
2.494791500194223632e-01,3.636406493580683907e-01
9.604753131387927523e-01,8.430522091516881034e-01
1.903573726586403614e-01,2.592453537074123626e-01
2.549597894712728186e-02,7.846330394175647302e-03
1.832759226352074361e-02,6.470723160902055841e-03
8.340288305016615999e-02,2.113869599995487139e-02
3.889069159715472651e-02,2.307011665313989102e-02
6.878811708808324488e-02,1.237424995365298541e-01
3.295994052165604742e-03,1.379240777275543999e-05
6.668380252741396008e-02,1.269605036179171087e-01
3.730036086364526150e-03,5.913271530875052057e-02
1.616623857942831310e-01,2.063239604220530043e-01
7.322363586614077978e-04,1.412523784850359130e-03
5.661319552825117007e-03,3.279807044688055895e-02
2.395641673700684565e-02,3.029325759364047410e-02
4.470954364073888299e-02,1.506712297571667913e-01
3.156141864319236823e-01,2.782099964982785445e-01
6.371321953396436033e-02,7.347145921257901280e-02
6.883376081034538532e-03,3.089782426157629056e-06
1.238850569256781387e-01,4.566625016938362543e-03
3.280484403593358911e-02,2.630794181599837786e-02
1.024158964231048768e-01,1.113939517465442203e-01
1.813929746683633909e-02,5.061207083002700752e-02
4.024577900354894128e-02,1.193750148016037710e-01
7.160478377180061471e-02,8.453304601854673417e-02
3.534155483696366923e-02,4.423484740924980320e-03
1.667638210467724562e-04,8.357434574863528481e-05
7.263807416807386078e-03,5.282361528191483564e-04
3.006664646149557183e-04,6.288249258905128335e-03
6.441328829585913111e-05,1.180371931386126234e-02
2.117861728719943049e-01,2.052712582541560971e-01
1.089690265970404137e-01,3.814744455310441901e-02
1.643773961149069818e-02,1.937471067843902356e-02
1.297091414323879588e-01,1.621757950793947245e-01
1.981177928026909424e-03,3.240627691971345939e-03
1.655658623167337584e-01,1.787572789365874104e-01
1.612421851875052436e-01,2.369796734761697998e-01
8.950806679960680162e-03,6.066436984129863069e-02
1.942368840118872397e-01,3.474443162568817134e-01
2.713375299195295853e-01,2.341695345531763506e-01
6.540669451974542902e-05,2.180775052193952013e-02
1.057844210203363194e-01,1.286857730906124653e-01
1.747465365658901482e-01,1.603456956951965218e-01
2.006137480561189651e-03,1.336387063317476042e-05
1.825233387602755511e-02,8.669148777013378770e-02
1.329686104465774472e-04,1.051310075852587898e-04
1.417169687450773319e-01,2.714397897618606725e-01
6.676452631217333344e-02,1.600095892805885808e-02
9.395679115819334515e-02,4.362936449480144668e-02
7.030895886641597148e-02,1.270363608103426967e-01
1.823491527042671589e-01,1.381919097205079328e-01
3.776184999658135366e-01,4.720681408798192424e-01
2.547554012362733891e-02,3.514606340886707730e-02
7.606823705441410899e-02,1.715573692550636242e-01
1.664794192657230443e-02,5.878807306842033509e-02
2.041986725813915455e-03,2.392268954419279970e-09
3.108866792128335277e-01,2.337686351947000085e-01
1.312365407518416814e-03,1.658640956602131997e-02
4.295327775629398381e-02,5.506275771673184265e-05
8.673879589007183963e-03,2.393489258525604776e-02
2.775433152953263663e-02,1.696526266327616495e-02
1.735605500922403621e-01,1.974490325757762288e-01
2.707601864985523799e-01,2.702824617221626924e-01
1.521621349337187457e-01,1.314823949229732836e-01
1.142853296226224204e-02,6.071820545872158581e-02
1.397131583363730445e-01,6.978280927348670670e-02
5.669059332263203660e-02,7.800390768861967250e-02
2.037497613533264043e-02,5.048176091568649124e-05
5.314811226699302227e-02,2.753250572413220784e-02
1.159531328344224092e-03,2.661514140016027832e-02
2.977055582838001105e-02,1.482555027977147666e-02
1.348113632225967640e-01,6.442649037054963557e-02
5.709343230829386912e-02,5.682417797409004129e-02
1.792733411202516829e-03,9.491358549890329538e-03
1.471548919133365881e-06,8.594637539587188972e-04
1.517372251690471963e-01,1.526313741567802973e-01
3.054308563788842301e-01,4.361007998408664155e-01
3.153572795147417847e-03,1.070767035816930224e-02
2.297567015509177635e-01,2.777698126877580220e-01
5.753710924919982345e-02,1.356971181702893402e-02
5.116626049048133423e-02,9.784641319097353573e-02
5.655394780283107270e-02,3.248254459734647992e-02
3.501739203106256360e-02,4.047047163563340100e-02
7.789014192432193451e-02,1.087103224189984452e-01
9.650756523089718377e-04,4.358040133058791615e-04
4.367471390244083151e-01,4.837791878415385050e-01
7.615467497537289259e-05,2.722816587391721282e-04
8.056165760292618256e-04,7.578482435771231917e-04
1.227613986424768572e-01,1.090716746777475321e-01
5.181932268939036523e-02,7.392816890723996615e-02
4.987843087960199817e-01,4.826641056258089146e-01
9.803547476167470687e-02,1.071405541310337939e-01
1.472507836988694785e-03,9.463124679750909048e-04
7.187101761962440272e-02,3.460725704396676317e-02
4.767661175349730690e-02,1.291247176340647521e-02
9.298768241528075629e-02,8.419066025740359893e-02
2.378024428763021031e-02,9.451034303143766684e-04
3.641820975685106099e-01,2.989967828836303521e-01
7.192365143871823352e-03,4.436078299582837253e-03
1.543731947393909842e-01,2.966189940615154286e-01
4.772233862994125497e-02,9.676468985717043281e-03
4.191452294132019807e-02,2.544724429653711512e-02
5.293108081655958919e-02,3.506989475592930949e-02
3.663015432379743835e-02,8.705060440111328512e-02
5.334487102609900555e-01,9.155940661101102940e-01
8.986841899249670140e-01,8.377384358837048905e-01
1.201989423753071736e-04,2.307303121945441354e-06
2.030554383039092844e-02,1.012532148306754740e-02
7.951859860287022750e-04,1.624719711448102330e-02
1.043957129689589702e-01,1.740517067871414914e-01
1.093318926619018519e-03,9.192791850325007091e-03
3.724451254783161386e-02,3.598575999238710216e-02
5.070290987400902227e-03,2.084130470936338886e-06
1.055313583353032492e-01,7.294705853997493494e-02
3.349244156440937814e-02,1.473236227565065913e-02
2.611454485965752359e-01,4.581447752151535657e-01
2.625038397390750192e-04,3.575103371051719671e-04
6.439500174781460917e-03,4.947916395991355278e-03
