Pf,Pc
8.310812112142944340e-04,5.244484376756188525e-03
9.382181893780514731e-03,4.597384483590741738e-05
8.015259292025384008e-02,8.520820935923659190e-02
1.537786408986688801e-02,1.415338131295687876e-02
3.255015475522831606e-03,1.054409974687171327e-03
4.031671586383311356e-01,3.730903457181786176e-01
3.875440072958921678e-02,8.308343736376506972e-02
9.516945764752114678e-02,7.581487349516687069e-02
8.710038197571655372e-02,9.437239529531553373e-02
1.051518239571295999e-04,5.190057268775311559e-04
7.265685584025348420e-02,9.972748981488117892e-02
7.912870638134113233e-02,7.017480294349008607e-02
1.612214679143591026e-03,9.898122535522671864e-03
1.138170236241631550e-01,9.025656114672579722e-02
1.788352523405790928e-03,2.490665955312933340e-03
8.183401875288753846e-02,1.219750465651631421e-01
9.196730273588106519e-02,8.179753028308639484e-02
3.142515079596446687e-02,1.855595871507001102e-02
1.292088984642310034e-01,1.492797537382664075e-01
1.861470932678986057e-01,2.147595618100233417e-01
1.334415166951637977e-01,1.228387857341505657e-01
1.404275730850014156e-02,1.811008109245082140e-02
7.844800596180780128e-02,6.931536526495567230e-02
6.134357155498930305e-05,1.794191205792087791e-04
6.885240902490860192e-04,1.066057673944391859e-03
4.526435721561766073e-02,3.626087029903177217e-02
6.346493732824266820e-02,4.934180705430755987e-02
6.598404863069896572e-04,1.430957550479803947e-04
2.906832572392607089e-03,1.097136644574970296e-03
1.758250185335636859e-02,9.092150239307431742e-03
8.222346379160108687e-02,9.036003822537387598e-02
3.590095872519732251e-02,4.169195011865974021e-02
9.542706577030700410e-02,1.357161838980710800e-01
2.439926793781329040e-01,2.541920507741980417e-01
9.671214874167283204e-02,8.386963344273236365e-02
4.398415486479390069e-02,4.067891690800068405e-02
7.089488260266914310e-02,5.789355928519861194e-02
1.782131482837674002e-02,1.241775914972543214e-02
6.761533417760161009e-04,1.450899195473038909e-02
5.105499877163716116e-02,3.976217491768829770e-02
1.764844595511299019e-01,2.031321174402908325e-01
1.243255233495528800e-01,9.155566458112923689e-02
1.463310665265838729e-03,1.071484938322145395e-03
1.687915171736255760e-03,6.246220200562749162e-04
1.274058693539608655e-01,1.053845703631032110e-01
1.337899278283022006e-02,2.504736384602644639e-02
3.524844095492996043e-02,2.764767045558909689e-02
1.386379256731153347e-03,8.254278125538786707e-04
5.221756128671720815e-02,3.092008579334332499e-02
3.183691072809174266e-03,6.573560376271144444e-03
1.644874980246405910e-02,4.002794125282943365e-03
4.863022104746857720e-03,8.199860186503369485e-07
5.089743547713123650e-01,3.936343996988017624e-01
1.106656679351221244e-02,6.618158864777340736e-03
2.194830195727524738e-06,2.311335967959996743e-03
2.408377002468097688e-02,6.027014097581655239e-02
1.719136523125111560e-01,1.534003195333087932e-01
1.269415282512101339e-02,2.024080306410689506e-02
4.933154129066700394e-04,1.537178382714717942e-05
4.543283764666598140e-02,6.255686037810974376e-02
6.030897952822153463e-02,5.502431220114749333e-02
4.301911099747565692e-01,4.747677889985502109e-01
1.007470555719942318e-01,1.119753438567438891e-01
3.638188522643024392e-01,3.592789743132748237e-01
9.855219692086873706e-02,7.771559757072478425e-02
3.089413981244990004e-01,2.693140151583337527e-01
7.650635937066933845e-03,3.947959852956611088e-02
1.806771425696259564e-02,1.020901784101431106e-02
7.391489562423068094e-01,7.059864269397276848e-01
7.963720162279128156e-02,5.712325640330707943e-02
1.972368814252326540e-03,1.127684713399628412e-02
3.144888227442296791e-01,2.534551123933117545e-01
9.433680166990063981e-03,4.421128816873661459e-03
4.709325655871117824e-04,2.316936124042802400e-05
3.031238904987816896e-01,2.472856510415892550e-01
1.308637285611028434e-01,1.013778622783028799e-01
3.878403811077980163e-04,1.876174584463049123e-03
5.699218290159393380e-02,5.483490504556083611e-02
5.915843213896602289e-06,2.674546321142045492e-06
3.162470358614891675e-01,2.898424782775111397e-01
5.118329659794693814e-02,1.878319197904904092e-02
5.792235295235335230e-02,3.292548133800901611e-02
6.109352393488230032e-02,6.074085472023837973e-02
3.518747846108527446e-03,7.271486250124744449e-03
3.316523344611676388e-02,6.250986231134121607e-02
4.910669602121156552e-02,8.488598030841933151e-02
2.342715065547382181e-02,1.523944194565289394e-02
4.346608645259352616e-02,4.858241937734276289e-02
3.388807216593443805e-02,3.610619835449258713e-02
2.395478455441515386e-01,1.982570862849889759e-01
1.102721046394768839e-02,5.085578564859077368e-03
5.305467133692758352e-01,4.816900737421365153e-01
1.428685260307401561e-01,1.712649638739701941e-01
4.018916490878045034e-01,3.528901658564232435e-01
4.081709946915808573e-01,4.480189156637489623e-01
4.092002304288868131e-01,4.203081477825164058e-01
1.504851061144475005e-02,1.123484818046260707e-02
5.213559421433532071e-02,5.293441413978373228e-02
2.935510239801102927e-01,2.675215549516548053e-01
5.758723776811785350e-03,2.664496688874801525e-03
2.212643633713055336e-01,2.001794167153638504e-01
1.859104628620443511e-01,1.994888383588839798e-01
1.603154147023399742e-02,2.829371285755388071e-02
6.231893511509586925e-03,6.833087721058141368e-05
4.230888606014143738e-02,2.454533264652495814e-02
2.090273811608839294e-01,2.590725523076543579e-01
1.924074197604119518e-01,1.633821951545936790e-01
2.304747722255363063e-01,2.281182688469303166e-01
5.546259603714400604e-02,7.041220082691083959e-02
1.286588606171267489e-02,2.690797236189527639e-02
2.422994365671578276e-02,9.274433547197501182e-03
4.769199176805244932e-03,8.607583378554014772e-03
8.078046296896084291e-03,1.316663885236584418e-02
1.866169271069565219e-02,1.124845939652988937e-02
1.350724329454976169e-01,1.510734583047445567e-01
1.295817953229478486e-02,1.309182060859356671e-02
3.324398267215735586e-02,1.772018676998322537e-02
1.478336381836578214e-02,1.336747378194709165e-02
9.378554044360094068e-06,1.656328169406516473e-03
1.791393683294447980e-01,1.810983690184668760e-01
8.234954584381058706e-02,5.126274271357788431e-02
4.672976603190837769e-02,6.858525855850405861e-02
3.781219068020440785e-04,7.679921537217990722e-04
8.610171815862589784e-02,9.900673994041941928e-02
4.081036460097329264e-06,1.616532321801478482e-04
2.685178626073647101e-01,2.795101317146532205e-01
9.669408872316181958e-03,4.151852313330780630e-04
1.213283052724251493e-01,1.301539745531203607e-01
2.277918268544182353e-05,1.700323602029110378e-04
1.684552860046314438e-01,1.276589571772626941e-01
2.166392279797559398e-02,1.859227915813060211e-02
3.128685547104646802e-02,6.375402001151419737e-03
8.659826544553546335e-02,7.294965904235921339e-02
1.343478198142181168e-01,1.105333372383246471e-01
2.931950270773447942e-01,2.797526967167296985e-01
6.807544978143648118e-03,2.668659753633646423e-02
4.639564505236268288e-02,7.272330900146288524e-02
6.752501406724681875e-03,6.251654280010834550e-03
1.048623100325678063e-02,2.041757954577766085e-02
3.411728712611458714e-02,2.931751355431460107e-02
4.358532065741075462e-02,2.503985699826496297e-02
9.325029048286240241e-02,9.843731762410108665e-02
1.153203714607412521e-03,4.533278442768332375e-03
1.786634322233841658e-03,7.505879971348836457e-03
1.823668188055713180e-02,5.316501361556080600e-03
9.958126530815888944e-03,3.762939993086375045e-05
1.908664979557204468e-03,1.145640885291162815e-05
1.772158728838151009e-02,3.163046673707615303e-02
1.135030908827070438e-02,1.392726587304399938e-02
2.138581395648102897e-03,2.207379198825714772e-03
1.706090186222667671e-01,1.838498761442624863e-01
1.041762590423174484e-01,9.099273091795809232e-02
8.877979781626734943e-03,1.901935621834643930e-02
1.275124471361545886e-01,1.670461531738690053e-01
1.140086209652434353e-02,1.258688327036681064e-02
5.396422845649560471e-03,1.358360184343583056e-02
2.077522337219684379e-01,2.066529692536230867e-01
3.043911631801608092e-02,1.775492496422218652e-02
6.885992753322506266e-02,1.146069119172136164e-01
1.080148758293742774e-02,1.334377558079326330e-03
1.114571162977397167e-03,3.485191973745743656e-03
1.595987993345912917e-02,2.979865461657805678e-02
2.369983697269259157e-02,1.309364959127067886e-02
1.939850583234536963e-01,1.974276071108814479e-01
3.107173974849772313e-01,3.510259503093816624e-01
3.826065710271028819e-02,4.979833260235695669e-02
1.026323679252963139e-01,7.947798925988008856e-02
3.114871025494802062e-02,3.626132029537168511e-02
1.503520463102893390e-01,8.278402216011553072e-02
1.266840636359730099e-01,1.437130203693449404e-01
5.718467460125278672e-03,2.983875985684001416e-03
3.160177046061302900e-03,1.099108358577155671e-02
3.558799574088683526e-01,3.740922502810951622e-01
9.558466605784821015e-04,2.456040238632833592e-03
6.002859666658756123e-03,1.293541664626621929e-02
6.728663128771994462e-02,7.055616198887351698e-02
9.686944333302298371e-02,9.054584519968789103e-02
4.353160647409677619e-02,3.534247721599859809e-02
1.762335747545859879e-02,3.984819241616446850e-02
3.138674494290714934e-02,3.242843560966703759e-02
4.123269671382921026e-02,2.585456590710194860e-02
4.991401680999861014e-03,3.207891162765016350e-03
1.610925802661900344e-02,4.336948670676409566e-03
2.263099029920653815e-01,2.063290238635008822e-01
1.770408464149893224e-02,5.355320475811872760e-03
1.607811541471136987e-02,1.544081072487354586e-02
6.672920821222576293e-02,1.064211008361214683e-01
1.837686615788352087e-02,8.043100865579551687e-03
2.818097278624392965e-01,2.041735972282738010e-01
7.199259221405694686e-02,8.588644503751176329e-02
3.335569398049711420e-01,3.178864088984016956e-01
2.669057579653663290e-02,5.223259994360809205e-02
2.064450749920194450e-01,1.891044602788577444e-01
4.380027845369272033e-01,4.959837936996855934e-01
3.719185954251424953e-02,3.012169146658025265e-02
1.155486422376172766e-02,2.581016545991480365e-02
5.636746111337775575e-03,4.083045232286391241e-02
6.548681865308293541e-03,2.159604089872926239e-03
1.196073197747093697e-01,1.426538787816866438e-01
1.696652085954356796e-03,5.735644334214084171e-03
5.875238030718215460e-02,7.196101993962387977e-02
7.746266491747401395e-02,6.996377857449384563e-02
1.491047991164133335e-01,1.286366221906052876e-01
1.163797349638246749e-02,1.058344070749620523e-02
6.885430313777742006e-02,4.443672377820698238e-02
3.053773926115427306e-01,2.896889757353315331e-01
3.147667527707976309e-01,3.947217133010390011e-01
1.340564695608727121e-03,7.814999981184714631e-03
4.286876764684438568e-02,3.462039178919310706e-02
6.653927139969123550e-03,1.182151779405605715e-02
3.405715490134192391e-02,9.289835409522308185e-02
2.442009232548550055e-02,3.580015969599925629e-02
8.822727928066384506e-02,9.324640671300796213e-02
3.979904758605865567e-01,3.620298931260570452e-01
3.225406236043230068e-01,2.897475719724076915e-01
3.819961044330636574e-04,2.029627987878510759e-03
5.326517483919133078e-04,2.762827506330949425e-04
1.137466933515075829e-01,7.730163550750582258e-02
1.064062403018818381e-01,1.043835819219328942e-01
2.354828464446842573e-01,2.446588012872803752e-01
9.126296677695339837e-03,3.593887358956780569e-03
1.942475831571027073e-02,1.028727332931006315e-02
1.015092051846769872e-01,1.356968536070576048e-01
3.410090036038386785e-01,3.851891152640588567e-01
3.986047843717468661e-03,2.145432972979358040e-05
1.873090302961927522e-01,1.772146001969973628e-01
8.224138967576406778e-02,1.079501066185009073e-01
3.585592452550238028e-03,6.246122676541687908e-03
3.214562654224079052e-02,1.780426744503997571e-02
1.073703102217049010e-01,1.317233063149270411e-01
2.452714481622384271e-02,3.221989963420238828e-02
3.238753766358788699e-02,2.999378330298003298e-02
2.507973891305495919e-04,1.051052348818957435e-04
2.097191540703656765e-01,1.694370310013883218e-01
1.526710087467151576e-06,1.629170180594801797e-04
1.452828933915070037e-02,7.358716939707384344e-04
1.164686877544602872e-01,1.248091947843121691e-01
2.575269067716565718e-01,1.916257584697939331e-01
1.460784242060530341e-02,3.435776452043148160e-02
4.039365382401933851e-04,3.148997624329228349e-05
1.810678881473279378e-03,7.744461055577780452e-03
1.040079494905256190e-02,2.644579201569897606e-02
2.664131779514228651e-02,3.817409707467606800e-02
1.546525841007300242e-02,1.506898214865438901e-02
1.419086208505001834e-01,1.172819642816188834e-01
8.006393233258171183e-05,2.497167469990260367e-04
1.662331787385087634e-01,1.902755777298900941e-01
2.507271896801614025e-02,1.688576103664723299e-02
1.250643814117114172e-01,1.339821066848236042e-01
1.073706855676091754e-01,1.426858738180661335e-01
3.156522574094560163e-01,3.484628277883449754e-01
3.250798490648117156e-02,2.922736067688296371e-02
6.582883107136500503e-04,8.069233776581096612e-03
1.330690732893372754e-05,7.596084262384616981e-03
1.999341526716910677e-01,1.916704759047795081e-01
2.305756175415901721e-01,2.832541443060354602e-01
1.316826548761719506e-01,1.538645988649477991e-01
2.008933388991497038e-01,1.996268585558422792e-01
2.180964243575031752e-03,7.740735128138594677e-03
7.348029457821843302e-02,6.016525714829686761e-02
4.404181842384501389e-01,3.941546494059311456e-01
1.130307625201515051e-02,3.343934295929134465e-02
1.074863387997317468e-02,2.177731827702952469e-02
4.082879186517789916e-01,4.881266439213234332e-01
5.103662069909401314e-03,4.945595851723202062e-03
9.122452275670106525e-02,7.955678832370065290e-02
4.839615394814088256e-02,5.265844977004153354e-02
9.644508907025509115e-02,9.716266176339891092e-02
3.698294168091462598e-03,1.218033952836162191e-02
5.653115479375872120e-04,8.633781996250303051e-05
1.594627743326910378e-03,2.798341675032719588e-03
1.941190120017679821e-01,2.010801345172305021e-01
2.017509626383371391e-01,2.168537142229168824e-01
9.253622340254270481e-03,6.729952032480158303e-03
2.963809148584238638e-03,6.969397899698440320e-04
7.923403825842750825e-02,1.345789320717235005e-01
7.810644467928941348e-02,9.051164957398868949e-02
2.666480601752935775e-01,2.878297752667188791e-01
1.816328604126448212e-02,6.282605442991305578e-02
5.668003140977775217e-02,2.025408871156475499e-02
8.335262181538655168e-02,1.149950883657909068e-01
3.736618814260844745e-01,3.801138684651429456e-01
1.139752337936936546e-02,9.894740602543534991e-03
8.375740845247725552e-03,4.559150447133333492e-03
5.688861892021858477e-05,2.490908509792086919e-04
6.850481520178665351e-02,8.021748364525485564e-02
2.636433430351997273e-02,3.120391203601159680e-02
8.534190599533247878e-02,1.027739214304347753e-01
1.685968923439505607e-01,1.629094005681596680e-01
5.647049491358279161e-01,7.434424404085672178e-01
2.387554358030515300e-01,3.532474195413232709e-01
1.265592336996143874e-01,9.594488687677174554e-02
8.137724433716007899e-02,1.212160288552379533e-01
5.271926041935010021e-02,7.174319598371979578e-02
1.302998084699126058e-06,8.969747584295959626e-04
1.344298695027275892e-01,1.321140431783800473e-01
1.082055631982851152e-01,1.104500459020712894e-01
3.402317098867941314e-01,3.629252249026384547e-01
5.355933563395928187e-01,4.493411010716579779e-01
4.686292369208423098e-02,5.398945210939086470e-02
1.630376163827401345e-02,1.080466513178232786e-02
2.893184514509664629e-01,2.344748232900594198e-01
8.952093625120152720e-02,8.383769442997178467e-02
3.228031215826361322e-01,2.662948577233923975e-01
5.259263797781493777e-01,5.185491643572081033e-01
1.262706909318032705e-03,4.596309414928290323e-03
5.355581541486222757e-02,5.521617213361482840e-02
1.037188493144912821e-01,7.140403128821783130e-02
3.599278237795506263e-01,4.171993163262155968e-01
1.473539593717410230e-02,7.095443332044801266e-03
3.606264207657295523e-02,3.210731573697056529e-02
1.734416110283351978e-02,3.560620793070317508e-02
3.040909927920438030e-03,7.943477706970079378e-06
2.892693653062439751e-01,2.748931437442407311e-01
3.644125490255765900e-03,2.295745704804020345e-03
3.885395490421431064e-02,3.443376990184102149e-02
8.990257525661701429e-03,1.041559529293620105e-02
1.317567648081332254e-01,1.392467763056249863e-01
2.643222854079278414e-03,1.597131275914403636e-03
4.406954584892609425e-03,1.529736278470140640e-02
7.749260164154354869e-02,3.610366689291036324e-02
3.783849568932655671e-01,3.955947652619841715e-01
2.128845691976619971e-03,3.797663335954891677e-03
1.839861418801656129e-02,2.345326986125637319e-03
8.147782746236232887e-01,8.703722104954660921e-01
9.249115846785766534e-04,7.332229681092686593e-03
4.638926619385905920e-02,3.189116242037998844e-02
3.331597314867710824e-01,3.615766914086339101e-01
5.620777779327492535e-02,5.037487034365446120e-02
4.065336557241188142e-01,4.870212947630272460e-01
1.118608713004182742e-01,9.795862730529943108e-02
9.224569146177030721e-02,1.007364861573042253e-01
4.025932969535027661e-01,4.466014400393615857e-01
1.903363850990914263e-01,2.005942108937920354e-01
2.490141105783338915e-01,2.436821236002615909e-01
2.704188379629402731e-03,6.943901374851756125e-03
2.131480701385965182e-01,1.908845304016837663e-01
3.547100641058067438e-01,4.151661761477197787e-01
2.823800781287593709e-01,3.019708382937599245e-01
5.539811597354613428e-04,1.015835379371727264e-03
3.853530812153632690e-02,5.604356700767393340e-02
5.105874370159637632e-01,6.568133350948066607e-01
1.996012577403419481e-03,7.996484153450087590e-03
2.823475814359798775e-01,2.612727734960243464e-01
8.653721965642051372e-02,1.395320872944283142e-01
1.234053633626763236e-01,1.687355985005668801e-01
1.849066357729160781e-01,2.433985363040399585e-01
2.839707106183824159e-01,2.221041041493833079e-01
1.683656429540165145e-01,1.444879755519508646e-01
3.552724018297255093e-05,1.131179135417227297e-03
8.000108416304065051e-02,9.207545891320498277e-02
7.596664328004994193e-02,4.585802521511034985e-02
6.500886921011003738e-02,4.717523672604514995e-02
2.958237653394130313e-03,1.388589447458990316e-02
7.079420663511593048e-02,5.216715343479225858e-02
3.052653281627367710e-01,2.891496798891253772e-01
3.663150602975726727e-02,3.048399376726298668e-02
6.491065074739882758e-04,3.362003219800268282e-04
1.618060941469114111e-02,1.353560860178836499e-02
4.329222429361734847e-01,5.675799847585912827e-01
8.754425571257202707e-03,4.220755482714027250e-03
7.044475062454446691e-03,2.981579358196980584e-02
6.905310963888890152e-02,8.437980822181197216e-02
3.756844580822145119e-01,3.591360465587096207e-01
3.460222135314236502e-01,3.441548567558467275e-01
2.296334197049177892e-02,2.524850111923521850e-02
6.184685897096239837e-02,6.972064360110569181e-02
1.294291920523864270e-01,1.534648424095933217e-01
8.947519026032503542e-02,9.341159498985834864e-02
5.039788614601493216e-02,5.972160249626639467e-02
3.913588691163871064e-02,3.766382262689637467e-02
3.691592995091411231e-03,5.121312723102345622e-03
2.577920764529451070e-01,2.034612006126032269e-01
5.115339506339127151e-01,6.632202649949351381e-01
1.215410556603311591e-05,5.351974078622408941e-04
1.902104707607712390e-03,4.023803495741609497e-03
1.901261559172403486e-03,8.769439010429309509e-04
2.055385920837414504e-01,1.316250206705662229e-01
2.518129607267968403e-02,1.586870867839025936e-02
3.262628673450285871e-02,1.914747287588215025e-02
1.375248755388394065e-04,1.096109780498978224e-03
1.014592190687638312e-01,8.023845769953331930e-02
1.665259377070251456e-01,2.148097967558547650e-01
2.044643638786506068e-01,1.730808052307183931e-01
3.796162184352675634e-02,3.158511362422149193e-02
2.532443104621391328e-01,3.214904501708382711e-01
7.184648707928367739e-02,7.192342731213352547e-02
1.357891577869789305e-02,1.611661433852046993e-02
3.636356245945856491e-01,4.866723688061763142e-01
4.278478158180518652e-03,4.635567242934268348e-03
1.980208886165986115e-01,2.169567345393622615e-01
2.253247651920337335e-06,1.099949175619418032e-02
1.057648297704644712e-02,1.450100684697313777e-02
5.879122230069565580e-01,5.596403423028595281e-01
1.217761827618335166e-02,5.373874464486015461e-03
3.196062865590918595e-02,8.918574490544620842e-03
6.934505912424389351e-02,6.394141577132451959e-02
9.254670831802945150e-05,5.238520901877497904e-05
1.340174956641734694e+00,1.297282819824267186e+00
2.692685681826917365e-01,2.436701810140472491e-01
7.618258018034819445e-02,6.601034057137304678e-02
3.001187879480706755e-01,2.852562156352427269e-01
2.038394830667579760e-01,1.748733619490652758e-01
5.405651438935456407e-06,3.454503819563277747e-03
2.709786783104027597e-02,1.598444833802966508e-02
6.324994279286964838e-02,5.416211461543774669e-02
6.315170001440830252e-03,8.936132317478640008e-03
7.438645479997774146e-02,9.702872387590683045e-02
4.746148587930145712e-01,4.805542592797894530e-01
1.637737377669631412e-04,3.940283422819723397e-04
1.420956870289541152e-01,8.033708889181333246e-02
1.667193862022398887e-01,1.840860764537645411e-01
4.192020467424489166e-02,2.498790155837383661e-02
3.092796752093233958e-02,1.295974130448556208e-02
2.893816905430351416e-01,2.566859065762729375e-01
1.447873287691677033e-03,5.603367992979270580e-03
6.939876927121206573e-02,9.302987290460679182e-02
4.760732642368562667e-02,4.418070795471455009e-02
1.416391231452179544e-01,1.176704568016012642e-01
1.833621585076208177e-02,9.150064725125530221e-03
6.008642867847590469e-02,4.601382885001960299e-02
4.992103957469778419e-01,4.578701915385692267e-01
2.232182604403874504e-01,1.797076145591662566e-01
4.330907486757964824e-03,1.827183366307596471e-03
8.894307859820906915e-05,1.608703331488629850e-04
2.453696242443446918e-02,2.826599843842910256e-02
1.509790149016552660e-02,8.494808507383528164e-04
2.365506383719796768e-02,5.249510444797105164e-03
9.424574998574011819e-02,1.121077867241489362e-01
6.480600214127872627e-02,8.130504465380417045e-02
9.501638746130414148e-02,8.714592766026443837e-02
9.276569838918467814e-02,6.651843169576746040e-02
7.934350054272365504e-02,3.961931102442858149e-02
1.171268605121355139e-01,1.207020432850321595e-01
8.937328447291432651e-03,2.766738695395838665e-02
1.923058015754659233e-01,2.104011541348866365e-01
2.242452964011894603e-02,2.497900686945522981e-03
3.513949071449114572e-03,6.701762390788229898e-03
1.282032706884785045e-01,1.552829438317374355e-01
4.350056625459721463e-05,2.678180287229926288e-05
4.317539510416587047e-03,8.614936546302461723e-03
2.672671566542333173e-03,2.684186144089017317e-02
5.994384435254210969e-02,9.497938353428538039e-02
6.427384758889152985e-06,4.510644191917039078e-04
6.844544597961643023e-03,2.077144108714310336e-02
7.928677660110434733e-01,8.211617492608398461e-01
3.662543953757301960e-04,1.517968379721334636e-04
4.255985811708631883e-02,3.669097978919086400e-02
8.606104486698695289e-04,2.378158448489055797e-03
2.817562165837603910e-02,3.382391196858854088e-02
4.051563788207035444e-02,4.896448023336409661e-02
2.205713412816370511e-01,2.026955638904656964e-01
4.211485245597165923e-03,1.673106212363947550e-03
1.844327850071985353e-01,1.872063237074088060e-01
1.405829744300484685e-01,1.101647811792452053e-01
5.266504922644154041e-01,6.551087043700316581e-01
4.665986563484313399e-01,4.626006167648095135e-01
5.421200313322502851e-01,4.680347917071385200e-01
2.800917575944751881e-01,3.230604850573793874e-01
1.958090740758417214e-01,1.265497531555754007e-01
5.219810113185272549e-01,5.277746897582942243e-01
1.817243833796173408e-02,3.866711990725506254e-02
6.824039026462791480e-02,8.139649244094009084e-02
1.380993806455223238e-02,9.852359381519248255e-03
2.647724554730355728e-01,2.963327737558499320e-01
3.355518926072752206e-02,1.879701441209031057e-02
3.312592685392407726e-02,5.067983129133974557e-02
6.470740444853535778e-02,6.350997694376762925e-02
5.377677141382894953e-03,1.451769499060738891e-02
2.246418541128358468e-02,2.740283577671648665e-02
1.299847953732294120e-03,1.991145806479174395e-03
1.383387481380795626e-02,1.311275543806447730e-02
4.693601221365869408e-02,5.984070482671421942e-02
5.397560525043143325e-04,7.297590444971103324e-05
1.564333339257197308e-01,1.663891265289798860e-01
3.598109652264265546e-02,2.698630612217734620e-02
1.988864698573651613e-02,1.821252575565694698e-02
6.576189776773019302e-01,6.481676358517469705e-01
1.549878553288680863e-02,8.041228961864612464e-05
2.913069202952021236e-02,2.521024906617409453e-02
1.198116732378535013e-02,2.152331531113472595e-03
1.909632159132020404e-02,1.400487655541126676e-02
1.600416743004656750e-02,1.981127623511739003e-02
2.477304215761374009e-02,3.025533698796764939e-02
1.587806298244071601e-01,1.982250482457071639e-01
3.470364707491854078e-02,2.191466886455549143e-02
5.232749022669506977e-02,6.695764099184813023e-02
1.005304710595413681e-01,8.745857294611944499e-02
1.592305207699557801e-01,1.852432970465725526e-01
9.807846274564656006e-03,2.172910842916234500e-02
4.459726408012480992e-01,4.638478653015966069e-01
9.352024593061648849e-03,5.271707953567086012e-03
1.053546545182409561e-01,1.266736626355554618e-01
3.047070686218018506e-02,4.058894409614228344e-02
5.375550129667555979e-04,6.203178721214570554e-08
2.953148651449088308e-03,1.204247804332157605e-03
5.251304829221462505e-05,3.519953698745957073e-03
5.213609993745579319e-01,4.592022664168440849e-01
2.662306918935335946e-03,4.789007554135582545e-03
2.575369949738733899e-01,3.048859072670982995e-01
2.099349015942584759e-02,2.242448187460671996e-02
1.766573610440728623e-02,4.092877935619610406e-03
1.527076506093383024e-01,1.587150157695671748e-01
5.661484234190954090e-02,1.016083269117280807e-01
5.557888498165868274e-01,6.082140347953831627e-01
7.773545318211337466e-04,6.101407289471250019e-04
1.148832060411992227e-02,2.222493947145582488e-02
1.008775922304722128e-01,1.133715967401945773e-01
1.250223231435781124e-01,1.483555293361923377e-01
3.325800251956114589e-02,1.371374437225189070e-02
1.845305547326582807e-01,2.032576213774859586e-01
2.544731987856654280e-03,4.497077525298824770e-03
3.929014789282439524e-02,3.639296130022401377e-02
6.096774976997986102e-03,3.349130113359626449e-03
7.293225544720509379e-02,8.968563546290328481e-02
4.905061546525815719e-01,5.001449320002004928e-01
1.501292568902583280e-01,1.405496307913868259e-01
3.595938395504065521e-02,3.067184788953887520e-02
2.066858208133720218e-02,2.081477724927635956e-02
1.060486206794752223e-02,1.232972026190976532e-02
4.037053468646047139e-02,3.630793534012476814e-02
1.081570255447982937e-01,5.420080057348318492e-02
7.466327993130736362e-02,1.018764012847903494e-01
1.786665210938760684e-01,1.877693067003858296e-01
7.555487968201621274e-02,6.995557745118359538e-02
1.592894788146613227e-01,1.370039463506248500e-01
9.161796904521204987e-02,1.395171334073689595e-01
3.724420167284422933e-02,4.194228832656281963e-02
4.447563815523396941e-03,2.240968552177541318e-02
6.977575395444426398e-01,7.333211000714590089e-01
1.423871586831714246e-03,2.670701192833225667e-03
5.521506482085139847e-03,2.209801375755735334e-02
9.994175663006567290e-02,6.622590927659857685e-02
3.089956803179986361e-02,3.828402351124282621e-02
3.249783980392957905e-01,3.807841052316922048e-01
1.232523022993892853e-01,1.727178529190368794e-01
2.366985203774551183e-01,2.512615556353485213e-01
2.931420022124144042e-02,4.029522765841250798e-02
9.043947998126869448e-03,7.812515004457660714e-03
3.600122942772940153e-05,2.000484433432930733e-04
3.740083240676946724e-02,2.762075554559536433e-02
4.338521032748932278e-04,1.682929089610765260e-04
1.339640250099687901e-01,1.553548148291863384e-01
7.608066422729507783e-02,7.611035873163336796e-02
3.069299425045976179e-02,4.061268462134771939e-02
5.349619266037293208e-01,6.308236153395538892e-01
3.162448602425219080e-01,3.498095782428308764e-01
2.326561660305008147e-02,9.049486783987573460e-03
1.024361465651188463e-01,1.037806164836741485e-01
1.615361017541315225e-01,2.074451090400500075e-01
5.072425834171801623e-02,5.492769418420949401e-02
3.582614261323467664e-02,3.103317432027725281e-02
2.307699684204900792e-01,1.989689530180100974e-01
1.306967989137418629e-01,1.260109796237134372e-01
2.402159524875834104e-04,1.285035398215091671e-03
3.839819244134275167e-02,3.558102209714205516e-02
1.952878384072871121e-01,2.333760399397925012e-01
2.436985711908693231e-01,2.079407133807266717e-01
3.565201963996041806e-02,6.962987015952673553e-02
5.732608370212018307e-03,5.894436451273478948e-03
8.234855102765660517e-02,1.180284732570327649e-01
3.707160650104186772e-02,2.305340813277357778e-02
7.382208641559069584e-02,6.098112241797842836e-02
7.184702378153758062e-02,3.768880185826059548e-02
1.191411731805406583e-02,3.540782536156789669e-03
2.126393996663168001e-02,3.253875431594680651e-02
1.023157455881588788e-02,7.303016293533999906e-03
1.001405563323568004e-01,1.286796232518032934e-01
3.021514724719241429e-01,3.035679697558512635e-01
3.045250516524509142e-03,4.219396885778364976e-03
8.939061337157483411e-02,1.329717376385290695e-01
7.989718397080961682e-03,2.226381977909592733e-02
9.670738966777679690e-02,1.214096361623521469e-01
1.783310088372459523e-01,2.779146109861497793e-01
1.697053885337853063e-01,2.127834745011080442e-01
2.203286057072464943e-02,1.875549162790833557e-02
2.551381606904925547e-01,2.037950198629898402e-01
1.378125607876906113e-02,4.084598031566698262e-02
7.850336433255676594e-02,1.116829819588776168e-01
5.417286869689280637e-01,6.599909398077735689e-01
4.768995564598069170e-02,3.667500107654498437e-02
2.050710875739953504e-02,2.126861639717720145e-02
8.144850491776588989e-04,1.313039418143361139e-04
7.966647897214705620e-03,1.473105398053592939e-02
3.806246786400240695e-02,4.943371886826114503e-02
9.924013920390433331e-04,9.904462130263047364e-05
4.426060408431541360e-01,3.925189406280696902e-01
3.226764631386643684e-02,4.306978241277104741e-02
5.037923061535123231e-02,4.130251700426563338e-02
1.816984977684574509e-01,2.455913089118220705e-01
7.908880559304493421e-03,1.078069463965702565e-02
1.311958538818708830e-01,1.025262094956696790e-01
5.302936638425151394e-02,6.573882615582185562e-02
1.591754151008321905e-01,1.316388738545613557e-01
1.964444557522820878e-01,1.653361290320716215e-01
2.536264622236279742e-03,8.817401974986652062e-04
1.316121483642919941e-02,1.118477417472143499e-02
3.106275651128241333e-01,2.960534745713848670e-01
5.754477882169359293e-02,3.466129781469827476e-02
2.333556756144310532e-02,1.724188978433417382e-02
2.039673199610350304e-02,3.912476125352534057e-02
1.662779692138422610e-02,7.979043860191251461e-03
5.311684003703792678e-02,4.391341797699969268e-02
4.222404065443545740e-01,4.816732210807659897e-01
7.530976669266451276e-03,7.614446011879852545e-03
5.817438091309820591e-02,4.810329356809938534e-02
5.294922492268513969e-02,4.355009167649993851e-02
9.444940523558538470e-02,7.580514529960753756e-02
5.104428531366646954e-02,3.988277183534121723e-02
8.886676614629870907e-02,1.355837524775252712e-01
8.917212750288225354e-02,4.477301345338339372e-02
4.379459205945530065e-01,4.409555729551953851e-01
3.820296239412784237e-03,1.082891431345063896e-02
4.500464528463778840e-02,8.035274613819788636e-02
2.692304690716652016e-01,3.001491832271167004e-01
3.308947242875029948e-01,3.157923865024819254e-01
1.230579373646644853e-01,1.155323201442248621e-01
1.149768169364808433e-02,1.671277551569773021e-02
4.721681421112570846e-04,2.816218237210719490e-03
2.449645954390572145e-01,2.196961812119407331e-01
8.958976362448212508e-03,1.932048714982578450e-02
1.371849268620625450e-01,1.473949591084214861e-01
2.195318814233818971e-01,1.850861257571102536e-01
1.395576856163584407e-03,1.457613186835868139e-03
6.302077830953076165e-02,6.709930982903017371e-02
1.478395259033974118e-01,1.584374198808213285e-01
3.035885226515084301e-01,2.287516001134463905e-01
1.283672505204155323e-01,1.041194821499950574e-01
1.486052476193144567e-01,8.880926564072878782e-02
1.748763008013756379e-02,3.147204745373577417e-02
1.712608871361994689e-01,1.869589420552175141e-01
3.030186652424158855e-01,3.939826038574755218e-01
3.763439562537599444e-04,1.134770107937567961e-03
1.060478763367734278e-01,8.169350439322803359e-02
6.278424719304277757e-02,5.388318855698898818e-02
3.537815159783494739e-03,1.186544368984415038e-02
8.049798869907501264e-02,1.354789352196227870e-01
1.823368662695691589e-02,6.278507098109331434e-03
2.700768290767122104e-02,4.660170956455240293e-02
1.089438496690272457e-01,1.073416397149490470e-01
1.817026693034307083e-01,2.014600087956235908e-01
1.041587422101790672e+00,1.099763341703360542e+00
1.671097455435702761e-01,1.993030299100287395e-01
8.624998767389873908e-03,1.367251016415346743e-02
1.035664643209923720e-02,4.216579767127454255e-03
3.243785063050005357e-01,2.866045228633827269e-01
9.951024624092375155e-04,5.679806719675214413e-05
1.810981724915236221e-02,4.383306728545349924e-03
2.376511558031649263e-01,2.549090604852211062e-01
1.230787737711683781e-02,1.070572711359938332e-02
2.115232447858000128e-03,1.547435003684166990e-02
1.186126099040770918e-02,2.191966762503851779e-02
7.254167898757894750e-02,1.054787045057217765e-01
1.880905116902265029e-01,2.029370870810755234e-01
1.857863651450388659e-04,1.466292544503006818e-03
2.683514697993698555e-03,5.263017506537190016e-06
1.083483745304525264e-01,1.008313503636652508e-01
3.949725258109194198e-02,3.656259729899506705e-02
2.105096013392820584e-02,2.599074833268797194e-02
8.815518886955635292e-02,1.001391049751601536e-01
8.520490691791108044e-04,1.729081583906972404e-03
1.817821940331794698e-03,7.549810230535751628e-03
8.602601042158503075e-02,1.083261779837690897e-01
1.197690159195461887e-02,1.058347482428930635e-03
8.205595100526261176e-02,7.823110757505211121e-02
2.214880308769350339e-02,2.738875158014334246e-02
2.804496966626615073e-01,2.484184860979583853e-01
1.349026756562316798e-01,1.423193783080785313e-01
1.221735393420714522e-01,2.266556301586403754e-01
3.739186450604453649e-02,3.160972299279667802e-02
4.302398595671340364e-02,2.230616754786055381e-02
8.075765100597981708e-04,7.002326786202169734e-05
5.814082493392670054e-02,9.123649560402054270e-02
2.345559950553338935e-01,2.038963487441526334e-01
1.809072569641821115e-01,1.586332417136819550e-01
1.894697030750216657e-02,1.206697926977209900e-02
3.356207527561429991e-06,2.326201934246632818e-04
9.680337933571643294e-01,9.163608280972829201e-01
5.837842974206630675e-01,6.069642508787644886e-01
1.930948197498988991e-03,2.645082583364659302e-04
2.521140881917154908e-01,3.069191877061242524e-01
2.666378989364739504e-03,2.716112903049536752e-03
5.702918138002298598e-05,1.734242817231788076e-05
7.927392344682301917e-03,2.598946234740072761e-02
2.758868888353015886e-02,1.602851744903212652e-02
1.900176745346295326e-01,1.882749841734348561e-01
2.067051334896090678e-02,1.762932062520998489e-02
4.925337410422898042e-03,4.461050648007065474e-04
8.088340229156658345e-03,3.927819792141838164e-03
1.982597165428184177e-02,1.453157604695196232e-02
2.855714936564816009e-01,4.075280378955035143e-01
1.023940609845483546e-01,1.158545178563624573e-01
1.249241914958907074e-01,8.140581273568325837e-02
1.135835404934587983e-01,1.157926479872687930e-01
4.294864362503088002e-04,9.793604110747840610e-03
4.388010552278449883e-03,1.376109286961894364e-02
6.984587338896392286e-03,8.440871775376663014e-03
4.910555102102120290e-02,4.035480711376185359e-02
1.139196159564692667e-02,1.050535935755339111e-03
2.357470595521309609e-01,2.430957649697747525e-01
9.739221969421018449e-03,2.950070573812951531e-03
5.902584367959104808e-03,3.577920426063825338e-03
1.183999505135419211e-01,1.428622050504158025e-01
1.987798442262433130e-01,1.737748752076914427e-01
7.230345758746047069e-02,8.044419521944753959e-02
3.100547989098255408e-02,2.145451511315644641e-02
3.955316270957094649e-02,5.356284946615076648e-02
9.727707037084202396e-03,6.075453216996652174e-03
1.276437593632338136e-02,1.577047991758860276e-02
2.104068684148164232e-07,2.020246001550479210e-03
1.176900926132296993e-01,1.634042998521983980e-01
2.385264883538918898e-02,5.431446797458928943e-02
9.967205820961257123e-03,8.539317482298820067e-03
6.314461305028632072e-04,6.424864750323473241e-03
3.804667929658259728e-01,4.479335834035630959e-01
6.211193420069670984e-02,5.316332343216906980e-02
4.074194470652072603e-02,3.980885542586862919e-02
5.045430192482998344e-03,4.620431230104088058e-04
4.993093799952169273e-03,6.959542594420611676e-03
1.688153586959940666e-01,1.216098529143154611e-01
1.011733426482723380e-01,9.635622476795981106e-02
2.544941191171961291e-03,4.108629451568202029e-03
5.355663291555902428e-02,4.737650944868775083e-02
8.315951528407399679e-03,1.246724018543736478e-03
3.669618237717249265e-01,3.109675344464447044e-01
4.032701562397904282e-02,3.809234626517054439e-02
1.443266227880270897e-02,7.958882065268379699e-03
1.832779142371600556e-01,1.469668022792247619e-01
1.699871690967875992e-02,3.872885933535205605e-02
4.017606692053684279e-03,8.764785122026013189e-03
1.302110655538973871e-01,1.510582324167286106e-01
4.407593302558417969e-01,4.377832477256158872e-01
5.273545328588654366e-05,1.320736485544557557e-03
2.520858553742243960e-04,3.736497840284839947e-04
1.378980859012036708e-01,1.382643645036565894e-01
1.937889841044746972e-02,2.061252231064323107e-02
1.089453594788682700e-01,1.438635413519569195e-01
3.005069992556614819e-02,3.417421473766104473e-02
2.471924325799095684e-02,3.214946723516101668e-02
6.347890951334714260e-02,4.600903175713599857e-02
1.396121457723879244e-01,1.677042586496972076e-01
3.695076372078761467e-02,1.845492022075785957e-02
2.252933200258249721e-05,3.469562735967698930e-03
1.030400887898151041e-01,1.375529265542229651e-01
2.129131455022344188e-02,3.306765459595012793e-03
3.643969468330682804e-01,3.521233721715049669e-01
2.340892233862510233e-02,1.280508127095227391e-02
1.154073593527795288e-01,1.002049212270851725e-01
1.377774505214373335e-01,1.031941658637817588e-01
1.128492190478554008e-01,8.557978028530902059e-02
8.713524033060533747e-02,8.139231908974083052e-02
2.204202581386495961e-03,5.770133569522863971e-03
1.317662267179117719e-01,1.026222765927104902e-01
7.924209259312045561e-03,2.123856126490643835e-03
4.700531828942574458e-02,5.746221354788241115e-02
5.547506320328587882e-04,1.142665474732583577e-04
1.313013200480515896e-01,1.427203103390815853e-01
1.434264260335344279e-02,2.682100229500523556e-02
2.964753628331133206e-01,3.145224674034622914e-01
1.911068996528484942e-01,2.152877827296522106e-01
3.378148389594259338e-01,4.988357038738935878e-01
2.570127997662406683e-02,1.401768379658142882e-02
8.653926280979765129e-02,6.593084898555220952e-02
1.963206230222285520e-01,2.192104930566043108e-01
2.568604305965791704e-03,1.132254458850144178e-04
3.393103359101460009e-04,2.653075512702903101e-03
9.654354586375217886e-04,7.721611299066350430e-03
5.803982072626075878e-02,7.278871439003582744e-02
2.457514894890092203e-04,3.029877230101843876e-05
7.407926984044364838e-02,9.475394675005482936e-02
3.285934833145824352e-01,3.111119472655677343e-01
7.042008746557719499e-04,1.592159529284238942e-02
2.701858458286976461e-01,2.614219517269844029e-01
4.489226718977905040e-01,4.629096129320185993e-01
2.066444739572275424e-01,2.944476958633304164e-01
1.938261760939993805e-01,2.039664637816674397e-01
3.772486884332746371e-01,3.044693013023112016e-01
4.099916418823974958e-03,1.275246605833871803e-02
2.684017919662846086e-01,2.622758307081580198e-01
3.241867529093597766e-02,2.831186671051060672e-02
1.997153873500101262e-01,2.069024344783978175e-01
4.800957397718184222e-02,4.276994129900908020e-02
3.474339867276012017e-02,2.964275446768685138e-02
2.070636517147914774e-02,5.754369892214569434e-04
1.250042920583830930e-01,1.406494466073509308e-01
3.824779861450334183e-03,7.511733356217234134e-03
3.724484212781106751e-02,5.591369271044643180e-02
1.117126491130824018e-01,1.193645295560278180e-01
1.005214481267093368e-01,9.207962675271175179e-02
3.495225471040928900e-02,3.130072007723408434e-02
1.873031109737450725e-02,2.962774988813309668e-02
1.685631985409200562e-01,2.137755577772803561e-01
9.929952421715946019e-06,4.657901478861832881e-03
1.819334860980621358e-03,5.000024576963991822e-03
9.645007963215961727e-05,1.092378353393244541e-03
5.159298835198419114e-02,2.160464433529673753e-02
4.752416003913957632e-02,3.907630125288576173e-02
4.003792751212034012e-02,2.940335002833543987e-02
5.336063065159781793e-01,6.542965569093005529e-01
2.487815047476000727e-02,3.090196081106897155e-02
4.788959878767819200e-02,5.827596884413138723e-02
6.666813838613026844e-02,7.392247578799666929e-02
1.769855554202219572e-02,1.491525141282231542e-02
8.300776477958047650e-04,7.647108754491533170e-04
8.892060251249044034e-02,1.046251520232360649e-01
4.136803938303600103e-02,4.015746016284030967e-02
1.430545929479145328e-01,1.219228812305600818e-01
5.367234207471403007e-01,5.632598473926454519e-01
3.333932452001182965e-03,1.724682596178925970e-02
3.201913394587773132e-01,3.322154806597984456e-01
2.735924140152619644e-01,2.053698355949305776e-01
4.238167175987707092e-01,4.317560756208080330e-01
7.327979793457227442e-02,5.901815698942843719e-02
1.017241238276059834e-01,1.624981464555532162e-01
1.827489358103863773e-02,2.183473269151725571e-02
4.361562129062276222e-02,5.452401830320600939e-02
1.619435289933151938e-03,2.338455493299962645e-03
2.220237149621811512e-01,1.924029737286607755e-01
5.657667893711021412e-01,6.527815902594495956e-01
1.103832618910745474e-02,1.896409810189133779e-02
5.777799836627110774e-02,7.995025478057730950e-02
8.659206568064430343e-01,8.110636621008420200e-01
2.462838226328595975e-02,2.569971284512101786e-02
4.617368124420828841e-03,3.581044623027451919e-03
2.087655633462361104e-01,2.186974018747136483e-01
2.121295748217887425e-02,3.326896794499785426e-02
2.598989919197495363e-03,8.945017076592450683e-03
4.041443999429932682e-02,4.939822100609822519e-02
1.087735404246294724e-01,1.317062265931683851e-01
1.076568962353854735e-02,7.115237894032909287e-03
1.489456703340771371e-03,3.379179646003400463e-03
7.260489258611299568e-02,9.748101599022122865e-02
1.853995064340409615e-01,1.932810733488969090e-01
7.934806707844168638e-01,8.479688919089726218e-01
1.279317291139311086e-01,1.320868783187434115e-01
6.860448916875501457e-02,5.765275877673284310e-02
1.261586205562002516e-01,1.611936541283213176e-01
1.619038778668335524e-05,1.654019780032723588e-03
2.709037564306346346e-02,2.659513755921400283e-02
2.534840560657474207e-01,2.801024745658999837e-01
2.622089585428404312e-01,4.280706129072258115e-01
1.765257050649379116e-03,2.160359716638333008e-06
1.516663804230165280e-01,1.468829543968910023e-01
1.810047044861818055e-01,1.173354623817521591e-01
1.797852515142122222e-04,7.636640087386586777e-03
2.035265284288215876e-02,2.884135618273839241e-02
3.824463881088028261e-01,3.222481518163649028e-01
2.268094402951654695e-02,5.248954404598971807e-02
1.384526241777810952e-02,3.554545970259721625e-03
9.656119562775821938e-03,8.611151922883194393e-03
5.442402709950194123e-02,6.464821827260217035e-02
4.304967281857718410e-03,1.076865848917207130e-03
1.007007413927158285e-01,5.751935420765590112e-02
6.079589229070259115e-03,3.198575420823018128e-02
5.454430529368391997e-05,2.682150832724993460e-03
9.908149689149672867e-02,7.464269127366636447e-02
1.333589243260120509e-02,1.554017172488351495e-03
1.298044517378097173e-01,1.229967713693790737e-01
2.627890826275177116e-01,2.472482226998120036e-01
2.312523322971950582e-02,2.907385690683456439e-02
3.940906102974364722e-02,9.021213806880783170e-02
2.517455724577347467e-02,3.602984176430603681e-03
4.376562725129398624e-06,1.410947138141822486e-03
5.649743896567962359e-02,5.570213315688208461e-02
2.787223591255300059e-03,5.453355029780030338e-05
1.360675159212441053e-02,1.601396994916021166e-02
8.577466861221202943e-02,2.695042449842655410e-02
1.372549966321288117e-01,1.740262965080718593e-01
2.250122875715228430e-03,1.297331315385230957e-02
1.051000196620405919e-01,5.534783665005402892e-02
1.099550693079405228e-01,1.139925983877121546e-01
3.019672407550585969e-02,5.682150224218941725e-02
2.580986868376484167e-01,2.710732890521091454e-01
4.617463832710749089e-02,9.208781897394283100e-02
5.507824841453885789e-02,3.391551273698881208e-02
1.373147070177198892e-01,1.922424936478499269e-01
6.662354490088591152e-01,6.757820596277920311e-01
9.941225901920909547e-02,5.188596447160598313e-02
1.809672543245083266e-03,3.178454492794776601e-03
3.672642805555263040e-02,3.688682907966812224e-02
6.343633738371782550e-03,2.442589198651217222e-03
8.654754327697822269e-02,8.334561818177424475e-02
2.938707680277989343e-01,3.326440916855452068e-01
4.584100651067810617e-01,4.407747870475239860e-01
4.495250878629455764e-03,1.718382408653593455e-03
2.716093774106157367e-03,4.015576433504464832e-03
1.123112387099676618e-01,1.615037764775792972e-01
4.165861884913287655e-02,5.875492677171352540e-02
1.832063868376126656e-02,6.248300147727091011e-03
2.720185324340886404e-02,1.428118012773756107e-02
6.896714903299214217e-02,7.059702643051381232e-02
4.653127381131331314e-02,7.560120015983237685e-02
6.895041600436463761e-04,2.575990655427821846e-05
5.301649921766309753e-02,3.456300920672157606e-02
1.926175789410547456e-01,1.849115058296304237e-01
2.665524893137635309e-03,3.950788952678667074e-03
2.035161633200798306e-02,2.716887726800344682e-02
8.240212363423979336e-02,1.273397079876236182e-01
7.980151490108031154e-02,5.336132408321232062e-02
3.429172230701182955e-04,5.600795059591006817e-04
8.314231286175870206e-02,9.596372526724995800e-02
3.091037706427841592e-01,3.496760040638651756e-01
1.422306228663910099e+00,1.350942486214069316e+00
1.429992582533574641e-01,2.286053823296301524e-01
5.099323501115725632e-01,5.602597750505627916e-01
1.095221872754046939e-03,4.195304098477400240e-03
4.194748576012827801e-01,3.972626087843521558e-01
1.346818037635036103e-01,1.488382775153335724e-01
3.581023639053020347e-01,3.550612207575625789e-01
7.110205646957501457e-02,7.578925347546744407e-02
1.190675047809892396e-02,1.406180857930552225e-02
2.785156726928957049e-02,3.800452665978186484e-02
2.072584772843998058e-02,7.923977820544766265e-03
1.285339129574674943e-01,1.123257651083437586e-01
1.700164238957472540e-01,2.299975450871909743e-01
4.122159790580535721e-01,3.925381745538064626e-01
3.315918334723184230e-02,1.933060530612054975e-02
8.942853804647507565e-02,6.910934972385028574e-02
4.831508402261976143e-02,7.062257264834084780e-02
1.825657832210442200e-02,4.929092160346385844e-03
1.369327161261034709e-01,1.140718796512515121e-01
2.023667035059696293e-03,6.714922163457263254e-03
1.809658637085029831e-01,2.002037203142621735e-01
1.127499164475697160e-02,2.418099798381874790e-02
9.068830385334229749e-02,8.316287775623597278e-02
2.039523788657824147e-02,2.612766496490260756e-02
6.097516134934808513e-02,8.735680749595564620e-02
1.286988593638933561e-03,3.161522798619177677e-03
1.331756612182677900e-02,2.528961813316604398e-02
3.766138593113755317e-01,4.182375155471451111e-01
2.826368964778299131e-01,3.381209593600854602e-01
2.715542925626195925e-01,2.926447245858047608e-01
1.159998877047817567e-01,1.073881176305815088e-01
5.894512116113359568e-02,4.095212826827089592e-02
7.637424876747635726e-03,1.176784190488630068e-02
5.308116239915371404e-01,5.705340128192150084e-01
4.176964613115424774e-02,5.008759465011042994e-02
3.032578334698353417e-02,1.218852760784196188e-02
5.493370313709989433e-02,5.357883342947124261e-02
7.661493390842849527e-02,6.204310501488854296e-02
5.109636917341517370e-02,3.791357956002494589e-02
3.456940477407879908e-01,3.344074221611730846e-01
1.800792683662570948e-01,1.958964200560298630e-01
1.826264263034300473e-03,1.201433112342459352e-03
1.513423082089104463e-02,1.853348205328605308e-02
2.502506838889237851e-03,3.865816152604118795e-03
4.542451143400186124e-03,5.661808451949190202e-06
1.594203173901489190e-01,1.566802657196674775e-01
1.059515901711645530e-01,1.008209148723912818e-01
8.642246328811170608e-02,7.076076544455407735e-02
1.048207471354148379e-01,1.550308411720534851e-01
3.712257062268323748e-01,5.381454348997150028e-01
6.736433987866677353e-02,5.522562368435084829e-02
1.118381830324150991e-02,9.666705437337412207e-03
3.847433463397925690e-02,1.929956746566369868e-02
5.339700807573833502e-02,4.726616124038544170e-02
4.010756658218882498e-01,5.086189911551625142e-01
6.000247104551739152e-01,6.904938965741900248e-01
8.667268910183592232e-03,1.221027943945894069e-02
1.273232265860918706e-02,5.327816861966878925e-03
1.400881905089039134e-02,6.435535748333791675e-03
1.777765563795037510e-03,3.788729438404687348e-03
3.225406892739943188e-01,2.976162454437874527e-01
4.687143141199537691e-03,1.298063537381670927e-02
7.283721578251135288e-03,7.803712935496794588e-03
1.248800597507425739e-02,2.163282763703856457e-02
7.266427505116981878e-03,1.396728616689829616e-02
3.241337302293394174e-02,2.280448457989619690e-02
9.783103014836318223e-02,6.213073039890274624e-02
3.488609648381203743e-02,5.563796217461029064e-02
2.974093632347972818e-02,1.843995769458259965e-02
5.334990698602436882e-02,4.178829789334727318e-02
2.301147424468311664e-01,1.895220143799935530e-01
6.632000155142624143e-02,8.063584797015323213e-02
1.674846852280514331e-01,1.244058634871906543e-01
1.332754825742179031e-02,6.123784680117890129e-03
7.010676727781603185e-04,2.172509439965809429e-03
1.158164543423360060e-01,9.054238555767661623e-02
6.709698234756616975e-03,1.556809681525077619e-03
9.128382258710971905e-03,9.676147235667601279e-03
2.445818552409435576e-01,1.612471876369465928e-01
5.703813716819500224e-02,5.645081214542081033e-02
2.373569828718067043e-01,2.177987152268056892e-01
1.578043864019318052e-02,2.936541873131078006e-02
5.766945892075622249e-01,5.317062763784824453e-01
8.109889649819568280e-02,1.250201789040594758e-01
1.377797832742926609e-01,1.329381014386269710e-01
6.480909755759198905e-04,2.108723119213648349e-03
3.187313443998724717e-03,1.118835198561860152e-02
3.985024115954544088e-02,6.862846156091732819e-02
5.808306799279689542e-02,7.153033445485387776e-02
1.622949960405431491e-02,6.101794738249875089e-03
4.483557786015200386e-01,4.066780193383516817e-01
1.387766122992411741e-02,2.253739240256967882e-02
2.408183593263910592e-03,1.052027670876313353e-03
1.826489422289896182e-04,1.460601749808076424e-04
4.707589382041128812e-02,4.636952275396626078e-02
5.962220757797587201e-02,1.157761608813589610e-01
3.407576073341906375e-01,4.382102619505740537e-01
2.172830393522891534e-01,2.353209536996193341e-01
1.578112395843987437e-01,1.193592448711083831e-01
2.169373210033877508e-01,2.632477470681778287e-01
1.102746338297033585e-01,6.855153706458240459e-02
1.998831394737736744e-01,2.078219030096649378e-01
4.795926173421262706e-01,3.871795283191732939e-01
7.803954786297511576e-03,1.787625407482928280e-02
1.442671042037543014e-04,4.823821715969701766e-03
1.380640405382958097e-02,2.883634198550323949e-02
1.537435537126507490e-01,1.401494867375351339e-01
6.227443530083346529e-02,6.953318276055961422e-02
5.339010394059469602e-06,1.019884776223254518e-04
1.376579442976690049e-01,1.299820821015266747e-01
7.547342416493327266e-02,9.653360399318589025e-02
1.124450672408906504e-01,1.413553664061888149e-01
3.450957535938284360e-02,3.406421809411717266e-02
1.854615273434741599e-02,9.650468652571853045e-03
4.241650025436401183e-02,3.428069435708239188e-02
7.649119532766984753e-02,8.573832854325023900e-02
2.303279701218128846e-04,1.198422434396718045e-04
1.270598279682570997e+00,1.235235229739806373e+00
8.632271907923402821e-02,1.095002899532621782e-01
7.984164087212091906e-03,8.297788495459748268e-03
2.747916276656498546e-05,5.870758914925287234e-04
1.239563715447586506e-01,1.313743116454150206e-01
2.542645950894092607e-02,3.365935422884319683e-02
8.733819793447946105e-04,1.394780978368092737e-04
2.541396433529818921e-01,2.075400310577348306e-01
2.274841959978052830e-01,2.605451661946333597e-01
1.902704493996792761e-03,2.012599692994307236e-03
7.097175736735557294e-02,6.690944238225834950e-02
1.341251894848961650e-04,1.238885084808132638e-03
6.523600972909518458e-02,4.794359501273522811e-02
9.641645417245991119e-06,1.708666821227389289e-05
1.371377499447636317e-01,1.710701928120984261e-01
6.246645833484532062e-02,4.526861990626081245e-02
1.284202658979685836e-03,1.701609895952276106e-03
4.793011072391284433e-02,6.012514909316537398e-02
1.085207819000417739e-01,1.113124843303771039e-01
8.882150194818884403e-02,9.162451461639292694e-02
4.365984451213399435e-05,1.624862200700006570e-05
2.953591997769510272e-02,5.816663767800097501e-02
4.411189889897975530e-02,6.484025887297949209e-02
2.361807516020306419e-01,1.971126634586209125e-01
2.865883223652730943e-04,5.565789256779575273e-04
6.744145657613794149e-03,2.373305576086462768e-02
4.220067697703371729e-02,2.319752177636774659e-02
9.558839581960744403e-02,1.161791111170458884e-01
2.277718432877245741e-04,4.233955264135121944e-03
1.003372123577343279e-04,8.326333759280137026e-03
1.015199885839020433e-01,1.068798240462828925e-01
1.209534799392483241e-02,8.129768045088399051e-03
2.112742832989810693e-01,1.373094295257321351e-01
7.990923424858801388e-03,1.379981168522872656e-02
6.369831854907161833e-03,4.522302402693136394e-03
3.777974547967527172e-03,3.296836089689808135e-04
1.419118213603592082e-01,1.435751298264435760e-01
1.183292139449548634e-02,1.258974776532239756e-02
1.214923452333482867e-01,1.577008779452821197e-01
1.030267196214124667e-03,4.758364268923716799e-03
2.713017626921660624e-02,1.139070038553027103e-02
2.186560969947702604e-02,2.887123767738320260e-02
1.037143716865800702e-01,5.200816170348770279e-02
1.276959130804198039e-01,8.288496402848853639e-02
2.616815316916530545e-03,2.431890263521692234e-03
1.194152409889128602e-01,1.233304437992129854e-01
1.308728319159183084e-01,1.862593125624419366e-01
9.247950717823776312e-01,1.054191601894846286e+00
1.296002674177195724e-01,2.062427266525068692e-01
1.315358359167450794e-02,1.714418184356613847e-02
2.816190057151183104e-02,3.331843115089783147e-02
1.103478806874040249e-02,1.039451000136347274e-02
1.839420737668824857e-01,1.567812644992621074e-01
2.273361163971584012e-02,1.241968687673778056e-02
2.964473699168065357e-01,2.650279982431023584e-01
1.621670025138658988e-01,1.002667090599508176e-01
1.717792635199545948e-01,1.846979046855535267e-01
4.300854747066439748e-03,9.511627109775638161e-03
7.727915649789997288e-02,5.848203166114843143e-02
1.198109652210836706e-01,8.566840586728699525e-02
1.743959196079941099e-01,1.689835951298048755e-01
3.359752996953044996e-02,2.131699729761039538e-02
1.201978184458662655e-02,1.956132885829032705e-02
1.765078635093019974e-02,1.985772884492278262e-02
5.260449833329020747e-02,5.092962710176165975e-02
1.474942462087985295e-01,9.770829443771736345e-02
2.506269843126014349e-02,2.991077023768639806e-02
1.096176762991036141e-01,8.411596750870209416e-02
2.057203287977081851e-01,1.718887331269326468e-01
2.277879943213107217e-01,2.410371473270333798e-01
1.257497905509245006e-01,1.252781584958276295e-01
5.952066165819988597e-03,2.853653065622033681e-03
2.332616796531754577e-01,1.853602316654451854e-01
9.441376675327716947e-03,1.689744759366156035e-02
2.867825583343179829e-01,2.929538812388228775e-01
1.043506669913331075e-01,1.332663029162538537e-01
1.667855369518883232e-02,1.005671914566506550e-02
4.619099418372733801e-02,4.836140583322546399e-02
3.365054361394275162e-01,4.262174499186583976e-01
9.676774211639077973e-04,2.944137384806010289e-03
1.939558538800373877e-01,2.060109815074452344e-01
7.076009110790305867e-02,5.088541460527910842e-02
1.994735161024654146e-01,1.110871481039084480e-01
2.702411154801371840e-01,2.884819353630448946e-01
7.956923015265767081e-05,3.539032183031210962e-03
9.353847731017024894e-03,9.227330369513538424e-03
6.075011901566582107e-02,6.763578485823325270e-02
6.794633245986508863e-02,4.479600574017089665e-02
7.136486291342794552e-02,1.123360919492952248e-01
2.666410414539205354e-01,2.533062055066994667e-01
1.048463695976239226e-03,1.796799062301949156e-04
9.158149777420349080e-02,1.152232435231320545e-01
3.133907633008805541e-03,1.795225665937400178e-03
8.410646361332523718e-03,1.003361471443862604e-02
7.198637788074990166e-04,5.627762438557520723e-04
3.524621265394281121e-03,1.727767024893800624e-03
2.121131273555297916e-02,3.273402982316066506e-03
1.397974679094470180e-04,3.548005459996438418e-03
1.347426709949215429e-01,1.225873660788588948e-01
9.302056020329116381e-03,2.271384931530218143e-02
1.049347418761064406e-03,5.180027227359161254e-03
1.103120557817023478e-01,1.299214533069793232e-01
7.727578922391677152e-02,8.288348267524454915e-02
7.780327292740031597e-02,8.127600856999663004e-02
2.225482895107687986e-01,2.517434122404478836e-01
1.617418493270519064e-01,2.060703743998264503e-01
1.637822209553575770e-01,2.298169310150304789e-01
1.304760313007965189e-01,1.215887916913621497e-01
3.979167225147351994e-01,3.448008367270958274e-01
4.677302162975497946e-01,4.867608043886877400e-01
1.677701071370538838e-02,2.731880125748709955e-03
1.744648023396350722e-01,1.605109487627326970e-01
2.168563824740214058e-02,3.248844056445023692e-02
4.513190434142898277e-02,7.439963284888434503e-02
1.458740389115939784e-01,8.750117244696203889e-02
2.571436683494578435e-01,2.518694427831194571e-01
5.711151873239683763e-02,2.137734010947929877e-02
1.571866827530407629e-02,1.911336168613182382e-02
1.396025636809810515e-05,3.079528287380638163e-03
7.598174312877750691e-03,2.341000147138103116e-02
3.037984290945577523e-02,3.246224890404370705e-02
1.717245860849535011e-01,2.031018601032007209e-01
7.686491570207903967e-02,1.349536117611823405e-01
9.180012515332080375e-03,1.889371553123186942e-03
6.901224616836311443e-02,4.292527290659288453e-02
1.377066702865800407e-01,1.406838074915111592e-01
1.234754380570624865e-01,1.462756889272931460e-01
2.890447162579759966e-03,3.931486700730613820e-03
6.262934229814656403e-03,1.151181332689479343e-02
4.455913334227652647e-04,5.207862530286161233e-05
2.254779640230022142e-01,2.324646566273008141e-01
2.084656199312703573e-01,1.487225436244208332e-01
1.039012317020455711e-01,9.267440204134724802e-02
1.215431072328043705e-01,1.112648014174352218e-01
5.111592548080374929e-06,1.173635778294829972e-03
1.066313519702831031e-01,1.042926246726156581e-01
1.169252997639459724e-02,1.254350397479229821e-02
1.653405035747382290e-01,1.145720659165578720e-01
1.107848060788485384e-01,1.440528220494241562e-01
3.501161763517703085e-02,4.114954312829903482e-02
3.133896086204551734e-02,3.380848139269634206e-02
2.220029859377153198e-05,2.495601477795430026e-03
2.141388305792110008e-02,3.835793200549900833e-02
1.520798719945414823e-01,1.214079213934846080e-01
8.197860287119647458e-04,3.802812977304363771e-03
2.148124030334438717e-01,1.934308283744862744e-01
1.308830947847302029e-01,1.829208212811037071e-01
1.144912846849703743e-02,4.542270076305094349e-03
4.446988363159800001e-04,2.690288631928767007e-03
2.070092457269674668e-01,1.905861434897458684e-01
4.609428858533970962e-03,1.667253271787379545e-02
4.499938669975265398e-02,5.046363401887417333e-02
2.939609554589703300e-01,2.744516947370236326e-01
7.457825447971087700e-03,2.566730453230465364e-02
1.122992785942276278e-01,1.590351973484019632e-01
4.959061703952369338e-03,1.424815129352223139e-02
3.161363637154677719e-01,2.955379841457515533e-01
8.005105635558217372e-03,4.204577483082953772e-04
1.951129738593288532e-01,1.081029582405163836e-01
1.287192748381900675e-01,9.396499174687571176e-02
1.298304737472814711e-04,6.528573004215329880e-05
4.709355042585741669e-02,6.908099744486688454e-02
8.081535219032280615e-02,6.862828061423356663e-02
1.934132563079424966e-02,1.804298055454806732e-02
3.665116132172394937e-04,4.645291087563908124e-04
1.857593067682385690e-01,1.174287530175749522e-01
5.381070617648567658e-03,8.953578174698349768e-03
7.071724665195185111e-03,3.676259467581197583e-03
5.647872712816238983e-02,3.957482260767165860e-02
7.841287266511521858e-01,8.977250853510065909e-01
4.693031205812701612e-01,4.304436429577582213e-01
2.890102985396088633e-02,3.626269058429658354e-02
7.185139032153461391e-01,7.793669489346428669e-01
3.657471414395991466e-02,4.228196190411624006e-02
2.364043809610032534e-02,2.993689144536471752e-02
3.820872058982757030e-02,1.960085318787661152e-02
1.380969171952131369e-01,1.243592505258695052e-01
2.053540551761942889e-01,2.875553380335937881e-01
2.455394780100683128e-01,2.276395176021852595e-01
7.477892109620237759e-02,1.067739067488711058e-01
5.966648154099638696e-02,6.395679385935511274e-02
1.505174679640968252e-02,5.091754529205937303e-03
1.159969172814502431e-01,9.975228282123707602e-02
1.246302729356880273e-01,1.570448766467928137e-01
5.015832756038716284e-02,5.243442210371877105e-02
5.089429619256638504e-02,4.952311768698199057e-02
6.637268178742243563e-02,8.130681737317044244e-02
2.361618297373769550e-04,5.968287655717276202e-05
8.382043945929180950e-03,1.513101222422800650e-03
1.015767256875949459e-01,1.256262075123806277e-01
3.659519753366264477e-02,4.681166778467591577e-02
1.548696177816184530e-06,1.671769912570471696e-03
8.449160904847490272e-01,8.403494237263002820e-01
3.263139463864576650e-01,3.974365884687459660e-01
2.350688931379276304e-03,5.001695212268761825e-04
2.635475881912692903e-06,3.810901439995878059e-03
1.221203120853408142e-03,3.223699648411644183e-05
2.484486481557729443e-02,6.835964253892403558e-03
7.025746632940985462e-04,4.302941628173968802e-03
7.863568412154101073e-02,6.559530987703743321e-02
2.877339091870864674e-01,2.550604786439953364e-01
1.003310988396787298e-02,1.692302044097401814e-02
6.641735978798060137e-03,4.526361396939426220e-03
1.269641984184018968e-01,1.340931792876410289e-01
2.182327039076979898e-03,2.905617520872451820e-04
6.840363764569347416e-02,8.902373510472066931e-02
6.377824487894367955e-02,5.011652642612279829e-02
2.939877988303651185e-02,2.204324738657064894e-02
2.046888115347446357e-01,1.487587998591596017e-01
2.145704519171941771e-01,2.788796436041351967e-01
1.118416614335221576e-01,1.221140786477489526e-01
2.204393513692506218e-02,5.583139709980668164e-02
2.326789186675371130e-04,1.468171634611383836e-04
3.764245551790452310e-02,2.412074414941422704e-02
2.374293579212684996e-02,1.003263127651388316e-02
2.613229711551512402e-02,2.305006300212876502e-02
2.124253419750717076e-01,1.998713132242068979e-01
4.688009343520692096e-01,5.769621317574998853e-01
5.664257453996841829e-02,5.289913573105771427e-02
3.081623538363968337e-03,5.262421094185728426e-04
1.013146948024018154e-02,3.064506620064340672e-02
1.826527836563667795e-01,1.233911658601541811e-01
1.175359275390716468e-01,9.086359752011106961e-02
9.547773645700534384e-02,1.339800537926233714e-01
6.609859045662438981e-02,5.789046263318525787e-02
6.818661498889212746e-02,5.792215290933958732e-02
2.072438826352047264e-02,1.293873743854496126e-02
1.525391602549423277e-02,1.182894278870893177e-02
4.858651736126539666e-01,3.987079928902200754e-01
1.620143322926574370e-01,1.319104572467042769e-01
2.136111733012934204e-03,6.320360738381086869e-04
2.026150459446876828e-01,2.060247711922340019e-01
7.837311218896077496e-05,2.076996165094119589e-03
2.490593033002539911e-02,4.100726319205141163e-02
5.215391075058928294e-01,4.572648905452902368e-01
1.735361923952982721e-02,2.719746814283036454e-02
8.332859019112478713e-03,2.015712572154303509e-02
4.551473355356728395e-02,1.058500426966318825e-01
1.400205157756978513e-02,3.499252391346183155e-02
1.207853254254057616e-02,3.276628764237784347e-03
8.544604169354472201e-02,1.980566044134241810e-01
5.409556157176278329e-03,4.695758801464257554e-04
5.422247401823538510e-02,8.389831933648354834e-02
3.831892424369700428e-02,6.373244025154634063e-02
7.227810190772673837e-02,6.448069208754488024e-02
1.652724565797508427e-01,1.263621415316036334e-01
1.485650964555044378e-03,1.409280453335844943e-03
3.582010064727931403e-02,2.327228441499488987e-02
3.549532966577705340e-01,4.241948150325825506e-01
1.200558691378065396e-02,7.627892205730215681e-03
3.899479535820184889e-02,2.263658538671208323e-02
9.560749303958700207e-02,8.865708455679839617e-02
4.117342149393626860e-01,3.858417910745416957e-01
4.622555923313482508e-03,1.551683894232287709e-03
3.835700590437244456e-02,2.588457460158056708e-02
1.183246456540154590e-02,2.732257479077253998e-02
9.358092420155957047e-02,4.685874494685458164e-02
2.543484165121153232e-02,5.067031445596534983e-02
1.420711043656829736e-03,1.288529825739143141e-03
1.112844543637626915e-01,1.580440866483434070e-01
3.816741753936116676e-04,4.932774650406512515e-04
3.142071095559166860e-01,3.404591458624812161e-01
5.558604892827550409e-02,7.153061781182745715e-02
2.009638575824209961e-01,1.517357278344912963e-01
1.347900928652681074e-01,1.535064408771886491e-01
5.486917803431811125e-01,5.230622680154974891e-01
1.753435306713038433e-01,9.935411371437698203e-02
1.197152717913485404e-01,8.663947225039884958e-02
1.468017652207513346e-01,2.068225738723701301e-01
2.710393707653566565e-03,2.512425387739623817e-03
2.136411455899459022e-01,1.958992101723190105e-01
2.215641519957700558e-03,1.722669374414388622e-03
8.416140075314029745e-02,7.119071475435863328e-02
5.774472686395522303e-02,7.984468352880429165e-02
1.956639550687180040e-01,2.254713986782206359e-01
1.212511172964395867e-01,1.470815604044116154e-01
2.216368883486927648e-07,4.655900790947251414e-03
1.458698851745701339e-03,2.576710574368080140e-06
2.523090706353459112e-02,2.637200234859250411e-02
4.353136318877802169e-01,4.697469129311641067e-01
6.062305862379716026e-02,7.063607191488729953e-02
8.629135882347994668e-01,8.740457774139257507e-01
5.387199968234460679e-01,6.731332829494792724e-01
3.531019240006479792e-02,7.288353530308552819e-02
2.647978639066263240e-02,3.064737758215506022e-02
5.162018259960018951e-02,8.368782424811627152e-02
6.993684539669070555e-02,4.635900465140076893e-02
1.385750736034059702e-03,1.420871029716057289e-03
1.123857376874011771e-01,1.202953282884190872e-01
1.119074500610216100e-01,1.667945547434250553e-01
2.919195041409047148e-02,1.715253493157650397e-02
3.627520909034044616e-02,5.096575096439896063e-02
7.118918792680756225e-02,4.500703967314942378e-02
2.663332571964958650e-01,2.514508167000495953e-01
2.227904976559099380e-03,3.135820122686707682e-03
1.640077618489322875e-01,7.805958151662970024e-02
3.345167038404071591e-01,2.927604955201833503e-01
7.752189943867700272e-02,7.715247929015511819e-02
2.190683199287366684e-02,2.004384259070991076e-02
1.855801550739246894e-02,4.453884069543953897e-03
5.977125458230263255e-02,4.898328494427379998e-02
7.100157882054559944e-02,9.059470312144296544e-02
3.923449412007079355e-03,5.324600655943418151e-03
3.185035049222922909e-02,6.802817100233213288e-02
1.872637863622826637e-02,1.892516271994505728e-02
2.318489378385050481e-01,3.012937803370382972e-01
5.678239118066415007e-03,7.015108127418442051e-03
8.382409113226188535e-02,9.008794739653583350e-02
1.789030820238639297e-01,1.266310121672038214e-01
5.041815426484701906e-02,7.264569747925708754e-02
9.712087770193225710e-04,4.562138933284794925e-06
4.412691738703523974e-06,4.736878663988510797e-03
5.089858331145109827e-02,6.778681271694272925e-02
2.155702090194986688e-03,3.496009491431205634e-03
1.898525829794354414e-01,2.084777309107106458e-01
3.443100422432301966e-03,8.213681039597672817e-03
1.144916518817165191e-01,7.645895641775123097e-02
2.367463005922127925e-02,8.848178115198680402e-03
2.174652122101886770e-02,3.656400873740292979e-03
2.219223775557107453e-02,1.847420745404064479e-02
7.089604620522824141e-02,6.542611907445167185e-02
5.405641802920324937e-03,7.375689682657916683e-03
2.929649468351411962e-02,5.389951534905357278e-02
4.529430991883307001e-02,4.907893661813999414e-02
7.800829879017483204e-02,5.990590753588589251e-02
6.027550901570859904e-02,8.138249255936128024e-02
1.979729478732158467e-03,1.665381417110682431e-03
3.731110344020036572e-03,6.005057873215604268e-03
9.781025172243979979e-03,2.181410338458177403e-02
2.552049630626058128e-03,1.124070928844784351e-02
2.095111919666279021e-01,1.975090331685687983e-01
8.107361633457395300e-02,6.777915979085355480e-02
5.484484137732380943e-02,6.409357759757453032e-02
1.536802139082870527e-02,1.084920547284954490e-02
1.374751111354408917e-01,1.697324408602094159e-01
1.468802442409490039e-01,1.476078409040516848e-01
1.254067257285877146e-01,1.270572612861704809e-01
8.323406485857866299e-02,7.806689606784163182e-02
2.058472867154605701e-01,2.025645106024423492e-01
5.189462786144538944e-03,3.187256897621410651e-02
1.062841515370456652e-01,2.471393063429644377e-01
8.332987491140393665e-02,3.527587663209225816e-02
1.780913997231892421e-01,1.543042737487974603e-01
2.025081096409806214e-01,1.549639382151784539e-01
7.259040721418886892e-04,1.325613595187174728e-03
1.186448068668422701e-02,3.202590532921982536e-02
7.087340085183903293e-02,1.247384064864088121e-01
7.735975120722902998e-02,7.696349998254055358e-02
4.235914923628449763e-02,4.491996068367110767e-02
5.594375385404136078e-03,4.828701377779171574e-04
1.338926974363376932e-01,9.855560941322140389e-02
7.539425235147244764e-04,1.531652008447626162e-03
5.205455136649020549e-03,6.654903317337890548e-03
1.247159340581191489e-02,2.533997926155088024e-03
1.219817358598757019e-03,1.256884213291666573e-02
2.589516895802042654e-02,5.857253813742888116e-02
6.233933753988069558e-03,2.127486764767269525e-03
4.350018384990017584e-02,3.909550436337633217e-02
2.287396213140680673e-02,5.101124221039567141e-02
1.074506129700287388e-01,7.491450387247464149e-02
2.227114137187873322e-01,2.547595874004349170e-01
2.819499702980821088e-01,2.490689943232900216e-01
2.789431367692832286e-02,3.564392377464673661e-02
1.373746469577208917e-01,1.578061857730802264e-01
1.716437756794321132e-03,1.257151923354963207e-03
2.215166503310753122e-04,7.879025369005232191e-04
9.560795669365105415e-03,5.176777126108500189e-04
6.409256036777699617e-02,5.095882414561788559e-02
1.679375324776811729e-01,1.677037332924948276e-01
1.831982386165208199e-02,1.821470868145943015e-02
5.324013877637425433e-05,3.828079550864894355e-03
1.775603238206977961e-03,4.643248471112604650e-03
1.081805831140710411e-01,6.821787814717442111e-02
8.883062211651546192e-02,1.051883747385250339e-01
3.261141803429670294e-04,4.794354724821417018e-05
1.102016034683775229e-02,1.791893180058409460e-02
2.265189960018590062e-02,5.629686007382712215e-02
9.926201691538383276e-02,9.355460271249325943e-02
2.521170487217823386e-02,2.665178785343759113e-02
7.590243807028586309e-05,7.368601210741175175e-04
9.214199200723169336e-02,9.056586757083021078e-02
2.153331049912683703e-01,1.975498639886171248e-01
1.986249264319753793e-01,2.319039932608528143e-01
4.467883065582223755e-04,6.881955579272037386e-04
8.477506450514039806e-04,1.119770296378531493e-03
3.927030259582973970e-02,6.094039592673122785e-02
2.240580487525241013e-02,1.860504187824175287e-02
5.635303844551885905e-02,3.221524116006614646e-02
2.446974756537723811e-02,1.439584366862318998e-02
1.752337755317878720e-01,1.862429327599103290e-01
2.972936822741490304e-04,2.992601966426955396e-04
1.363104211054397830e-01,1.126623192090803888e-01
2.065614607154808713e-01,1.507619019767294510e-01
1.614981347869292108e-02,7.601779790647934625e-03
8.378161363605998030e-03,2.755240296152419027e-02
7.638116385117655997e-03,1.783230493869733535e-02
1.443829741651719845e-01,1.436882812034622481e-01
4.361498346126495007e-01,4.498856802401365318e-01
9.358380457209192205e-02,8.413574380186837620e-02
1.424814900837590992e-01,1.574354111324480776e-01
2.186370449933380533e-01,2.563666362457501235e-01
2.716090634417480786e-04,1.902914160414687734e-03
1.567251027232447469e-01,2.363585080503717295e-01
2.168419477317825583e-01,2.139389443152667492e-01
1.335714679939740968e-01,1.573794858869416169e-01
8.864895714124042259e-02,8.859611940885607495e-02
5.487297701488159651e-01,5.523119453449153449e-01
7.847373243451101488e-02,5.554057319761216555e-02
2.838661181793999608e-02,1.832510139476015154e-02
1.674117378538591237e-03,3.241889631753842242e-04
4.632105706677103890e-02,4.926292385367277149e-02
4.373275228226141537e-02,5.172774122443875994e-02
1.601430013543967135e-01,1.514533989544152304e-01
6.889743262072905994e-01,6.216625524634195044e-01
2.101457816473970355e-02,4.294698190141289090e-02
1.798832969722593406e-02,7.025585121498212522e-03
1.163789686215850883e-01,1.244757787567660617e-01
9.602968426539836011e-02,1.222087149704006032e-01
2.554342649805694254e-01,2.672128740703671457e-01
2.525550280938720568e-02,3.369808338899410449e-02
4.308229946895413692e-02,2.975240964428663148e-02
1.923000225731395785e-02,2.082216092613561192e-02
9.440948608161666214e-03,7.449216252304421103e-03
3.111807619604473607e-01,3.564077124721705681e-01
2.154522684969273870e-03,1.647537978863821079e-03
2.191658461793784540e-01,2.036195688924639646e-01
2.214444826209022431e-05,1.604398522436179214e-04
1.795367408528945885e-02,2.639817109055466252e-02
9.960217325978008472e-05,6.458520342874045491e-04
6.120237681299975363e-02,3.537233544623848841e-02
1.616473109996909296e-01,2.194695886027010490e-01
3.762571156857249383e-02,5.193236101418378242e-02
1.625933468495387516e-02,1.528855321635242195e-02
2.435600971009918743e-03,6.900152320433333188e-04
1.173903464229938409e-01,1.008887566100037797e-01
1.244416821212672858e-01,6.613323687516967087e-02
4.970033432221455678e-04,2.066274794850961414e-03
1.249622556818799982e-02,1.186402830130441934e-02
8.663233706826935221e-02,6.454345244839174156e-02
2.570785968519177962e-03,6.187189361204431005e-03
3.251241971809613607e-01,3.397243201745402397e-01
9.164398453304731240e-03,7.664132918088430082e-04
4.900674493512516966e-02,1.055583145898437714e-01
2.565993241883517406e-01,1.822321500935689953e-01
1.324655244194132683e-03,3.230855651987935354e-03
1.381632260778139221e-01,1.659169440277207253e-01
1.139000690407324622e-02,1.206738762182511283e-02
2.680956967642705163e-02,2.773088399821173333e-02
4.519957413264020889e-03,1.280937537349122017e-03
8.393729232106614258e-02,1.176754590655124527e-01
2.421808771651069768e-04,4.432552319562938371e-04
9.155790197955950005e-02,8.499381432914103474e-02
8.404609141630776936e-02,7.982288520192794279e-02
2.376532901470852169e-03,1.470902899382582466e-05
1.193374715080038756e-02,4.451307008561166366e-03
7.375441342689850743e-02,6.087347045605669138e-02
6.815220119671117072e-02,8.315535975183624418e-02
2.128368440697501335e-02,1.472843946606248143e-02
1.472038809221586260e-02,1.098447649944227222e-02
1.016705831281894791e-03,1.262488064899941996e-02
3.843622821146581298e-02,3.952240145145215211e-02
5.792017524539408435e-02,5.459387658947357364e-02
8.103648897178367116e-02,9.646320365935771857e-02
2.832696447179058191e-02,6.353449084410200953e-02
5.015687685913493982e-04,2.532851366405241569e-04
3.618155980435522334e-02,4.112104704285752393e-02
2.334151930741909316e-06,1.670192103980610394e-03
5.075645243132397184e-03,9.022547663405640003e-03
1.562067758224995259e-02,1.303625883132272095e-02
2.437521559361599810e-01,2.467007712966985955e-01
3.260699595019535529e-03,9.436315109762147962e-05
7.708752653217840201e-02,5.522478785130126994e-02
5.227257304976193342e-02,5.269798571834544837e-02
2.259916765687415285e-01,2.114868129641071237e-01
7.389480083060114002e-02,7.731499551421333605e-02
1.048443019121760439e-01,1.082440853790275215e-01
2.181258352761885830e-02,4.856970815103496542e-02
1.262443025280029010e-02,3.444353590353321781e-02
9.133787269421826671e-02,7.439910611295556808e-02
9.658417376115471797e-02,8.132332916326551198e-02
5.292278680295488952e-02,2.243109847918475439e-02
5.614122731772562547e-02,6.372701042748676881e-02
3.365281488461107501e-02,2.553193661012896978e-02
1.307414001345545002e-02,2.088772750463125522e-02
4.273288395691222930e-02,4.482443460172903099e-02
6.819329692788003716e-02,7.445507985314270272e-02
1.596871177970888844e-01,1.483256829507599850e-01
3.048436946177607645e-02,4.988054391291695672e-02
1.500079511426302414e-01,1.003620541632659902e-01
9.055602463752706862e-04,1.478865948772689100e-03
1.259986373795171123e-02,4.054015975273812453e-03
3.872802295042229725e-02,3.664186348741368948e-02
3.939842428558470999e-01,3.907018530810757451e-01
1.215796329415819443e-01,1.350952473497640249e-01
7.424196528477100543e-02,1.123660350799052382e-01
4.509189084455890451e-02,2.178761796904666107e-02
3.237962750600624218e-01,3.699967392578258352e-01
1.447069965365643286e-02,4.776111381989248811e-02
2.709495720052274449e-03,1.628483550327996035e-02
7.735006427386949268e-02,9.160904757203361393e-02
3.024266580911926239e-01,3.116757358268704148e-01
1.673164268995827875e-01,1.450552571190452111e-01
1.046201411611867860e-01,6.464735232160886969e-02
1.244801479645380182e-01,1.606480115480692916e-01
5.520040868402557692e-03,2.015997630383497142e-04
4.506134198752200781e-01,4.193294435129026887e-01
6.160587229919913324e-03,1.661638567387710083e-02
8.932304500406970660e-02,1.024938349690148048e-01
9.852855353793920148e-03,1.474297474952436689e-02
2.729281095595102388e-02,2.879234460234136525e-02
4.285490373211880977e-02,2.781399588751290800e-02
9.579610263728761607e-03,1.092559300173417914e-03
5.867808406587617931e-01,6.234066127412997149e-01
4.430472893319431504e-01,4.348962883123955181e-01
3.895374956299829661e-02,7.571232882967110500e-02
3.107348308923721381e-01,3.373922066219031124e-01
3.288109458422407844e-02,3.412803851684572537e-02
1.245943838929039899e-01,1.161656341750244154e-01
3.203636424349749767e-02,3.690021154501788719e-02
1.622801402497311696e-01,1.407623610384373947e-01
9.363940687644849159e-02,5.242213815125482124e-02
1.029165877837678704e-03,1.678858290787572154e-05
1.616351265065908011e-02,9.834289076494095311e-03
7.432503309076631502e-03,2.999241929393976075e-02
4.154704661880995187e-02,2.999097194078235995e-02
2.382010354496447990e-01,3.019555370951809148e-01
4.417888163894532344e-02,7.857212137572132382e-02
1.202921229889295299e-02,3.778779347861382400e-03
4.918165110836972970e-02,2.565674358452291540e-02
9.791615090768708562e-03,8.517596515429732423e-03
2.816149087059112519e-03,2.451519931295235901e-03
2.353098251976432770e-02,6.379469898876261036e-02
1.166492407479670923e-01,1.151503586417289837e-01
1.133012613354760466e-02,1.224791250954796742e-04
4.632167868029806596e-02,4.714978777028193402e-02
1.877300694651848345e-02,1.662863860750642131e-02
7.046561566619067381e-05,1.778251827281718397e-03
5.814941740833476716e-03,2.040255968550988477e-03
1.185901647016249366e-01,8.980779601624830355e-02
6.696145723232191371e-02,5.976283366166310757e-02
5.940078209054409225e-02,6.050941630208138411e-02
2.274893846169427983e-02,2.893554302641468748e-02
6.518302881120173475e-03,1.566916907333253464e-03
1.400968628082866207e-01,1.109836739687939389e-01
1.941380026584309249e-02,8.532992703229838605e-03
1.275226981041140129e-01,1.005169684494202076e-01
3.784685072489155089e-02,6.059332250990351332e-02
7.778292180165223557e-02,1.193737830845497949e-01
2.008778409053975644e-01,2.072586980226241438e-01
2.894436425882293551e-02,1.356409009840214668e-02
1.049835610216128846e-02,2.269542739331696819e-03
7.390906053411649707e-04,4.159233292007148198e-04
2.491711468624860371e-02,2.004011659543581889e-02
1.998140129593752382e-02,1.590265196054108793e-02
1.210410256100002691e-01,1.056568599631174110e-01
2.776503205348736514e-01,2.791011744654646187e-01
1.528326686601431776e-02,1.044552474536930911e-02
1.151316318275529399e-05,4.348390397995116835e-04
1.824561489932751968e-01,1.597446132091167315e-01
6.209254639229259271e-02,4.681514116586405622e-02
1.481216581022890000e-01,1.660950359365261642e-01
1.862106832454658509e-02,6.167610198298426744e-02
1.815794260543390770e-01,2.306229884348115766e-01
3.214732131336394128e-01,3.386949502910393539e-01
2.062463948115489387e-02,2.308005494291381562e-02
4.418242403892776171e-03,8.238301386623155757e-04
1.869579651118129515e-01,1.962274396897730477e-01
1.955370622309783590e-01,3.008335399949843558e-01
4.069462820661356312e-02,7.056409085264590819e-02
3.127326498988951542e-01,3.502103103642351667e-01
6.409990821534923382e-03,1.717328063699704449e-02
7.198269316107873362e-04,1.248918248573759352e-03
2.642403068998297466e-02,1.803209897921324509e-02
6.631392605425485975e-02,7.204802614087443824e-02
1.929501804752773719e-01,2.709188206572498703e-01
5.914209903284652937e-03,8.461461192098665082e-03
1.656944174683942436e-02,2.073288128717865400e-02
1.697920225630329683e-01,1.530871748614608951e-01
3.599996031362904803e-01,3.720684186630981993e-01
9.989487813854008511e-03,4.210385631107001377e-03
6.315603730424623752e-01,5.841300371329182228e-01
5.190710969715169563e-03,5.541525243919391899e-03
3.477081367998469119e-02,4.493217206868251740e-02
4.575324250232891410e-02,3.267734057863964925e-02
8.570725807011822517e-02,1.960667410218693563e-01
7.896015103599360319e-02,8.033301926050739894e-02
1.036843819378633486e-03,1.705891602938262516e-02
6.338512683179033103e-02,9.542221304101186630e-02
7.903348973116626486e-02,1.432246577338582016e-01
7.968349470644947336e-05,6.387973794602809681e-03
3.911616770623371243e-03,7.606782542962825175e-03
1.018768075073093415e+00,1.065371422418687208e+00
8.842904823973067249e-03,4.751325767286561363e-03
8.118472044672329913e-02,5.579281302933737641e-02
2.917388021847531956e-03,1.721716136892521211e-05
3.976697595094599164e-02,5.007288225960700168e-02
6.356018224618418255e-01,8.011187104759831534e-01
4.090394438833095531e-02,5.929175485380953903e-02
2.031964479448098576e-02,5.510926755228556101e-02
4.344111934298280561e-03,7.049616649166100084e-03
3.213165315262661581e-02,3.024334396114754242e-02
5.632290652706909428e-01,6.106307678490682234e-01
3.511771424823550996e-05,9.828357168345590311e-03
1.318391002343369083e-02,1.469760835345200641e-02
6.789950955099310903e-02,7.252862847572232041e-02
2.913185698864874731e-02,2.036051108712107205e-02
3.888519354858768762e-02,1.144967124391745028e-02
1.405591625564851614e-02,1.755090843900459011e-02
2.129630765153649880e-02,2.141344626091186767e-02
2.216970608256506603e-01,2.449618181177314613e-01
9.663394626283378086e-03,1.338283099191218614e-02
1.355202825031696402e-03,1.188068095363753572e-05
9.755318061116336620e-03,2.965581869151545646e-02
2.854727408505782632e-02,6.422580510920362917e-02
1.058984024733846396e-01,7.032392894227272595e-02
1.983944962677603244e-02,2.109522369348226095e-02
1.205288598149234329e-02,4.866959391306153841e-03
8.430980957760618021e-04,8.973321862057619114e-03
2.221905933101552683e-02,1.231958856370372370e-02
1.552137871159519622e-01,1.989494786625792822e-01
6.681548485657452449e-03,4.601216353152007515e-04
1.162202508544605550e-01,1.504934533913188377e-01
1.931458814058569506e-01,1.501194748890110064e-01
4.139116789275545071e-03,4.269836991947278601e-03
1.184935248566659216e-01,1.849612927463460677e-01
9.949078753794209432e-03,1.114222202832549323e-02
2.212958322193026572e-01,2.605066274583598407e-01
4.008067762113328098e-04,2.000200995758613740e-03
4.454180636470357613e-03,3.248679569397667447e-03
2.233930838652897211e-01,2.079651022815807160e-01
1.243748834350807270e-01,1.609583670720954318e-01
1.093086694205356590e-01,1.461592972254990019e-01
8.422650564736140766e-02,4.436109278441131842e-02
1.987538520114160221e-05,2.712162497938408446e-04
7.050767121463899501e-02,5.386019679242113473e-02
2.171848207008747478e-02,2.923468253957599641e-02
2.329058441232403562e-02,1.701402410481345218e-02
9.537767095578169457e-03,5.005175309884215239e-03
9.420159583766128317e-03,2.696318430590919149e-02
1.679907836364419316e-01,2.242430875042106531e-01
3.729376995551476285e-03,8.829317893380339913e-03
7.693046304793907386e-02,9.425048631450463898e-02
2.811239228652382405e-01,2.821217922210280671e-01
1.328480977688587528e-01,8.185311718950037674e-02
1.649623550945110151e-01,1.943697420209413995e-01
6.605346684817114955e-02,1.566121296408879149e-01
2.165423020977465945e-03,3.666153151637886070e-04
1.665953122121237306e-02,2.380725693589119327e-02
8.454767020083056930e-03,6.035719094107631563e-03
1.039533483221262294e-01,1.113812030224496513e-01
3.034970766880521267e-02,2.468932653113406483e-02
5.477755252918917184e-02,4.581331196147616497e-02
1.656939373771915136e-02,4.119940635411123431e-02
1.832335328759731805e-02,2.245418533076706108e-02
5.422201723921532546e-02,6.276996157293482370e-02
9.215946424315438613e-05,3.437016240156043692e-03
1.203095074730304442e-01,1.199088059133050360e-01
2.235631990368238536e-02,2.389290696016363458e-02
1.038409107507604068e-01,6.505802784757373780e-02
1.581016040950243909e-02,1.874505643930234750e-02
2.111336143245314337e-02,3.116492020773180271e-02
2.458971471409824097e-02,1.147070751415926043e-02
1.437920375689052434e-03,9.950161438873113967e-04
1.936094636249732119e-03,5.552358445338556690e-04
4.073074417556543647e-01,4.096444976473970212e-01
1.058786034378599167e-01,9.296961016844668135e-02
5.971431392409386890e-02,2.845215048458158216e-02
1.692786758390298074e-01,1.421136989638835668e-01
4.739856785304878174e-03,5.090030441985680422e-04
1.625663030587258528e-01,1.762739292501172839e-01
8.302563317514048691e-02,6.545006737511717410e-02
1.854443385267112428e-04,1.378470819618679696e-03
1.357186368977826183e-03,3.889680598521587178e-04
1.579412792183226139e-02,3.138304233781302743e-02
1.308196109117997497e-01,1.865074446038927913e-01
4.027650729342321240e-02,1.145489496582209610e-02
2.116731414763250163e-01,2.175326371056856833e-01
6.371112501377481641e-01,6.229966423770999517e-01
2.425662967769055475e-02,5.533028032009411346e-03
1.159039237644861609e-01,1.007548904242119431e-01
7.401374105615192434e-02,8.990653259914543893e-02
6.589432408577945710e-02,5.768617716356970460e-02
6.610862761129047971e-02,5.667840176732066859e-02
5.922842310022393558e-02,7.672478623267225961e-02
2.359765103388715771e-02,1.645952183960351645e-02
8.853561437893221059e-03,1.130338836177940953e-02
5.380900512991870083e-02,8.190562692950682788e-02
4.126904679020146132e-04,1.490829775847194371e-03
4.707702269064601569e-02,6.913825161887311721e-02
1.330935283072888220e-01,1.732928390466997870e-01
3.654060099191454025e-01,3.196802465759514544e-01
8.172975720587814796e-02,7.641969408465745794e-02
1.466253112014688498e-02,1.078470745129984573e-02
8.488726713022975989e-02,8.805881884286136108e-02
1.087306700091017139e-02,1.051586410114099292e-02
3.503216613892079501e-01,3.325996799744658783e-01
2.854601588872834328e-01,2.822655778564726603e-01
3.166738706210701082e-01,3.394820218893273567e-01
9.042183255782283019e-03,2.092837337463772374e-02
7.899069884101803107e-02,1.210233732190034439e-01
3.677131360664663562e-02,2.862791132059301635e-02
1.417655557118357168e-01,1.214826242024593800e-01
6.264287915135108211e-04,3.824107312283569430e-03
3.478750233723619523e-02,3.299615202883656589e-02
2.945874456868549304e-02,4.938011241879500940e-02
2.953103397708877267e-02,4.184523154305980208e-02
1.069955658207046578e-01,9.974240865419579938e-02
7.067505277313453071e-02,7.460314733814406296e-02
2.752859843931944606e-01,2.993070228426888413e-01
3.758181740597886511e-02,1.380573080508927693e-02
1.072696896666603950e-01,8.968913398010081028e-02
5.099443347113200714e-02,4.991863603713267428e-02
2.122350027620293036e-05,1.282160508939233492e-03
2.186875478399284700e-02,3.697747535148256798e-02
2.504390579266746464e-01,2.983602312176888982e-01
4.540978270562815583e-02,5.547362159214898336e-02
9.266591636910079602e-03,4.703009592750544143e-03
1.060725350124405303e-01,1.027460082284068627e-01
1.748233824807028103e-01,1.492184652659461486e-01
6.681808150932630475e-02,5.162851525875910425e-02
5.793326469057785005e-02,6.526720078503676914e-02
4.697779330824435745e-02,6.110661414693114440e-02
4.100973072461710513e-04,4.879438584838558489e-03
8.261247589906421662e-03,7.378994022045905730e-03
1.070412772954814518e+00,9.809385146101837760e-01
6.402318320478278535e-02,6.662163166774311140e-02
2.364390002737648197e-02,1.373060841474962011e-02
1.520399560710686548e-01,1.586842878692026337e-01
1.235666052170893286e-01,1.366880422790409666e-01
8.833473919312025135e-02,1.133434411233345401e-01
1.526804358084854207e-01,1.176822643634759941e-01
8.838957341247027921e-02,7.351177367640894522e-02
1.023467028806424872e-01,1.162048729069820735e-01
1.892652857920383916e-02,2.136401336127847009e-02
2.086155600360038026e-02,1.672206263162317325e-02
3.435724670298224287e-02,3.766228988069084821e-02
2.440717712814312323e-01,2.480814255268871671e-01
3.644284014751082559e-07,2.820015841075609159e-04
5.213630762257130680e-02,8.507417986023747825e-02
2.566746810062759234e-04,1.413295865484817020e-03
6.709133084506047062e-02,8.499986843086933253e-02
9.267943075017151533e-02,1.048450756848914311e-01
1.474021475805158132e-01,1.506774735958756883e-01
4.205653462773822904e-03,7.975633780308090046e-03
1.041875283985499792e-02,2.217018683835457731e-03
2.059549586940285018e-02,2.014340248982330727e-03
1.627303669256369711e-01,1.528408976602329827e-01
1.567440451400938517e-01,1.497011860422862994e-01
8.695447341196984106e-03,1.841072664888844523e-02
8.599150044347330670e-05,9.663826320394036223e-07
1.233109068438308503e-01,1.096119905259575200e-01
1.072428892094201280e-01,9.291434240727798610e-02
2.832550080794273006e-02,9.454469421116286007e-03
5.361922469289940457e-02,5.615080005454024109e-02
1.869829221549602627e-01,1.704398188538410186e-01
3.485264473986911943e-02,2.375445363863685697e-02
9.858573721838570503e-03,1.635869827470858625e-03
1.894187121662828030e-02,1.530389357016872544e-02
1.137528884041114491e-01,1.119242436789973927e-01
7.025978896752848035e-01,8.025848351777983281e-01
7.713201829895610651e-02,1.126947886381391151e-01
4.100340462693653071e-02,7.248455980053564174e-02
5.923599825633146104e-02,7.397521324173222945e-02
1.094831141101254290e-01,7.696049101554838789e-02
6.792732345661000801e-03,2.760629517994955123e-02
2.784772180400151703e-02,2.147132525631747363e-02
6.224641266135113454e-02,7.170003932829334403e-02
5.418315449708409337e-02,4.507808376580701298e-02
1.876426184778267128e-02,2.125498347044178782e-02
3.464033221788864747e-02,3.774527287707658829e-02
1.472950080842175963e-02,3.202893460021282585e-02
3.215055442405363728e-02,5.961124272462978851e-02
1.606635125276473144e-03,9.227178937594863670e-03
4.632035489991482291e-01,3.518259304502749374e-01
3.317220451954595167e-02,2.018890673921101137e-02
4.010945319018310574e-05,4.554065088112877499e-04
1.771231002383532038e-01,1.974930138976066785e-01
7.128087390229525307e-04,2.024071926856190265e-02
1.167719557576063147e-02,1.595400333364129647e-02
6.543806354888984053e-07,3.624017737870661917e-03
5.917765925411203609e-01,7.175795538922550287e-01
1.034122313381913988e-01,7.363792165295948711e-02
8.720794072607619685e-02,1.391152574795508912e-01
1.438840243789751838e-01,1.225525880434157611e-01
2.340356297756834847e-01,1.976560940433550739e-01
2.659286310747898674e-01,2.431562301638212076e-01
7.391497626823075040e-02,1.086664402613578273e-01
6.362317887006716487e-03,1.609490707085410241e-02
1.608706461202875082e-01,2.389094347081519853e-01
9.425794445437907232e-02,7.809704461664825070e-02
4.319612026675764480e-03,4.111266405055067491e-02
4.873010777672655107e-03,4.996177956989372379e-03
7.966338819321587550e-02,5.091605097177765576e-02
6.665646553124006390e-02,9.662170564949544571e-02
1.394732852002372181e-01,1.559918726847488446e-01
8.999318020672514296e-02,9.963930240293809859e-02
8.563671289358536221e-02,9.571599623130015722e-02
1.466739852004272371e-01,1.159247970495820290e-01
4.639037614118210473e-02,2.340635639755875297e-02
2.528551835829075806e-02,4.457426638240320760e-02
1.768101170080479678e-01,1.883844984606574957e-01
2.115091028943936677e-02,1.639403639666235646e-02
2.430862495252759242e-02,4.703116268349735729e-02
7.209191574392007640e-01,7.553173044699618144e-01
3.678735658650467345e-05,1.493981347334048370e-03
1.785717432813594893e-02,1.413257123426980670e-02
5.734210042966074727e-01,6.471845107487341764e-01
6.602112675047026868e-02,1.010993266829687126e-01
2.788311415359069970e-02,4.062730314046080621e-02
4.501291794133427948e-01,4.888001272019629750e-01
4.902564523172912641e-04,1.370293056279102330e-04
4.976904763621042838e-01,4.657673295046008133e-01
1.375357022556547137e-03,1.891869540411544686e-04
6.569397737200325348e-03,1.728960025255376481e-02
1.208364997422062409e-01,1.635719584996085108e-01
1.229950250387064764e-01,8.011988255037688633e-02
1.047869561343822697e-01,5.053403496326275279e-02
9.718387801896110484e-03,7.332160299171694255e-03
6.161590828542800463e-02,5.756831544550879837e-02
1.482502782506429050e-02,3.434704576761674066e-02
1.220664977032222959e-02,1.871455852378895585e-02
3.008591465318951608e-01,2.761168536486639513e-01
3.610667518706072582e-02,3.240179580249256258e-02
1.636305398958408097e-01,1.762557462906392536e-01
3.945997745335341061e-02,4.230095011509913544e-02
4.383981230401701179e-02,5.133862609106381453e-02
2.106465942486085343e-03,1.183858638281584316e-02
1.117198445799155178e-05,9.348568829846635326e-08
2.511558147570072119e-01,2.086905630268534317e-01
1.634173187385854487e-01,1.445089805628991808e-01
1.433950912400855926e-01,1.881367344646592554e-01
3.336965099079901298e-02,4.379631152035434738e-02
1.289268849420009411e-01,1.353046517925425574e-01
1.369815645440876084e-01,1.554263534973676086e-01
1.431355438150172001e-02,8.526061107340835582e-03
1.513450961184898136e-01,1.516554754464532195e-01
1.104702847460065640e-01,1.018592815188215095e-01
1.265694252336440062e-01,1.225735764431864078e-01
3.642515052819984313e-03,5.294611153741812098e-03
1.567473764864043551e-01,1.281162499498495477e-01
4.486600298592114400e-01,4.732084090666913156e-01
1.086426639289621125e-02,1.704754255255011217e-02
1.546966493272179666e-01,1.278334077458922746e-01
2.053504169572326066e-02,5.102183564535932997e-02
9.051434367698082961e-02,1.303828124238848307e-01
2.231241086721198058e-02,3.348049374348997798e-02
2.524189361817675246e-03,7.364229547087429092e-03
3.278511873215671224e-02,2.087620967090450183e-02
2.119250565129824349e-01,2.526012538026075616e-01
1.340511588497748374e-01,1.110707856940036653e-01
5.173629574285663196e-02,4.655567071867134504e-02
4.388624734263902975e-03,1.802366178550989656e-03
4.489985925698784103e-02,2.550484155857218188e-02
5.986879502508723333e-02,7.867236755367859602e-02
3.314488276373057235e-02,4.139803084706868141e-02
1.843914755991543641e-01,1.802638714990006941e-01
3.180686586605368515e-01,2.266396873762278330e-01
8.129712146222481048e-03,1.963767366786822732e-02
6.654697845569742046e-03,4.320941595393714384e-03
1.076081082140176171e-01,1.390511040493686568e-01
2.228650640045301903e-02,1.176190540348930058e-02
1.225841363525807526e-01,1.013122011413925133e-01
7.525881753123910001e-02,8.531226372564226779e-02
3.685938604793824545e-03,1.808713589804565244e-02
1.472124378622172462e-03,1.763131278266012389e-02
2.432562042007586078e-01,2.488733648211970684e-01
3.625643630181829037e-03,2.192989824015919469e-04
2.708171225022873788e-02,4.898934093959518565e-02
4.280143571952484127e-02,4.583511719047354133e-02
7.607466092704127589e-03,3.601130221982576114e-03
3.222544119195323853e-02,2.657837310397750605e-02
3.076243993297225407e-02,1.025250122226808135e-02
3.428082553456723858e-02,2.571880117271208022e-02
2.746324928721700087e-01,3.220282063970905106e-01
3.381569449713942022e-01,2.556317094189015648e-01
2.319563338553453369e-01,1.842163649783450929e-01
2.366333460040673589e-02,1.481723174955458001e-02
4.146741995785518248e-02,2.430455800875743269e-02
3.594091752424984909e-01,3.629595565198519003e-01
3.058764014028345427e-02,3.743108989364356959e-02
4.021594287273434071e-03,2.727308676412927959e-04
1.704291074454378219e-01,1.644081428742547313e-01
2.243705151483861293e-01,2.380946161124520566e-01
1.669597142521487415e-02,5.276437015236950731e-03
2.183515557531583856e-02,2.054978401339500535e-02
2.364582790760305087e-01,1.565188119780953624e-01
3.823000263723014824e-01,4.083624884100719443e-01
4.370556607027381024e-01,3.926862335936273651e-01
2.652091335424464624e-01,3.153148384351587286e-01
6.475732948553037218e-04,4.368439559869210999e-04
7.910867483358342833e-02,6.869845684647601924e-02
9.307692262287739493e-03,2.054249165749322866e-03
1.195799830996393219e-03,9.096883179163784122e-04
1.841571492922836062e-01,2.100133082907288395e-01
4.458471389208530644e-02,3.179013966031737914e-02
7.355800520034055760e-03,7.396080334733730506e-03
2.319196738684686787e-02,1.320570849470586311e-02
8.964698223888818707e-02,6.397149899345043467e-02
1.637392547404935717e-03,1.609656047856320034e-04
1.095035403314227433e-02,2.025069878557467229e-02
6.833332488794479839e-03,2.696287793549153808e-03
2.937496910441114804e-03,1.180113131700374993e-03
2.116433790040702853e-02,1.807521212810992914e-02
6.760745688341791848e-02,7.483225450557999536e-02
2.610377135775353019e-01,3.128879072204895917e-01
3.704084017294212439e-02,2.995907234603450639e-02
1.889949767393224109e-02,1.756705185795078700e-02
2.438173072267973813e-05,7.704625872524959070e-03
2.371657386234331810e-01,2.458494757656250196e-01
8.037394094398077338e-02,7.652666626136218897e-02
3.557072664996489136e-02,2.090428287967591257e-03
1.216979809295020004e-01,7.760330609533869217e-02
3.680697376627846129e-01,3.685106777742932493e-01
1.548588073484996053e-01,1.684251966575239512e-01
1.434748025451458298e-01,1.564068925124678100e-01
5.190087840022589855e-02,7.324543024949967118e-02
4.620794303965551353e-01,2.975913553247007126e-01
2.579655801510368218e-01,2.707889320391018706e-01
1.358850682982086153e-02,2.789773973490770886e-02
1.420590301687107704e-01,1.285108922518711783e-01
2.600129778455358837e-03,7.230983272952230985e-03
4.089939814242213312e-01,4.336607056837696872e-01
1.836401679624998992e-02,5.316143626810806988e-02
2.050064512858003687e-02,1.640421092951086998e-02
1.130424466165342728e-01,9.528051028742703932e-02
3.742348291366889151e-02,1.071374987884449008e-02
5.100292787766767160e-04,1.956211317060486986e-04
1.214382939914982612e-03,1.136453872884364037e-02
5.325391462812232440e-02,2.991306449289219196e-02
1.789152041447797034e-03,2.668848912631961896e-03
3.838281767814377687e-02,7.357473582937947010e-02
1.153926057925700327e-01,1.187136679326123989e-01
1.137460872797625352e-02,3.275187708563500472e-02
9.937629386565358103e-02,1.292473025680440368e-01
1.853149760248601619e-01,1.704474479627267891e-01
1.271268755634692438e-01,8.082578977122407971e-02
1.117985223095315384e-03,1.450212918863912678e-03
3.100787764479481790e-01,3.429931914488964506e-01
2.606761631815587288e-01,2.823771413874325842e-01
9.622091470072546143e-03,6.503991093778138666e-03
2.219890056606695777e-02,3.692627612457351216e-02
1.350742884328707538e-01,1.605818527377987914e-01
8.625519926027723147e-03,1.291711323372303835e-02
1.241364560154981610e-02,8.216799872853773959e-03
6.067672881913162980e-02,5.402726717098826903e-02
4.617627936684159939e-02,4.312436494703659334e-02
1.745865677571304120e-01,1.687746146600181685e-01
6.094722072668637934e-03,1.931227864131437183e-03
1.680073353432746386e-01,1.502758951723749681e-01
1.980141270502338291e-01,1.850178985945261367e-01
1.728337742376419989e-02,1.020998384148951409e-02
1.390447847404589210e-01,1.613651829173597119e-01
1.287804694897256609e-02,1.413145971785369735e-02
9.405149501358439634e-02,1.398244382562984778e-01
9.506123218963993815e-02,9.022143387391523550e-02
7.929743862510364185e-06,3.152291807317687735e-03
4.985758677135952444e-01,4.465605827423395069e-01
1.911510198094174828e-01,2.071462616001651103e-01
5.256769464910724526e-02,8.009877188204220233e-02
2.362276711245693203e-02,3.963630074473685483e-02
1.423482668674869709e-04,5.215494929704236546e-04
8.312174508240167264e-03,1.073796908546807011e-02
1.212796248111004810e-01,1.030460198494553975e-01
1.193149625919531082e-01,1.553451243753570521e-01
1.113309883847003441e-04,1.903985965097100780e-04
1.604845107797278278e-02,1.416928788865899061e-03
1.394603883099312935e-01,1.579593168304400941e-01
5.432878225379598330e-02,4.043569463362730459e-02
1.670138463129122175e-01,1.521894478846873011e-01
2.025161607942325415e-01,2.609360753531427268e-01
4.389351176475470018e-02,2.932695129045669730e-02
6.206926973480115378e-02,6.954729939959988783e-02
2.554371162722898214e-01,3.061324317434077624e-01
1.501751355856506022e-02,1.753827865558665660e-03
2.113361060499834021e-02,2.028707262982353335e-02
1.447548872460256431e-01,1.211276359357754406e-01
1.616602082662126627e-01,1.101880040062898081e-01
4.509478246938865009e-01,5.315756919521275048e-01
1.054935849460417047e-01,9.305668645220932511e-02
1.442082201093844440e-01,1.060553501827139616e-01
9.109793186367470819e-02,1.525877584849581192e-01
8.887261217763083856e-04,1.130006510015412642e-08
1.188060898737561127e-01,1.657529338769138383e-01
6.552004751912715412e-03,2.516122943848785737e-02
1.942742349980259783e-02,1.947711323303458544e-02
4.676700120497024882e-01,5.343232420043851905e-01
1.815727833340464612e-05,4.060414579205993927e-06
3.231294825437108081e-02,7.053623958895402501e-02
6.662227849885138126e-04,5.177655878218484888e-04
2.037628588720319378e-02,2.308176967021883727e-02
5.630634846074091815e-01,5.785467901257096424e-01
3.287196436259852139e-01,2.592515430087359296e-01
8.047194905493154984e-03,3.630427727249582737e-02
1.766372194816168140e-02,1.113517532140813338e-02
1.745674107720168733e-01,1.294895515143778264e-01
2.008408688785276452e-02,2.026427250482572273e-02
2.437020208986793446e-01,2.950115666235970102e-01
2.740061189640249917e-02,4.983008687400414249e-02
1.415533665250397210e-04,2.559305070901814801e-03
1.633793361831607348e-03,1.329705168199806983e-02
5.547003250663022633e-02,3.037273807857037225e-02
8.569263133059164955e-03,2.137756967328295968e-02
1.155530330320630183e-01,1.486641757192649627e-01
9.938066642418631746e-02,7.486442025489417618e-02
6.251171037023847687e-02,5.204219801204012369e-02
4.125731837536354973e-01,3.073025696603663426e-01
3.272951774753422166e-02,1.751318873425542280e-02
1.277436852157813087e-02,2.341801816313434509e-02
8.381435950649522224e-03,1.063958020582416071e-02
2.323903428523875145e-02,5.466875161912315012e-02
1.062282612438116142e-01,9.335349064647628647e-02
4.866257751577311025e-02,4.381663093768156658e-02
2.396319381865944084e-04,3.895892180931339547e-03
1.150942730509165813e-03,1.080712354977327646e-03
5.964593370877823569e-02,5.930992667558172837e-02
4.193912371421886138e-05,1.782110884777297379e-03
9.523575323551167898e-03,2.715715537757701272e-03
2.630094087613177867e-01,2.450821160124745934e-01
3.105812557442571772e-02,3.341415864448916972e-02
9.567959811770169163e-05,9.743468468585352136e-05
9.292665897862640439e-03,2.707642675405643427e-03
2.251266417713338186e-01,1.920366005570264822e-01
1.230112603368367502e-01,7.709330943929533497e-02
5.366480221505038478e-02,4.730785026723892395e-02
8.522602596895714061e-03,3.047757245441575381e-03
1.249616961629447243e-01,1.411250032286676670e-01
1.046293047530776630e-03,4.645498486176879755e-04
4.727407036830210199e-03,3.617419875320980818e-03
8.034828154607608075e-02,5.180534313737689828e-02
2.874367261358938275e-01,2.164856908678775005e-01
2.031405616717768883e-03,1.330367973437385437e-03
1.007180666579483679e-02,1.339889607663769487e-02
1.674598334236609976e-02,1.519495899877401114e-02
1.060422341478102215e-01,1.489762846536841490e-01
1.625963768068207013e-02,2.209863845586029774e-02
1.139815875655833012e-02,3.423430147273229252e-02
2.742467907829707618e-01,2.762387544246144855e-01
1.025426624809007252e-02,3.513877651849572903e-02
1.016409600574975577e-02,3.393815428280622798e-02
1.032463145941959204e-01,1.347900733815966812e-01
3.520698171186997100e-02,7.975974817597251965e-02
1.293677758496986595e-02,2.833785748035553761e-02
3.093480681106298147e-01,3.119564362149255254e-01
1.205982809553489930e-02,1.999828481974081154e-02
4.877015729751016382e-02,3.645805719595149319e-02
4.235853570757585479e-02,1.094946733171492034e-02
1.543663064864347623e-01,1.241901304068411122e-01
3.072088368457510379e-05,4.733106851083352176e-03
4.295293075094392954e-01,4.211096435226777124e-01
1.895791060694364261e-01,1.711581412759933807e-01
6.051042915222156759e-01,6.376321473107396942e-01
3.428085379840447589e-01,3.433579105631388018e-01
7.831590489268173971e-02,6.662766492637153815e-02
1.175264749741428694e-01,1.289695104371968160e-01
1.008036515764683116e-01,7.268519254427883991e-02
1.275676870274536356e-02,9.791769971467342848e-03
1.405918244843877042e-02,4.602848838100092677e-04
3.151377927339075232e-03,1.454583623659874789e-03
2.880960446990833423e-01,3.032835002854942785e-01
1.726496592487749768e-02,2.555322784685179829e-02
8.007341665034563294e-02,5.160581836811483497e-02
9.828274289580189380e-03,6.135568910192124893e-03
5.282061552475971616e-02,3.676459332584038758e-02
2.138815775576231870e-02,4.341091294907272607e-02
1.954910877664884639e-01,2.370175348604992016e-01
9.301312418056705000e-02,1.379832437532947376e-01
3.632156664971917387e-02,2.581441686755889600e-02
2.000547352271951906e-01,2.098581171431469494e-01
3.414129872255217829e-02,3.212224844088778369e-02
4.262444734200947216e-03,7.717534660641622857e-03
2.715870697484561169e-02,5.167321226076009022e-02
1.979638641630167284e-02,7.177483612845956401e-03
9.263772396867503423e-02,9.546432913953542543e-02
3.551530836275407776e-01,2.593090139046871356e-01
1.180311162315991758e-02,1.008039281369454499e-03
1.970823722190542249e-01,1.925579217310827984e-01
9.343095062912791515e-02,9.127528897461602286e-02
7.380031286302185523e-02,9.159574320786244284e-02
8.211061757311477471e-02,5.728580455378488867e-02
1.106280020744856846e-01,1.659408631672780465e-01
7.293629481868068627e-06,2.330579120411179882e-03
1.341825319770907909e-01,2.028622754194509825e-01
1.106133589704120096e-01,1.061288592314045126e-01
8.519195645792790317e-02,1.000952959684461852e-01
1.683989197822988865e-02,3.163960349225354313e-03
2.141456213296122624e-01,1.747258141959165401e-01
1.733435116025765221e-01,1.800205724073790370e-01
1.191834050535710461e-02,1.942517454397839230e-04
1.069954700370409767e-01,9.951417530741896167e-02
3.667705727422657658e-01,3.720593545849568140e-01
4.767406597482963804e-01,4.261627709449763990e-01
1.101809337819397300e-01,1.061553180715996136e-01
2.334412172629555249e-01,2.357574704155206702e-01
7.985550442717317954e-02,5.147613951154598327e-02
1.437692165201030492e-01,1.052864435858038433e-01
1.261411106595013987e-01,7.737880178274328391e-02
3.674266633947006477e-01,4.289332829551739112e-01
6.309969822722429067e-02,3.780689958172961385e-02
5.324479326463557038e-01,5.713270666817948928e-01
1.039003203869256478e-03,1.490210757507235903e-02
4.546750262206696869e-01,4.804691550184542193e-01
4.699661503486531750e-02,2.024967988136747860e-02
7.504051980075579151e-03,1.096510884960691552e-02
6.768798133941722646e-03,5.485805575189188661e-03
1.792331625373307183e-05,1.450055349638063517e-04
2.059933596630852959e-01,1.617002212393882365e-01
1.130644469702222210e-01,1.648915964252233302e-01
9.314924001169292561e-03,2.139609505661895297e-02
4.710271008212303656e-02,4.878270318371129982e-02
9.788822562487667356e-02,6.199195033539164901e-02
2.308011564126946080e-01,2.919010397848606497e-01
2.169070127686063554e-01,2.884169923707396999e-01
1.435763238010001608e-01,2.050196925596018960e-01
1.109766495070186182e-01,1.338019181581087957e-01
2.755509387778838290e-04,2.613774334721628693e-04
2.090984605020016207e-01,2.809466379142586678e-01
3.134284551310642652e-02,2.960645916527473304e-02
1.137232886660610905e-02,5.646432438705888297e-03
6.275079060096722117e-02,5.532428875658102624e-02
2.136711939551343420e-01,2.209058547028388275e-01
8.121545397591602156e-02,9.016928052722503195e-02
3.421623275257263536e-02,3.364825161702000161e-02
3.544991559036229228e-02,4.760823059125773860e-02
5.972990521674694832e-04,2.966780220868707463e-03
2.629951070622282283e-01,3.022866253359191568e-01
1.012253750339663734e-03,1.326844759605813563e-03
1.182613973022186710e-01,1.208006109177259119e-01
4.957715123238737309e-02,7.468173027222826943e-02
1.405229002641663894e-01,2.022101932698158744e-01
8.788080940082955428e-02,1.314813208055096438e-01
3.264556366818836819e-02,7.250835873387852237e-02
2.041751597848576738e-01,2.622326493253327451e-01
6.110590987578935762e-02,5.640922286104180228e-02
1.067440525269425650e-01,1.066702508778210046e-01
8.798386180979517190e-02,9.806894731234597207e-02
3.670400959571008120e-02,3.738161832307611981e-02
2.079243166122711761e-01,2.558699147331416901e-01
7.840378120779203930e-02,5.187847997157401386e-02
2.541506420248819398e-02,9.596350286326512866e-03
7.677737514988134185e-03,3.468058339212798033e-03
1.236585071691936322e-01,1.645626586111455236e-01
4.435162896542703230e-04,2.804953750747714433e-04
6.762145696599744515e-02,7.138172838099555995e-02
2.071295661779980549e-02,2.577130615488737106e-02
8.014281369497140706e-02,1.047381475814739837e-01
2.865086062935938704e-01,3.646077254249346922e-01
6.418124197324253100e-01,6.315281205234418715e-01
4.748770487148032959e-01,4.491812549502404162e-01
3.816171358734116170e-02,1.983383999775149148e-02
3.198866054430424821e-01,3.769068670033733359e-01
3.778939331913919175e-02,3.821808843845495018e-02
2.984647021334754791e-01,2.901548008312286875e-01
4.576719545879432728e-03,2.306021804723364099e-02
6.947692296608543277e-05,1.652109200691776261e-03
4.456375908973103650e-02,4.281346187569881612e-02
4.864770988254536466e-01,6.216710157278036997e-01
1.671369352570391265e-01,2.346625266820699107e-01
2.942641530452338658e-02,4.495316666926135740e-02
2.861529594979900573e-02,5.657620851599202277e-02
1.568040528528940325e-01,1.723789164456172029e-01
9.147618652607611422e-02,1.248306132146155129e-01
2.645807309800139034e-02,9.521579683617208481e-03
3.558398346861015860e-01,3.658292936851945121e-01
1.151691269664206887e-04,8.945294322554361161e-04
2.793845345587678275e-01,2.378233532964801056e-01
2.772621208903483861e-02,5.066991214726870862e-02
5.372318131137927139e-02,8.899391749288577957e-02
1.517813468736383059e-03,1.681006363444889498e-04
5.710863948018919667e-02,1.550905135251948695e-02
4.009547506612088502e-02,2.820637039304508750e-02
5.291827192399545243e-01,4.782650133480274013e-01
1.033346439668459738e+00,1.033358023004259163e+00
2.322310303678115917e-01,2.153167394618720754e-01
3.275267201285218116e-02,3.941482704182891483e-02
2.167201148878585004e-02,1.333297388215231791e-02
2.839129987606307456e-02,1.347192897518905384e-02
8.078855021454826868e-02,6.176728982119341488e-02
1.311879866792498295e-01,1.495883991490579434e-01
1.261904065256942188e-02,3.664024924350429979e-02
5.021213022972598194e-02,5.599212429871099767e-02
6.151905638575180801e-02,4.600592214436164534e-02
3.906717278016483830e-01,3.855356051790239658e-01
1.498173292626321929e-01,1.389291616297446685e-01
1.550348091590063038e-01,1.516716172816460484e-01
3.908808273966591328e-03,5.992115824182451568e-03
7.758174904572058550e-02,5.246675657149157262e-02
3.440248789765883858e-02,6.334103264072758754e-02
2.572198029775707440e-01,2.529704207639306701e-01
4.152663659095091053e-01,3.916839840157957942e-01
7.214510921581135383e-01,6.948713347992895306e-01
1.324680469865715249e-01,1.452335847543951841e-01
3.863957468776606924e-02,5.745692488504628576e-02
2.550260559216087353e-02,4.380856697141163880e-02
3.980286879553212587e-01,3.987905126565911562e-01
4.123068157542567613e-01,4.144289348736050482e-01
8.567468629207125597e-03,1.109137638191233510e-02
2.416699801012101717e-02,2.241700331812917710e-02
2.405618908907373402e-03,2.196050249189899790e-03
1.575603629390959562e-03,2.907025078852592897e-04
7.285537440260789199e-02,6.974049827853567862e-02
9.184606961256110147e-02,7.414114299925574081e-02
2.203263848893414201e-01,2.297746532335057656e-01
6.777812527988143904e-03,1.732060393365417769e-04
1.728028615394023304e-01,1.462389747688996322e-01
4.830115712755180674e-02,5.429265420673656806e-02
1.217457342572910259e-06,2.112919232110641466e-03
8.088913636453308117e-04,2.671218218252566028e-04
3.315332008292275982e-03,1.168038841182087459e-03
2.384128169440767608e-02,4.292329722393126851e-02
4.472538201340868491e-02,2.299023606170322309e-02
1.335295287765436156e-01,1.010998600134585951e-01
8.076689544501554352e-02,1.259919805365899981e-01
1.185821021374773021e-01,7.067580656722484422e-02
1.297843079640192687e-01,9.407714349407438059e-02
2.194423666893247690e-05,9.884753691274217151e-04
7.495274687413811541e-04,9.123650555988658943e-05
1.259808967463091622e-01,1.263644411798871270e-01
1.101911669807620481e-01,1.339218076593319540e-01
3.043010154473966278e-01,4.453916161893782255e-01
8.555713583965769350e-03,2.902582122509651807e-02
1.627194446156250141e-01,1.646447573972884271e-01
4.276206570562330299e-03,2.234081272115540345e-03
9.098181706617839218e-03,7.855982139591126054e-03
2.683315874158474085e-02,2.500601399359641749e-02
6.287699790118014473e-05,2.276877217531841132e-03
9.615700037024488972e-03,1.270259858755206500e-02
3.319000551731515845e-03,1.379995813142573420e-03
4.627175836902793458e-03,5.596685422709470406e-03
6.794970770088987200e-02,8.536397376190245356e-02
1.114549238682242295e-02,1.553626024851293666e-04
5.694181673631348861e-01,4.507420328352915728e-01
8.724372577788232219e-02,6.806968266586249650e-02
9.802809526059653999e-02,1.137035161180322551e-01
2.510531999581878670e-01,2.151452593021813964e-01
1.765733945429505403e-01,2.517719802177285637e-01
6.930051836823557243e-02,9.243851505839897897e-02
1.129884036475099635e-01,1.513812137952548209e-01
2.469743437660284480e-01,2.138007972125340050e-01
7.185957438033827582e-01,7.080665843787062874e-01
1.215167035551365524e-03,4.384371793038717891e-04
8.916549276200232133e-02,8.814955720540233741e-02
5.739476829802833517e-03,8.971939662296217173e-04
6.700138842373218285e-04,1.018950265377149313e-02
6.606920112491991570e-02,8.972089333432092806e-02
2.918239441872875345e-02,2.348817439543043548e-02
1.101802818294799063e-01,1.000955759547197121e-01
3.394682759178228870e-02,1.565859412914956048e-02
5.372788664762925825e-02,6.995423790667350261e-02
2.290706581612944881e-01,2.510650556545951373e-01
4.335416657189820888e-02,3.386282981982625950e-02
1.135619176379600165e-01,9.425724080382225090e-02
2.675157228092542860e-01,2.831137798345566559e-01
6.259632946698279188e-02,6.131239341279851041e-02
1.521319245082014548e-02,1.612066008038305978e-02
2.741523813012401809e-03,1.736174553226215583e-02
1.013023448324583409e-01,5.294571753644542605e-02
2.084833634076486419e-01,1.641041139362921786e-01
1.249245009781779492e-01,1.233917570990508833e-01
1.001180070292696511e-01,6.359440681511242810e-02
2.027621731087182451e-04,9.891271014029418885e-05
7.598036813773613018e-04,7.870452726567214383e-03
1.094545732516259418e-01,8.388644890012721123e-02
8.705970415736673240e-02,1.196121636432122687e-01
2.096125325515528492e-01,2.612829669968765867e-01
1.682435676965760296e-01,2.475383441550911001e-01
6.721524637944871483e-02,5.230632583213086495e-02
4.233764854634639030e-02,1.380121884168444488e-02
1.223534142345817921e-01,1.337607404473806494e-01
2.069427130806711368e-03,2.322454342518692413e-02
3.390099250321283730e-02,2.502145396649999021e-02
1.347575585378299190e-01,1.689416844552655561e-01
1.620570749514988612e-02,1.173440762303158864e-02
3.093551406535219872e-01,3.030566715689411161e-01
9.843317245996744541e-03,1.153907019642296666e-02
2.616610158972623723e-01,2.777489716233182970e-01
2.819724603770287774e-02,3.027779900479038444e-02
1.816456454092828937e-02,1.472845862958160369e-02
5.325896377826058736e-02,4.778498909375614861e-02
2.451074215738497514e-02,5.850040195627558004e-02
2.317146231537017386e-03,1.769198220225786516e-02
2.719304210211428985e-02,1.841681645881879451e-02
1.300688450516644390e-01,1.590535240196869204e-01
1.580885974559982365e-01,1.861002400381117083e-01
2.017065061516188154e-03,9.051553346561437910e-03
1.358332270004453945e-01,1.065855281625521372e-01
1.822453312375576229e-01,2.550813348677523629e-01
1.660023048180028771e-01,1.810477849268490036e-01
1.324422910152687483e-01,1.415042556881666302e-01
5.867389415979159389e-02,2.555805713879015853e-02
1.458239334237787510e-01,1.825796640319373998e-01
5.229575996052088921e-02,7.386589006895608045e-02
2.389794997127854884e-02,3.099545789003785475e-03
3.833700378168622414e-01,2.917043109638515208e-01
2.595759908447575759e-01,2.653690762583431617e-01
1.038826214364494196e-02,9.866070069545934337e-03
1.498046434995080160e-02,1.714727904481082657e-02
3.311477236549780212e-01,2.522191444831215490e-01
1.084895424567291905e-01,1.481238333692072306e-01
2.785975373352171658e-03,1.128214139480602845e-03
4.252499979914477202e-02,2.289060008811858588e-02
2.781413950688899615e-04,4.590732274198745994e-04
5.040173685229663858e-02,4.456383252027200370e-02
6.602775455718848385e-02,1.052877711704645614e-01
1.294704394027168873e-02,1.653396436941288825e-03
5.640683827274024509e-01,5.642385570498288372e-01
3.359745152211745384e-02,2.798390102969170248e-02
1.736918648516222463e-01,1.421194817304245739e-01
1.389799884578400355e-02,2.279232319731352638e-02
4.910397687142681322e-02,3.066149849730992125e-02
4.065911048878242950e-02,6.458343407772536293e-02
3.405150702796386902e-02,1.932832922005440351e-02
1.912838765593205623e-03,2.335415581098466516e-06
1.218214984273254253e-01,8.405796631460744905e-02
1.228671529642850063e-01,1.627129324396472954e-01
8.105632404254086154e-01,8.098430526117411654e-01
6.996347417856640764e-03,2.842469235391646809e-05
5.836537459713246612e-02,5.169948384911056405e-02
3.676523570782689812e-05,2.377065862343684562e-03
1.494167903842415386e-02,2.977113302009484069e-02
3.373514652893497279e-01,3.424206531499269235e-01
2.947933072171132762e-02,4.700516483519302097e-02
2.205799841441100917e-01,1.994491749431542837e-01
2.037407302894498479e-02,3.314773120895880137e-02
3.670870794688835259e-02,2.655534532217272703e-02
1.590592859766970166e-02,8.135191192465321408e-03
1.051870544497297694e-01,1.522500613017852833e-01
3.085472393819553918e-02,5.257397634969012551e-02
1.103518825975572382e-01,1.068788979267287081e-01
1.439520092053777900e-01,1.144386457613373459e-01
5.260868493249425126e-02,6.508565754494205491e-02
6.281224568991619628e-02,4.699706649421402788e-02
9.978369935588149442e-02,1.575296549002667412e-01
2.671947377466512077e-02,3.297202949684372580e-02
2.849800989440334125e-04,6.401098622067494172e-05
3.031086416383186322e-01,2.789403084273178179e-01
6.698643067757019398e-02,7.104043754366631824e-02
1.443533945296194242e-02,3.036318115787809552e-02
9.733514301820017645e-02,7.867321325514993469e-02
2.019721679813333420e-02,2.542076973796717279e-02
1.142631938046143464e-01,9.832870435780413643e-02
3.231029836991431425e-01,3.083349003868587901e-01
2.121911779029997391e-02,6.322082257904157801e-03
2.379418723594563939e-02,2.643023334357030504e-02
5.617508336270563007e-02,8.903646099047336782e-02
9.891862194706712089e-04,1.012960801810403738e-02
5.258241861150724644e-02,3.893165532481682178e-02
7.770565082866616458e-02,6.907784522563041596e-02
1.898545112797005510e-02,4.065116018611193704e-02
6.243221038290419633e-03,9.916746125086027194e-03
4.819414352876300600e-01,4.503586781465102051e-01
1.283847184788691753e-01,8.563172459622322985e-02
2.185068586855325873e-02,1.924500989982255023e-02
2.292854002248584100e-01,2.496238388829288835e-01
2.053395302691769508e-01,1.692219862800602714e-01
3.709259009456446488e-01,3.545967403119327788e-01
3.075875718143117887e-01,2.722003812098452435e-01
2.778610498862427725e-01,2.349694514839685833e-01
5.162227642329147298e-02,4.142587531613944191e-02
4.261697260644120057e-03,1.406343788625170205e-02
1.627320795108053719e-01,1.703194933596146599e-01
2.344968241283114374e-01,1.994881180888239958e-01
1.211665706532107228e-01,9.286785760062468698e-02
1.028703562987157011e-01,1.051719719545234910e-01
5.897317123483792646e-03,1.121942884423113860e-03
2.250800693279844944e-01,1.768758559539430897e-01
9.564937006225486538e-02,6.237553608265583582e-02
2.978952871525556226e-02,1.767089227279780572e-02
4.223602991102487492e-01,4.987129050492069005e-01
9.628340294797245458e-02,7.156494438498400834e-02
5.135593105902802666e-08,9.721042151318589437e-04
4.421803439673474001e-01,4.183437632863828415e-01
5.414634955701318197e-03,1.817176557509822587e-03
1.420271114137888410e-02,4.071264635176696095e-02
5.573690914005646757e-02,8.372983765639674392e-02
5.362964300460384422e-05,3.227492110759217544e-03
9.565562568085527947e-03,1.272682028149752995e-02
1.572308061811314162e-01,1.673942040640895856e-01
1.904052140354140776e-01,2.053103915335366125e-01
9.642635868133352106e-02,1.024863561095832043e-01
6.006159557856519116e-02,4.234500515767575246e-02
1.242271450213170425e-01,1.983643621214480346e-01
4.232237057977802051e-03,1.736492536755718718e-03
7.212163804068383310e-02,1.112034539445958675e-01
1.127592410271388151e-01,1.342583110012531555e-01
3.734998240917929979e-01,3.448556253360534063e-01
1.610549000459468583e-01,1.625395377201329927e-01
1.512202705482134091e-01,1.814944005078105438e-01
2.125358957001954071e-04,2.101002357436280532e-04
1.453731541508332913e-02,9.089535748614981786e-03
8.469380885138969028e-02,9.319330625299515614e-02
4.837594164182462513e-03,5.388012757226023387e-03
1.247789243325095471e-01,1.029556730118833391e-01
2.676298035814688586e-02,6.024192604710381510e-02
8.453133180257439662e-05,1.864461219056126303e-03
1.071343419464701463e-01,7.274332594218424486e-02
2.208989002547117123e-02,1.836233480800085124e-02
2.545161134877755790e-02,2.567641169918951846e-02
2.176574918654002599e-01,2.482653606699599391e-01
1.369817422032714122e-04,9.437815666256397281e-04
1.188915881658641517e-02,4.211167474780805851e-03
3.642956915126983192e-02,1.471802667081148139e-02
7.547301428728632466e-02,9.138209946615083457e-02
1.934492569159926637e-02,2.587367046378872756e-02
9.619873881479795545e-04,4.264014290008237042e-03
7.769121491620048503e-02,8.352863740142661697e-02
2.675087125013639322e-01,2.965923390948154714e-01
3.759002828217592167e-03,1.142856296540903545e-02
2.666065894511510451e-02,4.811910770467948961e-02
9.077708704757926628e-02,1.033240445776360400e-01
2.127687921373230470e-02,4.979633496373787882e-02
4.246641119482530424e-03,8.342579378473642324e-03
1.022579177620704799e-01,1.099842324340123828e-01
4.887540425901767960e-03,3.130484962549372918e-05
7.549038699110888206e-04,5.084864112808010032e-03
1.525848234024430872e-01,1.766123258407883700e-01
5.978292576794783791e-02,7.854102336224474956e-02
1.425490602856563371e-01,1.051037238841172894e-01
2.079949833010704963e-01,2.427788754427954998e-01
7.169726364092403326e-02,9.600791741463701734e-02
5.274994550465240094e-03,1.313460660771764710e-02
1.843524951523527189e-01,1.881046104116679274e-01
2.126472291007647231e-02,3.849943532281130398e-02
1.644354153267490459e-01,1.631045347679664081e-01
6.859771020332630642e-02,1.009796252095141178e-01
1.017092940172587140e-01,1.143254923197751238e-01
7.006747923267174494e-02,6.586137818441731295e-02
3.201944771043589016e-02,2.848451883013934996e-02
1.453542090604288683e-02,7.200547940550762992e-03
3.392214387583478152e-01,3.200746257522741334e-01
1.785826160597377490e-02,1.471649535575191882e-02
3.911568081591576540e-01,3.825257775542561522e-01
4.428710351435654474e-02,4.993139979131375888e-02
1.661247598668563058e-02,4.215130781615306771e-02
1.705448986038005099e-01,1.766944948643898450e-01
3.433995104810255161e-01,3.090309151849679470e-01
6.377740569178193264e-02,7.023872682958799685e-02
5.893494222465825438e-02,8.566563586126900443e-02
7.228013548594991455e-02,8.739668679222510617e-02
1.368905292494177472e-01,7.920633512626983064e-02
1.515911555366928898e-01,1.601566622149364350e-01
3.157770773611975890e-01,3.661499321876903190e-01
4.959287622715474741e-02,5.422184894659527049e-02
1.570281156269852027e-02,1.629717903302193779e-02
3.177835394975307703e-02,4.528580771721303980e-03
3.754083427367416181e-01,3.671227061980815165e-01
1.296372735788557384e-01,9.082507041771439860e-02
1.971941916928134919e-01,2.006927078431606226e-01
1.274590943090632249e-02,3.618465811466983068e-02
9.963804367149710958e-04,9.641347770228968531e-05
8.199051963666501019e-02,7.844934413015991481e-02
2.176853966980893396e-01,2.148633736658848159e-01
3.237664500320959760e-01,3.772257237132420893e-01
2.263227213711785715e-02,1.958608048909711921e-02
5.008390981869716152e-02,5.295066984069926597e-02
9.534895124096257057e-02,7.522779500033198452e-02
1.272847100803327081e-01,1.034406804903273830e-01
7.017646346782960287e-02,8.196788142351826845e-02
1.240237459791892517e-02,2.961434700835761588e-02
5.600468687348155727e-01,6.282405904132520869e-01
3.388736559675586957e-03,3.544751614346771430e-06
1.840452212250912600e-01,1.893467054022802687e-01
1.638465949382660602e-01,3.219204537273698818e-01
1.158784592117205296e-02,1.883017623455181646e-03
1.789037386193516044e-01,1.719243233924818426e-01
1.268099279308011751e-02,8.711758065162845607e-03
1.335929775116924173e-04,6.054286887052936182e-04
1.765819090800374580e-01,1.739447568992247561e-01
1.666365170499613940e-02,1.716822618390173930e-02
8.609726577974204098e-02,9.262136032640284899e-02
6.535852887136647804e-02,5.641473813658522130e-02
1.320312451910143664e-04,5.027108977803457744e-03
4.996660967725654462e-02,5.136707313841300943e-02
3.141119655915853431e-02,1.561243728085361278e-02
6.811270526152965465e-02,9.426459267118651730e-02
1.074162582644846813e-02,8.978162932322653983e-06
1.164634161634187509e-01,1.021722130735815554e-01
5.257248238071669799e-02,3.174501838097579937e-02
5.157802612923674014e-03,2.674832365288646804e-02
3.897714554002199711e-02,2.629737489069091522e-02
5.368693837209291553e-02,4.763428616981868480e-02
1.708125034392036223e-01,1.505584023001262095e-01
4.504234026677989694e-02,6.424393268513824140e-02
1.873210256477689586e-02,8.320174818991919047e-03
9.871372709635185816e-02,8.574615583697479948e-02
2.285156982246363752e-02,3.487083891903131755e-02
1.118277886172266866e+00,1.136591844488587855e+00
6.359676362231877177e-04,1.271171816007642889e-04
8.091045760522506958e-02,9.425080862568403772e-02
1.718011296056052850e-01,1.151015925894745412e-01
2.261183432855267544e-02,2.809027853322304535e-02
6.634339646686701619e-02,5.574723040210169400e-02
8.908167544452182812e-03,2.921441366718308813e-03
4.649631014901232234e-02,1.151940155207389210e-02
1.112100170679920508e+00,1.234445674121569470e+00
3.471719526746920234e-03,3.608717693529874156e-03
3.889888777979657892e-03,3.145049992765880809e-04
8.424393147839809304e-01,8.675259700707508292e-01
2.551434781391051509e-01,2.908573084034961065e-01
7.883324755860931718e-03,3.954855941219022277e-04
7.850899610282216848e-03,1.617534161216422110e-04
2.594526755068718993e-01,2.991639142773131477e-01
3.123102418331715185e-03,3.070527933555212280e-03
1.324141990197722808e-02,2.813681993303914983e-02
3.198730200705361404e-01,3.137302552676031198e-01
7.442729952332600984e-02,7.896062626377707561e-02
5.437700386354763493e-01,6.748125709996902755e-01
9.917731746369045937e-04,3.876644703176013347e-03
1.932449433513299952e-01,1.369151111026838397e-01
2.745208646893116181e-02,2.556357526462249216e-02
6.268201642189631662e-02,3.817416476211744208e-02
2.040014621215656063e-02,1.478694415293066965e-02
4.692866560335212656e-03,4.384563326618030540e-03
4.570287151428297640e-02,3.119052776120879306e-02
1.301691644933957370e-03,1.108967531325086991e-03
1.642891292962769464e-02,3.576286181433682015e-02
1.703158070192870802e-03,1.103067170089951999e-03
1.997836427956015473e-02,4.393194641175672543e-02
3.880746541552545885e-03,1.525057620158036011e-02
2.070753588605215578e-01,1.981323555321387320e-01
2.999972529119437348e-01,3.722093817995966170e-01
1.913841271255135651e-03,5.725300681205955854e-05
3.565026329171935154e-02,3.993980750653995659e-02
2.089279055284722422e-03,1.521217550510097416e-03
2.626673528077835482e-02,3.606909008466291366e-02
1.884256419659664505e-01,1.871432378305013799e-01
2.255355633687560965e-02,3.074864332205058323e-02
2.954357648412374304e-02,3.553126329164101732e-02
1.204269671599784014e-01,1.111477932894296694e-01
1.856320906608710519e-02,2.188781825218726745e-02
1.284029369568617653e-05,2.410973948326858296e-03
2.939956732498045047e-04,8.341743778613462971e-04
1.197321108785995725e-03,5.305664946877867213e-04
2.304622861578408191e-02,1.647067239329182142e-02
6.480029763878469851e-02,8.403509756606386549e-02
2.334242478711788527e-01,3.405642110324073046e-01
1.825118296237276150e-06,7.301726170617281724e-04
1.227774436136711000e-02,4.775295518578781193e-03
2.941021318353680050e-03,7.226010210648550411e-03
8.956544352309393775e-02,6.658637045070056604e-02
8.965385123809889445e-02,8.444328633015030228e-02
4.585545342893131149e-02,6.551681240773768455e-02
1.496513290892995639e-02,7.180705118363453487e-03
1.141994353297045434e-01,1.436003490668182059e-01
3.982280445228641996e-02,5.907443378919874366e-02
8.297613383282260655e-03,1.397883631114866035e-02
2.064645326494629618e-01,2.194202242048238494e-01
1.575490731488508531e-02,3.208326576211512071e-02
8.620874161084141410e-03,8.283687454447730830e-03
3.582272742439619462e-01,4.280733011792741682e-01
2.515401112349876719e-02,5.046863933370867444e-02
3.403098003858472387e-01,2.930363798314017387e-01
1.912804626053664359e-01,1.819751966320778958e-01
1.183641344864289936e-02,7.071488787365828692e-03
1.383997279648587278e-02,1.879482497612191411e-02
5.131604511544770458e-02,8.711819842012460957e-02
1.794174442518854662e-01,1.598948862632396661e-01
9.048220029758941019e-03,3.033989582678409385e-03
1.266772105983540453e-01,1.255009472495762501e-01
6.011864879772202963e-01,7.234825139528386906e-01
1.223219303746102445e-02,1.037807732507810277e-02
1.267207268329573755e-01,1.167797076318863314e-01
2.709143814098635347e-02,6.828862394144625571e-03
8.742045315908763062e-03,1.801977539811819556e-05
1.141785200485543328e-01,1.351430998885834178e-01
6.714922172722739835e-02,9.491873499732159103e-02
8.879599667436040202e-04,2.366553838388337459e-03
1.156776581550071452e-02,5.626693218259155860e-03
6.503725659485276589e-02,8.416486567339270808e-02
5.761689874033722181e-02,6.646513174943823044e-02
2.005853092608148036e-01,2.488107137898304677e-01
1.609280290198224564e-02,1.973408810401958494e-02
1.482205377592129558e-01,1.834561193257656098e-01
1.028577324994462416e-01,8.886932643888255379e-02
6.295141674097703630e-03,1.193029346999571229e-02
5.708316177892948373e-02,7.780911418611417829e-02
1.341906901586538588e-02,1.784649224723648675e-02
3.407758316173745694e-01,3.922784888453964558e-01
1.027719067603884845e-01,1.195298703526002371e-01
4.067696317263772531e-03,4.285866272138400511e-03
3.734725626640557350e-02,8.317980684619134812e-02
4.097143542199439131e-03,7.520374955854645244e-03
4.498606150331303788e-02,4.497725127589541350e-02
3.382432061951647362e-01,3.398419319507570147e-01
4.364407702005830038e-03,4.444294049430660412e-04
4.435377703288694647e-04,1.647492894779727275e-03
5.933270702736452851e-01,5.078370969748174923e-01
3.113061556080524636e-02,2.256082165288947686e-02
2.321816820105012391e-01,2.309302906756128260e-01
3.390943979406971787e-01,3.056242942959193631e-01
2.049864407222730944e-01,1.576854763824612760e-01
2.179127494685608457e-01,1.636969038081862171e-01
1.110429455329213222e-01,9.839136200102797936e-02
2.514317175643144414e-03,7.904366126025729258e-03
1.172655299595419705e-02,6.137341638936949506e-03
6.681902150133437563e-04,8.955408602292270516e-04
6.360436274289182901e-02,5.920059284138598499e-02
6.624270893125492644e-03,3.616191831950679020e-05
1.137299287730655223e-01,9.743133961707593771e-02
5.531188268838704153e-02,9.372577476888205306e-02
3.676770303061006190e-02,4.220829008511376573e-02
2.061671570631667602e-02,3.686871588864498034e-02
3.507138049600236340e-02,3.982469982993847024e-02
6.769194497728547866e-01,7.228359428644597351e-01
5.160378578709899633e-02,4.801087399657396476e-02
6.506506112746676673e-02,7.256185162735329097e-02
3.230704666964532845e-01,3.279732992840181938e-01
3.742396194399904858e-03,8.541907311969272956e-03
2.595837433586969389e-01,2.538274365502056207e-01
6.350997056468292434e-03,8.274334102265116023e-03
1.040185603105181836e-02,1.330109855464489503e-02
2.511411714368958492e-01,1.480753562483379249e-01
1.759556690099869647e-01,1.411831125588496882e-01
6.220386741574263426e-03,3.726178459492391747e-03
2.935312242415834619e-02,1.246656053349797129e-02
1.030200181079104216e-01,1.069166277225422623e-01
4.306835731207791368e-02,3.704114231818641384e-02
2.733605834816841273e-01,3.200039671706347288e-01
1.909736712821783963e-02,1.516212396553745859e-02
3.329663956842183331e-02,2.789122525249190104e-02
6.934221339771433346e-02,8.801994664404685920e-02
1.813643679981739310e-01,2.052991571315377073e-01
2.461359805888686525e-01,2.307089571986606080e-01
3.197382118643380539e-02,4.256598922183500722e-02
3.939956707718845208e-01,3.541225143288909694e-01
1.420928241546115349e-02,1.749211497919531816e-02
1.147143688845778629e-02,2.079891518870747441e-02
5.617875866032187027e-01,6.138073837365052299e-01
1.445927914829267524e-02,4.107344649744600062e-02
3.875365880567210267e-03,1.491016921862391327e-02
1.580529671208395770e-01,1.936512993010743311e-01
9.476953710251147592e-03,2.072898475696175261e-02
5.228465519013476143e-03,1.959060389710268885e-02
5.990258631547874801e-02,8.006950560256483052e-02
5.834668378551267041e-03,2.574472790156816671e-03
2.493265593257061041e-01,3.351838674058464917e-01
9.774529469449683150e-02,8.121922203740977730e-02
2.047179252536872329e-02,3.508715569774303877e-02
3.438863628874316847e-02,7.691054932555617396e-02
1.122698284982901092e-02,1.654792909534491758e-03
5.844210964219767601e-02,6.981068789351042858e-02
1.680881884639783552e-01,1.750592066667830682e-01
1.612918970396777230e-01,2.375079892519081914e-01
2.823554503673219029e-01,2.736867876507675934e-01
8.015275182903770779e-03,4.684715917637982847e-03
1.455235140084251309e-03,3.691506048914319207e-04
1.006544120516131421e-03,7.532275085645262968e-04
4.564900686951024744e-02,6.910673925420120212e-02
1.107684534241279856e-01,1.086297424401508754e-01
1.888010902868042518e-01,1.435294201230714606e-01
3.807052844665915203e-01,3.602358319491918426e-01
1.787181701843088347e-02,5.783294887668940371e-02
3.634707459271925845e-01,3.967591339810665474e-01
9.205076254817171066e-02,1.125692864812840310e-01
4.962625550056952266e-03,9.649662894147120751e-03
4.183208159551366628e-02,6.189759454209659700e-02
1.849377891689189118e-02,1.049309239757179046e-02
6.846530508230000422e-02,5.744101310900697616e-02
4.083114136724045468e-02,3.511268540335772681e-02
1.027722641400087566e-02,9.125715473576051159e-03
5.363837487669459789e-05,4.489714596511046080e-04
1.309896792129159326e-01,1.106043664153277539e-01
4.578505789101110918e-02,6.037010191387520014e-02
1.886336215796787230e-01,2.084100821827207239e-01
1.911329964114493341e-04,3.875770490791668435e-04
1.283731521785443433e-02,1.708658614482661681e-02
4.577149057882202998e-02,3.109315972075226558e-02
3.000310751075007179e-02,1.194529186186780827e-02
5.604529928815093435e-04,4.843002752835677376e-03
4.655436492658833643e-03,2.241526049934460842e-03
2.297387043941123141e-01,2.206666569936970301e-01
2.831819142180643789e-01,2.426908854893841117e-01
1.088889973506476172e-03,1.306948373795790812e-03
9.287160580695011380e-02,8.392849428621072805e-02
5.542915715814240602e-04,4.656562133879631172e-04
1.172207441803192578e-02,3.473957410481327140e-02
2.895256106335080196e-02,1.058894713227289883e-02
5.104918662689333919e-03,6.509753588933561708e-03
2.909165367768962729e-01,3.642263562287434420e-01
1.086157429757328569e-01,1.583278752637304054e-01
8.295488779802376311e-02,8.595872327277802316e-02
3.977866162898355262e-02,2.479153593171863276e-02
2.322869171031044858e-02,3.337494558277872420e-02
3.124148649844365466e-01,3.353821209704400674e-01
2.358317527756714424e-02,2.649321038392906183e-02
1.279002707431628472e-03,7.915345133974805488e-04
4.546223601500244682e-02,8.520623914394125087e-02
1.762257847635011199e-01,1.719475631233253754e-01
1.836201045465047938e-03,4.460888972233765159e-05
2.868430812846899537e-03,4.306757782326607609e-03
1.699165757395475207e-01,1.178789009927898868e-01
5.397141997929661046e-03,5.350098310869942137e-05
1.436482316112398239e-01,1.876293140157594963e-01
1.394422651788943257e-01,1.731021336486447959e-01
1.119654689439811626e-02,2.555552446930271435e-02
4.368825199875864262e-02,3.536193604424337639e-02
1.302216010524757106e-01,1.981580010534215452e-01
1.723004165879769567e-01,1.389647345473891404e-01
8.749066167184740839e-02,1.606780387207235317e-01
7.662947776851641857e-03,1.569435755900063650e-02
1.147208185902439358e-02,1.517496257966137810e-02
1.202465699273508846e-02,1.869030307375468478e-02
1.810738337325322120e-02,1.090256594921533081e-02
8.712773402137569123e-02,9.709007563440688604e-02
5.288086847466791189e-03,3.930376242665165921e-03
9.660476892592632925e-02,6.958030579340217237e-02
8.915021622673124924e-02,4.583819705189335486e-02
6.529215141861888227e-02,7.238115151895510579e-02
3.998424343882005932e-02,3.699014321386887710e-02
9.678736575370451567e-02,1.021785274556930162e-01
7.256463010671393432e-02,4.482273302831164125e-02
1.830956635777985717e-02,1.469174433863029185e-02
1.039788736267784341e-01,1.146904543318324476e-01
1.606458695393420399e-01,1.947986635284601753e-01
2.415842634791685872e-03,7.604415763048381210e-03
5.317647320282561929e-02,3.976979168627861605e-02
3.190486985905951339e-02,3.848020710774387176e-02
1.250958343946867446e-01,1.295983805046181658e-01
1.278233725677558885e-01,1.198522117327002201e-01
1.370997590534181187e-01,1.978215561077712736e-01
2.408409819955733069e-02,3.157901762537884682e-02
1.298571642052376296e-01,1.240253047909347234e-01
4.115187584184389763e-02,3.421537780488163177e-02
6.204684358982381388e-03,5.241710382152362825e-03
5.775613363710460635e-02,5.020344873085388904e-02
4.844079625838560604e-04,1.835958201088851735e-05
2.332122492888921304e-04,4.228816164463127837e-03
2.093531456880368680e-01,1.746321411330348794e-01
6.529761562098262011e-07,8.669822478858219775e-04
5.488238441034879456e-01,4.552921936301693173e-01
3.493479941520118842e-02,1.809613886225836313e-02
1.827466222106952920e-01,1.883328157220898191e-01
1.414042286172549900e-01,1.313646740366911925e-01
1.301164033112339746e-02,1.262132446870661145e-02
8.809123504740145813e-03,1.048122558123032802e-02
9.066895403016667077e-03,1.439221754554866756e-02
4.196989222405184128e-02,2.446130561934631645e-02
7.935401869748798243e-02,8.393327766387066735e-02
4.656703968382336118e-04,3.695039281832049674e-04
2.133529764036007706e-02,2.362814611267016057e-02
6.884499252511308565e-02,9.223755893926453842e-02
1.917047906789022885e-02,1.417642548853452131e-02
3.671155476111141736e-02,3.229662628151745013e-02
2.954841431846090896e-02,1.673369348058829573e-02
1.249798643659790626e-01,1.222909674370449978e-01
1.119244162513337582e-01,1.012612851118889767e-01
4.429441861503270045e-02,3.826758608092141467e-02
2.886770780885400053e-02,5.589280641921219595e-02
1.200037384889671266e+00,1.123581637264084332e+00
6.903964739509491633e-01,6.005505547267468991e-01
1.260314355220834015e-01,1.352996830270002671e-01
4.073924459592666997e-02,3.705984970419558266e-02
2.995493674440588561e-02,2.590299251449116116e-02
2.304695128732924675e-02,1.641069276169367444e-02
1.124531077780411281e-01,1.052943389771381216e-01
7.465202188782654735e-02,9.553145350345784714e-02
5.785042909766709845e-02,6.469518227109966046e-02
2.965621325460737756e-02,1.366774714532443050e-02
5.549060894498553109e-02,6.148901875527599398e-02
1.055306716192038891e-01,1.043850019355520159e-01
8.834205534809586730e-03,3.388634302030000579e-03
3.051359506443088105e-07,4.411195266588165630e-04
4.049425167731691699e-01,3.603757909806949433e-01
4.608801170121379354e-02,3.915029443497635570e-02
6.287378073683309865e-02,6.862559490110616001e-02
1.994763280855025786e-02,2.473963293847275882e-02
2.522348089685692851e-02,3.664465470242890544e-02
7.184892060817714421e-02,1.032479988870586285e-01
5.134991316846689025e-02,7.139302813742769149e-02
1.789485601048529384e-02,1.727636059050555520e-02
4.800827564828838434e-02,2.551374898479725345e-02
1.321764409565364653e-04,1.492722319344429647e-05
1.783545331447134452e-01,1.893353915638613660e-01
1.084403159243858827e-01,1.343573546729876500e-01
3.435652749043500293e-02,4.041397645967177710e-02
9.569000651693912451e-02,7.796829741959851456e-02
6.767155690605312912e-02,7.729923156826615238e-02
4.802571533295964257e-02,6.348823145131149426e-02
1.662023552685015088e-02,2.419650986083014040e-03
3.056262344459487537e-02,2.885371341640874041e-02
8.581820085629791872e-02,1.122034418940987960e-01
1.399671697004184305e-03,5.832830871284258936e-03
5.034363806199145669e-02,3.925670716088536932e-02
3.600806354742177445e-02,4.019909615584421614e-02
2.558920434210072096e-03,3.892198798651997976e-04
2.247930266715900405e-01,1.345792303199301598e-01
2.061492654284973469e-01,1.780436173451424298e-01
1.679952900181653011e-02,1.929969973965894522e-02
1.997956015299813190e-02,1.920423916576250584e-02
2.316040900263785784e-01,2.129312307537934990e-01
1.254289340738620195e-01,1.465856237291048580e-01
3.478959918239656838e-03,2.762676705724802098e-04
1.681848287006158446e-02,3.101169784719550598e-02
1.663988124928479917e-01,2.038110803369502233e-01
7.592558923420318628e-02,8.249503137905665751e-02
8.926277820924123640e-02,1.256012354420454058e-01
7.326396084683464011e-03,5.656801314505067318e-03
4.579568080060327645e-02,3.702953898333874883e-03
5.671857370977735346e-01,5.194819435389121942e-01
6.015451848489532238e-02,6.360977531132537555e-02
7.675058957460561583e-03,4.814308015153105982e-03
1.424334431113404020e-02,8.192752285208082172e-03
6.291786393268783428e-05,6.830841164533885254e-05
2.647716087724890852e-02,3.992517899273015369e-02
1.071232079191507675e-01,1.582996709571273808e-01
9.647835330791892580e-03,2.233871256021187704e-02
2.176841191110880439e-02,2.095162380873177507e-02
1.230112684362259963e-02,3.289402582691940136e-02
1.088150883452600019e-02,8.592029481394375043e-03
5.242548990411360216e-02,5.516861949968260292e-02
6.751932071229049814e-02,6.168297826463819966e-02
6.590307801757647362e-03,6.298657425606409748e-05
2.213197149627828819e-01,2.155868346787869760e-01
1.357743587665497242e-01,1.187986336395280146e-01
2.508139621625385222e-03,1.327603942034589861e-02
5.883911511546102702e-02,4.754597518695772435e-02
2.465113072414109544e-03,1.204650633765160097e-04
2.324752209783489260e-02,9.681955361270616622e-02
8.882563306222589217e-02,1.173747593576382753e-01
1.604306743827345894e-01,1.046891413630362533e-01
2.334820730300000632e-02,2.383862558139944812e-02
2.017096259791008317e-01,2.272375269884276960e-01
9.595961010640280398e-02,7.685841802634162112e-02
3.906435680273057098e-02,2.064700497367314910e-02
1.745827275894039007e-02,3.538801887779132599e-02
4.993821884517681831e-01,3.675292142438379983e-01
1.660438945814411704e-01,1.181338312846934302e-01
5.832785367540776339e-02,6.035238603231142529e-02
3.684716737880643078e-02,4.706258483523664826e-02
1.965259169408435994e-02,2.665851977392931504e-02
5.916696436631823947e-04,9.150025304369263963e-06
2.721272192289358322e-02,4.422203932098154461e-02
3.379697634543873952e-02,2.383983255317826191e-02
3.021007292863202688e-04,2.038328640651632605e-04
1.136926965416853791e-03,9.578046941034323164e-05
1.174370714157299198e-02,1.549592070816797331e-03
1.189088156937406771e-02,1.466248130558829577e-02
4.257732678740692722e-01,3.916629083980183723e-01
1.951165729191262077e-02,1.759753284335930854e-02
7.202538363204291812e-03,7.373792502668356265e-03
4.424207276620709291e-03,9.135927944510909221e-04
7.528887351060298272e-02,1.173023408456358024e-01
1.534188352347433115e-01,1.547505847499153209e-01
7.376576562776746560e-01,7.560663884046446848e-01
6.969439772966964756e-03,1.949023889562223263e-02
9.036924830622575233e-02,5.446618873366775027e-02
5.704791664453773975e-02,6.582400852836760297e-02
2.613664792211318685e-02,4.738769629225743352e-02
1.509488226998915994e-01,1.930509230918506236e-01
1.525018652254837015e-01,1.339377978302694894e-01
2.668187412140319292e-01,3.075463990630907252e-01
9.332426722857465294e-04,3.363946010924330488e-03
2.822359949363771256e-02,8.387380099379867018e-03
1.362981489130443702e-01,8.620620684584472115e-02
3.943256695482161463e-03,6.025420783109068992e-03
1.007450727108953337e-01,7.923415385585851067e-02
8.205945674068730600e-02,6.322070021693311503e-02
2.660099969360866234e-01,2.816300892798109801e-01
5.449026342196541112e-02,5.604257104247171301e-02
1.552678161891032915e-01,1.662112359684396190e-01
1.759352123600565199e-01,2.200077216735721319e-01
5.377772943479155326e-02,6.274958455522428036e-02
6.423504441567472190e-02,8.139488076974361885e-02
6.071895420095857357e-05,4.794089824095678547e-05
5.463313540475162045e-02,3.475664335931681614e-02
6.425210241387403487e-01,6.313993122994258078e-01
1.684152800188673804e-01,2.597787365590126241e-01
8.328595650163030453e-03,1.460534415649592313e-02
6.773965841425077031e-03,5.686854837557341058e-02
7.437820853054268218e-03,1.565844719338953597e-02
9.098228525406513740e-04,1.540019786146979873e-03
1.047968908337562274e-02,1.652258184105119543e-02
1.218547701861592697e-01,9.354130669527951913e-02
1.295149477418395048e-02,3.881146382472047685e-02
2.854142537868909618e-02,5.120280510581722705e-02
5.515609870113626079e-02,3.713439283010953884e-02
1.810297492366483947e-05,4.057416827603462645e-03
6.294344597165118030e-03,8.864492146778884044e-03
3.242647613330210381e-04,8.076834475587514649e-04
2.947097545139849839e-02,4.960652586173342621e-02
7.958430786403210278e-02,5.924962393864560001e-02
1.047352603967276457e-03,2.670371723144889832e-04
1.152150675946898156e-02,2.629141943810108829e-03
2.833673401990409804e-03,1.269442579049843631e-02
4.486712597054070550e-01,4.745229089670369160e-01
3.532061687758596136e-02,3.850043439511727228e-02
2.051780751909254574e-02,2.658558165759494080e-02
1.040764430173332505e-01,1.250102099539653622e-01
1.582940021798013089e-02,8.801495064201577539e-03
1.197003872715332595e-01,9.182816737800916784e-02
3.121895056158990878e-02,2.326979507964765242e-02
6.257646390479498777e-02,8.597587255315371213e-02
4.358516509453058685e-02,5.506249969689624990e-02
4.373396333338999686e-02,7.841099193545691959e-02
9.919876850799924650e-02,1.362524682300260415e-01
1.086761490218792064e-01,1.479979447020561834e-01
2.209608192011470323e-02,1.900388356695622422e-02
6.206097440752769701e-02,6.176325495147069050e-02
8.802863301591011894e-03,1.621060279103832269e-02
6.108448399009721447e-02,5.310269243171935466e-02
1.714268245705109772e-01,1.112396556245905249e-01
2.703591734823177495e-01,2.720087881335426228e-01
9.677725427586331662e-04,9.220600244156497774e-03
1.117741448269357063e-01,1.116537005251973386e-01
8.936074364265031433e-02,1.044513195275492967e-01
2.347072700743977822e-02,2.123263655629174795e-02
3.040491636645151208e-01,2.645737966008003816e-01
7.452712879615455699e-02,5.078860470960232243e-02
2.058638741061953881e-01,1.598993085793184166e-01
5.072517608177104509e-02,4.006232517037421753e-02
3.201894789747652265e-02,4.112144923666160440e-02
5.532875239747619966e-02,7.244016611503838188e-02
3.046316497338239296e-02,2.397774515013077756e-02
9.720893185746258200e-03,1.031884887411377728e-03
6.520930699628427196e-02,6.878721351470996892e-02
4.090483560623838638e-02,1.373165253158350335e-02
9.814584528165151700e-02,1.166542729391792238e-01
5.003483755783056930e-01,5.989941986590572309e-01
6.063915476178606545e-02,3.346894606397495670e-02
4.511902959104988065e-03,5.422130532350561034e-03
8.766768394981772072e-02,8.887029818933325775e-02
1.166745503726731182e-03,6.847476661738178920e-03
4.229031380452070721e-01,3.505419064232047077e-01
2.814900100062361354e-01,2.735130957553275621e-01
3.259047277339365364e-05,8.556180539758277605e-04
2.369791285166531966e-02,3.295211041506240085e-02
3.903839307507354084e-01,3.819019152930098193e-01
2.374214397510035213e-01,2.908323346309571455e-01
4.422008103181573370e-03,4.438246213865588291e-03
4.772102147100126812e-02,5.011828506550728562e-02
1.195401970877876252e-01,1.045769432903118218e-01
2.390999190922313625e-02,1.535644344360968111e-02
1.355550252646400278e-01,1.691869290128759917e-01
3.487964762431470245e-01,3.908016649912390839e-01
2.025384445584714130e-02,1.812052606199282892e-02
1.467571057820367918e-02,3.862432602317008613e-03
8.571406119013671998e-02,6.843479386674193587e-02
1.210969749187827127e-01,9.766684437797328033e-02
1.087797487787789952e-01,5.574218185330364478e-02
3.882886638629184928e-02,1.331885889684872488e-02
6.212527604693088984e-02,7.757794816185678566e-02
5.568723646503132702e-02,6.038088080664098106e-02
3.505493427256950890e-03,1.152326324650421868e-02
1.500104348583689365e-02,3.268661393196319043e-02
9.264165745999234161e-03,1.626388824369978670e-02
1.643343146524315623e-01,1.001897404581959528e-01
1.567749638745609408e-02,3.788831274701262922e-03
1.900669585321104055e-02,2.138636911068207691e-02
6.929290508020105599e-02,8.103636824256721383e-02
7.563338302394987701e-03,1.367253817072352183e-02
5.843515554662967980e-03,1.822283334977955332e-02
2.438230120146931898e-02,6.125769753674809026e-02
1.814042320562310115e-02,2.546026532770809259e-02
2.255175672291362225e-04,4.571465408031605716e-04
1.962336964913176940e-01,2.248544307159420774e-01
5.852765346488150722e-02,7.395232997809686459e-02
1.794909257738100949e-01,2.311560075321976993e-01
1.719931709546372589e-01,1.467638783992110951e-01
2.630079508683278999e-01,2.825940651585021612e-01
1.489061016180565911e-01,2.097412134693539820e-01
4.683411444334629331e-02,6.957897683676630973e-02
4.083859414946013067e-02,5.794692999521533494e-02
1.813485466741571184e-02,2.343375630123249124e-03
2.676362737903603128e-01,3.234682196608817395e-01
1.862155956380802044e-02,2.531297112388812900e-02
2.063872163592702508e-02,6.371034145889467419e-03
4.534529981238170915e-02,4.375343221690894402e-02
4.597375844733007227e-02,2.314718749143274482e-02
3.209726045308156084e-02,3.816652792063422034e-02
5.376384962907137383e-03,2.543935139607528435e-03
3.377228950751936382e-02,1.543748439772052970e-02
4.941343634753238290e-02,1.854297581332076464e-02
5.405900802600484972e-02,4.964332348082900470e-02
1.781627441895479447e-03,1.744567117463047962e-02
9.861374672022872601e-02,1.431718364174801861e-01
3.002680745388026928e-02,1.389974647823973876e-02
3.306734841131010044e-02,9.832014773384039133e-03
6.308966547528781915e-03,1.954985496416440736e-03
1.445726458403196468e-01,1.078591486064616467e-01
1.082717981954640614e-03,9.934486404435295551e-05
3.067090577341340940e-01,2.212416707298276997e-01
7.960896252483078139e-02,1.254730976653927743e-01
2.211417491518078982e-01,1.580383781234860341e-01
2.202880652365896651e-04,8.417518030856750016e-03
1.208279698388410595e-01,1.044751767681619259e-01
6.864688996650888941e-02,1.299382412774515438e-01
3.080290509629947104e-01,2.764472662047112728e-01
3.167906892005904751e-02,2.830331932649535892e-02
3.811581584447716435e-03,4.245846536320561425e-07
2.220290689339197987e-01,1.511399801537922638e-01
1.755592072163646433e-01,1.530838648696381254e-01
2.331081842562344325e-02,2.073426069849882564e-02
1.815867829164359570e-02,3.412929784984878451e-02
4.690709663392924299e-03,4.064737798309252595e-03
3.623107818808941200e-02,4.309521628782705949e-02
3.539917291390196064e-02,5.810322902929555139e-02
2.397933733985063709e-02,1.695858896982726030e-02
4.733635639141944157e-02,8.208287811989720129e-02
3.603421699483886909e-01,3.509406832893769979e-01
3.905567283334954731e-01,4.257151650904544282e-01
6.615157286828322360e-03,6.418728360457957166e-03
5.032642440097852624e-03,1.685447917543076574e-02
1.838909234658115885e-02,2.746750421675270629e-02
7.900883860651157498e-02,8.727002905828132318e-02
1.454058934066401526e-04,2.246831107797568313e-04
2.572759114167789130e-01,2.893146695118788969e-01
3.928040926772063957e-02,3.845694626492749540e-02
9.740767026204516510e-02,1.162251897988062083e-01
3.897698957229337596e-02,5.938710951514323405e-02
9.467459279668598293e-03,6.881907714552505662e-02
5.318068172193939069e-02,6.390176320544913025e-02
5.321574984356176180e-02,5.038086513918115655e-02
1.231685823059591020e-07,4.054383565584247784e-03
2.021578987202663283e-02,1.769640894043947223e-03
2.451233702097377343e-02,3.141242486554422873e-03
6.946448349197906517e-04,1.219266562434040933e-02
3.022364296684978968e-01,2.679142808451061009e-01
1.601428423991085315e-01,2.259381624282599532e-01
5.712504424208259685e-02,5.049074094546391472e-02
4.948208230159679977e-02,7.809301573099668159e-02
5.575501652835266331e-01,6.614267875975305966e-01
9.476581502232145349e-02,8.031013274106063582e-02
1.718982790509047676e-01,1.940724017025453330e-01
8.738455969909730836e-02,9.081335749130432788e-02
2.286690136176800989e-02,3.018245207486461648e-02
1.705200014514942630e-01,2.169766328142550271e-01
6.418363518946704205e-02,8.198960556309245473e-02
1.671132120616798111e-01,1.583332506670890039e-01
2.734263060411384200e-02,3.341789694859462201e-02
1.969561501375645396e-01,1.265249434154570030e-01
1.050888984598264825e-01,9.764559482276465030e-02
4.740846509308204587e-02,2.057832499685367106e-02
5.187899910118788371e-01,6.256825221959213534e-01
1.417276050812692895e-02,2.443247994614918331e-02
1.869269893509062364e-02,3.661510942023109283e-02
2.252529233463572075e-02,1.685461039517742454e-02
2.629029334085864478e-01,2.406579359065365575e-01
1.947144555836868157e-02,3.082974312164667163e-02
4.402624987328288518e-03,1.150067223294386730e-02
7.575089863406696744e-04,8.165489506788432718e-07
4.408250671170377971e-02,5.082234313003110293e-02
2.413769287175877160e-02,1.394105551730810515e-02
1.232878783875379939e-03,5.569613910033386706e-04
4.559767148766435962e-03,6.162657535657240990e-03
2.144269201513967268e-03,1.823473993442610878e-03
4.431457969246966888e-01,4.193465849669864021e-01
9.547006502071066214e-02,1.076701800258262204e-01
4.810325029217874925e-04,2.644834969573414164e-03
4.119216637507230362e-03,7.342806592415444073e-04
2.965622691393058896e-01,3.138454536992640320e-01
1.240980944593059188e-02,5.090459774345404073e-03
2.521633309677378393e-02,2.467550083695034188e-02
9.892369158581000577e-03,1.263980401188019749e-02
1.122496973921385810e-01,1.385563385092837274e-01
2.913572123609682596e-02,2.382666657556118534e-02
1.284865469984671493e-01,9.089774617791299138e-02
7.603967473042473613e-02,7.776247046423138964e-02
1.430663934927252079e-01,1.167574282897107935e-01
7.108516354676010229e-02,9.542035205544349696e-02
1.245282529468723504e-01,1.209014003101593904e-01
1.011032501511686388e-01,8.168352217533747517e-02
1.573918128810488509e-02,8.908162561710241539e-03
1.548945492365604026e-01,1.225028260773260852e-01
1.467985431803796271e-03,1.027818175644022204e-02
8.502741956198599238e-02,5.800536324881847700e-02
1.107738887639370950e-01,1.026273987251741099e-01
9.412327628256084155e-03,3.975793551991417020e-03
4.427411716098359623e-02,6.416639596371534471e-02
5.425344704357412152e-03,2.072338665718736345e-02
1.314855767293311162e-01,1.389675233760360729e-01
4.322911532209254559e-02,3.140961790279678256e-02
4.534118203240676270e-01,3.698495783446739682e-01
1.175353183903517706e-03,3.787625431599332421e-03
5.925247742049142424e-02,8.838594831315901845e-02
6.487460638689483694e-02,7.637790799352868476e-02
7.574716973570398562e-05,7.270004897413048774e-07
2.820210127046806070e-01,1.880032895394093961e-01
4.592763933933761977e-02,7.379572360321748348e-02
5.005874560245722193e-01,5.840326738245704696e-01
1.503525550585676773e-01,1.517931997172516645e-01
3.612992354864640043e-02,2.597809934183281308e-02
1.045748819035570692e-03,1.080667831589453796e-06
1.443318672405248472e-04,5.987490797711639409e-04
4.063345144650962193e-02,2.074935175205769658e-02
1.518562538342037305e-01,1.649035616054364828e-01
1.056080964095662891e-02,2.044184864414631472e-02
1.198946838116625863e-01,8.275910228928989865e-02
5.401132041773842873e-01,4.617922099542225989e-01
2.895425927864998111e-02,4.432933942125239640e-02
2.615819028992233397e-01,2.583902618047283495e-01
1.796899473304026384e-01,2.180752977168580187e-01
3.466472154745973804e-03,1.535769139741963423e-04
3.192892343108164055e-01,2.195658888058589775e-01
5.322453748425722692e-02,1.359573011575572130e-02
1.765059690621179900e-01,1.780427992340217480e-01
2.591220670165315237e-02,6.414247690093251297e-02
1.119342891566287440e-01,1.066760989615715416e-01
2.169197166399966167e-02,2.917040254964570201e-02
1.193484474509566573e-01,1.338291396507441944e-01
1.450948583798234715e-01,1.647112572495756100e-01
5.369230946919973865e-03,1.408012776180492217e-05
1.976149962674156671e-02,3.004123060403955311e-02
1.606601437281502277e-03,2.147503531934221235e-02
1.142417086704270411e-02,1.367527811667009277e-02
6.398778552220711624e-02,3.102193550332330019e-02
2.328344309393025943e-03,8.701275379996586024e-05
1.627924550728380160e-01,1.890323131575250282e-01
2.524172717884956563e-02,7.189077739355454778e-03
1.563261716836278903e-01,1.876813892241665782e-01
5.312385686996506234e-02,6.205158737758819515e-02
2.832486952361924770e-02,6.165018953299994039e-03
4.002292693013111483e-03,1.004075772854172086e-02
1.418012045763419535e-02,2.884371042902058365e-03
3.250624250360632100e-02,2.359999666249488690e-02
2.682110496016493900e-02,2.496796406507763993e-02
1.816067529881371448e-02,5.262880662383119523e-02
1.046455704817410848e-01,1.106834276618838819e-01
2.557536979090029375e-02,3.087647553458712849e-02
8.347600399152096950e-03,2.433211821938303585e-02
7.013051905059763946e-02,8.572698676920260941e-02
6.114606664837324984e-02,1.160790479870057318e-01
1.622884486483782730e-03,2.453201590813423698e-03
1.880268716485903116e-02,2.992772090773739013e-02
3.559682040639539774e-02,2.156305061964960620e-02
1.968861736738561352e-03,1.080150135610863648e-04
2.019455647506593690e-02,9.808293789688241060e-03
1.896961244137520264e-01,2.908568404516445605e-01
6.601849667665281307e-02,4.588886700379671280e-02
5.050012937189255618e-02,2.008581387050366665e-02
1.975916476664593083e-04,2.161074401022454634e-03
5.262961811663677963e-02,1.050915908032586110e-01
4.936155396362205128e-01,4.892704832572394857e-01
1.037766738674436237e-02,1.732798336596142602e-02
1.089649432102979265e-01,6.591349564791257332e-02
4.276948371081426559e-01,5.362478402953659851e-01
1.778494031482364887e-02,2.304489764731346146e-02
1.564306616131948269e-01,1.214567681960364021e-01
2.033304460727705654e-02,9.704698416854696044e-03
7.300159454673969817e-02,6.225648078118045659e-02
1.264866861972141765e-01,1.285266209583991182e-01
1.803878005310753305e-02,2.911844360512191171e-02
1.913642360012276621e-03,5.251252187981221079e-06
1.622635253581501957e-01,1.174915854074791294e-01
2.678612598423655844e-01,2.438787437010525860e-01
3.614819557199325240e-02,3.620749089942612575e-02
3.337355407705049071e-02,2.164980630223656971e-02
4.204019814240664288e-02,5.336736474727622748e-02
2.047353956358880789e-01,2.040120507041194575e-01
1.545039568118301843e-01,1.940827344261396026e-01
4.575669243483962900e-04,4.084769216533675203e-06
3.945478294404191483e-02,3.844297729213305009e-02
4.304451125330515868e-03,7.592820633145513139e-04
5.115457626179080279e-04,6.545127190279383805e-03
2.820001796777433234e-01,2.937959192828188959e-01
2.026776222559825424e-01,2.051179275352933429e-01
6.883118341000567762e-03,4.517758523629258199e-03
8.765353566043219274e-03,1.569555499248324881e-02
1.332357620133855234e-03,1.434495906751490253e-02
5.112000279610636085e-03,5.953698001357779664e-03
3.474139343640454958e-01,3.771515189841018745e-01
4.146152091492454755e-02,6.370227367029332455e-02
6.250853682958770058e-03,1.429255003826781015e-02
3.644224622562292071e-01,4.504529493199783685e-01
1.791430646549829352e-04,1.700616488205157137e-03
8.513868932995258265e-02,6.961871448271630958e-02
7.743244782811306917e-03,8.880424744362382106e-03
5.054837024442006103e-03,4.858286592124819828e-07
2.952659084441706938e-03,3.445207948761433176e-03
2.218478658315144528e-02,2.601057042558786031e-02
1.357020079385545530e-01,1.671468452273289773e-01
4.298713615474363328e-03,1.348096727209477548e-02
8.266379854069280057e-04,7.928104066314246520e-05
6.539413253509691881e-02,6.187252935328060865e-02
1.298572056095037563e-01,1.022095914599047972e-01
1.322965869576309128e-01,1.303570360243745396e-01
1.325443881069167048e-04,5.607656824500007554e-05
6.886875031673241054e-02,6.479534645731778453e-02
4.596878217311761161e-01,4.863070836370341765e-01
2.404325574630601925e-01,1.641262972844642620e-01
2.706785084106059780e-01,3.249787010500402862e-01
6.086731043199043734e-02,4.786279205152369626e-02
6.813871877090058038e-02,1.064992072461094924e-01
4.549082974847019380e-03,2.056107344759735764e-02
4.368976855590937791e-02,2.249822454441370578e-02
6.411136926159137772e-01,6.444296493557032379e-01
6.624382814877560754e-02,6.075622170279607742e-02
1.178448147711201738e-01,8.445910258806803295e-02
1.649897102548418815e-01,1.876997697840285251e-01
8.437162922814132882e-02,1.450022319978377938e-01
1.562609678285372880e-02,4.049243930590017831e-02
8.659738207678348634e-03,9.294926512838782087e-03
2.787828174197614639e-01,3.204352181860086746e-01
7.143549733126233238e-03,6.266606358178476548e-03
1.273727641561223645e-01,1.779315026019153700e-01
2.152747144564136905e-01,1.811125916115506607e-01
4.928708440289819581e-02,6.080679859463729298e-02
2.171561672863106507e-04,3.412559131918793821e-06
1.090952880055702685e-02,2.524839178054412089e-02
1.244090645393794176e-03,2.094587968821864064e-03
1.539413059170596440e-02,1.424906381553292349e-02
7.736673856948869665e-02,7.362648305408368843e-02
1.797462177243298181e-02,1.653633837551848895e-02
4.094571793570348645e-02,3.558518852431930696e-02
2.350485087971926346e-01,1.887405509562613826e-01
2.799604342339145902e-01,3.007430784783160505e-01
1.771961920257692780e-01,1.386929186368828504e-01
1.110486530690663470e-01,1.280464328953463127e-01
6.717280029964822242e-03,1.330211442905085244e-02
2.191038225677591489e-01,2.221504171481041012e-01
3.076711477218931901e-01,3.610074461818412184e-01
6.423611467334226083e-03,1.319532308395042789e-03
2.774050914298339943e-02,2.532577818927850624e-02
3.567347463553751708e-04,1.363881131369546265e-02
4.843132336927170184e-02,4.565869442048916399e-02
8.986173719188898790e-02,1.258235419431154301e-01
4.679194159405132281e-01,3.698121147677878584e-01
2.343824297102713727e-01,1.925912822208393493e-01
4.735909979348001397e-01,4.524332798062603023e-01
1.394330393644654768e-02,7.690253778291371647e-03
1.758766727935323713e-03,8.113937354290367762e-05
3.715304012343438600e-02,5.887154543486727842e-02
1.743811594341866389e-01,2.101472557470541180e-01
3.840364788539696837e-03,5.765760565308510055e-03
4.354647295121190365e-02,3.742673500470079795e-02
6.923192584511987657e-02,3.508042070399296219e-02
2.281773425663601029e-02,2.700446654154051510e-02
5.553036457796867165e-02,5.531218505978050676e-02
3.879861817769047344e-02,9.070086434787588692e-02
5.636769340983491277e-05,1.160102304545342598e-03
1.855051637853620539e-01,1.922377567387875963e-01
7.942057016897106914e-02,6.778346730903252182e-02
5.621718200097110263e-02,8.345010717260925581e-02
3.174584731850388364e-01,2.504143469218921836e-01
5.075582430903385900e-01,5.360183080282406864e-01
1.897022681941752942e-01,1.428610029464165154e-01
2.562231579458620900e-01,2.940727606884625533e-01
9.072168924059624551e-02,1.156618473969957261e-01
1.801424520423583475e-02,1.251282732129556027e-02
4.050031132761656161e-01,4.472348425648997594e-01
3.730886097012202363e-02,3.152948175256518187e-02
2.045126139795477860e-01,1.781155257299290862e-01
9.245861258678982064e-03,5.211272766908564731e-03
1.695566221647284710e-01,1.475310830638005000e-01
4.725359531989007517e-02,4.982232005343322639e-02
4.862812709780997555e-02,3.322701457398490738e-02
8.823511008443157833e-02,5.962273320425413858e-02
2.518268517946517515e-01,2.012494341253358021e-01
1.978733549121111102e-01,1.939998547552173047e-01
3.271358038074890368e-02,6.447747948588085365e-02
9.181500758569281773e-02,1.046391872049131505e-01
4.335477824322482299e-01,4.167314477810326601e-01
4.355173491781041961e-02,2.898337848413035794e-02
2.460261271781575554e-01,1.850759015484787495e-01
8.793650005789926949e-02,9.798423295525401922e-02
6.201052471907378058e-03,7.128771726693969649e-03
1.158306369348559295e-02,1.509397850513319317e-02
1.027858121189520989e-02,3.681628291222225745e-03
1.644654536610633266e-02,1.397425836013634938e-02
1.511253549986319167e-01,1.904468256102522239e-01
4.873766928424057981e-03,5.085402151272153809e-03
1.306254707596496119e-03,5.523557552723312678e-07
8.506527376261721618e-02,9.153628451723541670e-02
2.997444327080938872e-02,3.958978069147525702e-02
5.408669098010657900e-02,4.660308434267499550e-02
3.245736233843465879e-02,3.788024684083250021e-02
5.497201842426413521e-02,5.249597312548417299e-02
9.423753522094820145e-02,8.170089293939343522e-02
8.072781017879505638e-01,7.319786845527068708e-01
2.433007187772230975e-03,2.375381410102006367e-03
1.889008613640135448e-01,2.616439937217563405e-01
8.625486222427654337e-03,6.019506197489110991e-03
8.001297311056773665e-02,7.011472525770499897e-02
2.216909353100825486e-01,2.078533424751694558e-01
3.056676115749020206e-01,2.829679557000370771e-01
5.411413660490358435e-01,5.474616222582363578e-01
1.523410488257281592e-01,1.501783835947743673e-01
4.856576111900048898e-01,4.646571835822668195e-01
1.042498921677925683e-01,1.220661161070475259e-01
5.792174179679536461e-02,4.143410029123213711e-02
1.538060692457153197e-02,2.474646602559958664e-02
7.472769938658936628e-02,6.425571300727575541e-02
1.565601797592111079e-03,4.864558781744831792e-03
2.005172318130240272e-01,2.181017606244912699e-01
2.483902699111910015e-02,1.752983278824182117e-02
1.144008212173188432e-01,9.897834925872152356e-02
3.749769602426837600e-02,3.417823784536706822e-02
1.112188245334286459e-02,2.154130318053202025e-03
2.163555827389045672e-01,2.175023753592738307e-01
2.643413640948460985e-02,1.936367251240728171e-02
1.276713013684673860e-02,1.671244193779702555e-02
4.070981125215323293e-01,4.809866355083603495e-01
1.757467216392234050e-02,3.433699636998865240e-02
8.244216669158097033e-02,7.100217303236808220e-02
2.330431971352541209e-01,2.223597879067083227e-01
5.368579286318591048e-01,4.865613790162216512e-01
3.691188440590965208e-02,5.273737313126910381e-02
2.458725186715561561e-01,2.834260666396269390e-01
8.044487432681449168e-02,6.978864224623368417e-02
6.243886393443114080e-02,8.538793674373525155e-02
7.411957999349436110e-02,1.493081796527409300e-01
5.143820184343921714e-02,4.317045353822694664e-02
2.097264934525967239e-01,1.917017544526903317e-01
4.940549192587957994e-01,5.234360733498778506e-01
9.181313031000778307e-03,4.243629437882832055e-03
2.124281331558804109e-01,2.429609567405755233e-01
2.002134621493656397e-01,2.058085853739791693e-01
6.216271613819977088e-02,5.508386641152222818e-02
1.001229233913670108e-01,9.764953704201520535e-02
7.059806256954314664e-03,9.788676420123812102e-04
7.168511382285388048e-03,9.945663432933814219e-03
1.619782118753555489e-01,1.926149631494449843e-01
3.332205147144816598e-04,3.123395365388193607e-04
7.194266695460843630e-02,1.109635273309466791e-01
1.484041944997268048e-01,9.735389813105743695e-02
5.444189453521576299e-04,3.405414463709289120e-03
1.083719480708998303e-02,2.701266476976552783e-02
3.116014703624736190e-02,1.927330256414746049e-02
1.223991459481250758e-02,2.552384026342948559e-02
9.807392687498489581e-02,1.001185270482362333e-01
2.912071558456155382e-02,2.808745842666618767e-02
1.896442510800918843e-02,1.671912141458614665e-02
1.278042196274880860e-01,1.109684701495196324e-01
6.206605173973610279e-02,1.240624578425013197e-01
4.052970945631406696e-01,4.056053188095837259e-01
7.532234324530312497e-02,1.100810105647897774e-01
6.224781576622868962e-02,3.825393357764621943e-02
3.923090622752602868e-02,4.382423454922947798e-02
1.069379188245492274e-02,1.981758045643563712e-02
5.551374559123987973e-03,9.006552116763837448e-03
2.232966677480882067e-01,2.106247368459425451e-01
8.987377219560541142e-03,2.518679015233436097e-02
2.773978833824663256e-03,6.699140895971721424e-03
3.066561927055184988e-02,2.971295806211320806e-02
1.072318602152342530e-04,2.949948837443688160e-03
2.257685377577681521e-02,2.113285303255307140e-02
9.836587181529341528e-01,8.919436926725771153e-01
5.630562349311800385e-03,7.337185278338851507e-03
5.336412937989001293e-01,4.799553748601167458e-01
5.374144089817659703e-02,3.745775188492846131e-02
1.356383111277389931e-03,3.990353019673305822e-03
1.508760626472255980e-06,1.876460806459527984e-05
2.766817665749205304e-02,4.757047120305649135e-02
4.335921711218415631e-02,3.709539025251267635e-02
2.868059439458640197e-02,3.702903701030395289e-02
1.405246701702305735e-02,3.690492967571425403e-03
3.229480802391691552e-01,3.341582102387135600e-01
1.882968689559734454e-01,1.661300045662030822e-01
1.494054909088803618e-01,1.533869734644510707e-01
1.918893203183368035e-01,1.051966802075244151e-01
9.868597093685786692e-02,9.779586494667756591e-02
1.461034938449182891e-02,2.311729305392607944e-02
4.372010255236381468e-03,3.309533687562211837e-04
2.193643817683191017e-03,1.355707385520867666e-03
4.944594139041410402e-03,2.849868670548568795e-04
1.427252437047148159e-02,1.278833496226673737e-03
4.733227230760135400e-03,6.531989384166916358e-03
1.241620740668513412e-01,1.789205504994437201e-01
1.318744699686877006e-02,2.143491316216617273e-02
1.838510137473924749e-02,2.191298251877101325e-02
1.315582512643840782e-02,1.139636699981530716e-03
2.964838150899235664e-02,3.610303573303719898e-02
6.581986751314068407e-01,8.325450217678914688e-01
7.240574732892854359e-02,9.126557879235994153e-02
4.687277448241434423e-04,8.375147413876168778e-06
1.423232074666269014e-03,2.615841049433186537e-03
4.888537736098028975e-03,4.336576047801351391e-02
4.929403234605356926e-02,5.004842750452716260e-02
2.919384896161296081e-02,2.664988467319790236e-02
1.611671172399051499e-01,1.856522480139041475e-01
1.006923520948597300e-02,1.266087565986103239e-02
6.448111699172780209e-02,5.146045160429079529e-02
5.730889847935537879e-02,5.700200566754751869e-02
1.446125869902345207e-01,1.634095970234909212e-01
4.680995515929362027e-02,2.750004640655642416e-02
1.765460294487562476e-01,1.653694448754181590e-01
2.795120112865368545e-01,2.803036286401172084e-01
4.365109985228936978e-02,4.097652740244559638e-02
6.991160683544454801e-02,9.685860176762678408e-02
1.732950468742232124e-03,8.149881550594815713e-03
1.248470335642853507e-01,1.625014365236291114e-01
2.482559645715869470e-02,5.971460976662433702e-03
8.054845481444954103e-02,1.401067883955473825e-01
4.762288219090108569e-05,3.074066502344200823e-03
2.146321451059991087e-02,3.136296491089000937e-02
1.872738854287930854e-01,1.731304816996487583e-01
9.475118574027002402e-03,3.301116565360205472e-03
1.177788448790964976e-01,1.183356128993731243e-01
6.131301960469303508e-03,1.245817682239886467e-04
1.623561209943101200e-02,2.447761400497142428e-02
3.179918715173351423e-02,1.759516158583510417e-02
1.773945430486635333e-01,2.636580535165788386e-01
1.908003302836402959e-02,3.569258819313348135e-03
3.507809772638312322e-05,6.694347453924383122e-03
1.356961304197682738e-01,1.449195779590024824e-01
1.157992105445489021e-02,6.578757805123530700e-02
2.996286712807051389e-01,3.242413120875092258e-01
2.112475533018477389e-03,1.767635463166436450e-04
2.218655830449342559e-02,3.768835685663231294e-02
3.577731415226587663e-01,3.404557120699038819e-01
3.326604514634232297e-03,3.308879625864157459e-05
6.234874788486988000e-04,1.572104875119195266e-04
5.989629095018127181e-02,9.921445839463496896e-02
4.167103592700702186e-02,4.477287537134502782e-02
6.940412713786714427e-01,6.201328373588400611e-01
4.930970195573070557e-03,3.605940175576593382e-02
1.978792177999675380e-03,4.465402422643068589e-04
4.806797293852253794e-02,3.959432882470951404e-02
1.990198776591923235e-01,2.437330591436546179e-01
7.947128675702193768e-04,6.825132357470177621e-05
1.916813474948263207e-02,1.671678668448921962e-02
1.118484698390993575e-03,1.771068250484774352e-04
3.881962166543083122e-04,1.604000268854667913e-02
4.336597539660902445e-02,4.363832717585924142e-02
5.246761147753129656e-02,5.568419783765719139e-02
6.789103312348147672e-04,4.154609127116707106e-04
2.700431589671036707e-04,1.125894698305921447e-03
3.474218445434472113e-01,4.365966646405817775e-01
9.638470287618342014e-03,2.048007291289949752e-02
1.737466313030529286e-02,2.120329968325998862e-02
1.024190218604025091e-04,1.630184949174816669e-03
6.418698023363150762e-02,6.803712347662140003e-02
2.240982736060598557e-01,1.362304513815042195e-01
2.108079204806390938e-01,2.913037265903899997e-01
5.847769330620343486e-02,4.162014185342662737e-02
1.904969995875606002e-03,2.821512784029473701e-03
2.838056892670916612e-02,7.495680052552991524e-02
1.554908419932719277e-01,1.674645982489867124e-01
1.056425472013012706e-01,1.284376254872241496e-01
2.231068334718541435e-01,2.091631567894876309e-01
7.235025126678062968e-03,4.444239163979626754e-03
3.808486821406136813e-01,4.213747006161306929e-01
1.803446779520079257e-02,2.513815020142255025e-02
8.923474423552882340e-02,2.755260759710685334e-02
4.630058459433220724e-02,7.375985268101793724e-02
9.034615981678461357e-04,1.934412045316972334e-02
8.539712097510807065e-02,8.060780541342325856e-02
3.499520017812070560e-01,3.145001032942433827e-01
6.829312855173708466e-03,1.266059137452300865e-02
1.746372106138280866e-01,1.380001142784873513e-01
3.296987453250909139e-01,3.776836205901314414e-01
3.590067875590413713e-03,1.467398051720674801e-03
2.482565657410682955e-02,2.372204550552161131e-02
9.566886623708867332e-02,5.104021526927051550e-02
1.306249560703605372e-01,1.425341883560128364e-01
4.786709167578903981e-03,2.375600418656230190e-03
3.337789090489687652e-03,2.164442025082204037e-03
9.441577823698804953e-03,1.009439062993064580e-02
8.919336628796342703e-02,9.047867508114872115e-02
6.308507792435635864e-03,7.181256169225243638e-03
4.143566688839005890e-02,4.464791073234069402e-02
5.797051042479136641e-03,3.530434364682650660e-03
3.342271409612345701e-01,2.474327899340565406e-01
8.534382183204182806e-03,1.848264409595358482e-02
1.029526146268499101e-02,3.458909230123544815e-02
1.039045584885275875e-02,4.945014759095897432e-03
4.582463855342985143e-02,5.513815453251667831e-02
4.649509320159246895e-01,4.287878343450941543e-01
8.909119630519568914e-03,2.217464796655695125e-03
2.829635437980085669e-02,1.421230649549239458e-02
9.198615072081046951e-02,1.189944273021913829e-01
2.068958808097885460e-01,2.114436355668348755e-01
6.230214652100551920e-03,3.636347558425335222e-04
1.745800881025413517e-02,1.646150891760641069e-02
2.791051597123737839e-04,5.886756635891741973e-03
9.637268844663093859e-02,1.008833015075311507e-01
2.720179991240387167e-03,1.311214166702584367e-05
8.433701415342313712e-02,5.781324487806915879e-02
7.297133861016495970e-01,8.002505297020346964e-01
3.907167636232517643e-03,6.117359828573590980e-03
1.355968903369261444e-02,1.828764158490856634e-02
3.882064259895827690e-03,1.405770838584719656e-03
4.722059608914921935e-02,4.645058562456528400e-02
2.001983142362589313e-02,2.585546601566665950e-02
2.314200577685176508e-01,2.770804938613482538e-01
1.404970236696554409e-01,1.226712931281216945e-01
1.723708926173885825e-01,1.827817867041229838e-01
2.629395676006757721e-01,2.680213852901479621e-01
2.466534072515626230e-01,3.333771544007567145e-01
2.470706604602894083e-02,7.065962691254723538e-02
1.835803384533835417e-02,8.799362073957666839e-04
4.653059688132400035e-02,3.525799712400931596e-02
1.335806014603013910e-02,3.404955513189679428e-02
4.254788082640792446e-03,8.924955334352940232e-05
2.934768876202191179e-01,3.486224955626313626e-01
4.755868106443145171e-02,5.990947630909151944e-02
1.234344967213655761e-02,1.964050838102445254e-03
2.825814589518972283e-02,4.635069189239172938e-02
1.099895494940205179e-03,1.151461977737161908e-06
3.954098256232333602e-02,2.737217404930547549e-02
4.223775616038148717e-02,3.389659500312977580e-02
8.784291449047576528e-03,5.862498966316255153e-03
1.814603706703252694e-03,3.638866247627619080e-03
9.671151332031105441e-02,1.131766661268136104e-01
6.082703153874304686e-02,4.864577279173949026e-02
2.942156764769898736e-01,3.713241963854952421e-01
3.605525432437321071e-02,3.699950005594105501e-02
8.326191041310494478e-01,8.240743102357499517e-01
1.619448052044445471e-03,3.492457173980787269e-03
8.878776297647258953e-02,1.243729949182449390e-01
6.864970813966380092e-01,6.625397627345398499e-01
1.006166193762205174e-01,1.232240336020546390e-01
4.648535178245504634e-02,2.511808185905717999e-02
1.524834674676991096e-02,1.322169152531125352e-02
2.968994212753277642e-02,3.539724673256786774e-02
7.718120518666930774e-02,3.711317977808084589e-02
3.075129316337683872e-05,9.741275479566107289e-04
1.469914643810156778e-03,1.079400213747979819e-04
8.394178939456416492e-04,1.086916054295565710e-03
2.725190463033442256e-01,2.669853143905597248e-01
3.629569300363625350e-01,3.557499637483243493e-01
1.213331248914801264e-01,1.866180863878174889e-01
1.031901401452598316e-01,7.577258586272220264e-02
8.319819666737933161e-01,9.156285734573444968e-01
1.423115826116617411e-01,1.430008872415670929e-01
5.321686762526574061e-05,4.219130111745958054e-04
5.565792382860831541e-03,3.602949173150141182e-03
5.623882002928745540e-04,5.176927963838263329e-04
1.033293380245439708e-01,9.242912939594553901e-02
2.422426043347364888e-01,2.244095962901382635e-01
2.742319566292706831e-02,2.433813154565907938e-02
7.449126847699070911e-05,3.376769900488470200e-04
1.421454091238188229e-04,4.943440787867499006e-03
2.533651201546564119e-02,3.592034694667116390e-02
1.460916895229778523e-01,1.726288734170889905e-01
9.784361935980533109e-02,1.175615938046346287e-01
1.484762455253982871e-01,1.459446079836906884e-01
6.118076112363135532e-02,4.269821836845932167e-02
4.447301870795698081e-02,4.207631237091216669e-02
6.718285749659266837e-02,4.741867779440082226e-02
4.644471024757561989e-02,6.030484596796172742e-02
1.797774985393218658e-02,1.838861580876153395e-02
5.281420062883928485e-02,5.097984586573695021e-02
1.629715451838282259e-01,1.397631684913487327e-01
1.072991087265226864e-03,1.348903573477217574e-03
1.571510248290934886e-01,1.255957662208261327e-01
1.432755846934595789e-01,1.202149400966708581e-01
4.514590545432388691e-01,4.674321221064545728e-01
1.299600620745233748e-01,9.316352869003721726e-02
6.850602314981624197e-02,9.708969982100811025e-02
2.395863302666267208e-02,1.426172327991843611e-02
4.714264564751805692e-02,6.071928115757550815e-02
8.532156166627345717e-02,8.934109427699941930e-02
6.486824539448752258e-01,7.228499995754187335e-01
8.524111784538873637e-02,1.329318638390241669e-01
4.548433009020852805e-03,8.203630102272431793e-03
4.009553012060446293e-03,1.216320793011917427e-04
6.117747062140411183e-05,1.547496588124013328e-05
1.715558010308382009e-01,1.805076552199549600e-01
1.994645079478594638e-02,1.367807209119857592e-02
8.691218068421810439e-03,3.195414810321869220e-02
7.832381147044058245e-02,4.847725804516331283e-02
4.239854625649733255e-02,3.051412175857983605e-02
1.985948850923765496e-01,2.388535709139555652e-01
7.632081745932335626e-02,1.302467967623132106e-01
4.445680246236969474e-02,7.068374023175615084e-02
3.511945469343265899e-04,6.805197434420855434e-04
5.090709593989577175e-02,6.079648390401298785e-02
1.325937260328449371e-02,1.704943304692691994e-02
4.165587381469221945e-02,3.316523841786479104e-02
6.266034105010132027e-02,6.687134314829001891e-02
3.665993712775751645e-02,5.194203107283901222e-02
9.363766730894529378e-02,9.382562277797676376e-02
1.030744684435825655e-02,6.357767635374864112e-03
1.969360616472126402e-01,2.589144220229515625e-01
1.422289868780533262e-01,1.686199909899910310e-01
1.280134862669507706e-03,5.049253925400290543e-04
2.017920801793127855e-03,8.819494446527822405e-09
9.029204633338180908e-02,1.059833489252205024e-01
6.489822592906038801e-02,6.980653152161896136e-02
1.126771423230551843e-02,7.608790482453246448e-03
3.390709628335432102e-01,3.984135478181654033e-01
3.087741013638702348e-01,3.493180168289340970e-01
7.398789172305904370e-04,9.260531540872643562e-04
1.174788529326300235e-01,6.990712959503686541e-02
1.597403439302335845e-02,5.954860873722841660e-03
9.158339026933158544e-02,1.014539460612443461e-01
1.029919711752923794e-01,1.143871788786662846e-01
4.135682267958991076e-01,3.935455256820206138e-01
1.265162706595415873e-03,4.733565276379985033e-07
8.897046859889208917e-04,2.575928990918299950e-05
2.377810816686274850e-02,2.645979087706563579e-02
6.281849725408159002e-02,6.319226627224566739e-02
6.417047589885241932e-01,5.689838290299475965e-01
1.766719634077088819e-01,2.003998970753580744e-01
2.895135023472946573e-02,9.244606020543789590e-03
6.140604234435275560e-02,1.935075436652947470e-02
4.076749026005827004e-02,2.987802087274948892e-02
1.827096634729024338e-01,1.377187428987176887e-01
1.598708853201525892e-01,1.088761475642145149e-01
1.030715067481543547e-03,5.484135550369443387e-05
1.255128845432383275e-02,1.696676271066390601e-02
3.126204753373963419e-01,2.539989554389139315e-01
3.487164984064278911e-03,6.874344784118560344e-04
3.455384324073385027e-02,4.520321619591848722e-02
1.001235921659085620e-01,1.024659041304603474e-01
6.177648498021067955e-03,5.463846448303271743e-03
2.127072275197664300e-02,8.370353174949078309e-03
2.589160014171401625e-02,1.663619335939168706e-02
1.529802738961801301e-01,1.858881965611985099e-01
1.746442097957003579e-03,1.213290542710687920e-03
4.785293426014092244e-02,2.770985133892065258e-02
7.738808094243000701e-02,5.310641068671456688e-02
9.979780726929350643e-02,9.457585206358974650e-02
1.603348252587123409e-03,7.651491625147927630e-05
5.220864284512143072e-02,3.499680219618275107e-02
8.862476875468319193e-01,8.966721535034117840e-01
7.901156554483378114e-02,8.562724362414979307e-02
3.393217593700587065e-02,6.953390604544883169e-02
6.767918516121817531e-03,8.480963379388454029e-03
4.294949967383151351e-02,3.387417512616409943e-02
2.563909724191479333e-01,2.303016171867542095e-01
1.639342306915229086e-01,1.756948439034361487e-01
9.984963848991945667e-02,1.258854803735073025e-01
6.838077874391072786e-02,9.866486772235426306e-02
8.876671737634606041e-02,6.930059235088306679e-02
4.289538666709491466e-02,6.241002664424077917e-02
5.118097727289710325e-02,2.067719151996156787e-02
2.520088517690849406e-01,2.218179513601658270e-01
3.621104322765238896e-04,2.008978294670856965e-03
9.080981794486449321e-02,4.674210133448052779e-02
2.507418916640540354e-03,1.577951329211888182e-03
1.547375330082409288e-02,2.881422960788097842e-02
1.682939402073208857e-01,1.677934717803511167e-01
3.452258904202715889e-03,2.935514041557926550e-03
8.234133792463212489e-03,3.436553843881607999e-03
1.728085533819125399e-02,1.587387336271628771e-02
4.808535196253947708e-02,4.248655230572342262e-02
1.854312602119277120e-01,2.009608925124455048e-01
3.117285244458891866e-02,4.842820786051539594e-02
2.238267502253208363e-01,1.780281736147038829e-01
1.103823933272728430e-01,1.597262188288675888e-01
3.941460324716212354e-02,5.092666463412395816e-02
5.208316649504295820e-02,5.526588993471270167e-02
5.001179893301888751e-02,4.928242408835886018e-02
7.268737209710674982e-03,1.633328041246571299e-02
5.055534024595296355e-02,2.086588263606819690e-02
1.154523302071798485e-02,1.098225808368902094e-02
4.268589601473951611e-02,3.228810477757686204e-02
1.390260614635013825e-01,1.194782517646886810e-01
2.254150045830441342e-03,9.011951204559062430e-04
1.658780995508359890e-01,2.481906519930188459e-01
3.011144853890224040e-03,1.965927414502087293e-03
2.486824470888637506e-01,2.568521683322801952e-01
8.777453396676610994e-03,5.545494060424844586e-04
2.611401176723674236e-02,4.573161030448805869e-02
6.115042381215909928e-02,6.249758644194668145e-02
7.283808332554814191e-02,7.769843144679716707e-02
1.874202387030863073e-02,2.398900646950442514e-02
3.265313610477514183e-03,1.371974569002036006e-03
7.936027039456050591e-02,7.900834682846140378e-02
3.155584072433904874e-02,1.691569501302431916e-02
2.897428220656195208e-04,1.751870000713697103e-03
1.694887731197199932e-01,1.790118758241272257e-01
1.744181896983406158e-02,6.210498800871486376e-03
5.364568419475094219e-01,4.155190897918492055e-01
8.009942576194792113e-04,5.088857729644418468e-04
7.541865500304323344e-02,7.526112877613659602e-02
3.057145653241463354e-02,3.611301286787771403e-02
5.199911720234847573e-02,5.904315739369676158e-02
1.058950265715190159e-01,9.651736936094093555e-02
3.344293242848174197e-01,3.928601013559528954e-01
3.354401741179385138e-02,2.320516803640612982e-02
8.933978507057696583e-03,2.158001049479776196e-02
3.293130789230020762e-03,8.663170585256474779e-03
1.606901494313192069e-01,2.152025234387179575e-01
3.405453471072240890e-02,2.666233283432559859e-02
3.006491993295461532e-03,1.184427480788116833e-03
5.539092230544925832e-02,6.062630468604862655e-02
1.089510169391022937e-01,1.452374883217316393e-01
3.159053093451405503e-02,2.312316541861391891e-02
5.360689798570662801e-02,5.290156400807408121e-02
4.332777821696223719e-02,3.295001629930389975e-02
3.954124300113832924e-02,5.490967010193478076e-02
4.729311108920103120e-04,1.086701538639536365e-05
2.988359080243506785e-02,4.232833874868804219e-02
3.430637349907530304e-02,1.389986328426682377e-02
4.350144770843920178e-02,4.931874293739346021e-02
3.734818329148998500e-02,2.191608159351952911e-02
4.464157281297403404e-04,5.565205819419997068e-04
1.715552090186114043e-01,1.951744035615807227e-01
1.178267419711648278e-01,1.348204321622150925e-01
5.788153626303962213e-02,6.873988138812972548e-02
3.017290647331682257e-02,1.713037505794753890e-02
4.627583001709051347e-01,5.880346931334199390e-01
1.376055009425214241e-02,1.201637193257246508e-02
1.490181602775841052e-01,1.828713024157971323e-01
1.529730616050995091e-02,4.514758244241085482e-03
9.322905839807392459e-02,4.487891701744609746e-02
2.100840547809228534e-02,1.685662271579059252e-03
8.440040067500707496e-03,1.724736193243815718e-02
1.222898851556327403e-02,1.551587196593435906e-02
3.020510863964036008e-01,2.439517779730659697e-01
7.881081335944697952e-02,7.852054847443050434e-02
5.924220511218510898e-01,6.900325349847385992e-01
2.609748374784215397e-01,2.498591022732985500e-01
7.852340968415015901e-03,7.103581175894114683e-03
2.745360604094046822e-02,6.353086776247258982e-02
6.692015589143733567e-02,6.366275155364944927e-02
1.146417337517471532e-02,9.194830674033161941e-03
1.315123498181615565e-02,2.330638469403208471e-02
1.814039078812924866e-02,8.529695938426552076e-03
6.230844732635906214e-01,6.030831611793040503e-01
4.521553393807637433e-01,4.362600439919958051e-01
1.947345851537390145e-03,1.416869063094149768e-03
6.284067828155712188e-02,5.561862549611792245e-02
9.097170560260524135e-05,5.861940846719091922e-03
4.854823060401053381e-04,4.977190815368153680e-05
4.150525292893201407e-02,2.217600190613525438e-02
7.078808771216414664e-02,6.077788551346499646e-02
1.388840778578065210e-03,1.733681113299400561e-04
1.067322092027099822e-01,6.356826149384021962e-02
2.896069005180037514e-01,2.687794795659846914e-01
2.949005511265549370e-02,4.125516036112578111e-02
1.910926679317884735e-01,2.468993035694383165e-01
8.354308186239332856e-02,1.217674568997708234e-01
8.459619303450995054e-02,1.141434340580969875e-01
1.206308305448664797e-01,1.548571502481137230e-01
7.987751708255584615e-02,6.409139638733532540e-02
5.170354096817378897e-01,5.232619859637611670e-01
1.773082542239632908e-01,2.340591752701027262e-01
8.237727221741829309e-02,9.885781907607164853e-02
1.010078741238435839e-03,1.981740745651020214e-04
2.941385712731177274e-04,8.433241818596754358e-04
6.166159234845321885e-02,6.176703356844073789e-02
5.174122374118504675e-02,9.105832408923886234e-02
8.398036045050448831e-03,4.076994622415450360e-03
2.589122919787792756e-02,6.824116491423616072e-03
2.773989160172130042e-01,2.587345426699195206e-01
2.526307613156538769e-03,5.065533263653669745e-03
9.827822089243977433e-02,8.616619879004552840e-02
3.684874100172198796e-02,3.643748534202316536e-02
9.061513747864871626e-02,1.098792292161655249e-01
4.655271779195793019e-02,7.414581726109290005e-02
5.031135465932620038e-02,5.933858157461996408e-02
9.115943821352522070e-02,9.849308404087311897e-02
3.944159752729874818e-02,6.783010302249402323e-02
2.948565778904238630e-03,9.758028972871299659e-05
2.090700795984303884e-04,1.337292315176013017e-03
3.364504316405501905e-02,3.436321626515889682e-02
2.541444061398258070e-01,2.011650762741216958e-01
3.867460340045266332e-03,6.703348969262418189e-03
3.172784372854888321e-05,1.547854741483172371e-03
6.831646648382769249e-02,5.009905200834074979e-02
4.906258951767283188e-02,3.142025072732743118e-02
2.846135703097720849e-04,1.064483664016752356e-03
6.644930632721454504e-03,1.217395082816831486e-04
8.406542369002675125e-03,9.457860799843568122e-04
1.389635214652481295e-03,3.184941035673637816e-03
6.338878005313076935e-02,5.058362921714758959e-02
2.034504581837609863e-02,2.991607971146944406e-02
1.197640614712103813e-01,1.078237705653928152e-01
1.732563841794880835e-02,2.729113015921908261e-02
7.439774690294041759e-02,7.730433888455812141e-02
4.495054518595627269e-02,5.629670796814557204e-02
4.439860259753815042e-01,5.125647991982181795e-01
5.048746666183883125e-01,4.772091980726824723e-01
6.586025356481844603e-03,6.441192791073803783e-03
2.763733152070931703e-02,3.514882421380118721e-02
3.602103158625247215e-02,3.963325023290539123e-02
1.292512333064302354e-01,7.855263693291208993e-02
1.498572659146822361e-01,1.511173214799141906e-01
5.230662603393722992e-02,2.827242765738315761e-02
7.269752116663370789e-02,5.604029080359499565e-02
7.794669014345248503e-02,6.559871323122892783e-02
3.224748549522259145e-02,4.794195861676572444e-04
4.547117622992089547e-01,4.277316857785598003e-01
2.490465294031992630e-03,7.560014891777218360e-03
4.189663419809749878e-02,5.342429067838514595e-02
7.122234014882631442e-03,1.404152324672101534e-02
3.105381546756026956e-01,3.692882574365387582e-01
1.394924792756567326e-02,5.563782573891390762e-03
1.620838813797270406e-01,2.300489477086303247e-01
3.223531906742668207e-01,3.680694595132104618e-01
3.304252437471583703e-01,2.305533894414973084e-01
3.295879523640002362e-01,3.317505891993116629e-01
4.004059422355835673e-01,3.959379283847780373e-01
3.121338109295950791e-01,3.227198398599908646e-01
2.977433815847846943e-01,2.722747026774009482e-01
4.174853446136628926e-02,2.987780705096820810e-02
4.086358446182354331e-01,4.273596335308845751e-01
3.133063438822339952e-01,2.542423216230254024e-01
2.667664465699907950e-02,2.954590953568851999e-02
2.841393005598986769e-04,3.187962013347144050e-04
1.509290251688951146e-01,1.381940630922285362e-01
3.441997681545499749e-03,2.648677284248645084e-02
4.393530952804374987e-03,1.189061193268206237e-02
3.768432307147331906e-02,1.558455185222275448e-02
6.601528427120320619e-03,8.757019263223488742e-05
1.759923898397430311e-08,1.973507640266436436e-03
1.277963533795216378e-01,1.406996913533616889e-01
1.307790991843396089e-01,7.914420194166228717e-02
1.010789361688870236e-01,1.232438029352271591e-01
2.310690057329753411e-01,2.833130210336603505e-01
2.684781104041937816e-01,2.383540665133821734e-01
7.058996072618069217e-03,4.836258323807561890e-03
6.908013203127967572e-02,6.860360600122188124e-02
1.197475053049771865e-01,9.170187625456865943e-02
2.037907466575225590e-02,7.114425872442674270e-02
1.404069309249746655e-01,1.486971616211626157e-01
4.908319114797723591e-04,2.260738909312356420e-05
1.009141812031064400e-01,1.387119509056924660e-01
5.878931365045020341e-01,6.082463159491265925e-01
3.005648084935097150e-02,3.135806023465495529e-02
2.448795397095524518e-01,2.532250399668312113e-01
1.863580821131558896e-03,1.918334328636342098e-04
2.212704548273713642e-02,2.312443152325715026e-02
3.341407911274911768e-01,3.251191903267034444e-01
1.220667982856669422e-02,1.143626630030366090e-02
2.513790102368304927e-02,8.085374020110256549e-03
5.649856106763787023e-02,7.036847117307284960e-02
1.882899833634176456e+00,1.772009309463419724e+00
1.045453674503004360e-01,1.336082564983530341e-01
1.365986369383987986e-01,1.802435203096434124e-01
7.130465219054257786e-02,6.489210021667518591e-02
8.081137909877560144e-02,9.797366440652220676e-02
3.048984746140583346e-01,2.762790165380223373e-01
1.490453342368343293e-04,2.838740236568379656e-03
5.600394868571957353e-05,1.405023601271538237e-03
8.425429662723708801e-02,8.237227974225296012e-02
1.313749597311563832e-04,3.928116977564348640e-03
1.141980246184828157e-01,9.966712489948716114e-02
3.196875628868399433e-02,2.149494495423446075e-02
1.993865098923411003e-02,6.886046075878969608e-02
1.242476827001319853e-02,1.739645893276850659e-03
3.225728733464954812e-01,3.182803182838235823e-01
7.852699129935936107e-02,6.260938157636844470e-02
4.383268449282435447e-02,6.522487644688991504e-02
1.180510233690396649e-01,3.185207344345668962e-02
1.413214957499898949e-01,1.464479015906619275e-01
5.017886347349682225e-02,7.485887760874136709e-02
6.613471171371168578e-02,1.184997595900526696e-01
2.226165785007881981e-01,2.554313380578100978e-01
4.506794073124180053e-03,7.232970434019061166e-03
4.008054657437997641e-04,5.383781656807422929e-04
6.330901770235981552e-01,6.148985962723264587e-01
8.626507612379101259e-04,2.304586486267337989e-03
4.903657094631475033e-03,1.595775077430800284e-02
8.193926246445505657e-02,7.620004824060001847e-02
2.274562991970456778e-04,2.859668428590107412e-04
1.237781343735835926e-02,2.162680665955819294e-03
5.821297305615862755e-02,5.363683530276174005e-02
2.417205154764679332e-03,2.936016354131090397e-03
3.419838864954246466e-02,2.207857220120792649e-02
1.367079571687562257e-02,2.129262902840823798e-02
1.020236639726744337e-03,1.681620185543170390e-04
2.086125342312576384e-06,1.035421448297974174e-03
4.721491322522978346e-03,1.141571575867081259e-04
1.436614720658786204e-01,1.381266610606069478e-01
1.714592519184113695e-03,7.550437986061109838e-04
1.622954658035296871e-01,1.818800008567292292e-01
4.748039705179327163e-03,1.269879061038137614e-04
5.026251629255408249e-01,4.972534587649614091e-01
8.364623457453604360e-03,2.111366801124424548e-03
9.019934888297541364e-02,9.358008476704801626e-02
1.963315771271515440e-05,1.490759664810349108e-04
1.617473601903290925e-02,5.804845648625434930e-03
7.959255916692438253e-04,5.353979429119008586e-04
2.375096686995673174e-03,1.079859285952821518e-02
1.910714933684785899e-02,1.040412803364471582e-02
5.819018617310696938e-03,1.394113581005182977e-02
3.316429238128317815e-04,9.853597368252805817e-04
8.697946261740863161e-03,1.370418541949382403e-02
3.098518984718712579e-02,3.300878468943814481e-02
7.268063772643273968e-01,7.823442222441905347e-01
3.707739423489451736e-01,3.418815961395145764e-01
1.189531516880430878e-01,1.429198335028629141e-01
2.537810336870065520e-01,2.589614715119330501e-01
1.761239517639999475e-02,1.745345222514459171e-02
2.631267815915344643e-01,3.108232895116216921e-01
2.993897333731154742e-01,3.172820802380043048e-01
5.032395544042315982e-02,4.668349858314148337e-02
8.867225989852589585e-02,4.004813025618381844e-02
9.019416647695797928e-02,1.342135271649655404e-01
1.856489618927814264e-02,6.202051532377749615e-02
2.079253442311524737e-03,1.587922273311929668e-05
9.134405046944621409e-02,4.442898798434687102e-02
1.660791527038418813e-02,9.849871240348261753e-03
1.727947327379745768e-01,1.675929960201959223e-01
6.802490367384318726e-03,1.782202975167934342e-02
7.537731289505849620e-03,7.680146448124924863e-03
1.500966944362801432e-02,2.867707751647637429e-02
4.009946610890514733e-03,1.055411037574082106e-03
4.303371124113397617e-02,1.710128157920265402e-02
3.006485126606559671e-02,2.563235940948646249e-02
4.153484823786545155e-01,3.734957664964452806e-01
1.294462519501760611e-01,2.084652175467890667e-01
1.828867191806003776e-04,1.088886344924219459e-03
1.078947986759757179e-04,1.710616617605256956e-03
1.224076186003156264e-01,1.430605070335550788e-01
5.783090758530739367e-03,2.490895373467255647e-02
3.806881614219265186e-02,2.079972272789945564e-02
9.354980021112835808e-04,9.878276293665787505e-04
1.758168882333848437e-01,1.740332223997458072e-01
2.049001232982166076e-01,1.813721672911137173e-01
1.228603291989294362e-02,9.153527519529969236e-03
1.274372548919738835e-01,1.042789329732617259e-01
4.068497018641402396e-02,2.637623689503728122e-02
4.239781308355621836e-01,4.920962751721608130e-01
6.051916238538109644e-02,6.684473105355144551e-02
1.433373019304223957e-02,2.115495575198753433e-02
4.256871250876374524e-01,3.823175771198494832e-01
2.395793874002771495e-01,2.494184094265756158e-01
4.321078317213815634e-01,3.649734021454978938e-01
4.356228716690521002e-02,3.887464768384579772e-02
1.172611867520948342e-01,1.314295463267025899e-01
2.404405369985592594e-03,2.620380433174920908e-04
1.242199623473188852e-01,9.376973091308414554e-02
2.697827960997663255e-02,2.015565249339094575e-02
1.643497606336452935e-02,9.816343729087314771e-03
1.542602134337309541e-02,4.009707108844338432e-03
9.468585555148951180e-04,2.214946219226724636e-04
5.316430358360735645e-03,2.727706104672671886e-03
6.853942448430011027e-04,1.495966827498802819e-04
1.380692916738840148e-01,1.562601845152975233e-01
6.197687930920644378e-02,1.053292053296263076e-01
5.372639505184476777e-02,4.152500571470172513e-02
4.982364198606392160e-03,1.244590432765892672e-02
3.157309366308976711e-02,6.290989209081476741e-02
4.493721579900447627e-02,3.197003697653155729e-02
5.594568425712098669e-02,7.222582878887529034e-02
9.199093921556315834e-02,9.565343859641274593e-02
2.758876960872071529e-02,6.222911877079789766e-02
2.335854855563684884e-01,1.837064840907080276e-01
2.265102011237808965e-01,2.387199259185261990e-01
6.050911849558573419e-01,5.801845039372911517e-01
3.169286314937065467e-03,1.189178882908238817e-02
7.619182945611596702e-02,7.737178491003045278e-02
2.120987902271075781e-02,1.788742463364921542e-02
1.571940634881316412e-02,1.011551799581903582e-02
3.943602336134798825e-01,4.983830667810664750e-01
7.244024432661884394e-02,5.722468805025281158e-02
3.224877226586450596e-01,4.101999534812734716e-01
1.187419966715867574e-02,5.187846724241739794e-03
3.769329949883584718e-02,3.238012177118652218e-02
8.153237808489643317e-04,1.573397365219943189e-04
3.334397118179101976e-02,3.016639891055274483e-02
2.673801291634048572e-04,4.903765819453770282e-04
1.266008904843471047e-02,7.009291881542670417e-03
2.086589207704732038e-02,1.849958382814162125e-02
1.043906588464271618e-01,1.154136931380215086e-01
1.743526399654296843e-01,2.398519843778789962e-01
3.106174656798747491e-01,3.947503188235956251e-01
3.185537122876572202e-02,1.610498970466854238e-02
1.482860168508254826e-02,1.833174201575667531e-02
2.314993631339247182e-01,2.001708680433735843e-01
1.070903326122725312e-02,8.856195513180800671e-03
6.305355688026886840e-02,6.490154138259253414e-02
2.147910288817326263e-01,2.333327933542194144e-01
8.660092363870056098e-02,3.489613884159197682e-02
4.738678391359817804e-02,6.545244326431171045e-02
2.388935175311564588e-02,1.444383809374614851e-02
1.601741123461767474e-02,6.062831629052308803e-03
1.238952218771788294e-01,1.296328280010986822e-01
1.218167613970329854e-01,1.219208661868897564e-01
2.537026538540838039e-01,2.508321198769655203e-01
1.650350067910481833e-01,1.532686704088788709e-01
1.889345895342999567e-03,1.787932564632349337e-04
8.562917322554727817e-02,8.832881420997595878e-02
4.771238368869786667e-02,2.842898923156601809e-02
5.984361458148827057e-02,5.837419606814327200e-02
1.589016713908775191e-02,5.406339166439305503e-03
1.105926570736582373e-05,1.184814955897289020e-04
3.890724928748243161e-01,3.798989337594017579e-01
6.061007465253442222e-02,2.095448489816545412e-02
9.528421453265449592e-02,8.432019421002721893e-02
4.293176569824026095e-02,6.353325963513656305e-02
1.578179789747777458e-03,8.567228613018335124e-06
4.472525023118897186e-02,4.785663568651038480e-02
1.432582310972187363e-02,2.661467837319355864e-02
3.079317045378969931e-03,9.463242244058905862e-04
1.013944475221213032e-01,1.112740246577424846e-01
1.036534630975306098e-02,1.030503348249960788e-02
1.804613323532631985e-02,1.186486734535341543e-02
3.151558092330643268e-02,1.566090016316682224e-02
1.370226677859830849e-02,1.449206687475169952e-02
1.267456182138247678e-01,1.158186121519915873e-01
1.331296349465080700e-02,8.805307173208652347e-03
8.419029609335130712e-03,1.965586780099482303e-02
1.795922542255827536e-01,1.834590657560905835e-01
2.446718270714645649e-01,2.266522523896711827e-01
2.720897804735693537e-01,2.729123745165706327e-01
7.626026009718160636e-02,1.084273165991775922e-01
1.003026715455318379e-01,5.922918983148380001e-02
1.364457494493103492e-03,4.166850772365999871e-03
6.688131554300345838e-02,4.444856515585769718e-02
3.936557141768451951e-01,4.672791970927276939e-01
1.131350455150947204e-01,1.032878852253441143e-01
7.029312990692601071e-01,8.445078100840633928e-01
4.525455592672705113e-02,5.333936474933678729e-02
6.170965431269985913e-04,3.432807302153275016e-03
7.930333343490537576e-03,8.326214807962223352e-03
4.032659907259115301e-02,2.764325630700422212e-02
3.441259107786285437e-03,1.939478127624142279e-03
1.898279853959751115e-02,2.656322295765827651e-02
1.532924957946670552e-01,1.583158788920510929e-01
2.817981545507829491e-02,2.973707351554105358e-02
2.830440498389234436e-02,2.963317459909413712e-02
7.239159734686262393e-02,7.163401418143020005e-02
2.306852183185428840e-01,2.909911574989375582e-01
5.499099106640875650e-05,5.030110167142209758e-04
1.193489053017845053e-01,8.703362217056520578e-02
1.417782547374183133e-01,1.466262899049405599e-01
9.161846438653252489e-02,1.293763706874710151e-01
9.424620156281694056e-03,5.639284547859542071e-03
1.272971694941596454e-01,1.244904004408701331e-01
1.759895794997331023e-02,2.813836693541867801e-02
9.768298284594388592e-02,6.615420765562217420e-02
3.042424265113273085e-03,5.853915092872670825e-04
2.239167420154855870e-01,2.926702045881807157e-01
1.899342400520895653e-06,8.094492315781698431e-05
2.523843504190570464e-01,2.389651120112687432e-01
5.988774994307579508e-03,1.245833500087720701e-04
2.016449947691794642e-01,1.712262637640094287e-01
1.253204696867545606e-03,5.848428837567700225e-03
6.325259646580777551e-02,7.606432249515419908e-02
1.383207384185334565e-01,1.365322172568981252e-01
2.945332530520542260e-04,1.219601607547892265e-03
1.022677663434728018e-01,1.269863034333691965e-01
3.142360574940950002e-01,3.797292722892134376e-01
1.348177898362466418e-02,3.409036237085087684e-02
8.354351502992800604e-01,9.022344098132017987e-01
1.270697295464832434e-02,2.044851035233534800e-02
1.607408161354326182e-01,2.003040979616687589e-01
3.338392771708583173e-01,3.902946201765234990e-01
3.725088146057321803e-02,1.617149118044513417e-02
5.272393009637927480e-02,2.670768011986033447e-02
3.126614465398808163e-01,3.532452654663715275e-01
2.230802156199671593e-01,2.415432386046311719e-01
1.822510932822233864e-01,1.834929290346601072e-01
4.956149623837443480e-02,5.926426189599606070e-02
4.257461879543756877e-01,4.004110659570492281e-01
5.012259114211276706e-02,6.946375047152214544e-02
2.131485854231027904e-02,3.781754936537419683e-03
1.652817847531931617e-02,1.435314184269753657e-02
2.659313027200971573e-04,6.539113557702658621e-05
7.312570542998798710e-03,4.597576263172705770e-03
1.243101200080053564e-01,1.205550993058066844e-01
5.038563797172463526e-02,6.098446171154186385e-02
4.583429558799745167e-03,5.314124644051575024e-03
1.339753631085645880e-01,1.398371155658932607e-01
2.926157764660007876e-01,3.049948631885686656e-01
8.314190461695943057e-02,5.804505970535100284e-02
4.560354707690669751e-01,3.906562393207221873e-01
8.726184305055320611e-02,1.050096927973294680e-01
3.856541898135810997e-02,7.892272990228613172e-02
1.217066504339920502e-01,7.091758194213552968e-02
7.585261869921147704e-02,6.339091537752290784e-02
1.892689717759526644e-03,8.805503309461102691e-04
1.064326181983853842e-02,2.393491053064313989e-03
2.454784368023414307e-02,4.216691076848311237e-02
1.101504651484457170e-01,1.292057047785758472e-01
1.567143818620614359e-01,1.315072156288013550e-01
7.399617204267762427e-02,4.137973810615624276e-02
9.937883355130969557e-03,6.338877161019899377e-03
4.158057231564248057e-02,2.920448255022463011e-02
8.144285260233875704e-04,1.235195622035633201e-03
1.035272229356879251e-03,7.462930713746817506e-04
2.001527090866744851e-01,1.927703143407435704e-01
2.499248408837640920e-02,5.288204530151312081e-03
2.884431676356372944e-04,9.276280742606018660e-07
1.892167771556916567e-01,2.178293043284981190e-01
8.656066902654163675e-03,9.059129356800491029e-03
7.737786491123897596e-03,2.395522787778417081e-02
1.271617615333887853e-03,2.061863089048515240e-03
7.366231649558760072e-03,1.167712731373876829e-02
1.358467539285456438e-01,2.080921335718320664e-01
1.063066511989728055e-03,6.828832029295251946e-03
1.578031090755198851e-03,8.063355384659085315e-03
1.818066085733382187e-01,2.046841352744942499e-01
4.641979067833304495e-02,4.608927545564368844e-02
2.968750628532609848e-02,2.311121423708260153e-02
7.540369680680214515e-02,6.747478050513594505e-02
2.164733903204410781e-01,2.125468900209315781e-01
4.014603157372733516e-02,6.998606056919498553e-02
7.074992257880833302e-01,7.505027631606194793e-01
3.666804123092254342e-01,2.846759762726198129e-01
6.489266860401214296e-03,3.662314983236305416e-02
1.440826981099579789e-02,5.080989717600323079e-03
2.417488863376369146e-01,1.794614549395818770e-01
1.384431790409987718e-04,5.260991900483907510e-03
2.243685546997536626e-02,1.985200934101764847e-02
6.403394580663726923e-03,8.477725293875189999e-03
5.460175149836436759e-02,2.651682718335634029e-02
1.140108251395382521e-01,6.504278983233886813e-02
4.077349219476709280e-02,3.446133323435507378e-02
1.368661541909678946e-02,1.008487827375770252e-02
1.984471356194806024e-01,2.293903229393356724e-01
7.055210451193943966e-01,7.202410458642702906e-01
9.588726121851508244e-02,1.218656565976156819e-01
2.854556799351326557e-01,2.326105550169850211e-01
2.062478578098870825e-03,3.404375601916117926e-03
1.153959916546693388e-04,1.330329271139126445e-03
3.602829284019307306e-03,1.611013671724859445e-02
2.489703064743710795e-02,2.597280046988738322e-02
7.807135055679753979e-03,6.537337063627558786e-03
2.101851974588657759e-02,2.233984734896413832e-02
7.524536119603142392e-02,1.405767751795392873e-01
3.729251194098395610e-03,7.606512037011776625e-03
1.965916258791677168e-03,1.278274439960601881e-02
3.788071417978430139e-02,1.754089868387969861e-02
5.187712836380300452e-01,4.551307231082862836e-01
1.712082371025929611e-02,1.978691484749251026e-03
3.851297261528793120e-02,6.327931546331820589e-02
9.257781958611376776e-04,4.350552880912358401e-03
4.190226925225644275e-05,3.696019097396791627e-03
2.481348374339614055e-02,1.567517739300195584e-02
1.098521726400967678e-03,1.534079661917108189e-03
2.414634443552876042e-01,2.222397250702666249e-01
8.471319443942687544e-01,9.633217165633654044e-01
1.059205247858604898e-01,9.260110095596989221e-02
1.507316117537317313e-01,1.564699790537678326e-01
9.853101354424553468e-03,1.693365241579079458e-02
1.731311597738599550e-02,2.467524438939448783e-02
4.035981441239988032e-01,4.410027499879501378e-01
4.135577733851269339e-02,3.466927053270790759e-02
3.542876198058549364e-01,3.733296522845098164e-01
1.174662559111799322e-02,4.848080246612387900e-02
3.264000095770570181e-02,1.544116246493025014e-02
5.141130610120515920e-02,6.574730605201958844e-02
1.492534214794672201e-02,8.074512850232244687e-03
9.093629688659348939e-04,6.412197163018263941e-04
6.521826891436827145e-02,7.600696457952180185e-02
5.319599598223693354e-02,3.301910022867163980e-02
6.466892558171950800e-02,5.782289397991600965e-02
1.443356916758601893e-01,1.648198102069992343e-01
7.764079093100876303e-04,1.039436961210602785e-03
8.604084040149411264e-03,6.911188240290774658e-03
3.360215517925024126e-02,3.565824392817235067e-02
3.259211784892955890e-03,1.193939435861262298e-02
3.177662160791590584e-01,2.245107966008464129e-01
5.168772223266052124e-02,7.921390609914662206e-02
4.208783467549495616e-02,7.611707703128993419e-02
2.546428612379847967e-01,2.992447363692505857e-01
8.753506880104404420e-02,1.041662126655994586e-01
1.706099842267601654e-02,2.167449310144084831e-02
3.999032238340430312e-01,3.112759067806467050e-01
8.081380585807211581e-02,4.045259951201724685e-02
1.427919964455964807e-01,1.017306843591256615e-01
6.233804228572935313e-02,7.597644349689804122e-02
3.671513381821887162e-02,4.167357302578929279e-02
3.790434902605895884e-01,3.668439665994845944e-01
4.971438413107476251e-02,4.321742586554501442e-02
1.237522868174502771e-01,1.513395399606046465e-01
1.315096220631083689e-02,1.095554887495136208e-02
4.464790088756169679e-03,1.646708254987801559e-02
4.795585558091250422e-02,7.174191427072663940e-02
3.169683628717271384e-01,3.725202401301991317e-01
2.159567985882691610e-01,2.216076605396851973e-01
1.465466570619349262e-01,1.749418569764454867e-01
6.555956501895643385e-02,8.902270848667694081e-02
8.579656780224648172e-02,7.387794632832428432e-02
2.076399476964354007e-01,2.224000850238276872e-01
2.259550883562703172e-01,1.948609171536786200e-01
3.679204665033701249e-01,4.004874990835650683e-01
2.292730035681187634e-02,4.486872259563921828e-02
7.280302382748854439e-02,4.853985613268439053e-02
1.356923509614777756e-01,8.238304071101790194e-02
7.937364809673551347e-02,8.366880260963600879e-02
8.921851941183743528e-03,7.932415707245905889e-03
1.300880877034977894e-02,2.258876703894988416e-02
1.376470747792018362e-02,2.523179055206873841e-02
9.244473378820046439e-02,9.080072768518725190e-02
6.350824847294968321e-05,7.687888086179693083e-04
5.882323302288824940e-02,7.850539971822496910e-02
4.193309673713481733e-01,4.124110965314535804e-01
4.623262765512253791e-02,5.716647461894570209e-02
3.640959171428970881e-03,1.429614224997890863e-02
2.852726802580139373e-03,4.017553787858605709e-03
4.420389236728426430e-01,5.217881646298579978e-01
7.802409213759026543e-05,4.694386069142256635e-04
9.585649362705200849e-02,1.252248691943937953e-01
6.595068594866301120e-03,7.549304795616569976e-04
6.334170712328579533e-02,7.048883991967451468e-02
4.906718647830352747e-02,2.744353133345388968e-02
1.627808196022879905e-01,1.486891689484964862e-01
6.266628907637022960e-02,6.234881654443242410e-02
1.532318315574346390e-01,1.356574798306823537e-01
1.273545330325623511e-02,1.859591507823168954e-02
5.541849966620160384e-02,5.993624897134035290e-02
3.368212558306247356e-02,5.293732501319725614e-02
2.630031383088649727e-02,1.762793924396643258e-02
5.789287389942149309e-02,1.140059968872945556e-01
1.565021365691778577e-01,1.136726176538585820e-01
7.117469996947020650e-02,7.427745074247033008e-02
2.895396235034651739e-04,1.191661853699750187e-06
1.579219876191444993e-01,1.766389559760766503e-01
6.542039004103433752e-01,7.942268534082447262e-01
1.938572953923409226e-01,2.197263858166206840e-01
3.785577905335481275e-02,3.774889852134032109e-02
8.853696784166059652e-02,5.703627885424600308e-02
2.284178826609229839e-03,1.187672716953577616e-02
6.248553917183857775e-02,6.268201866239414555e-02
1.346030771402017268e-01,1.364333765464252612e-01
1.635026449420047545e-02,1.222577763706728451e-02
7.883091107702473732e-03,1.758196227914003706e-03
1.607889680373612157e-02,3.812446324766238098e-02
6.736664229900971024e-02,9.364173138083475845e-02
9.440822365623274814e-02,1.232166503956452080e-01
6.665256413375923727e-02,5.998817401573906805e-02
4.879038485012062581e-02,3.671978353810036177e-02
4.027472673343492904e-01,3.512794775502078859e-01
2.384899704982315627e-01,2.455029242942526613e-01
9.469840762164101076e-05,3.651014806610572774e-03
3.551743955273081177e-01,3.726147444801635733e-01
1.954489062127085230e-01,2.430576171657876650e-01
1.623418617920448226e-01,1.197529146282520773e-01
1.164349530821441603e-01,1.066938008469597854e-01
2.142236257535190189e-02,2.663796563545075408e-02
9.475409854382693201e-06,3.645718302262626435e-03
7.830268786067731994e-04,7.186860167065964138e-03
4.217961217957973130e-02,3.911679182579622799e-02
3.615888543810508171e-03,1.380754315492162656e-04
1.532093961272092686e-01,1.484661341867949125e-01
1.571841327513540413e-03,6.880658670147343867e-04
6.720154990318608634e-01,7.584126629777691031e-01
6.256176224394748020e-02,9.210509986863951726e-02
5.725426262990496173e-02,6.657575209095806246e-02
1.488887196429060367e-02,5.004908285685681461e-03
1.257484518706700835e-08,1.365883120694899241e-02
3.104804176632151684e-03,1.219572980918246326e-04
6.977115929076800616e-02,1.079175646280115114e-01
3.946628748562666482e-03,6.479987983278112131e-03
1.393764296570862296e-03,1.127256005506275735e-02
1.332125425241413022e-03,5.388122436448903457e-04
1.910700872368960739e-06,1.696803586945832632e-03
3.108255004917733627e-03,3.342552306643949752e-03
7.352787734193047542e-02,6.001392285506643165e-02
3.199930718533650076e-01,2.853415802290467651e-01
2.912797213739762650e-02,4.130344216445216987e-02
2.416568155590251982e-02,1.547152415777467913e-02
2.440551680944981483e-01,2.308018459185091631e-01
7.964958004334193984e-06,3.224332310641393144e-03
1.318706292582480510e-01,1.419940991901650906e-01
9.668647408092845286e-02,7.520417453052063994e-02
3.643219773156254337e-01,4.598026796613036149e-01
1.329949448450324923e-01,1.999575369668785407e-01
1.307898949157971884e-03,2.321000520559732619e-03
1.369892347444162939e-01,9.541944633205809434e-02
2.676036665625455922e-03,1.813079855600916238e-02
1.175705704601072606e-02,1.164137031434299245e-02
2.630495790946111301e-01,1.897288479814049911e-01
6.942086123284829484e-03,6.948794672785823396e-06
1.459426939666766268e-03,1.373508123073465979e-03
3.567232751632756890e-05,3.144446293939419206e-03
2.233270334629643833e-02,7.604180568781326172e-03
2.293140877099910657e-01,1.610695000076032835e-01
8.485033994186773343e-02,8.969430939969731675e-02
9.734535697181304070e-02,1.062605032115141318e-01
2.125440806427598972e-01,2.085583886933733144e-01
8.795076392617506844e-02,1.070563256893952986e-01
8.564202084305203022e-02,9.341351459069105467e-02
3.494657478099998105e-02,3.716642653134933499e-02
2.195666389574753574e-01,1.922744730406104052e-01
2.824347822332495817e-01,2.268546529362051589e-01
8.411836936270596088e-02,8.380790453474729063e-02
1.193282728270204651e-01,1.399094530074483367e-01
5.844107805099766489e-02,4.034354097327822603e-02
2.726043712673107966e-01,3.243848187032548624e-01
2.231736884809647561e-02,1.189984501835813190e-02
2.754947555090407445e-03,1.760552335599354160e-02
3.563174895788302765e-02,2.245625211400227583e-02
2.238512301680374973e-04,3.232361862832796098e-03
1.863522099970019719e-01,1.656550612015478263e-01
6.792698148683516679e-02,4.081404597786221500e-02
2.874682064420353012e-02,2.526747953356596466e-02
3.368825325069413346e-01,3.482749415089966272e-01
1.445254539200110100e-01,1.721820846887676948e-01
1.407445688110552928e-01,8.041190296158332029e-02
1.614162451130074505e-01,2.134547490232424072e-01
1.205487358111018009e-01,6.559391763474645143e-02
1.570931398947612023e-01,1.789558903538879808e-01
3.483981414826595874e-02,2.337419568850963511e-02
1.472953446616707129e-01,1.314539161074954610e-01
9.617095949303545999e-02,1.347552088564719364e-01
1.651049717274946996e-02,1.097409985198569658e-02
1.332297850713834962e-02,6.621016835981084238e-03
2.203409324225365506e-01,2.357383265211517032e-01
3.854222134158447749e-02,3.800793426868266656e-02
2.409487691483722382e-01,3.380766418890275848e-01
7.127916048115038846e-05,1.008583418369540362e-04
2.896359319985353687e-04,1.662392177618287432e-04
1.681807245868522649e-01,2.187313620756501931e-01
3.745018937198755227e-01,3.462107314424232030e-01
4.214349118842019570e-01,4.428846033200236065e-01
9.353591685348053297e-02,9.649063084733539020e-02
3.687830919908501037e-02,1.016410968001154810e-02
2.109119988508299792e-01,2.221705699572780746e-01
4.017119305828155684e-01,3.916110817599595117e-01
2.690385652689377891e-02,2.225771918293201201e-02
1.957450297306426862e-02,2.076248806300300120e-02
9.986484373542301590e-03,9.027936655256127430e-03
8.234041402630795647e-02,8.957491795833205650e-02
3.476584920510700921e-02,3.768339528895554846e-02
1.166329758406108863e-01,1.181998992029065637e-01
7.519889457319253734e-02,6.490864246050355446e-02
2.575109362619142084e-03,1.400192356709940682e-02
9.874706119869376686e-02,9.751764997678535885e-02
3.240381285533061595e-02,4.973677750588674507e-02
2.290846909042333623e-03,2.439746698921705249e-03
1.059482995275672822e-04,1.954976454004845633e-04
7.332638006471295551e-03,4.597340525821383070e-03
5.258174399139124711e-02,2.994171124529659833e-02
5.024957538303606586e-02,3.545311490785676978e-02
7.306921663173550872e-03,1.247445453604672898e-02
8.169240365055116526e-02,9.818092009964064781e-02
2.237019301962657122e-02,1.400689581267716005e-02
3.176610606959290317e-01,3.807168087452318939e-01
1.241910697592894450e-02,6.773205014881514448e-03
5.099696375975890095e-02,5.353840831443379411e-02
2.270418539299933012e-03,1.482397807361248918e-03
3.548919734958539546e-03,9.393942523718194857e-04
2.051175235098283978e-01,1.778790768281986179e-01
5.605444860833491005e-05,4.523574550463789826e-03
2.950823150730172428e-02,2.761713177175955172e-02
3.273122368219931813e-03,1.133985902648459944e-04
1.994469500366564674e-01,1.684627557010108523e-01
1.723992080743928512e-01,1.959606112635587649e-01
5.188212524549119624e-03,1.275554933942668265e-02
3.956538077998850156e-02,1.982972791488054817e-02
7.752859849959779242e-06,3.477476889919092914e-04
1.376788555760716628e-03,9.434990507485585542e-04
2.261327898207688564e-02,2.389738719418130208e-02
1.668513029250288382e-01,1.558260186061510011e-01
2.401594089841348548e-02,3.471719047861381025e-02
2.292665717890554969e-02,1.107451740898029481e-02
2.432485803229735705e-02,1.686376046417479430e-02
4.897128088010639299e-03,5.018856508449315995e-03
2.536785605718208412e-05,5.223708179775881331e-03
1.544987629048760747e-01,1.249010833870894399e-01
1.349701822061746825e-01,1.927364786648975703e-01
1.109288198807892615e-03,1.034791149498307410e-05
9.060069100024183836e-03,1.861363688124904880e-02
1.964565288722215364e-01,2.390379441730823284e-01
1.537248920768539279e-02,6.653378914548985744e-03
1.211176197468786242e-01,1.270852262376137853e-01
8.410718583266536819e-02,7.804849214457604267e-02
1.114494513914808874e-02,7.940304566400348957e-03
5.101909857075716953e-02,7.369692321366456966e-02
4.515505690563814960e-04,1.691934380454477858e-05
1.566206447150077057e-03,3.920984429258052577e-04
5.248063765345106768e-02,7.752192322037038119e-02
1.105070003031966355e-02,8.645419320246603215e-03
2.852673982863954127e-01,2.769996734052367349e-01
1.563053642708658007e-03,1.580050005146682287e-03
5.673669706874071017e-02,1.358488405418508682e-01
1.436352105023576409e-01,1.139967211674013936e-01
1.135845109447695261e-01,9.562864854394705072e-02
2.058088218280221607e-02,3.568890449535036535e-02
1.154341063607526308e-01,1.728687079218394762e-01
2.642992823830883076e-01,2.946089085747676251e-01
2.542456403160228348e-02,2.999002930624160290e-02
4.051154650168057869e-01,3.659482004422400792e-01
1.108140167010066846e-01,1.115121990037369754e-01
1.730699179443663180e-02,9.660626622530145338e-04
6.650505432234593561e-02,9.598112458652369172e-02
2.079252087225331447e-01,1.761779426346821720e-01
3.410253949146020008e-02,6.504318266922280711e-02
4.019781269472558263e-07,3.477133699189963612e-03
2.167283306976497750e-02,9.418634605800006027e-03
2.079370747836217781e-02,1.536650557772659131e-02
5.653178068340958956e-02,4.217175157227302101e-02
1.954566528716952523e-01,2.171012695619189414e-01
2.947643717177934192e-02,1.899342661105835744e-02
3.212951071875348452e-01,3.053911167328399734e-01
1.757915890177528346e-03,5.705417775307306157e-03
6.117509397669240040e-02,1.686847138800307358e-02
7.604142189348281344e-02,1.095897303439098414e-01
1.715537372693055505e-03,3.851916374686769392e-03
1.625576560164556858e-02,1.138435198869975663e-02
5.948468579616193047e-02,5.102708260124370204e-02
3.049464512394147175e-01,2.938370643917976310e-01
2.829677649622960867e-01,2.475294099266512060e-01
3.957779575257717140e-05,1.660855503422158704e-04
8.279810118757863213e-03,2.404141901545501364e-02
1.324303716799563879e-01,1.174574719709685217e-01
1.951099446913342472e-01,1.830645929224251622e-01
1.486345087757534600e-01,1.592730340109307641e-01
6.879878947642608269e-06,1.670328617788109193e-04
6.213258649590617556e-03,4.619691690905262027e-05
5.318515881472583168e-02,6.019898345415052032e-02
3.954973911983184626e-02,1.207548649357642959e-02
9.085423234255252155e-04,2.586766893671800068e-05
5.823322500588873352e-01,5.087312594770693197e-01
2.814700921830838934e-02,1.900283325296904177e-02
1.451172079831344885e-01,1.122798241233558814e-01
2.362726785713087918e-01,2.411389472803829037e-01
1.367017875767816415e-01,1.303831491699113110e-01
2.334660129872477285e-01,2.093074301672856741e-01
2.169550129577029196e-01,2.862094192160158923e-01
4.042330308019698171e-02,3.473867936928806688e-02
5.802325996287173090e-03,1.103686596244302966e-02
2.231427052771160768e-02,7.254433342728646913e-03
1.975936049573291404e-03,5.468175708206957954e-03
6.786543317048465696e-02,7.473811420678468098e-02
2.066730357827125872e-02,3.013955006838739663e-03
1.244298720216812371e-01,1.284881725696223886e-01
6.909895342980022954e-03,7.207485733040597210e-04
9.062101860157956504e-03,6.820011464898953490e-03
2.012684712616986393e-01,1.558303395674330294e-01
1.858168927522397262e-01,1.960204826001861189e-01
6.112421386137558386e-03,1.108693398078639848e-02
1.070631839939764351e-01,1.200987503743961154e-01
1.437621771150634185e-02,3.866033785175791628e-03
1.138018003352000013e-01,8.462099739818955413e-02
1.182607682006235270e-02,2.361396430654078699e-02
3.748284734405398205e-03,2.761213392850868907e-04
7.377063705888505310e-03,7.681935232073371783e-03
4.277835868427117688e-02,4.814207477620972148e-02
1.827031394180528290e-02,2.723427300951328234e-02
5.742049937185112612e-02,4.258784955607505113e-02
9.205322819233174294e-04,5.067978736463371516e-04
1.723684990725635746e-01,1.798634226887536880e-01
5.717191804320789217e-01,6.260426564672982863e-01
1.414398759744374956e-01,1.835854378533757769e-01
2.563888247033051931e-02,3.790571530097962966e-02
8.515549630363954676e-06,5.315682519961778887e-04
2.192004124658502814e-04,4.628778365621241675e-03
1.219819893946511025e-03,4.628842004539780210e-03
2.122236992510188047e-01,1.420883583139977979e-01
7.610012437818448883e-02,1.311876840873964778e-01
1.734534711264656692e-01,1.545689178221981153e-01
1.550695344114587197e-02,5.569050392901968294e-02
3.615386966686575353e-03,8.862564999623795273e-04
2.127118009652908814e-01,1.692665828088927016e-01
8.903703398602395890e-04,1.168175568512300200e-04
3.282116518657717807e-01,3.148710822977120460e-01
2.633835249452365704e-02,1.194328087154050699e-02
7.055592384326399291e-02,6.012650726920018562e-02
1.792271448370281019e-03,3.176015840328178051e-03
1.081590377698197006e-02,6.078362614227029830e-03
3.152550928513792820e-03,6.210677211147051617e-03
4.919738264713134357e-01,4.658838873829437288e-01
3.585034971077608740e-02,4.975860090529655999e-02
1.274138856525919121e-02,2.786959831763901468e-02
4.033886255688493711e-02,6.023090212007468913e-02
2.607018374621842063e-02,8.500588788970742798e-03
2.022714149440389339e-02,1.850557936508265972e-02
3.347092182888956186e-02,4.885823358786955256e-02
1.108617203200033325e-04,3.056622985782115817e-04
2.957603318694445593e-01,3.467485882154526244e-01
6.520241795422036801e-03,1.056991075199909848e-02
3.822981611415024765e-04,1.570417458785852358e-03
2.480878276423718713e-03,2.215679629634796470e-03
6.623867886314131759e-02,5.672975112384107121e-02
6.349315390532312559e-03,1.449290496349770960e-02
5.782663931068498381e-02,9.575350118238955266e-02
9.003833544035552694e-02,1.262654742074823255e-01
8.626607801994224181e-03,2.063005587751402803e-03
2.514112949271824111e-03,1.039164254042683971e-05
4.402200431915397061e-02,6.499157007392740437e-02
4.117954990733905564e-03,1.240305011273494344e-02
3.873034611181698228e-01,3.432244653295971615e-01
2.039267315380466003e-02,3.265325520671963355e-02
1.252440588235088359e-01,1.585847286802994360e-01
2.163868096629011084e-02,1.919006289143202273e-02
1.744559923004760857e-02,2.334594173994706395e-02
3.664046108922816569e-02,4.133678231498143923e-02
5.360375844943739143e-02,2.588656885863778803e-02
2.257240996525335108e-01,1.898790277372383317e-01
5.202767866271465480e-02,7.369074979833840910e-02
2.805423230775348949e-03,9.830645404538521440e-03
1.844321313323894762e-02,2.756772853429956260e-02
7.353679347333064165e-02,3.991242825372199460e-02
1.617231708357401709e-01,1.590659228397794389e-01
1.579899175327722782e-01,1.287766862834593129e-01
4.082889892952520222e-03,3.001620524993457717e-02
2.230431858148110985e-02,3.447062425204268366e-02
5.693770032744800008e-02,5.510156058857559880e-02
5.336594326476453709e-01,6.259036639902142429e-01
2.163005427127508498e-02,5.254640122391664864e-02
4.065176017653156920e-02,6.976994166376293549e-02
4.495394460584039437e-02,6.440102006015702152e-02
4.258207050812678682e-03,2.346122799230230139e-03
1.953399389668491193e-01,2.193483643571716435e-01
2.763681876914694802e-01,1.958443892938627473e-01
5.977303652429789560e-01,7.275932667001375753e-01
2.551947495242958344e-02,2.484918528305444727e-02
1.037938834716059348e-02,5.772215137373224586e-03
1.854909182866256822e-04,1.238729625203593640e-04
5.754525100900431157e-03,3.358107719765051529e-04
7.048017032900117412e-06,4.199524396687156266e-04
7.894726261079504370e-02,9.429400184031622167e-02
6.868851162108478847e-02,9.782211338093635411e-02
2.161131627762897731e-02,1.703274415830301550e-02
2.794884518375031490e-01,3.076762611699456196e-01
1.216423755807081730e-01,1.603610302216045835e-01
3.107370504010763951e-02,3.074550477740681242e-02
3.687514499623948359e-03,2.333831066261527268e-03
6.451543658358370459e-02,1.044027813763849372e-01
1.424791831273460652e+00,1.403296955216137842e+00
3.746471814026073027e-03,6.695135713084592738e-03
4.715523997077562535e-01,5.080008136738035640e-01
2.418746431212484387e-03,9.388382041517951858e-04
2.710353172488275675e-01,2.190672995438927573e-01
2.667538756415153284e-03,3.532021926765903808e-03
2.118628365166314292e-03,4.834953262937148307e-05
1.227023676074240344e-01,1.198013663339635576e-01
1.720372188996682067e-02,4.098376139286461634e-02
2.292265635707855034e-02,2.276957461258873050e-02
4.062545479731503040e-01,4.072537738042550925e-01
3.429168256408602049e-03,4.155901197468468483e-04
2.017899671585376975e-02,1.704110375743080399e-02
6.106320629690551588e-02,5.861333996307463434e-02
8.831044544578466049e-02,8.167704288874652607e-02
1.103320930556806329e-01,7.576690736083867284e-02
2.629770349942952418e-02,1.196723690042847052e-02
1.086407687522469509e-02,1.150729023706991046e-02
1.021538421887316014e-02,9.410259706766949464e-03
1.949763623092739054e-02,3.252941446466894176e-02
1.246635224232703690e-02,7.325443931778469545e-03
8.959709593460879777e-04,5.735868035453660710e-03
3.632278953730652790e-05,6.233005893594589395e-04
5.374255117766389830e-04,1.650546114533670805e-05
6.851847992788260991e-04,2.125783987516720929e-05
5.202170237148460302e-02,3.425471482153720493e-02
2.027739189527357627e-02,1.030587127804162041e-02
2.484174895806559591e-01,2.159157401712162305e-01
4.586390407305748762e-02,5.550657869753076318e-02
1.650876718986590830e-01,1.655743107846674445e-01
1.523343533358360521e-02,1.105417855671784327e-02
1.815584996127136280e-02,1.904355158733326073e-02
2.545053171731242667e-02,2.619908717385961011e-02
4.816760307648223528e-03,7.330196954633761883e-05
1.533439847241830356e-01,1.090846818498390353e-01
1.071277739303800186e-01,9.781714208325574533e-02
2.546215120469196846e-01,3.561725778945150633e-01
2.378007179228738832e-01,2.633822236314467546e-01
1.637931449660920691e-01,1.840619988561579545e-01
1.227099668726823814e-02,8.861530855842370338e-03
1.574981747847827018e-01,9.219305461652363420e-02
1.342929455741458944e-01,1.251053337404729182e-01
1.590755843384231150e-01,1.687146017308835677e-01
4.444073223062246225e-02,2.877090860372276404e-02
7.946387716295092440e-01,7.353800716832582518e-01
7.085931632439143590e-02,1.161225191420113823e-01
2.987866234513671983e-03,8.483469833901363319e-03
5.554910464438071044e-02,8.072915736992873625e-02
1.236027437106348081e-03,1.960104177014714968e-06
2.223844826210292017e-02,9.875540994904126457e-03
1.605394592165970691e-01,1.924509671294288016e-01
1.409947686693503212e-02,4.527917099101748388e-02
2.742320762041939794e-02,7.062229282638196604e-02
7.730802249328032338e-02,8.678921735431306683e-02
1.031705480274636632e-03,3.851096337930634897e-03
8.276185653684054941e-03,7.947315538050956155e-03
4.030187859513919418e-02,8.468381808306785219e-02
4.024760257937133878e-01,4.191347052962651198e-01
3.192248911380915488e-01,2.984085481399365025e-01
3.524923715809729630e-01,3.970011710850240849e-01
8.290871628764762136e-02,7.905315213468433466e-02
2.647270172608321565e-02,1.551456214857319972e-02
3.227006947507448653e-01,3.112303605918484983e-01
1.384277813811783109e-01,1.553378164417016094e-01
3.346824451775018416e-01,3.712641688875729096e-01
6.791781507424813312e-03,1.237606969007095303e-03
5.557043382771862522e-02,8.580833171635109113e-02
2.341686243331598249e-01,2.453436637435627565e-01
1.913627679376387336e-01,1.987940632900115911e-01
1.060632158048512297e-01,1.372656364782151028e-01
9.118788765991928114e-02,1.102375308227858813e-01
4.324224100437315277e-05,3.816460879785582203e-04
1.186948583611033697e-01,9.490945561341945780e-02
3.652956234787811396e-01,2.643463974056116661e-01
5.077397353700496135e-02,7.101975203994717600e-02
1.937017582782497166e-02,1.634712271840326261e-03
7.584589228210418532e-02,4.763676689040403228e-02
7.829707294841897411e-03,3.093273172397911774e-02
8.082604437440554877e-04,1.275610825724209812e-04
2.554469854270654400e-02,2.575526924188428421e-02
2.445281336263119831e-01,2.662802271673099797e-01
5.620911586240578001e-05,6.209585842798206112e-04
5.914957943730757561e-01,6.079792838291834256e-01
1.317515328986868517e-01,1.789148165743898455e-01
1.207807450632385760e-01,5.819568772910101162e-02
1.371803435132261037e-02,1.848656928673410305e-02
3.732438432818474539e-01,3.172820092078806886e-01
3.373760188592829223e-01,3.827927141009479506e-01
1.215525199214260391e-04,4.240713302822786716e-06
1.098550357660504385e-02,2.720324575871266998e-02
4.470167337552428261e-02,4.893038273530246618e-02
8.645068501895145086e-02,1.082416225385931935e-01
5.232785038703861510e-03,3.018878881590634708e-03
2.933495305208068740e-02,4.606274373279416884e-02
8.404493015331776506e-02,1.163949224049283943e-01
1.721730972307688665e-03,6.778575735704538531e-04
4.480942264403064285e-02,2.625901385109772126e-02
8.914749780930145227e-04,3.424109515569136262e-03
1.791372631741754151e-02,2.758665929927015328e-02
1.636117952900892070e-01,1.537485202277081575e-01
1.597842680422128028e-02,1.820902172904668645e-02
1.270335756657781368e-01,1.264457351880025338e-01
1.926499004997795847e-02,1.748233596953817706e-02
1.645258438080001440e-01,1.937106314151370023e-01
1.157324244590160651e-02,2.470926200721863114e-02
4.042993626784108924e-02,5.408693433502922282e-02
1.382408153698670011e-02,3.414510735556031823e-02
4.600975747111895990e-03,1.729504996733749337e-03
5.706102451942678400e-01,7.103458746150289604e-01
7.580343408706052746e-04,1.125082304241772956e-03
2.302213778274387126e-02,2.212290713055571623e-02
2.290057450647562526e-02,1.281166960371281534e-02
1.380810373837783878e-01,1.938060181034998997e-01
4.430243687407677683e-02,5.710048689695470386e-02
3.937810321530103852e-02,5.586275837111812775e-02
6.499577198428432845e-02,4.444668773578226012e-02
5.420027462266043677e-02,5.999300240668264950e-02
1.409652037952839826e-03,2.238562052222357879e-03
1.858850074089836157e-01,2.939625081325737410e-01
5.665958581093800961e-02,5.770294646141353040e-02
2.591618390572861808e-01,2.415473094729430892e-01
1.388507588598273113e-01,1.338256961258913191e-01
4.047787362292435964e-01,3.746357097968251448e-01
3.960901422463354409e-03,5.593010806033865315e-05
7.000455143065603680e-02,5.845341838166853016e-02
1.504725858441846309e-01,1.766710894809093435e-01
6.543909753980955979e-02,6.685826701435407249e-02
2.812770424922989565e-01,3.557413285188446017e-01
1.120876667471373267e+00,1.312107378162417293e+00
1.412411274247676006e-02,2.069487228755876110e-02
1.031070681018424612e-01,1.143781421802805565e-01
1.691976692969460461e-01,1.332686582049490975e-01
1.585716835282653947e-01,1.574597288283956786e-01
1.910868654438483208e-02,1.585499469274522996e-02
3.820769273849404790e-01,4.084261090932114757e-01
1.332782190134314954e-02,3.454323528777220043e-02
2.075716264031845940e-04,2.784611885772147240e-03
1.769500013796779236e-02,7.780970944512290328e-03
7.659727029380106189e-02,5.682587988651057603e-02
2.366984832093013691e-02,1.227225989627205548e-02
3.027050571816313970e-02,4.127815836777003894e-02
1.030405729946339555e-01,9.241298430548035292e-02
5.495059888249041735e-02,3.235528752601860014e-02
1.781960030960115793e-01,1.456164381348922510e-01
2.478204418580344515e-02,5.449455575793295953e-02
2.483135204445656441e-01,2.158219914030991282e-01
3.349222891986139428e-02,4.530333865007286909e-02
2.767231866333628738e-03,4.413965261829666184e-03
3.578048458467704418e-02,9.899053832740949133e-02
1.741797271608042652e-01,1.217156852650881083e-01
4.647056240941342675e-02,4.403312198534564681e-02
3.318562835153909124e-02,5.191023249420989583e-02
3.981097506886475956e-02,5.886530754258014614e-02
5.603066010496650373e-02,3.659833703426380175e-02
1.365678103166500243e-03,5.492400074836349504e-03
3.549520373501036802e-02,8.796773936152210704e-02
3.949553877752269836e-05,4.470559121305021184e-04
3.567084156520144989e-02,1.858059147464254102e-02
9.489491555465284003e-06,3.145219622751074221e-04
8.482791277661896889e-03,3.424963854818643331e-04
1.524003887718026751e-01,2.485110063075066933e-01
2.489905084673703969e-03,3.100241236911693062e-03
2.178395471804558947e-02,1.307205197638722921e-02
3.449343726642142144e-02,5.461275494973024530e-02
3.359395288521832123e-03,4.865751616714580202e-03
4.269251968869086089e-01,3.810440016044239209e-01
3.513298140319332744e-03,1.190122840808713724e-03
4.064132193032246598e-02,2.505368872834467381e-02
8.092364221317546735e-02,7.002462097607185798e-02
8.728727818864738530e-02,7.036576143840364561e-02
1.142456541845106033e-01,1.734381251050706729e-01
4.728683329423900156e-02,4.586891410432922950e-02
2.502117082109896473e-01,2.345622674868834689e-01
3.700326721117783418e-03,1.298633794754676211e-02
1.068902151399934164e-01,1.168249289459605683e-01
8.473114594270976518e-03,4.090891250602954332e-03
6.389881787212579878e-03,7.540437073693703578e-03
5.542219707494432102e-02,6.797117204780463162e-02
2.700442696562082700e-03,1.555482076191659006e-04
2.807290216897563237e-02,1.283074009731369376e-02
2.889406651968017686e-02,1.871062519218692072e-02
5.723336259525003966e-02,6.399273736172582383e-02
4.207600434741636808e-01,4.538623840346789340e-01
5.948011390247481822e-02,7.940077450766559741e-02
6.933986879074928791e-03,3.185292509951457955e-03
4.950685420515413965e-02,9.052446564072536006e-02
7.322477149953944553e-02,6.462411178388577371e-02
9.678337938067755816e-03,3.775345913081121392e-03
7.908870507418259976e-02,8.394055511694410721e-02
1.061135366018239878e-02,3.690070613604178040e-03
8.664128793024025894e-04,1.058591939531153454e-04
2.492944859580583650e-01,2.419275625235304261e-01
6.175777978521243550e-02,5.925469532231859154e-02
3.322930154348728293e-01,3.596564902282891607e-01
2.044287482542453144e-03,2.515674349080793227e-05
6.887645145136796210e-02,4.524665938332381177e-02
2.666201913819511993e-01,2.816809845641542465e-01
1.379620853792353462e-02,4.294816421944872009e-02
1.697897169263168935e-04,7.440500048665911860e-04
1.248243671119298043e-01,1.217234211384274206e-01
1.447278308068281893e-01,1.201216840214481690e-01
1.248446701093235967e-01,1.294571815165086459e-01
5.626209097810820712e-04,4.690040264108497579e-03
4.390702211739316851e-02,3.537903834663550656e-02
1.635775669712675323e-02,3.351227664676297013e-02
2.378681585351456740e-02,1.311117752855303804e-02
2.257739217939868336e-03,4.527717960367199507e-03
7.269713092415593103e-02,7.211450701236243876e-02
5.092140195561674354e-02,2.286052797106879336e-02
1.211133870510261584e-01,1.369440896272245412e-01
6.294112832321965834e-02,9.235951842691628166e-02
2.316054102120846184e-02,2.675004917773848509e-02
2.943670563270075688e-02,1.811868104295022083e-02
1.945180633603625642e-01,2.235756290208092412e-01
4.822916015986713047e-04,5.190204579012740009e-04
2.768024610460128460e-02,6.962577638402978226e-03
5.344579727454352308e-02,4.452932496488445913e-02
3.493078720300138440e-02,5.247004538373791632e-02
2.071754743872486915e-03,1.060414297174447785e-03
3.003089204427425996e-01,2.429623308234154788e-01
1.494438141033112566e-01,1.826205804686464873e-01
4.506444856920387848e-02,4.746027295609480529e-02
1.319829619292104961e-01,1.605155971672220794e-01
6.186872055878154392e-02,5.600260809748395380e-02
3.896963366275003615e-01,2.709317838440007953e-01
4.984222434861908246e-02,5.815841763225444022e-02
2.395636831617772022e-01,2.652383342807809186e-01
4.650453068453860167e-02,4.759527513433292611e-02
1.679639253078527850e-01,1.282387718913545194e-01
4.375158174341823858e-01,3.149472498275110999e-01
8.664982856783376777e-03,1.376473210531591398e-02
4.386906837248268770e-02,5.764207521584053390e-02
4.303059818213854359e-02,2.169108222225749408e-02
1.526643605318550243e-02,2.790626208355008464e-02
1.296702930404062259e-01,1.773635967836111882e-01
1.572351754800113133e-01,1.748543914062618554e-01
4.873559250898854694e-02,8.083000009770849315e-02
8.694176838746790759e-02,3.184257854825355699e-02
8.784383288081775223e-03,2.430003760562920306e-02
8.842923493663680523e-02,7.246618907390836584e-02
4.425744018625837320e-04,2.346969602770992156e-04
3.051628713597588811e-03,1.098735639306538904e-03
1.149462701967468164e-01,9.080457839937694509e-02
1.145759536097694792e-01,7.372127507326892148e-02
1.817753954160875596e-01,2.572605707751882687e-01
7.478657032323922094e-01,8.578659317578813948e-01
7.715185066478640052e-02,6.217194074721506952e-02
9.080134713712359473e-02,7.358685713568989539e-02
2.371707611526471110e-02,8.106661725372736951e-03
4.858944660542708488e-02,6.452688756748892196e-02
2.903874780671459876e-01,2.918813068407431488e-01
5.227257380597172265e-01,4.665107704058886751e-01
2.600817182971819699e-02,1.643391435522214422e-02
8.756311950518480243e-04,3.277057751011457770e-03
1.872031337436083631e-02,2.910672439507225664e-02
3.485737786855201970e-01,3.340353610186134747e-01
1.184805967363354862e-01,8.204801198497393977e-02
3.103075024539082849e-03,4.928560342502425091e-03
2.010574799051372680e-02,1.825771736295206393e-02
1.638079058562320056e-01,1.077560487979168785e-01
1.231313637859255822e-01,9.882863579891267014e-02
3.150484173078515874e-04,1.618948147990656938e-04
5.477942805839844907e-03,8.791245540100162559e-04
3.964597228768132475e-02,9.090890528242777380e-02
2.324401886186888699e-02,9.263167351260042856e-03
1.192442041037171645e-03,7.079564855336453895e-05
3.640911162067295148e-01,3.731445354544940529e-01
3.582750287590438232e-01,2.948961179096898921e-01
5.360822399147441991e-02,2.668173587299715876e-02
3.075335840465798221e-01,3.580374875581254779e-01
1.334444869266699848e-02,2.505820679805457335e-02
2.130522167888391494e-01,2.940003690881290987e-01
4.693312192553007051e-02,4.063984350266693774e-02
1.105687926528769668e-03,6.094105233597851915e-05
3.636912187080366954e-02,4.403340777511150633e-02
1.891445598968862201e-03,1.032986321824399222e-03
9.017775613573926485e-02,1.120058207227038471e-01
4.807264217182660206e-03,1.301107459475333607e-02
2.827790087578573863e-01,2.212207295190229961e-01
3.346112848135098794e-01,3.580270371520067330e-01
7.406357100333450447e-03,1.340456376395879855e-02
3.915286478950077281e-02,6.717825487667636319e-02
2.487426220043633882e-02,9.339052668851188441e-03
4.274655411343954159e-02,6.840079740883832360e-02
7.544673534037925344e-02,1.262403254941743269e-01
1.302166682032436518e-02,1.279830628830979505e-03
1.222706508440179474e-01,2.305049502769839498e-01
1.163679536913343748e-01,1.071002346306320213e-01
3.348049100713727105e-02,3.900233353394313290e-02
2.787880701641736736e-01,2.627362071319371828e-01
3.444436398218902462e-01,3.382785003386989953e-01
1.153990087088522208e-02,1.323269287188948498e-02
3.429672619120249094e-02,6.122107974857254192e-02
3.733198278449329638e-02,4.133701393548029623e-02
3.770930495757493679e-03,3.040303638219437644e-05
9.360116631794353518e-04,3.729490179519621518e-04
4.021113391413487113e-04,4.554792510162059840e-04
1.387457536365377664e-01,1.475259854219465316e-01
1.020247441610581170e-03,7.796060273733851180e-03
1.947237536514804523e-01,1.718857311088014539e-01
5.588488140042559282e-02,4.097676164452418446e-02
6.083161208486443511e-03,1.135809460764195152e-02
1.575376518872012854e-01,1.540256545628009288e-01
8.262361057192275926e-02,8.106162320028890977e-02
2.772409245562959534e-02,2.741943231558501698e-02
7.285203973202432348e-02,1.392095580092907736e-01
3.683222944541141852e-01,4.355573158188806304e-01
1.235463666372926643e-02,1.237872531955730264e-02
5.965297310673382813e-02,5.875158191674136748e-02
1.777801429956629362e-02,3.976486592845934753e-02
5.801255822412698659e-03,4.365166019390241334e-03
4.289342503069122625e-02,7.592228961799660225e-02
2.500000245107510469e-02,2.834719973372972629e-02
1.654431917210567177e-02,9.693895936489973358e-03
1.622875411978306204e-01,2.013148269283362435e-01
4.866142052517907768e-02,4.947220583482391659e-02
7.251735810634371560e-02,5.887096132735332443e-02
2.553060266456849432e-03,1.142012548561827014e-03
6.416701606169636363e-02,6.179918189478270096e-02
7.976600668944450190e-02,7.542910722184012484e-02
2.381469743330176525e-02,2.438423270927973785e-02
1.799237151583865657e-02,4.456995658415575587e-03
1.192735441057038263e-02,1.328830017169038702e-02
2.132416869423498298e-03,3.088470565931334625e-03
1.130579804711529107e-01,1.257270566281820934e-01
1.829414617441343233e-02,2.822753966195618372e-02
9.029272478119680862e-04,5.822257793388020870e-05
1.689877286171766885e-02,1.162889573399425273e-02
5.110036633040544035e-02,3.864633760831937687e-02
2.077677353262424084e-03,2.164243857590781445e-02
2.463434414357173474e-01,2.215169618438658783e-01
3.548020387433271083e-01,3.767950878555672567e-01
7.776780789639971096e-03,1.143021394451691763e-02
1.383034281769791873e-02,8.068114206617118742e-03
1.685898251537831793e-02,4.607034836174153658e-02
8.139562668973689130e-02,6.384226739541380702e-02
4.248988226802372092e-02,5.313974365193840921e-02
4.769608650675010234e-03,2.687957175216314047e-03
4.043717414182641523e-01,4.444279043851877553e-01
4.344758495120060182e-02,4.607816689880980809e-02
1.498133061506709204e-02,3.778527558209451593e-03
9.466519407918053131e-02,1.137458864558543448e-01
3.568751869748567219e-03,1.811726293941971939e-04
3.796076143631876287e-01,3.894878415805753669e-01
2.780871048148990110e-01,3.012134779757435488e-01
6.516484708188374601e-03,2.961233564845241616e-04
3.442174337711241261e-01,3.877316071025808664e-01
1.413630437780432313e-02,2.062331452137360771e-02
6.629854106143208935e-03,1.944176070707207601e-03
2.243964751899141796e-01,2.070652238796771849e-01
3.365734977696497321e-01,3.914981565716957879e-01
5.326169297253473267e-02,7.992839085459380044e-02
2.921783269733809751e-01,3.750691968289237566e-01
1.868138905805191360e-02,2.905631350311859915e-02
3.034982905115895841e-04,1.187700324401273506e-03
1.498173906541707019e-02,2.648322040141182568e-02
2.431939073973422571e-01,2.048054585072873746e-01
1.158884843034771045e-01,1.037070535116711711e-01
2.931098588156201279e-01,3.022133179411432002e-01
1.500974959213744375e-04,9.848732766938996051e-04
1.481386672897953838e-01,1.999272983827384553e-01
1.420012837341836157e-02,5.393042165498188739e-03
2.485412328323528298e-03,9.082017700283565032e-03
3.069193013284523749e-02,4.678287223080022927e-02
2.628084244255778079e-02,9.458242009675370660e-07
6.732350316023159691e-03,1.579480886121889917e-03
5.752209972716447739e-01,6.057638224495974777e-01
1.228882257805338947e-02,6.190798579244751083e-03
5.134848348349330821e-02,4.222643880181278786e-02
2.853990444604641019e-01,2.924731271856717552e-01
5.820563961972329697e-02,3.734795081030350267e-02
3.693277659052673911e-02,2.029025389519559242e-02
3.889466930538531490e-03,2.963576674031295072e-03
4.542653720710055493e-02,3.931154478295752902e-02
2.710442419307746917e-03,9.898679946662742191e-04
2.482391258621826913e-01,2.553274951965091577e-01
4.723350649622982955e-02,3.494512974003910477e-02
1.798903813749973615e-02,2.183335913952450316e-02
3.305579208819286845e-03,9.246537632297636977e-03
2.088731139251363278e-01,2.136194597427481245e-01
3.621289219486727856e-02,2.991584948178249020e-02
1.395636094105458525e-01,1.517052554257730113e-01
1.954908258333617754e-01,2.245252550391121926e-01
1.237815661427070502e-02,6.918823742076253905e-03
1.705072894413905138e-01,2.195388845046470361e-01
7.654868080066474937e-04,4.028978574522482439e-03
1.027509374595399483e-01,1.320429356125475684e-01
1.939649639443472295e-01,2.133043819786005768e-01
1.869479361847834614e-02,2.180820737660596823e-02
1.623768185350912482e-02,2.420575956871168916e-02
5.253250862287490719e-01,5.008993206174937596e-01
2.067782158891028899e-01,1.666162759603583010e-01
2.060078763510045374e-01,2.617808878982949006e-01
1.371602043763337775e-01,9.944112436406415956e-02
7.016842085827182732e-03,7.258649168059186189e-03
1.720116969702662202e-01,1.450071708953661886e-01
2.033537984280211347e-02,3.081019597340507732e-02
3.244238219607625904e-04,6.456877506428411115e-04
6.091931572320812352e-03,2.220152603235332756e-03
5.679888723764695002e-02,5.854678129850972301e-02
2.042124908105545297e-02,2.127401324243412273e-02
1.997528636942534630e-02,3.088714953862451568e-02
5.067145801735320476e-02,8.875302963358575048e-02
9.107901476521200815e-03,9.887430628185655407e-03
1.077112220723698078e-03,2.082583386800376281e-03
2.646348531183019270e-01,3.291099425196636896e-01
1.286462756496974669e-01,1.317571392784397943e-01
2.392255508384458565e-02,1.886263224010170658e-02
2.614370401890845231e-03,1.457454530183885681e-03
7.332285055931491158e-01,6.204606982668119386e-01
3.899766304760425486e-03,3.335064016808837739e-04
2.042090885527485938e-02,1.576316624145039300e-02
1.132180932684089952e-01,8.535175700398234255e-02
1.036575029857082775e-01,9.467655260793265970e-02
5.922900761224137584e-03,4.193046997628409323e-03
7.748300365220422981e-03,5.485978899300656374e-03
9.260148790635639804e-04,2.755702576173571267e-04
2.437769038639030564e-03,7.666336056345869100e-03
8.029284943261549845e-02,8.496348819018388621e-02
1.891246850783742249e-05,2.088907690040714817e-04
9.331298632737015583e-03,1.408421291340241320e-02
2.599272895544828543e-01,3.464853651641098820e-01
3.416851546751381030e-01,3.930469548693573678e-01
1.874270082496069523e-01,1.555140704117259354e-01
2.481975552957441655e-01,2.493379311869662607e-01
1.173998725513341751e-01,1.287583840368597687e-01
4.348026097083192432e-01,4.417133141501395355e-01
2.839283603252563265e-02,5.028515880400660776e-02
5.847559033460840439e-02,7.938735760938142594e-02
1.000821697547822457e-02,8.393650596139100653e-03
3.538672181240929415e-01,2.722162608913226700e-01
1.616099050451730187e-05,9.294011547550646397e-05
3.790992001851989455e-03,2.421720732209245094e-03
1.638319046977732563e-01,1.942895761229971596e-01
4.166102071015639341e-01,4.408469916793250620e-01
2.164572238722858942e-04,3.168653940815373640e-04
1.082975827554089922e-02,6.365667850881900729e-03
4.705905068657071505e-02,8.276487118803040055e-02
3.204494301320163774e-01,3.941640226692668669e-01
7.954588376537502503e-02,7.995584475308527284e-02
4.080355854052318369e-03,1.893166450766128580e-03
7.380638656372748296e-02,5.751878620583786988e-02
8.125010432553437731e-03,2.606109259227520555e-02
7.559636840029608507e-02,3.633433367340253850e-02
8.781789956860134444e-03,5.261075619447267392e-03
2.078192602767516689e-02,1.220090526423892908e-02
4.776126120174552930e-03,5.837622423284207808e-03
5.443072962552426147e-02,5.213061868329550708e-02
1.431422000863160626e-01,1.548367760337356625e-01
1.437541917200970132e-01,1.570364018042844367e-01
3.118098413309094638e-02,2.858422011870521973e-02
6.073796512951645105e-02,1.057684193695889174e-01
1.192570342522500521e-01,1.117809559615403625e-01
9.123041203750449635e-02,4.431639709554714701e-02
6.577349728049719816e-05,8.004514080715989565e-04
1.205505942243799249e-02,1.555307444144357967e-02
2.860723977087729561e-02,5.963163146092784889e-02
1.018538168677909223e-02,2.003434323519298708e-03
1.096253502197729496e-04,6.198207057408378247e-03
3.542833603030522659e-03,1.539059597885789922e-02
1.923899323100640990e-01,2.219071187055014771e-01
1.965621976044168093e-02,2.164653955697900048e-02
1.390754661946764538e-02,2.905824900355647583e-02
1.891319510934913873e-04,6.927828665716675515e-06
1.206044128888653305e-03,1.733791779942239070e-02
9.698641745402414305e-03,2.868207370929722055e-03
2.249892353660223502e-05,6.200018989692098956e-03
1.307403116597311010e-01,1.250723164344263727e-01
3.337345649590401919e-01,3.238437016979509586e-01
2.343710440395048167e-01,3.045460741192883014e-01
2.509494345828985632e-05,1.132170504897791596e-03
1.743400583918359170e-01,2.244857642949029397e-01
1.140968507309515767e-01,7.838532503773172622e-02
1.342746747019870311e-02,2.244916197967867719e-02
1.158907787033849335e-01,7.311742768286816352e-02
4.695433597334583431e-03,1.675357163629223600e-02
5.368621659614434107e-04,2.715992731199581541e-04
7.041386932476237370e-02,6.806966057735430731e-02
9.482361849804291087e-02,1.197511790509554336e-01
2.762121812892466208e-03,7.746933853905178455e-03
4.636275558998017438e-02,2.553326205683821917e-02
9.598502101829914368e-02,1.084321437877266980e-01
1.157767716787322515e-01,1.079916762734768332e-01
5.623687757470282461e-02,2.644410211162590355e-02
1.569314768583706110e-01,8.880992852732796927e-02
5.287411223368335689e-01,6.093478715275768565e-01
1.912697261589622610e-01,2.046345241097403955e-01
7.925975166832933960e-02,8.577883656089953235e-02
2.049290880438200957e-01,2.417229155765602544e-01
2.413923730187396977e-01,3.056980976143171547e-01
1.319390256190289823e-01,1.345167369283960246e-01
1.996204006458385163e-03,6.795083863006458769e-04
1.528712443823744375e-02,9.207972130509875508e-03
2.600230006700764845e-02,3.700793715393605604e-02
6.054709271016465479e-03,8.917309491341096281e-03
1.317461277038483591e-01,1.108499810325574153e-01
1.553643529183837066e-02,3.797625953163932984e-03
2.636083224532451488e-02,1.046801263171173203e-02
2.341574151388639558e-01,1.685502396352464571e-01
1.074443659463593659e-01,9.985476967896482481e-02
5.137332202258856461e-04,1.254605539148183563e-03
6.588800012519270555e-02,8.511489962101123630e-02
1.120450038804537002e-01,1.502885090006652880e-01
3.039022823105462512e-02,5.253011093616773153e-02
2.297581213385324617e-02,3.772387164873674398e-02
2.129164530343144804e-02,6.429897029983071104e-03
6.889247296110458454e-03,3.697169147753103305e-03
2.292538334524296950e-01,2.709393055308505494e-01
2.659084568595336540e-02,8.451045736724220603e-03
1.230751279357072681e-01,9.659994301707024167e-02
6.785795317222661073e-05,4.677915186798271233e-04
4.654610859565855296e-02,6.318955240765190828e-02
3.746677720962036107e-01,3.444565919569393397e-01
2.034154263044304078e-01,2.557743922921551505e-01
1.790171040106047079e-02,2.964002104183797309e-02
1.205635141842151536e-01,1.203118225409409575e-01
2.957332907486003026e-03,4.903055790097679903e-03
9.405803911208389378e-02,1.046961258590762972e-01
5.914758578964163238e-02,5.413946859182004051e-02
2.339103522629406781e-02,1.985212122137901963e-02
9.048745690917060075e-03,1.412958961386947404e-02
3.206640831457383684e-02,2.797458294600207312e-02
6.148167947543854012e-02,4.303705617292387375e-02
6.795730776353499543e-03,2.447872346010100588e-03
4.586416254337677412e-01,4.776807250920053760e-01
3.183417080609772520e-02,3.225812757149491838e-02
1.517943784994726670e-04,3.070435755238390429e-04
4.685175328056349897e-02,6.874213666856895943e-02
2.885244637498807774e-01,3.025588466142716815e-01
4.941400023951032089e-02,4.864634311054302079e-02
1.042346292638771446e-02,1.821343429318326990e-03
1.348641566577455375e-01,1.343925399330035131e-01
4.323257118984677461e-01,4.653664212694981206e-01
7.392108825493444446e-02,5.852608188410159118e-02
8.215316715372886214e-03,1.576041097593863446e-02
1.219615690754013715e-01,1.200675844476365162e-01
2.149958150056977824e-01,2.300222414493958145e-01
2.506254507978936553e-03,5.092148940802213378e-03
6.872286030291949177e-02,5.651974140649457246e-02
1.281840519349462110e-02,1.235436790667200288e-02
1.929398184406385525e-02,2.003981113199878802e-02
5.487686599975633017e-01,4.907412260545374050e-01
2.073998566811071087e-01,1.901349269510948514e-01
1.824606355995501139e-01,2.681041876339541052e-01
3.844460727349996443e-02,1.492237770927679411e-02
1.225579626863723404e-01,1.087861407798634827e-01
3.039911991588895718e-02,1.700429590496839796e-02
2.238331378441859795e-02,3.925394581113371417e-02
5.387008227471211125e-04,1.806586472281498197e-03
1.620433501052691641e-02,1.178734366534946350e-02
7.191039785170239007e-02,8.255925803479169378e-02
7.387472086936803205e-03,1.232774092466191497e-02
7.096929538711092833e-02,5.545979942227517723e-02
7.269897811376667407e-02,7.794042532235144483e-02
4.677125457640652663e-03,1.446356233583439253e-02
1.209888765941452698e-01,9.812169059437976515e-02
1.736017561689945365e-01,1.519714282526340998e-01
3.271482018830634136e-02,4.929404298114837407e-02
5.352980774342019216e-02,2.842473927274528217e-02
2.150490913650813518e-01,2.274400261204415352e-01
1.096551999627502633e-01,1.059659339508229048e-01
6.103983155928595881e-03,1.106813371350744320e-02
2.098020657626431529e-02,1.397867734409811297e-02
1.104329357593175631e-01,7.357321647972397960e-02
4.243471449966927656e-02,6.277914227835464100e-02
1.559158573044772123e-01,2.233044233857434113e-01
1.965403930504431502e-05,4.767916694217539059e-05
4.205301366748387566e-03,1.900936774931341958e-02
7.570732954504810763e-02,6.351851185111870302e-02
1.021490272876986183e-02,1.415085705848019397e-02
1.727449955450165719e-01,1.955237176609071759e-01
7.972460211674334274e-02,5.202101585054735855e-02
1.989355363295829127e-02,1.295903449864405262e-02
2.504859301508951391e-02,1.007009009694520042e-02
3.719634129717477866e-01,3.466475141989014408e-01
3.492537198199081871e-02,4.922421125520733132e-02
9.228515032257121609e-02,7.604364223774050247e-02
2.551314438378528560e-01,3.015899977828469525e-01
1.724221108950130775e-03,6.828940171143894390e-05
1.591372912739442702e-01,1.568742266481606418e-01
1.800555079911504014e-02,4.025328667311355024e-02
1.182922060064795222e-01,1.528634209448239412e-01
5.420192015181574813e-02,2.947245012538510581e-02
6.609290650896690322e-02,3.526625660701521864e-02
2.421032371520505655e-01,2.882259712106517435e-01
3.588447322872226342e-02,5.144296508369604337e-02
4.208907402223079075e-03,1.209211919175598232e-03
3.905085233051781846e-02,8.427185684496773729e-03
4.853816721242697196e-02,4.707565416544922526e-02
2.877579862268702087e-03,3.568383267701806581e-05
6.876018036298595093e-02,7.690880436304939338e-02
2.586916032405827456e-03,5.922902438373909943e-03
1.621865345366075295e-01,1.892286775669229926e-01
2.286618272182973995e-04,2.012315144031312682e-03
1.291446115731733355e-03,4.296667634509963667e-04
8.275270016082227065e-03,1.130635922395839196e-02
1.076061331157592699e-01,1.054620449847763347e-01
4.520183903593859992e-03,1.847501086375299625e-02
3.912100593873646948e-01,3.795446320150234198e-01
5.881418328236828579e-03,5.344687157949156234e-03
2.665869388551549424e-01,3.091137824296723569e-01
8.286865458442817592e-03,6.999243337210356471e-03
1.096856624999516666e-01,1.166616826833217907e-01
3.358214186668916079e-02,1.597069328711342093e-02
2.012233481307324490e-01,2.078767463454323783e-01
6.337089596002030145e-01,7.575133814084280548e-01
5.305682065822121124e-02,4.974103664171642541e-02
8.429528534094743453e-02,4.993531687023648052e-02
7.067789747157393783e-03,1.963671504830981004e-02
7.047458438218076604e-02,6.840841741653959363e-02
3.601139681041445190e-02,3.434497253186057086e-02
9.811133161916847645e-02,7.286464522313899905e-02
1.669956446636550532e-02,2.380750568209948764e-02
4.356347534175890324e-02,1.565085006790419356e-02
3.233280518384343272e-02,2.514182651048338726e-02
1.804110449884734346e-01,2.210609257976728081e-01
3.666633697944016255e-03,8.865493676382070476e-03
6.172560338871022761e-02,6.315979324969134279e-02
9.671332215011882796e-03,1.226419157130894354e-02
9.246957331415775125e-04,3.845682451482325924e-03
2.127097638632175977e-02,9.995232156374808663e-03
8.515702876519414986e-04,1.714031814367073534e-03
1.498338931234757506e-06,1.300676559396659561e-05
3.784810749831865606e-02,2.638603536619900033e-02
7.425070281784878178e-03,4.378715417169712983e-05
1.490563969960658972e-02,2.048122738260750933e-02
1.486376775402683918e-02,1.292168134262347730e-02
5.291212380383652353e-02,5.450093848781572409e-02
7.517367590084832185e-02,9.215614559531443151e-02
2.485448657762619196e-02,8.282761081254450680e-03
3.677195632357995181e-01,3.187924027616115263e-01
1.413857495102761042e-01,1.340599604133487499e-01
1.419743825196729745e-02,1.288835798964308582e-02
2.002606018650467112e-01,1.456514443444399398e-01
4.908862047168588427e-03,3.774171610501829855e-03
1.189056870665805843e-01,1.767488841765156582e-01
8.169870518881522381e-02,7.229516381282184712e-02
4.968279249523905802e-03,1.016322202717405854e-03
2.419978972376856682e-07,1.926731368194950001e-04
1.919576235846069123e-01,1.728823525633057523e-01
6.911435302584412015e-03,3.114742036424556978e-02
4.411754376519130588e-04,1.269631693917570338e-03
2.616016680744747552e-02,2.845506432388793944e-02
4.187995674321501327e-02,6.687229640873608438e-02
2.028946227030760663e-01,1.593809034716973938e-01
1.706914758689761035e-05,6.731575272764698907e-03
3.077722055682723589e-04,1.069664564115633014e-03
6.857791875185788658e-03,9.988917560459736715e-04
3.897624754865497421e-02,1.199262789109575844e-02
3.243585894925913454e-02,2.674368665705160325e-02
8.865641382708641660e-02,1.341267739828628791e-01
6.345251015928254912e-03,5.850156351495276914e-03
1.589826491189081509e-02,2.095611493487043592e-02
3.844909408770084275e-02,4.991711563952192648e-02
2.128670009578841060e-02,4.694277758924315924e-02
4.647914019912980504e-02,1.196609992021791524e-01
2.132852587668918887e-01,2.274302382967879343e-01
2.659221680830116917e-03,1.079474500280273073e-06
6.373013940696112820e-05,7.062949872466765507e-04
2.830317139927178514e-03,1.346779102510721254e-03
1.613406218632814845e-02,9.983535717738422494e-03
1.159114982829085039e-01,1.197706009475482947e-01
1.122349447548702181e-02,1.633481810524891817e-02
1.124628214593644156e-02,3.449453069160678814e-03
1.060336734792263480e-01,9.811173917924671806e-02
1.484870398705726881e-02,5.951293443314908949e-03
3.800131471839113262e-01,1.920330261156643070e-01
9.153037863837003329e-05,1.694662856675736417e-03
4.662591543242899234e-02,5.006858691592019212e-02
1.964008376417653284e-03,2.351254885510743341e-04
8.974067285826199149e-04,1.490545430249987460e-04
2.086675897719516282e-01,1.882873800018854127e-01
1.480757185528676324e-04,5.974007176842306677e-05
3.547954261225130367e-03,1.797155133975974779e-03
2.649492801382659635e-01,2.196059266095598816e-01
6.762792186279650234e-04,5.976965089766127064e-08
2.262649995623660371e-01,3.085919760851004168e-01
1.248442785434026175e-01,9.534049962118104626e-02
4.033769084351590366e-03,4.878291682881358109e-03
1.312938973599537262e-01,1.288744017473219539e-01
1.317638792670634829e-01,6.340113412128833836e-02
3.374316971339420129e-02,4.976587103122018241e-02
7.288294005437705170e-02,1.006795405189839787e-01
2.602892653127187109e-02,3.872853823317653349e-02
6.949918867509707887e-02,6.798259307807076601e-02
6.256111304994445288e-02,8.823947419410775594e-02
1.106226418983610044e-03,2.375135359163007447e-04
3.108942515647982949e-02,1.875837379719046127e-02
1.741849048056572135e-03,6.073647999004306956e-03
7.917391243634359921e-02,6.714180726243458575e-02
3.121649539222382322e-02,4.527249972924836385e-02
1.247410906525986268e-01,1.003708871132936997e-01
9.141799657493945071e-04,3.660575608442868739e-05
9.973228423100830020e-02,4.252028538334946817e-02
2.401787109425540800e-01,3.149230014926276966e-01
3.933053201881221983e-01,3.592592148078737058e-01
6.676116535309656319e-01,6.506133476472453214e-01
7.794625293987643422e-02,8.027839162313590848e-02
2.803325180819043333e-02,5.954003001495774411e-02
2.826735755690086213e-02,3.424715245104065914e-02
8.913221995118586483e-02,1.026096132478835632e-01
8.051252232522171370e-02,3.346894791041978012e-02
3.573146717314937271e-01,5.069030107165288790e-01
4.378265092455496665e-01,5.310906146629539304e-01
1.649070542748631019e-01,1.496538608137302495e-01
2.180985289647307535e-01,2.328816453223074012e-01
1.191936433414081528e-03,6.193832791277631769e-03
3.385260184217658286e-01,4.031049353961257964e-01
3.673766888986389478e-01,3.067015525189746294e-01
1.147211916283294268e-02,1.187124857960225599e-02
8.419343053523566794e-03,3.492557974889708150e-02
3.281623006059679049e-01,2.485105096184463958e-01
4.145454290817250642e-02,4.428693496499729737e-02
2.644132746535705070e-01,2.624646610348650988e-01
8.773316779864610143e-03,3.558882645520771142e-03
3.510166049441058866e-02,5.681635615658807426e-02
8.804146367176223995e-03,1.212317881522769793e-02
2.772650664521630198e-02,1.243007747073837481e-02
6.425048323620656532e-02,6.682125305242872515e-02
1.670090933239850141e-04,3.590612228429196119e-06
1.664027661334220457e-03,6.641237239593310825e-03
1.588708428290887542e-01,1.803772796111838550e-01
2.215845372689607962e-01,2.311040821406013523e-01
8.370871658058465573e-03,1.078072054185140113e-02
8.217279456400190807e-02,5.947066089876009570e-02
9.549135560046442817e-02,5.718393001645397100e-02
1.996954147568917870e-01,1.355046770822780078e-01
8.593379998463524698e-04,6.858541115577659539e-03
1.319159303258186054e-02,9.131162344700981259e-03
2.841585944371930461e-01,3.084509039398148911e-01
2.619373096426436467e-02,7.358149298827016543e-03
9.601936244008156540e-02,8.851624179875648701e-02
3.807867101815364808e-01,4.010919883657806384e-01
2.524412691173631099e-03,8.097857800299220962e-04
5.958159139172087247e-03,3.851285440107645938e-05
1.952123396685322490e-02,1.133031647969057719e-02
1.315355150888194158e-01,1.796229354487264285e-01
6.937669352495931530e-02,4.136861999221071173e-02
1.394000187728739459e-01,9.277765316823412267e-02
4.579528806890620374e-05,1.048037889201408910e-04
2.311477267657041645e-03,2.992595043440414128e-05
4.664978287926977362e-04,2.056567914717356577e-03
2.528758081154804938e-01,2.409822816455637617e-01
9.038665737918674670e-02,1.451345308840171489e-01
3.162858068215159812e-04,2.596726057032287469e-04
1.006743751788744395e-01,9.133169491725023903e-02
1.206518414266638528e-01,1.638200020987245764e-01
1.995668877376325593e-03,6.643534370566868625e-05
3.169171519655828578e-02,1.502432165558611511e-02
5.392181429576539675e-02,7.596337598069005659e-02
6.496142555268044974e-03,3.669039300597018004e-03
5.634637693187579677e-01,4.418651673704355742e-01
1.781260537850101466e-01,2.131501825506159631e-01
2.156335147744253833e-02,3.771930797208660618e-02
1.052366710207571811e-02,1.037630326750111492e-02
5.746592481943276539e-04,9.187489726152636574e-04
1.719222076965080670e-01,1.390966295394756580e-01
5.954852776822031242e-03,3.519732597233031068e-03
2.436948325225756027e-03,4.246705108375117832e-03
4.707109578761430740e-02,6.205193726141510630e-02
3.001671747933407422e-02,2.024920308460166629e-02
6.750133647098394141e-02,4.018888255881648830e-02
5.291466923614067397e-02,2.235832402069208580e-02
2.796407057599201718e-01,2.843744821361018915e-01
4.324301048455436031e-02,2.648297508264631228e-02
1.547040310872246568e-02,3.623177180596231367e-02
8.962760463525668020e-02,1.167194725511102871e-01
7.431659633893182570e-02,7.965503518094439739e-02
4.132101496636854257e-04,3.783657193807514040e-03
1.427608183270596409e-01,9.116786519553174428e-02
4.395299089738422538e-01,4.244002095744456859e-01
2.569238423028453577e-04,2.960829010072124449e-04
1.244373212661722093e-02,1.672872459245686345e-03
4.678430666624019962e-02,5.722781853180916589e-02
1.941926099977586001e-02,1.935155528633900751e-02
6.613784936772154795e-03,1.776134362806751354e-02
9.857199236130341491e-02,7.973279008400599444e-02
1.171678780885373888e-01,1.246854090620287125e-01
1.547435772922138297e-01,1.657284725851941865e-01
1.792932439464136468e-02,2.630415039180034054e-02
2.457003103506154862e-01,2.506099195866345331e-01
1.500322234544129545e-02,2.136935781279913904e-02
3.201117342828808943e-02,2.602922346041913748e-02
5.133145318830964476e-02,4.904970823073570574e-02
1.068876838695887593e-01,1.152118749814702997e-01
2.400668951222918734e-01,3.241262217874509854e-01
1.851603730275184767e-01,1.690641797536761581e-01
3.320558358272181210e-02,7.112509028755789608e-02
2.015868350711488583e-04,7.833240891633759875e-03
1.208250163399069918e-02,2.055220545883091124e-02
1.246382930731482902e-01,1.749071437388284023e-01
1.400470310035935584e-01,1.264513060406122491e-01
2.592168487347335307e-02,2.945210199280568625e-02
2.816767344696760600e-01,3.003407589678127598e-01
4.003104966258143327e-02,5.043576780290312533e-02
6.717083350999132098e-03,3.531894651478055796e-03
2.880576432328463624e-02,2.738279931423684074e-02
7.624225590532291985e-01,7.658180914622586544e-01
1.572128405166121345e-01,1.842901777120775908e-01
2.012453236079085953e-03,2.490664858378776767e-04
1.592529731835889625e-02,2.672474762361442754e-02
1.227196768676053901e-02,8.910696524095153628e-03
1.509778199507876006e-02,2.737275608320093728e-02
6.663274496985166495e-02,4.852704130531352439e-02
1.494059568158017173e-02,1.920931156255619582e-02
1.691747486786671084e-02,3.569887906612010525e-02
1.615802821087545735e-02,2.731681182463171001e-02
2.584556908918609133e-02,3.181100159036885644e-02
2.821244292832216297e-02,1.195501336954435216e-02
2.758187194353333907e-05,5.593941218656302977e-03
9.197480611479408319e-02,1.258261935944648413e-01
4.244441958366932388e-01,3.970142956744928675e-01
3.537008661297489005e-04,1.752327376706042106e-02
2.732344498617048090e-01,3.108549187517659629e-01
9.302889764319942356e-02,1.186793333241996651e-01
3.988705301310798701e-01,2.884759584924070364e-01
1.126510493180666872e-01,1.834236429962099180e-01
1.846119537615495965e-01,1.817718113655331647e-01
6.044109292214866654e-03,1.392365083818717167e-02
2.846657174526725509e-01,2.341087451648019291e-01
4.967660526451264658e-02,4.102189197539689997e-02
2.933717227405731320e-02,2.673615777317447234e-02
5.643884165246819407e-02,5.611458051332633701e-02
1.469538520881414623e-01,1.381745560285448926e-01
1.792195993253824227e-02,2.347581972533535968e-02
2.576012445093547876e-01,2.748176717447461392e-01
2.844228931244683831e-02,3.564976279508101642e-02
1.314751706345228775e-02,2.343655394977272721e-03
1.952972771673743280e-01,2.631656956252921287e-01
2.249639516398134198e-01,2.210971572408602648e-01
4.103707506839072289e-02,3.299042358421993421e-02
4.210213461096641296e-01,3.257951850312614250e-01
5.603314487850011294e-02,5.852395583881080804e-02
1.186808434785185939e-02,2.014516334448083340e-02
5.573619656385785711e-04,3.522069535427765560e-03
6.434475286248851622e-02,7.755452927565432975e-02
3.089511660975660656e-01,3.779472361981101036e-01
1.780004460598366978e-01,1.936729510204738547e-01
1.357822395810167823e-02,1.218761609454875779e-02
2.573778437599937852e-01,2.572267218677384282e-01
1.174094699464997005e-01,1.120771800572544497e-01
1.303074124371715603e-02,6.135125247954444257e-03
1.459662143212589747e-01,1.525849530317605895e-01
3.256212023059907312e-01,2.374961505312117305e-01
1.612768656955483049e-01,1.948008604615714401e-01
2.711389164204148217e-01,2.487066647284692233e-01
1.958057492525398791e-01,1.568639166128391604e-01
5.779702591158051433e-02,3.243215314768217034e-02
1.528179440329645311e-02,2.986889190323846694e-04
6.931372247840939492e-03,5.459868413511095690e-03
1.517053572375903492e-01,6.156229481280891397e-02
5.558842952010731864e-01,4.946595378752062233e-01
6.957559009920892545e-02,6.547706968691635598e-02
1.415256730334650270e-01,2.080746586513831098e-01
5.500199824331196419e-02,4.004445802778211494e-02
3.226765661485973824e-02,2.680835359078594451e-02
1.863632311428694011e-01,2.045212414998930639e-01
1.080295001890807386e-03,1.964437465756076260e-04
2.184671466079308403e-03,2.308144363490765519e-03
1.116282683483143523e-01,9.004884415225095085e-02
4.984198340942713745e-02,4.469253518972193806e-02
4.375906063216489228e-02,3.157910058010088283e-02
6.635671280668082412e-04,4.029274816074068788e-03
3.635488809672842714e-01,3.395517118618163188e-01
1.340406308971322721e-02,7.022923351444904788e-04
6.598713255490049057e-02,6.944814125430513740e-02
1.905741197315740099e-01,2.752479411472429360e-01
1.362295246362695000e-01,1.394320883431117986e-01
3.110230649473432613e-02,5.059792776065328429e-02
1.528505057155251090e-01,1.875393805176398809e-01
7.859988792336425334e-02,8.940030777403495943e-02
1.162547334620156990e-03,1.252167585619471703e-02
1.832407381520764766e-01,1.939399425969957624e-01
3.789613539680707771e-02,1.454439222086659211e-02
3.045801893769164645e-02,1.706249527200598415e-02
1.104812473465096820e-07,1.865975968632870279e-04
2.318488628518954823e-03,1.116318347378017842e-02
1.016684894417173302e-01,7.927611414137747392e-02
9.850774503959040806e-02,1.643475474467140374e-01
1.675551390736072510e-01,1.903605619193005916e-01
7.761891983853695665e-02,1.065621990623770721e-01
2.249537251836338653e-02,6.923788331948901691e-03
2.626520571692661120e-04,2.959556833377600016e-04
1.601953427337351327e-02,1.286103924532854513e-02
3.766138104302740961e-03,1.525032195730898106e-02
2.386345789077657931e-01,2.238780368516195551e-01
4.154074724456684187e-02,5.777388476864866312e-02
2.336896680415343625e-03,1.444752736198209268e-03
6.867009878659410260e-01,6.238126990115778758e-01
2.646712152241600599e-02,4.279415208923737640e-02
2.888928832957881609e-01,3.508062159689634418e-01
3.186173903501619831e-02,5.189608651815995344e-02
1.289077285467295914e-02,1.297249085989030798e-02
2.951560172660313563e-01,3.343678164984850709e-01
1.081122271986206243e-03,8.864246366418716220e-04
3.219486006774648357e-01,2.470892565842181809e-01
5.318186308968306242e-02,3.304661548265298843e-02
9.361197194436040592e-01,9.726630855250689711e-01
4.894719551250688826e-03,9.321652461929121405e-03
2.888233525309712446e-01,3.001646086858251739e-01
7.128673785310438160e-02,8.831073136928684064e-02
9.624824530636647002e-02,1.004760013020719323e-01
2.293771287925607406e-03,3.266222988570153521e-04
6.106801685507835115e-02,5.600962469742231525e-02
7.002363376005534823e-01,6.891530038082732679e-01
8.744631817072977265e-02,4.748796673800908391e-02
5.058879072353041767e-02,3.924426038432552583e-02
5.830199952574312283e-02,2.190994656126457607e-02
5.775425074409121229e-02,8.166617234748942133e-02
1.409730183317169268e-02,2.257286767417877871e-02
1.384671430052927810e-01,1.693648784532074958e-01
9.770816632860369888e-03,1.880836273426647089e-03
1.147897646500629009e-04,3.988657408372254658e-05
9.268115114253685019e-03,5.134543464015837999e-03
3.668685722105685665e-02,1.283018891234326969e-02
1.708498887076967052e-02,2.663109170417210861e-02
9.599279060700927069e-02,7.980930067787760096e-02
1.250555013205800065e-02,9.673575889593787752e-03
3.770007142286976171e-04,7.513761402442154999e-03
2.126241019612361838e-01,1.828420724164680766e-01
4.483953720263512618e-03,1.177547381498782707e-02
2.032603152924793710e-01,1.870178707915330085e-01
2.638659876331059806e-01,2.690171832111078465e-01
9.662171293283384121e-04,2.386881772092141834e-04
1.046697858660940931e-04,6.865252444531548797e-04
2.366741617476794957e-01,2.412420829899878383e-01
6.949307376301816150e-03,4.105968409026220650e-03
6.821809066508604906e-03,4.917231212195333559e-03
2.479571632042343043e-01,2.585048655594669453e-01
1.399652414475930362e-01,1.852640528880402093e-01
2.142786090414836864e-01,1.777791409598873107e-01
1.402057791254062713e-01,1.680474321484902167e-01
8.207131117536726334e-03,3.760645541333642455e-02
7.621842077980350849e-02,6.685826740294753545e-02
1.346633957612866292e-02,2.177035147326042072e-02
2.896481198352710788e-03,6.185323078182776609e-03
8.840873121191397677e-02,8.051243673669550294e-02
1.666563312974680966e-02,6.859982318196605061e-03
8.322184379516472941e-02,1.141786965166029510e-01
4.035405882355782570e-01,3.724996081715148954e-01
7.828497401217203520e-05,1.851481920766209354e-04
5.157306084429081894e-01,3.992534120801679021e-01
7.687641282313467249e-05,5.626850866585646205e-03
2.457648994959687333e-02,6.104114209895481619e-02
8.400154657194651431e-02,1.356952124706046758e-01
1.527964454694304315e-02,3.901051605398488803e-02
5.296806311665278044e-03,1.721896664291727025e-02
1.372753735287919052e-01,1.072949616023752689e-01
2.276170274792245485e-01,2.299307005108284785e-01
2.074150245485398975e-02,3.207564326882532402e-02
1.471353137353873831e-02,4.069085420734019215e-02
1.070761242940008739e-01,1.648080081322558788e-01
1.138010002607574567e-01,4.859544689254536448e-02
1.685507690814977075e-02,2.578334059744046350e-02
1.398063968450916350e-01,1.311451683059463302e-01
1.779515882839631802e-01,2.111119605021336554e-01
3.129843875354176852e-01,3.313433067859970493e-01
2.284449527783023182e-01,2.001867644449051853e-01
2.787978536122833178e-03,1.505210717822816346e-02
1.601026851770363454e-02,2.669111788062406704e-02
7.171015604190199288e-02,2.153985014151858432e-02
1.789766059736014880e-01,1.041384262902404212e-01
4.365148887884112150e-01,4.774331678558768055e-01
3.268958892371120768e-03,7.683897306989106307e-04
6.126846591984449475e-01,6.597112428241320714e-01
1.244686705024071515e-04,3.362918116159932698e-03
5.969768763425205294e-03,1.447271352788347988e-02
6.350796069271848199e-02,8.182385683337675686e-02
5.705584163642157813e-02,5.415290933103870941e-02
2.873005189587541849e-02,1.516890437079462979e-02
2.167392793507816329e-01,1.764708275158091977e-01
1.105438614727703162e-01,1.541208763275505322e-01
1.306583966386340168e-01,1.381932238559517856e-01
2.714919024294559780e-01,3.251753294877724465e-01
1.904090856251784702e-01,1.570406823989851930e-01
2.030339084031878086e-02,2.661947750156532302e-02
1.254508803898470026e-01,1.864909328437894809e-01
6.829007355060789930e-02,4.090960972488657393e-02
4.235253563286962147e-02,4.002252411033484919e-02
3.015214098866590975e-01,2.641497586539190423e-01
2.031817275174887527e-01,1.348225284095329046e-01
6.039238843726620065e-02,6.314339114701257583e-02
1.822397182226287438e-01,3.085303980991300765e-01
1.756563783430985237e-02,8.977933747312439802e-03
4.225740826791474225e-02,7.159533974251586219e-02
3.686709955257393145e-02,2.245484011614142655e-02
1.620839830376752388e-03,1.130830906179839052e-03
9.878297263414526075e-02,9.196539116476742937e-02
1.464702924777430172e-02,5.477271609447174894e-02
2.676637298185219685e-02,2.115764671330700938e-02
4.525594439067626845e-02,5.654654873926770464e-02
1.509505854200150210e-01,1.722696174235263666e-01
7.358327210294372811e-02,5.260971368102781986e-02
1.472874316472645717e-03,2.659999543078604353e-03
7.777050341552181612e-02,8.194649862945851959e-02
2.839889941540884033e-01,2.971628146210729682e-01
1.158050116497905124e-01,1.097968592465643350e-01
1.382392591946788544e-03,8.170559940566580765e-04
3.039936528279467767e-02,3.464431222050291803e-02
3.404081568142841574e-03,1.238233110744224163e-03
7.654742630050753727e-02,7.711956701093551636e-02
1.314625574999209456e-01,1.652389373413082063e-01
1.582220238848500993e-01,1.214493028617209119e-01
6.567042366054203217e-01,6.122427882055723192e-01
2.434443702120458464e-01,3.013339661929682611e-01
1.956323191022047714e-01,1.924573853153540848e-01
2.158956997278507241e-03,2.064139471574648246e-03
5.491524066089073508e-02,8.115517775905752018e-02
1.164382512879936771e-01,4.755823992340121181e-02
1.694403898726798072e-02,8.494790596295124716e-03
1.574851383599069335e-04,2.911998470634789345e-06
2.481962633204653199e-04,7.170905701067616924e-04
1.360700955757191332e-03,1.191972046273675513e-02
5.108141940691189598e-02,5.610369862612135661e-02
3.681805071890726505e-02,4.538322025030738782e-02
3.553588964886962853e-01,2.846137001068704819e-01
8.211198543338162070e-03,2.476196365319580529e-03
1.176470927457276766e-03,7.561975182310888034e-04
4.093183811299435648e-01,3.945121070872664171e-01
7.323523678295960383e-03,4.674358432788897587e-03
2.390433313748323574e-01,2.151738447534425613e-01
2.325870384166868791e-04,3.329432583780113017e-03
8.625941890120766896e-05,1.671035502089136295e-04
1.170076086506466467e-01,9.852421459387944447e-02
1.189078123294762951e-02,1.271722859713108299e-02
1.257382740522416248e-02,2.047893683657596442e-02
8.255014816500151620e-02,3.915077206745334187e-02
5.037587808312517235e-02,5.315118956401637673e-02
1.802231512645866285e-01,2.204213043066595712e-01
1.712728861835989547e-01,1.797949598712960395e-01
2.234635775575935946e-03,9.611594293669247988e-03
5.577995843153196048e-02,1.077526387282782237e-02
1.500493970870730442e-01,1.601397380658253211e-01
3.716767143559732839e-02,3.072335593754129193e-02
1.404296720090178301e-02,2.708471045606136371e-02
4.391444292558154272e-01,4.480022432582563829e-01
2.892608687933987191e-03,5.011828857999568324e-06
1.611458028960170707e-03,7.377420027431233573e-06
8.649108647864253967e-04,2.231371433997627121e-03
5.764457581943023268e-01,5.493450921796776409e-01
1.188996540885269709e-01,1.809266487395300438e-01
4.070204680608631095e-03,4.139678993996355645e-03
1.907464577301906661e-01,2.466221920772342646e-01
1.769975340459957747e-01,2.208442498553784550e-01
4.860624767138081448e-01,5.188746040307803398e-01
3.595941193631038008e-02,6.075060468647753426e-02
5.501420985886926879e-02,7.271987573430270524e-02
3.043576292713174869e-01,2.915806954194469780e-01
1.348985496405128437e-01,1.341390604431622613e-01
2.836071061916465783e-03,3.758599915305455615e-03
4.592789934263061258e-02,2.962310686385746100e-02
4.743343017087299496e-02,2.401226334653939337e-02
3.443619388533535053e-02,1.981617308539089864e-02
1.608310090212027033e-02,1.886001114259346079e-02
4.049301115684898061e-02,2.293975101625276083e-02
2.677867450447477503e-03,1.021046167653684618e-03
1.110877933282276679e-02,2.273921757175314737e-02
2.528537272045135523e-02,6.225632167242062254e-02
8.814574205356884296e-02,1.070131151764588812e-01
1.108030205826986830e-01,9.636095660271594421e-02
2.207529808144339800e-01,1.833164530257447855e-01
3.184802686146874159e-03,1.374980161289772376e-03
6.956706227166249701e-02,4.893261177951675756e-02
9.297745760618612637e-04,3.852699723071576258e-04
6.123612899258581294e-02,4.021063150140001541e-02
1.643993420587149673e-02,8.389829113846067679e-03
1.811443723481327359e-02,3.349160063340256288e-02
2.775983890458399821e-03,5.259244009033501970e-03
8.122934813212834585e-04,2.039782601279555843e-04
1.456215095955111852e-02,1.232789696075549564e-02
1.148331556851835480e-02,8.887419537248371360e-03
9.934938830537330678e-02,8.220725758819517892e-02
4.756228069092183902e-02,5.015523935331690775e-02
5.948072130682026393e-02,7.824713427578228186e-02
2.291050354292219204e-01,2.597238886199476071e-01
3.139099666739974398e-02,1.714683285114084257e-02
4.150251948121985029e-02,5.433961284207911718e-02
1.751791967468489808e-02,1.794065588112777471e-02
2.106806808086815475e-02,1.971101447411663724e-02
4.639364870468182245e-02,4.662935683449802304e-02
4.487842057771676899e-03,4.543878307108114439e-03
2.361310302991504184e-01,2.858400155529019493e-01
2.767691994751607099e-01,2.592646879798570225e-01
4.094366608063790963e-02,6.937537850803864037e-02
2.497073650909205911e-01,2.591712068124625290e-01
4.591733244275669062e-02,3.474539924058932944e-02
6.997111984155569028e-05,5.537946192510718926e-04
6.628367494355921243e-04,7.726047015859343996e-04
1.415646428941882973e-01,8.571881160658634258e-02
8.480265253813213944e-01,6.786328995299569788e-01
3.502655071649336815e-02,5.554320663765675847e-02
1.990465930598288302e-02,3.848039756274898582e-02
1.024954309017938048e-01,1.296354804104210279e-01
1.699138721886291614e-01,1.333552075929844982e-01
3.875105364086526283e-01,3.664584688790955558e-01
3.401894951031363503e-05,2.014557873263989399e-02
1.831046621563575394e-01,1.625957769499908334e-01
1.178619686553108170e-01,1.316808878934177529e-01
2.846300411872970670e-01,3.035510314028809775e-01
5.276097285757698312e-03,5.750189016208395905e-03
2.535897439787461738e-01,2.816923645703734991e-01
1.390972321598638872e-01,1.209018395356807329e-01
1.496344758013090116e-02,2.628991496865518834e-02
1.925163207035512566e-02,2.510403822781739902e-02
4.296951333292325925e-02,2.863297183171700094e-02
3.784089682450914982e-05,5.124617031107995884e-04
1.642454310451008370e-01,1.802562230439410385e-01
4.384959980966777332e-03,9.553904048412040217e-03
5.435074452074525331e-01,5.482941525450497622e-01
5.418619251389987512e-02,9.474257261540589004e-02
1.322291193069623574e-02,1.348522185776703701e-03
1.820136501944157879e-06,1.067509095014352455e-02
1.227177702798310649e-01,1.290962816241309763e-01
3.043276528118688540e-01,3.073750808114721900e-01
1.798668282617554750e-04,2.108410468256101037e-05
1.694476765131066459e-02,6.198098922680212591e-03
2.924029119814557445e-02,5.252560429503223133e-02
2.222588896285014604e-01,2.213781522058996531e-01
1.188575567396390684e-02,2.908979211707447485e-02
8.560933097548133197e-02,7.623203893534402642e-02
1.110246659940673924e-01,1.414156882178788932e-01
6.966803824425593650e-02,6.973991620742421571e-02
6.449767848243087576e-02,6.782988499706832375e-02
6.273119881001491989e-03,8.873284392956317171e-03
9.198598588261266328e-06,4.520271194535893655e-03
6.017800631355971902e-02,7.410259069354301065e-02
4.234482093863808222e-02,3.273029501353950238e-02
6.603445026232948600e-02,4.593048431750035993e-02
4.475121114164359176e-02,2.664056106987737829e-02
8.000645715366715149e-02,6.176315774664623698e-02
1.568675875089613481e-01,1.457143218822316844e-01
6.906692237270672940e-02,6.312947127978156547e-02
8.219812103500361011e-03,6.048997140552424484e-04
2.256710629969060911e-02,4.706048281616152795e-02
9.140771296791206854e-03,1.349187529900913035e-02
1.325942240230238989e-01,1.190170686926243088e-01
4.538234952340831093e-08,5.324805322875373682e-05
6.328171774793762625e-03,4.423555858013313198e-03
4.129731156027967309e-02,3.951821091591253832e-02
1.959931086220014496e-01,1.558924337369228807e-01
2.685548973621825763e-01,2.809054397270345227e-01
2.362658752207579980e-04,4.107592858005795072e-04
4.856607990857472051e-02,5.504688362411873370e-02
3.347287408360730219e-03,8.159366933294915454e-04
1.339474558585012909e-01,1.614711682147444149e-01
8.656447670551138110e-04,3.331657070122950870e-03
2.606013292120291577e-02,2.981386115034196163e-02
1.697445038834407421e-02,1.088244147426865177e-02
2.822521424342724905e-01,2.148664298290565711e-01
1.512613528416822083e-02,2.127165054217155030e-02
1.237034835281529063e-02,1.529914494189332438e-02
4.370673534011346693e-03,4.585377624739211608e-03
1.886508695349112530e-01,1.825875448877838647e-01
5.680868914667890068e-02,5.164918267394576212e-02
9.340516125328024531e-04,5.977267817823588014e-03
1.871167459263991251e-01,1.936414240501593831e-01
5.723978806689605098e-02,6.014629757465850268e-02
1.536401339359706464e-01,1.104082972959050113e-01
3.134976480549758748e-02,3.629628766136130946e-02
4.023104557832508227e-02,2.854042694752409806e-02
2.523480439154628940e-01,2.364719582331361869e-01
3.342333704374063352e-02,7.303050862402624133e-02
9.940028780771374695e-03,2.101386500976273539e-02
1.297548582963548676e-03,3.176629577612017936e-03
2.117969121636001026e-02,2.908315166997639881e-02
1.609892801601097920e-02,2.757737497010505009e-02
2.271368092793514797e-03,3.635390479328590770e-03
1.688851102907858726e-01,1.495873187574109642e-01
7.774577843587750399e-04,8.753275277220418094e-03
5.335205701719894500e-02,1.068055920995872043e-01
3.214691442490887341e-01,3.072468088230839167e-01
7.873374917086770619e-01,7.758766256128873939e-01
9.440665053692511369e-03,6.539059845612853888e-03
2.186063534608012507e-04,4.564420434628682784e-04
1.821781932900702061e-01,1.721146447427529813e-01
2.949836508313373740e-01,3.798682421144272681e-01
1.774007102357907650e-01,1.895245735764155559e-01
4.508531486137316163e-02,5.768213662740225706e-02
3.063360555520863171e-01,2.859908042078899149e-01
2.145897371202637981e-03,3.561084405138952285e-03
7.040648264622266506e-02,7.190532301103785828e-02
8.068504245842741951e-02,4.103190024037180195e-02
1.288680625865411961e-03,1.295021623021465687e-02
3.794126602134764237e-04,1.521166852990877595e-03
1.616570253826746795e-01,1.440476258143675026e-01
8.818220183512741339e-03,1.366416368971570296e-02
9.472985519617428685e-05,2.354531665168863985e-03
9.867592056656140920e-02,1.197382464952665287e-01
1.179063065553362030e-02,2.822333074989175246e-03
2.849421932605959371e-02,2.081060517961435055e-02
1.274767908736357536e-01,7.527047682142792850e-02
1.214624335429823204e-01,1.674238118576470424e-01
2.311898428377016316e-03,3.139249654165654008e-05
6.070090289918707027e-01,5.427392763222081973e-01
3.227924363320801016e-01,2.225934025071666100e-01
4.419396884729075343e-05,3.090737483815562351e-03
4.671222256875019047e-02,4.443647291553423639e-02
3.304021055505443338e-01,3.740721747500116434e-01
6.640078161034395511e-07,8.432761634062741971e-04
1.800018943918356039e-03,3.761813319446948196e-03
9.158276962207856364e-02,6.993806421804832363e-02
4.898341964768547219e-01,6.208456548263923125e-01
4.111170203944393420e-02,4.539172052661855777e-02
1.054345483322354643e-02,2.539306406296840644e-03
1.033285416211963265e-02,1.262972772572482777e-02
4.175696586762365353e-02,5.018629976572797774e-02
1.397245384655697586e-01,2.020602049457848881e-01
2.488195683521719770e-01,2.578256954189340755e-01
7.521698036855966468e-03,5.044344497028865199e-03
2.921035817527726230e-01,2.970409852082005475e-01
3.541671022145213323e-03,4.451455859938417562e-04
2.015217785667509573e-02,2.980495776451944079e-02
9.085700888772862971e-02,6.763321424550840233e-02
4.276580989134277644e-01,4.039203320675011644e-01
7.135072954616247243e-01,6.697077992119154777e-01
5.569989650383251801e-05,4.637573675692270234e-03
8.268066517457144105e-02,1.052899223176830129e-01
9.998328386941342585e-03,2.993747258995074420e-02
3.729497592619119284e-01,4.198910535559024493e-01
6.857473729713859127e-07,1.268860027328324192e-03
8.395818399103061784e-04,4.721764788600420329e-05
1.036174186309036654e-01,1.251608847364757415e-01
1.700336160159113263e-02,2.738076631712333536e-02
1.062982834318379217e-03,1.770513182002688129e-03
3.520748236468286829e-01,2.987815950115507158e-01
5.718817760165772514e-03,2.023861467302869380e-02
7.252871373944847454e-03,8.365374189084472112e-03
1.485117374591240179e-03,5.422871094173267823e-04
1.706843453625993615e-02,2.078684196156680222e-02
1.086267474649624948e-01,1.315464757802822238e-01
4.042581280690790702e-02,3.407761698313786086e-02
1.259346849971018090e+00,1.177867034389040279e+00
5.501647083994923193e-07,6.799144867075353812e-04
3.485871274482389426e-01,2.810329796833847538e-01
2.822371505017411738e-03,3.220241936273502293e-03
1.420196935518303429e-04,5.583305360498624871e-04
1.011919630448286254e-03,7.891272509226760650e-05
5.439196778407562327e-02,3.108363373055696155e-02
3.016403343498976208e-01,2.923178078815052983e-01
2.126690807425320184e-01,2.081036038560557799e-01
2.781500792889443630e-02,1.518622624147408610e-02
1.782151225998198085e-01,1.802396847488877130e-01
7.492564545184619840e-03,1.035094791511169572e-02
7.575927942891726163e-03,5.492546338277570946e-03
8.983668452304704316e-03,3.579719866725067368e-02
4.084544492706924587e-03,4.023985935209461003e-05
4.573745438843352523e-02,7.359800700966739884e-02
3.460843136846999402e-01,3.550495488875605732e-01
1.584792363876233549e-05,1.162857787882661887e-03
1.035828336050383380e-01,9.919610005334235370e-02
1.445276623798591800e-02,3.570251418478479627e-02
1.290310739672450024e-01,1.083022631344706804e-01
1.747040345077100973e-02,1.662171109404440503e-02
8.637512129332182084e-03,1.569289405793667519e-02
6.744735848743263484e-02,7.097565076149175978e-02
1.173794497249505686e-01,1.160825151562226432e-01
2.792041786809036988e-02,3.961228459040324473e-02
1.793015659394060490e-01,2.168625856384510386e-01
1.928424106853518782e-01,1.322175876565037100e-01
1.059632769404599412e-01,1.100901201935324258e-01
4.863605124151644706e-03,6.064520836468791261e-03
5.393821027625398529e-02,4.673420716667368857e-02
1.059488734608040744e-01,8.757695614637323045e-02
5.943299893390659172e-02,7.714647232014712475e-02
1.344872380601812578e-01,1.299604781136146636e-01
4.191576531596105659e-02,5.725352136631846334e-02
5.425816154318876226e-03,2.433217159261235815e-03
2.473390616873767378e-01,2.792835557286267312e-01
6.015813964718929804e-03,3.140108018951426327e-03
7.884863961461412857e-03,1.199766043366208714e-04
1.306963287921336092e-01,1.104183078102163873e-01
4.337260937247813114e-02,9.697292791709496984e-02
3.849003986436946162e-02,3.821817265500935396e-02
1.600484687406986909e-03,3.527781060218239590e-04
2.025995289698213075e-01,2.362518357916472689e-01
1.368416320562328148e-01,1.055675921508755638e-01
5.181316432408807765e-02,5.266608284808914353e-02
5.289418258741700185e-02,7.358141802777694307e-02
5.925444614940508781e-02,4.319106426805167931e-02
1.718796327555093262e-01,8.485497440742180431e-02
4.909382465606233759e-02,5.504483868618922221e-02
2.202149635797893273e-02,2.585242133850180341e-02
4.109911526774641666e-01,4.458537611568915149e-01
1.198328916081205231e-01,1.262172260636722776e-01
2.474531832099583772e-01,2.325739313567137534e-01
1.431694096989739595e-01,1.028496910338168591e-01
1.246045455791054170e-02,5.930056924709883708e-03
5.552288411625248832e-02,9.551161276580809323e-02
1.491437190958666732e-02,1.307044592775045630e-02
1.435523536481240862e-02,8.132307921622781641e-03
1.270694564850025944e-02,9.262284623334619132e-03
1.304982149539126168e-01,9.561480104698742710e-02
1.049047182798976070e-04,1.523078045124838574e-04
1.476843532119963276e-02,4.250938268362773609e-02
1.554094093041124558e-01,1.570086369625089961e-01
8.569033698366103347e-02,6.905829646293558388e-02
7.788161915768073706e-01,7.197568482913198062e-01
3.312944615910934202e-06,9.853336257886136099e-06
2.466904479557322644e-02,3.028597491855513496e-02
2.035275862250622569e-02,1.792650213294852760e-02
7.021675105231124647e-02,7.277437505064386636e-02
5.198513478492128997e-02,6.334017437962634334e-02
2.838161892199476122e-01,2.260269744700059980e-01
4.236279836513587999e-02,3.796472162558890695e-02
1.525185032843806403e-02,1.262460138050350809e-02
1.620944514307582143e-02,2.006931745474619874e-02
2.023521617234333714e-01,1.715061485608431191e-01
1.379032608825706517e-02,2.587243759030469215e-02
3.469739216874993815e-02,9.468431697566901187e-03
6.610796864170655207e-02,7.731332475047113240e-02
5.340530011278894068e-02,6.210969736759049814e-02
1.747211534369678618e-02,7.026174122132965681e-03
4.338321613212597905e-02,2.673663904924677981e-02
1.747594670916159665e-01,1.303256397339072614e-01
4.866513979937884815e-01,4.434777540916061689e-01
2.361787664437895503e-03,9.325430474237509943e-04
3.991369421795053912e-02,3.241344044504729932e-02
9.335719889072786881e-02,8.669733375374624740e-02
1.932517995904721453e-02,2.351660999484245576e-02
4.727213519472851962e-03,1.042650574136490087e-02
3.836974015549740602e-01,3.010029008042797161e-01
1.011490151896782337e-05,4.494576375710998897e-03
2.495112217454455439e-01,2.775892943232643462e-01
1.529694777543961137e-03,1.917839852532305465e-05
1.079495596244886557e-01,9.133781260191690954e-02
5.827125540533023562e-02,3.841118504366677205e-02
1.593327269850657868e-01,1.314913841117471283e-01
4.415516935669925452e-02,3.693644409696908437e-02
4.207086971671188808e-02,5.086696364716068730e-02
1.004965086459552459e-01,1.537841776924231130e-01
3.103154913854674121e-03,1.382932081506830493e-04
8.132568574970037989e-02,9.618817017259273516e-02
2.156533688204909094e-01,2.735162609310635706e-01
3.443988081489766651e-01,3.759371292211691751e-01
9.037812879698962909e-02,1.277467750639023902e-01
3.434835134059643219e-02,5.853435323378153310e-02
8.780486133722831266e-02,8.558184232846539896e-02
1.052614822438309866e-01,6.629037509304488984e-02
1.414437650527507195e-01,2.367889339919577729e-01
7.120802936126074956e-02,6.353013629293120801e-02
9.906772911074353261e-02,5.414359633163288305e-02
4.065211381889657916e-01,4.482153405679199509e-01
6.865442995670212323e-02,9.112030690113798181e-02
9.565056169458228431e-04,2.858545678701754074e-04
4.958855090335115767e-04,5.310864814999967246e-04
3.014733613039205160e-02,5.871972664847773665e-02
1.198917402540587880e-02,1.130877489815761486e-02
6.758543340555901724e-03,1.228830665402813431e-02
3.154545277089342709e-02,6.424967219547786379e-02
6.531455862141252733e-02,7.673125941647113146e-02
8.519347778414039507e-02,7.829191867909096603e-02
1.697220229588425680e-02,1.996943263568573372e-03
1.012969647820429198e-01,1.210558576686631554e-01
1.666503911441927221e-01,1.418929692974718881e-01
3.384974951016167955e-03,3.381101873734624480e-02
6.999880420660133107e-02,7.508534638889577395e-02
3.549959835766588467e-01,3.480514566352415629e-01
7.815810449497755108e-02,1.150782626397687386e-01
1.433132055914133618e-01,1.795842831953623764e-01
1.270249149149078241e-06,2.538256579627506167e-03
5.890453350061181786e-03,4.481243287197059742e-03
1.773368721292968575e-01,1.221450813994802015e-01
9.439335813247230755e-02,7.482350527485837066e-02
1.677591718076728855e-01,1.673729843899607050e-01
1.700720306338429910e-01,1.667621891830035896e-01
2.703754520261107686e-02,4.004967464418021650e-02
3.039507113152421502e-01,2.190026593389429177e-01
3.017694020738870830e-01,2.393975560546593440e-01
8.182746319728352591e-02,6.091522945679164747e-02
3.115929083113375131e-01,3.955693304733678417e-01
2.599679341179010617e-02,1.871015910637745944e-02
2.364086813154959166e-01,2.605022897188618569e-01
5.948481331412825979e-01,8.482683338886020108e-01
1.262334505797690354e-01,1.151147597713166604e-01
1.761591930356509999e-03,1.393665644789212656e-02
1.307491304086317620e-02,7.782131648400352798e-03
1.024266868304483519e-01,9.446702196978400135e-02
9.344355249424181331e-02,1.334572051316961494e-01
3.739239916851932327e-02,2.466441368691775840e-02
2.857587963443466647e-02,9.434395014818363484e-03
2.529480040087190434e-02,1.842764219908253967e-02
9.307493030912360578e-04,9.148008540146803161e-03
3.753437186646356883e-03,9.406468023035737674e-03
3.611223789897580194e-02,2.716690020033213707e-02
7.850144797092517080e-04,7.737653985113605642e-04
3.472203530379672221e-02,4.903309703453254814e-02
1.507067698825339808e-01,1.396383428950816186e-01
5.090631970243618687e-01,5.566562442701792346e-01
6.750111350123092456e-03,5.467636326117897121e-03
3.164166707687368716e-03,4.750702075801997503e-05
2.662197686282983811e-01,2.835871726072455856e-01
8.015236318627527723e-02,4.741751641348046498e-02
2.761382376949916145e-02,1.166231619014682433e-02
2.330718481695113198e-01,2.672510273922384938e-01
1.857541193929414247e-02,1.265446183055017257e-02
7.586708762362946723e-02,1.387856619004070036e-01
7.477666289386811216e-02,7.561042076932208977e-02
4.750796190409264930e-02,5.551436664885982947e-02
3.199811942484494416e-03,3.520289838407544413e-05
2.740177950079650693e-03,5.762739568627877652e-04
4.928623343595194689e-02,3.450014622518697560e-02
1.735773914310932654e-03,1.814483303994386502e-03
6.992503489350695989e-03,9.930937828428377037e-03
1.489928945030895291e-01,1.362207536842498790e-01
3.582633826061637494e-01,3.772332989620602595e-01
2.489353556464663775e-01,2.968412582189435267e-01
2.106041714749869436e-03,3.726032068473259396e-03
5.676302126596870223e-02,7.487770418675561424e-02
3.999267016937526620e-01,3.893284108780191155e-01
2.100108264079061926e-02,2.888049874198017619e-02
1.555444398913441439e-02,1.386945054521918769e-02
2.456579756425996408e-01,1.943439511520463070e-01
6.767834676113494707e-02,9.541837818877756117e-02
2.138338240630927381e-02,6.161868482589969104e-04
2.831168585038065962e-04,3.989859074551805815e-05
2.146389355247857803e-02,2.575483037030142086e-02
9.122163330761998493e-03,2.929074533635197403e-02
1.057565418865762455e-02,1.011457350056615100e-02
8.341435482577345961e-02,6.475455125523432720e-02
7.050955293641625321e-01,7.893327231604084782e-01
6.824709991217660018e-03,2.474580413890208226e-03
7.733847301331883695e-02,9.200031912269755752e-02
2.823612098671332213e-02,2.978788573858735453e-02
1.018629183700391350e-01,1.356402111663194132e-01
2.522201144845378010e-02,3.165165646796846977e-02
3.672765174387897930e-02,3.218188545097874775e-02
1.229164722946431490e-02,9.547156240146702222e-03
1.840692962924225708e-03,2.639583528493091510e-02
1.168917263949622032e-01,7.912559926930243237e-02
1.415628010454417218e-02,1.381099461275890616e-02
2.169606023810667639e-01,1.857662398953214833e-01
2.778950060253599155e-02,2.635945817173484737e-02
1.208762566196597255e-04,1.054089863299020890e-04
2.164313363324400774e-02,2.987422704368532592e-02
8.401516660809234260e-02,9.151556767593573005e-02
1.520073440332303863e-02,2.825580195079305940e-02
3.414840272686024691e-02,5.641162156911086467e-02
1.911543850277837645e-02,1.523870363939808757e-02
1.539398646019677075e-01,1.755505660108714894e-01
3.266042364329799774e-01,3.042735991990199174e-01
9.771944985875211098e-02,9.780758696966106169e-02
3.199608695103257211e-02,2.977673305436594892e-02
3.317254775840176584e-01,2.622764771991591415e-01
4.372106570934367054e-01,5.214164161325610669e-01
6.750600158510525195e-02,6.357964340843123840e-02
5.146041670084495340e-03,6.005088381940534761e-04
2.466849487090908856e-04,4.195983015466249943e-04
2.015161692624130862e-01,1.640002973244102658e-01
4.858245663279289056e-02,4.903466384924862892e-02
1.315108686568124618e-04,3.625265256188697771e-04
1.702386205683002640e-05,1.209629885137071909e-05
1.376478423315829211e-03,4.093035873435658945e-03
7.776648387340434621e-02,8.457757119378751798e-02
2.480626637645473032e-01,2.502611402604327240e-01
5.555334818773607387e-03,8.180509504734270743e-03
2.112105633851592626e-02,1.808875906174838705e-02
3.690611363663416911e-01,3.397425655399973765e-01
1.744122265472234368e-01,1.192528983027139056e-01
7.214415663260130692e-04,1.779659014306765012e-07
2.707430770466486836e-01,2.345058514209977518e-01
3.667553304545458775e-02,7.432195309311176445e-02
1.276197388398172539e-01,2.006956366608560749e-01
1.619763672669227994e-01,2.392655839423778186e-01
1.329506163428988835e-02,1.194299679261823059e-02
3.659869756795375989e-03,9.688550344077844975e-03
5.171589202056766504e-02,3.989749150709166747e-02
1.706597972425699383e-01,1.098303398497062350e-01
1.649018480344411133e-02,3.979791725498824963e-03
1.313290572289689817e-01,1.308432782876810807e-01
3.255897148501126770e-01,3.661800149850930053e-01
2.837988617413143011e-01,1.931427029778924054e-01
3.641527140345193064e-02,2.505311776146443639e-02
3.425646558506476817e-03,1.301028862125513637e-03
7.282321449664916346e-02,6.982535380688834059e-02
2.479540369788464302e-03,1.069331915441194391e-03
5.423635523089601618e-01,5.171546757113311132e-01
8.036831911185076803e-05,6.988042432044021951e-03
4.138718204499965830e-02,4.136423769300300729e-02
2.562499652341942991e-01,2.442850058756356191e-01
4.380582495653208286e-02,4.195141325691428141e-02
7.504540501471218365e-03,3.197820894789259877e-02
1.878921905375311938e-02,1.538519764105958018e-02
7.008217737669668150e-03,7.050070524601235197e-05
9.053453543779324889e-05,9.661518337047063018e-03
7.532706753202168815e-02,6.209938825192969775e-02
1.255606806698156622e-02,9.815422010242741413e-03
2.989985872526164726e-02,5.048493776605126465e-02
2.517033618864872313e-01,2.229991411869650386e-01
1.326985159750472820e-01,1.524064378255576835e-01
3.841881718927169648e-02,3.959176933860449055e-02
2.244711311464507933e-02,1.326581691734366082e-02
1.652037846160686330e-01,1.935273183596739333e-01
2.786512726445314336e-01,3.666214568826652309e-01
9.663524753183593344e-03,2.171568852134952033e-03
2.210149661276068489e-01,2.403401839989873223e-01
5.272655393428234971e-01,5.722664282433519434e-01
8.848300613509686718e-02,8.278788891524287152e-02
2.394587894743836418e-03,1.703505660423150101e-04
6.008825581902629137e-02,6.648029518898772305e-02
2.676540024843826471e-02,9.284476136291529985e-03
1.697837550599121947e-01,1.345744727928014084e-01
9.618396479826135659e-02,1.119846718752658121e-01
1.650396214549109675e-01,1.597637318979131527e-01
6.095648081693163037e-03,1.131214348114904789e-02
9.856527939753161049e-02,8.579060830695531270e-02
2.111108711151878647e-01,1.404757685462724170e-01
1.277825000245756855e-02,4.083389378825673377e-02
1.400898160902865341e-01,1.368761183860760788e-01
8.502373836899153325e-02,9.041373941014972659e-02
2.060425669898332049e-02,2.409146742260050850e-02
3.843483124288605418e-02,3.651771428323857122e-02
5.505322607729967732e-02,6.529174837040101209e-02
9.822359612530066897e-02,9.281682312962605264e-02
2.878649811236875244e-01,3.531196576136876875e-01
1.147051137795079487e-02,4.478155430563182486e-03
2.813657535793437359e-02,3.217048570486096687e-02
4.893655592657548264e-02,3.798363479810067805e-02
9.123884620156699765e-02,9.951795237999513932e-02
1.191656278559130033e-01,1.393929556591079477e-01
5.216098635393075916e-02,3.598238159306664519e-02
4.020813847176964995e-01,2.822952575721079937e-01
2.800106751120979842e-01,2.915808247065493908e-01
2.730513682468458173e-02,1.732160364372666364e-02
6.716877654463344893e-02,5.812414822215720284e-02
2.461072382219147980e-01,2.821725921720106833e-01
1.986775759880066508e-03,2.662843105579561675e-06
4.945574946246426374e-04,4.713502752185803717e-03
3.542281798825442501e-02,2.290233872656793207e-02
1.222355738429941989e-02,3.995603083917298806e-03
3.038155506163245020e-02,2.672794132007929799e-02
3.811210843482077393e-01,4.321218335937376254e-01
8.322584777260538802e-02,7.412492883178123382e-02
6.008453355847235763e-03,9.283934215200854295e-03
1.284313361862075287e-01,1.318372592140555633e-01
9.535476941294333819e-02,7.679423132655191497e-02
4.908955747323184848e-01,4.601425181758569960e-01
1.248254439601739416e-02,1.265767480069004969e-02
4.725747638738564405e-02,6.561277016003248808e-02
9.949359459591783535e-04,2.025081264083192136e-03
8.812732910338720680e-05,1.736502492767350816e-06
5.123477420812454913e-02,6.119453804775790845e-02
1.735109491469961386e-03,4.739040726493779984e-03
2.225848257162768296e-01,1.887890497413113322e-01
5.617878703959876957e-02,6.650652901384476734e-02
2.152443219542432215e-02,4.249589583782414220e-02
1.235563428784833967e-01,8.400519407288876972e-02
1.749044208593860394e-01,1.370466804100610725e-01
6.679685575829145960e-02,8.367646444311649390e-02
1.027950746884393057e-01,8.302217393138315582e-02
8.164486829547533409e-02,8.248655066522639356e-02
1.819112094666982594e-04,3.062881685955527993e-03
8.801567939413338509e-03,1.882367621612478920e-02
1.797112443621221717e-02,1.122790334166018367e-02
1.758657150751269035e-02,2.851790089900895983e-02
7.291453677912622389e-02,8.801793069393250291e-02
1.882163179495758010e-01,2.155415640321903803e-01
1.259355120085626223e-01,1.936538311923838573e-01
1.271053945562004676e-02,2.007969033063885904e-03
6.767344238110644707e-03,7.023357288734594431e-03
3.611829950483522733e-01,2.969994219194415641e-01
1.006476726996571869e-01,1.546736753584266599e-01
2.004528493511173182e-01,1.986784580480653040e-01
3.532457258167524816e-02,1.818323164826075866e-02
1.000726504192686050e-01,6.797841802296508695e-02
2.875287989693611594e-03,4.807565968555947765e-04
1.142068491285697790e-02,2.742991376693960925e-03
1.093282206513198629e-01,7.759150890741732531e-02
9.758653315627915936e-02,1.153338768543852866e-01
1.092863536715657363e-01,1.102277104847992351e-01
4.523157553566276023e-01,3.688898076444929175e-01
5.005113068967867451e-02,5.482126786933010087e-02
1.120328926479574605e-01,8.450749871774995703e-02
2.663237888813674847e-01,2.768580120664314581e-01
2.460205626767615616e-01,2.486569598442674722e-01
8.630175518915113309e-02,9.337221240464019245e-02
9.535975781477358526e-02,8.563201564464027749e-02
9.184984493896952836e-04,1.505727003444325444e-03
7.482174400209381550e-03,1.392959504094660669e-02
2.016115992837632862e-02,1.750587324435486439e-02
2.537569907432030147e-01,2.334053182532202231e-01
3.798604718347233113e-07,3.817356343251681466e-03
4.396660399827957005e-02,2.898780205802980320e-02
2.621013418925436933e-01,2.789713166627852958e-01
8.331655685196757977e-02,6.243848539469572245e-02
3.641501983881129112e-02,3.241256915222717055e-02
3.464223862327666104e-01,3.095862534662431331e-01
2.411985459086200649e-03,6.530220507575575095e-03
1.357939185348926159e-01,1.632100109741720095e-01
1.290451155920331085e-03,1.167615005627897946e-02
8.243454611108593573e-06,3.256759413473128586e-04
8.443638951108815849e-02,1.039521321942891430e-01
2.371684564131478976e-02,4.542798961508168198e-02
1.260878610784723630e-01,8.501928222604064611e-02
5.880683732003430531e-02,1.002330402042476143e-01
8.586515546688676392e-03,1.099861269927317545e-02
7.838792347856340936e-02,8.248332073322285629e-02
1.278365477950495210e-01,6.915590414246818030e-02
1.594622463122791906e-02,8.128725875696855147e-03
6.556700659593676928e-02,3.338777601653396959e-02
3.170050592179968901e-02,4.653818744159182036e-02
2.497797580422767526e-03,3.886038695322434149e-04
2.183055539476650223e-02,2.855591357092432739e-02
2.867543520758589551e-02,3.245877203217724383e-02
9.654327070056749338e-03,1.028030793930443179e-02
1.514010491145394988e-01,1.882841582085955923e-01
2.798228140644850193e-03,6.663168115380284015e-03
1.776006427984206998e-03,4.230055500027090840e-03
1.751933130082622761e-02,2.517443459489502461e-02
1.322736663446216505e-04,1.408801675682915616e-05
7.072700648935360823e-02,6.782776714025576248e-02
7.707418201968839607e-04,2.035773762643668539e-03
2.458420866130441029e-02,1.412870271753845566e-02
9.194092034851643336e-02,1.303709136484629827e-01
1.229806230506814285e-02,6.259796423551071583e-03
1.118965477672322940e-02,9.033280357692574647e-03
1.352113045827411653e-01,1.361542387644731622e-01
4.211065467321109534e-01,3.950524056016891383e-01
4.256069682967220102e-01,3.467052215141099292e-01
3.117177582183314200e-02,6.094802984977655547e-02
2.309483628484661766e-01,1.962512943167918078e-01
1.311197776445393107e-02,3.644755262154453224e-02
3.542697052363544263e-02,3.604659428872750149e-02
7.842395341210117721e-01,8.868732968508217240e-01
6.859335466078181343e-02,8.206527895821900953e-02
1.888649519344578901e-03,4.657949563526681252e-04
2.957027332744151943e-02,8.325400454748942136e-02
5.242907475640680263e-03,8.325826742879849363e-03
2.463264004994673503e-02,2.991882608016058556e-02
1.107175458882328316e-02,2.288454285965524013e-02
1.109603675845351710e-02,2.996102736479970552e-02
1.087574289420031315e-01,1.815558984605163406e-01
2.880125046754192786e-01,2.957182826447191104e-01
1.368571285530019166e-01,1.742022485657495345e-01
6.065097526713275622e-01,5.701241486838301009e-01
9.187692945342385009e-03,3.919829745545851812e-02
4.436166281252976878e-02,3.723629112326967000e-02
3.873024337384675664e-02,6.416567281068544237e-02
1.651077448052369438e-03,6.658059447482226646e-03
3.180829058659710440e-01,2.944212236061229948e-01
1.211211004839488070e-01,1.376683834240187698e-01
1.028456581075161804e-03,3.437640389375562228e-03
4.708889419913622060e-02,4.587560231624728674e-02
2.159633504152304040e-01,1.779693728752471116e-01
5.887278041675412440e-07,7.516165854028970372e-04
6.795615543032603768e-05,9.925339008175071767e-03
1.122928372097082260e-02,1.020765504714814600e-02
6.299921196974031523e-02,5.715014282118120043e-02
7.107484334917806290e-01,6.949652046690455443e-01
3.630283247087869730e-02,4.715944133543067268e-02
1.671241104555350188e-01,2.186948490391236455e-01
2.140432987789752176e-02,1.432343432975191795e-02
7.096541737224402882e-04,3.076967699163308308e-03
2.859157006258240211e-03,5.100722944190736255e-03
3.242088287791679291e-02,2.824312010636566977e-02
4.063832693988858602e-02,2.665678567930671039e-02
2.573545143327641838e-01,2.706408538903312122e-01
3.777738759891686310e-02,9.239386214306985479e-02
2.527133464142714558e-01,2.793055936255027794e-01
4.797169588447450922e-02,4.353827410345537802e-02
1.132153711294239945e-01,9.811447287270441686e-02
5.016143702347041627e-02,6.269215129759120320e-02
4.403748922111580858e-04,2.403869059106488685e-03
4.837269512225621931e-02,6.269430802875256004e-02
3.099208970240881905e-02,3.047835654501084013e-02
1.044276540268446046e-01,8.818805692577308397e-02
7.649652829082352612e-02,7.147251686473324317e-02
7.249157353770954715e-02,5.649719678402495560e-02
9.525154085638729007e-02,9.976043528860976950e-02
2.568071147698912093e-01,2.759170205667954012e-01
2.206477547252408064e-02,3.831203691711175530e-02
1.456402756859440373e-01,2.231696228475243127e-01
3.442295376161270959e-02,5.164956386407428685e-02
2.798562964659258023e-01,3.028658598393213497e-01
1.449804795134422217e-02,1.250413442522196536e-02
5.691047589187143811e-03,7.576764229006300623e-03
9.161171905332128607e-02,7.646239634423333820e-02
2.114189894230459610e-01,2.720824544133980671e-01
3.703340885128646176e-02,3.544506709799960520e-02
1.052796280117757055e-01,6.368743514766557479e-02
6.602625063070671763e-02,4.835223856102951329e-02
3.680857737198855398e-03,1.706361087164044374e-02
1.354520284431426705e-02,1.043302938554215367e-02
1.900808783586026285e-02,2.767646243352250499e-02
6.780607709898357482e-01,6.712136928533354308e-01
3.298310683679687161e-01,3.753408872135464147e-01
1.420174071920838055e-01,1.285481689969270591e-01
1.621853012036016117e-01,2.112626939375810975e-01
6.875885304216673710e-02,5.657335654536986558e-02
3.289653828972590030e-04,4.551998214832660150e-03
7.246491501774008498e-03,5.814309003409273008e-03
2.360368643503999060e-03,7.760849906522926389e-03
9.176633720169470945e-03,1.359603227689535655e-02
4.096397070531663381e-02,1.903099584966209956e-02
2.957280749196219884e-03,1.760977963234348304e-05
1.258980967954905286e-03,3.145932870999172681e-03
2.995196339456487541e-02,3.159025897798907467e-02
1.690844666794353093e-02,7.184360403208358940e-03
4.117813047387654246e-02,3.557832801328520561e-02
9.889218623318029103e-03,1.285616103493888995e-02
2.580758766184962534e-03,2.791419465652552386e-03
3.416893510707280646e-02,3.112464247467642067e-02
3.802100975971707819e-01,3.743529451861428159e-01
3.367510819824723334e-02,2.486234082638133502e-02
7.094039375781842176e-03,2.244532551180599203e-02
1.617048932131182615e-01,1.796993487367440634e-01
1.112500058337712039e-02,9.942836056221546551e-03
4.932691309793339751e-02,3.345092455412747301e-02
1.753879564526627502e-04,9.760110310452930083e-04
5.563028945105175788e-02,6.683935497656329217e-02
2.804957243733726627e-03,1.156442262180792241e-02
2.393558070487312173e-01,1.743793250026385855e-01
1.548841522354256484e-01,1.958201517034044437e-01
1.426982629890520549e-01,1.716809832120459733e-01
1.330382790689125794e-01,1.377078401616498582e-01
1.663247286103447433e-03,4.656903427676488405e-03
5.370806344803301380e-02,2.732000758735803059e-02
1.247945493521172566e-01,1.575377574708289596e-01
1.294114739265241976e-03,1.057189122530492915e-02
1.538170089378873215e-02,1.435896482274724717e-02
5.267150842593020660e-02,6.956714430762461765e-02
1.772880802219398144e-01,1.480726225491815484e-01
4.740993229654504601e-04,7.313982664555175280e-05
7.640280676162978200e-03,5.907997721692876368e-03
1.607371795277395821e-01,1.536492768006436360e-01
3.742685677965263726e-03,2.419704535875825957e-02
9.574010601104592302e-03,9.240886788494285728e-03
5.765931235841501717e-02,4.183596752644155869e-02
3.362358538977888115e-03,1.292971302083021322e-02
1.244613442193120978e+00,1.236930463769065680e+00
4.995753908080029053e-03,1.106730253773919453e-02
3.895497949775933617e-03,5.557353038608757803e-03
2.599408930381972953e-03,4.035311597963426797e-03
1.096496101025287440e-01,1.073639283078707818e-01
8.357464921794781343e-02,7.148154712344402528e-02
1.279203424586235482e-01,1.451665187395534962e-01
1.869659134682024326e-01,1.906771237171626110e-01
2.498640974739366286e-05,7.323557828271678527e-04
1.374723540307398566e-02,2.588996630906621049e-02
2.082600010661048440e-01,2.920406581804936841e-01
1.689919551690897415e-01,1.736392052489520166e-01
1.087224571649333255e-03,1.261495728322460999e-03
7.622846223781173380e-01,8.184532564822378786e-01
5.402793386535867035e-03,7.046115748555090673e-04
4.095642837788095441e-04,2.588349111635377363e-03
2.155392570755244319e-01,2.038515256080799531e-01
4.311472844844507768e-02,3.734393890100742852e-02
6.620963177966026139e-03,3.265645384635935695e-03
7.353181208401126517e-03,2.206950134538108316e-02
1.504820069407963590e-01,9.311237087201507112e-02
2.570194453755178868e-02,4.637993385833105893e-03
8.659022929913805233e-02,9.916268541054594488e-02
5.764982667923976983e-02,3.055967853158582381e-02
1.305543589446825012e-02,2.889335515471293941e-02
1.151796361707034116e-01,1.419404399030986530e-01
8.879277657170045468e-02,1.091011645889788800e-01
7.906947059765265489e-05,6.201168456143987991e-03
1.839364254170598647e-04,3.400339045423473219e-06
7.819228915637149724e-02,8.743471755274410950e-02
1.632831953881162812e-02,4.698998754066294019e-03
1.412951817839159241e-01,1.309208439802693469e-01
1.567627773597810303e-01,1.938736918881552862e-01
1.966941699582560460e-02,3.394302274361415961e-02
8.840144571828550957e-02,8.270205899793234283e-02
2.012223313068692288e-01,2.014608147150117046e-01
8.204973844350936518e-02,1.014263864679642579e-01
1.263883112399748765e-01,1.288235561400683515e-01
1.401117137811314084e-01,1.144584066287509111e-01
1.591861361609901064e-03,1.093372970841079324e-02
5.310807521732672370e-02,6.323096857893936718e-02
8.754525456956820106e-02,6.022561006445715376e-02
5.157429796120111074e-04,2.529931792800814167e-04
4.587049601350230016e-02,4.373645757261968026e-02
2.296823883264297872e-01,2.063741566246413695e-01
4.139791880959641651e-02,4.570515903811926683e-02
1.607043840842417581e-02,1.098111209711038171e-02
2.316905580314469401e-02,2.558804476131244440e-02
3.838745666476926777e-02,4.517641626569513652e-02
7.888439646077961007e-04,4.712451248985302307e-03
6.017382038544159817e-02,6.987162750429869174e-02
2.175827402277471512e-01,2.248894720974472516e-01
1.833866746389246905e-02,2.134714251983519523e-02
2.122802123296135129e-02,1.278556717611432046e-02
1.749698504145141484e-02,5.336443237558978307e-03
1.142937829064499464e-02,1.706886355620776223e-03
9.674807761923476246e-03,7.696034808305241351e-03
4.131062165886965204e-02,2.185186195197607456e-02
2.166099112506933346e-03,1.755323229343368771e-03
5.922269931267182264e-03,2.143265156029853092e-04
1.039489712541537270e-01,1.310757028371090649e-01
1.428739276231995314e-01,1.550860330160213629e-01
1.673860275242043394e-01,2.237770743361720827e-01
9.306435916959651059e-04,3.007027321609451534e-03
2.549328856562222412e-01,2.420023793129212064e-01
2.244108614644341367e-03,6.847373248251811817e-03
1.783944927572733985e-01,1.694197061980408647e-01
4.516878322869042894e-01,5.399346135186284812e-01
5.383459910574751178e-02,3.968073435526364018e-02
1.615197971159246793e-01,1.624101593961451429e-01
1.404312535016480068e-01,1.370459325594545197e-01
1.724786876835875948e-01,1.211541369497010634e-01
1.994044301494949170e-02,5.105370588915237456e-02
4.820839768556538923e-02,4.823428201339607924e-02
2.522713896250763921e-01,2.203146062348919076e-01
4.195892604460430388e-04,3.686625059517044736e-03
4.305612401040797566e-01,3.510897959411636848e-01
4.088490656482112883e-04,9.826214394530032124e-04
6.240064957198884071e-02,5.121542984603576210e-02
1.835518332575441225e-01,2.651659141429325572e-01
6.029950440343271462e-03,8.169877225419218316e-04
7.155982826363674887e-01,7.608972207044316649e-01
9.337145740672283399e-09,2.372048523203211523e-03
2.437156496005687123e-01,3.036785015437680202e-01
3.609248229284641590e-02,3.144959979599804695e-02
7.640937153551162486e-02,5.902641156227767666e-02
3.795374079307747839e-02,3.729540107757752659e-02
3.551079886808911762e-02,2.069818576271096125e-02
5.577324136955388693e-03,4.161402205781898275e-03
7.303498294599940210e-02,6.388423613128943468e-02
9.926850193617865747e-02,1.176232397223058029e-01
4.580741893550193192e-03,3.461500934067751373e-04
4.368907722882150318e-02,3.991465917317735257e-02
3.446553416454339880e-02,6.151087075971036627e-02
1.925742200877041468e-02,1.871927995694621163e-02
2.926451186900699275e-01,3.293556600966072168e-01
1.473764482827331912e-01,1.371281584633313178e-01
1.018291441636069161e-01,8.987827491072257480e-02
8.530691339930576711e-02,7.662011644990186776e-02
2.159195619189538395e-02,1.441758277709734998e-02
7.895156459671300031e-02,8.776201325001262155e-02
3.876027564094340627e-02,3.932943814678403066e-02
1.202084533924406423e-01,8.882426097272090593e-02
1.036121076032330279e-01,8.964738676775967086e-02
2.504361203967164079e-02,1.712457320939516844e-02
7.655803673032042511e-02,1.271859452493693532e-01
1.670632771192214275e-02,1.262043214502544045e-02
5.039933356798195069e-02,5.332965368516167509e-02
2.686733346219587898e-02,2.532463226723329422e-02
7.153895753819441072e-04,1.258752971022904932e-05
1.423817955237671184e-01,1.364296546573976199e-01
1.949953718962910421e-01,1.841192004279021965e-01
7.145739547397041147e-02,4.460055479288935198e-02
5.592705348586268083e-02,6.783942881322362062e-02
6.183596349352089329e-03,2.824446949084633354e-03
2.497799054898339546e-03,2.899140054537025423e-04
2.148425394240945085e-01,1.702485990227349810e-01
1.684735871934901416e-02,1.716272915064598337e-02
3.055046354036452388e-02,2.385163691227471655e-02
5.979071226219477043e-04,1.097943502865955353e-03
3.357679472760407430e-02,2.257399225357403783e-02
4.371765768254911450e-02,1.539275200776870842e-02
3.013071302674855817e-02,3.605122526003184252e-02
5.450093893039725107e-02,5.471562841393253634e-02
2.023014611675529040e-01,1.847823737872779370e-01
1.859309400740053464e-01,2.465181109458359221e-01
5.675245149224655145e-02,3.968686935625691942e-02
3.390398649250482288e-01,2.885825704909621980e-01
4.027173494373628704e-02,3.240228193935697915e-02
1.118267493496552106e-01,9.784862672762054125e-02
1.275419123549591249e-01,1.480119407105582874e-01
1.238252038615991479e-01,1.685861356201512617e-01
2.066809312620339900e-01,2.834768839091439951e-01
3.245173010419710041e-02,6.226028611019859826e-02
1.848534846187738570e-02,1.806262969746893349e-02
6.267843446171586508e-02,5.172264575677865822e-02
7.401088372389394432e-02,4.305128099064234326e-02
7.128876586366725276e-03,5.362750345275885469e-03
2.038899775634117097e-03,6.590351186152830498e-04
4.318200980002561695e-01,4.582129072201422959e-01
8.294919537447495786e-03,1.558727747123267969e-02
1.895395113106846828e-03,1.507452607796519982e-03
1.403508808056285265e-02,2.092469705944395922e-02
2.336029232547791670e-02,1.772386338895008337e-02
3.250889008711622865e-03,1.708532175147835274e-03
3.974156426336279690e-02,2.065853123176912554e-02
5.338085415424643912e-04,1.394692957128860437e-03
3.858823824706836270e-02,2.159985457391567013e-02
6.179040783011999910e-02,6.339348563958506488e-02
2.904939765814541774e-02,4.437458701300464603e-02
3.096794354450515055e-02,4.017928118527094167e-02
3.224092602715433048e-02,4.120908545931713934e-02
6.285608707361096600e-03,1.261187761391932040e-02
1.363215215739881601e-02,4.941554546910057952e-03
6.095018216123775784e-02,4.696264239932636253e-02
1.284635418225300585e-01,1.171146245264722691e-01
1.344045939875150586e-02,2.363493165412754171e-03
8.389810855889164162e-06,2.644993029059002488e-04
5.676527000170632498e-01,3.992284991290531160e-01
1.307247169757316113e-02,2.598668945517127599e-02
5.081519210547711385e-01,4.802579815421229026e-01
7.511159831568966494e-01,6.813869295147733096e-01
5.087987490365556732e-03,1.465850835622351141e-02
5.815640314241410369e-01,6.117930977162658879e-01
8.778342583909584107e-01,8.842040844200967920e-01
2.864051409227196738e-05,5.467967312842528585e-03
3.506310718469300702e-02,3.289209651491556419e-02
1.956741091570211605e-03,1.497099262237133743e-02
8.242897339549346003e-03,8.707181458160677401e-03
2.161614567599843759e-02,1.320461654009207758e-02
7.050658766079211798e-03,3.760101399428574659e-02
2.927720834251774581e-02,4.164237843672046607e-02
1.652449194795623313e-02,2.256887274386943504e-02
4.384531834057863245e-04,8.960811413627784859e-05
1.151769731985580192e-02,1.492419863209149813e-03
1.751383037847149479e-03,5.103151331085366803e-03
2.999442237714251228e-04,2.746404016736364931e-03
1.791381154217172311e-01,2.217542450446604585e-01
2.018789735657433304e-01,2.155367357726293287e-01
1.521921000665208135e-01,1.304437246171434583e-01
2.200028526285904007e-01,2.356406747619437525e-01
1.957239411174271082e-01,2.358880776808874591e-01
2.101372152874323579e-02,9.724708045281735269e-03
9.569279352820865558e-02,9.076838837857489906e-02
2.954157860439414196e-01,2.629320992017075143e-01
3.245553801041170527e-02,2.482646812079626619e-02
1.743195041147093394e-01,1.392251468003131987e-01
7.481261068804805070e-02,5.866755562961827736e-02
9.750373462356387230e-03,2.394445729562670253e-02
2.076407089273631101e-02,4.636926620606949406e-02
6.415089105660278825e-03,1.747214116595830619e-03
2.672350516693277776e-04,2.974552062559696237e-03
1.030779784532994819e-01,9.080602231974442551e-02
2.136982922038151156e-01,1.837860538677729971e-01
1.128983530248461320e-01,1.301305916343073188e-01
1.152347318457480618e-01,1.384576498879815376e-01
9.796442787479353251e-03,1.074360848105924623e-02
1.423423773244879564e-01,7.884677022126740376e-02
2.463499826500748502e-01,2.340450255643586330e-01
1.494129956525746539e-01,1.474530765956368061e-01
1.334160911227885715e-01,1.212016425644114603e-01
9.530309686948865676e-04,1.009180481271306114e-02
2.774302953312350259e-02,5.546036220293435598e-02
3.065315467583583642e-01,3.322669000254375726e-01
9.347126736675177849e-02,1.383397463872600708e-01
1.186694294808449401e-01,1.226290189362410216e-01
1.775171696258436849e-01,1.858230286548463173e-01
1.804398995481565349e-01,2.297975191612838808e-01
1.459354323149150423e-01,1.708358652800035793e-01
7.237666319963050043e-02,6.302648963870512155e-02
4.152030317052472497e-01,3.820513531506313232e-01
6.467816780487052088e-03,2.688311101940809612e-03
1.974008767073980597e-01,1.591940978441094279e-01
2.339760835161801278e-01,2.670574298743421671e-01
1.696372597271738388e-03,5.117167765210478905e-03
1.094360469409246884e-03,3.228088633474763148e-03
1.764943100890069283e-01,1.180096407298619199e-01
4.688431190950248517e-01,4.249540128640158509e-01
2.682263032173274331e-01,2.732220755318603422e-01
2.640379141132608298e-01,2.958339882167884127e-01
5.589647966891728159e-02,5.982527389647833427e-02
3.834649730956914138e-02,6.011544821129180538e-02
1.008090508790690683e-03,1.205885099012598107e-03
4.817712313144105474e-02,9.270791316152618422e-02
1.197713871696278465e-01,1.116184216583471500e-01
4.720569681902253394e-03,1.186665144092125847e-02
3.433319631124187414e-03,2.574999128167417776e-03
8.211920638023510050e-03,3.213678700236075481e-03
1.125100626524150188e-01,1.244446711814482520e-01
1.977945359507445044e-01,2.752640485244973179e-01
2.759028786976115977e-01,2.942814455467021584e-01
2.177284584400357784e-03,6.115219766814202710e-04
2.010480055059632454e-02,6.541013133442243055e-02
1.623245640325294463e-03,3.222959144755104021e-04
9.811142145997705372e-03,1.153631718810846016e-02
3.458796104558772289e-01,3.217230351462384008e-01
1.929270279932743509e-03,1.013483469426815567e-02
6.557314776063635775e-02,1.004383881177412507e-01
2.259360272818521781e-02,2.300992895052600407e-02
1.082791177242329039e-01,9.532379301035644181e-02
8.135730083612895125e-02,8.444982517226266860e-02
8.417974732049909870e-02,4.982530109502190940e-02
3.512577591887926926e-02,3.068268883740342054e-02
3.857002844804158226e-02,1.520595502165393402e-02
2.470257430623119116e-02,3.072864733018039127e-02
7.098900978794948913e-02,4.796847716899914349e-02
8.748639489889322579e-03,2.294163223694699327e-02
3.173213324009142161e-02,5.308105972769088660e-02
1.504036802373477921e-01,2.125564843593145403e-01
6.369351528266256786e-03,8.808114501833321994e-03
1.775765457942376502e-01,1.894954545202187646e-01
5.339624727970834067e-03,6.358441145133747301e-03
4.303303810405515600e-02,7.706170875993773040e-02
2.947192160463780741e-01,2.559125774495036310e-01
8.027352915367143293e-02,1.084951642937005550e-01
6.928078009381357565e-05,1.366909829385609156e-04
1.284291446672900482e-02,2.553654192801541392e-02
1.130644069123535114e-02,1.842743718238649964e-02
6.650079158693017467e-02,4.906459962794348234e-02
3.488786902277082186e-02,3.315738504664834246e-02
1.267985178211118169e-01,1.052697755557469583e-01
2.794210234653290992e-01,3.176909282064059870e-01
1.106233738753947121e-01,1.535298200069925290e-01
1.805292208456057423e-01,1.909461769015681210e-01
8.954770488052479771e-02,4.003189919278798276e-02
2.995106040468304212e-02,2.106917344889464028e-02
3.987204804332673824e-02,1.419540971596516994e-02
1.417343869561654007e-02,3.239083192156272384e-02
2.280231464772225144e-02,2.084424716379532777e-02
7.538091803687430210e-03,1.310292787741887735e-04
1.007198065180481411e-01,6.352824834715928293e-02
1.404846308293724033e-01,1.730430559851814931e-01
1.309157951549326793e-01,1.609364983064147936e-01
7.531293947438396719e-04,2.076039890887049037e-03
3.960703453191607992e-02,5.547451943158149268e-02
2.279932669840625259e-01,2.426748120734709691e-01
1.352741890498020344e-03,4.551578088216807691e-03
4.467849140972531691e-02,5.453867288742617753e-02
1.856899107200834327e-03,5.134278175445941561e-03
1.386963127586785492e-02,6.917066869584073512e-03
4.064348904719006228e-02,7.834492807947830706e-02
2.899993146661319909e-01,2.932060330088493427e-01
1.824078068667402130e-02,2.058415171716581563e-03
4.251334998359236339e-01,5.055560467868948082e-01
2.356077557258980451e-02,8.839114088628781743e-03
3.654995155747620683e-01,3.681698688552881849e-01
1.882260084374410558e-01,2.160463348646869952e-01
1.914680186380287100e-02,9.449791186747821120e-03
3.888370608168927045e-02,3.309087244215120488e-02
7.199055654006483729e-02,5.344131980054142583e-02
3.016542280966473272e-03,3.453852206726616171e-03
1.948484018398040363e-02,1.130770272666427323e-02
2.851965219489817349e-02,2.072660126488009430e-02
1.433087628337304485e-03,4.519936128328699669e-03
1.501871353519045327e-01,1.209374781322362508e-01
1.938262098843620033e-04,4.376616351935719122e-03
1.157906062435629796e-02,2.960868664689831134e-02
4.617347066550418766e-03,1.104815037868574256e-03
1.796633450492149398e-02,2.629822335280842041e-02
2.757522461970736069e-03,8.517742727807663117e-03
2.024710534219416325e-01,2.251805763332403176e-01
2.102363069779806248e-01,1.991632437357404861e-01
1.624111799017552149e-01,1.079670310344190004e-01
1.626380887848673934e-02,2.451919812410369506e-02
1.031456962237416522e-02,1.162177834640907084e-02
1.505379685460945249e-01,1.671970151015446937e-01
1.192389413148698535e-01,9.767343881647562454e-02
3.815758046167440076e-01,4.172300310115397703e-01
2.076625033129752412e-02,4.342349535508434333e-02
2.633280267030653835e-02,4.106868968742544146e-02
2.042323543378566364e-01,1.591809326617983078e-01
7.948246357050934565e-04,8.893626082473517561e-03
2.017444290391951292e-02,3.961002078218987810e-02
9.640545291587708510e-02,1.244385307263827511e-01
1.571403964102576212e-01,1.187711292106159305e-01
1.073927713948777951e-01,9.935170849013595651e-02
1.554368984862911918e-01,1.158776336949371155e-01
1.242331523664585852e-01,1.360752361465955296e-01
1.597072522179760964e-02,2.344016229992351014e-02
1.663472374177712987e-02,5.965437067049933831e-03
3.355018725518939498e-04,1.635857882965164079e-05
3.030718800790708004e-02,3.277600128964405779e-02
1.500773507394618234e-01,2.023114827568200935e-01
9.421431147184865934e-03,2.020402285134723086e-02
1.004754517778449173e-02,9.549095422095041710e-03
1.614290573709484811e-01,1.425636299085056569e-01
1.344307330580637450e-01,1.556518514528938968e-01
2.523637977149497183e-02,2.858068124614907436e-03
1.813016044064106398e-04,4.907249395033708248e-04
1.957477682344487269e-01,2.458498768986473182e-01
1.944254160463916971e-04,1.368513037030494144e-03
4.549354838310148974e-03,3.542991391277403382e-03
1.036097072971103351e-02,4.450498512346205172e-03
2.092582468534625872e-01,1.713605607100343042e-01
4.421913593335932702e-01,4.936332110220619795e-01
7.381706402573513792e-02,5.391755750737585451e-02
1.702545918097041755e-01,1.320121855925223409e-01
1.490010680204083282e-01,1.339107183116821087e-01
2.870187125407956327e-03,1.816649382079174981e-03
6.517373110748281122e-03,4.187674112384832947e-03
8.408606175190184995e-02,6.393030091672900761e-02
2.925405511991265028e-02,1.485393613227453322e-02
2.624195132274070308e-01,2.270585728284985061e-01
8.137915998942094747e-03,1.205868438275622305e-03
3.057292406923344807e-01,4.035833631001874422e-01
2.472308266686572623e-02,3.457662827699003322e-02
2.704283168275968888e-02,2.700782906785798368e-02
2.852922562903675852e-03,1.707872494712818652e-04
1.824181627546327155e-04,5.067522468217918949e-03
1.664898691793331026e-02,3.054988684402605223e-02
1.964442578430255354e-02,2.851482836276173979e-02
2.035918745141616568e-02,2.967796989204802768e-02
2.866793517189930585e-02,7.178542039514457240e-02
7.644174409555599178e-04,1.481289908700787793e-04
1.576802178675542829e-02,1.945310961306005943e-03
3.502624927747804290e-02,3.664504551502404534e-02
3.139558537475137939e-02,6.746036420295266345e-02
1.756812584839826871e-02,3.201341777351170148e-02
6.798583134837982546e-04,4.107934049070377687e-03
1.178158544385550649e-01,1.108821565528802511e-01
9.732477491967425620e-02,1.368431137844493273e-01
7.785913177412998043e-02,7.712514758525094993e-02
5.009914486857758309e-02,3.565585213058882624e-02
9.096994195070585293e-03,9.850951246467338010e-03
1.091173974147779312e-04,1.816607374581267510e-03
1.722813103020708189e-03,4.214990304050648430e-03
6.856603641380754240e-03,4.972142841256996931e-03
4.659991284241254278e-02,6.553083993121534834e-02
7.482548037232700233e-01,6.743380228829635170e-01
4.256769407738868471e-01,3.410117891614469765e-01
1.489189417394868372e-03,4.661962004746846976e-04
1.080421569142511612e-01,1.123151764959558485e-01
3.666170420861711299e-02,3.378041097548453026e-02
4.302827510339214852e-03,1.195151342884208032e-02
2.807319132534157047e-02,6.071170449675576675e-02
7.573839689279077136e-02,4.922606949205098753e-02
3.771338832633695445e-03,1.345152040297522764e-02
7.808669737283995271e-01,7.786132942375043609e-01
2.673977082520629378e-01,2.762249287984156476e-01
2.717688742391540999e-02,3.161028189413036399e-02
3.357069052382311448e-03,3.500075141222604418e-03
1.336898728694990712e-01,1.260432472771668699e-01
3.516317226259593060e-02,4.973938135555491802e-02
1.196877924936707617e-02,2.114937661191489821e-02
1.514468336010227345e-01,1.736697165083311012e-01
3.120827053910815718e-01,2.969528315992944201e-01
1.722588082411940502e-01,2.245638170809195477e-01
2.254105387327439147e-01,2.773063884265049572e-01
6.773752571767591157e-02,7.141408877770780150e-02
1.732831743284402592e-01,1.929979211395021210e-01
5.038231225352428344e-02,2.601412650175998278e-02
6.588143145657358868e-02,1.036412940163039809e-01
6.103634890271464331e-02,6.848269274875457002e-02
2.338465585359248422e-01,2.462107744398036036e-01
1.693572330234113799e-02,3.446691371049753760e-02
6.787353112426851298e-02,5.135099916274431936e-02
5.989003932215731379e-02,1.026593720547625405e-01
1.789590256329662565e-01,1.883936353945764308e-01
4.692284061548552052e-05,6.859569860485977433e-04
3.188910818402097190e-05,1.381576760804301487e-02
8.773274390187713045e-02,1.285007144897191145e-01
1.999168719840810071e-01,2.704043681176310221e-01
3.394868626464733925e-03,2.119120168957819007e-08
1.618780201808712460e-01,1.870029425863093120e-01
7.394807808210690409e-06,5.538038593160218327e-04
1.492174235052227405e-01,1.596866898046236660e-01
5.042799113751839091e-02,2.513389423608890921e-02
7.764695450326526693e-02,9.148889148706988717e-02
1.350483372627200307e-01,1.649978180278453832e-01
3.594499841498082632e-02,3.956253148161677918e-02
2.126046368687500021e-01,2.321648027342335940e-01
1.279083843148629274e-01,1.385240848950234360e-01
9.957343274297790481e-02,1.573646116318797028e-01
1.328476685752133235e-01,1.315929366930292665e-01
3.088993144029431592e-01,2.954853174927551396e-01
3.300035906472729152e-01,3.051010298919600294e-01
2.813514274428441809e-03,1.456832054805003661e-04
9.930265048367094283e-02,1.146150818016748729e-01
2.238188090847484379e-02,1.112331196650849681e-02
1.921781899627430512e-01,1.732682817932356956e-01
3.666635928093151670e-02,1.931723957091413188e-02
1.447309250895395527e-01,1.164930551042610979e-01
3.364814946110908367e-02,1.811657793413500375e-02
9.255126224156191572e-01,9.808505985890523249e-01
6.515423583363108562e-02,8.933553103019707675e-02
1.911155792806864817e-01,1.709671383083735674e-01
6.668950490163008671e-02,7.076785292418899531e-02
2.271391888416713842e-02,2.479261678229117624e-02
7.560597901852031399e-02,3.346493700818782557e-02
6.215151768716351000e-02,7.637269637704285907e-02
8.853021904039330703e-02,1.334169868338646314e-01
1.184797098443915592e-01,1.121867105958378463e-01
2.032982140739398452e-02,2.132969042163830251e-02
2.826230575506977899e-02,1.979044689472393703e-02
1.809823991508649199e-01,1.568387653439260732e-01
1.442632416919503724e-01,1.216926180671422247e-01
4.794585425327752004e-01,4.949028748954209522e-01
9.327694710842351911e-02,1.025890454412851233e-01
4.146323685498280905e-03,1.261687728365498717e-04
1.040932231740511332e-01,6.790360187730896946e-02
6.228344722951661971e-02,7.910170248044300079e-02
1.644353515156056576e-03,4.671398648610432941e-03
6.060013821259196271e-02,7.995099301367250555e-02
1.470448381900422152e-01,1.701453145183450533e-01
1.432032080033753541e-01,1.470145762683269519e-01
1.246671386061184716e-01,1.413500016858666997e-01
2.496199783005605393e-03,2.511066412974121646e-03
1.899996095016975306e-01,2.382461454875925144e-01
3.008453656958961497e-01,2.310008095443779330e-01
4.563001741426763423e-03,1.816231087742995343e-03
4.655850093658940960e-04,1.188548789858428220e-03
2.047019042375216591e-01,1.537157085563498893e-01
2.070154058624361360e-01,1.863921916067843021e-01
7.461035747607230872e-03,5.305580350007344865e-05
1.972317722854772734e-02,4.557871197761725196e-02
4.854485256211677272e-03,3.863466360693474516e-03
4.532566975906719936e-04,2.092665248997399097e-04
2.961417877351701922e-01,2.991606778620995999e-01
3.194168711720095366e-02,3.139900873405795934e-02
3.979033454270458625e-01,3.480437697554409349e-01
2.825420001537240489e-02,3.293260137604422932e-02
1.639370864281751161e-01,2.218062439928649432e-01
5.327075473522569805e-03,2.096794371415699673e-02
4.127907576049677507e-02,2.527227718444754676e-02
2.826339189559351484e-02,1.351129125289925528e-02
2.188181347868183371e-02,2.756325560079759054e-02
2.393896146610562450e-02,5.263748523397621115e-02
6.949471619774990477e-03,2.146644884202531141e-03
7.467208022767173048e-03,1.579226962349336919e-02
3.895882399636877574e-02,5.159835179689119256e-02
3.491174768042400872e-02,7.172148685028997828e-02
1.372374941819630156e-01,2.124091666001743373e-01
2.924033019724441296e-01,3.573561159502472995e-01
3.726835436591422693e-03,2.824907005019700133e-03
2.468399922885300135e-01,2.883000465152422143e-01
6.089734445275758051e-02,4.541534695906241509e-02
1.196034456040683119e-01,1.607088728901480135e-01
4.068718216399755949e-01,3.150789244301446246e-01
3.665188768075516162e-02,3.150760597694248627e-02
1.290307785965668363e-01,7.640460872936381820e-02
1.935389574099839749e-01,1.675833142073170912e-01
4.884227118050323523e-03,1.006663648262262276e-02
2.083586921557412622e-06,2.970550992580322808e-03
4.872158443362010431e-04,2.837965757807425337e-03
2.518017177560336051e-01,2.567987052790061675e-01
5.962858696683347448e-01,6.232028047070842236e-01
4.882590238463576510e-02,6.755549629325280359e-02
8.871972255840957248e-04,6.704751898691148088e-04
2.473065916728321156e-01,2.500438105629360086e-01
4.193007251120956826e-03,6.130430420325921068e-04
2.845789976912899144e-03,9.776960632269043883e-03
2.501320715478979814e-02,9.961017469960701393e-03
1.159789302701282054e-01,1.442541100843093560e-01
2.045286433570939894e-02,3.025214574553995381e-02
1.422210430050701302e-01,1.896704908645939769e-01
1.530771334465791667e-01,2.025992524514910187e-01
1.825767618481543564e-01,1.156062131196920334e-01
1.067882713480498291e-01,1.118930358909762529e-01
3.913122296059737965e-02,4.164283059842123491e-02
9.211079453030783515e-02,1.026703403652090840e-01
7.941354291497745854e-02,1.238885176488978140e-01
3.619038012686907890e-02,2.312903652402543975e-02
9.071461368514879275e-01,1.057524219319174730e+00
6.756751920159964619e-02,6.298412521344311232e-02
1.785644542356258635e-02,9.629019522556443375e-03
1.589072260702762973e-01,2.111511982531937281e-01
2.587006884909880400e-01,2.613467582643712039e-01
1.431376425936924379e-01,1.369958494520814862e-01
6.353887598146904306e-03,1.593871001128014146e-04
3.008285152096701678e-02,2.025337124915609771e-02
7.924890927422567621e-02,7.949555976060349027e-02
3.096995033036486003e-02,3.736905510156486587e-02
1.842339959157880680e-02,2.383406048972470589e-02
5.814540321419432445e-01,5.340245413679759467e-01
5.248872264359429746e-02,4.229644030858991516e-02
1.937718877890461794e-02,1.131478909258467301e-02
6.934196566077073564e-04,8.271367780446502627e-05
3.223038001886261994e-01,3.352187304048595551e-01
3.496421289625339934e-01,3.148947591103856136e-01
1.769004539866760317e-01,1.667219725867176705e-01
2.743778819231661170e-02,5.211747989277001197e-02
5.438307431778677779e-03,1.135893744620370023e-02
5.581352836681133245e-02,6.364944879588171900e-02
1.909321852296675358e-03,9.718589833516273714e-04
1.940691679753640472e-02,4.178125969983114557e-02
1.303311311205070317e-03,5.734855562259136242e-04
3.485176013286867547e-01,3.213185508633124021e-01
9.789694802494280923e-03,8.220263377161536600e-03
3.934812031980854385e-01,3.297155955997044807e-01
4.415233491412980105e-02,6.233750095425798221e-02
2.929218579777853691e-03,2.619574353836516566e-04
5.948428965174258620e-03,1.941129796213001768e-03
5.640682273514796910e-04,8.147376345933382211e-05
1.303256493972464961e-03,2.045577744656484290e-03
2.072696755148228584e-02,3.184560312286281725e-02
8.879748345538247128e-03,7.562599054245401284e-03
3.584038220736969829e-03,2.112276526926237623e-03
2.005214465084954444e-03,7.761995809004809156e-03
7.126287263142165422e-04,6.306973723953962540e-04
5.315233476413397384e-02,7.589394320552227124e-02
4.231015832632994272e-02,3.787980571284196851e-02
9.158104754718732199e-03,2.035343425166274631e-02
1.953946091543843355e-01,1.822667211303943546e-01
7.128059640906327099e-03,1.627235331966508589e-02
8.020287640264976529e-04,4.026156266754759774e-05
1.578911893532938945e-03,6.494042790156142990e-03
3.213903626909633826e-02,4.004493395309730031e-02
8.502966462252734003e-02,1.398521803273776731e-01
1.148515479395960243e-01,1.153883019888528733e-01
3.616284445859260094e-02,4.905261121181720557e-02
3.026992243625537329e-02,2.091644672886982040e-02
9.038532873587772076e-02,8.849229751036161162e-02
1.386057430043657890e-01,1.278937997850640440e-01
8.242285041912980614e-02,6.141876503332405202e-02
1.051593761841010171e-03,2.871136836889788199e-03
3.274081365369738150e-02,2.422387232331673843e-02
2.152523404841260452e-02,1.606812033396500666e-02
1.244478421555733072e-01,1.240231654744614748e-01
2.772994600537148982e-02,2.889669122093792980e-02
1.275568660953504637e-04,9.560525406938068585e-03
6.538939641776292389e-02,8.010063223169709701e-02
1.535317516055807741e-02,5.547945197585293052e-03
4.321267055915455481e-06,8.979532642868118090e-05
2.310764724815860538e-01,2.241955372757040432e-01
9.209584333932718803e-02,9.793327997239895111e-02
1.453248150813397227e-05,3.605629867932002696e-03
2.416697818643421918e-03,1.543144078605669916e-03
6.195335634839950478e-02,4.157082821451373728e-02
1.523702807019121537e-02,7.566110624267720873e-03
1.600353727605051679e-01,1.555344172118951207e-01
6.605137341208201784e-02,7.976935984790040068e-02
1.212797599768262180e-01,1.368054467990570955e-01
6.921130541515822798e-02,1.129896764525041009e-01
7.575496970878488334e-02,8.339773226671706730e-02
1.618274108162755243e-01,1.524630098964017133e-01
3.025103212606604364e-02,1.176357764471409537e-02
1.311077299191355447e-02,1.132811480771583369e-02
5.618745526638786909e-03,1.709731958157062947e-03
8.449871005143333447e-02,5.041016433079113096e-02
3.035443739968238588e-02,6.206799019202494799e-02
6.065180702744117636e-02,5.705384756339615393e-02
6.830568863745442587e-02,3.702678629914877423e-02
3.320139829073383893e-03,9.499629187864493162e-04
2.919944647730813789e-02,3.412577609855488303e-02
5.515665759862798528e-02,4.606987872457751765e-02
3.401501461949731769e-02,6.338427919558634049e-02
3.866925496294662534e-02,1.689637717953187263e-02
5.245581562488655925e-01,4.552362525878435040e-01
1.894330223742467581e-02,1.923037743009825898e-02
1.058164250598711163e-03,8.640674455345656244e-03
7.336361870270426133e-02,4.015128330943863039e-02
1.986835984729165283e-01,1.771807721765331078e-01
5.278583995686269431e-02,2.903659120889082873e-02
9.952173322296831159e-02,9.139094974941242011e-02
5.249164345383414317e-03,7.683872524610243712e-03
5.996990094126328913e-02,5.699678243444888937e-02
1.628855233321362672e-01,2.060338470877559336e-01
1.587983840399815327e-01,1.319287931000138747e-01
3.974091411969693510e-02,3.378662453100546303e-02
2.335751743659364617e-03,3.214459075790268832e-03
2.083296399395831097e-02,9.561209159789339079e-03
1.136358220837486582e-01,1.137868849506410984e-01
8.061825590709451733e-03,1.977857601417721753e-02
1.310966354115439009e-03,9.724567968897823668e-04
2.504395463036952485e-01,2.945985589603799526e-01
5.766873377858145432e-03,1.906330684950795218e-02
1.112878767811596205e-02,3.139525587043306542e-03
5.670835441640686286e-02,4.492701821622181041e-02
2.781242746331737473e-02,5.478908218397365165e-02
6.600207260606533177e-03,7.650996376845276524e-03
5.839315352452853665e-03,1.415886721729800110e-02
7.505950776996200835e-02,8.885184291525631550e-02
1.396430877357307532e-01,1.433796506696944917e-01
1.157755971198093890e-02,2.373730367627232413e-02
3.779938884419058870e-02,3.369964301504253454e-03
2.997209069569768958e-01,2.542340117244529241e-01
4.187561436166819528e-01,4.715305490874852623e-01
1.569219295181746854e-01,1.181294832611945317e-01
2.046857191530871700e-01,2.265384855160131328e-01
3.443345369573264894e-04,3.979380968093825834e-04
4.000441771732162095e-05,1.912205720296875902e-04
1.038294052706045106e-01,1.192058617642083318e-01
2.658888722693564244e-01,2.540041204603758485e-01
1.274211649387519373e-02,2.105966054057648376e-02
3.533964866598596904e-02,3.525666863520170169e-02
8.482178442136795171e-02,5.582625735123270677e-02
8.709421125878920311e-02,1.451368984219593705e-01
1.923280595331186560e-01,1.991873369696443297e-01
7.598180800099766123e-04,5.830241154992493995e-04
4.216946129429557238e-02,3.361103563477334938e-02
2.345084136556920273e-01,1.962995951588081267e-01
1.474797979791261371e-01,1.456661603994617304e-01
2.600431258473354101e-01,2.218042331086148844e-01
8.180496042855483693e-03,1.143491734287658407e-02
1.252014242446430892e-02,2.775905737795779718e-02
1.258006239171782250e-04,1.854564588238825657e-03
1.514920583370824409e-05,2.668685977049945141e-04
2.231176708689042443e-01,2.106256718868536326e-01
1.061878782822628930e-01,6.126837991050292087e-02
1.211474178653410873e-02,1.198655199174774449e-02
3.019425440853791033e-03,3.112878953648172136e-06
4.650720319106858847e-02,8.220143800169417425e-02
2.820150668279161055e-01,3.258934649215365909e-01
9.170662421714270707e-02,7.857914076453520469e-02
6.107448362139214146e-03,2.237732239318060076e-02
4.741128196302823224e-04,1.534488274345068557e-04
7.655868249322020369e-02,1.319910462425438746e-01
3.065630818874253197e-04,2.914227556703489434e-04
1.533528801733324842e-01,1.594296418549349670e-01
1.866938424948670905e-01,2.044447819366998487e-01
8.857170771143757504e-02,1.009769941033859808e-01
3.270840399872638809e-04,5.645718424805833829e-03
2.045789666316698285e-01,2.236624955326423358e-01
9.408664743594172264e-02,9.137467729588805154e-02
1.268754256575931882e-01,1.430170431691152599e-01
6.693947252709994133e-01,7.224087763629120085e-01
7.888053607818786839e-01,6.981700037682697646e-01
6.393093820705345043e-02,3.407478344883507759e-02
1.296103829558255087e-02,2.161004355504361069e-02
2.783983490232725365e-03,1.467747748272826228e-03
1.124817987334769513e-04,6.261466108630448857e-04
8.744717245593261815e-03,2.377371018170398864e-02
9.781254070388983868e-01,1.127832076943676265e+00
1.807095193482863293e-01,1.778721653582569784e-01
7.544792414359717536e-02,5.974292700156228625e-02
9.331662104649082745e-02,1.091127451551383853e-01
1.342046889549230841e-02,1.699731387961182089e-02
2.726534412776806734e-02,6.878659046944844355e-03
5.737858564820755292e-02,2.362593145342415518e-02
4.005944135753310847e-02,4.535643521116990151e-02
5.309377040636187317e-02,6.732970688478753796e-02
2.351237433730608006e-01,2.860855566053113197e-01
1.640803778145743796e-01,9.050643695733003036e-02
1.244983480832932421e-01,9.594817312408333854e-02
1.300181914576089282e-01,1.079124520638625462e-01
2.831836515334021885e-03,5.246217305000371381e-03
1.005822708584500624e-01,9.684696612389916137e-02
1.493718223646208279e-02,1.031893509673243803e-03
5.111355565000406942e-02,3.068050997010206282e-02
2.806162697942323359e-03,3.572667900100950119e-05
2.665617173666130074e-02,4.727372275313931199e-02
3.633971568147016900e-04,5.675575365989387645e-03
5.027422116369749047e-04,5.386616146899667447e-04
6.401739528951393143e-03,2.716407642232931963e-02
2.100329308126370337e-02,3.098528055838815562e-02
1.626437673860767208e-01,1.792272713964558895e-01
1.510852525534500711e-03,5.263939563508826004e-04
5.438253515190462350e-02,6.903559852328826352e-02
1.661815119896841884e-03,1.849495969087070672e-04
5.045089871506062626e-03,1.923773110844261437e-03
3.199078832295196295e-02,3.075635937529343222e-02
2.627579980887970786e-03,2.254749481022108929e-04
1.213301477661335968e-02,8.564857577737727823e-03
1.951047809779330247e-02,2.286507549061939440e-02
7.596778807369255863e-03,2.548466795002531093e-02
4.792242730803708550e-02,4.204522777780143883e-02
6.529415567611837612e-02,5.971477372574471310e-02
2.691288388292257736e-02,2.888195524141851794e-02
9.889215845490655354e-01,9.517079661035946492e-01
1.368349149886864125e-01,1.752621209026807014e-01
5.126853395419899151e-01,5.237855428846840411e-01
6.714562562215529995e-02,9.969128225667688026e-02
2.229203595086574341e-01,1.645077152827838229e-01
2.446805291957165722e-03,2.461730280016911649e-04
1.228910431714927004e-01,1.314083784207573380e-01
8.797346503307484911e-02,1.240659132462022113e-01
1.771161500788407187e-02,7.242215187799459775e-03
4.487039871601858354e-02,5.673017606861847917e-02
2.101840679055450023e-02,2.939491171087484089e-02
2.555048107776634603e-01,2.729550178815502992e-01
7.773933193993518009e-02,1.004674868159199652e-01
4.704012833857903475e-01,5.565792331652433811e-01
8.842384580122412963e-02,1.597566959438287137e-01
1.901661346068919123e-01,1.486432543206402113e-01
6.384702911491471676e-05,8.377140873716391488e-05
2.144480318417000750e-02,2.906795516461054343e-02
7.924388804201258629e-02,5.364359018390340433e-02
1.071315902588618890e-02,3.408002602735743080e-03
5.755189682692159886e-02,6.022781135704927125e-02
2.659290436831958648e-01,2.670041710669243118e-01
2.378713905707014464e-01,1.512454642582947983e-01
3.170792789873383977e-01,4.669247531003498652e-01
2.032668853360661276e-02,1.955767655051434545e-02
7.906007722990376549e-05,3.293213352475229797e-04
1.125101628479975580e-02,5.948986811969363998e-03
7.250208218991536016e-03,7.269974420708421003e-08
2.260675167501258534e-02,2.884440835949315940e-02
1.285517951444462839e-03,8.277791224259649589e-06
2.297034271390365756e-01,1.765873806925717659e-01
2.071789688914663433e-02,2.507113670135750760e-02
1.783684046828677983e-01,1.563935669313250287e-01
2.275710375957682753e-03,2.855877605188606415e-03
3.377189955432086804e-02,3.264250780743671587e-02
3.773635136508591420e-02,4.045709941646148666e-02
7.018872246828520289e-01,5.722018473860829291e-01
2.465261932648718235e-01,3.297569694689732600e-01
8.894723578358226107e-03,4.566437413903189080e-03
8.575068103301757005e-02,6.734440733244041744e-02
1.138689832174790140e-01,1.352767439067905642e-01
7.279476481181521019e-02,5.117233523668582307e-02
5.732475049921527399e-02,5.145694573454695497e-02
1.153733841776418724e-02,5.130448333653628984e-02
2.111364041698056970e-01,2.141999254899407956e-01
4.049698801391225962e-03,1.588469204211304022e-03
7.969356455196426048e-02,9.104557914147880238e-02
2.128951450373274268e-01,1.721937676418440477e-01
2.912334890340909088e-02,7.644739232634034654e-02
1.368133347218858931e-01,1.724123862982126776e-01
1.072708884608163937e-01,1.425986195203963469e-01
1.000642550568991290e-02,1.958583837542153538e-02
6.629371679003913213e-03,8.072871745704231564e-03
2.323869924007389981e-02,1.097480219895478025e-02
1.860208616804779336e-01,2.938360752340026250e-01
5.029019852539474700e-01,4.547269790464685268e-01
5.748117619238278346e-03,2.020014949505136853e-02
9.544426682381167149e-02,1.202836379377177911e-01
8.372210460434001411e-03,1.585378554346280125e-02
6.886161053574113566e-02,6.144720842654913251e-02
1.427010447821395744e-01,1.460995307794655529e-01
2.731714406559423644e-02,3.104706169665143872e-02
1.457894140689447882e-03,3.657184924061732036e-03
2.151651016783740628e-02,1.887125168033555386e-02
1.061973869626692130e-01,1.375838594362111811e-01
3.223479253183675342e-01,3.621682653525503670e-01
1.852588904323238103e-03,1.136655153114621113e-04
9.148059495542783942e-03,2.381920246995729643e-02
8.632791319232337168e-02,1.319501362205618700e-01
1.652069518538629711e-01,1.712478697043254283e-01
1.064981594482326127e-02,6.633747647206062782e-03
9.526718650550942968e-02,6.958530196884897545e-02
1.949952045847132276e-02,8.374361798480606592e-03
8.099465379538689502e-02,1.636414323557095485e-01
4.479445141657952163e-03,8.778407695995992834e-05
6.198755708898368022e-02,3.661670411673636355e-02
1.935288517690638988e-05,2.963353713981177733e-04
3.394189317662404341e-03,1.031464080541865704e-02
2.932015510622159801e-02,4.697443895118112028e-02
7.107276224632949613e-02,8.340340881627394953e-02
2.772990500458054255e-03,2.014069742536981451e-04
5.856815857280041338e-02,9.835177002393366563e-02
3.882377146894920388e-04,5.843052549656395540e-04
1.787209955173771070e-01,2.387570077371887756e-01
6.956391936051033696e-03,1.808031037495265447e-02
3.204363071141315134e-01,3.024612258270806819e-01
1.521392390419702978e-01,1.233167305313664502e-01
4.490515634652849503e-02,4.577184160903015331e-02
2.501014261401554584e-01,2.617019635273497569e-01
4.649539467735520071e-01,5.558698949380161958e-01
3.706573635056071847e-01,4.028379997177218286e-01
1.579151678982395335e-01,1.378636686535273381e-01
3.478381636275047761e-02,3.751509048278683228e-02
1.007076751247430908e-02,1.299276297555221858e-02
8.086013435864615462e-02,1.063346561954284369e-01
2.318632130397788038e-02,2.942353717567418661e-02
4.165489931929444167e-01,4.488018605865001787e-01
7.465386833765019770e-02,1.010623553519117562e-01
1.580779165784339203e-03,2.375368601253034911e-05
2.860411538161946113e-02,1.901898099858390437e-02
3.094309922894233345e-01,2.790976992921574973e-01
1.847928244440893431e-01,2.609482769908652022e-01
4.581660966104926513e-03,8.808868492866672034e-03
1.554396385622264787e-01,1.392978309579397944e-01
1.627171356154191728e-02,1.512358118092766400e-02
4.825662328164279091e-02,3.575684450507003731e-02
2.323645930571748563e-01,2.238425525340475841e-01
6.507438440940194017e-03,1.311773630348074711e-02
1.320277609848881928e-01,8.952355430477117182e-02
3.790067331918499371e-02,6.858685969683693540e-02
2.041349091728368093e-04,2.088518417228070814e-03
9.066948565315804953e-02,9.136417709646298124e-02
1.066725773348375234e-02,1.097721579647393739e-02
1.559359754581461088e-01,1.868807864868393120e-01
1.066330176974104741e-03,9.381467697840516597e-04
5.900063029883726440e-01,6.180165630130787235e-01
6.772941943451796232e-02,6.184809813870804918e-02
3.023862579616001800e-02,5.641174964521639135e-02
7.052348313124788548e-02,5.811891823799034129e-02
5.545504667130017606e-02,6.474036537963052951e-02
3.029983684807468700e-02,1.912347181545811722e-02
3.820647272891423973e-02,4.679966827957644099e-02
4.086878258547407827e-02,6.024550495740686740e-02
1.612939519128067439e-03,5.144918728135734276e-04
1.096005801316611399e-02,1.061079717329841722e-03
1.617572270877741525e-04,3.651802916049541776e-03
1.104392696085227249e-01,6.393210509877554626e-02
3.390020906866841183e-02,4.128977122447733544e-02
3.892852472101163835e-02,4.904747834328782724e-02
3.581092674014022675e-02,4.835905309652210882e-02
1.006984255087403773e-01,8.636333385056038647e-02
1.460409498352335106e-02,9.687500274894447413e-03
5.420945188682672194e-02,5.695132593401686788e-02
2.472683644717907914e-01,2.793765964827727988e-01
3.015404294905157934e-01,3.387036078574545139e-01
7.500410514568951748e-02,7.082879345842117702e-02
1.203112042047751497e-02,1.899208920322933286e-02
3.696184073844456797e-01,3.562042729098802152e-01
1.803620190278001564e-02,2.053418556402870562e-02
1.575826579657803039e-01,1.394555768690793895e-01
1.068639303028011273e-01,1.187137120313769695e-01
2.007818888658215173e-01,2.805199043482562438e-01
1.279734180885408745e-01,1.232100611417188962e-01
2.955601758690016290e-01,3.532812285500908089e-01
2.092721797474019624e-03,4.378058202527373554e-04
2.569940766478571656e-02,1.715733555877960864e-02
7.127060592558098241e-03,6.271029660984400907e-03
2.519591887666272068e-01,2.678012363564397647e-01
1.501134772886490165e-01,1.628126466091507907e-01
8.817143730365760435e-02,1.155849626484124065e-01
9.129924564071500992e-02,6.667370542444453485e-02
1.976047814126432808e-02,8.319972855698801878e-03
9.645517400301135112e-05,2.383405526131133351e-03
1.508268036229007680e-01,2.133113220529130882e-01
5.373945128586814501e-01,4.228312618877297369e-01
9.191687383807247737e-04,3.493166421981952984e-04
1.044668275700483435e-02,8.119432779967327915e-03
5.158823307579805256e-03,3.234775504199738339e-05
6.779829163854176124e-03,6.207594857068109498e-03
2.110556926986725118e-02,1.358682381082215902e-02
3.765732693607743006e-04,1.343634939911745024e-03
2.222201721176133085e-02,2.116365626934717248e-02
7.826091899558563570e-04,5.244973744175073638e-05
1.442781064050398521e-01,1.569249234142782445e-01
7.510430443174156978e-02,1.010887803624478387e-01
1.903484577516167953e-02,3.235799980548593330e-02
2.516348336525137674e-01,3.237702004649694043e-01
1.949716970591983513e-03,4.672357517306835635e-03
2.636433855568714457e-01,3.346183212614065039e-01
3.776951995521424937e-02,2.892234243223254161e-02
2.795053587548922830e-02,4.280196854789981159e-02
2.869760205456690569e-02,2.953578476606858599e-02
1.827465365237786465e-01,1.655002408051941265e-01
5.260767365425059738e-01,4.690897745324987822e-01
6.457845325706328132e-02,5.373815773794194534e-02
8.728536461396411983e-02,5.613807376136292077e-02
8.590839546398302542e-04,1.595199386040389378e-03
1.733644558691710968e-01,2.152732189021860920e-01
2.777561861969678539e-02,1.753943423477198615e-02
2.012730801222104189e-03,7.485596639791578834e-03
8.237831588013944106e-02,5.267316943460950002e-02
1.712231338778025247e-02,9.112766553984723988e-03
6.719773211740319441e-02,1.101443234333745885e-01
2.767237733547993697e-02,2.208589948544599155e-02
1.129815982894431152e-03,5.386636941129160049e-04
7.438670451276727102e-02,9.675410089174464601e-02
2.482065475674494551e-02,2.467239809490829466e-02
5.987421106207857328e-03,1.032215949608563006e-02
3.285257357045457960e-01,3.716647226174408791e-01
8.334631344251382939e-03,6.509431693728890723e-03
5.039513517513201368e-03,1.591891032636571710e-02
2.922998084582509870e-01,3.688439592349095908e-01
2.438974878253563905e-01,2.207719099472680579e-01
6.523530945279271132e-03,5.530239193669782630e-03
6.731646493681928134e-02,1.171889949297944544e-01
3.016122177473669619e-01,2.808144360436761189e-01
9.289686852391441929e-02,1.084534937947376348e-01
4.180671448598620166e-01,3.631326281494567376e-01
1.498709783738946116e-03,2.252778514299566678e-04
1.354887230609253257e-01,1.653402172224947564e-01
7.525872012163716146e-06,1.886881076366395387e-03
1.913107505358185466e-03,4.755889603241444767e-03
8.416753290083739403e-02,8.204060088047704369e-02
5.679904514153186895e-02,8.671495493622713435e-02
3.287966533106708583e-02,4.410777043808245673e-02
1.619526638813684888e-02,1.305981147983274575e-02
1.028680407118454376e-01,5.992734449883747178e-02
4.518292695400979780e-04,2.725721011848804192e-05
1.019251551790817042e-02,2.501873676910275693e-02
1.252675407126354300e-02,1.761840606486252472e-02
2.238019666618625155e-05,5.182995927781282493e-03
3.547456393257444884e-02,3.352830514974464160e-02
1.775926635630519640e-02,9.476787999266001947e-03
8.545109106295745161e-02,8.743160443425722350e-02
3.780659900448557693e-05,4.940901030383872648e-03
6.789303340095090289e-02,5.791431854277154234e-02
2.513719099292675840e-02,2.207738211142131618e-02
5.681155330197174523e-03,5.928911492280303577e-03
2.497625232874382262e-01,2.020193979081389146e-01
1.873870562743610024e-01,2.079171152860891658e-01
7.980276575957713503e-03,6.095435043214743158e-03
6.703958310141104951e-03,1.103364787354090307e-04
1.580075063949487324e-01,2.130031233249722877e-01
1.125793873351235187e-02,3.556575493747246575e-02
8.545528214878471071e-03,1.933400292805458401e-02
3.447796374290185151e-02,6.125791980059216990e-02
1.999063570052003191e-01,1.732051790000716796e-01
7.129584161458865088e-01,7.222685344296592147e-01
2.314577308788155208e-01,2.497427821643612156e-01
1.964694696179000027e-02,2.196121127235309625e-02
1.825947685986292202e-01,1.949242427694168889e-01
1.249629689442602158e-02,6.264977081991580758e-03
5.624588368089751544e-02,9.122133044682423364e-02
3.988764405193238882e-02,5.066268998179011135e-02
1.349952132846923003e-01,1.541488999901690360e-01
9.773967492673987675e-06,2.739631280829393886e-04
3.752718632721392666e-02,1.744190953072422695e-02
3.368411057124390262e-02,1.932301136383332216e-02
2.224220895331492920e-01,1.862748362378157663e-01
8.589156200707123365e-03,1.652138857840787511e-02
4.091714133107800938e-02,6.584097880217523735e-02
6.672095265660434038e-02,9.812094975199756042e-02
6.979049781306556621e-02,9.109207805513926115e-02
2.743895143568058081e-01,1.947513696083882084e-01
4.297045834040743445e-02,2.967495913120366327e-02
2.076090892047129932e-01,1.925676504445017478e-01
5.336854080943628786e-02,6.088049002244553393e-02
2.872917677802757086e-01,3.569303236155619841e-01
1.708086203055234620e-01,1.461794458681349718e-01
2.477755360614498914e-01,2.099305706273272287e-01
1.706896114677538363e-03,1.033093569559268357e-03
2.275154651281579288e-01,2.317835418830287986e-01
3.038083148260757246e-02,5.991669867833252124e-03
2.678355027263589760e-01,2.133593256620392731e-01
1.737806170000380469e-03,7.558164335052275666e-04
3.863382696234467228e-02,4.555641428021922623e-02
5.064528320342558815e-02,5.669059037179811911e-02
8.978366022871245300e-02,1.368752438570705887e-01
6.514783360839082604e-02,3.448494897473814574e-02
1.802974497004324397e-02,6.668541668761735278e-03
3.771295715679813532e-02,2.752748868949768044e-02
7.940297455102932056e-02,9.840920664162325360e-02
8.244512542141323175e-02,8.057260607962378474e-02
5.708193138747610224e-02,5.614822187954215255e-02
3.141059005247593405e-01,3.180999925453772414e-01
7.163311812877380669e-02,1.165955477140020041e-01
4.107362538735041119e-02,4.175099872839177495e-02
3.887441836630671499e-02,7.969479802558016024e-02
2.009848223597476835e-01,1.914337317276651462e-01
7.304476069922831438e-02,1.219654819487880903e-01
1.166369533499908226e-02,7.719371510831409336e-03
2.823000203379545936e-01,2.483550969441441214e-01
1.764375430568111344e-02,3.045313650942305453e-02
4.993507580864760265e-02,4.663311051902975513e-02
1.271922334397352361e-01,1.389484263272877662e-01
7.515634987475468265e-02,1.096212758432311973e-01
6.384695381154392724e-02,6.373446096191608123e-02
4.303530348794037397e-01,4.593614817667250327e-01
2.878443784009967338e-02,1.331416920429664454e-02
9.205581396737910760e-02,4.339932201577905574e-02
7.598017209754629776e-04,5.947205374477517468e-04
3.371254925426946381e-01,4.050610392649640623e-01
3.291509477715501026e-04,5.078463706785461829e-04
5.270928434748117786e-02,4.017154338985404888e-02
4.207223793611322149e-01,4.184507128576239188e-01
2.018450303741302159e-04,7.947860242932468580e-03
2.903272295691765922e-03,3.093190097802220263e-05
1.087578068777715901e-01,1.848835161647207348e-01
3.641413810467030721e-01,3.942376811373469736e-01
4.733285530670895691e-02,5.794057983127525596e-02
2.894023988443104531e-02,2.094976573280224463e-02
5.205419447589287180e-02,2.276924281581852241e-02
9.927974141772226424e-02,1.142569230758267856e-01
1.133418409069705812e-01,1.012405446402870612e-01
2.954529995065778292e-01,2.662153417355914153e-01
1.189951146388640024e-01,1.424901820306207489e-01
7.300105843097562386e-02,5.665115774452364472e-02
1.304638614347425254e-03,4.879668450624317758e-09
1.960030164935994959e-04,2.931252885569396449e-02
4.400278910773022800e-01,3.490756872902707753e-01
8.906464330504817962e-04,2.876155765843354476e-03
5.741346823376103359e-01,6.402274404792355211e-01
1.137048990877915083e-01,1.182576909428987022e-01
8.499850879561905714e-02,9.261963272401922687e-02
4.342200499521989276e-02,3.380268524194296464e-02
1.842070707685079106e-02,3.402575794452066676e-02
6.101177044982104142e-02,4.881207690856348425e-02
2.936674785563022499e-02,1.175200660366980919e-02
5.043210489307324920e-03,1.377959158948191369e-02
2.106063209044904683e-01,1.937507087524491523e-01
7.409293294431726351e-02,8.433264054535542786e-02
1.015881573627507549e-02,1.092639783810872046e-02
2.780895837774048076e-04,1.531821748662606352e-03
1.156962098162748424e-03,1.679055881374556455e-02
2.957933824557326119e-01,2.411276534670356297e-01
4.609662618377657201e-02,4.904949408758893514e-02
4.736703643743531665e-03,3.359527965282653461e-03
1.482044424158785456e-01,8.641103393830489032e-02
2.220777919498427566e-01,2.180305466975616668e-01
2.298311351329235808e-01,1.830852278753460072e-01
1.795015250249442085e-01,1.665619297983147451e-01
2.007308946151259432e-01,1.533356994712164745e-01
7.032063160921400193e-03,1.695840740174775485e-02
8.355465196276798401e-02,1.074602051244771123e-01
4.346442240897788883e-02,3.496244138966703857e-02
3.400042280485118112e-02,3.895832319037720315e-02
4.325314949975232054e-02,5.506995837102476865e-02
2.787869155086823980e-01,2.683271843460916517e-01
1.218167178223003438e-01,7.676266719850417808e-02
1.684257953223573245e-01,1.606974415080012764e-01
2.586151893244060807e-01,1.805769944994480847e-01
8.816540565385634631e-02,8.826430932934166418e-02
8.796298167793625486e-03,1.965801600756878625e-02
2.202733823946571856e-01,2.259054998688751204e-01
3.545853687582039421e-02,3.700070203261929258e-02
6.054820228392997911e-02,6.089772736178283852e-02
2.334944191782953038e-01,1.980519423409347890e-01
9.294854351097427136e-02,1.302172149468071860e-01
1.397463151742970103e-02,2.527481904203204149e-02
3.333142263684097523e-02,2.594634715537708428e-02
1.503434475244264622e-02,2.248371989415410763e-02
3.206327179903563640e-01,4.111295138071360267e-01
6.329680780944339780e-02,9.806297492160555296e-02
4.668914016021738327e-03,5.501483205956988164e-03
7.579072245102226602e-02,4.865287856405660361e-02
2.242236329168981468e-01,2.738454686160141649e-01
1.635210057396134786e-01,1.277780243224008738e-01
1.867213905909331506e-01,2.178097334531148843e-01
1.805424180512342838e-02,3.656769563137054341e-02
1.379112009049373311e-01,1.747026790969856136e-01
4.274753810115548142e-02,4.493445290452074969e-02
8.214567056074420504e-02,2.469617033670638492e-02
5.435158098037738694e-02,3.846326816591698339e-02
1.957220201127943260e-03,2.967795925951356890e-03
9.945309443249044506e-03,7.538606704491590711e-03
1.581561604828770132e-02,1.185494681552473964e-02
1.223526062820846083e-01,1.223085055441537061e-01
5.348489061516878418e-02,2.494059139319724713e-02
4.242229966036263622e-02,3.042476790105979115e-02
1.013672254732488759e-01,1.737149350279113547e-01
1.458985994961798649e-01,1.023815365230722196e-01
7.125046494927367302e-02,7.781506884233228838e-02
3.685897132364548412e-01,3.943771287390661073e-01
7.602562548576218514e-03,9.357915745409036215e-03
2.058553516323091970e-01,1.883278968645872020e-01
5.913507465142747721e-01,4.799163734821681460e-01
2.604362958305363532e-02,2.144397616133816853e-02
9.867231385895932141e-03,1.824685368158497113e-03
1.709754857716595522e-01,2.368798146001012961e-01
3.314487294477855284e-02,3.273291994690502582e-02
2.991105551873464875e-03,1.336968311816626870e-02
1.543164188793757496e-01,1.522431000260722755e-01
7.337983377338505586e-02,5.923982767911363523e-02
3.928600835691257731e-01,4.027293979212155373e-01
3.597545502011702256e-02,2.250409969669532606e-02
7.987802867316970423e-02,8.095574968815834327e-02
1.174097106377720440e-01,1.003258304942211965e-01
2.760446752343263532e-01,3.432209433158414091e-01
6.187640399697156342e-04,6.250722871971960137e-03
4.543037959889843769e-02,3.137349241736745592e-02
7.459840673328735350e-02,6.688155658224115285e-02
1.085169894363132359e-03,1.691379379904950676e-09
5.259385281350628660e-03,1.617073454210055106e-03
1.948622720864756908e-01,1.983802697126459402e-01
2.543067351159024048e-01,2.661705300850112921e-01
1.221419901128796837e-01,1.098607766050499063e-01
6.593314660127649884e-02,4.578649783663567979e-02
1.280240753364611517e-01,1.185750907416658340e-01
1.751468159945937172e-02,5.111469558983340947e-03
6.836402232756798314e-02,9.991450662305149943e-02
1.419324744407379491e-01,1.530648768766093293e-01
8.585076623275931379e-03,1.269286653803982680e-02
1.059106727915284409e-02,2.145599022992886531e-02
2.898642469539461711e-02,2.198497277266476049e-02
1.627189357205295062e-01,2.327152371928196128e-01
9.230296036605463439e-02,1.158846085896126366e-01
5.905218356195241630e-02,5.815467519590401119e-02
5.664480042815200900e-02,5.502275421533359828e-02
4.927783450764114392e-02,4.632541042322146918e-02
1.337189844731414244e-02,1.222424204010912063e-02
6.514737611825166530e-02,8.993284471581564077e-02
2.535493724443075789e-02,3.569251212244305832e-02
3.743925563200851958e-02,6.957406852982594980e-02
1.374449499922716228e-02,1.866999983481007486e-02
2.577619069519367367e-01,2.570943064671343814e-01
4.604195589428141527e-02,2.725357979681710882e-02
3.077815224372852376e-01,3.200629433494302511e-01
3.216593903856570374e-02,2.292860563733912713e-02
9.778526617335774052e-02,7.760789877697943373e-02
4.071074945616367374e-03,1.937777638510420871e-03
4.853782312975721963e-02,6.064997906586720028e-02
1.580750396624290913e-02,3.929136121173138624e-02
3.257756371829908515e-01,3.453046628091065995e-01
6.968374025227475760e-03,3.070060952635220598e-03
1.331007191432670433e-01,1.941336045406651112e-01
2.951043348291148075e-02,6.254216588770897256e-02
5.074520813458242852e-02,4.620850629079275435e-02
1.344142791625428830e-02,1.874766560850879907e-02
2.973041626047621348e-03,2.384357054701773636e-03
1.339583815111869136e-01,1.557787223594015447e-01
3.448746739335979972e-01,3.778491080877818264e-01
3.053786839291223326e-02,2.540231965549006807e-02
2.348120865249248967e-03,4.774605334070349308e-04
5.595949696894723241e-02,6.861875846078545338e-02
6.784381871106737183e-02,6.785551669550206333e-02
2.541600170989528201e-02,2.285340001994098924e-02
1.839930053196852169e-02,4.187266558270531097e-02
1.667910262598379725e-02,8.375010373609673153e-03
3.719415095866156484e-01,2.829988122397473771e-01
2.651996113324522203e-02,6.427776082321580431e-02
1.466996310489492722e-02,2.561263993707321371e-02
5.542101230067707522e-04,1.477189668184720724e-03
2.947774590224472857e-01,2.788969057598862933e-01
9.643919451008703403e-02,1.118707365500985068e-01
1.537804896031669949e-02,2.464166440900942417e-02
3.635749775534134476e-01,3.219703713850939897e-01
1.538730116636731204e-01,1.061761925062358752e-01
4.766781844216180786e-02,3.155281497966074683e-02
1.696280210521943499e-01,1.322764366382653822e-01
3.314486876751491784e-01,2.269726146039597603e-01
7.122093519312910903e-02,3.729597512084422556e-02
7.084015101230578537e-03,2.235947557094342120e-02
2.295402072320762779e-02,2.808694188704136466e-02
1.347974287448649167e-01,1.523752276641911763e-01
5.264754759504787218e-01,6.498507230661554335e-01
1.102852176247419158e-01,1.372716602826268006e-01
1.025308429719481475e-02,4.399767857226064179e-03
1.346237073476593167e-02,5.593197871963501676e-03
1.596704602394970196e-01,2.442026458477701556e-01
3.039853728016868057e-03,1.263282387772346645e-02
6.691620846260910860e-02,9.070610177204996294e-02
3.537766912488804049e-03,1.596721614570965463e-03
2.058520288640287854e-01,1.714377971219581409e-01
1.824486111907538087e-03,8.327046424804827873e-03
5.122872299643602134e-03,8.308018279431015132e-03
1.939296034532027035e-01,1.745291280629609199e-01
8.015448519768844226e-05,2.153947835000901128e-03
2.510847586610523083e-02,2.533506053978176395e-02
5.031131026349917879e-02,4.814969846272768028e-02
7.768908762714515914e-02,7.028490411219054379e-02
5.712038920172732986e-02,1.037654066924915963e-01
1.083342757189775666e-03,2.148136073746631774e-03
1.449527058907313093e-01,1.262230799662501235e-01
6.564951258616799623e-02,9.525009490333263829e-02
8.475306894838262328e-02,1.172085375600179502e-01
1.136273480704792956e-03,9.681282057337970565e-03
1.551857352370988874e-01,1.425318143103768420e-01
3.233341969878859024e-01,2.771916194924806676e-01
1.131608283197662046e-01,1.301718841612438116e-01
1.969924209353324240e-03,7.305748173076508946e-05
6.254264965767698803e-02,5.680151538982362858e-02
2.611993321027875070e-01,3.447479175541153795e-01
1.500355097851394093e-02,1.908831987938932814e-02
2.631531197985892542e-04,4.241357208615300993e-04
1.534797238750624723e-02,2.694692278520484374e-02
7.764286409239548603e-02,5.122806363470559787e-02
2.738576777787690361e-02,5.314857703855600801e-02
4.242397615125934052e-02,4.836570030273360660e-02
1.169605875707277753e-01,1.116460562791587036e-01
3.699291196523612872e-03,5.458706250392506118e-05
4.012419610163728279e-02,4.255342185040044550e-02
1.949692438955906090e-02,2.475936693206816017e-02
1.614661832351682591e-01,1.489236715382929732e-01
8.240174344070015644e-02,7.204813425451800368e-02
5.061469746758019000e-02,4.164893444711548903e-02
1.259474444912378754e-01,1.267989882026366588e-01
3.768346540338870111e-03,8.836779391444521230e-04
3.072870190580467842e-02,3.090847575822676732e-02
5.433384348609877207e-02,7.616208548566866243e-02
3.432372251586138928e-02,1.363060906755053474e-02
6.280421091744459693e-03,6.591161512520247491e-03
1.332258262596053636e-02,7.501589427505751632e-03
6.247457433386523207e-02,5.077964938846141890e-02
1.109246277557891965e-02,2.638329003223033320e-02
2.512052734313743527e-02,2.647100250995471082e-02
1.432362462793484725e-01,1.284266283856649316e-01
5.981420185459354610e-02,5.042448579653637658e-02
9.162917007046869622e-03,8.554212122625999906e-03
1.421129122318349758e-01,1.904374478272890803e-01
5.259175045812954674e-06,3.226264640260601273e-05
1.020941943098950126e-04,2.495124592651709432e-03
1.829804485088738081e-02,7.697918540842015912e-03
1.846906376382514633e-02,1.206582462721163956e-02
1.079199943895496200e-01,1.475580247301210013e-01
1.131558674029388006e-01,6.710257529018025247e-02
4.446150437502927044e-02,2.727396026666925252e-02
1.482708623749779894e-02,3.909533863976124429e-02
6.267310517869861819e-02,5.799859247185668032e-02
6.375597623638414556e-03,1.818769430795872874e-02
1.804211850274874129e-01,1.918776969336674076e-01
8.440050891661501908e-02,5.996663253005147382e-02
7.689922784976516157e-02,7.967710595818902619e-02
1.932637000415824424e-01,1.752141753009618663e-01
5.304860927770506038e-03,5.115413300708215351e-03
2.455085398850962754e-03,8.812194719943554182e-04
2.757954683146131014e-01,2.279408607298711864e-01
2.509642775755238642e-01,2.929773075446285846e-01
1.575121125482538409e-02,2.239422665852812064e-02
4.859197201155156520e-01,5.942912214206607091e-01
6.281985160366628960e-04,1.322405168368637738e-04
3.304885048020022031e-01,3.271555473211227305e-01
2.444527130329517475e-02,3.067737768616155339e-02
1.258488639003647359e-02,4.856627831033374573e-03
1.121544936897565375e-01,1.558733785276806560e-01
2.059228844743012099e-01,1.667940493025733828e-01
2.031090922326612980e-01,2.027123164039188186e-01
1.439558468519911705e-01,1.120880951066806214e-01
2.114213988500447394e-01,1.810470555076976462e-01
7.440309967450436934e-02,7.829008919588108240e-02
1.164892835426752267e-02,1.880770663142519381e-02
1.457502211620338543e-02,3.605957601224627634e-02
2.386224253018578989e-01,2.432958524701197278e-01
1.343690218119812374e-01,1.079224076332400833e-01
2.217052336882696373e-01,2.341204271220140021e-01
3.037932646612608312e-01,2.882192485752080313e-01
1.768272618326269729e-03,3.616480072118527555e-04
5.712897292971488850e-03,1.316515358714060498e-05
1.853031795440535318e-04,1.504467181035385034e-03
5.982443523630412083e-03,1.249331712577470997e-03
4.668507458934278986e-02,2.682588709518051590e-02
6.287768160993344180e-02,8.914942870411224352e-02
2.174060789749241926e-02,5.466572403143841324e-02
1.233397124902814862e-01,1.551458640938594147e-01
5.380877959304245645e-02,4.053260943713953707e-02
1.353945717785642834e-03,1.031080531303192171e-03
2.049864439910706326e-01,1.620511300915397634e-01
1.429753494702070971e-01,1.638758697695396060e-01
1.583099505226975845e-04,1.156027309282407246e-02
1.266023112693885795e-02,1.791048954304198804e-02
1.798850188702026398e-01,2.204296832144790608e-01
9.423711050490486685e-02,1.188943418923750217e-01
1.638484675014592329e-01,1.900451724945896037e-01
1.229821082009261712e-01,1.986714524802492277e-01
2.200094482998381576e-02,3.607949603069257605e-02
1.891718501842262106e-03,5.032482620104706964e-04
1.048479760594588778e-02,5.497412763907434836e-03
2.085454884785250818e-01,1.879107626975730361e-01
3.472759955664731852e-05,9.666032960613004940e-08
2.872121575085661085e-02,5.199942314819529926e-02
2.519452373424507612e-04,1.564981270858503389e-04
1.081385785376769437e-01,9.839438766907565581e-02
1.160304466623725689e-01,6.860150405709596055e-02
6.205617162418501686e-04,7.585497603491597100e-05
1.220348623606122979e-01,1.321904619300168504e-01
1.667358074836511675e-02,3.060417616250033987e-02
1.172330415043365895e-02,2.284153736637974455e-02
3.819005327062829913e-01,4.545559963950643323e-01
2.120048089090226795e-01,2.748262109213237547e-01
6.799733486865619514e-02,6.008206570653953915e-02
2.092013446311330547e-03,3.911812926880082098e-04
2.341397639820404913e-02,2.942388917552199792e-02
6.698562813993831633e-02,9.980264012913850347e-02
3.907616347623422692e-01,4.153079063359732537e-01
2.846801321818505648e-01,2.580490263102674930e-01
1.084107174292402165e-01,1.243603202308868061e-01
5.413879185933362370e-03,8.924840001761006128e-03
4.701335472209393629e-01,5.183507675274656723e-01
6.402057414627801424e-02,4.711527484958891177e-02
4.450203130142972863e-01,4.525963330527396078e-01
5.962483202639574584e-03,6.967817072866723353e-03
5.327914066154334181e-03,8.870200213516104062e-03
1.898940876557103086e-01,2.062542834462383623e-01
3.277490773698470139e-02,3.137541332242449466e-02
1.498544606800031598e-01,1.235947584550611267e-01
3.684140982752927024e-04,7.958680059814544905e-03
2.016005062792360913e-01,1.920140393776515464e-01
2.597805858482265216e-03,5.369711096103528883e-03
1.225999573980872392e-01,1.380510991120163788e-01
6.636023806835805727e-02,3.498384653606399081e-02
9.047656479728717963e-03,1.527295322694917704e-02
1.233953913803018665e-01,1.507554615191138980e-01
7.410484494581651149e-02,6.081904309524288621e-02
7.030243759198121292e-03,4.099996823066731806e-03
3.893909047034878335e-02,2.817801817359598393e-02
1.132958274300822632e-01,1.792347398260101810e-01
1.265763726738496596e-02,3.493660913899676590e-02
2.258352793557592830e-01,2.670167198081123128e-01
9.919056076052690241e-02,8.491072490176174159e-02
7.939617394104604708e-02,9.889817809112536051e-02
1.753180422303229555e-02,2.157005218409308381e-02
2.817124307829248914e-04,2.292271231353445240e-05
1.066443447299004338e-01,1.009677378258521802e-01
1.404471119619255248e-01,1.629842845215687397e-01
1.132643471501323072e-02,9.197190589933590746e-03
1.028191837723370222e-01,1.399497814851965172e-01
1.862706733824526922e-02,1.083571795597829297e-02
2.898600834686375083e-01,3.115538815474565570e-01
7.354065543995450563e-06,2.571451814970309108e-04
7.380025167910667094e-02,6.615217095424241744e-02
3.386862739361258257e-01,3.540551035944274894e-01
1.699983868543156196e-02,1.660809750577856708e-02
3.470776852719007488e-01,3.319708390831362377e-01
1.976108592404928962e-02,1.074897362164064368e-02
1.436451425704310739e-02,6.088513879067848286e-03
1.902441587742562668e-01,1.717552066854805271e-01
1.793300954029500641e-02,1.395338071517558502e-02
9.243735827430484692e-03,1.603609515570088989e-02
1.576036714655621174e-01,1.580133473732887595e-01
5.394965766348542121e-07,1.926208131960717418e-04
4.190509009693235698e-01,4.549095066467758186e-01
1.022524731365656026e-01,7.249586201217818326e-02
3.924598090749791823e-01,4.161869631703118411e-01
1.953281886642297543e-02,2.330087740661085371e-02
2.343434123278090864e-01,1.796716971941267060e-01
9.559757180946133748e-02,9.251134969926180784e-02
1.920931763036718976e-01,1.697859415989111387e-01
1.859057561466628261e-01,1.663791744712321274e-01
4.830655298885925403e-02,9.419175219055436754e-02
4.065949526193686839e-03,4.212988128856069020e-03
7.831553275821543335e-04,3.574924418834279048e-04
2.221321420276145889e-02,2.664968173355874992e-02
2.736323312585801351e-04,4.370519962685839692e-03
6.548441334569631879e-03,4.938170447631116608e-03
5.485507953694643279e-02,8.639248422616171985e-02
7.086499298567591233e-03,1.896837815136441160e-04
8.963912671929922388e-03,1.084360866585256516e-02
5.458651302836781127e-02,4.481028092045564321e-02
2.013222297820649320e-01,1.988893495881823570e-01
6.893853967112028615e-03,2.200033035102031635e-03
2.522279436999854199e-02,3.468428666599274179e-02
7.018395521290324355e-05,9.434114620177604394e-08
1.206031387776684283e-01,1.144590446342126644e-01
1.040776626575373731e-02,8.482443848694671065e-03
4.157692026245760064e-03,2.466889350848518094e-03
3.897978929578916479e-02,2.375721249909524754e-02
3.901663223591550489e-02,2.902175609745482471e-02
3.009336015680462179e-03,1.533592030247858055e-04
3.327065356798074736e-03,1.429366674451302416e-02
1.063484879147511136e-01,1.386667347478934553e-01
1.684898071353446714e-01,1.303189081508267233e-01
1.565343269143671667e-01,1.676268664759276994e-01
9.748712101217400436e-03,8.492347882766258446e-03
7.332475873556995810e-04,1.987694955833326036e-03
1.985841306777280380e-01,2.516052171777651281e-01
3.830427549674436105e-01,4.273975314116543744e-01
1.089664902469589247e-01,1.180702736384072610e-01
2.619743869969744145e-03,6.058145245923731922e-03
6.575385303563693819e-05,4.466630962986870988e-04
4.568992996302859849e-02,1.074402993024144853e-02
2.566947879490940818e-02,2.473815640724654971e-02
3.025775691602896472e-02,2.398834525030844531e-02
2.289274469536132228e-01,1.833609155103980981e-01
1.170107886473912839e-01,1.262166755928729456e-01
1.421901160117300389e-01,1.353693989169382494e-01
4.432374705399851067e-02,4.307968921094018633e-02
4.572896004903811429e-01,4.724481616852264088e-01
1.968901868275156619e-02,4.442569319533227340e-02
1.234173628264314138e-03,2.827129804508840896e-03
2.668131947287601113e-02,3.820342027426575082e-02
3.420833947793078689e-03,7.345856278775309695e-03
7.381631874724456366e-02,1.529663708322976656e-01
1.134186874378651094e-01,1.052306798742690258e-01
3.531173184034563928e-02,2.548842139086825859e-02
4.183100350996590139e-02,2.695571035274828622e-02
2.353667083190983875e-02,2.291686240839857155e-02
2.977982870154483042e-01,3.645166707537744188e-01
1.489179068549963212e-03,6.198694999097637340e-03
5.076997347869236649e-02,4.893891627826234270e-02
9.292129419011760372e-02,1.027745973156199699e-01
4.525783580153925484e-02,5.603686024210417088e-02
1.912337479732671153e-01,8.463609047728702650e-02
6.673425749662680040e-02,4.777490169127536490e-02
2.469276191164844203e-01,3.050343447261233409e-01
2.056716910962981537e-01,2.406734386557265737e-01
6.334935184096317506e-01,6.819032631293466817e-01
8.718193034310246434e-03,9.557481411627483450e-03
3.543729254998585071e-02,3.327965811863042161e-02
2.067083156082453188e-01,1.656953423139175818e-01
7.487990305184766271e-01,6.881752463999756264e-01
2.569374084201236225e-02,4.654834420494802921e-02
2.630627166879088152e-01,2.974915385264966794e-01
3.458215281776217537e-02,3.012400587282615394e-02
2.426782825395203957e-01,2.242341139739627842e-01
1.997230701407654851e-01,1.788318667405873474e-01
5.579371302949581723e-01,6.520310594157305850e-01
2.382636438578960847e-01,2.310196073281269580e-01
5.844929989545935567e-02,6.624709588878811839e-02
2.460853638198907262e-02,2.213897737838889379e-02
2.586597883317309221e-01,2.094009887366514999e-01
1.327099184221807880e-04,1.267741433921771741e-03
1.795824398272470590e-01,2.135414623097841857e-01
5.593715664895738682e-01,5.897331030253832873e-01
1.165865572653159744e-02,5.015623216042001953e-02
7.961126701925594319e-05,4.257707044582020157e-04
7.073544968095395701e-03,4.740715014924887119e-04
1.103680728560559321e-01,6.759078753347003143e-02
1.366185736079128799e-01,1.963304401781345854e-01
1.630036395997091526e-03,9.060343642145245397e-04
3.739401886700383787e-02,3.231411636800649717e-02
5.553504290770341304e-04,9.034364593481073770e-04
7.362088846522293895e-02,8.448420731491279589e-02
4.047831575370285373e-01,4.303518938675815475e-01
3.878878613516412860e-02,1.743316539195164522e-02
4.546215652112901157e-02,3.620458614982491330e-02
2.327125668852503826e-01,2.492418702091485638e-01
2.996581596582643670e-01,3.233481717978143322e-01
2.745352846457685143e-03,3.688893847534388537e-03
1.575193727855915549e-02,2.726798363109310397e-02
1.918680427793563459e-02,4.082344400471716022e-04
4.649691449750462113e-02,6.883832678044608799e-02
8.865744880222187208e-02,9.458144328083252506e-02
2.355492499504673876e-01,2.439408212594899317e-01
3.544986233353817351e-01,3.449194087182703150e-01
4.884687807980813146e-01,6.665545105242475232e-01
1.308617227232235503e-01,9.172187934867195858e-02
1.258234359624483822e-01,1.697483599485641592e-01
1.085358257612515157e-02,8.988974162374560248e-03
1.380587138304840422e-01,1.971575724874344293e-01
7.721936656050397418e-02,9.102706703148688572e-02
3.810795459055008050e-01,4.106042275524641183e-01
2.551623691064828711e-02,2.453588469725963978e-02
4.014723722289262331e-01,4.605840969086463232e-01
9.320083576704890627e-02,8.768582482459977290e-02
3.363235222685156400e-01,2.811318185880425924e-01
4.628617796300919102e-03,6.773779175540182822e-03
4.316649809997048152e-04,3.953836928238720224e-04
2.090907569033488567e-02,2.255336468425870808e-02
7.428110216918652753e-02,7.955956441087594366e-02
1.507394004621231132e-01,1.406877298306699609e-01
4.033552751826974814e-01,4.348562914196213991e-01
6.717259374741593736e-02,8.958768793484010728e-02
3.960151940459263886e-02,3.726126132473980140e-02
1.047443379357930124e-02,2.015233692348167988e-02
3.686563015748212102e-02,1.858426821102685672e-02
3.847857993285729306e-01,3.658952384679079461e-01
1.119497519516813103e-02,7.598514620844071255e-03
1.808817431765809280e-01,2.414188561735044480e-01
1.948306328551953071e-01,2.034215099873617205e-01
5.875660342199131225e-04,1.378505583093045224e-08
1.716132798707877168e-03,1.591728265268063528e-03
2.925945067979153213e-01,3.566719748826687186e-01
7.515091276282231253e-03,4.031298703453380095e-02
1.185562697892928036e-01,8.419919897850777768e-02
3.204353580749001035e-02,4.874010520810963948e-02
1.815459820448298567e-01,2.320240767369125268e-01
1.230176579825093264e-01,1.664272057295789198e-01
2.873953561896215314e-01,3.247427451194940251e-01
5.392444668608693814e-02,7.845073605319484444e-02
7.530359854110035833e-02,1.077170562334250348e-01
1.104845169311916182e-02,4.699514516984484858e-03
2.866657970832704461e-01,2.832280778554824852e-01
9.017480152715992570e-02,1.250183296273432165e-01
6.508486295369539116e-04,2.367416368478462635e-05
4.155324369682893149e-02,9.124268177133490476e-02
3.716659294057737539e-01,3.925262136750620190e-01
6.092291555938199234e-04,2.067596489083806111e-03
1.477248246998482673e-01,1.793956031946891683e-01
7.548615746718912237e-03,6.046245126715361733e-03
6.917125901277554334e-02,4.994706455908025367e-02
1.349374879924232773e-01,1.489779457888798786e-01
1.799812911797175341e-01,1.284524830685809804e-01
4.109557687333090931e-02,5.007263905093026907e-02
1.041318693240884108e-01,1.050097249429185614e-01
1.484009267549798727e-01,1.681801965762533269e-01
3.047542073829871342e-02,1.666717479318385528e-02
3.571067667233096543e-01,3.348741037846829083e-01
5.577143813387293834e-03,2.689822623138762620e-04
8.717299366698431570e-03,8.757778672381043988e-03
1.586634350724812348e-02,5.066733276276261114e-04
1.463775090203822959e-01,1.666930365513242529e-01
4.283930886466469912e-01,4.588962806378283910e-01
9.421046368929353321e-02,1.331194413357145168e-01
9.973815861486949597e-02,9.549130959012992748e-02
1.886538381594088680e-03,3.056609730287935221e-04
7.301616812240546879e-03,2.179129032380459127e-03
1.647808311005108661e-01,1.687972563289343864e-01
1.075163682581120952e-02,2.609280068982625447e-02
2.076287487756826866e-01,2.471237469821329913e-01
1.186294568148871104e-01,8.664431141531481195e-02
1.243396970119955459e-02,2.578941243678121650e-02
9.278658392187816257e-07,5.459670054436402886e-04
1.069418671123411983e-03,6.439866221802130952e-04
1.187219050454703245e-01,1.486245784197422481e-01
8.620112206938977673e-02,9.940769908093495533e-02
6.176623407468073007e-02,6.106070697036872913e-02
3.911593211422892957e-01,3.787247456040409577e-01
2.252886746962233511e-02,1.937903378749683894e-02
2.272134479309282640e-01,2.065788213130572981e-01
1.895433261522668671e-04,4.570486788361864845e-03
3.813175211387867525e-03,2.413498577245459450e-02
4.538592052977726167e-05,1.105948721700757901e-04
8.344820848930349644e-02,9.197293014861250560e-02
8.630174234041609882e-02,6.381802380159017074e-02
1.041375234295996779e-02,1.031745815184532608e-02
3.080057133480893633e-02,3.465964595322550135e-02
4.447940559115393794e-02,3.962028482278042579e-02
1.460069567514164224e-01,9.066816650180833936e-02
1.001165694223080278e-02,2.442092046720155049e-02
4.274399354285848829e-03,6.965486209432551062e-04
7.070277737742378284e-03,1.227544715981002685e-03
3.467748001524432744e-01,3.146774522468175350e-01
3.256936459007710866e-02,1.947924474029233410e-02
4.562255697460059212e-01,5.282067226353079903e-01
1.533879642314368019e-01,1.791397724816660708e-01
1.125442559303593132e-02,1.815009036932345096e-02
4.828622767887646300e-02,3.684313394864940916e-02
1.060129994276310245e-01,9.736635475077223822e-02
1.138726622048266551e-01,1.398642271881416210e-01
2.235565527862269294e-02,9.604228795427226933e-03
5.666459689964621627e-02,3.204822229909187747e-02
1.539383761311425292e-01,8.178159363994756681e-02
3.955557234681795348e-02,4.248582955744797246e-02
4.058650889494392656e-03,4.541566976980584459e-03
5.739179817885307205e-02,3.799350947169804343e-02
1.306071543693033410e-01,9.910040378459733512e-02
3.250377644823761875e-02,1.764410998918289689e-02
7.441350117822010182e-03,9.989892961047743339e-03
2.890007393921761522e-04,4.888217674599663713e-03
1.858588868891882656e-02,6.745524195082546609e-03
1.166879040844174230e-02,5.560451499055486281e-03
1.382975025033306715e-01,1.946316479427076251e-01
1.412578592070164174e-01,1.338933558974966798e-01
3.758885480969951370e-02,2.581960191845191974e-02
2.561872952667921047e-02,3.718827154572194177e-02
3.353789396084776997e-01,3.517686768807034570e-01
1.123093617139840905e-01,7.015226405464437820e-02
2.265110654989297562e-02,1.607412206559090048e-02
1.536512347355777908e-01,1.410317407078567620e-01
5.795957638132650386e-02,7.463599235525489317e-02
1.324059394521371613e-01,1.623173992566584178e-01
2.940203419985110700e-01,3.220705900097748930e-01
5.640906208183700532e-02,2.071404989912968564e-02
1.638771770836395039e-02,1.187725328109030115e-02
3.772942125203835317e-01,3.130960620233662617e-01
1.724736483920457156e-02,1.888735071035490404e-02
2.570558795535399926e-02,2.395659985986168042e-02
7.937822188897532575e-04,1.181462680130215045e-03
1.286084372777236348e-02,5.839747796247165591e-03
3.337958199395993451e-03,1.103108298389180982e-03
1.647198992939720996e-01,1.579505179920543123e-01
1.784332429753235675e-04,2.607922195459435027e-03
2.389623997266254185e-01,2.098248305525891311e-01
1.887068597920872528e-03,1.241822747632318966e-03
6.799065629508940778e-02,7.749234197977418470e-02
6.214369059791725880e-02,9.454430378200269491e-02
1.599433154880353439e-02,1.562761479646938151e-02
1.030247682426432554e-01,1.156787093096245111e-01
1.834589003186294087e-01,2.009859133576027412e-01
4.436995068049312822e-04,3.987331614276972108e-05
2.813732569953793505e-01,3.002725286741061428e-01
3.523540948940686365e-03,8.004235797745741163e-03
8.565465633965292647e-02,9.601005411628849018e-02
3.558946091294976771e-02,4.581638194846414380e-02
2.959676203264331451e-01,2.950464947319151876e-01
4.716904257242946624e-03,4.393626952532770844e-03
7.670334138537224233e-03,1.069168897891535110e-02
3.609527983489113079e-01,2.939671067306521834e-01
1.217555958216130357e-01,1.148310873891790485e-01
9.495184317002340613e-02,1.147562738708182151e-01
1.015448376396499430e-02,3.292696698192780491e-02
6.042537930874245511e-01,5.824174736322942358e-01
9.256228018918621903e-03,1.589066118800265071e-03
8.676765995957542998e-02,9.588728423608879059e-02
2.862097338122746720e-02,3.106960667526905036e-03
5.459298976363595735e-01,6.059854472812072901e-01
2.256350300023629851e-01,2.097570865510470783e-01
5.500224059393614764e-03,4.645129510836545276e-04
8.485069114800000700e-03,1.273722202764818005e-02
6.050686696094468957e-03,1.300377102459336805e-02
7.778815710324823995e-02,9.354894368116450920e-02
1.154857075467400490e-01,1.201133973347893596e-01
9.859961213622434051e-02,1.476200260179401369e-01
9.395529361008923830e-02,8.343852711560802160e-02
6.623309864257380906e-03,4.327012382424210335e-04
2.207690884864468503e-02,1.355095848668775617e-02
3.851576900992800118e-02,7.908266256384148540e-02
4.198283534990314718e-05,9.104620036581034109e-03
2.741080095419550638e-02,1.920788609829355426e-02
2.013941551587773715e-02,1.282498503346979346e-02
2.714267499888106672e-02,2.866346338506320021e-02
8.243035008439138223e-02,8.852733958718214669e-02
4.373575823635310333e-02,4.056300346392630041e-02
3.440690252568302798e-02,7.070374831956117989e-02
1.773547647320928948e-03,1.419594864297238314e-03
3.205892125674917464e-02,5.639543576796195168e-02
8.251607467823221520e-02,5.746146973880722486e-02
4.718809817181498709e-03,7.539762350477393618e-04
6.525027732476071374e-02,5.699669972015390662e-02
5.947060069103342513e-03,7.792576328952905557e-03
4.854545826477279884e-05,1.236684393347617979e-03
6.069498732773044250e-05,2.214662543075112712e-03
1.203639575076018674e-02,1.140548502753939084e-03
3.167370410797729630e-01,3.467752483104290517e-01
5.816103975500808154e-02,9.523625231253847467e-02
1.139690590178605856e-01,1.110922955693337544e-01
1.289339264497574855e-01,7.344061041452162875e-02
7.103422678233446697e-02,5.200852400140727749e-02
4.547225409643502192e-01,4.681455887940617067e-01
2.431980399719560482e-01,2.690145970124036001e-01
5.778626726059069019e-02,5.726136800283952027e-02
1.321210886603148976e-02,4.140658551958414924e-02
4.333397064057797378e-03,5.150155690617611720e-03
1.768671639923135295e-05,2.294473909094223727e-04
1.091259321371962484e-03,1.529530813135669611e-04
4.426028077896190099e-02,5.592683798529526212e-02
1.231203422103629638e-02,6.496159010671716597e-03
9.528048811928123418e-02,9.430031846954697872e-02
2.633661977029927697e-03,4.564773222757202167e-04
1.123310972829847688e-02,8.667626078506907028e-03
1.053737613964650238e-01,6.535175525408425112e-02
2.836630538748790772e-02,3.334694107892439280e-02
1.351491035015659273e-02,6.236531720342772429e-03
1.026621536217573238e+00,1.055119425177666326e+00
1.635481842537712949e-01,2.024781420583274261e-01
2.141916931704830607e-01,2.255568589819506586e-01
1.236992731296364043e-02,4.242892604181668081e-03
2.273674931833645149e-02,2.668187620617585784e-02
4.806189819212602909e-03,1.094236732245973572e-02
9.448811878941308293e-03,1.193220642093588586e-02
6.637574847337177238e-03,3.074968701955798581e-03
6.919739832323086592e-02,6.109428704339613797e-02
5.414982156036188959e-02,3.559913982873258963e-03
1.575414577386241577e-01,2.134877032278209019e-01
5.375496611570949705e-03,1.090358831336444255e-02
3.739304373719120611e-01,4.130617405177521850e-01
1.898720276647771210e-01,1.737777721244464502e-01
3.963963846495040938e-02,4.999440436273402261e-02
3.612278238321917773e-03,9.518000791381379250e-03
3.711774609543043446e-02,1.481490529595613954e-02
1.591083885511321294e-01,1.688483690628360678e-01
6.273897000823629166e-02,1.026445617657757298e-01
2.401618031620477941e-04,3.047266244690901085e-03
5.194912515909010098e-02,5.879366212100356481e-02
4.962777434484493683e-02,4.361663186966164424e-02
1.128651728447162663e-03,1.044282594989121287e-04
3.232582577551690317e-02,8.503968835676502594e-03
4.348607177979931654e-02,3.193685530095327629e-02
6.305398847863773193e-02,1.093773941398276384e-01
1.436592609547555077e-01,1.661126694948802385e-01
1.400426594034600777e-02,2.946036861948973101e-02
8.294170441022631624e-03,4.250422360519447856e-03
9.455531440528949783e-02,1.474081225805195516e-01
4.789328772734196410e-02,2.710333694076911409e-02
1.974371925274366613e-02,3.199048000978370332e-02
2.572692148427646597e-02,1.820379163178978063e-02
1.502527867189076827e-02,2.023310122916012824e-02
2.318216977912729987e-02,2.103043332285154179e-02
5.158943739013522288e-03,9.426128750702863351e-03
7.779117464796717063e-02,6.157444794074921207e-02
1.864359171634092510e-02,2.824458168438327005e-02
8.084462911623942205e-02,1.220753979777535747e-01
5.723088910104305593e-03,3.517895714782870442e-02
2.806102792298569293e-01,2.900657013095849224e-01
8.736123737295670155e-02,1.018269019068758358e-01
2.308327988674335404e-02,3.594884130400882727e-02
6.719220059967352665e-02,9.210136097450635773e-02
2.381381784323405304e-01,2.137415071228599417e-01
5.788373897266212154e-03,3.897698287101555425e-03
1.019565155209607808e-03,1.883606947557053130e-03
2.507620490552055041e-03,1.627153310909179237e-02
4.634241396467711535e-06,4.799414204317314914e-03
1.367004260568318030e-01,1.014340851669356808e-01
5.964536865592154902e-01,5.088786534504297077e-01
1.119094233641496072e-01,1.315600524919500469e-01
6.759569268479943133e-03,2.714599566660032964e-03
4.817288868575359830e-04,1.028073833752864716e-03
1.492259098234724295e-04,6.135727559713424588e-03
9.954927690751950997e-03,1.058414249892076706e-02
1.146789698661503654e-01,1.085294487112747897e-01
2.769438188870658804e-02,6.158523525173856955e-02
2.670116271954618981e-01,2.984334865731111397e-01
2.318195891425730779e-02,8.998882335025404702e-03
7.653378698783208645e-02,7.670223960249616946e-02
7.449710528933954634e-02,5.369115132662150708e-02
3.039661640729519540e-02,2.526538098443671665e-02
2.592694632679364702e-02,7.027867887184361707e-03
4.122164416867991898e-02,6.418551302700852002e-02
4.545465725838542664e-02,3.992779854796267569e-02
3.834071588643532557e-05,5.737996601537785277e-03
1.584333333401374000e-01,1.145665139138790228e-01
1.794363559272638391e-03,8.632407732070251569e-03
1.692244350969988043e-01,1.549473913523279900e-01
8.460146831250719285e-03,5.454627500264716891e-03
3.039806457260470496e-01,3.489068071401498217e-01
6.658234321753947992e-03,4.547755635069114163e-03
5.020118588571972906e-03,4.106866464763392083e-04
9.675995904195232311e-02,1.262299304884297591e-01
3.909246368705595470e-02,5.031473532990828057e-02
1.111170684760714143e-02,9.913323436082045401e-03
1.615139492948107214e-01,1.532974162967876697e-01
9.750205856031730900e-02,8.417276698423463432e-02
2.782785195061137640e-01,2.418702656399877582e-01
1.821163997186771855e-01,1.976150104750886982e-01
3.140424527240638364e-01,2.290702999083207569e-01
2.805672765902465435e-02,3.657451333670683202e-02
2.175907914148438385e-02,3.415017699726123623e-02
7.431710647715646101e-02,8.480522404634341371e-02
1.199795776002401948e-01,1.069456054551390783e-01
8.845662457931507960e-02,9.173547651261465541e-02
3.790409793587692228e-02,2.785294650798978214e-02
7.033746099929069628e-02,5.750175829304848135e-02
4.019738169970754615e-01,3.843179005176186047e-01
9.764200171941583850e-02,8.179355317675716941e-02
1.194709484354952445e-01,9.873668403475699407e-02
2.662581830030546354e-02,4.258711732328777227e-02
7.159075368841397169e-02,9.611820342992581645e-02
9.083937494378398203e-02,6.417762853706958370e-02
2.143692085428547736e-02,1.555183972435112381e-02
8.562101627332703579e-02,4.745450625318218402e-02
1.133746261291433827e-01,1.008381109034370560e-01
6.187698583508589173e-02,4.433462337985320106e-02
5.704248176217625865e-03,1.180766970505345986e-02
5.579714962967150665e-02,3.669571509175746649e-02
7.261349438789202514e-05,3.350181745765586907e-04
2.364466691295555589e-01,2.487975638420620583e-01
3.061006313554652525e-02,3.923231419630275607e-02
1.731854366082040408e-02,9.335589965627969986e-03
1.689514796465089452e-01,1.218008897115013950e-01
3.076137500314609086e-01,2.768562059668218667e-01
7.010148585888724693e-01,7.602928861413466022e-01
2.952063442793932332e-02,6.272909372707050069e-02
4.082314843049446307e-02,3.498823433657732851e-02
1.012165006328383660e-01,1.120894034153276236e-01
6.418576121898719039e-03,1.206035552251292489e-03
3.014128330325676827e-02,3.862064440979829510e-02
4.893025656236620752e-02,1.116175636980859809e-01
8.685289864154219219e-03,2.218882407652871327e-02
6.709534281666976741e-01,6.820884695746184390e-01
1.212947495606971592e-02,9.358976443010215071e-03
4.952449205063613746e-01,4.883838177002156056e-01
1.237624039280566142e-02,3.608086999420430461e-03
6.635769338917038226e-03,1.080148762143239537e-03
8.011864281394459608e-02,9.220788271510219070e-02
4.750868085771074723e-02,1.972709470577325985e-02
2.916639072990382386e-01,2.898880254355091779e-01
1.113939812455523072e-02,4.311978280489220557e-03
1.594479220336311384e-02,2.487382970549273722e-02
5.175396098814547680e-02,6.478281403756452894e-02
1.517600165322359473e-01,1.697128305880160060e-01
6.380884875267549272e-02,3.341145666588625496e-02
3.312853828037068404e-02,5.443438420539524480e-02
9.661996363881347749e-02,1.153160535251154251e-01
1.444209232721817004e-01,1.557154583706940321e-01
3.751213620310385188e-01,4.234690065151799909e-01
3.653456470942071516e-02,3.846212172793335438e-02
9.123836521397210575e-02,1.155923528218311125e-01
2.427123985915298141e-02,9.811914110114800663e-03
1.415314772302167859e-02,1.233241411770388991e-02
1.241418367344816580e-02,2.623237628243908336e-03
4.629077814287262810e-02,3.208896667928286955e-02
1.647556339458844388e-01,1.470784000442805772e-01
8.025197224100621973e-02,6.779009952480784251e-02
1.316812672833888968e-02,1.763097711948572940e-03
2.009553374407171272e-02,1.831358173538947046e-02
2.255953963159412490e-01,2.048015995258127553e-01
1.713190051756340038e-01,2.359779844710460928e-01
2.349597711200921146e-01,2.370513903179238546e-01
2.049022166142876102e-03,1.288612856604471994e-04
4.220762304958330241e-02,3.418739814160615120e-02
3.945466810527457902e-02,3.368097848042209824e-02
1.540181540407712171e-02,2.363699044440801048e-02
9.344960578109259841e-02,7.275954019197976297e-02
2.437164526757881061e-02,2.368626290672692578e-02
1.917235163962691114e-01,1.759156049779437014e-01
1.856785584896556568e-02,3.201495639526164699e-02
4.463772455644794690e-02,2.287996159426310128e-02
2.460559332343485034e-02,1.396943120860697808e-02
2.108450458237534353e-01,2.294057821053377411e-01
4.283285110484123526e-01,4.325826490653770784e-01
3.169050494835650615e-04,3.334346109626321769e-04
9.226467314186033658e-05,1.185040823806514159e-03
3.316580395655061020e-01,3.671684812513626994e-01
5.839155317304151743e-02,6.541942726453336965e-02
8.913588353292589694e-03,9.506280126358949978e-03
8.915966198500597031e-03,6.453951713062935393e-03
3.170806088530861433e-02,7.979534289785594758e-03
5.334246262370882785e-02,3.529907396123561220e-02
2.846865984075774153e-02,2.344149412413679481e-02
4.571785665037089164e-01,3.672880095849346271e-01
1.458220500014392740e-01,1.237184131681966226e-01
1.027546568308195137e-02,9.187949187931305009e-03
3.590332532254629809e-04,1.222455732316059468e-04
3.178954145360465833e-01,2.865865528096105952e-01
2.042414401139203139e-02,1.995888835884626622e-02
1.578591454377938907e-01,1.637216420279064277e-01
1.650818785836357175e-02,7.593286732460773764e-03
1.000917564852965985e-01,9.031522387122015161e-02
7.566969078176347119e-02,8.761677292420902430e-02
9.576571308769875335e-02,8.801870610662865246e-02
1.016294460129779122e-02,1.032644169631011244e-02
1.211134043861610055e+00,1.180969292324075992e+00
2.773694422925042369e-03,7.534648964703325597e-03
7.663176054606385401e-02,9.934011341801396444e-02
3.866644224505873337e-03,4.433586821916783976e-04
4.605283005642672040e-02,4.009175094334284373e-02
8.520193327138569916e-02,8.198440123130257273e-02
3.805657218970754773e-03,3.642791555494085017e-03
4.108205755520127900e-01,3.309984566078003621e-01
2.290635717436158986e-02,1.815067006021159682e-02
3.650558624119148304e-02,2.312012750869658212e-02
4.696997457021223621e-01,4.987021859444815686e-01
2.856977203147499367e-01,2.846368037194235145e-01
7.451284189545699377e-01,6.445049193023089096e-01
8.046282526723751438e-01,9.055826039276945183e-01
7.783541463778019531e-02,7.997922371404803110e-02
3.123662818978801149e-03,3.072989881434861226e-03
5.960055760595135005e-02,6.231859373069821573e-02
5.007958639887670482e-03,3.187512575353595914e-03
3.309171090773420087e-01,3.188769411396646936e-01
2.614199909559726531e-02,2.100861004279594782e-02
5.204018231210358336e-02,4.545726888420580092e-02
3.029107725842599525e-04,5.900448903723473839e-07
2.926204803890004591e-01,2.576506983574949894e-01
4.602373187143105754e-02,5.212801539706319459e-02
8.303830665859679439e-02,9.072375880370997514e-02
1.966660696811051989e-01,2.165308297189137143e-01
7.279380224680454155e-03,5.403147690042442094e-03
3.660615230709539092e-01,3.626144501236840956e-01
1.588987791258378648e-02,1.449949900852940711e-02
1.003191306172921370e-02,2.320261241511973119e-02
1.063971037330711938e-01,9.021711796956734253e-02
4.476566042039219206e-02,2.460120939162899548e-02
4.093603338647804762e-02,2.787196820763408397e-02
2.820975882095659304e-01,2.889868062681375527e-01
1.814811661927094866e-01,1.701858543424531467e-01
1.486812750941283231e-03,4.252610052985579016e-03
1.662607561827697533e-02,1.563056516973089505e-02
3.218167597986796007e-03,1.318246682131389482e-03
6.459963285586641131e-03,3.198566517125514194e-03
1.017702862990288587e-01,1.065366804409011992e-01
6.244077727957994539e-02,7.829219429539339969e-02
9.536255595988880256e-05,2.171845017329232877e-04
9.248031135270166903e-03,1.623567983321768868e-02
3.333896690588540879e-01,3.448877792778354268e-01
2.920914888623541003e-05,1.675179200726843298e-04
2.480797556033155146e-02,1.395102826479386812e-02
2.851126091175684024e-02,5.405855276172776003e-02
1.824573918257163530e-02,1.224993649299875760e-02
6.462122727391266842e-03,6.847306645301088658e-03
1.131040883564473493e-02,2.170133332828298733e-02
9.845866101401021253e-02,1.238722193431710528e-01
6.401762747323595792e-02,4.826588046162454126e-02
1.647884880309551450e-02,1.914217324176681681e-02
1.399032843857972441e-01,1.584791008060445761e-01
1.000705521945199072e-01,1.177249531214891870e-01
2.717851032247604048e-01,2.995868314507984520e-01
1.080487864576438611e-01,7.693691410860814539e-02
5.614406215359985658e-03,1.702839825656608796e-02
2.038243937362875235e-01,2.478805605748040097e-01
2.865906766795173755e-01,3.225192405794065076e-01
1.442741434949637060e-02,7.035000932834253873e-03
1.440098927118653727e-01,9.777217039260366338e-02
3.492578289627589205e-01,2.986520167257671887e-01
4.245440761686635756e-01,4.012523391329990141e-01
1.380299405971304946e-02,3.955757211371355164e-03
4.901945256697635284e-02,6.322675679373455926e-02
2.211742579846292800e-01,1.742814552014892993e-01
1.964124298377462330e-01,2.494307358470947700e-01
6.645328109198904952e-04,1.396016304319736652e-03
5.911887928157358862e-01,5.472429192817792609e-01
2.548675398806726430e-02,4.171425221716723586e-02
2.592498664646349926e-01,2.506403549764180672e-01
2.229349959757628147e-02,3.545475856837493334e-02
7.917831752678892998e-02,9.699618310868236837e-02
2.205711817988693368e-01,2.163738936906029475e-01
1.547973605865793079e-01,1.226007804763548509e-01
7.478961631232793061e-02,5.627287959285004471e-02
8.200162569504991505e-02,1.095905995834609015e-01
1.465731475879608892e-01,1.543959710398482843e-01
9.711207209282006134e-03,6.684997434107086897e-03
1.704158765882482773e-01,1.400106666893955465e-01
5.726363034093242405e-02,4.392390196578856154e-02
1.514502559311460828e-01,1.103401020225168450e-01
6.312057158402502310e-03,6.636868835119826351e-03
2.814019372162930299e-01,3.125998979645448483e-01
2.602260716606836777e-01,3.409268730223282695e-01
8.440926000046194977e-02,5.587592942120971073e-02
1.046015266089629775e-01,8.524061322373106819e-02
4.182102060091249379e-02,3.012011458536942299e-02
2.991287261735595809e-02,2.101523623331091536e-02
1.560208605650260927e-01,1.696037581918681814e-01
1.627505297158655549e-03,3.261383639850024441e-05
1.807570951791810099e-01,2.039754456390363846e-01
1.358481535372740856e-01,1.859160853800073676e-01
1.142925107249569971e-01,1.133643059934033859e-01
1.218858032814199577e-01,1.268941376870530158e-01
2.333895814036366853e-04,8.493619992207974631e-03
1.663774242949590254e-01,1.995873339559126602e-01
6.200265141923041318e-02,5.626828912811518424e-02
1.873332599552738481e-02,1.803271077621792021e-02
7.823389309581983350e-03,4.035983644902790823e-03
1.244675472789500727e-02,2.366187201754822028e-02
1.072056148614459192e-01,8.781112797112815282e-02
1.610484955499432713e-01,1.523585304136926555e-01
1.080950504452419516e-03,4.741740173066058377e-03
6.097252112900076494e-03,1.580738073738868765e-02
6.565693512393509790e-02,8.624302147108507677e-02
7.039182710529590103e-02,3.645180930247131357e-02
2.597489976687769597e-02,1.447772288401906644e-02
2.280863251964571417e-02,1.250859451082512834e-02
3.448151089665613817e-02,3.316927572054587797e-02
1.815513421779252345e-01,1.854010494196095260e-01
1.051176603016555633e-02,2.197089748504023679e-02
1.616164904364371935e-01,1.794362062517326495e-01
4.445616012722258814e-02,3.717363162886116318e-02
5.811611613257786080e-02,7.612184255364717878e-02
1.355361610070182979e-03,1.155464024403825811e-04
4.804090337431289950e-03,3.784102469053449852e-03
3.266950491315566592e-03,9.591989777867291614e-04
9.018396051301761154e-03,2.993288306887490445e-03
1.613880890391920396e-03,2.092385765848876278e-04
6.216077783150605190e-02,4.993529493575075279e-02
8.090764141215726901e-02,9.896437858329330817e-02
1.672049681667463483e-01,1.439386652221688601e-01
4.737631347284759070e-03,8.487865781492131027e-04
1.619691579023881389e-01,1.377338074577654226e-01
1.324871559924210296e-01,1.505689685027730151e-01
2.323317491670156068e-03,9.555366596877819610e-05
2.244316543782291003e-03,5.088678141258883188e-03
8.254863310762242112e-02,7.698371591397111524e-02
2.117398306982616260e-02,1.474568185298111636e-02
2.158053955908825483e-01,1.819991228537914119e-01
1.782513946399212068e-01,1.907231689712186040e-01
1.746762805926952789e-03,2.600152692193862664e-03
2.313475471186278720e-01,1.751168326578786127e-01
2.047207985056641311e-02,1.601580127083629748e-02
1.912927573638033840e-01,1.932486038586893329e-01
5.036267845642545659e-04,2.906451273525215932e-03
1.137651666611712601e-03,3.258319276724122369e-06
1.397226366345058349e-03,2.375840617075260187e-04
9.556853136907021012e-03,4.706102311805994420e-03
3.289058793444255002e-01,3.730074313724294766e-01
3.486600567167007225e-02,3.665079285542668236e-02
1.251695975670208058e-02,3.354687329146308072e-02
1.889340081901721502e-05,8.876625077048198626e-05
1.123847596403124149e-02,8.393618643652246344e-03
8.164838013298992767e-03,6.371982704487460548e-03
4.666337044105461906e-02,2.355552917163308488e-02
5.820080240175098257e-02,4.579794398865738581e-02
4.019348534043822030e-03,4.823122398313436053e-03
6.234595445300240568e-01,6.026751815225782627e-01
1.789035416434739678e-01,1.201334789444466755e-01
4.283811205308851733e-02,4.793064364662374260e-02
8.058635427768334400e-03,4.859626906484105363e-03
1.564810457787355405e-02,1.801415641056279549e-02
3.120605849463562592e-02,5.605718611844723309e-02
2.588476851629388682e-03,6.351454779651515524e-03
2.308805321471488138e-05,8.332592713324811539e-04
1.186985685399825907e-01,8.536335372697195778e-02
6.964747604454597785e-02,3.995038856098518526e-02
4.408663645743834264e-02,5.444779587538274568e-02
1.143260462719417614e-01,1.142692991719233553e-01
2.479550710093036611e-02,1.201030893080707804e-02
1.777814346530275568e-03,3.873183858580503121e-04
3.204503846972439063e-01,3.278732051785924195e-01
2.213830969022352255e-02,3.031289884721472330e-02
1.483126395325693944e-02,7.071238398226940662e-03
5.134618986240413636e-03,2.404754118560025779e-03
7.882602052516535229e-02,9.059629814710770668e-02
1.118912475413409539e-02,1.475647994108105453e-02
3.038805857615982375e-02,2.873595608338831708e-02
3.102160337601136963e-01,2.773064969935714053e-01
3.895472139440246759e-03,4.009782942431117233e-04
1.357116748185397369e-02,2.729385835590333008e-03
1.392429448580894680e-01,9.155635454218005731e-02
1.134211438090401286e-01,1.118376599375194985e-01
1.259217496266961354e-02,5.508279150965438541e-03
2.000064510630508545e-03,1.084465842849676506e-03
3.364231590801842857e-03,4.477547774275470252e-03
4.724998724280795454e-02,2.654899004951861291e-02
8.195991625065891101e-03,1.055437990291082165e-02
9.807180828301675923e-02,8.116831252780386252e-02
4.474063193114436593e-02,6.216199714515937419e-02
4.988836162662752156e-03,2.158191137168502874e-02
1.699754297829167080e-02,2.922968598462972328e-02
3.646803317922957168e-03,1.657350814202958669e-02
1.839659213297394720e-03,1.257472908161007047e-03
8.596341220829967211e-02,6.579744179804465631e-02
2.157118883734777948e-02,9.843600227033351413e-03
1.700273963223526419e-01,1.878205761742530178e-01
3.871698935439725920e-03,2.086331972239364833e-03
4.312881016904505233e-02,4.471185926591116772e-02
2.949863611862053592e-01,2.707313388477937122e-01
2.511396708083264984e-01,2.856730213931831242e-01
1.057366922026195394e-01,7.686120398715909352e-02
9.526944456061843536e-03,1.231130206052431612e-02
1.836238423739531278e-01,1.469070242610771571e-01
3.514674609877648237e-01,3.823081747368004546e-01
6.771270890968314471e-02,6.996763810444418807e-02
1.392754985470735229e-01,8.650084832519672196e-02
2.688400810633220783e-03,3.960067957153747106e-05
4.105569926691955696e-02,6.556881393216601461e-02
1.754337206599984600e-02,3.005504814676286662e-02
2.783810380525820680e-02,4.334187645803951744e-02
1.974856309832422399e-02,8.856565440664754957e-03
7.302598860344210359e-03,1.274960872333482861e-02
1.819092502152686378e-02,4.986709289508967774e-02
2.520329492833440349e-02,2.793846029320683905e-02
9.553068514988775212e-03,6.724008435121677472e-03
6.271472114392072361e-02,4.020237945835609256e-02
3.853734584087645243e-02,2.447642804950571002e-02
4.041493088079890772e-02,5.398921935259948929e-02
3.448387618680212770e-03,1.782894006556150299e-03
7.873387636303988413e-02,6.580270795339988876e-02
4.005610212497646705e-01,4.322604672724097985e-01
3.908227811747103791e-03,4.013450058254013596e-03
1.828516205724013410e-01,2.012144905673286521e-01
1.774688080061716440e-04,3.242960145668818397e-04
1.559924933247004274e-03,9.111008160802566225e-04
1.353161751146989000e-01,1.659561209603840626e-01
3.402629107932394481e-01,4.143854522423875975e-01
1.919369775104345227e-02,2.089378775231749003e-02
1.206511009685744401e-01,8.364761330807071738e-02
2.979170848515333425e-02,4.595810847348633099e-02
2.449868079706407631e-02,9.901960678963421525e-03
4.950838288724035974e-01,5.893769437313499671e-01
2.677175672004747931e-01,2.206441139554138897e-01
2.822129654851841807e-02,1.387397742998424700e-02
7.035991902340817117e-02,7.134725332058779179e-02
1.890788702549542066e-01,1.809915478333187500e-01
3.101299649967493785e-02,1.329514560790318912e-02
2.049261037089768547e-02,4.926780275973657863e-02
5.633980971057506171e-02,5.416253045420008766e-02
1.052247681713693224e-04,1.066808752512827748e-04
3.347288522664187277e-02,2.966298093249310208e-02
1.709550994216853526e-01,1.566309976226297196e-01
2.999971194320630308e-01,2.365067829288543533e-01
5.692405131458700557e-02,6.950567673195452711e-02
1.835586792556838653e-01,1.865823676589638269e-01
1.859208071614019131e-01,1.829125115509100952e-01
2.073193180522965029e-01,2.443078151047147761e-01
9.607702265455175805e-02,6.832226180118407266e-02
5.155712895032953796e-02,5.053747341472823729e-02
3.947267430144700828e-01,3.455551456349674755e-01
4.462669264074369674e-02,3.796514468963824163e-02
1.078248386738473938e-02,2.299761248233597732e-02
8.691789474616118394e-02,9.274940165354166044e-02
9.706706357996261816e-03,1.335396281026002621e-02
5.429958663025890621e-03,4.304953900910710000e-03
1.673448794721710264e-02,3.778148286930581301e-02
9.055435399542229730e-03,2.401967714338940616e-04
5.791514699447591896e-02,7.544490318046392918e-02
3.287507159698505599e-01,2.893118812005110452e-01
2.481392875207679705e-01,2.318211849887828468e-01
9.199254034339758926e-03,4.308427535243528061e-02
5.162755147428242132e-03,4.061850205946612724e-03
8.356354082756696500e-02,4.772017820262308002e-02
1.599381785541574216e-02,2.312438391120820794e-02
3.846992211518080462e-01,2.905733344256727357e-01
9.183991084467691968e-01,9.283196417071110096e-01
1.710709140214025092e-01,1.033810787995328995e-01
4.719974328022452648e-02,5.198336789785654166e-02
3.686604951757720960e-01,3.067464863565602107e-01
1.312765648948078789e-01,1.404110756447836117e-01
1.029828490507965315e-02,6.806952194278550507e-03
2.189435436407209945e-01,2.260125387085640813e-01
2.302350057582041309e-01,2.072206090756425478e-01
2.076963528619917287e-01,1.809015436347626571e-01
4.348162733029245497e-02,1.909272702840916769e-02
1.104513698229608598e-01,1.594842082776975201e-01
1.906657140792311807e-03,9.413380634041014733e-05
7.695872947794608725e-03,3.601776679451739339e-03
7.845361500184512213e-03,1.088655962768178206e-02
4.660108697159128233e-01,4.498531079196093074e-01
3.806032067777340849e-02,2.854677119885109041e-02
1.051605971985319771e-01,1.066444999721486431e-01
1.078058538300828240e-04,6.092230034099998560e-03
1.089564171483670303e-02,1.898725176003434809e-02
2.330802652664656222e-02,4.550043935348185853e-02
3.370676156332074735e-01,2.753196656675299669e-01
3.303384425687643233e-01,3.801953497857468167e-01
4.858466221110331086e-03,1.999847031489913884e-02
2.383990564543032875e-01,2.367817238896193499e-01
7.398939053942402144e-02,6.882215788436638060e-02
1.060209051315713505e-03,5.382018138158972675e-03
1.414554539722016890e-01,1.920035676197116847e-01
4.812532085567997053e-02,5.147256367305069052e-02
8.138505760804222444e-03,1.610746368019806175e-03
6.269265673773021311e-04,2.249352645212262993e-03
5.027857493748359025e-02,5.020958929077255772e-02
1.658920263828670902e-02,3.909258558489268898e-02
6.938226187894495911e-02,4.262821735814578683e-02
7.172681960530727374e-02,7.940711161816321750e-02
1.492470971535548585e-01,2.006989416976570351e-01
1.204369628674353543e-01,1.714894524601905390e-01
4.268701828397410969e-01,4.367807776170031242e-01
3.096751477022610666e-01,3.188564846614934667e-01
5.764097245906946165e-02,6.573348886198225605e-02
6.482453910127565500e-02,5.135976461745859339e-02
2.879926896810963699e-01,3.151545254508951732e-01
1.324883780932044619e-01,1.609390733519054928e-01
1.615828445517758852e-02,8.863082415816484969e-03
3.346499224860048638e-02,9.971497202060019063e-03
1.702913849101901286e-02,3.072082682580896257e-02
2.000267454336136508e-01,2.882902684289984641e-01
1.291426539280195185e-02,1.663421003414042310e-02
2.758687129808974018e-03,9.168197186761654861e-04
6.730152369359637676e-02,8.892684774497855438e-02
3.687198043220521035e-06,7.814406712703300326e-03
1.521870056532781124e-01,1.938679589927007341e-01
9.609857001043333249e-03,5.709084670386335540e-03
1.367876476965546213e-02,1.515127870830335240e-02
7.752699458558311996e-01,7.077362715483308531e-01
7.946210224636351396e-04,2.151654771751658533e-04
8.729645741168509665e-02,1.619538609483269775e-01
3.132692676450352098e-02,3.653575032113847570e-02
2.536597069364242979e-02,3.156480622009057851e-02
3.165761914622334909e-03,3.632687389864136936e-05
1.486521521763409515e-01,8.957572567584169698e-02
5.289557281658866439e-04,2.805875464755682933e-03
2.573426770492152627e-01,2.393562815649299402e-01
5.576873126671662989e-02,5.347908320648614433e-02
1.879525565986405258e-02,1.346130806890072189e-02
7.587624691683962121e-03,1.330679451410321859e-02
5.838665991677180478e-02,5.684066734856165620e-02
1.126468346096172191e+00,1.196676971819134128e+00
9.884066338574797050e-02,8.656725129845155298e-02
1.650539824500326093e-05,1.552287572934716014e-03
3.843006658602182712e-02,2.635377592626893598e-02
4.958651283068153948e-01,4.586568923844683288e-01
3.052821059205994975e-03,2.336170256232399274e-03
2.151821500905005125e-01,1.980123429573542870e-01
1.293635233194090003e-02,1.638838924359043228e-02
8.250601272507603057e-02,1.039537302845416483e-01
4.135646010078253103e-03,7.630001068022665271e-05
4.228106843883088634e-02,6.464840921910235128e-02
1.196706638970283509e-01,8.930245492173384536e-02
4.434714216555635247e-02,3.898263019861238771e-02
6.858829708715364487e-03,5.109637989758546162e-03
5.629072131086956254e-01,5.803754718051407080e-01
1.850500527277639017e-03,1.714056319662768954e-03
3.222501396201074564e-01,3.421914708747815781e-01
2.048789838655331319e-01,1.972781256128630645e-01
6.587025512047615938e-02,8.962454412449613605e-02
4.584587136207954848e-03,5.368481361172323420e-03
1.151480527001145920e-01,8.993174143750332084e-02
2.052197158530777166e-01,1.657873749771909822e-01
1.061573840347271314e-01,7.387326270140193163e-02
2.488671518924883419e-01,2.776557119224967174e-01
7.647447967598519636e-02,7.426518879441136589e-02
9.340178619945210814e-03,1.176101028174309990e-02
1.266966163994344141e-01,1.372239687503850614e-01
6.337608143388245852e-02,1.112823752687684131e-01
1.401623008803219196e-02,1.811819408011267410e-02
3.076852009447362309e-03,4.171578897001828614e-04
4.285854040817772251e-06,3.272913164920446564e-04
9.867403019230478172e-04,3.094526958916308558e-03
5.014933017678837625e-03,1.139430715254994772e-02
4.358671539993801136e-02,8.051145708575463411e-02
1.550338537303282713e-04,1.770151142125937728e-03
4.793303290492399032e-02,7.913952362216537806e-02
2.702746698613067711e-02,4.063566339446318676e-02
4.570959383604326215e-02,4.150450449161835476e-02
9.371598846891825152e-02,1.123174512317083318e-01
7.083524255561296848e-03,1.801925491166782994e-02
8.635025589621973807e-03,7.577849422459522598e-06
3.369602225428269121e-02,5.361821316545298255e-02
3.745665528543508892e-03,2.380711708016514452e-02
1.715464134961558126e-02,1.813674356209226193e-02
1.254491213578732764e-03,4.359013363961982204e-03
1.975041201518363404e-02,1.514014847848839558e-02
8.075641592203643138e-02,8.927592868974817963e-02
1.781401307713016413e-01,1.675076270012013924e-01
6.019925547001904464e-03,1.560925420988571767e-02
4.788547680331833867e-01,6.045671802337047041e-01
1.551672775750312719e-02,1.176825141630330994e-02
4.836874195645639134e-03,6.087693483674360903e-03
2.387807277875531320e-01,2.880270831407730214e-01
2.684416913194260026e-02,4.605043200668201830e-02
4.866863507402856975e-02,7.703823316056808423e-02
4.827704338614480575e-03,1.268644292531078376e-02
3.274089412912084551e-02,1.747664750984112211e-02
1.035324986304205497e-01,8.326906530455296940e-02
1.402544829893394816e-02,3.274301260980670963e-03
8.567937146862490694e-02,7.537407776989581143e-02
8.032950830808467668e-02,7.476017815599472760e-02
5.163502497960233834e-02,3.003414551420620360e-02
8.845849223177125464e-03,5.254398967800261167e-02
8.187338923807922775e-02,6.441041282650521171e-02
4.877528052537924430e-02,7.587263325492941968e-02
2.853427705168906951e-04,1.974655826766177105e-05
1.508003053471252408e-01,1.760927493049018744e-01
1.766564200156515441e-01,2.279723349324651316e-01
2.516026249960575667e-01,2.591540420611478934e-01
1.942068991340103916e-06,2.551440496048036286e-03
3.332898701170138034e-02,2.995434294248462692e-02
6.269661361265052915e-05,8.986886375380836035e-05
1.451847440687780155e-01,1.061419557485856480e-01
5.419659499259164848e-02,6.612651646034801989e-02
1.784056085112681669e-03,3.706931965747217120e-03
1.273454334028580048e-02,3.537279442573274674e-02
1.466855768984149343e-02,3.861677032487696032e-02
5.368550708767168278e-02,6.690887343280413346e-02
4.035873461672029316e-01,4.422638346581874158e-01
4.510811999505589531e-01,4.682667705296822969e-01
7.670118856068670020e-03,9.229919952979446715e-03
1.553199893394475659e-02,2.060334301102479532e-02
2.870943203228873419e-02,9.469019566140317312e-03
7.205391674665539981e-02,3.177274327771952706e-02
1.179962381738167143e-01,9.064321888993298604e-02
1.527542723730597810e-02,1.837188830367161851e-02
3.916957402596382698e-02,5.189476866306216157e-02
9.792315285923563692e-03,1.060532158585955273e-02
1.348598059516277481e-01,9.957969502548574825e-02
1.875707093532588132e-01,1.563903268015897075e-01
5.092292693073301657e-04,5.567500623825401458e-03
1.140783967139163101e-02,9.857258112682561885e-03
1.790406663271500165e-01,1.547719575647389101e-01
2.020512441234503451e-02,4.473582917336494519e-02
2.299513337413884692e-05,1.585844143603538611e-04
5.665532177886123399e-01,6.550263341615870649e-01
4.169585109505199449e-01,3.835367320910315625e-01
1.160423879557583582e-01,1.221710111949896316e-01
3.666689128753249788e-02,3.022131195465001599e-02
2.046474710798718011e-03,5.881661562406883918e-03
3.025568304506728867e-02,2.167242259463735346e-02
5.644499514541918561e-01,5.310140219461649824e-01
3.378106751318916273e-02,2.795720870050226112e-02
1.284546497433494694e-04,1.258108282583070411e-03
7.646351491830537250e-02,7.139131300523793300e-02
1.606571940832026424e-01,1.730360992773139206e-01
4.053222730885383540e-01,4.524823309915533276e-01
8.239354877232017704e-02,9.363722289041088997e-02
2.346219227045879402e-02,5.174506076024910049e-03
5.223562358544581348e-03,4.867835996042785621e-03
1.441831455786661276e-01,1.109568849150719960e-01
1.380186023858320787e-02,1.822321100990301201e-02
1.584240680259929590e-01,1.913560677228014761e-01
5.174624197693418123e-03,2.843186911915465340e-02
2.382456013827231271e-03,6.827730777970987715e-03
9.074440014643116170e-02,5.402964322877452236e-02
1.902799754360241236e-01,1.718755695163075026e-01
4.409405766710350338e-02,2.552083451082889226e-02
3.440860035622761437e-01,3.302870518091445273e-01
5.787354591744831023e-02,7.870584444806237590e-02
1.158063275814367153e-02,4.162319529841569318e-03
1.874965097137296880e-04,7.795837292206705352e-04
1.244798185420665504e-01,1.272208050139849167e-01
3.043418688077402859e-02,4.600567065770431313e-02
8.142456469527573071e-02,1.403117999111899161e-01
6.320681359665088206e-02,7.783448178655079375e-02
3.653709741119480232e-03,3.529149756790690533e-03
3.921070476806360894e-01,4.113358969038621860e-01
1.906861542865348827e-02,2.723697230701481453e-02
7.088057509468213314e-03,5.719684036881588114e-04
1.631346403218054131e-01,1.819453873475819217e-01
1.589309926148325253e-02,1.705876300722403843e-02
7.220737173354900562e-02,7.941054400735685082e-02
4.774042039519093006e-01,4.515811328875080632e-01
4.283766147119539392e-05,1.470250578568747097e-04
1.736265520548853705e-02,1.642405372893029902e-02
8.653753745656365959e-02,1.063908922868746082e-01
9.142750921091885585e-02,7.198286336050913059e-02
5.725470101038501736e-02,7.547234107125302960e-02
8.415977413721133574e-03,4.716398005329676922e-03
1.953010967761475633e-02,1.969960543303187622e-02
7.526486281492036261e-04,6.319391408996549893e-04
2.138570440871360914e-03,1.907142687726864298e-03
7.701780320103088218e-03,1.848377968079301104e-02
9.851201692229391571e-02,1.048004299276249912e-01
4.705817050553177445e-05,3.018298123618602755e-04
7.972444245957013842e-02,1.310996616097843681e-01
1.199832334022298864e-02,3.279706492989184919e-03
4.581356227475035653e-02,2.402192905111955393e-02
1.408668492549508822e-01,1.433205151145734713e-01
6.232789238428574491e-02,5.715077413665600042e-02
1.020145084511310946e-01,8.400809639656291183e-02
5.234889881523538402e-02,4.266450909009102815e-02
2.149365973017735090e-02,5.111812219963068199e-02
1.405344026956512754e-02,4.295395140550034747e-03
2.566394789697115653e-02,3.473230959740903484e-02
5.120692223659839386e-03,5.000452990760077127e-03
1.701985458207056282e-02,3.219340200428232740e-02
1.387164480522450234e-02,4.330477520198668107e-02
2.355548077638179236e-02,1.612945933306869292e-02
8.810384155360756475e-03,3.873437527679828712e-02
5.959479978164946429e-02,1.120314109122079044e-01
2.607540428965692339e-02,1.692778340122142594e-02
1.304791961001823368e-02,2.107624533529570479e-02
3.670704431932468592e-02,6.928558497052841880e-02
2.278486125478202534e-02,1.218732697663411782e-03
7.525004033530059873e-03,3.169260973777007946e-03
9.045517856042169236e-02,8.632343889771415535e-02
3.609980930139894961e-01,3.214177649372104151e-01
1.482427143314338572e-02,3.858663907720218458e-03
1.406100936579144367e-01,1.125185998002413146e-01
4.109721515467314179e-02,5.199846562305835557e-02
2.163854867343656674e-01,2.465190380489555300e-01
8.100284563548851291e-02,8.457493730226439688e-02
7.556712810719183604e-02,9.935112264842824170e-02
2.200905943276343021e-02,1.280601312961368934e-02
2.203086388281452930e-03,4.965240015275365279e-03
3.081739344507532317e-03,1.574972499374291786e-05
2.541914965273316118e-02,1.992981972943801139e-02
2.689312771278536407e-01,2.673539557441169112e-01
7.454100721173158306e-02,6.011430772680544099e-02
1.228761964009030157e-02,5.440403541309235536e-02
2.322821449677763689e-02,5.001249144459263274e-02
4.164050073566012309e-04,5.231642781446327675e-04
2.512543356597635169e-02,3.159617261777448310e-02
7.745415110237597982e-03,1.646443632785948852e-02
2.120871930003742911e-01,2.463141420885815447e-01
2.396619007796932377e-01,1.409742307558837227e-01
3.842314955278464811e-02,1.984594352601129832e-02
2.059093367593930329e-02,2.244921137160030625e-02
3.334651147566737861e-01,2.769888424018694395e-01
3.324223836240889490e-02,4.324012410877747792e-02
9.507736898105216550e-02,1.293148400167400403e-01
6.006654293015070145e-01,6.348128360016572769e-01
4.743328736235743592e-04,5.184562949269630710e-05
2.405621822566569867e-02,3.782196573318326229e-03
2.092892273377699823e-04,1.951982967643211327e-03
3.291612092737804945e-02,3.057575551521501261e-02
2.120183231212242336e-01,1.981876089814396946e-01
7.435216465285211969e-03,6.157410065679456111e-03
3.992762365602358504e-02,2.246974565157275686e-02
1.366050607220975210e-01,1.657995004091932234e-01
1.030323215578623636e-01,5.762679766301899431e-02
1.429503363355796308e-01,1.614739614557194336e-01
5.219533446403622559e-03,1.403588420697112827e-04
2.134407500163368054e-01,2.423725499172896813e-01
3.930048230723446473e-02,4.858950964324186550e-02
7.338465432369072061e-02,4.056338861898502873e-02
7.984575903769119964e-02,9.693513980935164476e-02
1.292357011098455195e-02,6.489065115511623294e-03
3.147247172495216960e-02,6.912728352992804359e-02
4.531938093257378494e-03,3.174284586676994944e-04
1.894445532836344648e-01,1.887372134073742325e-01
5.245007627950970183e-03,2.430737618361475712e-06
2.517102299319016307e-05,5.748176692069456454e-04
4.769297125332560422e-02,5.533602109169416527e-02
1.145270489825459259e-01,1.449112196911152284e-01
1.377880101884025425e-02,1.216909172429543953e-02
3.388289902284260385e-02,2.342956732428124605e-02
6.882610422914318959e-02,5.765026232452605259e-02
3.040882571778789553e-02,2.593138569496946516e-02
1.913552132177898102e-01,1.401890718112495660e-01
3.146639972422822229e-01,4.183425807163480004e-01
7.750536380665655756e-01,8.878758012316044779e-01
9.226289222289320302e-02,7.286975692717140296e-02
8.889944555632237622e-01,9.460760307858858686e-01
4.836057522422732187e-03,6.655106621091652110e-03
1.153135750010174931e-01,1.230937389406972227e-01
4.108454822180813981e-02,6.324225505288302851e-02
2.347476618211797594e-01,2.281077245078138582e-01
3.703092958228339920e-02,2.651004577129140519e-02
2.367319947070603559e-01,3.117430271847116963e-01
4.077928038136958283e-02,4.253950345031761587e-02
2.505019937649335948e-01,2.571479408614654183e-01
2.290528857624659353e-01,2.485160581635380561e-01
3.761415581298937529e-03,4.996897994002515858e-03
5.079409078139718314e-01,4.029109054314942706e-01
5.781307895527186547e-02,7.540040530713426614e-02
9.688792646807076539e-04,2.074709669504015751e-04
1.520188495988761442e-02,6.629674368542119028e-03
7.843715956165391023e-03,5.193049247476749092e-03
5.031547119215861591e-02,7.100942365768334041e-02
1.207492722416320455e-03,1.833857807848669703e-05
1.267751396041636239e-03,5.671430024952079122e-04
1.778906559092638950e-01,2.048241807617642019e-01
6.122299532080882492e-04,1.505539721151266056e-03
2.403127615594064792e-01,2.901248249715951411e-01
2.919764092456254567e-01,3.018383827345745840e-01
6.138797224823071969e-02,9.852948495580943211e-02
1.074145868768463727e-03,3.054465866807596535e-04
3.369751393438653441e-03,1.236559964410136254e-04
6.295084779492680915e-02,5.824655842565986535e-02
7.811521106764333575e-03,1.129571784730294161e-02
1.680638165501507353e-01,2.099502949136599073e-01
1.087343317557249306e-01,1.125793036991493828e-01
5.859990982201673804e-02,8.247486140276984179e-02
1.051709174168843387e-02,1.813601326923879042e-02
2.910254997233707383e-02,2.457458779984611832e-02
1.242067203857643784e-02,8.982464321137457672e-03
2.757597440856016059e-04,1.251823537406017688e-03
4.795838431413874253e-02,5.751993240583011535e-02
8.624096973032449251e-03,6.741128793836126051e-03
2.435589081582955132e-02,4.656801656434226416e-02
4.942728202751308642e-01,5.577422112371442919e-01
1.376308096574089569e-02,2.568832601028793808e-02
2.079814994629920755e-01,1.772762633445115477e-01
9.848263421753414293e-02,1.083762383199657342e-01
4.024543150677895725e-02,2.403972806389091318e-02
1.697380845477066968e-01,1.364380125973742308e-01
2.642323574692552191e-01,3.305315649465484507e-01
8.661492426380737464e-02,5.427153875478667872e-02
1.170382966234201566e-03,5.568351241341476347e-03
2.337543838897790938e-01,2.864865556657921197e-01
5.282240762778078746e-02,3.289210238888767152e-02
4.223847335355583321e-01,4.373269535880632830e-01
1.074857568918552719e-01,6.972224971130272508e-02
2.341882410739622167e-01,3.198519195926913250e-01
2.267002131890704167e-02,1.563891432878049617e-02
1.879270382924627658e-04,3.171689725155028155e-06
1.426382718692971278e-02,9.446436569010055115e-03
2.703029499448221795e-01,2.652207542449534494e-01
1.295928477964723539e-02,2.922537264132840304e-02
3.896781308080519701e-01,3.840914129263968135e-01
3.222392896804179147e-02,1.201952304474041174e-02
1.802084177898111356e-04,5.157122479985493070e-05
6.744579945702769246e-03,2.277540625133711930e-03
2.557046038508010034e-03,8.776105789986745481e-04
9.502014739440381441e-02,7.655541064080592650e-02
3.372886210590585881e-02,1.351041496413328200e-02
2.245524432434108748e-04,4.169921489844698702e-04
5.406523507763362490e-02,5.674967713257791924e-02
5.145895391098478933e-02,4.297518515539360678e-02
3.673200795299901844e-01,3.685218410677031375e-01
6.371295676313901146e-02,8.553127373102886732e-02
5.304423879722430920e-04,2.253766151686749299e-04
2.016462164079647229e-04,1.184705144516240237e-04
6.367509023689127412e-02,2.343402246498530600e-02
1.541813728389315186e-01,1.701519562539971497e-01
5.799192055941404175e-03,4.916916179665655091e-03
2.349913021936388471e-02,3.648204625632255060e-02
2.878289054385419488e-01,2.907680993426630112e-01
3.499955706034899028e-02,2.719354170282363772e-02
1.220418299994542903e-04,3.190312109448663401e-05
7.171472908930614934e-04,1.823184395117122009e-03
9.874019327467516149e-02,1.753858489402996823e-01
6.742439562691680821e-03,4.731905363808348690e-03
1.033369552474302927e-01,5.798612259644043282e-02
3.973238845762711580e-01,3.778496380114039210e-01
6.645769628066175829e-04,4.825170864342581799e-06
5.959804868830013329e-04,1.905289610309957255e-04
3.174215634864032687e-01,3.836749140675314584e-01
1.004226772743666285e-01,6.323526601387192969e-02
5.412913850060619980e-01,5.837560881283309078e-01
1.157590365372721530e-01,1.261540945997459695e-01
8.466581685238185051e-02,9.776838662215819875e-02
1.384057459385956979e-01,1.456172519342775751e-01
7.049112078274992477e-02,8.702837912081433369e-02
3.340427163162237173e-03,4.464114036294253123e-03
7.596732308659250033e-02,1.198444561013240761e-01
2.481515488468298211e-02,2.197423647673479863e-02
3.219388505109039289e-01,4.268028524129587886e-01
1.334098766800265179e-01,8.832864964731906854e-02
2.873658887424399228e-04,4.537368781274983087e-05
1.170754723774301886e-06,2.598286572888460193e-03
7.498175044151289222e-05,2.781682477218019850e-05
9.224970179196109732e-02,9.010453727370107413e-02
5.777688119416902888e-05,3.695240673980403089e-04
6.773052649620078802e-02,7.543412715319990081e-02
1.828777400564198744e-03,9.186415784183476043e-04
1.492717941075103437e-03,9.812712668452749660e-04
1.540996706498537288e-04,4.742622330451413243e-04
1.375610830735353174e-01,1.290840805012652970e-01
1.749119739687783268e-02,1.154795273364269889e-02
5.512890024524842334e-04,8.097762304933248459e-04
5.205410010198738974e-02,3.840857214258922708e-02
3.596435232812465310e-03,1.948228322457521170e-03
1.348769901100923749e-02,2.164502529217960172e-02
2.437958827197890185e-02,2.607265142214256273e-02
1.133809551787836982e-02,1.037232293679465900e-02
1.633601792513779682e-01,1.206526122960394215e-01
3.356641733860948329e-01,3.220981207953101388e-01
4.047585399708746381e-03,6.912839792727784073e-03
1.985617413782927720e-01,1.704984959187896831e-01
2.463776538681851716e-02,7.082222863679647762e-02
2.972092441923826055e-03,9.091550917579747522e-06
4.560593604161413683e-01,3.277065499498618140e-01
4.253164775958115928e-01,4.106089135506855725e-01
1.756016988065611448e-02,3.778605520755436153e-02
1.708994545560082179e-01,1.685238370744995551e-01
6.813220872366520207e-03,2.067503776058019979e-03
2.950640575555601997e-01,2.763473469528522353e-01
4.196778744588199744e-02,7.625575135093233536e-02
1.408256816427159910e-03,8.308129182259036969e-07
2.036885127413715912e-01,2.652887288434288005e-01
2.680542543378560683e-01,2.699081439828347473e-01
1.829724141999013176e-02,3.328907177121788463e-02
1.123602953059162635e-01,1.488259155214806950e-01
8.951066195683141926e-05,3.004708284831792651e-05
9.615541758956555607e-02,8.405741909281923274e-02
5.278257869110942746e-01,5.550032231952586326e-01
9.764052848737221624e-03,8.923137546145111162e-03
5.473786786306561458e-02,5.946364680057173585e-02
9.333507551358487253e-02,9.046199285511101473e-02
1.311764437334674016e-01,1.415208042339163308e-01
2.859434596823163047e-02,2.033464343342783476e-02
2.006116142846217990e-02,2.880587675174012957e-02
4.275095185270135628e-02,2.632582606745265119e-02
7.264718810304532370e-02,4.411923426840518025e-02
4.836054986353127694e-01,4.871060952489720264e-01
3.865831320349097204e-03,6.063622045028735363e-03
3.785471294279069837e-02,1.643328795420913313e-02
2.299133803064251982e-02,1.487902435075181933e-02
1.063143826613503623e-01,1.019419102442198355e-01
3.476537686525916007e-03,1.005540909266623012e-02
4.868179896698692638e-02,3.587081441055096909e-02
1.276762455927125117e-01,1.638874866879370673e-01
4.391234132441193473e-04,5.612391569276096309e-03
1.352780801004654643e-01,1.018335153780664248e-01
5.054032089190668708e-01,4.900780016612161782e-01
1.434055391100669263e-01,8.243827654940932836e-02
1.732063410146067184e-01,2.096156356358304940e-01
3.598750143423208869e-01,3.730647969277590681e-01
8.132522731912188510e-03,6.786872606170945253e-03
4.646032781792006051e-04,1.140564643548953356e-04
8.179802233767631547e-02,8.201906010028524319e-02
1.754149054357752313e-02,2.202374076166092876e-02
5.052493762472130834e-02,2.930631196156622056e-02
2.936263574513650262e-02,2.611614691115369744e-02
7.293316977051246541e-02,8.287059102196951688e-02
6.806142352249150256e-05,3.611299371170292307e-04
2.485078021462562223e-02,4.677303339456389923e-03
3.631983285095928826e-01,3.168394993121932957e-01
1.457699335251346449e-03,3.699683751177238952e-03
8.892052576914219464e-02,6.885521026498658825e-02
1.607694167216164594e-01,1.796724926768683561e-01
8.819071574141367220e-01,9.436904428480781259e-01
1.546602790417182967e-02,1.341036921717670381e-02
1.030912472702179977e-01,7.150826166042170695e-02
1.443070591784610841e-02,1.817135146343927532e-02
2.142852242208804769e-01,2.386902658780889197e-01
2.995532235955147143e-02,1.035942949437105784e-02
1.833495519971392368e-04,4.299225492918085523e-04
1.110565196981399411e-02,8.920130697049187540e-03
1.110801006783572117e-02,9.011263215241982483e-03
6.356892976653499838e-02,6.162132160757879257e-02
1.359627252222388172e-02,1.044364030036509100e-02
8.839361946565774120e-03,4.156606584056077996e-04
3.426897288266106401e-01,3.244821442304567372e-01
7.042260712439961379e-02,5.987083528755532402e-02
7.086431177246158009e-02,6.260547320444419250e-02
2.359601737634964974e-02,2.679311561862350241e-02
5.952119177932221894e-02,6.264937135202047758e-02
1.653863567227825682e-01,1.334115410995303508e-01
4.077679126233858939e-04,8.033797117815762862e-04
2.798557723012336518e-01,3.122859543634305401e-01
4.749214186413985156e-02,9.387154093665797672e-02
6.578757612900548724e-02,5.619597106792932617e-02
4.363073897008465374e-02,3.247683186541668043e-02
8.400352266257876677e-02,9.716956562704855138e-02
1.215731332482574423e-01,6.529105302008644807e-02
3.468043564386710624e-03,1.275816135488657332e-03
2.958598869431106060e-01,2.556245764851967084e-01
2.298683140843561790e-03,8.983037934903490701e-03
1.215249547878627240e-01,1.083679012606579145e-01
2.579966045524531917e-02,2.138679342908965386e-02
1.554282054525954193e-01,1.435985505794314387e-01
9.350256079570330508e-05,7.071868278776653489e-05
5.952919806196432795e-02,7.749269128566232956e-02
1.448218025592982842e-03,5.494305844510455165e-03
3.405077718414786236e-01,2.576527601539337908e-01
4.380188725394366239e-03,5.451914743789498300e-06
3.866187650835090778e-02,4.382905116606388568e-02
3.157354779586409119e-03,1.934155085192731894e-04
4.101309628468269297e-01,4.350362763467680582e-01
3.399083959903967736e-03,3.776478303099248712e-04
3.782639395190871834e-02,2.773432929924517579e-02
5.063111230436387333e-03,2.276462681279406777e-02
6.504673648013657716e-02,9.737790271630911154e-02
1.570790700044119304e-01,1.690518666672570225e-01
3.033921641880860109e-02,4.032956372342500623e-02
1.188831654521899572e-03,3.915600303001325186e-04
2.600907714839189033e-01,2.707338076546378369e-01
7.939144815414266032e-02,8.982665185354050952e-02
1.160912204063677816e-01,1.615431018376007333e-01
2.088234482502783484e-02,1.855979851350528708e-03
2.719728754299259696e-04,1.373016721991722608e-03
1.268951821743814247e-02,1.319539206613607081e-02
1.267800061351285201e-01,1.658021544032214356e-01
2.283902601906392937e-02,1.982941848498022408e-02
9.549518051767569293e-03,7.273880911037576905e-03
6.765410372752181899e-04,1.238863185212120367e-03
3.724024310913862656e-01,3.650078200690782260e-01
8.078210499313435988e-02,6.405489285837935587e-02
7.279950458705558222e-03,2.044652387434616608e-02
4.347914805436238483e-02,5.510876232513967771e-02
2.590816942463895489e-01,2.549720200142101545e-01
8.696057353994285366e-02,8.278369294165452419e-02
1.779782817981205301e-01,2.131577081695038289e-01
9.343460600971682517e-01,9.606185153457302839e-01
2.159765815310595305e-01,2.454690607514116996e-01
2.331830392065411747e-02,2.261208737153285950e-02
2.808878766383496317e-01,3.415037642427982134e-01
1.721463619655877464e-01,2.148096334530182339e-01
1.613163576523846381e-03,4.015516414108901040e-03
1.370523841432963897e-03,2.759468526570141170e-04
1.784693873747379353e-02,3.441677514364451657e-02
1.824648111144552831e-02,1.613423070732358799e-02
1.650888627879763815e-02,2.073577008831621257e-02
6.516810768862957293e-02,9.755163718498238712e-02
1.851907038239739088e-04,7.306020764687167629e-03
3.235554875397464013e-03,5.907580478563542395e-05
4.540707695564070306e-02,3.843267830190576217e-02
9.491337700703759636e-03,2.889621317267580466e-03
1.205930884839031131e-01,1.742346375899103961e-01
8.449267047571705491e-02,1.168050464665882499e-01
1.344862405986502066e-03,3.135542579938724924e-03
3.934030457376355705e-02,1.834171239104151474e-02
7.823973698695853296e-02,7.704134968548626006e-02
4.690486718822239193e-02,5.842991014704820157e-02
5.428581686528698852e-02,4.706418731335217098e-02
1.140444397421788844e-03,3.496231671752341938e-03
1.674254475675403253e-02,4.775490669661223292e-02
2.774875303198372656e-03,1.774062700356447177e-03
1.793432750851289836e-02,1.928532741022882108e-02
1.181660130750351520e-02,4.265156137630266540e-03
7.495434597926642351e-02,1.073154488260648493e-01
8.618688051015528174e-04,2.716732354667925585e-03
2.900517653219614536e-02,1.835876272404447090e-02
4.348999928023710576e-02,3.343367999017920339e-02
2.836740708711168457e-01,2.100642649366390169e-01
4.109855994669273094e-02,4.725719562783964323e-02
2.257051543440305712e-03,1.721129028391171637e-03
5.151114767490707486e-02,3.031229532178195477e-02
5.077208640137659268e-01,5.963092813553436677e-01
5.475116589656943145e-01,6.129276658315019333e-01
1.953892515267713348e-02,2.192885073564059678e-02
9.101230856832984856e-03,2.849148264248253619e-03
4.299532784777662729e-05,3.065607998052023112e-04
4.560990668201252152e-03,6.774257671535517840e-04
2.478145165050502780e-02,1.225117038349714943e-02
1.973422998376394844e-01,1.866944621468246412e-01
4.409503196578175993e-02,6.951273381210695823e-02
3.029237453225828158e-01,2.393290371442531317e-01
3.572592727439037885e-01,2.555328261802620182e-01
1.614205519025264934e-01,2.853363041019892354e-01
2.943355602393236264e-02,2.923545029563145992e-02
2.252854189487641656e-01,3.029210337269335751e-01
2.898529613592498808e-03,1.603362295116105701e-02
4.770042594699874902e-04,3.218325484943549038e-03
1.050724092331678516e-01,8.265253698051626408e-02
1.219137126177364692e-03,1.628026642693833782e-03
1.086589001059605208e-01,1.909806909974252620e-01
2.287811527344628115e-01,2.403566718887724385e-01
9.845313158766781647e-02,1.727229022850249596e-01
5.703582332867356275e-01,5.427004162300910206e-01
5.496553602606888411e-01,5.247184607352947117e-01
1.427836831182000520e-02,1.651627012225712066e-02
7.780034716958416155e-03,5.861357830190092218e-03
4.945942616754264026e-02,1.108673827928838979e-01
1.007752002857362211e-04,5.367744476647391618e-05
5.301729982810263753e-01,5.860993927158327788e-01
1.178933510890198821e-01,1.459864465891753393e-01
4.645701951035351857e-02,5.947665439293349510e-02
2.858599114045687469e-04,2.279503784211891603e-03
4.372458368453601557e-02,4.894956858989007314e-02
1.035440578702114813e-04,3.595310984284756130e-04
2.615356900356845932e-04,1.062932825083786389e-03
1.193571191631121187e-01,1.803063656443804619e-01
7.409916853000371451e-02,8.126826172653872637e-02
4.621509527065910926e-05,2.593463470436577559e-03
1.879695438828435025e-02,7.487620112497346894e-03
4.707780566387408383e-01,5.845916918777995797e-01
2.904346897874239553e-02,3.112241769414843609e-02
5.185520515702399941e-02,5.614673432788989255e-02
5.377913067063712360e-02,5.264930061759723334e-02
1.504946249264549063e-01,1.999099654007053528e-01
8.876789580570424582e-03,3.386579823682592857e-03
1.425909557493582336e-01,1.208133749595179801e-01
3.522616753844400872e-01,2.947013972351248401e-01
6.051596248451296227e-03,1.407128473778625558e-02
1.946881002123423314e-03,9.821058689583545820e-06
1.213548227830127529e-01,1.191875923840196166e-01
3.321452974797686926e-03,2.583036145557938458e-03
3.282660980634545642e-04,1.116748241863976636e-03
6.635984392367096085e-02,5.661772354539804791e-02
5.787144957455069710e-02,4.682702666064953584e-02
2.489216931768725993e-01,2.271348379481330226e-01
3.985736525898683769e-02,2.882171376734455476e-02
3.004925671350886299e-02,4.876475356697295566e-02
2.981464191945844000e-01,3.769804400038503922e-01
1.762052656953292203e-05,6.621297183525962820e-05
5.739879422392437508e-02,8.266455843234261913e-02
4.575338033273470412e-02,6.363511462335438851e-02
3.414488724634172790e-03,1.897403131707323847e-03
3.595726532608345960e-01,4.216777189062260733e-01
6.718256135264451256e-02,7.858888857707001241e-02
3.717133693839799191e-01,4.203444183053995920e-01
6.082003009183533510e-02,9.115832833338047281e-02
1.802438977676993551e-06,4.021647024324285146e-04
2.864631606050513368e-01,3.438764358399973853e-01
2.624373512240852843e-02,2.584273850836384806e-02
6.178125024385747871e-02,5.407784158150021753e-02
7.683442357176642479e-02,8.325619723444642462e-02
6.486936274078716758e-02,6.207086714234463787e-02
2.710393034916350197e-01,3.098026994363221598e-01
2.553496708563622875e-01,2.362008478568189962e-01
8.744039105876399987e-03,7.892897547765034133e-03
2.243319059487992179e-02,1.789087457415547769e-02
1.095900306055745677e-02,1.772087803833423533e-03
3.448760928097612671e-02,2.341700516588314865e-02
3.463441912184459198e-04,4.270335491014467903e-03
1.243768220073820097e-01,1.085058874299728165e-01
1.803004650986011204e-01,1.900714891439334586e-01
2.874038380346728982e-01,3.184584675488872918e-01
1.272047780478690986e-02,1.081727898649983109e-02
2.794768666065237245e-03,1.735962646680245386e-02
7.594467059528927613e-05,8.126075224578725590e-04
2.639702542885387099e-03,1.577987583916002452e-03
1.718811413354466300e-01,2.761010049905861519e-01
4.890967974704605627e-03,3.891460361510107237e-03
5.541493701499264346e-02,8.058677600390672102e-02
3.091999330026736197e-03,8.871843516056973980e-03
3.829105886696379524e-01,5.287401509040404735e-01
2.580759512665322116e-05,3.215023145493249405e-04
1.160938514017239437e-01,1.184070722921855001e-01
1.104167124692841638e-03,8.156160269237769204e-04
1.497351101274168857e-04,9.934278268517182393e-04
7.355493035974976224e-02,9.416095030999219184e-02
4.295157121594003757e-02,4.608779891705545861e-02
1.242996966786253862e-02,1.823104713611160138e-02
2.310983692751501783e-01,2.581661633191262850e-01
1.695814986899788490e-01,2.074848714146275142e-01
4.003808685152266400e-01,3.653577415169712017e-01
2.047722270215748819e-02,3.951219861243052134e-02
9.327242392660541059e-02,1.265734346649797781e-01
5.097746205850108708e-02,2.961214176411736121e-02
2.224267896926645626e-03,1.479824788536495718e-02
8.991164164337862169e-03,9.237714434485216203e-03
4.748334479447901407e-03,7.263195424038269843e-03
2.204813065783457759e-02,2.255365082240581506e-02
1.164398481680796026e-03,8.735361791311985202e-03
5.736978772074181887e-02,9.537520147383826696e-02
1.000323655981708859e-01,6.616478571063985625e-02
8.969265266340651355e-01,1.040461606737764555e+00
2.472255146692224625e-01,3.016672648339376872e-01
9.266187384161839874e-03,1.674874403983788341e-04
1.987194299476028325e-01,2.675429976878587746e-01
4.594430119941055879e-01,5.088999026185281327e-01
1.077756899393513546e-01,1.058955160420176067e-01
1.720613174905846711e-03,1.104175995359176583e-03
2.789083892625117758e-02,3.528172045945553864e-02
7.275086830977320340e-02,4.339061680302193358e-02
2.425039362325098063e-02,2.384686182079761782e-02
1.900179418075133853e-01,2.402988535697294370e-01
1.487212261258275686e-02,8.359489620801135654e-03
4.892276026715394743e-01,5.592005711042130622e-01
2.264390613032569444e-01,2.298171975695207925e-01
1.139340059921534198e-01,5.562670903299037073e-02
3.289314916936335043e-01,3.121534769253346275e-01
9.699229388379407291e-02,8.877373828752280205e-02
1.345640288355947484e-02,1.330459497447023659e-02
7.503897969722471417e-02,5.000466119468121445e-02
7.435092337971824228e-02,6.227530349347046995e-02
1.807834711209750922e-01,1.061925992549140052e-01
1.876286461498131303e-02,1.492676053874804863e-02
5.148884438028814015e-04,1.604107027887317471e-03
1.527861937694907912e-01,1.543841283072621140e-01
2.341812997413214859e-01,2.776743953371420548e-01
4.980541771211272062e-02,4.466669739156396007e-02
3.096954449862195369e-01,3.297814359285327623e-01
1.101374104610606530e-01,9.663783195961073158e-02
1.624009703841843011e-02,1.290742802940337455e-09
4.026851833143231529e-02,5.511576869878677398e-02
2.064436812868542803e-01,2.203014914577363925e-01
1.690503894042810762e-02,5.212481467298451382e-02
3.855761218069862495e-01,4.281533024648984109e-01
2.352486652430967745e-02,2.536293174187512212e-02
2.103019975411155595e-01,2.126846807741898382e-01
1.598607145665684182e-01,1.076949536047418499e-01
6.733301623809466452e-03,1.240889892196933098e-03
2.348374178849494953e-01,3.305201914569058652e-01
3.361765089238228504e-02,2.981836594371409244e-02
3.592697366916903362e-02,3.871486794024252970e-02
2.064786866203513205e-01,1.995427200349611518e-01
1.168837188016728056e-02,1.384841165786415348e-02
2.220150468407640076e-01,2.651838191927927690e-01
6.736967883584022744e-03,1.020837084602134980e-02
6.105216514547960605e-02,1.053282928029341398e-01
7.023705904823164536e-02,7.337479889989267923e-02
1.281636271633812829e-01,1.080482220278787264e-01
1.137605641435996822e-04,3.427331568975992664e-03
5.064747487184098618e-02,4.990729994760598198e-02
7.641500681088841951e-01,7.739150290274690036e-01
8.749324752941586847e-02,1.209130313368934617e-01
4.071266323131791237e-02,7.689054837610213855e-02
2.061639870052080215e-01,2.109142740366785895e-01
6.900609399353514924e-03,3.353431060383147300e-03
9.132903423996585612e-02,9.490810108462158223e-02
2.461071462355284289e-01,3.060547919240999004e-01
6.474691006412751637e-01,7.757013648745534340e-01
4.005040217427964164e-03,2.556318128686673602e-02
1.372240609982615933e-01,1.406278884617332137e-01
1.659665961719194449e-01,2.332866622390238065e-01
1.564291890784444417e-02,4.921493540612054997e-03
6.364285628293194289e-03,3.810518367522911128e-03
2.312382296338793327e-03,6.679471697726719476e-04
1.454739486346756476e-02,4.038297849637727949e-03
3.974230211652710065e-01,4.620257107823895759e-01
5.635754835691334647e-02,4.798450763061071905e-02
9.958210116840315526e-03,7.615182834160520893e-03
3.767053828470216525e-01,3.494306955618816102e-01
4.174418278250398295e-02,4.245764425939596576e-02
6.051210079846080364e-02,5.029145746364929032e-02
1.673375580448891731e-01,1.256449301049091249e-01
1.479083727772038774e-02,5.505151098849464866e-03
3.616622667573012040e-02,1.371061119484421296e-02
5.892881307289427051e-02,6.347024390355866796e-02
2.490416834150460668e-01,2.093069292394222070e-01
2.652227124103645126e-02,2.565905676716478609e-02
3.902938099557353574e-02,5.025084259657031788e-02
2.715388793567146460e-03,2.123120346824524437e-03
7.612079014895423157e-02,7.035284339319748670e-02
1.248066641813366240e-01,7.424695042786323695e-02
1.361811762445278851e-01,1.277268267026449577e-01
1.472223321014160067e-03,4.792763294260682025e-03
1.413130666206247358e-03,1.430488197257557235e-02
6.280563444724461541e-03,1.648379542210750767e-02
3.388536356294301072e-03,3.189893035170019743e-03
2.471064094016794943e-02,1.166688340611017616e-02
1.127981604798622244e-02,8.305700533475120911e-03
1.711580154449615513e-03,4.109293269920744583e-04
1.559565998127188796e-02,5.819882467388143993e-03
5.419915993379583602e-02,7.501813288846319316e-02
7.070070944797078594e-02,3.782468675520582468e-02
1.898471389476010518e-01,1.473152106046772825e-01
2.281785134933047299e-01,2.327167776198961480e-01
1.201211871049469720e-01,1.030619670093059492e-01
2.547985729328331242e-02,1.872453607963014272e-02
2.352437271420351195e-01,2.658738965095414630e-01
1.246229404620557936e-03,1.305303121967367301e-02
5.665034608027103707e-02,5.669404263215194889e-02
2.516707798854739167e-04,8.599271002630884354e-04
5.741549280496240915e-01,5.282034778069513159e-01
4.349930528678300906e-03,7.261674176771953058e-03
1.104294461474207394e-02,2.261575525194713804e-02
6.547462474647055154e-04,4.429034030719871187e-03
5.649372230905217590e-02,5.337681095289494720e-02
8.235875216367617713e-02,8.541164960290632824e-02
2.149980566990188080e-02,2.208642551924519526e-02
1.582555342707031229e-02,1.427295568704331670e-02
1.742327709823889015e-01,2.357776926671242834e-01
4.465501071241345806e-04,3.743182639353538816e-04
1.388412689939545871e-04,1.557607744684481963e-03
5.530108046704133168e-02,6.645246115280585564e-02
7.317469102369339624e-03,8.943132455248293394e-03
3.997094556722451640e-03,5.875016078369465697e-03
1.565948273165586021e-04,1.297075443027164050e-02
2.237875562820004077e-02,4.755620721952293073e-02
9.280476697342229797e-02,8.155268638677855286e-02
7.165576740069673489e-02,5.946168326291996487e-02
4.124436783638045501e-02,2.528041264658838910e-02
5.279642339605031820e-01,5.046791387806363050e-01
1.086372553474238521e-02,5.690479180345104325e-03
2.732821372696901522e-04,7.992605596251825455e-09
7.351618474788966517e-02,5.076036031434325024e-02
2.732615971133452448e-01,2.394500620227760501e-01
1.645874610441109831e-01,2.011286751153393837e-01
4.926696770356610300e-02,5.815549509159939623e-02
6.272216047651626991e-02,1.169257827499798480e-01
2.665547451651203298e-02,2.411429780800094028e-02
1.862230971069932592e-05,5.990165718594356314e-04
1.608602200590040499e-01,1.616233470056618882e-01
2.574458188011830451e-03,1.228880257707210509e-03
1.469891299244667320e-03,1.131191311616708446e-02
1.683576636461226947e-02,2.080615031676674373e-02
1.006614624633579529e-02,6.749618686362038149e-03
2.589738466507987200e-05,3.497130310675129598e-04
1.998377114425152045e-03,9.869509200537187818e-03
2.880044408383056753e-01,2.617811150267086995e-01
3.632261906481941936e-04,2.578912800377728928e-05
4.577246970895764919e-03,1.540869507995190277e-02
9.546814178835478094e-05,1.262449012574733695e-03
2.657161009173019187e-02,4.790911291415415885e-02
9.300326362093368215e-02,7.754655626053638673e-02
5.074534434788510184e-01,4.943499763241548384e-01
8.604318215878756226e-02,1.259057964581989097e-01
9.381638900874213205e-02,7.803216678776839221e-02
1.424611827406365994e-01,1.060798134565985734e-01
1.609921560887645625e-02,6.829496145165344159e-03
6.346677499964175073e-01,6.727033257611129136e-01
2.719725661340121649e-03,1.323338319544081158e-03
8.925419827611759914e-04,1.821204821202810926e-03
4.726766718264915901e-02,1.095401978171238605e-01
5.354508438299577632e-04,1.723450121778610702e-03
5.876867387271457119e-03,3.642706049794011691e-02
2.239507835180374329e-01,2.068180811884201553e-01
7.150451049813347400e-03,3.312799701602524294e-02
4.343477409230103031e-02,4.787707345940183518e-02
6.382288339072775263e-02,5.645277310345130084e-02
3.257379879357492070e-01,3.288484092839060180e-01
7.069427868165280293e-02,5.112331350888144055e-02
1.278629953523946310e-03,8.621156003072762142e-05
1.344148095801022194e-02,1.039696906765131407e-02
3.705100415637439526e-01,2.805472278522110341e-01
1.451619083127204468e-03,6.812582048474082573e-03
2.897638216053837271e-03,8.466104706959347304e-03
9.928594894911987878e-02,4.607458647597067330e-02
7.268791160629467507e-02,5.140719068073344722e-02
8.527821172037623743e-02,9.243394540683388949e-02
3.983474012516772210e-03,7.868926099026037416e-03
1.338767731858405557e-02,1.584667218256467433e-02
1.561286972864414082e-03,3.363860019473192270e-02
2.968612905673696334e-04,5.459045115475321189e-03
2.055368227308473558e-02,2.332249249367866761e-02
9.527952129357160306e-04,1.260092689637658248e-02
6.642382944518039622e-02,1.015059500761130440e-01
1.786343084896576117e-01,1.931732359702126312e-01
3.225044538553498846e-02,3.818183225862852720e-02
1.778606407231470288e-01,1.844819189105745272e-01
1.981299613419318546e-03,1.315705611746189425e-03
3.696800204930877909e-02,5.659503848325660169e-02
3.871461928624895382e-03,1.330548147661159315e-03
1.635145528756424063e-02,4.434882722941113457e-03
1.152731334608558256e-01,1.202669929969134022e-01
9.906505910212787258e-02,6.464336777305511317e-02
1.679630614065464461e-02,7.044819079656576381e-03
8.596750303558746724e-04,4.751145554097418577e-04
1.035004171012417380e-02,1.008607687362933665e-02
7.796293653244090738e-02,3.638450679951478473e-02
9.114779654007415521e-02,8.067233487500513611e-02
2.410252254125439322e-02,5.126712986481618550e-02
3.754881429389952952e-01,3.605196564750621224e-01
2.134827300184259560e-03,6.046861806563457218e-05
1.675805911839789442e-01,2.034711195993287869e-01
9.321302668080476417e-02,1.249881155573383945e-01
1.541009014611652642e-02,1.897026791470742685e-02
4.661611458709787048e-02,3.970442279402799923e-02
1.109839785517241842e-02,2.153523840382129753e-02
3.000098066684520881e-05,1.444010902223787474e-05
9.466673957302738484e-04,1.259232958948167721e-03
2.438417254410055537e-03,1.052142209622501830e-02
2.312155614109106805e-01,1.987497002729682050e-01
1.690564064958334223e-01,2.174685086944338208e-01
3.392123957819571933e-02,5.229202230758582537e-02
7.366387966696941181e-02,1.016343699444961501e-01
2.348847537643556638e-01,2.323516660991140903e-01
7.728689846462920114e-03,2.134430110392810981e-04
8.261116207456004057e-02,6.810000551798503499e-02
2.182353352575099326e-01,2.672181097790044535e-01
3.024054209459919179e-02,1.976591981638259332e-02
7.811939892160299492e-02,4.695203527520910164e-02
1.944111063135304032e-02,7.089103491814707260e-03
7.933868833363090234e-01,6.393971927062350735e-01
4.570748323233780885e-01,4.309261951946391500e-01
1.363775551416412934e-01,1.598941524585390517e-01
5.615672960231231359e-02,2.277414033627286546e-02
4.840942829707059834e-06,3.378907286873761729e-03
9.967132049322290077e-02,6.959323607342716989e-02
2.235074525457566869e-04,1.760605627267120075e-04
3.602517925345410238e-02,4.477806270923885557e-02
2.121430679227081714e-02,3.343854313530460892e-02
4.114093626063192732e-01,4.787277642657294940e-01
4.325057558484680096e-05,3.142439529732027711e-05
6.751811157894013760e-02,2.916603138966638101e-02
4.555661990688116003e-02,4.793822125289368130e-02
2.386239588762899180e-03,5.544004324541413654e-03
1.309538304162770990e-03,2.160890078578153045e-02
1.100082582452240748e-01,8.782076622295356683e-02
9.866028023532813496e-02,9.162735227537473215e-02
4.000253700472473917e-02,3.850049952887131532e-02
1.811225110577232567e-01,1.867283071232475056e-01
9.529665174930793906e-04,3.669322540858193770e-03
2.058103019069350018e-05,2.869007401020666568e-03
1.235707403869606313e+00,1.470159087190661795e+00
4.312464430836017437e-02,3.820425912443950467e-02
3.068726547764260085e-03,8.183855591751030417e-03
1.360088332807639269e-03,2.532520989585776948e-03
7.803872599434983313e-03,2.105952995891226601e-02
1.235378168139578646e-02,9.204218699618023358e-03
3.271992214751245041e-04,1.043012218471599814e-03
7.737718463449080875e-02,6.986198708331191332e-02
1.369728317547131737e-02,2.626395319446159313e-03
3.650120567745777089e-01,3.660869038974932654e-01
2.745515201983909914e-02,2.545048937203751513e-02
7.562927993432970106e-03,2.570183787527605124e-02
3.775945177833828909e-02,4.058394619952783444e-02
1.230160600004905208e-01,1.419373114227523991e-01
1.684186353273051063e-03,1.171845492860526994e-04
5.958294230029264477e-02,1.047624090240293765e-01
9.281803613065207903e-02,1.108398213009973987e-01
2.281883631768126183e-02,1.974710876247018701e-02
1.405185727069085608e-02,1.293881317034935828e-02
3.097601729605566675e-03,5.466464478915580134e-05
8.133216322985907520e-03,2.850014209096558317e-03
2.608803749335467104e-02,1.031837760934320274e-02
1.242483733010240898e-01,1.636127744075922819e-01
7.517598705964786531e-04,4.550769759833000962e-04
1.333567922857139265e-01,1.516806973060040864e-01
3.807423754304284369e-01,4.028428183423551912e-01
1.204517000146654720e-01,1.085162115291207485e-01
9.257069204498692694e-02,9.597624891336276054e-02
7.918916601797237886e-01,8.092922744263938428e-01
4.218076946103726382e-02,7.118947139729858709e-02
4.324286846045628623e-03,1.312615252425831242e-02
1.007671275542301598e-01,1.010283669893250885e-01
1.105101429345191170e-03,8.404957196682284347e-05
1.063758995814696739e-01,8.677085793436244143e-02
6.727004827715937774e-01,7.641148809143495368e-01
2.698567467408135578e-01,2.701283190346123186e-01
1.351376814956206304e-03,2.783033629022491420e-02
2.846193841269673615e-03,4.015141452504358160e-04
3.052754617704236256e-02,5.234305544033268642e-02
2.982912843943624770e-01,2.374636974175486637e-01
3.213463691573285597e-01,2.190075628853983547e-01
1.753118331285537235e-02,1.446589560403833616e-02
5.284428359831699434e-05,5.115851691332051754e-03
1.844958867031781247e-01,2.693970958166698182e-01
3.330930715403180881e-03,2.847138111397403055e-04
5.932784130191171013e-01,6.344926995737740771e-01
1.039175482334422744e-02,1.008603555956150968e-03
3.125609480827101772e-02,1.319177777587492509e-02
4.146602853111220344e-01,2.770304909255009163e-01
2.786641032569503809e-02,4.659009866708114372e-02
8.392592475058222729e-03,1.634590733435353424e-02
1.426233140920229181e-01,1.323538036406810836e-01
2.692123476499230783e-02,4.654858776747358706e-02
6.860630784511699554e-02,7.949424795769419183e-02
2.791114582068929262e-01,3.483537187411575586e-01
1.947721259023785928e-02,3.369813926279898592e-02
7.722058501756844801e-03,7.424537011300995880e-03
4.237793738338184457e-02,4.038607485308874645e-02
2.275463927788914584e-02,1.832499351105166402e-02
1.333056778983526258e-01,1.136326652688852690e-01
2.483248753907021100e-01,2.124123217064631253e-01
2.542976432672262518e-02,4.031664906218862532e-02
5.382541997205134710e-01,4.224875252752297028e-01
3.646509283646234834e-02,2.615365693151794693e-02
3.538602269398321426e-02,2.788186227563245814e-02
1.072864702585747676e-02,1.316721419837240184e-02
4.594358166437891716e-02,1.067259565946158950e-02
5.215474109324144680e-03,1.085554270931152719e-02
3.405255168745466212e-03,6.129639103247994884e-04
5.835071697473925671e-03,1.063934341972314068e-02
6.057005192829068713e-02,4.752303435677395632e-02
1.839997036009796139e-01,2.640365096684633150e-01
4.381496116344360536e-01,4.538501717443903516e-01
6.216420711035783309e-02,9.320195046880208611e-02
4.466735746662912621e-01,4.618437064151955096e-01
1.969248823636094489e-03,1.406814382401168394e-03
9.950783749710447740e-03,1.751781190936609056e-02
1.311744562458307395e-01,1.236495971790285142e-01
4.579470485034133065e-02,1.454926515969218008e-02
1.661046653655698585e-03,1.396759691094258448e-03
1.989809647487820188e-01,1.115934519024819604e-01
3.490044638356534085e-02,3.648596635630049073e-02
2.690568938947771049e-01,2.351861581474542218e-01
2.868333830342214424e-02,1.735381361372955594e-02
6.954538728684418053e-03,1.673076133704491306e-02
1.963462531127203523e-02,2.347598074515715519e-02
1.258837692073100367e-02,8.355240663692290251e-03
9.063664853167999191e-02,1.286736988439873830e-01
3.875837274365659998e-03,1.503404817907688477e-02
1.395772182217809229e-02,1.942794727638347610e-02
1.961215345705846422e-02,3.815020539776340508e-02
8.743310706534800298e-05,4.302359403094927620e-04
7.417600276374399166e-04,3.908215568592630917e-03
1.958572670537607474e-02,3.341997180974862897e-02
2.533023828312053541e-02,3.773986943923193088e-02
7.586997678745110996e-02,6.875760549415138589e-02
5.115778937195651892e-04,6.175046794532274615e-04
1.264224925558783577e-04,1.529390761451490666e-03
1.222737517651005801e-01,1.038979826520712996e-01
7.345071689602670215e-04,1.197469746702467530e-02
7.150282852478452578e-02,1.071850610066103077e-01
8.415835496252674353e-02,7.527580673666148248e-02
5.173759468793327487e-01,4.084777630485135202e-01
2.734209823158144717e-02,2.339354415960497383e-02
2.026039647522570875e-01,1.972414635298832264e-01
7.054471741099596627e-02,4.712017946658320772e-02
3.801345179265612773e-01,3.518682851898939923e-01
1.223508008432127731e-01,1.098099915139351540e-01
7.463373552439451775e-01,7.484636956644195038e-01
6.577447052791891846e-02,7.959175194621082028e-02
2.449444929867763132e-01,2.193495882007886200e-01
4.373862574867600525e-04,3.289145324437135406e-03
2.076986945736541135e-01,2.751490561320806827e-01
4.800772967074731779e-02,5.835941758207696672e-02
1.219447839739730768e-02,9.001415932702240552e-03
1.894477572337480431e-01,2.383077256434577851e-01
9.787068035668561804e-05,3.438759321160121934e-03
1.245858647268802827e-02,9.773059693569501050e-03
4.296531640767213278e-01,4.867895525493102227e-01
4.186845951437737079e-02,4.927371399368875304e-02
5.698433027745363616e-02,9.289333583922812498e-02
5.145604350808315186e-02,4.584593359185062944e-02
7.221730524506984883e-02,1.036884517616856322e-01
4.295651230738341958e-02,4.137626240658845433e-02
1.596577708775972224e-04,9.701624122005591394e-05
1.293118774792441916e-01,1.151497523138425294e-01
7.407795296462735268e-02,3.335322019607690064e-02
1.960337471564628509e-02,2.185804129566597254e-02
9.101701402079870329e-02,9.469877332765884448e-02
4.860367974819896908e-01,4.193688872827696090e-01
6.631245094447384136e-02,5.311989489557879252e-02
2.775342568054227702e-02,3.376270453215905049e-02
1.164560347226022141e-01,1.296006023677868935e-01
1.968523998822146182e-01,2.499702283003689129e-01
5.640744492195366028e-02,5.640481986305841827e-02
2.603683448301292655e-02,3.947863287050846354e-02
3.670245266347422763e-01,3.154577616051234545e-01
4.401253683609462376e-03,1.269124493356522942e-02
7.035283885165802276e-02,7.786473934000255614e-02
1.422275044232173824e-01,1.608121958112340988e-01
2.194994135323974707e-03,1.134761444899041148e-02
9.630619436810759770e-02,1.465456349319830542e-01
6.513153753704303828e-02,6.403965693916979784e-02
5.514381945389894568e-01,5.260378869255333267e-01
1.810776071194493131e-01,2.026297012022618971e-01
5.617576322656871873e-02,5.372050608088276002e-02
3.206351042961664427e-02,5.841911724963836511e-02
7.999926583929140370e-03,2.347415669854675813e-02
9.941386531954442274e-02,1.321149858573233415e-01
7.405383977006397851e-04,1.646566866705758509e-03
2.269935869109653004e-01,2.323770510734482209e-01
1.652413718119319086e-01,1.492572790783516790e-01
6.842870468605862476e-03,1.591451674666747402e-03
1.531962117972699398e-02,2.059893335526929298e-02
2.513464458421718270e-02,1.666396876553978210e-02
2.050551085786291861e-01,3.056726950751911254e-01
5.400614731220273329e-02,5.649439807579121481e-02
8.011609979272306392e-02,1.189232298521264997e-01
4.975936046489951026e-01,5.094594025096441658e-01
1.996851612620271776e-01,2.184837376034002854e-01
1.492539119801903659e-02,5.515056880302824510e-02
1.648938252262939497e-01,1.766501008458879474e-01
2.328001809735621118e-03,2.414138002953879796e-07
8.318575685437144818e-02,8.955909316770983841e-02
9.915228890161267850e-02,6.254921153230208475e-02
7.858150000692691872e-01,7.107273490746960354e-01
3.624779242614684649e-01,3.181389573260383075e-01
1.440209450311678852e-02,3.921152254815774701e-02
3.036095275472891833e-02,4.759364074438132003e-02
2.778888518623722631e-02,2.545234293009249193e-02
8.194841636271621432e-02,6.439492040041576437e-02
1.397422491593919465e-02,5.137913100785145015e-02
1.027676098031088175e-03,2.264441304537593343e-03
1.320348270733461560e-01,2.075685825869402756e-01
5.516423732824783828e-03,8.246105347333231722e-03
2.477705967060283010e-01,3.191003662600365165e-01
2.012968670798081594e-04,1.229294990536908489e-03
1.707584811448513984e-01,1.568622948090280245e-01
1.393477823360412789e-03,4.313002687164286327e-04
4.927046250627421520e-01,4.101369245377667339e-01
1.258150422380544253e-01,1.547600118815851966e-01
2.394361500300452028e-01,2.201711795301944663e-01
7.037622900217956057e-02,7.499286483868511377e-02
6.250584724788010860e-02,5.137373483225676080e-02
4.889996596051335298e-02,4.699485401047390903e-02
8.786627681674616039e-03,3.197404587442660533e-03
5.395358119020056409e-02,2.220284605482826176e-02
8.876864543613234571e-02,6.679871251263538867e-02
7.049753873394020050e-03,6.434543253689541630e-03
5.039575570796255705e-02,3.165981122398281444e-02
1.883148620767081394e-01,1.804867716827182611e-01
3.883820596881903953e-01,5.038700311023450729e-01
4.937437411179594615e-02,2.369817991269383695e-02
8.478546651785465659e-05,7.601424882611560081e-04
4.326445538442323657e-02,7.970414633648280345e-02
2.952000818443015380e-03,1.270874054006346579e-02
2.291140884425872104e-01,1.720803320978286088e-01
1.830350250101623055e-01,2.009677622931745899e-01
1.328158312225636017e-01,1.138551505165454475e-01
9.116580487397689045e-03,8.985740065001775537e-03
1.283033863605904934e-01,1.998830635840770920e-01
1.194980807208882168e-01,1.368016397349314794e-01
5.740127771745951596e-02,7.590263479851473705e-02
1.315514595895185893e-03,3.748894936461627005e-03
1.686791877796100264e-05,7.254291097806519345e-03
2.767052407350319848e-02,3.910275360017433782e-02
3.070337221348178325e-01,2.804553047325165638e-01
5.345223506370282429e-01,6.230079375051871260e-01
4.717233536226949492e-02,1.158000246143566468e-02
3.853472933436027925e-02,4.676329592574447053e-02
2.681424132217286038e-02,1.681733913952023624e-02
8.477714071593187017e-02,5.985744346095742824e-02
1.139293753447728937e-02,1.776413236524019418e-02
9.227959686072992297e-05,5.333252636105128772e-03
1.452552813766549433e-01,1.326096212660397844e-01
7.171744195155308442e-03,1.845219804746657056e-03
1.815774587870024326e-01,1.875374375856522224e-01
2.241528767362820362e-01,2.201883589757552551e-01
3.886438084724209291e-02,6.101733863612184006e-02
4.786874640309840556e-02,4.805522450271633439e-02
1.034186860909517419e-02,5.303460026669495897e-03
6.914023456510885735e-02,6.390999663966923094e-02
1.661871518795068892e-01,1.164448728728228882e-01
2.066294409314464145e-04,2.374566776813164404e-03
1.256398062640476931e-01,9.255074051959728820e-02
4.075196520513432036e-02,1.699509725837108215e-02
4.637057014076458039e-02,4.363208966776681297e-02
1.342852580591133438e-01,1.609356054908292200e-01
6.288373138199437884e-02,5.645975655510017399e-02
5.096616889401265338e-01,4.783498992563774976e-01
9.952681297362801771e-02,1.373192095178734917e-01
1.602978855606744177e-02,2.648699939583093466e-02
4.416998021897615770e-03,6.806383568687702015e-03
5.388954857256385983e-02,5.381145740220487361e-02
2.413943393923933048e-02,3.090467762878515781e-02
3.441272438022244945e-02,5.644180886035154998e-02
2.343856624288229440e-01,2.153107285388594638e-01
4.606334177882248984e-03,9.512005606690372662e-04
2.010660094458660840e-01,1.690290543339017793e-01
2.178703511854849346e-04,5.739478904708966711e-03
3.655712295664286112e-04,3.352694534748360856e-03
1.074664800191199449e-01,9.887272825491695560e-02
3.674656582765721269e-01,3.412665470738921458e-01
9.974114644151285680e-02,6.863683025372131763e-02
1.023526298474292670e-03,1.285463885888180231e-03
1.215801235293589716e-01,2.185802326107421090e-01
1.938270469462981815e-01,2.014210593764539370e-01
1.589975370792459930e-01,1.701489731065041200e-01
8.030220698111854849e-02,1.015561476449786393e-01
1.092546335239852687e-02,7.044425665348192332e-03
1.965341072777854470e-01,1.520079272732927089e-01
7.825701743550829426e-02,9.879422448206023888e-02
3.317258914027806233e-02,5.127559981538219042e-02
9.659521163415115547e-03,2.414723224727432366e-02
3.889181003789193153e-02,3.039973584274978727e-02
7.714891197321824268e-02,1.067229569023341318e-01
5.008977295846781495e-03,1.938975370307262358e-02
2.110734558017242912e-01,2.411350841545691903e-01
3.340721552361164415e-02,3.266397286845401648e-02
4.136065404489781133e-02,2.583509073357210389e-02
1.400081125394169596e-02,1.257617787899643208e-02
5.151607475952655474e-02,4.506552844212152742e-02
2.003882238154173004e-02,3.007174893998054363e-02
3.410018632941370087e-01,4.104313802837345482e-01
8.113599958580717825e-04,2.361855231098335117e-02
1.078488501292799384e+00,1.046973104183562153e+00
5.809767115888650468e-02,8.070445769361980770e-02
3.202219507643076519e-03,1.810114422287821935e-03
6.529986581886545668e-03,1.873364259611061053e-02
1.141930481357461905e-02,1.180086345663684116e-02
9.033462888246150679e-02,1.323077830181962344e-01
1.384697635080704148e-01,1.018340872813208453e-01
2.971199659619936165e-02,4.585227241573250345e-02
1.100257879426333602e-01,7.711290062098516418e-02
9.897527578300059636e-02,1.160134167280092166e-01
8.718942087935378782e-02,5.880296718441341275e-02
2.480712466875533151e-01,2.752725304314190824e-01
5.048264680750480895e-05,9.049284552911254862e-04
5.893861316409138712e-02,1.435585689631826423e-01
3.684671346923754781e-02,5.950163735221098565e-02
3.870146227698441077e-01,4.092324041943722901e-01
2.652903828540105415e-04,2.133134663185503113e-03
8.922117261119506359e-05,1.123995965084800298e-03
1.606755290008710091e-01,1.100787060589893118e-01
7.087901958658242058e-05,3.658789238784159945e-03
2.806154803618206017e-01,3.926268969673903930e-01
7.270829845193836627e-02,4.743646739503015741e-02
8.214942461464430287e-03,2.635199301385672890e-02
1.300485842467066222e-01,1.256989871415571669e-01
2.802202046149507852e-01,4.134372255772669202e-01
2.620358670400050327e-01,2.541128049626342755e-01
1.884965228758188061e-01,1.700072815148807315e-01
8.745151925604977916e-04,3.152758046352584936e-04
2.832789284573791200e-01,2.640230698788990082e-01
1.185188810460747061e-01,1.133612387436981894e-01
5.919557122339952175e-03,1.279028816693297474e-02
2.592104676804747251e-03,3.312722546743448408e-04
3.821564934053616747e-01,3.673116736260613191e-01
4.892072718225667222e-02,4.370051572049028776e-02
2.766021138743932073e-01,3.332242973741709746e-01
3.652809093592885303e-01,3.416266188421547279e-01
6.161629064630734856e-03,8.478803729351971213e-03
3.463882094334385514e-02,1.280599212033445289e-02
9.341699977546341627e-02,9.037887633011859601e-02
5.277889914706249824e-02,7.164435532974916532e-02
4.894109017372314518e-01,4.643391700835595715e-01
1.135849484167557460e-01,1.550925606483783692e-01
3.403825487480204720e-02,4.750799788608624924e-02
1.002016374737461392e-02,7.186442149477178382e-03
1.335170215011540762e-01,1.231637238835780468e-01
1.425265504758190804e-01,7.958481345079372604e-02
1.320205965577775711e-02,2.941930912380544619e-02
1.833928383184578112e-02,1.681859651909906744e-02
2.855321363843468015e-03,4.530837634142534723e-03
2.139077279536207021e-01,2.490020090610875481e-01
2.211193411697136985e-02,2.899597439523132064e-02
7.678798930001642237e-03,7.045899108843149336e-03
1.185917346537182365e-01,1.727715413581702164e-01
1.889766484096808835e-03,8.265323467652670479e-04
1.281476187031987957e-02,6.569365234742567802e-04
1.591845542921326321e-03,5.091592114847510661e-03
9.469648523662355100e-02,3.683400449493888507e-02
5.668935887920728556e-01,6.266431345800163033e-01
2.040569556887697131e-02,1.401769034047820473e-04
3.542789023118590448e-04,1.201633548933646496e-03
1.908667208511217184e-01,1.966252839093376725e-01
2.110117210807246207e-02,2.122970185283605538e-02
2.592557111856666832e-03,4.224019938833469164e-03
1.992511447267510810e-02,1.037755495824956714e-02
2.640315536362347615e-01,2.495531335529107275e-01
3.643840910382796505e-02,3.661881004144066504e-02
2.348026483758599292e-01,2.676129112997830961e-01
4.668754960408750404e-02,4.625931053234490914e-02
2.924665067715625510e-01,2.469629570410374342e-01
1.750391370835069425e-04,5.770728800129873741e-04
1.259156301942661142e-02,3.750972527960956190e-03
1.167304485558638000e-01,1.164708915843237075e-01
6.645919831455907034e-02,8.163092526512097380e-02
1.423088787111239650e-01,1.716380264959655733e-01
3.657263580854104856e-01,2.916140528193618131e-01
1.729647412210746360e-01,2.113775689534989621e-01
3.121551640521183502e-01,2.816440237910429190e-01
2.715048275065316472e-02,4.556226411939240384e-02
1.356904585225325761e-02,1.683592572023979994e-02
1.879940547466089906e-02,6.880722794009085617e-03
8.704974464950533675e-03,1.472216541747381480e-02
9.396029381383383394e-02,9.863684707137322649e-02
1.541668055025384176e-01,1.495768549020473903e-01
3.592017619812786638e-02,3.762364433907777056e-02
2.215750341014223815e-02,2.297133991994216098e-02
1.645479016273160636e-02,1.429475245337586027e-02
4.667507366872863245e-02,2.514089212512842994e-02
1.601870570997177695e-02,1.511473644180422182e-02
3.422003108957213761e-03,8.465555079972381894e-05
3.071121810256614015e-01,2.381439309841031637e-01
1.787381399169922155e-02,2.317736185822428033e-02
2.806489550513822095e-01,2.379305954598313066e-01
1.812904016534992724e-02,1.962895417345279434e-02
2.418603470617106954e-01,1.619102407587832693e-01
3.093322768046170005e-05,1.214565450626626034e-02
2.246496557901957458e-01,2.583415307565292696e-01
1.670345706433426156e-02,6.515098487863840021e-03
8.516601925027455838e-04,4.474465332170884792e-06
1.662284826830380622e-03,6.345839611117548313e-04
1.852277483689828905e-02,6.041031790258135498e-02
2.156673246700126223e-02,1.408286487388197596e-02
1.703767195469288725e-04,1.098788903161641026e-03
1.553394051177034094e-02,4.855052456921147078e-03
5.140428614013523891e-03,6.225662172960935150e-04
1.250089427169167600e+00,1.025949914366420801e+00
1.347604713168283619e-03,3.139220612396378257e-03
1.199494710235876060e-01,1.522644865818156279e-01
1.406742966939049655e-01,1.099885692102974544e-01
1.252582178344109100e-02,2.759144854680997683e-02
1.618800414039221758e-02,2.988251193669348021e-02
2.826168362692061536e-02,5.338106255849251608e-02
3.644743209094942950e-03,7.461092895711076388e-03
3.449291480865764037e-02,1.891652810228698980e-02
5.258990640605565314e-01,6.168218161470758742e-01
1.818238002604052883e-02,1.622675097543443273e-02
5.432168493795156428e-01,5.365307088948781944e-01
1.625885669818415315e-05,1.056485180712145517e-04
7.608547522705979421e-03,4.613086540648016556e-03
2.948912383531011872e-02,2.432466494835337431e-02
2.778244911163213048e-03,6.600292298359991018e-04
2.709966201383625165e-02,3.835984564206111613e-02
1.077954410673150204e-01,1.138384758623626758e-01
1.280166654103241930e-01,1.126826335165816151e-01
2.874937009691759249e-01,3.737596988009742605e-01
1.650453053793143193e-02,3.977340370506839140e-02
1.061981243196357706e-02,1.447590360198330265e-03
4.498444935963757246e-02,5.071936256384435709e-02
5.567928984446909313e-01,5.351267913456196901e-01
4.060256342791650902e-03,2.208990009502272752e-03
1.823194639706179621e-01,1.438996016234002917e-01
5.560097808451426420e-03,2.005068314230160163e-03
1.495132404160556538e-01,1.927637169503490788e-01
1.655675143790037440e-01,1.637757265293758036e-01
3.333739572682354289e-03,1.231273503511468373e-02
6.179823448684548349e-06,5.241379780965326265e-04
3.914808518931199577e-02,2.775842146554454576e-02
8.830849003275624554e-03,7.151023977730258142e-03
1.976203710053830720e-01,2.361078671786562833e-01
3.176765044642575198e-02,3.155112658078632754e-02
2.859574563369974187e-04,1.358590159097830411e-04
4.231088933833689232e-03,2.987331930959183195e-03
9.979050072679063882e-03,8.584653523713212803e-03
1.989483326269248648e-02,2.155030650473607062e-02
7.572144798384969899e-01,7.697528131419302255e-01
2.587166622647113501e-01,2.436510278188607492e-01
1.260445019837390900e-02,3.785663138212539162e-04
5.285661588329979010e-02,3.710924839952899068e-02
3.285785261483064663e-05,6.219003886529425248e-03
3.054337340496020570e-01,3.611993896726680697e-01
1.413249952247280956e-02,2.235779213827480613e-02
2.213482244534985613e-02,8.708139741062114608e-03
1.788554882485266992e-02,4.266999270119944954e-02
8.085352696671353756e-02,5.305514199485494159e-02
2.525021845445984958e-02,1.744547477037353481e-02
4.283297986365296878e-02,1.642095074983414282e-02
2.153476531794943638e-01,2.402676386158358324e-01
2.175631582730991054e-01,1.660170630069689457e-01
3.152166200278665453e-01,2.430287495137141707e-01
3.055434633180860171e-01,2.824246903025415811e-01
4.322470041457245060e-02,4.057576510399634601e-02
7.850690055235598486e-02,8.213920144558853331e-02
8.467609441054176761e-03,1.166923519656998601e-02
7.751750551088026908e-02,9.035846160179006326e-02
7.238567065672910474e-05,3.992149508583325043e-04
1.248040589767952790e-01,1.512897994429912851e-01
8.135810085065892094e-01,7.691659151514749215e-01
1.045184755346778432e-01,1.449250992130138860e-01
8.236942794504367813e-04,1.675956979565024186e-04
4.390382700929121307e-02,6.306764359736111158e-02
4.681316189283946626e-03,5.431308516577575997e-03
5.290857427657329887e-02,1.026928560024799320e-01
2.064216079515987338e-03,2.316379356371483719e-02
3.531864052348527856e-08,1.509284884816369376e-04
1.201182514527074224e-01,7.346760326469560509e-02
8.896146467081264553e-02,7.513680794580449018e-02
1.048318187467496831e-01,8.040811809458656145e-02
1.371958312228271177e-03,5.978126381564120200e-04
1.942747441848907686e-01,2.204365267900273984e-01
9.346437654096921999e-04,6.113105872437000869e-03
4.507621147395489414e-02,3.326453864998845517e-02
7.675627243682411893e-02,8.384456135097986818e-02
1.130800004995665504e-03,4.257589190128851023e-03
2.865386832826239197e-02,5.827661848673491851e-02
5.012994807863091484e-01,4.831115248773127369e-01
4.479362961987811212e-03,7.623296026155547238e-03
1.986714819842353222e-02,2.761716867576087184e-02
9.277059594841166601e-02,7.579837353630439201e-02
2.050283679060106723e-04,4.974718044895946704e-03
1.893352475989868444e-01,1.521299518523076821e-01
1.020580038604918527e-01,8.436960209790975163e-02
9.387307748076284195e-03,2.239344426495849805e-03
4.574656363252783131e-01,4.292083019798817456e-01
8.394167633701821174e-02,1.483484183737999729e-01
1.772976797791585291e-02,1.128251516566082698e-02
4.616847500347504019e-02,5.852546537881436750e-02
4.289803200434368774e-03,6.294095479229493313e-03
3.292061118356950228e-02,2.414916845796455033e-02
9.855783193957887156e-02,7.890766757591449743e-02
1.581534965690712833e-03,1.349278271456829108e-04
8.723228258350161982e-03,4.799829242244311664e-03
1.332608855023890704e-01,1.317515336177902119e-01
9.897753923466891257e-02,9.334244039939301740e-02
2.245663437715835278e-02,1.987897731323777853e-02
1.300176574642114835e-01,1.199211626371071704e-01
2.740495823561093364e-02,9.084742278712648264e-03
2.450622880668987813e-01,2.705847401917850226e-01
1.334588052145747536e-02,2.369043002040578313e-02
2.216618812992718068e-01,2.669927829603545022e-01
1.659796473364960612e-02,5.738880250981259062e-02
8.897259315381073064e-03,1.575850200467866780e-02
1.785935038495554180e-03,1.113053496214519043e-03
1.863967176427201167e-01,1.558178517646155448e-01
3.100422259986082254e-05,1.041283858317181270e-03
1.045946034804883656e-01,1.644828577512092715e-01
2.273963806605738477e-02,4.495382923444228573e-02
8.188176694524170948e-03,1.343895258026997323e-02
3.771792167335758037e-03,2.800164336831099016e-05
3.121107746251226001e-01,3.511118276068808108e-01
1.054441732540068594e-02,2.207908143353097367e-03
6.868336408270234519e-03,1.818697857064649134e-02
9.493432458517091915e-03,1.248020151904641675e-02
2.544173446920237544e-02,9.395297002461789823e-03
5.732745388018203880e-02,6.189567048837157914e-02
4.332202920803552432e-02,2.979432443582913023e-02
4.858804892872309322e-02,2.985162333607642091e-02
1.183495152739602735e-01,1.247436204081886213e-01
2.570228187553649443e-02,2.730699151343217446e-02
1.854012360648183699e-01,2.183888250073036941e-01
1.303347104352022001e-02,2.465627907825162710e-02
8.868063090326897546e-01,9.135366183696743692e-01
4.812679533525140302e-02,6.711865706020271605e-02
3.371991857215693358e-03,6.717591920090803647e-04
3.702172023346787279e-03,4.553616206608799427e-03
9.357579825200466536e-03,1.997189388211461844e-02
4.508652520384392841e-03,9.613699953694359451e-03
8.129305093698248330e-02,4.316228457818920006e-02
1.476995312020618345e-01,9.728047557480655472e-02
6.770857228102026282e-01,6.505491574201136551e-01
5.036178420670403555e-02,5.110435630927522704e-02
3.450390051893156146e-02,4.506339314866396328e-02
1.424113525594660479e-01,1.811078709350253668e-01
6.380079380058065186e-02,4.413605100834439715e-02
3.198626926886582989e-04,5.152496752023909190e-04
1.939731134351634356e-01,1.996002425710666495e-01
1.699049262435938998e-02,2.353153273491877598e-02
2.672574486563223523e-02,3.800606158424730402e-02
2.282164435866098490e-02,3.182024226139552880e-02
3.420121811438391335e-01,3.842334993107935914e-01
2.310261028957736329e-01,2.593763882423553713e-01
6.678244764370429645e-03,3.260615161286174648e-03
1.437202034865985543e-02,2.076939151300417549e-02
3.959267201519999224e-01,4.033200049172657176e-01
6.325957204076568807e-01,6.826365396236298011e-01
1.309425419073662229e-02,2.875273989030932564e-02
3.546261649736596328e-02,1.907558323268257125e-02
2.103765780935041574e-01,2.256860554629682714e-01
4.416763490097687372e-02,7.073395233173061791e-02
3.862999495174026989e-03,1.207799047866556751e-02
8.227808811392099686e-02,1.087949264530658627e-01
1.937828006126798286e-01,2.477695091320838983e-01
1.153899395169443592e-01,8.172986793724039412e-02
3.613435934276295475e-02,5.634535561448318630e-02
2.692119149606005402e-01,2.565361220532263453e-01
6.161366515443294362e-02,7.483575431818090262e-02
1.803898063323874576e-02,2.172860754506370645e-02
5.854194203441656814e-03,7.033548977812114841e-03
1.987456216259014807e-01,1.826880131816515929e-01
1.659896890126150160e-01,1.396712085276544668e-01
5.928334016084993441e-02,8.289353929844325841e-02
4.147849415827607050e-02,4.385421582746542452e-02
1.772557308748621829e-01,1.650181536022660433e-01
1.111857025477738792e-01,1.106089702193707724e-01
2.029024585490173636e-03,2.858989700129198688e-03
1.883291717327514603e-01,1.927023746793651571e-01
3.645390163930675026e-02,4.357917457842953174e-02
2.410746002580448782e-04,4.436898431926553869e-04
1.489528875680028452e-01,1.433922691673511773e-01
5.784373329410516518e-02,6.837988201340421124e-02
1.400031447154252429e-01,1.303052657313149287e-01
2.334687272083926513e-01,2.524307151079982492e-01
8.549079036344905957e-02,8.575403784443917654e-02
1.060237202624098179e-01,1.276254029829974324e-01
1.703038108649361504e-01,1.397237651088067134e-01
1.329399638720093514e-02,1.232461954541283489e-02
3.688939772766387515e-01,3.315071213551355478e-01
4.639994973696904418e-02,7.504973062477751644e-02
8.797804538395065377e-02,1.109278859602948197e-01
1.551093571630031594e-02,1.010021996560483872e-04
5.285828581005042742e-02,6.775521716683771678e-02
2.120531296165061377e-03,1.064821180165846084e-03
1.077315838495279399e-01,1.005183859717587030e-01
1.068192117617727463e-02,2.515908558682010757e-02
2.704836917218729139e-02,1.517728259348718328e-02
5.987421440292400344e-03,5.464041161972689811e-03
1.297726417348786521e-01,2.126446442493015176e-01
2.327072208985143248e-02,3.061873742663403369e-02
7.936473386489893700e-02,6.650450938505751697e-02
7.009711905506263788e-03,3.023572401109840633e-03
1.379263389545427598e-01,1.653578972992201801e-01
2.659022307669033774e-02,5.214661082496376693e-02
4.822438900204845114e-01,4.528602867008457711e-01
7.926356763948058659e-02,7.954151555527397277e-02
1.037714422377441492e-01,8.786289792896539996e-02
3.086050287793322064e-03,6.446715184903707360e-03
1.372908903325647210e-02,2.544857761070422678e-02
1.020949933682038097e-02,3.010812710428679637e-02
1.796089314677020831e-03,3.741947075200550889e-03
1.011955140993265889e-01,4.743434221905148962e-02
2.673350821384984921e-01,2.072603037790469727e-01
6.276295197098458525e-03,2.975764470790352549e-03
1.755122550859357644e-01,2.084357693215967422e-01
2.013131099468837629e-02,3.893229843192703293e-02
9.939673854555247656e-02,1.186783705179699500e-01
7.704314861447263867e-04,3.618341084350247452e-04
1.953587679605363683e-02,1.578440353801634569e-02
4.876109858012658426e-04,8.442237883877799434e-07
3.200910024917323626e-02,4.387863097431045530e-03
5.560759941911183613e-02,7.985087795859588389e-02
1.547567014812046074e-02,2.112305007164911458e-02
2.790082690974753370e-04,5.161464810678842192e-05
1.258367182328845868e-01,1.726123799624575128e-01
2.802088642638396743e-01,2.309013894587587379e-01
7.093208538592991885e-02,5.242292734495015288e-02
1.009676599757402919e-02,1.016073988232485230e-02
8.067782448491608860e-02,1.011246265053551280e-01
3.762085985441016717e-02,4.772381051786366013e-02
1.345863685281142906e-04,1.185418029539399070e-03
6.608111788565246281e-02,4.270287016811608050e-02
5.155709754322580600e-03,1.734891466096403134e-04
1.024832305561060586e-01,8.150591062289151700e-02
4.339444205864834703e-01,3.486943037703290615e-01
6.492438489113018518e-02,5.914381766428719600e-02
1.006134885835697074e-01,9.066112083025200385e-02
6.640348732502895923e-02,4.724565159596492286e-02
2.455738655753526012e-01,1.759686504096397153e-01
9.763202642626450656e-02,9.895062666187108558e-02
3.643255128551251693e-02,2.892043937349026567e-02
2.429134143959722492e-01,1.484826318558726266e-01
1.253906089779859706e-02,9.934162015536122589e-03
1.120076543998840268e-01,1.215021846999091021e-01
1.730537646773944822e-03,4.887795554217392799e-03
6.315958397162815818e-02,6.215317217703147240e-02
1.847349595454235438e-02,1.704146940533104657e-02
9.238148935453955463e-03,6.433746421777021898e-03
6.159989741075740100e-02,8.188426373053481200e-02
2.140890834528942285e-02,3.324559733921621935e-02
1.828318284051681092e-02,1.749571969262314619e-02
3.462180429088154709e-02,4.360726850369089913e-02
3.437001471072700237e-02,2.021487227514250778e-02
1.232917646407529072e-01,1.336567368214943707e-01
9.392268923760030419e-02,7.985647956518920898e-02
5.914612386921612730e-01,5.351889181857872879e-01
7.033506490147760359e-02,2.688668725533435722e-02
1.923782133507145886e-01,1.950070697146269738e-01
1.287745633722048831e-02,1.295565179486804323e-02
6.879953937902115631e-03,4.457389979878581890e-03
1.639682318162689889e-02,4.901620742329596860e-03
7.054496268195268455e-03,1.793011363225676877e-02
3.748227623485284044e-02,4.385665479173393722e-02
6.880972156916503266e-06,9.742926802698179903e-05
5.334969944228138417e-01,4.585292380733586026e-01
2.906169830769740267e-02,1.768259185833042507e-02
1.268225910967641923e-01,1.306854082715229459e-01
3.585198961854807465e-01,3.203522389756492394e-01
1.524234402918698272e-01,1.374235920928908172e-01
1.486160402347318915e-02,2.404943948313426408e-02
3.496982174605618998e-01,4.632255659340054899e-01
5.175867850609424531e-02,5.226003456009846448e-02
5.981244876907033242e-02,5.374230425066845590e-02
1.417543719247865153e-01,1.717365649763598068e-01
1.475658321135205758e-02,1.034149512716752567e-02
7.200453706711885948e-02,5.558010437114475899e-02
9.662303312671396971e-02,1.079172324683208700e-01
1.642903285701870220e-01,1.544973588941966347e-01
4.406425677097960264e-02,6.777454594457492376e-02
4.581170180977472417e-01,4.839130290108856203e-01
8.122166449431587887e-02,5.783630081673574175e-02
6.170607908272471298e-02,3.110528462658592938e-02
7.718791570147573444e-02,4.882417910036888908e-02
4.250238181929355966e-06,6.291139082562241178e-03
1.410418797953888748e-01,1.806136641040946289e-01
1.717771655010844750e-02,1.389138880929142658e-02
1.329972307222292496e-02,5.613201383793524693e-03
3.114287944679993770e-05,5.917248767010942776e-04
5.552070851653566341e-03,5.798644626244815460e-05
9.158480012465639031e-02,1.343445051115626232e-01
6.437257236210149891e-01,6.727053896384349585e-01
1.404596952795638398e-01,1.395131249364696957e-01
4.517180402443276427e-02,7.137138451207232503e-02
1.131755365651075998e-02,3.243576161637208577e-03
4.739627801621671410e-01,3.386297504547494674e-01
2.880556809832447024e-03,1.202400492523378317e-04
7.214820463863057254e-02,7.483593723268790188e-02
5.686413160500938258e-01,5.407661240846591832e-01
1.393003190283037540e-01,1.501281799437187980e-01
3.384977609685538118e-03,2.736796304798074647e-02
1.031096076318573918e-01,1.233618719141046649e-01
1.928531901444411559e-03,2.984373236203837959e-05
1.648687292104734636e-01,2.349488903744650081e-01
2.899361875043400261e-01,3.091020203662904753e-01
6.296325087791164454e-02,6.230003301652224657e-02
5.666121118843462506e-02,7.036490648346892252e-02
2.320729884142955224e-01,2.639795544274510797e-01
2.214366278189701907e-03,2.079956833314992957e-03
1.765654174144252672e-02,2.719446286036955596e-02
7.380704588648398512e-02,7.927443405927789288e-02
2.088581670595969775e-01,2.181208364608582528e-01
2.983001608050376841e-01,3.244019432794026381e-01
3.063400129621137169e-01,2.645696626077604363e-01
1.341139386434445635e-01,1.563674986717251969e-01
1.011922056766512701e-01,1.134538485836188298e-01
3.809882754224038631e-02,4.026816987676170440e-02
4.027839432987574686e-02,3.458871753011635852e-02
4.769955820279977998e-02,4.585205328031291550e-02
2.234554599838595862e-02,2.027124237434280510e-02
8.980712525551767800e-02,9.697175320692337508e-02
6.664081256647923224e-02,8.564952365122179001e-02
1.961106367484107549e-01,2.948005823923166013e-01
5.685694009879167614e-03,9.590969213936184276e-03
3.396094151364924176e-03,2.476560229704653782e-03
6.985045295389475523e-03,2.788816135423353645e-02
5.330724036225081321e-03,2.255861294332723796e-02
1.002507143638729737e-03,5.058153257498170484e-03
1.664088855177687509e-01,2.039108348196180531e-01
2.169099191735957000e-02,1.880133092036946618e-02
2.933661971836470234e-02,2.703610693984100435e-02
1.217560172594140191e-02,2.373496907607503328e-02
7.693977336645620169e-02,6.722159570893876390e-02
1.007289368811170073e-02,2.396837448833130657e-02
2.179292683925697360e-01,1.204417087490459032e-01
3.075629614581142368e-01,2.865460334096554540e-01
4.507571631304264220e-03,7.158813161440731425e-03
3.228015554498608886e-01,3.705535619157261928e-01
1.925125284571378714e-01,2.156337592059452413e-01
5.178084498221538143e-03,7.356154009595647358e-03
1.763193711421739279e-02,1.792204150227504414e-02
7.877857828659977635e-01,7.559175311375172512e-01
4.901614612963176576e-01,5.060795069156545090e-01
1.224684605449420172e-03,3.883167119260996780e-03
1.097549474164232902e-01,9.816562894233801795e-02
1.012767218308210926e-02,9.155207165231949926e-03
6.669971688808552790e-02,8.805959359535157904e-02
8.044181719758031895e-03,9.788075479158938469e-03
1.060082354688568901e-01,8.103186594497009676e-02
2.000839750990248134e-01,2.325366432180601961e-01
1.807218187798739426e-02,2.097150867954072559e-02
2.938228037996057709e-02,4.153702309609234866e-02
5.006020009721774411e-01,4.268039511724973090e-01
4.268561317729261534e-02,5.264737800251195060e-02
2.667416914789618766e-03,4.373215108981460641e-04
6.680280853494079130e-02,8.657591617754914481e-02
9.454156530911059925e-03,1.856838946750041103e-02
5.917758001997257961e-02,5.195581243398197241e-02
2.164753903265938251e-02,3.621324698878638365e-02
2.287604425156837817e-01,1.872422090373075387e-01
1.364947084965058462e-02,3.097784796335063123e-02
2.604228100616074273e-04,1.073291150352082219e-03
2.953573700724217849e-02,1.983774707229236239e-02
3.581069243925796841e-02,6.086512160556559019e-03
2.714325263613185171e-02,2.522664281172757109e-02
2.212268385071297361e-01,2.439097051224476398e-01
1.728208492590520284e-01,2.237043561433290362e-01
7.376363901788768329e-02,6.443346687314081833e-02
2.142605114715841752e-01,1.839648898117633158e-01
1.697844065417294934e-02,4.099856689640933582e-02
7.052414636938196535e-02,7.634500086611928360e-02
2.837010413446788837e-02,2.538855641318309847e-02
6.269244007924408557e-02,5.092821938122639447e-02
1.669533500661491143e-01,1.852964830423446396e-01
9.126129721299648667e-02,9.515594144362682361e-02
3.552579569029506307e-02,3.389786093110849774e-02
2.394200618762559463e-01,3.083134934886161416e-01
2.785543834395223448e-02,4.611643090396493061e-02
3.851818073997531318e-04,1.343554304345286011e-03
3.080496831971967636e-02,6.945961317295043513e-02
1.073634209802231364e-02,4.569413596171733108e-03
2.045795566630659312e-02,2.893269538346411943e-02
2.682439867126371145e-03,7.327479664888656471e-05
1.487779434839766636e-02,6.505238624237880563e-04
1.552769781573125297e-03,1.588963285958301620e-03
1.591281196902593897e-01,1.768412195867322678e-01
2.071069997789182909e-02,1.502084761355560252e-02
1.666393852858030766e-01,1.720980970166982316e-01
7.442439061629263887e-04,1.523884068402788785e-04
6.961641402066233442e-02,7.407984347751495058e-02
1.639049184698338629e-02,2.735633759612130303e-02
2.289401625065944079e-01,2.499606279872384484e-01
1.131791038721273596e-01,1.025095198637987759e-01
2.701301206489427689e-02,4.328483833037967410e-02
2.338242191202682518e-03,9.756504910842397210e-03
2.189921675479363037e-03,8.360311579413677238e-03
2.433391481844052260e-04,1.525509356140552358e-03
2.046799094494752003e-01,2.921023254416643122e-01
5.872807439745327679e-03,1.161428285637130289e-04
1.832215235470551762e-01,2.039538087170325309e-01
3.255230397662484121e-02,4.996863472560599678e-02
1.528260063528292731e-02,1.137686358530068560e-02
4.242039907742579941e-02,4.489460129532119731e-02
1.889764226490597832e-01,1.989201023978329486e-01
3.349017673374599102e-01,3.052368578977809332e-01
2.335071786493473495e-02,1.940766316809168154e-02
9.085093418149207956e-02,7.648986553526278265e-02
3.784180929955356480e-03,2.112988886095352580e-03
7.019492241544685301e-04,2.721078717823470841e-03
5.668097774053285631e-01,7.070476705124059125e-01
5.657016516153954601e-03,7.610186914128805324e-03
4.122770302242513285e-01,4.368794698656043862e-01
1.890181651589566136e-02,2.097985051732160697e-02
8.277318054664489777e-02,8.399744734632905163e-02
2.845665525909602533e-01,2.558635389304817487e-01
1.500386941106901240e-01,9.259228486452231177e-02
2.426361236320524403e-02,3.910127186798625226e-02
5.499088820284001814e-04,5.993710933683563807e-03
1.676110556229260537e-03,1.640824783990372376e-02
1.078633091129133949e-02,3.753211963957788638e-02
1.808521497556158653e-01,1.670596737455730951e-01
2.256703201514680471e-02,2.986727623100767989e-02
4.907653880585252648e-02,2.873002495264858833e-02
7.179925256910791448e-03,7.812447724254524550e-03
1.759024527030657661e-02,2.879680794613527148e-02
1.023715453184810831e-01,6.858094971687529740e-02
4.451257945903395186e-01,5.041161155059559196e-01
6.676107070159074757e-05,7.079702273077187490e-05
1.132553713885663949e-01,1.014214469877717101e-01
1.191030453196283978e-01,1.519059459681523228e-01
6.802003444923451769e-02,8.915495319746748193e-02
1.130879458861133550e-03,5.056310682111911283e-04
8.193183039863235484e-01,7.203470667881399780e-01
1.036200539027371803e-01,8.559483195577179127e-02
1.445990619949581169e-01,1.335564908957615760e-01
1.024102161996813531e-02,1.480579561042371685e-02
1.216010583423937641e-03,4.853007404860526616e-04
1.483825397137571828e-04,2.395314974365523111e-04
1.956550365796684565e-02,1.509550032306997656e-02
2.373032430988718591e-02,2.719567520915747855e-02
7.878463656003499398e-04,5.119720881033736765e-03
6.475512087550439055e-02,9.786172796230351023e-02
5.224312119902004177e-03,2.527960090907936230e-03
3.736270582959966974e-02,7.703569325756859376e-02
5.392535535640589558e-03,1.641058220051598224e-02
4.368060457452081768e-02,4.208418104231879259e-02
3.843123475059363470e-01,3.858512020405069909e-01
1.526090260403182297e-01,1.535672295350500594e-01
5.028395441198882376e-02,4.588536859859476680e-02
