Pf,Pc
5.094700018752695381e-05,1.012396231051048203e-05
2.936993546832490920e-01,2.785032813419067721e-01
2.487505162576042483e-01,2.470752446674523983e-01
1.816523320114209888e-02,1.722031581485435406e-02
6.091580746019063797e-02,6.453407769280147810e-02
1.453925615618413200e-02,1.605690111301449202e-02
2.409026541812707700e-01,2.348637119114794780e-01
1.184167255439171274e-04,4.660258050375338254e-05
3.497828941367626260e-02,3.662879883258692015e-02
5.618166543078509855e-04,3.462556546261468123e-04
3.165349604311469556e-02,2.350228237852112004e-02
4.375547335529249293e-02,4.040739716922729652e-02
5.722762202641572954e-02,5.666569498550119710e-02
8.865756483561387574e-04,9.798687811305439865e-04
1.196419034985718860e-01,1.173684447077389392e-01
1.711240950107218231e-02,1.956807720381609911e-02
2.459831488429349289e-01,2.488839776184705310e-01
1.587976354609549889e-01,1.512468346896454208e-01
4.386599895604734178e-02,4.043621454776580304e-02
5.908662555298074825e-02,5.844935168680464449e-02
2.980731366929032997e-02,3.003472486752061313e-02
1.020014926719457760e-01,1.102736936492125230e-01
1.962806013056621335e-01,1.914305143364983530e-01
2.310033667968229912e-02,2.209416139110778263e-02
2.384790086258675168e-01,2.310536938251169514e-01
1.007819623449825314e-01,9.573242070114452995e-02
6.687690175906170209e-01,6.937380642223800464e-01
6.243869164847544173e-01,6.317376010399419206e-01
1.391695085517049568e-01,1.469605342326285868e-01
2.024701674806287863e-02,2.085631551684938301e-02
4.631196458095837842e-05,1.115260636030438411e-04
6.197473593240192258e-02,5.986312356141657715e-02
6.538358791569769124e-02,6.357406896454330381e-02
5.339701653749193838e-02,6.366123663576686575e-02
9.630536648071723327e-03,7.520795173215870724e-03
9.526940957356651654e-03,7.186274018690488700e-03
2.859117629393678056e-02,3.101687443525412771e-02
1.383400451625075136e-03,1.128957410304448281e-03
1.916653635098439267e-03,1.446879339626915657e-03
2.196085569984027042e-02,2.031790082913367476e-02
4.967421291188801880e-02,4.818649904914310694e-02
6.834441038691468559e-04,1.201083239965234023e-03
6.136417565624320732e-03,5.583618517154042074e-03
1.703989913665397149e-01,1.590120874719499755e-01
3.436897687892224718e-01,3.258037179052817311e-01
3.426278825211847567e-01,3.619637706402715205e-01
1.731874269679494205e-01,1.741450762186191048e-01
2.979914224483102836e-01,2.962328085644106435e-01
5.636921873794065348e-03,4.998420785489772998e-03
1.857810610371462418e-02,1.698483020280394662e-02
1.725642800479570693e-01,1.532297683184694059e-01
3.194464179064710266e-03,6.292756213956649317e-03
2.208065246761806960e-05,2.205948363349898782e-04
6.890524021965117873e-02,7.245942596131932367e-02
6.332789746635628103e-02,5.510975322596030346e-02
2.532245088993274884e-02,2.682261118063394845e-02
1.199445369148707981e-02,8.971666379525858326e-03
4.194942285203101702e-03,6.095670800630926221e-03
2.553575342977243076e-02,2.277056355215096098e-02
1.301139312359386041e-02,1.607702111209227333e-02
4.516327044750452213e-01,4.520852367112512260e-01
5.196119633784708203e-01,5.555630654681964486e-01
2.646833147818007659e-02,2.418578288108499605e-02
4.964536637756637727e-02,4.710911791112007418e-02
6.312250366689276318e-03,6.916430915811859828e-03
7.007284053853565786e-02,7.542931445693792925e-02
3.468802588891727046e-02,3.979730737922684836e-02
1.017354521793464688e-02,1.206456918697176514e-02
3.382066052661106270e-01,3.518592018475765193e-01
1.247252642354143397e-02,9.159754927774606259e-03
1.074428559662953947e-01,1.122800475788216512e-01
2.684495220696008519e-04,1.837218112426510701e-04
7.170829376192162929e-02,8.508462311833825398e-02
1.758762544653716745e-02,2.148831704125785808e-02
4.348412088744705445e-02,5.351755773343831735e-02
3.011285039370506685e-03,4.269306340519277328e-03
1.257912757692267736e-01,1.249075435603033274e-01
1.105134386021063425e-01,1.088546780029805566e-01
1.697025905537758936e-02,1.850302714779841415e-02
2.194586938640550916e-04,4.604319860072941199e-04
1.189398179331309065e-03,1.362212492007641891e-03
2.206113641087426469e-04,3.189853228665691831e-04
8.187639323432720218e-02,8.264337463968521313e-02
6.786097980736324232e-03,5.080371891563347647e-03
1.085277482097829344e-01,9.879509167088497412e-02
1.331701456757189983e-01,1.357083104371884508e-01
1.143881461584275597e-03,3.324579990560409446e-04
7.082546279884453788e-02,6.665800433057846031e-02
9.624296455975833720e-02,9.056507161496979430e-02
9.065297357848741897e-03,7.709036103661779521e-03
1.539658539639443790e-05,1.406641751523931457e-05
2.775051492557966735e-05,3.663304977999288527e-05
1.349908832248085111e-01,1.040858500842866269e-01
3.777470260724211104e-03,7.756692353999910042e-03
2.855985204198848229e-02,2.853688804796570416e-02
3.802452424629982897e-01,3.870165984652921276e-01
4.596793481936593123e-02,5.003623633967968498e-02
1.453455215710128257e-01,1.460427508308775046e-01
3.168468844664665274e-02,3.183251788781209235e-02
5.146554802386897609e-03,6.773335234837004129e-03
6.254718168574480153e-02,6.024470302702798069e-02
2.318838394944134837e-02,2.352458432219371037e-02
1.010527928305310214e-01,9.603884292513889531e-02
4.942504711606546253e-02,4.240711123662100485e-02
6.593756692986467438e-02,6.657603738253688175e-02
1.126322247230675672e-01,1.119324043287134307e-01
1.140952580104769368e-02,1.153808800195676131e-02
4.734716278472567152e-01,4.783689133951078420e-01
3.099233307287055927e-01,3.176388530814396871e-01
1.182906502641022269e-02,1.196713959464342468e-02
8.810259198232346656e-02,1.052274433150633404e-01
7.114250286620736607e-03,7.634871507338680287e-03
2.166782784921141014e-02,2.195805634647728793e-02
4.578056228417195909e-04,1.685057184173277328e-03
3.404620373568383734e-02,3.596543982181509697e-02
1.861541032655862279e-02,1.518114313694048784e-02
6.912955451949040486e-02,7.201803612929520704e-02
2.943466026996219981e-02,2.552394830297507675e-02
2.461657645736432115e-03,2.275132421007788983e-03
4.683025670167420551e-01,5.004040628807128188e-01
1.093001546980986866e-01,1.011502475597841205e-01
7.315237281137251801e-02,7.328465945220787037e-02
2.827761553822100496e-02,2.661502733255040679e-02
3.432756492943723342e-02,3.751333262964199472e-02
1.055460340552192601e-03,2.164377012221634176e-03
8.620418578649086117e-02,9.864663790841629587e-02
2.481778974869313925e-01,2.471384589324676362e-01
7.459004558228544968e-02,7.545761154977916052e-02
6.049471266557931992e-01,6.458575760866006599e-01
4.541662613208884970e-06,7.273953932716551239e-06
1.927294762208815737e-01,1.953553951076768269e-01
1.373838117283651510e-02,1.349772979374004069e-02
1.999435164299081524e-01,1.917725434324751843e-01
9.686878141865317565e-03,1.327060105964662264e-02
2.844618010516743872e-02,3.310234288291498406e-02
2.448733098171994305e-02,2.894452851387320155e-02
1.408973877131009522e-01,1.424589194371042866e-01
5.959768644284419575e-02,6.783174026895827380e-02
6.342460789106303676e-02,5.733857127754083544e-02
9.250179312105809293e-02,9.578192336869915946e-02
3.058564117051464358e-05,1.785500782035249036e-07
1.358728724400265764e-01,1.347013047630094551e-01
1.527493879355228956e-01,1.555209245796301820e-01
1.369027236248082646e-01,1.352107381380138196e-01
6.313208972203908365e-02,6.394178493182978151e-02
3.459379654924219644e-02,3.080327790733556823e-02
2.340972811269740467e-02,1.798694865296529902e-02
1.975709317867755093e-03,2.955887156030986233e-03
3.469655275615540681e-03,3.735558296550981622e-03
1.521114054793702153e-01,1.477107121697345538e-01
3.257329039303619861e-02,3.085973423735312998e-02
1.340119926104980236e-02,1.511249806160711896e-02
1.620040086056822107e-02,1.463227275297834806e-02
7.274997027532267325e-03,8.501915165735453653e-03
5.281878813661938787e-02,5.457837692739837820e-02
1.826646648386342497e-01,1.795819245352382743e-01
6.030277633581683505e-02,5.571354182579396630e-02
2.127040787335007788e-02,1.800998862211342089e-02
1.161866959436149566e-03,2.505695005522935465e-03
3.344950005289982348e-02,4.431263379592792484e-02
1.132982503205975412e-03,2.157496069966283051e-04
1.278113719316277975e-03,1.260783773438112513e-03
7.664130114552725193e-02,7.573235583450199648e-02
6.257450440226160985e-04,1.410819724977102662e-03
1.149681650431411649e-02,1.016700198579459542e-02
1.131043943386051893e-06,1.683421962320178400e-04
1.216159160461747074e-01,1.149138062986064385e-01
1.787892221972153892e-03,1.595496853454839636e-03
2.676535970757867519e-02,3.680691126442139222e-02
1.741342752092154070e-02,1.645918439674474640e-02
3.019098881091592922e-03,1.544995370867535862e-03
3.546948100381729779e-02,3.572978094329518767e-02
3.503969684300771437e-02,3.986981185314142362e-02
5.750875322742396434e-02,5.101514071964580871e-02
1.436033198629737828e-01,1.382122495803833340e-01
3.120125702430377457e-01,2.898211917589618714e-01
5.555121030378712237e-03,8.084694402571486471e-03
1.801219636388735890e-02,1.514147124791752688e-02
2.356582371679958321e-01,2.353718579235051511e-01
4.473892116286259935e-02,4.360978067244448975e-02
7.679972428939524712e-03,6.532565727902125453e-03
9.147671307602012192e-02,9.340021816928542608e-02
6.327833027167475977e-02,6.113911458510131597e-02
3.891683849498289716e-02,3.736305651982101822e-02
3.462334589105869626e-03,1.499814429484086237e-03
1.116051748774470010e-03,1.123624877324265036e-03
1.485196596682714920e-01,1.499849697213568311e-01
2.157794803239159176e-01,2.352800663690157446e-01
1.585499069250752013e-01,1.607686750423394095e-01
2.312155644107633246e-01,2.533478596295086205e-01
3.533626324436811017e-01,3.443183430884047547e-01
3.881624429405912706e-04,5.938696996145982171e-05
4.000030621543151921e-01,4.019158241569840695e-01
1.618111045902624959e-02,1.741608095471943243e-02
1.987879077782853110e-02,1.781143865576357774e-02
1.627075193313304649e-02,1.972364684246962971e-02
6.063441871263840904e-02,6.112493154154850783e-02
2.758176066120325565e-03,2.086575385663124067e-03
4.039750929650181011e-01,3.842986991314151224e-01
1.154452594357628908e-03,2.241224505607135580e-03
2.131798347092193624e-01,2.080239224461627179e-01
5.069545941503380421e-02,5.550349871627227594e-02
1.168577936424750052e-02,1.065903825886113654e-02
2.915164466029163972e-04,2.839523016234591409e-04
5.507659688135548709e-02,5.251179433917096961e-02
6.728215707273049739e-02,7.469477322115912477e-02
8.625605551593236095e-03,5.778111310186641834e-03
2.334297261971205253e-02,2.460159906754289666e-02
6.231342213780348416e-04,1.732502863316010173e-03
2.050307459593308512e-01,1.983690218838272123e-01
1.239956072524135353e-02,1.264730649188661009e-02
3.203861723174085407e-02,2.661906682611111380e-02
1.885275918627467018e-01,1.921023556510011721e-01
1.753984496975786577e-03,2.447095160188289542e-03
5.288853326263370791e-02,5.523224787388642670e-02
4.951853088029512656e-02,4.529514449172435120e-02
7.642627674536701665e-01,7.747609217462357867e-01
1.178210873059745978e-01,1.199420488992636313e-01
8.782720868751291978e-04,3.575157896820911835e-04
5.466553363228908593e-05,2.104779910108009933e-04
3.454673905147111201e-02,3.080111551099677658e-02
1.477322351400419060e-04,5.446522508033383456e-05
1.603247154730979007e-01,1.581391417697542989e-01
4.298815457761771541e-01,4.229727102597650723e-01
9.159826744214251415e-02,9.787219787121338721e-02
1.021682766792993968e-01,1.049226474207270166e-01
5.442844810263518240e-02,6.079433408073086492e-02
1.417224477514572867e-01,1.518592180822354032e-01
2.076974592201883980e-03,2.060221155931922857e-03
9.322145600442240110e-02,8.447425379942644086e-02
1.200399751044155853e-06,2.018508840273081442e-04
5.306740827897599155e-02,4.842685376144562764e-02
1.632352477109903126e-03,9.354112412954838441e-04
2.157609892113550309e-01,2.076506983269881812e-01
9.487332459238140281e-02,9.422942606078817118e-02
3.168338870666952741e-03,4.079985994019570163e-03
3.807284588252177887e-02,4.381489092197080742e-02
2.202538880510503463e-02,2.594020520844855793e-02
5.374022376208568985e-02,4.701924106429637706e-02
7.117481933718859677e-02,6.896880025929749691e-02
9.136858581823398794e-04,8.389216912892970323e-04
1.337543978004448186e-01,1.411212872926460582e-01
1.055837634152560984e-03,8.034055557572145371e-04
3.978192107070553374e-01,3.843426716264082277e-01
2.535098484400304386e-01,2.637543115471994715e-01
6.395349155489170323e-02,6.184192678251822922e-02
5.436082972845367872e-02,5.587871377934493233e-02
6.307972427635831492e-02,5.902466248124181580e-02
6.736340704422950042e-04,4.548595334434951090e-04
9.792212890837757866e-02,9.254840427565809435e-02
9.250491919087419634e-02,9.102031657365271256e-02
7.726204378052579924e-02,7.258725372545750398e-02
7.227253109664306951e-02,6.931940530727245808e-02
2.845151277495546100e-05,2.829558587112440834e-04
9.030456943061712649e-02,8.886649665512214025e-02
4.296281716190132327e-01,4.241807725892658421e-01
4.715441764847135182e-03,3.370240829849977405e-03
5.966513376053312299e-03,8.796448020420052916e-03
1.037513284659060953e-01,1.076779125379170171e-01
4.539299416917470385e-04,1.989947630232393990e-04
5.701682248757869442e-02,5.299095878676798876e-02
3.328900831774694782e-03,4.655444357972786731e-03
1.352793161516892273e-01,1.387039691087179616e-01
4.521392707147513235e-02,5.194043103214283225e-02
7.074851326968807641e-02,7.171934097878326919e-02
5.385521654923123213e-04,1.655664407178689904e-03
4.290803915025962617e-02,4.159428434668027696e-02
4.279770453825699345e-02,4.630763307891716529e-02
1.612829900957449825e-01,1.610460054347258585e-01
1.899657672468419399e-03,2.751769151739094210e-03
5.322884120165350952e-01,5.603822103008708755e-01
2.293819593029109219e-02,2.053897849968691972e-02
2.447394492345959516e-01,2.540722010463791203e-01
1.250785977464025089e-02,1.142462555088998369e-02
4.034379433729221587e-01,3.809943374451923992e-01
7.249463698029809944e-01,7.014727782532188538e-01
1.089263113529314892e-03,6.996987018956925090e-04
3.336222916833478380e-01,3.428180780325376098e-01
4.178823466230559280e-03,4.737875209912579405e-03
6.626160442407432166e-04,2.780509022456975968e-04
3.619375951402199754e-02,4.153282168644902017e-02
2.919473125695392843e-02,3.176820837794343266e-02
5.341401523515611031e-03,4.360896614379316909e-03
2.281679872278903620e-02,1.844749908844304023e-02
2.411396362037190877e-02,2.275059462652193401e-02
9.613576412109030300e-02,9.551242362549368370e-02
6.596561720891805369e-02,6.714717911065280764e-02
2.201257003773784970e-02,3.174553666499494581e-02
4.095028501609376120e-02,4.698728457782812978e-02
3.480779582151142647e-03,5.659497697048320418e-03
2.680698002701667471e-02,2.000600296839176798e-02
1.145176622451709314e-01,1.064323162576531617e-01
7.014857007667021915e-02,7.151866860772031209e-02
1.677116446484702358e-02,1.903559254366016945e-02
1.061869651351912275e-01,1.064859610220151992e-01
4.652341732006781694e-02,4.395337901238122874e-02
2.487616765954103401e-02,3.313618388722870678e-02
1.897006170306347606e-01,1.882173132567576679e-01
1.046541192099023545e-03,3.715685588914522872e-03
2.886025413703583722e-04,6.943512849423229445e-04
4.181609049941655831e-01,4.025226081814021195e-01
5.492070770289855103e-02,5.539422933339421123e-02
3.199160920621338649e-03,2.593951877473989025e-03
5.053156938036160728e-01,4.871696511364499993e-01
6.161413808572138023e-02,5.470363438721757843e-02
2.303879761150711136e-01,2.390253651785213818e-01
5.553725723522359714e-02,5.348289926492403451e-02
1.517682153584991034e-01,1.477736567514935373e-01
2.378325968693525971e-02,1.855791472003887749e-02
2.521997986623873700e-02,2.407550959115829434e-02
1.384671073813067976e-01,1.458584305426101901e-01
7.458017846412610952e-03,1.114704830168820882e-02
3.060458991514982264e-04,3.878032791504571446e-05
1.293692617272322321e-01,1.208522824823042990e-01
1.422013034186029191e-03,1.221927203907773518e-03
4.983614417081828419e-04,9.343872626066173975e-04
8.521678495151639721e-02,8.672663814890904654e-02
3.415110207836276612e-01,3.272223577315033771e-01
1.851713853511726543e-02,1.578660121056780358e-02
4.736832112071078793e-01,4.840669216036947442e-01
2.870611731384684062e-02,3.460878420552097878e-02
3.568520935138841388e-02,3.267760191189426205e-02
2.384655930415279824e-03,2.088269953505251120e-03
2.921603245368045373e-03,4.031073135257030871e-03
2.122122781900084767e-03,3.148621675081523553e-03
2.054372849160457648e-01,2.099747527949488435e-01
6.666021945789625536e-02,6.322123694940626204e-02
1.813574935256591011e-02,1.805967670243314657e-02
9.139827589048959977e-02,1.007852244970688371e-01
1.071303741758536376e-02,1.105078617032139755e-02
1.202667001141124493e-02,1.306163371778976644e-02
8.379895979941677508e-02,7.974431923130106958e-02
1.591605861070417016e-01,1.679657813907459718e-01
4.841115449298447615e-01,5.014929376832166774e-01
2.140587527197431450e-01,2.327422767837059592e-01
1.487505981652519765e-03,3.548612520411358572e-03
5.242560295751408361e-01,5.316815895094710864e-01
3.143844176538604070e-04,9.521335492927883101e-04
3.551991789059399385e-01,3.469537282361599972e-01
2.143914212324417035e-01,2.227108252839905544e-01
5.326838534117341257e-04,5.645918303928944499e-04
1.268321050847047715e-01,1.305333568159162960e-01
9.919804899191986877e-04,3.314150940302126500e-04
6.995504651167151478e-01,6.992194989902426050e-01
1.053781916000700973e-02,1.028997848384854974e-02
4.161624128480771040e-02,4.010977791518453850e-02
1.698269233087702501e-01,1.650873846363833108e-01
1.546358061846127563e-01,1.464162267964189967e-01
2.944915712728266022e-02,3.077304594170848090e-02
5.362935567935428471e-02,5.952590380393603386e-02
1.064510104831534187e-02,1.173476452300098623e-02
2.684124272895614671e-02,2.749562259585242724e-02
2.727305982980971974e-02,3.249920587401042976e-02
4.108844979744059878e-02,4.307714787829153291e-02
5.170187474522081744e-02,5.334290953590461321e-02
2.499161809259839787e-02,2.450941550178695194e-02
5.718821432286511769e-02,6.262446289652699727e-02
7.035506417085203579e-03,6.852622609253200027e-03
1.397311048638227304e-01,1.379637754043832321e-01
1.031070850037517014e-02,9.697059421375504862e-03
1.652900100870038358e-01,1.620267399590613333e-01
7.238637963513502305e-01,7.289016977222654292e-01
1.769687086712398993e-01,1.931800445975521141e-01
9.859251239994150720e-03,1.058518475925734371e-02
4.490673899953435272e-02,4.070771214978487901e-02
8.352411009559319865e-02,8.005686046245780174e-02
4.932430251801590559e-01,4.908123028479657313e-01
1.985434816614053966e-01,1.951690446799456413e-01
2.111999034115426624e-02,2.205839120650720034e-02
1.438763392957118359e-01,1.491255659048067728e-01
1.573861909654803992e-01,1.556847162839337939e-01
1.001351027664861559e-01,1.021269657373899825e-01
8.928101314674607972e-06,1.508202462228042840e-05
1.619211389707047033e-01,1.734726259498770851e-01
5.553136406671980128e-03,6.877263677321380185e-03
4.643823556618685289e-01,4.724404105293769640e-01
4.011632984147858183e-01,3.916817569854019743e-01
4.865463005810685801e-04,3.415550295985808615e-04
2.659206703037124767e-02,2.362634012360758165e-02
1.473278130961542393e-02,1.427619259793727093e-02
5.890789501838459251e-03,4.854798662565410101e-03
6.924293083418218975e-02,7.045749513311047596e-02
3.372688231163954026e-02,3.528794144467721494e-02
1.736792739755627646e-01,1.647481486951296037e-01
2.248183954264506568e-01,2.179629323019605103e-01
1.660272001962280752e-01,1.884038045041682152e-01
1.802825870640909281e-03,7.014262562658881784e-04
1.649796376512573937e-01,1.556301580529631245e-01
2.596047697438275820e-02,2.678466126392151092e-02
1.032575964353724812e-01,1.055671367702021302e-01
1.273416562593342738e-01,1.176760044985452752e-01
1.609663159464043147e-01,1.744258204137586477e-01
1.070446771831038389e-02,8.571232709406961803e-03
1.751413730896962118e-01,1.677081382159608114e-01
3.175678215602077692e-02,3.060267553616562164e-02
6.234182625688413498e-02,5.475737827094216692e-02
6.925332735503629544e-02,6.949318308776758490e-02
9.226918126302417755e-02,8.804679894734189494e-02
9.697928119697790672e-02,9.216706448670419771e-02
6.790958718352665957e-02,6.120091648946101442e-02
2.564778896784926654e-01,2.761937224894762122e-01
2.363678617118939417e-03,1.298444066357738258e-03
5.225247895210530791e-01,5.185413720732449105e-01
2.569568918147965148e-03,4.041206885346933231e-03
5.208161024421837926e-01,5.253018210517421682e-01
1.478978369945639637e-01,1.493671434944006671e-01
2.426926895766925163e-01,2.421382177376576461e-01
4.047908525480121283e-02,3.167646725512009848e-02
6.210995374938015068e-02,5.649748174853423677e-02
5.903089316792975438e-02,5.042884596484518284e-02
1.273076553350814266e-01,1.242978680161387628e-01
9.893977493989096136e-03,9.438778071987407453e-03
3.216216897914867534e-01,3.065387366488575571e-01
8.731957575758228507e-02,1.010641669671377002e-01
8.899291012674314869e-03,1.136718744116200011e-02
1.032647766352580432e-02,9.656081621286899050e-03
2.159456395875316848e-01,2.088820422420718248e-01
1.119569620817088829e-01,1.036442109503138420e-01
4.406646428820713557e-01,4.564516911803634391e-01
7.792116971810881740e-03,9.163394143561973126e-03
1.734323033179420090e-02,1.475267971912839170e-02
1.552007074081034055e-01,1.649285157369097532e-01
2.217849370479082760e-01,2.100978874928826901e-01
1.173622558592061528e-02,9.390124248102612800e-03
1.109054192809244858e-03,1.469273496901639733e-03
6.153307335770474840e-02,5.736361467799043490e-02
6.246537883885917852e-02,5.174108075828040554e-02
1.221208892750161226e-03,1.626849405768677212e-03
1.398941825982924492e-01,1.499978744712094358e-01
2.109065223263624778e-01,2.308673430074033583e-01
5.163867960530358530e-04,1.468155297200265984e-03
1.838196449955180334e-02,1.871909691604483825e-02
1.964404882785487361e-01,2.025399214300137862e-01
7.082669044891570787e-02,6.570603790107042153e-02
1.933513229123253740e-01,2.079637748592454982e-01
1.200345275018590598e-02,1.409517033789692807e-02
2.408145513549458105e-01,2.671870682820556286e-01
9.030251936123312451e-02,9.032565175939689939e-02
1.063100925483534930e-02,1.090687288916671049e-02
1.446041114842606667e-01,1.477411078745840267e-01
1.314201918980054118e-01,1.163890616713074561e-01
4.480529449525436775e-02,4.393336863098673550e-02
7.284157503600970055e-06,1.547716918986076886e-04
1.615217481273685529e-01,1.561535614101310643e-01
1.507715400932518046e-01,1.434505704688129601e-01
5.570146114271727622e-02,5.972142205514180402e-02
2.266538055366682791e-01,2.247228394715350963e-01
8.260913927872107210e-02,8.554899855618693094e-02
1.090769957921492415e-02,1.174143186510315066e-02
3.819775321297905896e-02,2.638831672274168441e-02
4.274610857815309972e-02,3.799573729428427915e-02
2.550769190275355980e-01,2.559175764700541977e-01
1.897330315685871619e-05,2.993979464815384010e-04
1.203386721394624631e-01,1.255194146602268690e-01
8.133087375257742196e-03,9.733621390279266830e-03
6.667063661117700324e-02,5.659658134641947641e-02
4.361127931762962158e-03,4.393232604503830192e-03
5.326889048429434698e-02,5.119863723766152064e-02
3.030041142001302715e-02,4.258437857163687584e-02
2.046342933314805688e-03,1.403844636581188165e-03
6.099620708169236488e-02,5.825006495657152061e-02
5.751757463699930240e-01,5.989152776004594836e-01
8.215998611664854234e-02,7.866631016341224525e-02
5.994519118932579715e-01,6.449690318904930386e-01
2.032883417446093299e-01,2.074369295942219693e-01
2.577381318351035233e-01,2.692402822048661770e-01
1.646424746157700292e-01,1.703226703464497949e-01
2.870203452537564703e-01,2.971452943980938954e-01
2.396573109108528499e-01,2.230820008919727204e-01
5.454514609359147927e-03,3.928907930279382753e-03
7.135682737848016155e-04,6.202060699550978983e-06
9.986199514122882145e-04,1.087361713780564182e-03
6.553747900313856845e-03,8.840091534219943897e-03
2.155096019495356952e-01,2.282716975545938942e-01
2.492572836040567261e-03,3.383847591598491272e-03
1.667991311083045491e-01,1.765760368155636084e-01
1.012387618722618565e-01,1.025903952068484282e-01
3.738930751477106407e-01,3.764056908280004610e-01
3.146572016317419895e-02,4.106578519398405847e-02
1.388272701601069858e-01,1.405869074883059067e-01
1.535159440666923440e-02,1.497477216652762233e-02
5.260356272219116752e-02,5.138948024675883686e-02
2.297993550058392842e-03,3.446017626957371439e-03
1.876303708308152962e-01,1.867990473362969583e-01
3.421520732132823234e-02,3.176808664696388618e-02
2.148481852292037364e-01,2.295862751622165521e-01
9.237253157491137276e-03,1.092890765451781307e-02
6.599224148537653767e-02,6.769663163220397684e-02
6.761160166897775547e-03,4.911553374680735148e-03
1.315273141824035638e-03,6.763759236676455174e-04
9.319227255876288973e-02,8.100689257559687273e-02
2.124475482263176729e-01,2.080144548500105772e-01
2.945691645349552898e-02,2.233748494419607669e-02
1.070842812536056954e-01,9.482277392787583081e-02
2.256191998482776420e-02,1.968653377640716337e-02
1.817141332095515913e-02,1.905226979191895417e-02
3.245170133606873632e-04,1.023758992297506363e-03
2.320716262227204979e-02,2.413454187323672839e-02
7.742491345267129774e-03,6.400660339939305728e-03
2.366559376326797248e-01,2.263339901036506563e-01
7.057942464185368601e-06,3.005836777758968134e-04
8.729867613000029392e-02,9.457742499606104636e-02
6.411190522504378597e-02,6.978140809493678376e-02
1.391527009496499878e-01,1.459534216485885438e-01
1.779405105357571848e-01,1.840863346188154615e-01
1.910573502223834527e-02,1.448905536618894964e-02
1.685037026795946913e-01,1.740215373518603781e-01
2.825864260766578484e-01,2.833735094171526137e-01
5.358691290253876985e-03,3.896019515944319517e-03
7.336706847320387803e-01,7.379803904580894969e-01
5.490767081429254876e-02,5.663696508217245379e-02
9.496029408141696453e-04,7.516941207721984652e-04
2.174867303696612908e-01,2.275365818531499551e-01
3.438218216979926911e-01,3.542799836885425768e-01
3.827440693970508845e-02,3.710796028487879650e-02
4.860601060083601932e-01,4.659597203732064874e-01
1.776244710244397618e-01,1.833051247029146291e-01
1.455618134994324242e-02,1.695938911281113376e-02
3.257911024305316927e-02,3.331525082359503009e-02
1.152385330693366794e-01,1.105420942795543038e-01
4.123568508085450612e-01,3.992633528358566219e-01
3.104911765001006074e-01,3.196340874781246066e-01
1.382209933813420000e-01,1.409704677445695331e-01
9.747222143780588655e-02,1.041954048779918790e-01
6.880246925259589016e-03,7.891867135012818960e-03
1.972623620549761037e-01,1.862201551624701468e-01
7.774433409688841223e-02,7.914425722691338649e-02
1.081820139912071932e-01,1.027574035998819191e-01
2.406016480694128656e-02,2.351846676315332701e-02
8.861369463569332416e-02,9.633353773901835726e-02
7.622803004847324149e-02,7.524959719499278721e-02
1.338549540317366671e-01,1.295004502800601032e-01
2.194827696462034461e-01,2.254537050041889590e-01
1.362616108640706501e-02,1.021226023032663875e-02
3.066339853695628226e-01,2.965343950776396231e-01
7.173138285566422632e-04,1.136805100948701502e-03
1.547504987302210921e-01,1.690957618938565832e-01
2.240384183854815525e-01,2.207678365617021521e-01
8.132757809352075817e-02,9.022057847577064083e-02
1.578270836158751286e-02,1.482611076034926444e-02
1.246105281070565216e-02,9.003414666092833182e-03
2.937972611274632107e-02,3.370742463374273856e-02
2.896728183229740211e-02,2.983342357435250433e-02
5.842818257930703328e-03,7.314678322906713326e-03
2.509238040805343226e-02,1.993328712504284853e-02
5.409638869354010254e-02,5.943623813719667998e-02
1.499284019131480739e-01,1.499179363615648075e-01
3.418501335774320332e-02,3.067049828143281198e-02
2.534141976069739788e-02,3.048514580431236493e-02
3.523803050498640621e-01,3.375538898248821029e-01
3.614936359960611032e-04,1.124763522901840078e-03
3.139212333400318578e-01,3.333191247565007176e-01
2.239015027199785582e-02,1.896351843735805814e-02
7.978354314235558409e-02,7.038944039533817643e-02
6.756833888170782343e-02,5.887018795475552901e-02
8.898342874779143277e-03,1.241719897655866114e-02
1.666345733436169763e-02,1.239564714033575439e-02
6.850405818117105694e-01,6.783144492517475532e-01
6.089518785149516944e-02,6.657821118921815329e-02
3.856888671914918132e-01,3.926231253134156995e-01
1.685025036064513038e-01,1.744256925552963300e-01
1.487892573298339738e-02,1.650644907119299884e-02
9.022556581652478591e-02,8.556009715238889479e-02
1.931315533638989709e-02,2.246616604649537968e-02
4.888220280272930623e-02,4.452051771833240301e-02
9.670499387624634235e-02,8.235954473690519639e-02
6.961761984112914414e-02,7.530649499043801098e-02
1.137383171720989482e-02,1.133876307864121677e-02
2.836599069197990319e-01,2.644712263335489144e-01
1.394988821734620965e-01,1.369104156088107871e-01
1.946549533947817493e-03,1.027479354589235340e-03
2.608279835296140048e-01,2.787275399487170180e-01
2.010475292274897102e-02,1.872345869631468485e-02
1.490324752653138241e-02,1.313689493285596921e-02
1.851612314177618042e-03,2.139304788449683439e-03
1.750398575128880299e-03,1.217996031284731585e-03
1.784423464257966774e-01,1.838282793677850635e-01
4.154188209276122451e-02,4.027645984921484484e-02
1.008763984434106614e-01,9.322419734679740499e-02
1.624517950387642240e-01,1.544245734460973907e-01
1.063351822374690447e-02,1.208143004489085036e-02
2.235746504001832058e-01,2.318347530528215295e-01
7.009673897723463221e-02,6.611086104380511919e-02
2.783417384849707840e-02,2.424695195689740776e-02
1.612527604464007215e-04,4.057805041567433789e-04
8.333706210037334500e-03,7.785265677102662547e-03
1.183208415545961012e-01,1.129641847002486321e-01
7.655983007745722650e-06,1.225313296647530956e-06
1.145863924455245569e-01,1.060851046104587664e-01
3.498198312505938490e-01,4.070378959511229411e-01
3.649915436976662597e-02,3.539350955068388399e-02
5.564768642405313291e-04,1.584918705536895013e-03
1.251792623564197075e-03,7.337154190753588517e-04
8.685585357571052798e-05,2.804606970819217620e-05
6.934489306906216864e-03,6.223360721061847213e-03
4.763846030229774292e-02,4.303540065891966332e-02
9.564982577174120648e-02,9.119724804023755793e-02
3.586152646457408007e-03,2.960092182326966997e-03
1.992505503253066274e-03,1.450724140739090545e-03
4.134100302638849672e-03,4.537287001053034487e-03
3.643423108800271544e-03,4.968166331945240814e-03
1.210923519431366391e-01,1.338197869406805851e-01
1.938933717777127771e-03,1.426078453888537760e-03
4.676350155090865796e-02,5.337747546557451012e-02
4.512952178457010910e-02,4.069286842052503850e-02
7.356577454429789366e-03,7.394339459142028857e-03
2.998672762662272714e-02,2.697064947728228593e-02
1.428089293830001882e-01,1.439860998024326821e-01
9.466206187446138051e-03,8.230647212902683987e-03
4.936223992216873767e-03,4.932328119533781023e-03
2.945812703929813758e-01,3.031045701500902911e-01
3.256799365939149621e-02,3.991646009451169791e-02
1.765186492803474394e-01,1.783658875105746111e-01
1.036484137470609357e-01,1.100497940844368250e-01
2.994927549692075197e-01,2.991012715914043718e-01
2.076476386016893206e-03,1.883750076195168021e-03
8.471561330236837550e-02,7.939539355949053190e-02
8.882771843833196790e-02,8.405018879327649794e-02
1.689833986456380499e-01,1.736430141412707018e-01
5.863502210268172865e-05,3.085698259578532659e-05
9.324821320426714133e-02,9.222375437126702213e-02
2.038341001149128625e-06,6.417139948570956539e-06
3.324653856835894233e-02,3.156469913429200969e-02
1.466233682727204612e-01,1.307507754580168602e-01
9.854793422466215369e-02,9.921808904432727338e-02
6.473636893139575466e-02,7.291454635784562488e-02
2.459737280652310454e-02,3.067094874000061977e-02
3.285134594769017341e-02,3.557870254111745317e-02
5.530457035321306725e-01,5.600812605812200973e-01
1.992191682057249322e-02,2.620994568863280888e-02
1.169503039083713003e-01,1.258712124123669840e-01
3.948032268360773117e-02,4.380011429994528499e-02
6.905422392375266949e-02,7.307729049661879084e-02
8.111447846286640173e-02,7.937327702403017271e-02
2.555670470242619053e-03,3.638398622283106273e-03
7.417999199981440035e-03,1.021421250490842612e-02
4.906710156787182087e-03,6.605638056779352535e-03
4.796910235025092853e-03,2.564772622421761152e-03
9.889356773383491117e-02,1.058717359423687748e-01
1.853155699364418263e-01,1.715006323147630907e-01
1.706054887762154249e-01,1.743655272687168467e-01
5.800915229988432009e-02,5.598831083025138100e-02
1.173711397140377900e-02,1.288616167280444598e-02
8.973077000819614651e-03,1.019268898870288008e-02
4.863736338810823595e-02,4.544491298983362182e-02
6.515932571980478927e-02,6.146073628371465092e-02
1.612597336352985730e-03,1.575688816597628711e-03
7.813685345256819129e-04,1.245880789705595829e-03
4.365733510611204474e-03,3.135756643077458865e-03
1.121540709074378417e-02,1.003986353337541458e-02
4.838308439383922840e-03,6.061388826498441754e-03
9.767241561290886109e-02,1.017868344155202498e-01
2.011659839166808350e-01,2.086160832209646432e-01
6.833108610767557600e-02,7.146479150197193597e-02
6.533513806550068394e-03,7.310741656073988480e-03
5.466968779030211695e-02,5.113068106579033573e-02
5.485556486795444171e-03,5.664482417200687389e-03
1.508912271206901967e-01,1.430599135116899789e-01
3.093525037859392104e-02,3.696729693547957940e-02
5.201094370402962325e-02,4.838272787095329597e-02
5.887386148769926247e-02,5.238862259423952145e-02
1.185302440401909685e-01,1.196838378439238210e-01
2.755175687711661821e-03,1.074757209275544780e-03
1.168317073396917113e-03,7.825792097227629628e-04
3.169656842768129312e-01,3.313612167426595034e-01
3.855793619955370094e-02,3.097444864214055071e-02
1.234272724750956479e-01,1.190279589593076781e-01
4.374148622873701431e-01,4.451106583705480291e-01
6.927491026501206295e-02,7.938585320777047372e-02
5.034135024776154738e-02,4.310439284118740277e-02
5.453993605512243853e-02,5.577539277020564928e-02
2.619484334090177099e-02,2.924209013059128615e-02
3.296921059256519571e-01,3.188215993493184186e-01
2.031438496093850889e-03,2.861173133530947859e-03
2.004002746441303686e-03,3.744486861258877579e-03
9.700770870780608696e-04,1.152625644956385177e-03
4.483268631649986111e-03,5.067351901812612754e-03
9.360937787549147848e-02,1.008792718315529580e-01
2.182473016730902078e-04,4.262625781249638958e-05
1.603134977293412533e-01,1.522376801163679294e-01
7.299894156101702225e-02,7.175751423344364777e-02
1.501863148898302525e-01,1.612763642652480789e-01
2.406381188450103514e-01,2.272914788600448044e-01
5.658045650426939827e-02,5.205936564308681624e-02
1.137564169148057303e-03,1.656013817305457053e-03
8.818727129344745841e-02,8.396172516382342799e-02
7.090766075220292231e-02,7.145953708266812587e-02
2.472565109053749782e-04,4.351391144242251091e-04
8.480023360032442822e-03,8.633047329622802607e-03
1.139659583969257345e-01,1.137950147238484255e-01
3.049504253281900001e-01,3.283446413258596097e-01
1.355638829655914264e-02,1.231030119910150877e-02
4.168735781579530758e-02,4.195087618111091599e-02
2.714074784321839594e-03,3.172380053100752346e-03
1.033986551065529808e-01,1.076891513236310077e-01
2.048741328914955792e-02,2.022205560683548384e-02
1.253659375468947797e-02,1.397828577550008430e-02
3.492369038102851458e-02,3.337258886685962739e-02
3.543337351147519184e-04,2.395076072443936332e-05
6.528251695783407124e-03,5.466682768714969769e-03
6.239972381099712084e-02,5.318394256577580609e-02
3.664617757583178703e-03,2.327062387840991495e-03
2.479583433671471715e-01,2.476002733893186425e-01
5.884571236817226492e-02,5.945338808626806498e-02
1.264874708214620835e-01,1.319530351108397226e-01
9.480130189192231827e-02,1.125143045127508651e-01
4.849872710573167878e-02,4.612490827513337360e-02
4.286940164481289894e-02,4.366279286656283426e-02
1.012267401297010233e-02,9.476529738251634333e-03
1.124099661347711110e-01,1.061837462134518906e-01
3.671445146006217103e-02,3.658710204469037275e-02
5.671153959532988613e-03,7.425306089008539695e-03
4.426118506059247004e-02,5.980457661207588815e-02
2.200869414117369999e-02,2.302169264382875752e-02
4.219741269068866263e-01,4.143533663058189265e-01
8.591420007989145069e-02,8.737968946822131933e-02
3.959956121348082170e-02,3.724747232079131387e-02
8.192287986078812534e-02,7.336910681789261812e-02
1.145211992008874635e-01,1.133672823728607559e-01
2.302454091139451153e-02,1.963239336730770307e-02
5.262100490329409477e-04,9.479660219713546506e-05
6.257696364262083089e-02,6.903833300079507962e-02
3.069393494600829442e-01,3.104380138700206793e-01
9.490270661223331600e-03,6.581619029753222813e-03
1.452770620303111271e-01,1.431422690760070227e-01
1.103225698205114319e-01,1.160375446519957693e-01
1.084265730537167273e-02,1.313686819542020726e-02
8.301203318190923316e-03,7.250008484461129693e-03
1.621777161887213714e-01,1.653726266836952896e-01
6.310717096247533964e-02,6.185840370400140509e-02
4.534057493153437896e-02,5.183258336034970298e-02
6.719309847821337833e-02,7.174181711442811915e-02
4.890865781937587912e-03,3.595774070457963614e-03
6.764586748294680943e-03,6.429045660946456839e-03
1.008716633256565853e-01,1.005261916920952570e-01
3.688934354891600376e-01,3.586393430347321609e-01
4.651700231383135847e-02,4.435820582324696837e-02
7.551119159493048343e-04,1.851455266104901358e-04
7.938549141330231151e-02,8.359535221588157428e-02
4.826770363297656075e-01,4.792513810334069757e-01
1.108610297002599610e-01,1.228101760405499732e-01
4.315726948653494377e-01,4.154328528999249315e-01
1.146479059326989958e-01,1.236459502065816035e-01
1.602870549143084250e-03,5.478252498029409674e-04
1.529144874998810688e-01,1.559773934894868042e-01
2.936564325598949310e-01,2.930333697982362984e-01
1.062297625665576881e-02,1.102674660432073281e-02
9.356931486879478677e-02,9.992987715337406374e-02
3.578899015529660860e-02,4.164081736121761496e-02
2.114398373568651679e-01,2.012502244324202716e-01
1.427269412119868720e-02,2.138455550953019188e-02
1.903477316490990523e-04,2.537444752436076364e-03
8.032743081888914227e-02,8.157896696824747107e-02
2.120736181039547530e-01,2.177053663264889583e-01
7.191075383013111576e-04,2.533748842144531181e-05
2.782988090294201064e-02,3.015797524899052964e-02
2.755941506339716282e-03,2.804227943386688061e-03
1.774958107995398826e-01,1.895630549653594399e-01
1.878834204436375388e-01,1.803303699518626346e-01
8.843994036120381196e-04,2.937019394710084931e-09
2.219955908352016507e-04,8.144582143969821561e-04
5.754670937930526572e-03,5.367400741951785202e-03
1.903239724735757699e-01,1.753598163897201745e-01
2.435197947073942018e-05,4.910567325162610501e-05
9.908047798949286625e-03,1.083919934930939986e-02
8.810164123642771905e-02,9.406724317856408890e-02
4.337442721159661015e-03,5.163777178261849329e-03
1.837685836839319797e-01,1.761125073068338931e-01
4.400744993930194582e-02,3.808324731008846248e-02
2.154501364570310211e-03,1.918151688988166750e-03
2.725682471385345099e-02,3.132642233496921169e-02
7.508085121512110549e-02,7.973797763895917878e-02
8.918500456930511522e-02,9.986669549829216286e-02
4.818871048306177379e-03,3.590358616698101964e-03
6.057851559715489616e-03,6.886789642143811147e-03
2.658217292917747776e-01,2.702682033428775998e-01
2.096955125182309570e-03,2.227954826286940651e-03
2.399878129243492586e-01,2.511140753346994270e-01
3.457678718787591254e-01,3.394933605101521645e-01
5.627556541122216704e-02,5.213207116294074628e-02
2.245062147527313035e-01,2.154654939835287941e-01
5.622726929489133864e-03,5.015166747085433169e-03
4.949272054479662971e-04,4.028378839762737098e-04
2.482273086242017535e-01,2.524911153438454958e-01
1.673449821859356035e-01,1.557781562609452941e-01
1.827692193731159653e-01,1.739206133942264865e-01
1.463176690866893051e-03,1.074505356804145162e-03
9.554657554508576289e-02,9.932090107645516475e-02
1.793907942319601656e-01,1.785675777209624060e-01
5.852036842906140901e-01,6.045905731524757742e-01
1.344107999497646810e-01,1.329748737592802432e-01
8.661127730886145071e-02,8.123549361871978958e-02
2.752741182022566332e-02,2.579083939187863661e-02
2.818849109335941350e-01,2.739773721959608554e-01
2.101020444561218711e-02,2.334694719793957429e-02
2.972424372026456069e-03,2.596637846507718686e-03
4.748521360109537737e-01,5.007808843051795300e-01
2.380447652845210094e-01,2.362092678811165691e-01
1.918201390191743572e-01,2.078809960864981543e-01
2.462860712169140376e-02,2.171234773935495910e-02
9.521461537355774274e-02,9.049403306981554374e-02
1.252897936445877269e-01,1.326955902931383768e-01
2.659986332556305566e-01,2.333702938327809617e-01
1.720383088334963562e-01,1.984747235416596256e-01
3.805386365934373960e-01,3.897677713719936987e-01
1.033097697096901774e-01,1.061301698411976357e-01
1.398849451678024812e-04,2.632804166799283677e-04
3.020960024503446806e-01,2.941222149453219803e-01
3.908960721952817186e-02,4.198093009104866824e-02
3.623546191251490051e-02,3.666321843938378372e-02
1.125473118916261832e-02,1.412551887096825942e-02
5.220745892654371501e-02,5.379818470928586505e-02
2.486149087558004248e-02,2.228565488439564202e-02
2.884615590894250292e-02,2.195110430093133447e-02
3.048892885756737670e-02,3.133467255046571559e-02
6.688881204379873522e-04,1.023219664101137922e-03
1.455544765618906333e-01,1.520058767765476715e-01
2.027334868307996418e-02,2.034371084294601603e-02
5.334561252601930509e-02,5.929406968729041688e-02
2.698320193224594456e-05,1.154417352063632726e-04
8.711482321094562997e-02,8.624311169309115122e-02
4.889307010179344548e-02,4.742361065971521100e-02
3.297663167986396304e-02,3.072498809426797359e-02
4.070608302764662512e-02,4.454350158204534865e-02
1.902183519342655060e-01,1.928431072260886614e-01
1.721059468789399582e-01,1.769447228964972918e-01
2.145358016454324557e-01,2.098878791813031663e-01
5.411132476349332643e-02,4.901599532753229960e-02
2.183940979102302535e-04,5.215734909436905558e-05
6.847059107777191123e-02,6.908585481584719745e-02
1.452435169930574137e-03,9.377673502424156314e-04
2.043156302445324132e-02,2.257015933602717073e-02
1.170847506443740277e-01,1.243577456220357619e-01
1.636681564499131714e-01,1.544644857921436965e-01
1.766650687206130499e-01,1.654790086414295036e-01
1.259626331197874205e-01,1.291058524776742267e-01
2.932441863874998833e-01,2.890737609706406919e-01
1.387977131646451668e-07,1.966168649388876728e-04
3.645734146875665577e-02,3.556479481849854352e-02
7.025118845308723527e-03,6.771498055850395416e-03
2.719013469196598920e-02,2.676932246698043166e-02
2.843263345007031040e-01,2.697401079945550562e-01
5.294345701973233315e-02,5.791200405605377577e-02
4.623854825933598756e-02,5.295768261621722900e-02
8.896431770905498942e-03,9.336553966760195375e-03
1.404758737890841880e-01,1.383229432761252375e-01
6.251853144722171454e-04,1.045162391029016112e-03
1.721350896450463130e-02,1.388247069527809470e-02
2.446283560355321240e-01,2.393252372012559803e-01
1.334600105695383891e-02,1.222878407788475022e-02
8.512713588374694112e-04,1.298838499752258749e-03
4.099647606594571808e-02,4.539121804658746012e-02
2.662229877434132974e-01,2.687262331741004373e-01
1.206354795864524434e-03,2.255099378105209895e-03
1.156241911088227992e-02,1.400824833874845902e-02
1.456327529431816759e-02,2.092033149614574289e-02
5.240637010611280677e-02,4.701337408752630925e-02
5.323324434070415834e-03,5.209939725385229550e-03
4.821873908002852205e-02,4.492959671064897242e-02
5.045440114632008394e-02,5.171210726659086071e-02
3.833404024808978114e-04,1.772710090939452190e-04
3.147814873402854374e-02,3.272600037785222682e-02
2.254187096334333250e-03,2.747587841913916307e-03
2.035323206231633708e-01,2.030020869248313764e-01
6.190657169835200174e-03,5.590174066484566821e-03
1.836485533554919891e-02,1.521426470206111575e-02
2.117465379485613391e-02,2.451494628309684384e-02
1.103688556673309250e-03,3.615027569181443012e-04
1.538738046135543300e-03,1.359424592416762483e-03
2.862499998789795330e-01,2.823339128967766176e-01
2.022600995205235674e-01,2.109839685640312046e-01
4.576776609795742828e-03,3.931134830909183663e-03
1.490308020531565802e-01,1.492075592229762382e-01
6.364389551696629510e-02,6.154545694036216846e-02
4.736553083544283588e-03,4.874294303635603141e-03
1.737064961983110500e-02,2.061749946263871300e-02
1.354025984502908730e-01,1.337110868092398763e-01
7.824755444753155043e-02,8.036622627351659720e-02
3.606884606604032761e-02,3.641186699290990814e-02
2.589560412801826181e-02,3.035977522234167142e-02
1.100753133801423561e-01,1.206038594574640188e-01
7.630988636472066378e-02,7.399592553868879208e-02
2.301889598017927210e-02,2.107492941076754417e-02
2.251283095886752184e-01,2.097091327874532063e-01
6.608505290933792964e-02,7.046830841558937575e-02
1.872942891972962098e-01,1.874676230066479321e-01
2.846944073404893971e-01,2.917959651820535294e-01
2.316199730635796761e-01,2.391061927634076656e-01
8.049640515950728589e-03,8.324041429677653606e-03
2.684587361218776155e-02,2.380474069736032705e-02
4.230797848920796467e-01,4.306872159408406953e-01
8.876814385635309335e-02,7.684734670491663588e-02
8.786175391857229734e-05,3.008914388832667139e-04
1.699893827791760723e-02,2.030114666483442618e-02
5.855677031933611242e-04,1.206055519264690422e-03
3.330448658313698435e-02,2.925540678529157598e-02
3.141045187823786333e-03,3.214231885870019387e-03
8.745131925493945108e-03,7.063741798967761859e-03
1.419042419253570796e-02,1.570827068864471057e-02
1.194649314382948595e-03,6.239889392129209945e-04
2.909531924414718307e-01,2.938853895991729304e-01
4.875852241777967749e-02,4.302759219045986655e-02
1.323436649134838716e-01,1.218096557233874222e-01
9.970177732704711693e-02,9.439297564442275523e-02
5.732736098739157349e-01,5.673262389491032787e-01
5.423626553219928342e-02,4.157504697238491309e-02
4.850426919805403414e-03,3.182742426799405402e-03
1.680046141485585327e-03,1.333803795570340884e-03
2.369192520111862432e-01,2.450492728384014163e-01
6.317184094107745895e-02,6.651717163397602439e-02
1.610732181651618883e-02,1.285143639960374673e-02
2.213133296916848687e-04,4.952536322030602709e-04
1.270571767522616913e-01,1.176621894519544187e-01
1.563828178480563061e-02,1.670708884787303755e-02
8.481817901212382327e-02,9.141404054335942886e-02
1.938037409688525906e-02,2.151003046019494061e-02
1.631892269677349613e-02,1.891525921763293969e-02
2.522120137707157816e-01,2.621567881108931020e-01
3.335397855386534188e-02,3.688873971927849466e-02
2.394068635011867285e-02,1.834580080652620585e-02
4.229135592336388111e-02,3.689051510136177187e-02
5.470676801173091769e-02,5.773283984987138268e-02
1.427533630661476267e-02,1.478504526913891094e-02
1.831144302218338954e-05,1.698209160376635934e-07
1.789971908651214194e-01,1.809855689075111351e-01
5.493561936181907690e-01,5.290642308282107464e-01
1.320790673034869522e-01,1.334433444583679740e-01
8.784817291243762066e-03,1.129476543570375260e-02
7.870605771468083822e-02,7.539005354345761079e-02
1.642486945509594454e-01,1.708352524961718188e-01
7.437096933380910047e-02,7.109150140163783549e-02
2.666349572260266233e-03,3.045269161888485010e-03
1.691526044989948296e-01,1.784069033035681484e-01
1.232588237915863139e-01,1.141585251901997139e-01
1.808178886973552391e-01,1.784534315490078071e-01
1.506401465272429463e-01,1.550360560341775829e-01
9.595767621267548009e-02,9.655587554929542793e-02
3.129282767910465668e-02,3.308835250947136236e-02
4.659620865970924043e-03,4.065530655986213625e-03
9.296151989653894318e-03,8.531222823438797814e-03
3.807223191973847787e-02,3.189967625369845294e-02
2.370229540791380096e-01,2.160653833528958512e-01
6.996318086786557089e-01,6.875313905106760215e-01
4.410806054981662727e-02,5.232409839657384265e-02
2.577606128503007863e-05,1.832251931908965908e-05
6.220929095775157291e-01,6.182054223104055390e-01
9.248831052522507590e-02,9.892955235120425017e-02
3.714246946495898816e-01,3.721253620762868253e-01
8.217351529315213010e-02,8.963725850650861027e-02
6.985631621633938693e-01,6.674852951353075214e-01
2.380448797512402237e-01,2.387821950331299736e-01
2.011143848916084956e-03,3.263747846672208040e-03
8.624874201316523603e-03,9.120506720918193644e-03
9.152513646328684291e-03,1.177939797934472732e-02
2.326431001238362176e-03,1.705083089849123833e-03
2.440935609772461323e-02,2.142420335830146419e-02
2.309138981884573116e-01,2.488308052173981988e-01
4.035338538158186883e-02,4.647257802761013690e-02
2.175815344525600936e-01,2.210170667149188861e-01
3.870618005370848186e-02,3.606423813966982972e-02
2.778095308552919716e-03,1.586620415960203522e-03
7.373597349581151317e-02,6.880849581235751189e-02
7.945229924884253392e-02,7.599753102470303834e-02
7.374934457714646396e-02,7.280120782224416831e-02
3.929107394150515437e-03,2.328128531319498869e-03
1.664622770380156898e-04,7.762861217613809266e-05
8.139741162543397135e-02,8.204108473515453470e-02
3.683874976591044459e-01,3.837216792841274815e-01
2.796621892953287183e-02,2.527355179994974360e-02
1.597124699432847517e-01,1.526495347818984105e-01
2.198930520000115865e-03,2.935605961654526395e-03
2.194417277389331955e-01,1.990415125357452575e-01
5.405564140317430100e-02,4.928007682511575255e-02
1.506080939594284518e-01,1.499337597161654045e-01
1.992803566348184605e-02,2.483669784050642967e-02
8.952626964314253089e-02,8.194802012403484825e-02
1.083353070230144710e-01,1.090016375393210724e-01
6.376271274836491365e-01,6.239148798383747918e-01
2.812770520360456938e-01,2.878203045498846646e-01
1.882079997050237555e-02,1.512822078695965321e-02
6.408217149884144715e-04,1.061940726770040295e-04
9.692752287672289080e-02,1.073510171890520309e-01
2.810358231624130940e-02,2.870820357176144880e-02
4.633756376819514987e-03,4.479383661124940359e-03
3.368764468543535284e-01,3.117165178051140018e-01
1.260524735753461474e-02,1.462036845016831052e-02
7.704032434714018496e-02,8.404530369748748619e-02
2.140262275193096642e-01,2.124691533278802724e-01
6.518834721051773584e-02,5.678335030259426541e-02
1.660441922780649809e-02,1.953667060311147993e-02
9.814187387693581489e-04,4.811376092955116932e-04
6.462239309213785483e-03,5.781875677729465986e-03
8.632147377040005898e-02,9.547463311151467569e-02
4.691955585697607858e-03,3.227655781950178500e-03
4.140551655031445878e-04,5.908094463982992671e-04
8.409391496676305033e-02,8.112315869141245583e-02
1.991605047914624116e-03,2.924285613831352059e-03
1.091627680507183257e-01,1.095828672442287349e-01
5.095294125579748201e-02,5.235748326141475423e-02
1.059215847145979217e-01,1.177685689490671761e-01
8.209843920553540342e-02,8.197345123203562955e-02
2.091456243343589941e-02,2.004736728250242073e-02
4.765680830938828771e-01,4.800069173577147796e-01
3.921228217481963207e-02,4.203621962960377156e-02
7.253930896122759181e-05,1.127842446167617657e-04
8.353106279581651306e-02,9.001810918419467233e-02
9.663856376985481555e-02,8.663902239844133157e-02
5.231619908812567415e-02,5.154690461608547186e-02
2.146882304133422847e-01,2.019354995473889303e-01
6.911611308373197260e-02,6.568416543754324044e-02
4.492400127886338689e-04,4.455166115426365393e-04
2.004569642375290603e-02,1.829486026309705415e-02
5.820969198180521475e-05,2.498678891065212880e-04
1.521838693401107202e-02,1.539527100590809723e-02
2.451949061534627536e-02,2.185681655435465012e-02
5.611442392724444450e-02,5.484535621545223033e-02
6.643599602600114284e-02,6.954682044801080432e-02
6.766451881157287129e-01,6.779730166709739825e-01
4.814356741400253881e-02,5.260311761574391898e-02
2.329058756283851894e-01,2.303818012605395038e-01
3.360801433291916163e-01,3.005484234478186800e-01
1.393438255518285318e-01,1.335173286749893884e-01
2.023872542626383164e-01,2.056963787201409044e-01
1.505901126779270703e-02,1.613658991189985403e-02
1.833050964377027476e-04,4.237101740422221426e-04
3.235961131263323000e-03,4.330751235510222306e-03
1.808896469342745111e-04,2.897805196157080801e-05
2.206663482666652853e-02,1.874985398891798952e-02
4.902739874283762282e-03,3.048539459814694416e-03
9.077448167329239120e-03,8.843903036970064344e-03
1.735381521764043644e-01,1.654978947347386098e-01
8.537097886477809650e-02,9.244224520148114355e-02
3.948452876136051919e-04,1.717868178041469099e-04
4.043368537951584738e-05,1.317650912325045659e-04
3.994769311370183207e-02,4.221302953822700377e-02
1.835371634820345474e-02,1.600605238879913503e-02
2.786294286374960127e-03,3.019400437094349639e-03
5.454673400798804896e-03,6.728286463521494613e-03
1.694907820952268329e-02,1.161386384854736810e-02
9.231454234103582401e-02,8.766516651827528650e-02
5.158616276361766007e-02,4.883360928486057267e-02
1.034286174258533253e-01,1.011232627652837168e-01
6.925031237557417452e-01,6.813131171912919504e-01
1.057750625625535207e-01,1.078174436798197133e-01
1.882685025757469544e-01,2.009735918552783551e-01
1.996787928657191014e-01,1.948998406757795065e-01
3.163049192500225909e-05,1.501352467319649885e-09
3.792667389296790481e-01,3.809885856784622771e-01
6.034828450640652431e-01,6.490872041029922546e-01
1.338571306891937936e-02,1.190384336196491366e-02
4.666670322631349954e-02,4.971153005575672246e-02
9.955309995088458541e-03,1.289588630946345710e-02
2.991061269398779740e-02,3.009762338176512342e-02
1.172632664329018359e+00,1.131841680449511722e+00
2.099297377300140752e-02,2.595182810857306691e-02
2.752652744115256789e-03,4.300295143857910812e-03
1.884482855516861066e-01,1.718421919230201655e-01
1.364776758081131247e-01,1.286466362887162262e-01
4.933651937528211739e-01,4.750150544003883812e-01
1.980343139004620695e-02,1.672974072211751151e-02
4.852128238886366240e-03,5.432219527259462936e-03
3.998395176685528435e-02,3.888813495815943849e-02
1.511875831450856279e-02,1.221517986005157298e-02
9.349768329221533336e-02,9.001098472377364046e-02
4.516207820021047432e-04,1.104270387005329770e-03
2.458704970260598786e-03,4.428698267001250979e-03
3.567364669503681179e-03,3.531437578129023504e-03
1.147376249668183301e-02,1.327958610696102805e-02
5.216541844650074422e-01,5.374125736414464560e-01
2.051749848809429067e-01,1.908185456202551589e-01
3.083174255643046993e-02,3.170636934489729636e-02
9.360886910469549960e-02,8.711013566996381186e-02
1.078918964126544811e-02,9.782444367152835427e-03
4.616136157024790937e-02,5.490194240643978679e-02
3.400614420796324588e-02,3.313239655189353233e-02
1.378241136860442265e-02,1.412751604963455310e-02
6.315671058122553083e-02,6.864360966416208076e-02
2.287618789102522851e-02,2.044404929876576446e-02
4.175814958906809773e-03,2.684334181734773089e-03
1.112282178812811911e-01,9.767025488122288435e-02
1.445363109748499519e-01,1.446568993574162687e-01
3.747760390942962185e-04,2.808548440547221233e-05
3.351317598961506827e-01,3.389071717478848722e-01
5.445967707021337652e-03,6.690065976589922025e-03
3.363209005638150700e-02,3.110352535799582735e-02
2.262200620173337451e-01,2.346032982016940382e-01
1.240335617793973728e-07,3.562191791593499659e-04
3.706963135622072525e-02,4.048464599682692622e-02
1.049125050214509995e-03,4.705887121402159662e-04
1.439006740595072560e-02,1.051831449716455168e-02
1.191241822174895007e-03,1.629933549037150889e-03
1.316266212545561531e-01,1.254152266074619326e-01
1.379996677379144165e-01,1.306438796356344245e-01
6.820748742632470885e-03,8.552045648312463916e-03
3.652007004655916655e-01,3.586280719435359088e-01
9.627213917287760769e-02,9.687494897283649431e-02
2.954185917968525990e-02,2.656603606479450083e-02
3.504603115471032759e-01,3.589075049075003410e-01
1.357101847236608604e-04,1.697859513620046527e-05
4.822578168515334607e-01,4.748576778005504373e-01
1.836422155952704138e-01,1.994101191932848571e-01
7.565726895452539423e-03,1.098784302981491157e-02
2.225502441752423132e-03,1.509553946446209232e-03
7.890315976120938768e-02,7.874379330002065358e-02
1.709877884775021506e-01,1.552072540630911879e-01
1.654018256039014104e-02,2.000462075691928493e-02
1.060349940153430537e-01,1.139767598746060789e-01
8.378877389742786508e-02,8.733524694258594512e-02
6.770565636416094879e-01,6.416905206033378661e-01
2.497451842551256379e-02,2.775913105176374893e-02
1.144208035369538440e-01,9.751781190092739804e-02
9.687290210286977898e-02,9.649658710702530007e-02
7.221038847942451433e-02,6.988288944288835458e-02
6.351763557520605230e-02,6.349068246299104101e-02
5.007633208873626951e-02,4.806025071018018430e-02
4.131776639522018180e-02,4.308561493089561184e-02
1.071284713619131447e-02,1.132029052015453771e-02
5.391516855396984859e-03,7.085006106533847312e-03
8.506825275134761999e-02,8.991063870135777847e-02
4.630105370067599813e-01,4.580053657280996338e-01
8.569894897431806768e-02,1.013519429403011152e-01
6.351878735440487367e-02,6.721174049559648644e-02
6.438540286633548382e-02,6.201482562028130807e-02
5.932969366657468990e-01,5.834492638201882464e-01
1.708813906715848439e-05,4.294612155877416016e-05
5.813217012339024631e-02,5.708777409528614094e-02
5.469489784127526920e-03,6.435812618076584661e-03
3.314804092689320747e-01,3.485941913688831439e-01
7.285148164297992890e-02,6.466204190628929704e-02
6.332839497153194830e-02,7.261265562136649809e-02
4.507529958273677750e-01,4.535304872122972175e-01
1.686105418986378057e-01,1.703920626819253326e-01
5.429618204135893550e-02,6.256742677811281961e-02
2.348908345802923217e-04,6.401061807822598084e-04
9.117720339640005001e-02,1.016429697795295101e-01
3.908208583534046598e-02,4.517024291278911446e-02
1.553606660920224883e-02,1.640614498864770981e-02
9.697795590463995996e-04,6.268852462171088614e-04
1.394734082084523874e-01,1.318338464177095659e-01
2.557248620857241472e-01,2.464589315045510598e-01
1.077368250772363367e-01,1.147804171433430276e-01
2.111959887966648533e-02,1.797796451227912790e-02
1.023186847552485026e-02,1.191022319282897431e-02
9.769860045193196063e-02,9.833499982469588729e-02
7.046304968817293513e-02,6.008889980189632829e-02
3.730960065028363637e-01,3.791073294697512863e-01
1.915591561582283830e-01,1.759136965653128604e-01
3.702495056392410971e-02,4.159674958220649366e-02
3.038077117073318401e-01,3.188504864006702633e-01
3.137344899237186346e-02,3.738912683330395531e-02
1.842717150922370531e-03,1.382343041893856943e-03
6.643589801283600327e-02,6.332248413819394073e-02
5.903517842325618596e-03,3.985725911389470695e-03
1.373971018977631893e-04,5.118944870739857605e-06
6.755966506950918105e-02,6.677939889541337215e-02
1.044592791231847423e-01,1.015305255148539199e-01
8.988216761969225477e-02,9.310427169969387462e-02
1.916659323265888504e-01,1.993188062107737191e-01
7.086109500043651088e-02,6.915131294841098120e-02
6.488962426021691599e-01,6.292595475288648155e-01
1.886333641361481184e-01,1.934272025362100689e-01
2.027172148541668377e-03,3.017559958584973504e-03
5.596515512770509071e-01,5.628647084162774483e-01
4.000332353941891961e-03,4.824973238879154934e-03
1.183218131834578996e-01,1.178072911424208474e-01
3.455793495668132292e-02,3.405668887230500069e-02
2.692288759885237970e-01,2.613150835592629173e-01
1.372201797774881826e-01,1.369912967843157081e-01
7.541775481832402317e-02,8.236746880887073352e-02
2.910338062224722688e-01,2.879749586259758853e-01
7.970659541351703126e-02,7.960809671581424440e-02
2.633008984111066125e-03,4.015904099234621216e-03
1.177091100984054787e-03,1.948234251324851252e-04
3.705359065014218745e-01,3.762924130904065634e-01
7.542347110371926122e-02,6.732861372035892078e-02
1.638672723538015796e-01,1.781277802337669081e-01
3.878801623362219952e-02,3.869685680442277315e-02
2.931420628504794249e-02,2.244665080816377750e-02
1.186040953626729955e-01,1.052676961332676409e-01
3.254202497034919175e-03,3.030940231450564206e-03
1.878971517022396537e-02,1.690061455467918583e-02
9.260538524126671767e-04,5.323711493085874283e-04
6.332114318911699624e-02,6.615588187597697123e-02
3.597092163323827030e-02,3.947883873378967706e-02
3.380552994126904270e-03,2.722329975451610439e-03
1.719423058632102985e-01,1.672164955544357401e-01
1.782094130767057361e-01,1.722063242161324392e-01
6.338356822953412628e-01,6.264842993183923348e-01
4.397950161174515177e-02,3.567148833376686257e-02
3.329681089780972547e-02,3.247301002199883685e-02
2.835510870088980145e-02,2.703636592219287385e-02
1.527252209620560920e-03,6.599714104138264866e-04
6.995749334097479677e-01,7.105781330392210160e-01
7.137913108390193592e-03,5.134010294922912096e-03
2.684038155599319589e-03,1.119343867654521655e-03
1.717104379951165175e-02,1.276789917634086648e-02
2.460309662120830146e-02,2.508912930719187778e-02
7.737809807145110304e-03,6.423012252248974825e-03
4.426893864176003539e-04,1.679523503379746563e-03
1.317844612149770278e-01,1.305412069300698474e-01
2.785910587698811267e-02,2.724106632151403196e-02
1.678083337442819482e-03,1.223277953318249256e-03
3.584865466161278429e-03,2.343990425062102926e-03
3.337128463339156248e-02,3.332279316974555428e-02
7.571955573921988758e-02,7.068990470616474953e-02
2.062727513072679097e-02,2.263418293734047529e-02
6.184944365364049013e-01,6.017938246651207690e-01
1.125422545577633576e-01,1.122479007233704862e-01
2.111378023525193118e-02,1.875201893115325050e-02
1.828991262025132236e-01,1.656889554409818888e-01
9.560171126610898101e-03,7.701636910169754220e-03
1.682652021564080835e-01,1.744139390583224203e-01
7.705468011912401660e-02,9.003579030313216269e-02
3.433235931595072371e-02,3.355445373490649474e-02
1.413497814186324419e-01,1.555321290180299298e-01
7.229382162862368899e-02,6.733419220766057034e-02
2.239814849817912262e-02,2.058335733231568890e-02
3.762669352370489870e-06,5.843757377770994514e-05
5.771963343330239168e-07,6.851528739153233899e-06
7.945451726536559289e-03,9.048190487387416242e-03
4.178537671045575949e-04,1.211237810233668777e-03
2.536331315925888057e-03,2.512985458784327934e-03
5.831108125716650825e-01,5.621394145926887909e-01
6.045737190130995309e-02,5.416275353989184749e-02
3.306726349206854515e-02,2.645543221471578776e-02
3.712700901474962900e-01,3.636749135177084202e-01
7.094676640529622158e-02,6.690116094533060664e-02
5.703184013300873455e-03,7.939368413446975040e-03
3.263017696164127734e-02,3.762768699643250642e-02
3.592100626651003638e-03,3.341911661046982271e-03
3.177654654287944691e-01,3.294167018177771578e-01
3.607757666767331256e-02,3.325709958068903682e-02
2.645246496507373379e-03,3.314024274762076856e-03
7.385412170479902126e-06,6.538853222974716343e-05
2.355319245751848548e-02,1.804656625750234930e-02
4.387108239981139801e-02,4.584164238907490613e-02
1.305001702432384558e-01,1.275268505235147565e-01
6.590199381450007055e-02,5.213443911206665227e-02
3.669969901807759033e-02,3.926953258444044331e-02
4.346044359933321291e-03,3.940390620459427971e-03
7.197112414740829134e-02,7.097869983951836381e-02
1.448671709432267363e-01,1.552931374008042487e-01
5.657426627223212726e-03,5.593655813843177206e-03
2.707034283705244126e-01,2.832234235470635353e-01
8.101590859890833718e-02,8.707213831009849581e-02
2.322309606929477410e-01,2.345593350201401195e-01
2.469535723802249727e-01,2.425022146550617763e-01
7.857735006130045496e-02,8.907551115550647880e-02
3.658282780165066916e-01,3.585318891266845442e-01
2.586549524912352786e-03,1.928264529130923818e-03
1.627529573191525969e-01,1.630589263396237942e-01
1.017868382540463960e-02,9.785167296870614026e-03
3.611148400650596862e-02,3.014834891973500880e-02
2.165954929867560871e-02,2.444631729618899213e-02
1.012815723723311731e-02,7.956571818205106922e-03
5.351624377807697591e-02,4.491327938312330431e-02
3.534915783480591794e-02,3.913962517452945072e-02
1.647899301864082788e-01,1.813200639111204326e-01
3.239098940947220118e-02,3.369882614547316246e-02
1.903468383146882659e-01,1.866045300374860327e-01
8.868207084699648857e-02,8.626281142985267603e-02
4.254461207090026037e-02,4.568872118712050123e-02
2.280063171092643615e-01,2.105373557564395037e-01
7.895988693935031277e-02,8.068244775521467294e-02
6.542781641468719839e-04,6.334425243235612506e-04
1.171322797776971070e-01,1.248328266461411623e-01
1.904008847029375617e-01,1.842457024772220509e-01
1.769000466295852711e-02,1.609971413627055148e-02
1.116172047172694698e-03,1.634756625853311680e-03
3.903875145755852927e-02,4.631152439670573051e-02
5.130114442888925597e-01,4.881541790036184603e-01
1.431083698661908543e-01,1.311322138615504673e-01
2.510494165332947253e-02,2.493948544527678154e-02
2.199907674036574517e-04,4.265321662125875861e-05
5.183350452750132287e-03,5.553172340472275689e-03
5.113224802176145056e-01,5.167953155139564103e-01
2.193580239092003392e-01,2.261414443878123626e-01
9.200638599005658835e-02,9.051805604065812916e-02
1.624930781780915268e-01,1.651208674436727142e-01
8.044380804350426128e-02,7.754014008109459677e-02
2.440089843255888458e-01,2.434507059354010239e-01
4.931533571461330784e-02,5.421689264068980940e-02
5.216644964836488797e-03,3.656134426623593343e-03
2.508671561199143918e-02,3.167388595289827302e-02
3.603242343167126771e-01,3.641296514888620051e-01
4.790941456940439429e-03,5.390240631702744936e-03
9.022328503648547812e-03,8.830440590237978449e-03
2.642278521901505681e-02,2.429853926142514289e-02
4.518497222777542038e-02,5.022780351548252614e-02
2.588610576286252268e-02,2.473186420474408204e-02
8.846531187015416187e-02,8.221403250759329318e-02
6.982539773389739857e-02,7.066712675559415346e-02
3.210815356888473415e-01,3.208473929884440023e-01
6.976334173050009746e-02,7.123543567708118252e-02
4.074756580672828088e-01,3.945733793217659491e-01
4.073547918588920486e-02,4.065481221712415744e-02
8.896314836603222420e-02,7.705242490962199708e-02
1.818537694722248063e-02,2.124792635137973812e-02
1.096676691697806572e-02,1.301286305843930846e-02
9.975772454709549845e-06,5.527066497870107955e-04
1.585779442913222426e-02,1.889896513248005838e-02
1.141443319944932325e-03,9.188566040436660105e-04
4.120372558171700450e-04,6.806168680197339886e-04
3.106184068193983822e-02,2.369022494261828829e-02
2.856790018015009300e-03,1.671153715745816873e-03
3.741097996711376713e-03,5.779619037012116191e-03
4.981991210497384130e-03,4.898622619500734611e-03
2.536885870266947923e-03,2.055972154721493524e-03
2.055627156370760933e-01,2.093055295103194990e-01
1.077095759578489548e-01,1.095805967529487196e-01
1.128453958698530518e-01,1.082992786946628677e-01
4.794623758684463111e-01,4.789322523111942398e-01
2.736923239304089178e-02,2.562072948226912228e-02
2.118922156266447865e-01,2.006208324219671268e-01
5.384855710391633909e-02,5.686261636924044849e-02
9.653500719947870345e-02,9.733201418144102335e-02
4.578536063465600270e-01,4.715388077643813958e-01
4.847625162007974942e-02,4.484619940026651763e-02
4.191240563737465979e-02,4.207833900304030345e-02
2.404421903572481116e-04,1.553455830606238953e-05
4.899861655629375590e-01,4.861003619035964007e-01
5.629759644096576920e-02,6.451136904378813874e-02
1.406585062411319295e-02,1.874391077544435014e-02
2.729665784478315510e-02,2.359820018977981312e-02
6.283650955644599911e-02,6.162157231247719635e-02
5.546440607750083296e-02,5.530879814425360141e-02
5.867757114702903780e-03,5.219847622331326778e-03
3.253749596427207291e-01,3.166115115153163573e-01
1.258174697877967041e-01,1.270944825055917160e-01
1.065834032986496226e-02,1.181661339247975541e-02
1.627395294410646509e-01,1.697431787504128375e-01
2.975376497059300379e-02,2.831809138114068508e-02
3.675997180099326023e-02,4.017976327661541142e-02
3.994766064452555387e-02,3.785728716071991989e-02
4.354618166533991142e-02,3.565419622882280704e-02
1.087881904177523049e-02,1.089696203949779528e-02
1.612813026322089671e-01,1.491858920906860564e-01
1.118985581599296142e-03,2.161498642361021991e-03
4.120540042839333505e-01,4.189864763661175218e-01
1.657552513597750354e-01,1.581981458036236798e-01
1.360767023201970953e-02,1.333605494792038278e-02
3.822436142749872645e-01,3.831230506693256710e-01
5.743651766297501671e-05,2.971083486154971288e-05
1.939983825448528543e-01,1.768362546921510847e-01
1.021112457882007302e-01,1.038907846808221624e-01
2.560803026280654687e-03,1.852293547170132419e-03
2.510052160546568517e-02,3.026754072010981109e-02
2.084069540066734172e-01,2.056260425890765464e-01
7.533055804503192843e-02,7.008300676318983402e-02
1.563918478998584105e-02,1.547608496852872183e-02
4.473225449036759560e-01,4.401975781256918796e-01
1.726356519624768493e-01,1.706262388409828523e-01
5.206565089946509906e-01,5.068019091536456466e-01
5.680304176234670516e-02,5.605963371877937390e-02
1.775178042641002707e-01,1.804607065237676111e-01
1.370352178141891718e-02,1.223827913620113839e-02
1.601673523737050242e-02,1.386940625660187769e-02
7.659429826535736618e-02,6.687398430173512043e-02
4.151799368822243208e-01,4.247130892811068481e-01
8.273932481397563987e-02,8.263842890178313416e-02
3.714359224553582389e-02,3.153925654108395704e-02
1.292803921310061235e-02,1.428210772947393660e-02
2.780617134072552871e-02,3.163615484157428909e-02
5.287304374924521599e-02,4.392502222850808158e-02
4.866568586823538482e-03,5.968583417913862765e-03
3.566135919053289305e-01,3.392072421263940818e-01
4.079731049148790922e-02,3.894287155266102501e-02
8.124072413622325517e-02,9.331297419087795919e-02
8.207098787251768026e-04,1.212129569296512650e-03
2.951924633150243213e-02,3.312266756601030260e-02
5.469341421519244816e-03,3.913378527668808296e-03
3.667264045426423674e-02,3.969122094306130888e-02
6.532458686090666586e-03,5.092212046508104266e-03
1.405681852730439199e-03,3.102703960136616972e-03
9.692625384488988416e-02,9.458508845518528996e-02
1.298261219909187594e-02,1.440188736632704719e-02
4.890626518290966951e-01,4.990440347377665953e-01
3.330283687249569607e-02,3.917560202502685246e-02
2.849527552286162252e-02,2.630941718204829471e-02
2.053534715535376420e-01,2.024579552915178882e-01
2.376282185102050748e-02,2.319862335622557489e-02
1.419519431358711170e-01,1.285136705310662431e-01
3.116283687769328542e-02,2.914865597378057255e-02
4.905766916298042639e-04,5.746480311823331822e-05
2.981719256305317978e-02,2.831855610939815887e-02
1.596361337214045537e-02,1.201404170861653138e-02
3.929735516518687022e-02,3.077125170569177878e-02
3.745344772161929986e-02,3.937270629406817296e-02
1.121730098464702313e-01,1.187910269804907104e-01
2.924074952089402712e-01,2.896682226957926209e-01
2.008204156834854925e-01,1.965188465623705916e-01
9.646364728216077003e-03,1.256887786577076151e-02
1.696862925482679474e-01,1.586446901044100966e-01
1.180057370663693123e-01,1.238872387440825007e-01
1.992490227552612976e-06,6.925272057707297928e-05
5.118111484329226357e-01,5.127907695690456791e-01
5.159506062023898505e-03,7.026899298371514641e-03
7.026999762929371507e-02,7.343678617859926427e-02
6.637061397639866522e-02,6.817180392662720856e-02
6.770680808078173574e-02,6.323551886201034256e-02
4.284414154321738305e-02,4.735172593142740471e-02
1.726540801356370725e-01,1.753008134476357061e-01
4.881709691164801135e-02,4.436397552354116175e-02
3.467330522371814879e-04,1.852196806232377048e-04
3.119390897493971582e-01,3.029928357561034735e-01
3.790828827930206590e-03,5.115302360674022289e-03
7.829714391450058597e-02,7.375468666064302625e-02
3.817180351916832359e-01,3.932053695291270468e-01
1.327475265211097155e-01,1.419873177479086812e-01
1.970704496418441629e-02,1.528256281055954437e-02
4.985256276569738007e-03,3.697154196255463508e-03
1.992245851181539268e-02,1.727405454148971467e-02
4.423708376538725701e-02,4.358203105140388139e-02
2.527567473518137903e-02,3.022165176925430824e-02
4.731329204061740859e-03,3.894692439750273034e-03
3.553298680787802394e-02,2.967792262658001251e-02
5.711059267169740208e-04,1.037460867250902634e-03
2.041688526388041932e-03,2.897842310140064104e-03
2.692534662660907296e-02,2.928391914471972432e-02
1.315418369347927385e-01,1.318864659878282997e-01
3.318195346434820846e-03,2.967332794171888017e-03
2.621036309240225570e-01,2.672647542055221481e-01
1.352859861068330671e-01,1.302131437592504437e-01
1.397489966043690413e-01,1.572354070362302625e-01
1.711312577221549974e-02,1.176172960693809035e-02
1.228465406397775007e-03,1.428624998878709647e-03
4.259853542783742508e-02,4.416207658074240705e-02
8.177074080119637808e-03,9.319522817071209525e-03
5.882817855676790442e-02,5.279585251086070519e-02
9.316741820079849079e-02,8.703288719329557721e-02
2.009318762920955098e-02,1.538925408062061066e-02
3.912936342144683888e-01,3.908974471033891396e-01
4.701209638713278044e-02,4.380453230427852618e-02
2.088143824867398114e-03,1.497260561246290802e-03
4.596077956344685883e-02,5.099585195621696848e-02
3.274681648552591473e-01,3.488350546073930580e-01
4.489488943505615809e-02,4.801387182231872663e-02
9.921304010863904455e-02,9.014148664564497482e-02
1.878351806540619617e-01,1.690925615703335605e-01
8.036952457557620250e-03,6.012257035191494701e-03
8.166296232510511510e-02,8.699162893877120106e-02
2.487765516279781541e-01,2.573845655116864251e-01
5.072085971532862975e-02,5.634127331118329168e-02
2.204604193662540196e-03,1.813983571377591640e-03
2.345022395846607099e-01,2.266071501150762058e-01
1.646028312146500736e-02,1.576016497675304315e-02
6.962398127239269319e-02,6.923044191696471616e-02
1.059099295428573839e-01,1.177064962076096594e-01
4.864079793152562003e-02,4.631723978815054793e-02
4.928402955881958092e-02,4.332645689473339778e-02
8.178426887552254707e-03,6.556742922424606268e-03
7.060816926821222861e-02,6.357701761711227750e-02
1.079862614151047562e-01,1.103948966673783394e-01
1.077740723838536557e-01,1.053077256681402701e-01
1.180034112384471194e-04,4.209620647788240547e-04
2.006440970790937250e-01,1.878905431290062711e-01
2.640621355666763481e-01,2.728871235386374772e-01
6.944826000450724512e-01,6.919857891330997157e-01
7.792102992424315699e-02,7.377907066646995082e-02
2.254492941290696384e-01,2.550195378714443240e-01
4.277868302012857032e-02,3.991529069669386837e-02
3.767453864272306274e-02,3.391025973130475796e-02
1.513177711406284932e-05,2.059401547726152123e-05
1.555535844682269520e-01,1.510971123220068713e-01
9.395533428899250500e-03,1.051179655363508429e-02
2.796831115038056134e-02,3.178681452066649260e-02
3.191561105270195320e-01,3.144733045247065095e-01
6.184044271308275032e-05,4.636137664341045581e-05
1.490433923478299248e-02,1.666847062965214413e-02
3.644002779280509918e-02,3.989304985535542525e-02
4.617912971490488808e-03,4.571043884499661342e-03
1.162146197493876126e-02,1.720294799401466540e-02
6.778213251497396639e-03,6.444557677304155532e-03
5.035848475788112788e-03,6.209383166018319494e-03
2.437103432424050486e-03,1.945294003766502491e-03
7.358996440061400975e-03,4.608666762424756119e-03
9.611037017929650872e-02,9.880503289354897190e-02
5.360777789527021615e-03,4.083479975230636799e-03
1.416194294879347896e-03,1.123754242291792778e-03
2.156918930879567556e-02,2.520360441444560728e-02
7.713347679075120700e-02,6.664387104987581911e-02
1.981216735545576063e-02,2.435721523670002220e-02
3.768331245866031725e-03,5.660775440324214425e-03
1.903228536197342250e-03,1.644126770509042081e-03
1.392677252142935588e-03,3.262589775427991116e-03
2.614428125380784118e-03,2.386641823749278968e-03
5.483785268038848804e-02,5.109776477971707948e-02
1.367754748923240586e-03,1.752488410052817835e-03
1.668928030474406410e-01,1.627119596246845989e-01
3.243792278751657506e-04,1.063786361191495057e-03
1.929693716382699376e-03,1.791630720563905637e-03
4.302561836557930453e-03,4.609329379963036412e-03
5.880597170720263875e-03,4.425082167684206251e-03
7.199627481802607643e-02,7.573389554792132883e-02
9.727331546502175630e-03,1.123646600519275993e-02
1.052726063027884266e-03,2.656714586966215231e-04
4.493926769765670820e-02,4.973711140744202508e-02
5.610025120564850198e-02,5.794515906832775620e-02
8.297730638388328694e-02,8.427011461308032969e-02
9.101849339045172760e-04,4.171185126300139181e-04
6.132816474629817355e-02,6.627377219347790893e-02
6.281724342360024693e-02,4.960877909166585414e-02
2.058383120979400890e-02,2.112251495385928518e-02
8.424434519103954008e-03,7.114055038038364330e-03
1.258560821576571176e-01,1.256703784858979878e-01
4.043493597255755079e-01,3.865079911170431481e-01
7.246191467931979539e-03,5.828364996605659917e-03
2.238799573864171111e-03,1.917426114107983115e-03
3.485500143326492745e-02,3.775376475189233527e-02
1.204820544351030281e-01,1.294463991188062879e-01
1.343430006456139934e-02,1.045891350349770731e-02
7.088097081666405730e-02,7.887062212622175661e-02
1.056430938255938090e-01,1.124757268626357942e-01
7.437975658896342490e-02,7.575744272918849553e-02
3.010437054068246243e-02,3.221813194812690739e-02
2.576059424226834205e-01,2.522468776768813647e-01
8.580280156473558961e-02,9.318247781373382999e-02
1.029339819209753870e-01,9.436715331189207689e-02
1.093897904573266563e-02,1.344936617302380441e-02
1.144898311142474555e-02,9.020392207076170787e-03
2.796217604012238376e-03,3.154413345070570650e-03
3.305762217682223225e-01,3.299237737117232672e-01
2.231016650121852296e-01,2.284387046649922481e-01
1.740792654343461393e-02,1.693168314121538606e-02
3.250454543516017036e-01,3.092410832038774426e-01
1.001288917630239889e-01,1.015299834233194670e-01
1.827998807286427274e-01,1.809761560656450718e-01
1.041459079948503785e-01,1.099930300734330568e-01
1.857234689364128388e-01,1.890717515412807248e-01
4.722841336633976095e-03,2.662834442216677980e-03
1.791157489942311887e-01,1.865419633984709558e-01
1.153366493039220328e-02,7.449956248689175789e-03
4.177522098910946627e-03,3.533009693028621619e-03
5.231400366524571188e-01,5.294862276775955667e-01
1.454533118858695497e-03,2.524038503524324815e-03
1.052195326357507899e-01,1.087417334940525004e-01
4.029878436663837660e-03,3.509115771439359158e-03
3.878317180769138006e-01,3.854996115844590565e-01
1.052610380195869409e-02,9.842694420567472263e-03
9.339017008272924025e-01,9.095066397395097368e-01
1.777987157228441348e-02,1.130627284185094575e-02
1.706471916931789901e-02,1.474721676252827712e-02
2.051471598051868295e-02,2.185382774136188783e-02
4.977935055585990254e-01,4.824893875489192352e-01
4.697739820505505287e-02,4.191294814004415531e-02
8.597373120452826700e-03,9.363787901113408002e-03
1.124173969236734634e-02,1.633488009642005551e-02
5.020344771936094408e-02,5.511946321795371112e-02
1.452805533474739149e-03,2.550264660695841356e-03
8.342289259244473065e-02,7.418965472820175655e-02
4.312444452590256244e-02,3.694888975432803618e-02
4.411073278983576040e-01,4.440797865142852574e-01
3.531631799659903925e-01,3.676880962248713636e-01
7.547115826410571993e-02,6.809736782262343358e-02
3.568100209613803142e-01,3.388408207824135654e-01
2.056262944525905079e-01,2.088769215637214238e-01
8.966761147594091985e-02,8.084693655361868680e-02
5.998335562125930477e-03,8.334843217050221312e-03
1.341215388788764284e-01,1.363134431735866237e-01
7.028367153896721009e-02,7.426394685280970909e-02
3.815754445412010143e-01,3.953513910013424226e-01
2.616459261098187140e-03,2.155072861613079992e-03
4.064973841789690928e-02,3.706665817884109010e-02
2.524599510677473235e-01,2.659929938634040814e-01
3.231406492019607557e-02,3.131233250250382155e-02
4.338085082875813188e-03,5.743105691558504991e-03
1.094362300777302066e-01,1.009488680703219121e-01
1.307935894362520501e-01,1.171990556937795580e-01
4.141599474301467174e-03,5.045625047063254966e-03
7.665526264789902788e-02,7.601881724363500348e-02
1.650024199488658513e-02,1.660596906889898194e-02
4.202299547634903015e-02,4.390931117643192411e-02
1.588416295838876446e-02,1.837058217005382160e-02
6.746133009724927798e-02,6.251032805159563444e-02
4.661663950833030284e-02,4.189914247637904765e-02
4.486034474126180229e-04,4.425080042453996988e-04
9.534515779205822829e-04,7.185527420464400423e-04
5.475361946019138837e-02,4.688353212901907874e-02
8.115515167402904267e-03,7.436434043756118967e-03
1.628561232414161772e-02,1.572519927740261697e-02
3.883249060023670463e-04,6.239442092364444969e-05
1.876391775930547415e-02,2.039000546446021953e-02
4.892327656225826417e-03,4.997224320581794381e-03
1.188085751716458013e-02,1.177913945023290922e-02
4.442526217771848585e-02,4.237926100011350783e-02
1.957151380189062055e-04,1.198744561878426016e-03
1.794697579551501887e-02,1.719361478469038848e-02
3.676762233077365133e-02,3.599360338002186022e-02
1.258343694899459742e-01,1.284603498530424437e-01
1.822536441083056485e-02,1.458148524785309215e-02
9.322717206643845594e-03,1.014811037632039857e-02
1.210995401077628190e-05,3.411832359851411532e-04
7.460864763671692934e-02,7.644597617605333739e-02
3.594452581791865997e-01,4.002103356887414254e-01
4.156064604323052580e-01,4.163931931971629474e-01
1.691833086903499206e-01,1.767275704830520988e-01
4.730487831790487416e-04,4.100752240704992765e-04
3.648463658268469908e-03,2.999428131185134534e-03
7.883496355369774555e-01,7.906916489140972670e-01
4.616953379552308015e-03,2.172557831592829194e-03
4.271391728596905801e-02,3.694626140622577631e-02
1.054982040199959302e-02,9.411582266428904914e-03
6.297892139668744699e-03,4.936038727860619230e-03
4.499205743940692948e-02,4.637399395490269388e-02
2.585789568434858701e-02,2.507805789842528291e-02
3.001806642765931371e-02,3.296535273976260172e-02
1.985684970621426071e-01,1.997971969216748300e-01
2.804858421221835263e-01,2.841411313791342708e-01
5.784336350881622707e-02,5.859132423054250194e-02
4.057632302835072202e-02,3.600762595757919793e-02
7.395509840929502011e-03,6.079984976320223534e-03
1.440135887846579268e-02,1.834965517269570093e-02
1.097743572551376640e-01,1.015989728554595323e-01
9.255870432273178433e-03,7.338164149200293931e-03
6.137002761578688259e-04,1.169653436284883970e-03
5.088786228170570853e-04,1.135819365115500268e-04
7.206121319796802115e-03,6.719990437373701830e-03
5.872944267920314487e-02,6.540136061331212891e-02
2.310462743240447939e-02,2.546733553402019332e-02
1.214872415809524070e-01,1.321207842115326714e-01
2.447412660508269389e-01,2.373027126837335687e-01
8.114958286484843250e-05,2.907966861940976494e-04
5.009787700704553259e-01,4.936788762119337926e-01
8.882549893377713821e-03,1.184104546304194996e-02
7.975104759016714284e-02,7.697884281773492710e-02
6.199217456928214631e-02,6.670027535459278900e-02
1.846676487123721094e-02,1.911227876493955952e-02
2.737858191661685092e-01,2.985569729157571128e-01
5.167266672509936197e-04,1.386531687727366683e-03
3.737320699111457666e-04,1.190499431787101598e-04
2.268179287419444246e-01,2.248085022310142844e-01
4.605933733907198457e-02,5.156644063661029731e-02
1.084271848002549434e-04,7.435479599181124468e-04
6.770392210741517196e-03,6.103035171492472710e-03
2.536200633714911709e-02,2.501991098489429050e-02
1.702958565270666913e-01,1.503563417341286790e-01
1.791231588754477883e-02,1.517216999178150685e-02
5.010768349270783295e-02,4.400475274145153326e-02
1.846423118238396388e-01,1.794928089661018966e-01
5.838588426532069671e-03,6.548616789512099086e-03
6.098741874268726049e-02,5.853310776944367633e-02
1.166045424103452459e-02,9.924217834007893063e-03
2.152540254980716827e-01,2.290292300508028900e-01
2.856251975944645166e-03,2.797259270267326171e-03
1.335312218722366131e-03,2.589439887432636728e-03
1.206229118226270075e-02,1.163240043466696148e-02
2.219781379434233263e-03,3.095517497615858128e-03
1.640607955184657154e-03,3.406484062987736542e-03
6.903567629018775298e-02,6.330199719879883724e-02
1.185650137422027302e-02,1.172299138459760755e-02
6.948814701919565628e-01,7.046987175202327203e-01
2.621652070904377779e-03,6.026203912100142751e-03
2.464424235136919439e-02,2.054392649891310929e-02
5.428931732472271326e-04,1.027971666277860928e-03
3.888480899286275477e-04,5.827777029294562133e-04
9.179954342101564677e-03,1.440718317625372391e-02
4.427378878960834541e-02,5.066752696803027145e-02
1.446872440202718602e-01,1.361674522144811772e-01
1.970676826934455571e-03,1.772804159340450559e-03
2.846853192862260767e-02,3.623052817398438041e-02
2.390312234844973183e-01,2.352285316029317508e-01
1.137819347827766052e-02,1.125611796108362886e-02
1.254159213565691489e-01,1.110598676404611213e-01
2.378835838857204510e-01,2.494204182327898478e-01
9.919771903972839089e-02,1.080610821459086629e-01
7.761876105101150891e-02,8.083180528010776300e-02
4.763963621900165757e-01,5.022507798289943537e-01
1.855091822948562452e-02,2.571900557401561593e-02
4.442333789218080864e-02,4.804953164975284824e-02
9.457819406801883100e-02,8.688279367935575204e-02
6.454127464196515729e-02,6.179927109405478070e-02
6.217816725916803372e-02,6.287190644245252424e-02
3.090416456284929628e-02,2.850850238313557689e-02
1.930217845013074834e-02,1.404691420737947012e-02
4.152705581527577072e-02,3.757397730524931340e-02
1.156614362655418171e-01,1.133835101874384604e-01
8.566221787165140527e-04,3.062763293534212917e-04
8.107609443003739591e-02,8.264285937357544742e-02
4.660067466521167906e-02,4.543709212781935763e-02
2.084909533658164671e-01,2.252559596381091545e-01
7.152286165865180678e-02,7.256404907529998005e-02
2.478034747918435310e-01,2.425785958372470019e-01
8.154278099308992500e-02,8.245718606170417131e-02
2.927823955473091025e-04,1.046123203197480258e-03
5.002840515505668079e-02,4.893817446200883492e-02
3.300673796429847567e-02,3.761260136781686969e-02
1.091485824582775176e-02,1.093060334600764669e-02
9.891563145064745724e-03,8.397332267697007330e-03
1.063915192119384429e-01,9.796454992533974726e-02
2.369810293158837455e-02,2.466509059391738812e-02
1.171882634945865670e-01,1.056201613046817561e-01
1.946393363713739000e-01,1.774467664059456162e-01
3.051611254213583424e-02,2.411746695282535741e-02
1.178590781172073887e-01,1.300246243432449378e-01
3.731088989377218806e-02,4.681261551156964962e-02
4.436640980968262898e-02,4.218599392998940989e-02
1.339261019976377247e-02,1.207098936023501615e-02
1.609100764052317015e-02,1.789429484664597364e-02
3.031915135606755851e-01,2.980564892318937065e-01
1.450264241768162155e-01,1.549017720388637942e-01
6.240142257722840202e-02,7.059178316474466752e-02
2.627763664408580210e-02,1.986775991404313504e-02
3.248725080697667522e-02,3.717170906592564411e-02
2.196183300343011735e-01,2.201371167954231101e-01
7.740372473375725041e-05,3.701018043281463087e-04
6.062624220021147099e-03,5.293215228502741454e-03
2.699497034940311763e-02,2.713887029354237340e-02
2.612734738823150465e-02,2.578273195525992989e-02
2.405170419987068958e-02,2.748886911086493787e-02
3.018370571418560813e-02,3.398835762631048640e-02
2.041060433499595952e-03,6.324218045979774182e-04
4.741412141135763481e-01,4.626469938438821927e-01
2.291650382331910096e-01,2.274916435169044016e-01
5.350360573414942450e-02,4.938248659377466460e-02
2.331696326950212506e-02,2.337036857287884753e-02
6.106808093678347171e-05,4.979712249761351130e-07
2.120349112370151223e-01,2.170826518177809694e-01
9.234934605395984930e-02,9.925059256309073930e-02
6.287613157510429929e-02,5.283130896352153383e-02
5.270619666646059361e-03,5.580643342608903636e-03
7.444914388046204069e-03,9.692939334130535114e-03
8.438107857625908037e-02,8.604664345633457334e-02
9.352158822312655370e-05,1.101334427272946832e-06
6.667312919952160521e-02,6.840605105213207193e-02
5.805757522538281673e-02,6.872310817404811423e-02
1.082942143124343733e-02,1.347426596543701595e-02
1.624422523891935477e-01,1.720682737309687793e-01
4.831912460246048577e-03,6.939359840286099361e-03
2.164441446946354514e-02,2.589368134071548880e-02
1.666063704732378276e-02,1.784988941228815226e-02
4.353150067277239844e-04,7.293536846893485881e-04
1.342727616294503434e-01,1.386808290129100119e-01
8.362635739196849771e-02,7.819109868023028931e-02
1.038523719173524013e-01,1.071223541479849606e-01
5.880937916508510721e-02,6.173839693204245110e-02
1.255956718093133653e-02,1.795331999068596959e-02
1.179494594426894055e-01,1.225273346973317912e-01
4.722232257294210170e-04,2.571761174440063621e-04
9.902817961451152481e-05,1.239270401385123000e-04
2.873885979228780595e-03,3.522974250031281600e-03
1.348871048579766974e-01,1.446682071399147118e-01
3.823967414099211370e-01,3.735721643626290223e-01
4.232752320544840852e-01,4.213965653130084532e-01
4.008477449873265597e-01,4.120006382940015199e-01
1.017652861937957086e-02,7.700696800891717458e-03
4.754145280564998077e-01,4.800679777474021193e-01
5.241603768383525271e-03,6.226401413934707155e-03
5.574936148382467760e-01,5.596043006078375015e-01
1.367086254270208912e-01,1.540562357137606198e-01
1.719249803432600816e-06,8.897002057861235841e-07
1.763911439416298021e-01,1.645064308129957908e-01
5.695013774262621536e-02,5.747842332289073569e-02
1.264460020044985422e-01,1.225188416451253870e-01
2.514424217454834173e-02,2.332372238333626710e-02
1.810031993655251414e-01,1.959461594864291833e-01
3.226909787053738321e-01,3.479075144991038981e-01
7.540323375190639658e-03,8.095811618277212046e-03
8.396848264365016365e-05,1.727046631480958221e-04
3.274696872070976261e-01,3.385840117168779639e-01
1.899974184816267675e-01,1.892860645241100648e-01
5.140300921469780245e-03,3.548470974035173014e-03
1.221380354580809263e-01,1.199213963987458276e-01
2.908053564267750260e-02,3.400213303867729436e-02
1.323661903792978933e-01,1.374673097564969859e-01
4.581897502081837270e-02,5.334495225779491839e-02
4.261509352889069659e-03,3.201437674884189451e-03
1.732513044394549395e-01,1.744121359191723730e-01
8.531774649000410660e-02,9.082620704976669679e-02
3.069193434470512418e-04,6.607171831813198407e-05
4.895531903318427712e-03,2.859547066507025625e-03
1.392399822008320246e-03,2.482305711942770117e-03
1.025842198733487309e-01,9.965859865091249159e-02
3.668879456326400168e-02,3.886582941914563244e-02
4.189306331442547299e-03,5.847251482001972547e-03
3.804570742012065576e-01,3.844644125948345481e-01
2.682135558366259276e-01,2.581821908809404098e-01
5.761590826482897859e-02,6.550266406697427546e-02
1.285474299647935414e-01,1.182086028471254491e-01
4.126655543011582550e-01,4.066020289521505293e-01
1.957133661183987905e-01,1.855027974798256485e-01
5.802180738893578799e-02,5.799975488386800021e-02
3.580346619177025846e-02,2.622131875326639758e-02
8.424017387669553367e-03,8.685847585822146014e-03
3.326533933380988461e-01,3.364103774077164544e-01
1.758519740336716708e-01,1.708708921919152579e-01
4.723172299457954054e-02,4.325597940978381795e-02
2.694595448840191310e-01,2.800664514543093619e-01
3.233191823427002815e-02,3.141023896283817729e-02
3.810335719969891845e-04,1.515154543627391260e-03
1.508814421575520037e-01,1.562535306589349082e-01
3.179107987940258707e-03,4.048177915829630040e-03
7.912340694146036135e-02,7.019979324816202904e-02
1.713719666209817180e-02,1.517099964059443265e-02
2.030619555295220396e-03,1.988096334074975977e-03
4.141267132575048721e-02,4.328243457635417429e-02
9.975184315030162334e-04,1.292900500974063921e-03
2.945189019949847470e-02,2.885304122795071327e-02
7.347241277910906108e-03,8.865417191137895878e-03
1.136867447210219845e-01,1.118129957907296607e-01
2.104886225278866929e-01,2.168039437421110105e-01
2.293097818442697746e-03,3.586329091352159423e-03
8.359566794975924198e-02,8.638444291014038545e-02
3.761702813792195399e-01,3.773403345036713818e-01
9.914738193794834110e-04,1.030155770247480427e-03
2.086204279730330957e-01,2.122268922074269926e-01
1.822195953095242515e-01,1.824443451204410260e-01
1.422894389477980101e-04,2.401151895719343772e-04
1.597010739735981455e-01,1.596462833270376469e-01
1.050395445543135173e-02,1.434693035743322444e-02
6.029276614685383402e-03,6.683354852176304206e-03
2.343006945625035475e-02,2.264201947620007177e-02
2.520994006258358011e-01,2.547892406993205183e-01
4.220116116001736972e-01,4.489410217157736582e-01
1.860459304299910133e-01,1.829657920270825189e-01
1.967280150148246684e-02,2.664612917660104038e-02
2.316580329424975382e-01,2.515951154140541601e-01
7.946978333571769193e-02,8.102205441610417502e-02
1.727999462865346392e-01,1.700935552356494795e-01
7.145804574753453209e-02,7.802482210911089455e-02
1.533738477276654633e-01,1.462006479420457916e-01
2.754703821842020006e-01,2.671281185296259242e-01
3.467217308533716569e-01,3.458224669369386883e-01
1.221811803082376371e-02,1.634094520508064946e-02
6.421728184811156814e-02,6.459023629217119922e-02
2.821903194605133169e-01,2.719492917257430031e-01
1.737434404140293098e-01,1.915909142456263259e-01
1.078093628383724849e-02,1.036839986576461661e-02
1.012812949638439486e+00,1.055980679640606379e+00
6.126570030981295933e-02,5.487349671743584067e-02
1.142538954613847059e-02,9.355809680254950980e-03
1.810512707264330884e-03,2.663075422522135759e-03
7.977505785735750738e-04,3.124486895900892964e-05
1.123101255376350860e-01,1.088838316156008623e-01
4.124516485779455843e-01,3.996088847590847926e-01
2.007371426538049827e-02,1.645445625088097844e-02
1.671919429807017937e-02,2.007397695847679131e-02
2.388230866461529822e-01,2.412365743854259503e-01
2.789243151132102527e-01,2.851562601417843013e-01
8.739570797897032450e-02,9.839137961175065117e-02
4.171858049840245636e-02,3.476073266767603503e-02
8.504944043348983129e-02,8.142740131820673521e-02
5.262629803712560485e-03,4.309944905680617756e-03
4.131359500682602048e-02,3.492202456535995619e-02
1.805627842533293059e-01,1.715331029330998125e-01
5.686728702306587113e-02,5.092383301475018192e-02
2.630130140894590060e-02,3.030563167155744114e-02
2.800347839524192639e-01,2.997178327953479715e-01
6.202324678626577187e-02,6.771570335662850659e-02
1.216155071511947636e-03,9.737520817782150968e-04
5.633843610012180259e-01,5.901440657024813463e-01
7.700316973085248248e-03,1.008292826631108051e-02
9.858228453285496073e-03,9.460763152141733745e-03
4.732793313460180451e-02,5.123098949581257611e-02
4.757679126435827160e-02,4.758100864638430127e-02
1.185222048316252400e-02,1.057689101300398477e-02
2.556041832850513423e-02,2.564687846390209872e-02
6.908948814966813477e-03,4.261895102994758475e-03
1.740110555811542198e-02,1.756742611066424570e-02
2.225553072908506916e-02,2.040641885522050808e-02
8.004931938927292712e-02,8.958626414967896245e-02
1.293876813154977261e-02,1.013877381146464224e-02
3.551277955223240690e-02,4.217591158727765355e-02
1.445849327121200290e-01,1.407019485542489179e-01
1.494672982051696852e-01,1.408063053704481649e-01
2.126266339891985657e-01,2.060676323888408767e-01
7.095058749295243480e-03,9.378318692360851014e-03
2.888733325322677750e-02,3.196980922122721197e-02
4.927686505028452957e-02,5.398759945991571385e-02
3.458666574795769555e-01,3.389430235293405258e-01
2.418328338511494088e-04,3.739034983795125463e-04
2.205850809897719921e-06,4.199188125716930782e-05
3.313975763432785437e-01,3.413561059227519512e-01
1.177472748975412313e-02,1.241155327919595680e-02
1.166390123500840453e-01,1.035824512614382659e-01
2.199054069597300987e-01,2.047916503451380488e-01
2.887718486905185844e-02,2.811038406479551485e-02
6.333311464888833481e-03,4.427721798806548599e-03
7.498048412537301755e-02,7.371469156454268923e-02
1.016193761129104284e-01,9.971287935274938952e-02
4.442764200735509900e-02,4.035823191601133758e-02
1.701248359157040979e-01,1.662026183139476976e-01
1.953708383290460315e-02,1.436575947595986578e-02
7.110071191199707208e-02,7.246582601072008856e-02
2.474056715629912619e-03,2.381822771895530585e-03
8.910912449744939900e-02,7.791487911266638255e-02
1.634442273664382106e-01,1.577164006232924798e-01
3.328531230073168766e-04,1.227070139340486876e-03
7.570525133118201355e-02,8.836783621056211457e-02
8.931258376710624058e-02,8.646942051283620922e-02
9.938145578860210771e-02,1.040160671791868080e-01
4.941116530156095844e-03,4.441310883583386541e-03
6.056720916487519368e-02,6.475355493298727561e-02
2.564057473179865432e-01,2.580085552338080568e-01
1.241647284659611328e-01,1.060058657376876656e-01
1.532621130528408551e-02,1.857137405457182089e-02
9.145167563876221983e-02,8.876591417099748138e-02
2.028160049713489173e-03,1.600341391269075866e-03
1.473509514493639982e-03,1.277808571218028242e-03
8.255645985942393740e-04,9.464940071201606705e-04
9.862527336352077539e-03,1.133574138525079815e-02
6.349871934217786451e-04,3.796462792711629750e-04
1.102841159596989751e-01,1.116772823502714951e-01
3.503547946342185776e-02,4.334331661808649150e-02
3.603061256797683663e-04,1.137066446975828907e-03
2.880236384797574822e-01,2.818877325252826527e-01
1.288156710855394883e-03,6.617418176535051029e-04
2.908241486782583984e-01,3.132859589566259206e-01
4.434732012061536814e-04,9.300967748907695452e-05
7.718793567168585890e-02,6.786526798184713827e-02
2.430764990309963389e-02,2.854813691680501905e-02
7.581259939588215480e-02,6.956823407384060687e-02
2.893745992537896140e-04,1.121758550688032104e-05
1.879798547590270236e-02,1.794540455452134364e-02
1.275414350315873524e-01,1.276788685439916027e-01
4.024933945404328695e-01,4.122192759394986972e-01
4.610551811798597154e-03,4.911184157029939261e-03
4.203424794070925730e-01,4.224546312548573268e-01
4.145139966098171022e-03,6.759176617588901446e-03
1.095544603630218758e-02,9.660157939645435191e-03
4.391737805701232473e-07,5.392965671456074767e-05
4.004469573999903109e-01,3.847428097893237364e-01
3.968869469243469644e-02,4.140751072085983864e-02
2.676673379325650391e-04,1.689755882978517863e-05
5.433283546286872198e-03,7.400834937714735953e-03
9.067277305331353232e-02,9.088660965198648578e-02
1.170259683303748882e-01,1.155633251993343075e-01
2.633408786746022079e-01,2.712969937591037106e-01
8.244060344063285561e-04,9.204175975014384972e-04
1.130818509882762897e-04,7.197590588983289712e-06
4.445460331160490663e-01,4.358004978120411654e-01
2.033806612673003944e-01,1.955877352418754489e-01
6.392143212794243468e-03,7.820913344013037324e-03
1.064480368973421721e-02,1.109636919637620352e-02
1.542505185375390303e-02,1.808728151454147559e-02
2.707339492797997127e-01,2.862522650654418799e-01
1.970735941547862788e-02,1.934361711733088157e-02
1.033715389003403012e-01,1.006627051318350619e-01
2.238049568447449816e-02,2.238158067542211221e-02
1.057431068687822296e-05,3.819693821270235068e-05
1.956372883450297750e-01,2.011726434174001266e-01
2.027983963014940161e-01,1.955878956281251191e-01
1.190866673396945852e-01,1.172095674650615871e-01
3.037935985729876553e-01,3.242764868162752445e-01
2.153306316744931642e-02,1.557685124771178778e-02
6.531707259422392386e-02,6.459195222418451232e-02
2.641996864278137961e-03,2.941457587342286104e-03
2.936293236420582306e-02,3.805850971680898448e-02
3.486747830826732869e-02,3.925663122280168005e-02
3.384527924119912559e-03,4.181522872070609319e-03
2.951071216262840958e-03,3.016006211526367931e-03
1.601144013661864526e-02,1.536073100549907068e-02
2.549197080946512522e-03,4.448101322234041845e-03
2.550559012060322345e-02,1.832748345983685814e-02
1.315486350143408797e-02,1.269735064058584613e-02
9.095087112462294648e-03,1.268372740709753678e-02
3.667036534652479661e-03,2.418265131622939282e-03
1.202220883634023962e-01,1.077631963178971308e-01
1.263382011178076636e-01,1.096400544009844824e-01
7.220433479179358405e-02,7.003087394895661510e-02
1.763764093693706014e-01,1.623244725457537174e-01
5.615525326408340456e-01,5.829460609301360119e-01
4.316839756989634264e-02,4.532426746644140081e-02
5.268000954392564441e-04,8.611682270225906089e-08
6.012405541367425027e-02,7.032121821232700798e-02
3.662299472830490149e-02,3.529168466602963100e-02
2.031989341949668338e-03,1.216745202793575531e-03
7.813371379282500750e-03,7.476008322198445140e-03
1.986502488075805317e-01,1.984653968487332387e-01
3.243207144024250893e-02,3.650680118668152979e-02
5.088563640598162130e-03,4.900683445004551733e-03
1.805807290687775346e-01,1.794408454383309981e-01
1.142859472133674198e-01,1.158596130780878836e-01
1.844571859023489691e-01,1.796365826244759600e-01
9.828706676574669107e-03,1.012650833519588255e-02
2.547405999002890289e-02,2.966668245157941600e-02
1.731111925832160958e-03,1.433670721920752514e-03
1.926454421153751539e-01,1.851314612296705853e-01
9.001057157000397213e-02,8.299269289164756813e-02
3.145164571201532894e-02,3.104920549609107780e-02
2.694568348472828889e-01,2.815560082551009091e-01
5.205592838798483307e-02,5.516582791409246900e-02
1.772478467722906487e-02,1.451316531509563336e-02
3.361005054013357918e-02,3.442675510126735894e-02
1.063782510006428123e-01,1.177293750124667193e-01
1.206578733551245397e-01,1.225649589246418647e-01
3.099030573445963471e-02,2.565067133990012183e-02
1.975118323320858987e-02,1.460773935067555089e-02
1.877266746305213466e-02,1.779032463206242642e-02
1.945680894602609852e-03,2.628800830772814838e-03
2.594705690474225987e-02,2.331694023639844376e-02
1.771241804479399204e-02,2.334795355136952758e-02
2.369657099118014157e-02,2.453959823260403947e-02
4.270251894224049577e-02,4.180107474500963788e-02
1.068617403033176871e-01,1.127573729813962228e-01
1.524060871231856198e-05,1.262378342577438850e-06
9.004569961543956724e-02,8.540613329392057751e-02
2.884644077518272454e-01,2.905796314517517520e-01
3.455399622544731708e-02,2.908069975398579893e-02
3.410586440852837742e-02,2.750908425196325890e-02
1.141818266624239797e+00,1.102731948617082125e+00
2.074567523581729092e-02,2.050748278546516562e-02
6.316682092951078262e-05,3.091132631224845955e-04
1.222516523895106483e-01,1.211146403704611435e-01
5.400397765705728520e-02,5.078754107123254619e-02
6.792428890849592322e-04,1.007868765010646065e-03
2.055886300243620068e-01,2.028001561673438424e-01
6.187434057813414462e-02,5.884630681363103855e-02
2.896116409138983772e-03,6.083869456963496986e-03
3.094254740210569676e-01,2.989413885367377399e-01
3.812157941302893871e-01,3.989336877234906376e-01
3.506854903645852117e-02,3.202374502054145672e-02
9.226545812273151403e-02,8.502717017811095568e-02
1.634525015868055209e-01,1.531998943071107566e-01
2.109588292619288957e-04,5.676357606613608938e-05
6.512509487646844786e-02,6.258317061679624649e-02
5.038586930002520586e-02,4.579917142061088603e-02
7.645916556825953399e-03,9.045775186289857495e-03
2.122641050496954299e-02,1.736004104603589351e-02
6.900236352040725043e-04,7.391910466126442925e-08
1.251458935994015365e-01,1.141384402360229589e-01
8.873673166788832722e-02,8.839748086189970488e-02
1.380996067672348631e-03,5.663656844032786139e-04
4.448429697928322352e-02,4.967344040709838204e-02
3.411473215296140227e-01,3.518363348494559784e-01
5.324927416674861413e-03,3.036259356101961206e-03
7.517277372936661539e-01,7.453844142861550948e-01
1.476418891554349688e-01,1.470916128006366785e-01
2.296858435003999331e-04,4.406799075933985209e-04
1.026983510794503285e-01,1.114987713939015329e-01
1.150284213654969301e-01,1.131830492017104339e-01
1.866008601958984612e-04,6.660019595564123504e-04
1.163394347973351756e-01,1.107999929172624604e-01
5.990288692889615962e-01,5.851472324967366134e-01
1.726457703334662863e-01,1.754933274672615118e-01
1.776061159328703454e-01,1.721592068543745524e-01
5.245772152833395180e-02,5.162730969751675586e-02
7.087527770402488048e-02,6.793289766696776477e-02
1.147192402291363905e-01,1.203971518825008996e-01
3.322144773284935182e-02,3.281250775549045262e-02
4.154913273194679041e-02,3.811117369192011661e-02
2.152260571721926474e-01,2.256129834204382012e-01
2.398358457831272633e-02,2.275615785177488581e-02
9.591791916399541873e-03,1.229736448134333138e-02
1.244216060411938501e-03,1.075762405083606921e-03
6.331842763162232046e-02,5.910658100074174526e-02
2.760744881855752356e-02,2.827576534093306782e-02
4.104205323294219526e-02,4.418561465162106072e-02
8.942586581554609615e-02,8.886846389765205856e-02
3.206897775847495496e-02,2.541044694082564628e-02
3.627026343033517425e-02,3.309350438298348795e-02
9.232544867298536628e-02,8.345199738209234386e-02
4.289232882702179173e-01,4.296566315206539755e-01
1.293116544532919299e-01,1.456072117206648198e-01
5.031759629963325486e-02,4.909195531393907574e-02
1.461328744696196134e-02,1.537174105757911115e-02
2.013863330807795157e-02,1.880155810680855799e-02
3.459329754388866252e-01,3.295858399401604411e-01
6.917702394276552778e-03,4.032290285477905210e-03
6.060955808587648042e-02,5.729632793825999854e-02
2.259030551746777846e-02,1.986492146665186365e-02
8.676933723734001069e-02,8.147365657998634214e-02
2.184292009553238240e-02,2.006975163629293180e-02
1.871052754241762928e-02,1.911242221789948362e-02
1.450670838605653493e-03,5.957139336405616655e-04
7.756742531840311872e-03,6.728018209953097982e-03
2.361815090573462506e-01,2.266778189349136774e-01
2.505911322799181051e-05,5.277671678920056270e-05
5.414931960599106420e-02,6.271763194130738905e-02
3.617177398648510622e-02,4.123529852088785724e-02
7.710307620821095715e-04,1.201272903661102951e-03
2.379309682275574170e-02,2.750859528281730110e-02
1.287317595940453696e-01,1.409974038467512181e-01
1.262127147613852432e-02,9.702340659531176470e-03
1.743019277884702567e-02,1.902018988389227172e-02
8.563254847163493180e-04,1.496960404535681299e-03
6.787840671617924315e-03,5.029287065323267969e-03
3.762579635040536052e-03,3.072486690518805470e-03
2.326665103646831465e-03,3.464202175976217532e-03
7.594414263501308993e-02,8.849924506246883982e-02
1.341525264215227831e-01,1.492965186955436951e-01
8.686787417479174822e-02,9.743943174465367896e-02
1.318685985438990405e-01,1.347986669900932688e-01
3.971816092330331116e-02,3.629707388485824138e-02
4.036656942133438897e-02,3.611597377357763511e-02
2.875459405850570166e-02,3.255537592937619851e-02
9.392440204182483932e-02,9.333849299731497573e-02
1.924167882125221440e-01,1.919492571285209004e-01
2.080647308854262911e-01,1.950491116817911486e-01
2.329837633342346156e-02,2.336061370953657415e-02
4.447845829958901182e-02,3.746304880909099438e-02
1.475555559839508424e-01,1.606233943741825210e-01
9.956974608353011402e-02,9.403405303942767579e-02
9.054012925429118924e-03,7.254509260427724655e-03
2.801643185827917826e-02,3.120302349763218186e-02
3.152096987738406408e-01,3.088077153951566123e-01
3.645371313331010610e-01,3.486497626275091299e-01
1.444842592924201405e-02,1.912735549797548590e-02
7.768375799623021549e-02,8.141929331590996854e-02
1.004476435093980269e-01,9.762840104537411079e-02
6.057637401676617064e-05,1.298689088768213320e-06
3.439706727864557112e-01,3.455191262028624588e-01
1.032174213202210339e-01,9.768005522579394084e-02
7.783534052482898175e-03,1.213552650575610084e-02
3.741343210706518096e-01,3.729158435294205876e-01
6.304299441956214055e-05,3.670515160785629881e-04
5.770395871613217403e-02,6.633765069868029218e-02
7.512367029782028582e-02,6.921182580793371064e-02
2.770286811028405127e-01,2.581663755899651913e-01
6.048176944087331475e-03,6.450003611999423521e-03
4.579877937414579547e-03,1.963561206875486746e-03
2.096957463001699815e-02,2.919943042689510798e-02
3.654120516529827389e-01,3.835040753560077231e-01
2.874152850401554340e-02,2.505347315715737017e-02
6.643176484134789839e-02,8.309404968377659406e-02
1.313306390415077372e-02,1.413433210585204186e-02
2.257594761027349739e-02,1.760125607546826620e-02
1.481907304890286714e-01,1.365175828619261955e-01
2.138165801419882397e-02,2.008722964066832553e-02
2.784363251947554740e-01,2.729529152648929036e-01
4.909624028963474052e-01,5.419223130313727266e-01
1.578557898721527977e-02,1.661439069718290140e-02
1.585759714887348404e-02,1.422253755896971290e-02
5.286653307290698628e-02,5.170592248064484475e-02
5.153966582162701135e-03,5.564269455090624199e-03
2.309135424743503223e-02,2.191534285337317506e-02
1.918959643657885614e-02,2.368694052626782454e-02
3.894573077882151207e-02,3.560548502101525126e-02
4.399934648427761830e-01,4.447185977959427494e-01
6.516657350787601055e-02,7.465115380328272987e-02
2.509851537936165222e-01,2.434526751413022549e-01
1.785144010572803086e-01,1.502548285246149418e-01
2.541082323304378818e-02,2.827435537058112236e-02
1.260950961144455540e-01,1.162983896382996374e-01
2.376664113795536326e-01,2.339409869562023570e-01
1.711781030214528472e-03,1.203709310167292964e-03
1.493212475206235901e-01,1.530120407304510211e-01
1.906312954728420772e-01,1.758130848552668657e-01
1.050703494875314670e+00,1.048710350075535258e+00
2.603051591197992898e-01,2.586328528458070597e-01
1.475082819590638195e-02,1.064927213457690647e-02
4.961378089619792459e-02,5.634372661062903020e-02
1.925669171340798833e-03,2.255103191059041039e-03
1.057933508212248602e-01,1.193456619571627852e-01
1.088645364776721081e-01,1.079783999872533651e-01
7.825976063163508911e-02,7.864691019681277484e-02
1.475693443258998538e-01,1.343814928457893743e-01
4.162868767633706642e-05,9.145962755503807945e-05
4.191867401380415803e-01,3.956120583610741037e-01
1.744333397905612902e-04,1.243497859455612077e-04
6.835779551321135017e-01,6.728594920582096073e-01
6.916542900032168761e-02,7.071079391242715562e-02
1.761452084685454500e-01,1.707729049062748083e-01
1.503423753946684649e-01,1.490439925139200039e-01
1.729502068024567352e-01,1.699333132018237269e-01
1.398223552656491404e-03,7.132405417963579627e-04
6.548717249322362488e-02,6.886271796914043841e-02
1.904030198174995470e-02,1.763420510951888703e-02
6.755747497332429026e-03,7.248972703350731184e-03
8.431776754559909826e-01,8.279778794115718599e-01
8.995418773892953357e-02,9.145298250715250266e-02
1.566196033342788984e-03,1.840437278362330687e-03
4.655455840109446602e-02,5.692219314842447003e-02
8.788626970040834541e-02,9.280096355022351973e-02
8.766109043344121055e-02,8.961937726534702220e-02
2.396774279431810595e-01,2.442788523574770665e-01
1.071423934002884576e-02,1.052155474851882919e-02
1.397676316613016834e-01,1.236123694841115422e-01
1.232842848345744660e-02,1.346554542935363141e-02
2.063939933970669605e-01,2.103185502373875748e-01
2.169468755750670729e-03,1.917494344198990546e-03
2.068274913833947903e-02,1.711243253890146199e-02
1.038891454135027880e-03,3.487523264295075268e-04
6.457666779337356555e-02,6.138976605495276295e-02
3.245679774581751720e-01,3.222166611120716451e-01
2.553736873243343808e-02,2.601326549246843131e-02
4.026913256252005052e-02,3.667960596061509149e-02
1.003732971719787370e-01,1.037634080228285460e-01
5.415000475951188552e-02,4.903792349348069790e-02
2.443230659634296545e-02,2.613416060284845174e-02
1.650496547891973365e-01,1.648359588247731156e-01
6.074806166784444544e-02,6.152946004920427370e-02
1.206875024352282721e-01,1.273845283053330335e-01
2.924230521287610185e-03,2.963842282385581450e-03
8.782833270452872210e-03,7.450739757585254572e-03
4.304024144018489886e-03,3.039103637034148552e-03
2.300172890928553759e-01,2.494515318618310551e-01
2.479061288245473782e-01,2.462794621838313713e-01
1.771609278772405538e-02,2.553952647133158824e-02
5.826729344594198251e-02,6.934241270457290607e-02
2.137781569140523882e-04,6.433606932635232414e-04
1.092788321842191185e-01,1.053975066981393816e-01
4.494444362650382163e-02,4.250163222583037276e-02
2.251407206980881315e-01,2.312606198131478275e-01
5.623186880908198626e-01,5.768850373839450318e-01
2.446168074824872363e-01,2.555759551434844679e-01
4.067207705284293096e-01,3.993485242363851717e-01
2.453730354607375208e-02,2.510870001755674888e-02
1.497355213221711898e-03,2.156704760375082949e-03
3.269744394462449633e-02,3.512487722832697418e-02
2.622787253416631811e-02,2.619977023049653575e-02
2.053708731077626415e-01,1.937223597250678497e-01
1.021561710970104141e-02,9.003744543036132711e-03
7.542754749644227374e-02,7.468903964577225385e-02
2.307640004691195040e-02,2.202511511077759679e-02
1.201209883297323436e-02,1.180881245276941584e-02
1.322880007818446613e-01,1.405700720851298380e-01
5.997668387284460501e-02,5.761580437924031933e-02
4.799176102645938413e-02,5.461751395975566331e-02
1.013269755070892314e-01,1.004654344678820588e-01
1.717124062067284032e-02,1.449038171535289334e-02
4.170911443098387211e-02,4.355995871332436764e-02
1.169260497662565901e-01,1.158683996454843435e-01
1.215239419557747752e-01,1.267199044409879904e-01
1.155970143376566957e-02,1.705219039541451542e-02
3.070180623509929582e-02,3.184248598273126812e-02
3.090495447933898077e-01,3.281352512759406759e-01
8.179597046661031545e-02,8.555508253950905306e-02
1.448229123058433210e-01,1.291849432210447068e-01
9.571579969702184720e-02,1.019669384555103031e-01
6.750714604730492785e-03,8.399466905369728370e-03
1.273916529504764417e-01,1.268535743714572228e-01
2.656765692062980702e-02,2.808562503985920569e-02
2.809438965872410737e-02,3.225271593760475203e-02
3.445304774069055109e-02,2.984068172451992754e-02
3.093036698262803530e-02,2.894161223465977276e-02
1.951944136922208542e-02,1.954076399773811354e-02
7.027425111452902801e-04,5.220026944311288459e-04
1.125467990099514098e-03,2.195608725807316093e-03
3.923560531915672445e-01,3.710890652890511121e-01
3.426585703041079012e-01,3.296781821996187523e-01
3.242630131075300171e-03,1.902413295047498737e-03
2.118163565169943127e-03,2.036784567728341152e-03
1.670025610748545469e-02,1.776127401833508049e-02
2.078008893180505797e-03,1.587766608448646938e-03
1.484255403326705802e-01,1.414516967877661457e-01
2.039214248509204491e-02,1.956421695951673576e-02
6.644465809544018199e-03,7.870607462665298384e-03
2.442319351326161306e-02,2.280678402810426206e-02
9.896029105953560792e-04,1.077930800946576805e-03
1.123530417623176507e-02,9.094738541712443780e-03
1.162349458820756236e-02,1.229662497381454715e-02
1.317575917602182567e-01,1.311354930369862115e-01
4.635917149447891378e-03,6.253431760732001098e-03
1.728154487814417307e-03,1.856384739708362474e-03
1.160576561424195297e-01,1.173037214433139824e-01
5.411420876870384755e-02,5.725041891426391194e-02
3.736819117810889490e-01,3.779633547788910364e-01
2.674030295656669790e-02,2.677824053646450653e-02
1.582752017992285776e-05,3.131745134816049127e-05
1.553061239916523131e-02,1.666123973753985341e-02
2.095643964869236750e-02,2.325330602124664470e-02
1.042168386691867850e-02,1.441411745219476487e-02
1.679728322410587241e-02,1.812721218092837663e-02
3.508879712893827607e-01,3.277080518105450757e-01
7.297436735809543773e-01,7.195930352658623796e-01
2.097879354344647784e-02,1.955093965743303491e-02
4.881235903555797839e-01,4.925286407729974614e-01
9.048666448671776079e-04,8.560494212084850856e-04
4.491421845277270702e-03,4.588582568534388742e-03
1.398485585773658890e-01,1.333540215342441937e-01
8.853591570633322083e-02,8.904764622846476907e-02
1.251560669096605793e-01,1.237662861867422914e-01
1.456679211890281045e-01,1.475808620026375362e-01
1.385210830981237762e-01,1.435114971669966544e-01
3.767283676902005111e-03,5.834990204781049725e-03
1.146195270177225584e-01,1.116421478813221513e-01
3.462345574431234252e-01,3.715356600769806894e-01
1.474517761832958573e-01,1.364744459113206021e-01
8.082461974245692959e-02,8.878941119790764724e-02
3.867487564714230247e-02,4.256345848594376979e-02
1.238106933583838637e-01,1.184048392107037717e-01
1.069303291810436152e-01,1.006364880018180002e-01
2.540347578398192141e-01,2.310786578122095980e-01
5.783777485861673479e-02,5.201208093940042770e-02
3.354092330483187528e-02,3.779618500146541410e-02
5.762154877885161675e-02,5.529336538202194590e-02
9.854021816625857522e-02,1.056643548176548764e-01
1.377335117553755151e-01,1.396706200648722696e-01
4.280921233581558988e-02,4.244914371073662401e-02
1.477093311598830574e-02,1.853422135744584032e-02
3.994838391230748353e-02,4.012099150164049471e-02
5.145495296249157774e-02,5.583564381923036835e-02
1.656628946237251321e-02,1.491863212491879517e-02
7.964766125382226336e-02,8.561296433472016798e-02
7.870931364026152385e-03,9.332438657894924494e-03
4.281189884571193899e-02,3.748423369048596576e-02
1.604978419434673897e-01,1.578337017052319768e-01
4.718655268231091403e-03,6.963890439991479372e-03
2.022086902830528762e-02,1.756910930376560931e-02
7.765511938871137720e-02,8.567446045352060391e-02
3.772151878874326347e-01,3.601440060741173399e-01
1.375712237875209853e-01,1.369050456805277483e-01
1.125958631944580686e-02,1.099257068516931377e-02
2.036171564258892029e-03,2.252612974678647444e-03
2.353205262232804795e-01,2.286544106266439891e-01
9.534639322166616002e-04,1.711753176260863646e-03
3.925930597515829290e-01,3.959448225324495030e-01
2.809206535585201739e-02,3.130280983598025119e-02
1.934741638210650799e-03,1.990502073684915704e-03
2.134258356631719422e-01,2.001412749089534759e-01
9.738391730157187204e-04,7.070452288639056957e-04
5.913138524142817071e-02,5.873371385017545077e-02
3.884457031515533686e-03,3.458396219210875446e-03
1.145610336798624611e-03,2.925681293886009567e-03
2.900525132864753422e-04,7.509055222990545456e-04
5.402041544697726988e-02,4.975136848466609613e-02
2.982056367914637796e-01,3.016915765142796912e-01
5.544424400616382136e-03,5.988861891031390002e-03
9.232508256378635370e-02,9.373186953966368418e-02
5.107792692856369388e-03,6.869164031203662570e-03
1.801084254342446948e-04,1.086625950950908213e-03
4.128345521524415807e-01,4.223636136018515397e-01
2.432840595830013108e-02,2.322453946794853299e-02
1.284477454964453929e-03,2.475159799596355053e-03
1.504788820445045194e-02,1.617209763566405251e-02
5.473573575653155159e-04,9.864932266285238519e-04
1.316021638876921189e-02,1.366190585998135025e-02
5.250855316630361619e-02,4.921982479446961739e-02
1.769478979136253904e-01,1.653658729123218540e-01
1.832450736219263521e-01,1.700253819320740878e-01
8.963335426255117624e-06,3.793246120737516565e-04
1.545126986799400248e-01,1.570415116454665916e-01
6.000712859947141334e-03,6.153421316161721000e-03
2.343055456535998171e-01,2.233715177380812544e-01
1.192418090943331418e-03,8.377749966044973923e-04
9.173153362201260166e-03,5.910777877862566365e-03
7.681833683252892175e-02,7.849603724195972076e-02
2.448083721837997911e-02,2.219129860345090896e-02
4.144506882592230153e-04,4.320687871893538735e-04
2.892462145191024292e-02,2.628152011940731309e-02
9.556243856040154416e-03,5.427685946070524674e-03
5.705765970543730248e-03,3.343242193521775169e-03
5.099651880539329829e-01,5.231665967333039013e-01
8.452776820621123177e-02,9.150374085380370837e-02
2.078795290482327585e-01,2.031692199092470508e-01
5.370544989673734504e-01,5.501529020154128924e-01
1.216946251160638836e-04,5.264070271743340754e-04
6.597214974599806270e-02,7.492397652201888969e-02
5.269370337945357419e-02,5.728541148440861874e-02
3.152379354848625602e-03,2.053801471583753448e-03
9.507645948242953240e-03,1.174236065341301670e-02
4.574336322100974609e-04,1.714917513575854580e-04
2.250879516565170158e-01,2.246736523164094002e-01
3.019533986856732643e-03,4.264105352313575688e-03
3.477361240815700708e-03,5.994330028565032255e-03
2.871804846794657751e-01,2.746723972321072349e-01
6.421833922659180884e-03,5.235968386637691180e-03
1.761180953331920387e-02,1.732645705790950355e-02
7.786607554473011783e-01,8.257955801101063420e-01
1.439027714452859319e-01,1.495581870597529062e-01
3.496518924424077968e-01,3.459380008831646758e-01
1.590523257549602554e-01,1.478711733217429602e-01
1.417022915275649789e-02,1.283632743046874553e-02
3.733171978150719439e-01,3.783326745659358337e-01
2.577617365684223838e-01,2.654171744522618726e-01
1.988637558364519942e-02,2.103081818446279200e-02
5.990670722303806199e-03,5.242911860404700884e-03
3.621953424569777646e-01,3.731151466027065600e-01
5.944834056761652552e-02,6.148648215125746691e-02
2.443028027683530612e-01,2.500502656396585976e-01
1.292898147265734154e-01,1.260135664488865326e-01
2.807876659679998509e-03,5.040019673730364649e-03
3.215690239624281049e-02,3.106854909244137833e-02
2.842659856854982958e-02,3.536534375608017117e-02
2.097254549307580110e-04,8.597478871658298469e-05
1.633473553742081225e-02,1.386974134441166032e-02
2.058645034369357696e-01,2.010654464521538509e-01
2.568507804150193391e-02,2.980902723404019530e-02
4.197465930199850356e-03,6.339653978857431524e-03
1.369839596803999260e-04,2.721279807610334678e-04
8.059693270428786027e-02,7.485468436303788220e-02
5.327339086207242029e-04,7.816518042821662179e-04
3.187462714333166858e-01,3.118044782183617136e-01
6.307365474202395773e-03,7.939107716474718898e-03
8.465059509947135338e-03,8.211032490172829462e-03
7.691417878836403696e-04,1.165085530054984445e-03
2.757985368750773825e-01,2.816029756954502306e-01
1.181506703362323191e-01,1.173946888256549442e-01
3.013561383177305875e-02,3.357132997947063352e-02
1.408852969012330987e-02,1.647148811133597110e-02
2.796883910946772189e-02,3.178696636364687633e-02
9.106253121795335019e-04,9.040611231168360108e-04
1.101810951661476717e-01,1.095281774958685450e-01
3.719868757722300033e-04,8.177404329714855558e-04
6.116451542250944673e-02,5.927483715255230795e-02
6.429385846846057129e-02,7.132897270394451816e-02
4.719157643491578291e-01,4.523952125998987883e-01
2.790987433741110501e-04,2.770812744801335941e-04
1.910504480921248749e-01,1.851532338540071432e-01
3.356235098885094192e-01,3.253371213812816243e-01
3.571672458524698807e-02,2.498639462817677653e-02
4.909379712561078718e-02,5.294351448507565727e-02
3.269503487377383721e-01,3.337765613127748332e-01
6.895505769266499496e-02,6.978056549910109652e-02
6.999953375189368887e-03,7.887584858993405487e-03
6.564013845132363190e-02,7.100286223163124188e-02
4.868916080435594512e-02,4.581624582531204637e-02
2.430250452165118591e-01,2.399287723195089317e-01
2.910100880519356226e-02,2.456899834714939765e-02
3.006834243507460758e-01,2.926388808941000064e-01
2.847267348546442811e-01,2.654109449661428144e-01
1.768911129720052589e-03,1.121252140307022393e-03
1.626294568280409192e-01,1.625154524606171325e-01
2.077453155024440394e-05,2.904342647519259671e-05
1.211081672033847165e-04,2.257042149044583706e-04
1.671001125327398196e-02,1.875778709719825091e-02
8.453764745202737088e-03,9.617181954600113186e-03
8.547159214025353002e-02,9.507053550605101822e-02
6.072600756388363274e-02,5.663539355011743687e-02
1.989130025389254999e-02,1.673568828030460795e-02
8.296551288343168018e-02,8.155495544836212363e-02
3.132361170641885240e-01,3.134594610146921867e-01
3.552102424517585705e-02,3.721347117432408785e-02
5.138839955314119384e-02,4.846500075261002405e-02
1.771838571675347571e-02,2.006473575666710071e-02
2.718741734863082057e-02,3.035803730898416208e-02
4.435211446700192822e-02,4.195552348845495855e-02
7.180896970299152637e-02,7.407945780351200826e-02
1.215456665999848640e-01,1.194095296721895683e-01
1.774591864903436733e-01,1.661203096859056039e-01
3.979314659893676124e-04,5.283205325105408542e-04
3.559485637569207578e-02,3.673851630200297702e-02
1.442510676210399453e-03,2.054489716395851984e-03
1.940210848931551713e-01,1.920587534878063218e-01
1.072452905196757608e-02,8.411935622027881185e-03
9.598923228544642069e-03,1.249367680685044800e-02
1.844109770365262276e-03,1.783790450895260957e-03
5.024487924335260466e-03,3.314878930141021331e-03
6.574716229107939458e-02,6.303452742880469306e-02
1.289991569134798892e-02,1.481877637660217704e-02
1.905969949347328107e-01,2.007028632324516226e-01
1.349386401563138112e-02,1.700753468469190163e-02
5.056864478668812724e-02,4.747715635064979345e-02
1.259329948623934270e-01,1.305349003390906260e-01
1.236961832976452569e-01,1.268643486332326209e-01
6.803822682292920421e-02,6.899143709632016286e-02
1.481258466219525505e-01,1.506545913140085180e-01
1.665052883909309278e-01,1.528039164034840913e-01
5.420047241877826855e-02,5.159477020877752812e-02
2.237941706778884682e-07,2.097932360723351577e-05
7.591406579677072001e-05,7.464657295184669869e-04
3.654251394759011357e-03,3.401485660808053341e-03
1.983227731002073224e-01,1.912081889177104921e-01
2.247641264801015625e-03,2.842778612356114832e-03
4.623784150018844796e-02,4.235615271745042654e-02
3.998916692285071754e-05,1.675177460315639336e-05
1.541595108124035607e-01,1.480814687641641425e-01
2.475743626726176552e-02,2.723008327201084655e-02
7.115254450284622112e-02,6.976227908193557981e-02
2.071900044101738780e-01,1.960946334959721704e-01
6.114649962245959081e-02,5.844112183663970062e-02
5.993465023669324043e-02,5.704849954430789988e-02
8.525465997145846228e-03,7.809614816086311688e-03
3.613285999020024453e-02,3.446160545630695682e-02
4.029509962599532313e-01,3.863904198912715415e-01
2.866375784000412263e-01,2.825758701054909561e-01
3.176153719799405112e-02,2.836753901373005593e-02
2.243794231018646779e-01,2.317212943949959747e-01
2.962054963790440865e-01,3.014555287112733462e-01
5.559074803586225993e-02,6.345386173317259237e-02
1.672102376663508940e-04,9.132845583874415292e-04
2.631511580884771800e-02,2.675232591945326047e-02
2.767688426322148415e-05,1.780076025556613364e-08
2.272473638003655663e-03,2.109052436984761893e-03
5.983362372752284303e-02,5.902585264744392157e-02
4.498390350269508564e-02,4.652891639822943903e-02
2.767175074113921093e-02,2.063020823575983237e-02
7.302289677054030204e-02,7.109719162460421960e-02
9.846592170120176558e-04,1.791122786259495689e-03
2.409244757461396214e-01,2.499566110911042027e-01
4.578092573440683578e-03,6.179766261029332429e-03
8.938463028890800350e-05,7.385783676126694060e-04
5.316537703537998344e-02,5.290341480328521195e-02
3.520720635805973386e-01,3.384342341849108093e-01
2.804885651251198264e-01,2.869393341219709792e-01
1.480557699416149842e-01,1.421788371206555435e-01
2.238436897788655469e-02,2.579986479342622624e-02
2.075577503892405990e-03,2.651602486983352814e-03
1.921098970837633799e-02,2.386063034404276376e-02
2.882531308136492276e-01,2.811692307470163299e-01
8.767992234520434469e-02,8.786301866971998886e-02
1.336131205070581127e-02,1.340769983049774038e-02
1.301960560781224678e-02,1.318188564879571936e-02
2.627991099197609093e-01,2.759347940037630842e-01
1.483450585221957885e-01,1.468394724686844510e-01
1.351086175190890082e-01,1.169440859111724879e-01
5.696956868650873218e-04,2.062469342600480851e-04
1.397036842332133044e-01,1.396268688677231307e-01
2.948122456951460593e-02,3.117127483299047402e-02
2.246442802059754607e-01,2.186900696495782115e-01
3.520629885318758007e-02,3.452217474795685193e-02
2.145389979519176649e-01,2.135878976231451731e-01
6.620481937960676078e-01,6.792892071872378423e-01
2.603221222784893318e-02,2.356301213093526387e-02
1.568659411911959862e-03,1.528788121198097023e-03
1.465712760608284260e-01,1.322060411833141380e-01
7.218169334545745941e-02,7.979257552439013301e-02
1.027542282158311060e-01,1.075428757629924292e-01
4.490298450242750650e-01,4.627224316626092904e-01
2.377442130175926593e-01,2.642284512141350183e-01
2.863124368201939718e-01,2.824809217869265754e-01
1.068540850634012163e-01,1.096209125933471779e-01
3.823852971038074755e-01,3.664020952798601738e-01
1.579731996295906937e-01,1.644630539728741958e-01
6.946241857674521902e-02,6.492877291396491335e-02
2.855019450740610074e-02,3.173875263088266757e-02
1.358816295359216442e-01,1.312858691501667674e-01
1.304291437325507119e-01,1.232532574530702668e-01
1.192978408605001733e-01,1.117717304769391129e-01
1.418463363760565643e-01,1.392338939005807186e-01
3.922843299159541747e-02,4.118051188355726505e-02
6.999871098810613946e-04,1.745113265259948731e-03
5.797368797572526912e-03,1.067585204355398464e-02
6.681504297010150417e-02,6.889367261796944253e-02
1.415704479931305902e-03,5.740999005410247005e-03
1.531168880754553939e-04,1.370996704434328771e-04
5.084361377611095190e-01,4.847403496792784261e-01
7.080070185362206427e-03,6.122341968050793934e-03
8.734164325446346078e-03,8.062792046862455805e-03
5.074617492111282990e-01,5.126748736207861201e-01
2.884264627860738672e-01,2.842288906150930439e-01
1.525982766924005862e-01,1.473651858638299339e-01
2.105904203902023847e-02,1.775561335927639678e-02
1.369290754993955361e-01,1.356481886549752991e-01
2.410917469605329266e-01,2.387692931390529294e-01
3.485746075006610910e-04,1.005453819911733028e-03
9.443273516747636986e-02,1.028842134280391202e-01
5.291685228313449492e-04,5.110572229817745204e-04
7.856067316485158825e-03,9.908237026328011246e-03
3.040778871779818704e-02,2.702943855335860832e-02
2.509234757796622861e-01,2.503363385688877063e-01
3.992286131042026981e-02,4.332544292268858399e-02
4.593224277535580824e-01,4.739049121561696443e-01
3.111880376663140324e-01,2.979609926746307758e-01
5.034771620332106901e-02,4.828301227559614328e-02
4.985829138490233819e-04,6.563326121710241897e-04
1.132073083711414435e-01,1.049931750418013204e-01
9.709483207651399550e-02,9.586641518211044821e-02
1.598116008320847048e-01,1.719935000798252789e-01
3.359328671159304835e-02,3.606840356726109115e-02
4.700356307536732452e-04,4.121908205841896236e-04
2.310711731895260385e-02,2.044884705598811608e-02
2.614737958995087125e-02,2.223541054069405262e-02
1.133249557021082446e-02,1.374069927461472190e-02
2.103509599475569000e-04,8.255018093859409429e-04
3.462356733448075652e-02,3.304041496547983903e-02
1.051056266779976517e-01,1.094591586454636417e-01
3.156056282603870040e-05,1.282171666792213647e-04
3.525072855962042562e-01,3.562856878271987160e-01
9.117558903894895997e-03,8.071116430029256703e-03
9.224584769623853220e-09,5.358326831967252794e-06
1.073024982210267486e-01,1.077386228278330443e-01
5.983924942447304933e-03,5.907130625080439686e-03
7.327834386777694331e-02,6.354733040306420611e-02
3.570101685928085966e-01,3.747894591027586819e-01
6.300053623114339977e-04,7.352150412966676919e-04
2.395809070670117460e-02,2.383754817981635285e-02
1.560148710203585476e-01,1.418082665023399358e-01
1.218874568208213605e-01,1.218046000578311555e-01
1.049712669746969210e-02,1.047870255862430426e-02
1.046040719484493120e-01,9.896401508468576080e-02
4.617434023045501323e-01,4.533708129119632946e-01
3.076477892466390474e-01,2.847093697786952649e-01
6.096400867841298473e-04,2.472877095743586948e-04
3.599937407867323785e-03,4.535719581660381007e-03
2.127975919227505786e-01,2.317282487175138794e-01
1.665159395244009688e-01,1.579561374770501181e-01
9.615765266827993804e-03,7.782849235172108020e-03
8.632939317069286689e-02,7.519090415160468999e-02
2.372487795851223324e-02,2.500411155593309370e-02
1.086539571069286836e-01,1.164120672730997036e-01
1.373107358876899109e-01,1.472393302511938729e-01
1.522016072947939003e-02,1.283357639257683494e-02
4.026893767646773906e-07,3.745090560558859819e-04
4.351226486533495835e-02,3.844578436336407168e-02
1.087193326334298993e+00,1.095411630453031471e+00
4.162211160743347488e-02,3.466893446287529906e-02
5.660629497791401787e-01,5.708439192317456001e-01
2.074919820833902584e-01,2.028807659753009696e-01
6.160885388619053880e-04,1.624834815604153464e-04
1.117910622127175208e-02,1.399763542198796326e-02
9.156701031205125019e-02,8.705189533201117269e-02
3.704595418160690212e-02,3.467983367995433608e-02
2.785091680421840007e-02,3.609920205514336594e-02
5.707230837700174621e-03,4.306078291024061262e-03
7.927684381253996548e-02,7.043770237256750943e-02
1.259516890950259163e-02,6.375587669583702120e-03
1.950873815517610577e-01,2.227725201795944243e-01
3.274367420562421249e-01,3.191937495716236639e-01
2.354571051087417377e-02,2.460398710973842745e-02
2.122259784221707801e-01,1.956080174606010524e-01
2.032320726228319663e-01,2.237223905367985710e-01
4.763021803822610478e-02,5.017354926969604112e-02
2.461018577223550718e-01,2.473731982301506649e-01
1.831518883933935249e-01,1.698682288324924183e-01
1.449794564291866442e-02,1.815889313644063544e-02
6.760989471890811600e-05,1.152550134593396915e-05
1.498866969359715640e-01,1.392407033405329564e-01
1.143079907751929801e-03,1.600756279650216666e-03
1.305652814206629819e-01,1.281815569678809996e-01
1.109777951511086401e-02,1.236641974113874762e-02
3.213486166165725744e-02,3.195562128141463815e-02
9.340387450651461802e-04,2.533262126808961219e-04
1.337422569087408086e-01,1.388235263487535565e-01
1.526281243690746914e-01,1.395183594228342205e-01
1.422001385875038080e-03,1.671481302501591319e-03
5.816303024924781434e-02,5.412266991545410660e-02
2.447592284776894944e-03,1.846574241766148032e-03
7.047392447801220650e-02,7.743840964595663512e-02
1.206844986916336820e-01,1.253471564577444686e-01
2.347387771572526927e-01,2.436317007449828875e-01
5.165479677431112498e-02,4.520674525755195849e-02
9.022678811682012306e-04,8.120714813477692990e-04
5.692456346455739696e-02,7.108214392908895896e-02
8.981482517299795021e-02,9.225991428862692634e-02
8.877291625562869215e-02,8.569971873792697759e-02
1.731702942170898138e-02,1.611877521151887024e-02
7.340034257202636414e-02,7.498376994159067221e-02
2.982719332187770966e-01,2.962574497591093370e-01
1.375935175115768679e-03,1.815858533377780150e-03
2.296877150737811762e-02,2.412915608880898677e-02
8.897954878398456335e-02,8.853889803781057888e-02
1.018581668818451837e-02,1.145475842285388797e-02
6.675182642404536024e-04,2.498462738055318155e-04
2.219864755811602752e-02,2.274245921433801915e-02
1.797282652861016405e-01,1.775980888199242824e-01
2.022556625535293709e-02,1.592665578443078558e-02
2.210323623292730424e-02,2.271480236893827151e-02
3.970870627783767981e-02,3.960027899524840023e-02
7.735161803505468704e-03,6.305204868251939113e-03
3.092318516960174124e-01,3.287039488542213839e-01
5.643486356012141283e-03,5.883015490642786068e-03
3.073976878557260206e-01,2.897126329184523952e-01
1.026575354850401411e-01,9.822715216283163520e-02
1.408242740408080854e-03,3.766440791144218952e-03
5.491667390313651506e-05,6.594172486003432518e-05
1.390990546649112467e-04,7.590417856332087833e-04
8.882281519943920900e-01,8.556297719079013486e-01
2.687781613219866750e-01,2.481716716700520242e-01
5.597995324728076427e-02,5.470170750803440840e-02
2.818590530434699759e-01,2.780461512125784185e-01
2.232508435709036469e-05,5.931176210055345323e-04
9.169633286826728985e-03,7.880791876226200809e-03
3.856607025148541673e-02,3.754669535112531431e-02
5.330571004033067550e-02,4.832285062743632564e-02
3.298255607199877815e-02,3.512152421873657865e-02
4.633283011178915278e-02,5.201949400536463874e-02
7.285819778143690084e-02,6.828689822229214168e-02
1.061992573660590078e-01,1.035165814367796783e-01
2.753608352252076216e-02,2.793628662543101715e-02
2.734440042666391388e-02,2.567143432719491691e-02
6.342422948861042853e-02,5.909807522955838610e-02
2.919683893182325463e-01,2.780187609342458788e-01
5.026893402356995971e-02,5.105976100583505678e-02
1.799111644728313905e-02,1.768443570832102865e-02
1.239149888426342890e-02,1.636532591260635508e-02
1.882786957685441548e-02,1.325893525247318940e-02
4.204466646936984991e-02,3.818454156319135706e-02
1.039808124589161331e-01,1.053473846687407733e-01
8.164650276243141935e-02,7.979212030007254430e-02
1.784134054322961821e-02,2.138085286245550512e-02
8.266286267545599684e-03,8.658304026498255326e-03
4.926018473346733401e-02,5.216449550002754537e-02
1.869051782848684395e-01,2.005218047855728269e-01
1.380578763980907370e-02,1.645921939632660758e-02
3.550381666773465283e-02,3.700029238884409294e-02
3.071834980987627195e-01,3.063715376643593169e-01
6.603525277079624065e-04,2.091923085141193339e-04
1.461963934345417680e-02,1.930527882386977312e-02
2.461226552144823443e-01,2.418524233463338058e-01
6.055790916160170428e-02,4.779549983484207565e-02
1.679775462534175345e-04,1.740529249416753138e-04
1.369958596468580370e-02,1.198914532840504588e-02
3.493284277449716646e-02,3.338140223208165697e-02
1.550235083571524786e-01,1.514583382024105862e-01
1.088226657206963280e-02,1.243478644814394705e-02
2.980591938753822607e-04,1.444910782938340992e-04
1.838842950857852709e-01,1.869461459765986155e-01
1.263706514543413637e-02,9.029532411563172267e-03
6.987490576706990820e-04,4.855926063736818116e-04
2.315331406328097752e-01,2.184088441299195105e-01
6.163760772069878414e-03,6.470938561031737424e-03
7.570284970623726573e-02,7.632827973813773037e-02
7.990595544772596467e-03,6.808553068968065808e-03
1.592789710139818531e-03,1.919362186749431869e-03
5.359240008997130655e-02,6.033763017405976287e-02
2.449495579548276875e-02,2.606795425984051798e-02
1.588933990238567129e-01,1.620247449786812455e-01
1.343474897644088284e-01,1.370800733995544696e-01
3.817989184802739449e-03,3.326692503312528391e-03
1.146614327775865270e-03,5.050033114213554354e-05
5.614288669492692452e-03,7.258633905251302317e-03
3.115877586661912058e-01,2.988350765282916655e-01
3.703288248112501790e-02,2.952476089618387770e-02
4.304651730892496315e-03,4.922656998896818639e-03
5.387009456044969391e-02,5.603378159642374845e-02
2.614607097115680470e-02,2.358468333540110137e-02
1.498774208361246529e-01,1.523682771471544517e-01
9.561504125265035681e-02,9.914494088806263816e-02
1.298571413008924036e-02,8.802157990811486366e-03
9.256934267269299743e-02,9.601456903713535829e-02
1.690895313017453522e-02,1.560009580807184167e-02
1.608753481959161458e-01,1.536725891385467557e-01
8.624311252725636034e-02,8.009581873535452645e-02
2.598299626423358766e-02,3.194316957042955124e-02
6.214530078907914978e-02,7.175181114196679810e-02
1.422167139502906498e-02,1.387291496100586004e-02
8.963014575664070283e-03,1.196880927947463827e-02
3.922100380457146777e-05,1.761491683345706312e-04
1.402724275375313023e-01,1.475764233751069576e-01
2.500489059680928716e-01,2.509983023912853994e-01
1.049171044267022401e-01,1.032017987332074782e-01
1.746592846168119051e-01,1.649779612614364344e-01
6.366098813214088326e-02,5.083421282443745942e-02
1.434314808895018577e-02,1.317066311552875409e-02
9.569867392119534022e-03,6.899903867332967365e-03
7.695397827713931771e-02,7.818028886438711800e-02
3.432111440810526893e-05,4.264452464733664160e-04
1.198692211133967241e-02,1.216453638629678632e-02
3.452224959649229097e-02,3.852577050172086709e-02
1.881567973413818817e-01,1.681577943718072232e-01
4.712928294988803259e-03,5.057215586767268775e-03
5.772597546264245094e-02,6.618917662579013039e-02
1.682502491311989035e-01,1.753950464412883659e-01
5.439102537324150971e-02,5.040783934133799549e-02
2.989425803064870157e-01,3.148269919987268795e-01
4.746765638065152115e-02,4.277337839857139196e-02
6.381730525050945124e-02,6.219960890479147436e-02
1.977540704310492160e-03,1.201536276522763682e-03
1.875481886363029871e-02,2.928223374903233742e-02
1.054780819094039424e-01,1.044924552701905762e-01
2.214634316275249787e-02,2.424457854764838424e-02
6.675253749554750649e-04,8.203195577689606816e-06
3.250381748915520119e-01,3.200658270080333212e-01
6.061888425878389497e-02,6.168662671277019144e-02
1.324687844047067187e-01,1.332447769164674112e-01
4.042916109198376492e-04,1.162161613241976393e-03
1.584100891002466482e-01,1.652294485557724291e-01
1.723060616209020068e-01,1.704434243433115281e-01
3.433480340294261524e-01,3.460599055907195853e-01
3.214936447321027901e-01,3.317382610420900879e-01
2.733577664295086529e-01,2.474787903379009335e-01
2.586789375106097154e-03,1.632908800214173542e-03
5.973634488772657652e-02,6.578979678460310232e-02
2.868828441876650204e-02,2.788699729585610715e-02
4.863538049128049434e-02,4.971487438673815457e-02
1.014564610033678038e-01,1.167160277258785933e-01
7.567100808905956322e-02,7.211468631332622337e-02
6.117644413595445252e-02,6.174512066463287707e-02
3.125805952349714478e-01,3.156576887543333099e-01
4.149477750219998096e-01,4.102359152594702296e-01
5.016594131217907426e-01,5.016220695646889105e-01
4.359767003883055492e-02,4.953772101023379976e-02
7.509611822262661496e-02,6.417645357370674319e-02
4.999510053978099312e-03,2.725428122664608731e-03
7.849592653934339692e-02,7.647937041784010070e-02
9.027876435653585038e-03,9.620246431924764016e-03
6.089765830170026928e-02,6.087859979419275869e-02
9.560388319992554895e-02,9.163818982564972404e-02
2.978256520474816099e-05,8.503086520180268276e-06
2.779062510858398283e-01,2.697425588991988477e-01
2.430540737892509726e-02,2.357682206943705408e-02
7.290480980047835862e-04,8.080998478048785497e-04
4.064457261027130085e-03,3.583449451093042963e-03
1.351736137084957011e-02,1.255505700824198836e-02
1.767661822813279826e-01,1.789045089527151744e-01
8.016271482634509948e-02,8.345413762533383795e-02
9.852120141271325515e-02,9.547710313548529726e-02
1.526048675504520225e-01,1.401680456480847159e-01
2.005755799047339704e-03,1.505696054335697344e-03
9.456821227856661294e-03,7.665904406346903469e-03
1.384423919317905385e-02,1.346622362648513399e-02
1.786898321948390128e-02,1.453524850649690753e-02
5.319652976950572237e-02,4.949556783732015491e-02
4.165878855688275257e-04,5.130302960290251989e-05
5.235564362180582243e-02,5.992340556014406905e-02
2.648952322646839219e-01,2.589576048158311328e-01
1.205613076634899942e-03,1.656990709864982880e-03
2.397778276383064761e-02,2.552892896452746072e-02
4.156100636624235345e-03,3.577621983339356569e-03
3.910908349813323887e-02,3.088570583917637363e-02
3.209221169455198520e-03,1.377298677249153133e-03
4.248794461868189059e-04,2.472601431010482240e-04
6.042962850940503811e-02,5.859644666391906204e-02
2.899096190943474260e-01,2.779025521714403868e-01
3.839396940951378956e-01,3.714538281822818977e-01
2.133972427827898147e-03,1.581765541952573914e-03
4.946063461838400704e-02,4.412640410977338584e-02
1.731014612223659155e-01,1.665931099938180171e-01
1.420037876924596376e-01,1.485332614154450670e-01
8.274723024030544716e-02,6.598934960056533627e-02
2.678674625734493442e-01,2.597621676978943417e-01
1.489435194745677149e-01,1.440443375116324254e-01
1.047821468835887426e-03,5.156377727340165276e-04
8.743525973727708789e-02,9.071010919627039981e-02
4.292387400392380322e-04,4.090672062438412788e-04
2.347253065987452841e-02,1.994998532522230736e-02
8.628407311794913936e-03,9.478279705744141123e-03
1.900200547894359548e-02,1.434571762228161601e-02
6.803449108719422829e-03,4.377017021432605230e-03
5.768062577992897344e-01,5.923818142289624111e-01
6.280593933572032402e-05,1.411810310872512787e-04
3.326640386336043170e-02,3.080914141059917094e-02
2.973354166414147737e-01,2.903017518118793383e-01
2.016382962984024016e-02,2.357194094778972474e-02
8.285134051344059114e-02,8.408497108905997608e-02
2.457938093583445296e-02,2.604806359941797336e-02
1.514246611241863022e-02,1.420764516939150221e-02
2.024931680891642327e-02,2.200751262644043416e-02
4.557262989505853762e-02,4.611941131388605508e-02
6.058817095918398593e-02,5.786929612920471006e-02
2.608362313999524895e-01,2.410539425903414634e-01
4.541628961528069303e-02,4.575120525683014361e-02
1.633682937390467174e-02,1.728492711746591401e-02
4.002125218606236712e-02,4.582116065156114498e-02
2.471844487446740800e-04,5.874116802373139908e-04
7.499501594936511077e-03,8.900330924009729541e-03
3.052303891422451180e-03,3.558045053454838777e-03
1.882142742668726490e-03,3.644572891176087355e-03
1.824300723880536157e-01,1.973262263818795492e-01
1.491951279553026255e-01,1.562926065084303817e-01
8.217465775063321001e-03,7.364341966668440549e-03
1.082850779092836280e-01,1.123098992255201906e-01
3.882776717538221484e-02,4.319634663937437641e-02
1.092189047062111645e-01,1.094751888533934264e-01
3.101820599793476529e-03,2.687426776496076777e-03
2.656792826207335020e-03,1.426625797977114883e-03
2.320375528565079074e-02,2.125206294451214770e-02
2.165273611920052188e-01,2.286250686899118090e-01
1.398335476084480375e-02,1.231897994099505518e-02
7.927208850353407305e-03,8.936463466786583737e-03
2.979002530067555443e-01,2.928623991661886139e-01
4.898674327168001802e-02,5.537562421118857880e-02
3.316071474956884813e-01,3.215269021503827651e-01
5.435722656142514403e-02,5.073660406501508818e-02
1.560694238553301085e-03,3.634760234167120491e-03
1.109938430621607800e-03,1.307274771845207736e-03
1.792606582329756282e-01,1.776795443208901426e-01
2.245666031953193946e-04,5.165510870280673374e-04
2.375532279284400111e-02,1.767887620287240252e-02
4.594732546097488220e-03,4.289387528178530834e-03
1.813839168481849173e-01,1.796986463337648110e-01
2.665069072889455354e-02,2.634660324935112971e-02
4.439612837069031870e-02,5.303938817477544393e-02
1.928821392142126764e-02,2.189543334361531562e-02
2.460195884421319257e-03,2.056892228932296566e-03
1.012915812283021189e-01,8.641935226417699067e-02
1.308519711964078363e-03,1.834633896571609716e-03
7.876986561974287301e-03,9.189560100931224579e-03
1.764149069876860543e-01,1.646737900221236228e-01
9.712166863505113101e-02,1.081489069150405880e-01
4.300596256511552556e-02,4.926719528090197503e-02
5.032899015115291363e-02,4.893157930404365419e-02
7.841885178372820508e-02,8.682792256832133626e-02
4.329941174107738880e-04,1.820316925828730946e-03
1.808835697482227556e-01,1.789809652966418696e-01
1.029733414532047753e-01,9.696366070990494745e-02
1.382881543381198619e-01,1.470195691872428212e-01
7.845078371043064450e-03,1.060864392007427985e-02
3.544119718739159738e-06,5.186619159973059599e-05
5.689209083274983023e-03,2.846582939088757123e-03
7.160538496180321455e-02,6.701200038521760993e-02
2.292697840839119650e-01,2.205433212122607511e-01
2.246341292697511330e-02,2.318868713020645969e-02
8.784045025869528789e-02,8.368588075473980259e-02
3.200025443522563212e-02,3.010808733995240863e-02
7.197991096100447850e-02,7.020071063484770169e-02
4.067617687935958133e-03,4.946553295517023413e-03
1.158704755845031825e-01,1.144812492979145613e-01
9.834130892593932749e-03,9.710657559379290427e-03
3.628423752864896185e-02,3.552106718233004334e-02
1.596516938200817637e-02,2.074918070564749778e-02
7.208239272652246232e-02,6.458788696211581470e-02
2.272255122489232615e-01,2.083408157034514208e-01
1.775088542952152348e-02,2.227865499037632105e-02
1.110329609825418951e-01,1.100287377702750813e-01
4.080659159370995936e-02,4.074181755431909718e-02
3.396206523133350253e-04,1.070408497085423728e-03
1.909759228476355306e-02,2.178285250658084510e-02
1.992651867949164594e-03,5.009013425872959821e-04
1.441468183832536956e-02,1.068801892918478172e-02
1.599125110975122277e-01,1.548297863487514414e-01
3.502362478591177219e-01,3.484516197451685282e-01
1.997436828679727619e-02,1.685403210856983511e-02
7.738826826207158109e-03,8.260138035764523490e-03
1.678270020150665065e-01,1.745411707038312665e-01
5.901858033149796207e-02,6.387528953358841133e-02
1.282900291092998893e-03,1.388908441681055992e-03
7.775734383388499538e-02,8.040496894591840638e-02
7.831738015176825662e-01,7.849683242283584939e-01
1.758027627578692409e-01,1.780767432908442471e-01
3.944743534557598394e-03,3.219166870271629802e-03
2.472087933301092208e-03,4.219812152104700340e-04
7.481820755524799978e-03,9.160004868861936628e-03
4.808426415177745605e-01,4.930802075820879815e-01
7.381904622967009472e-03,7.334807605452484634e-03
2.091267864945401400e-01,2.200534747630312760e-01
3.001505321548266284e-02,3.446644290641903696e-02
1.226658161495828583e-04,1.985535683725273958e-04
1.010378841400474126e-01,8.878746440270073037e-02
2.070836023706325649e-02,1.955051836539965088e-02
3.469660421423065300e-02,3.323791235652452658e-02
5.111218178027669007e-02,5.141472844440409667e-02
1.691810949183472287e-02,2.119667272899829549e-02
1.105068316964759496e-02,1.019811828666729488e-02
1.123073196924290369e-02,9.172030676142596192e-03
3.859562686236642226e-02,3.952240763335990864e-02
1.991331510764170892e-02,1.631580409466534473e-02
6.990874633005662972e-05,4.278728936825917413e-06
2.547962114542109968e-02,3.197939093488055828e-02
4.541497118253228632e-02,4.297537142944467953e-02
2.602861220379006427e-03,4.470629161432912446e-03
1.956400328166284876e-05,6.330144657951667546e-05
1.481640264872313428e-01,1.573879548003840334e-01
3.499478720291245172e-05,5.191024673758899612e-04
1.316015719598731815e-01,1.264489811542170994e-01
1.679518914137137584e-03,2.399156441950530804e-03
1.621633992524005446e-02,1.422961835730051326e-02
1.201565385205650635e-02,1.313120348241762596e-02
8.115894103030951712e-02,6.453596851105720955e-02
5.735742912861843124e-01,5.704090853423651186e-01
5.651188509242323355e-03,5.759097853557035296e-03
2.122644981771495132e-01,2.150501701291188117e-01
2.606834103912978109e-02,2.479754440210679353e-02
1.274351239416132708e-01,1.385124083230043490e-01
2.461567009195950867e-02,2.517229243466696451e-02
2.256090081200348013e-02,3.012962404858287105e-02
6.779906691887509218e-02,6.711853291749769745e-02
7.698454059149580173e-04,9.136561603991612875e-04
5.511560888396437779e-04,1.363608505265816043e-03
1.190827225959306263e-01,1.232984162490573105e-01
1.451561044719182434e-03,6.520344250986981165e-04
1.935089676550303117e-01,1.968572349758728190e-01
7.822565231487583082e-04,1.680608871067743103e-04
2.950588997616325568e-04,8.637802367056174281e-04
1.934502934791466552e-02,1.906264051004987609e-02
1.521749474627228649e-01,1.639848373695277639e-01
2.663598686280457817e-02,2.406419484693324631e-02
6.085030079724546015e-02,5.587173920668212640e-02
9.406854314287690921e-02,9.627365729185470566e-02
5.255066274877266685e-02,4.941422035938093649e-02
3.594028557070494748e-04,1.180762296477851732e-03
4.321817386712156262e-04,9.105843987600330041e-04
3.743959181156858440e-02,3.932019227847536463e-02
6.721932264740097807e-02,6.504993523186433646e-02
9.036696665975074011e-03,8.184343275963333955e-03
2.877245622729071931e-02,3.697763329669081361e-02
4.348874445966424002e-02,4.539702280224201802e-02
4.027598165674670452e-03,2.224834435826385584e-03
1.108784367773426732e-01,1.139511732295736685e-01
1.416803532712048452e-01,1.372700641434101421e-01
6.797319096593481061e-04,1.631359805028656778e-03
9.833973043910686218e-02,9.242091295460475031e-02
3.197566001429219540e-02,2.698620911206466369e-02
3.501484372709205983e-01,3.422258544581344153e-01
7.117805559341557715e-04,1.145829206455399986e-03
6.358080164592316841e-01,6.645585019678544869e-01
2.216883071749848888e-01,2.211183551042736339e-01
1.019983210585549555e-01,1.031691307200860719e-01
1.163288164651709866e-01,1.190357721964110105e-01
1.092525239884973220e-03,6.496468753564612871e-04
3.272770036524808718e-03,4.022940946285315754e-03
1.964773212964542048e-01,1.999317027235026634e-01
4.111808620065527352e-03,3.646038992507103730e-03
8.854779043405372474e-02,7.508537477213150790e-02
2.532119488752490044e-01,2.558011824496622677e-01
7.088314439663384592e-02,7.504310044919917932e-02
8.645023287418224581e-03,7.041987298372751405e-03
5.880219380918783045e-02,7.032771765742058812e-02
8.331357561168272613e-03,8.190972158872617676e-03
3.465536711991401564e-03,2.204678821645415614e-03
3.649608941770011300e-02,4.107409223785277869e-02
6.056532516527379784e-02,6.001145408890447286e-02
6.750954694325001122e-03,7.787672436624425674e-03
1.236124842029633205e-03,7.452702031271219189e-05
9.254188303443040831e-02,8.826160179054293176e-02
6.662068557875999719e-02,6.729301845822127648e-02
4.457212542485654294e-02,4.191626895304721018e-02
3.227705198011267956e-02,3.354404061369140044e-02
3.472672627503747421e-04,4.227163348532952209e-04
4.126672166021617960e-02,4.414971051557552845e-02
4.984070379827340580e-02,5.268410983734509584e-02
6.502813878691533767e-02,5.293405916486566831e-02
3.785855524349948740e-03,3.581474897323459316e-03
1.341803004484675155e-01,1.442989879091156336e-01
5.694553914556094165e-02,5.261386441225998634e-02
5.521031629255188783e-02,6.053514412092532437e-02
9.281854872757087926e-02,9.115313915336221984e-02
6.608456615321021965e-03,9.445187108329804182e-03
3.876942867850046576e-02,4.082221481961999937e-02
1.959195245110115224e-01,1.903882365895493145e-01
5.838343241072212197e-02,5.918525286098178656e-02
1.898669685308115862e-02,1.605947506845175135e-02
1.297273332586407028e-03,2.403320540172442388e-03
1.660663139795088006e-01,1.631028042569670211e-01
4.802554619316241891e-02,4.820758140437336747e-02
3.347914581036966208e-02,3.240089247002220924e-02
4.605963306332972601e-02,5.316734551855064467e-02
2.837638935151225866e-02,2.635692172762967717e-02
3.087375805659413608e-01,3.222415504419349208e-01
1.963239647241334443e-02,2.287092270525673682e-02
2.099121464185068134e-02,2.088828939232230397e-02
3.850365289979837142e-03,4.077363932145888770e-03
1.114519459013308539e-01,1.039296049987886994e-01
2.868398193196260832e-04,2.140424047938930901e-06
7.859148601976845370e-04,4.378571798067234713e-05
2.342667512229686458e-02,2.028096620440372408e-02
3.677906282469933091e-02,3.909738521914168236e-02
6.219797310280918362e-04,2.652249864344970675e-04
1.145632885704037963e-02,1.183826832285139047e-02
2.532292974124394653e-03,3.130719855142937488e-03
2.116982739386119236e-02,2.082816207383054313e-02
2.701397117006788112e-02,2.920827605118255302e-02
4.644943965739325997e-02,5.056726681687656599e-02
7.489891277690297056e-02,7.944279881797837450e-02
5.548618278481137062e-02,6.310609007077187804e-02
5.037936189264167336e-02,5.760498995097667468e-02
1.854326718383767295e-03,1.092219661492377543e-03
7.491116215614038176e-02,8.729680902968611766e-02
1.727416651162246297e-01,1.752044882221163169e-01
1.178867692427088276e-01,1.251609308543240040e-01
4.226057522161316693e-02,4.029595922401593699e-02
1.956373563159001863e-02,1.677741144517674171e-02
7.400917718316517568e-01,7.289191617992873962e-01
3.860904383046977455e-03,2.567628849637092637e-03
5.456755914541293329e-02,6.828837680580038261e-02
5.417090327187642487e-04,1.114473090489058894e-03
3.732897205936906021e-02,3.865824564336546587e-02
4.467979452356605694e-03,6.743865197816121052e-03
4.272967197884271900e-02,3.610486643533109691e-02
1.319322440236905987e-02,1.664880634201490114e-02
3.332811335890956822e-02,3.276857913369921049e-02
4.475321898034348260e-03,5.619409078932958816e-03
1.989219400291324935e-01,1.926582906858614053e-01
1.004696299219011713e-01,9.286546972689393997e-02
1.075649919937518434e-01,1.034854049896549305e-01
2.039816201842318405e-02,2.443538530436325379e-02
3.921351553462440595e-04,1.025118029399035065e-03
1.979845266137805759e-01,1.938596379200834829e-01
1.182269160756203689e-02,1.397419445903555664e-02
1.399390125800117624e-01,1.399002129347124423e-01
1.093593655736438582e-02,9.147299213138638044e-03
9.308718423034428868e-02,9.448727906112538988e-02
3.091223514931377148e-01,3.275177048397154289e-01
2.749698674725831182e-01,2.970526144710690097e-01
1.456987093569990510e-01,1.400860759887763429e-01
2.363173222373276053e-02,2.300064738673446990e-02
2.828684772281491733e-01,2.843591389679687720e-01
8.958215250973541877e-02,8.743022023410221277e-02
1.251042321938526103e-01,1.256995263849601807e-01
2.170884096767844787e-02,2.260339526058292511e-02
4.940278074579584899e-02,4.036670138451702028e-02
7.041867558701371023e-03,4.228701361771461387e-03
2.184683693317526210e-01,2.193610863686942525e-01
3.440266709012175239e-01,3.540838064132511009e-01
7.775445836896367931e-04,4.672603250876463049e-04
6.588555482089335745e-03,3.872539658793131521e-03
1.580422529290959333e-01,1.546405979862725821e-01
7.359012871096887176e-02,6.634545207633632535e-02
5.098771802526275848e-02,4.512057499961721896e-02
5.714124874258918324e-02,6.465003948032292669e-02
2.193997682520164565e-03,2.327544747209900691e-03
3.645190132444674491e-01,3.678691419229689896e-01
1.488476515624047878e-03,2.758890605531165528e-03
1.793653006453936050e-01,1.827532339384370375e-01
1.494264453087787714e-01,1.508351352632745224e-01
1.852053294471531220e-02,1.840585476904410892e-02
6.563051237166837686e-03,5.063614565156116486e-03
4.180378635867555877e-03,6.095396514380723232e-03
1.697256572453236523e-01,1.816554507636225502e-01
2.482757417667203481e-01,2.592973159587571019e-01
1.501551333191186721e-01,1.434838598776816965e-01
6.384721337472237801e-02,6.406648098047236506e-02
4.521037994949627103e-01,4.658371525350492037e-01
1.316726092509138205e-02,1.224118976093245895e-02
7.671206262721139146e-02,8.020808663467281219e-02
5.978372955513858861e-02,5.441054251668066971e-02
6.939915940371238490e-02,7.357261629822101079e-02
4.845167580775302379e-02,5.527961999162355616e-02
2.432846100184266613e-01,2.313540920086232244e-01
2.102830664027075165e-04,5.184961761726285186e-05
3.531451959457411194e-01,3.694520731846924200e-01
1.752331858427549210e-02,1.626263522801841763e-02
1.127417728697206398e-02,1.251310151531944033e-02
3.514005804017972801e-01,3.439683758184540752e-01
1.537686986767407560e-01,1.485913378139613328e-01
8.692551513104444794e-02,7.906155878583252805e-02
6.619915226772447037e-01,6.459575520676449356e-01
1.138490120479530160e-02,1.711599895198757937e-02
1.199150461826165373e-02,8.667812657368711982e-03
6.780989773460667502e-02,7.024666865920935199e-02
2.242006868474516745e-01,2.303797813984100329e-01
3.174758358661107227e-01,3.286833383295977296e-01
3.487214721051334291e-03,2.333534670038837303e-03
6.545512773059036782e-04,4.904307096235701159e-04
1.265942651555635769e-03,3.247508257972600825e-03
2.414382221556737873e-02,2.856145294720911776e-02
1.382713921214810959e-01,1.399721546803587013e-01
2.629697205914947270e-03,1.329926359869911586e-03
5.739006439274243476e-01,5.682828782006951185e-01
1.064193225391511614e-04,2.554109345855185356e-04
1.294677083004419083e-01,1.335788911590211903e-01
1.605213723495652403e-02,1.510306542955291119e-02
1.138503926351880496e-01,1.188748739725916381e-01
7.584380284354870494e-02,6.947688600185103480e-02
2.004881650076834054e-02,2.034014022106805236e-02
8.481872102113948916e-03,7.138310100001209711e-03
5.301550337104777855e-01,5.527143942844697788e-01
8.168549007000772133e-03,8.750954122807236626e-03
5.055823003774521235e-02,4.667310934277988516e-02
2.416564378592226531e-02,2.403193856903490175e-02
8.463833281365984798e-03,1.009810765888716905e-02
5.773080594152794551e-03,6.100530041679514716e-03
6.714689866814181618e-02,5.583645329673940505e-02
3.758736536311849119e-02,4.187010570257929110e-02
3.392960004785740974e-02,2.997924000555044974e-02
1.245992721818408103e-02,7.267128142449210716e-03
3.082047456033536470e-01,3.134051514679432326e-01
4.440020942399142689e-01,4.369375871278066148e-01
1.789757072699245388e-02,2.049402367615428891e-02
2.448984623975172525e-01,2.408914586328496921e-01
1.217794648548353592e-01,1.206247397574484598e-01
4.293093072411999251e-06,3.243656175305070517e-05
3.009104200970570964e-01,2.878278671749032180e-01
7.407768912100307079e-02,7.014812947163882872e-02
2.976138458578087340e-05,5.201285837249620481e-04
3.563628351497883928e-01,3.625986205266583662e-01
1.913880235476512204e-01,1.869799934808956121e-01
2.921648666956014936e-03,4.973685273924134502e-03
6.447415887597383877e-02,6.253599879593794986e-02
1.909104388032583158e-02,1.469226024678819617e-02
3.663237832514529280e-03,5.233279374586246972e-03
1.446280049772031007e-01,1.595619001139739201e-01
2.054688229903635088e-01,1.833831218446210776e-01
1.951767738874580771e-01,1.860356727206845806e-01
1.974006871119268758e-02,1.828212243766375381e-02
5.114960360937585802e-04,4.937930477491787092e-04
1.302693116540280804e-01,1.210513673624810937e-01
2.247209502234302214e-01,2.378254260828674138e-01
4.849005223692529651e-04,3.661863636591582410e-04
6.150881608706067726e-03,8.060060162331794675e-03
5.159656698171919548e-02,5.099415405203958085e-02
3.221249844775608134e-02,3.359151124206168765e-02
1.112662047787764299e-04,2.062411550320547592e-04
9.133960551562902985e-02,9.550526947261619992e-02
4.507985221440709567e-01,4.406330954490171870e-01
1.217421821525187658e-01,1.114413632325022691e-01
5.425086583098342324e-02,5.967259869246280268e-02
9.959640390124908926e-02,9.990824114939364509e-02
1.977053874418220614e-01,1.891273309421951376e-01
3.980654376149220797e-01,3.911952414649729759e-01
3.574659508271615382e-01,3.715411888186367362e-01
7.756294971251028120e-04,5.016386814225548812e-04
2.271816355363642445e-03,1.171423956516431377e-03
1.635189385333070122e-01,1.527961292519845748e-01
5.389110545015417530e-01,5.490056589285585709e-01
4.267006944767624127e-02,4.195235808781011544e-02
2.694269407972046254e-02,2.765149180219839825e-02
5.055788483211078217e-03,6.833800175267062266e-03
2.134126094081469947e-05,4.820990206328211556e-05
1.436821525336326628e-02,1.268833183907561342e-02
2.312954123817350836e-04,6.345622404142695202e-04
2.674062148115691762e-01,2.658547457521217572e-01
3.850752131180379401e-01,3.741658275640256659e-01
1.249973854958152421e-02,6.592632335793102705e-03
2.096632088349751136e-02,2.039363402183257817e-02
6.099318850736957370e-02,6.204516777391080873e-02
5.270438609248825901e-02,5.433934253632359546e-02
4.898506548095663861e-03,6.543036562710125362e-03
3.197939478975675431e-02,2.808130672751191562e-02
7.179022204593432654e-03,5.296683127736168811e-03
6.131942082531880583e-02,6.826657172969773091e-02
8.872151568523891155e-03,5.447996220454179306e-03
1.727769029926113364e-01,1.632099719751866074e-01
4.682787664605126896e-03,8.432257633309438172e-03
2.077333031517521536e-02,2.005121705134404672e-02
3.564846329406027182e-03,3.689962016408827612e-03
3.878331466845981457e-02,4.130560943297516274e-02
7.397175955865194219e-02,7.497535321762434368e-02
2.743345113398784618e-01,2.613878195684382066e-01
2.498084011339002375e-02,2.336243750685303849e-02
1.915619928159273400e-01,1.959937343690975053e-01
2.209970051552397896e-01,2.252741731387616630e-01
2.087386153345786033e-01,2.145363580523148850e-01
1.604165756204641302e-01,1.709161991173238637e-01
4.871645318932092683e-02,4.998912301594875263e-02
8.887972822657554117e-03,6.901546860647742032e-03
2.140666469769220426e-01,2.090432303597814512e-01
4.320464849553832254e-01,4.261534697638147406e-01
7.448536159384588386e-03,6.391756794205996281e-03
1.047948500302426159e-03,3.827437233953873250e-04
1.468456369464460620e-01,1.407012480394708998e-01
5.646796776242679616e-02,5.372541914970319771e-02
3.420119041490995992e-01,3.562881965802299211e-01
5.737769412208484562e-03,5.328943955441098682e-03
1.675136611729900471e-01,1.738616324674740199e-01
2.853653758115567429e-01,2.690312012969147681e-01
5.404687899024807757e-02,5.252328546687007327e-02
8.319254601358901102e-02,8.388226979191291954e-02
5.501299573991819819e-02,5.439507971318638391e-02
2.259390088983968259e-01,2.177518564021164449e-01
7.082745843003933617e-01,7.099404477589961182e-01
7.857878228385516660e-04,1.986061527581889970e-03
2.510177711103588893e-01,2.431296820238133816e-01
1.904902560802805012e-01,1.813806150278879925e-01
1.430690761931528547e-02,1.296552858954646940e-02
5.454449875746639198e-02,5.082385599087462652e-02
7.210035497395899107e-01,7.233524634068733139e-01
1.084999953073030772e-02,9.814568577810251979e-03
2.100879325379402529e-01,1.984865229399956632e-01
3.564141373694666992e-01,3.702989026091616509e-01
4.086565145418229010e-03,5.848244457747121296e-03
9.241862367703654844e-04,2.525686453592955807e-03
4.285337054585507816e-02,3.571011732946530876e-02
8.423389504269299111e-02,8.298246453240022691e-02
8.943012762107580005e-02,8.677018284566058448e-02
1.041752726226611924e-04,9.305258254561966946e-05
7.879140925533536718e-03,7.224958301488160033e-03
2.313444027850753825e-03,8.704834141669379622e-04
9.744586350156722587e-03,1.060646752592022020e-02
2.654559855087893980e-02,2.278424795143934797e-02
1.050796939140984793e-01,1.148558001300803433e-01
1.274229561256553199e-02,8.236452067761646997e-03
1.313118875265734953e-01,1.260745184284823017e-01
5.433237796720133926e-03,6.029663811379580053e-03
2.489422451146036108e-01,2.428139619045999453e-01
1.838300886704903880e-01,1.942728818266806212e-01
1.376064478152297377e-01,1.470819095874151827e-01
1.124038481206316858e-01,1.130131504782726781e-01
1.249060815947228113e-02,1.757604860006498765e-02
1.582244171140640143e-01,1.593400875292189656e-01
6.035165210609836489e-02,6.560118952928255254e-02
7.150291349588479006e-01,7.148387507289296616e-01
4.661626113729641641e-02,4.708086945480276231e-02
7.816712820352683319e-03,4.960242469602359726e-03
1.922688823364118449e-01,1.741889511281309033e-01
3.959763785100561123e-02,3.731093992348650384e-02
3.871246347239834518e-02,3.778063369288716528e-02
3.942087703923659314e-03,3.376287964954371567e-03
7.174072103422831801e-04,2.041555894848228088e-03
1.681840300055880144e-01,1.674988237512696210e-01
2.047829141076535353e-01,1.856459191679486753e-01
2.857749396463521441e-01,2.822088396512250075e-01
2.057711814708730255e-02,2.402791166041005899e-02
2.360685450300006871e-03,3.730576412166019835e-03
1.873432066539836294e-01,2.032448274737853888e-01
9.815728821299560258e-02,9.707792540402618298e-02
5.684414532058436331e-02,6.030185912582221308e-02
1.599714524584284689e-02,1.220970104527647516e-02
2.644300609239313982e-01,2.781638172522409302e-01
3.873556173461198959e-01,3.815206668016511427e-01
1.204390795958968224e-01,1.042991354889994532e-01
2.439924468078499276e-01,2.528491145461778111e-01
4.083480249420453623e-01,4.185846700599576975e-01
3.539304053489848679e-04,8.552944529629933268e-06
3.596543230929596496e-05,6.416722648089086658e-04
1.977703607348194892e-01,2.156533174005103859e-01
1.986115885172492351e-02,2.066409782222854499e-02
1.904154958492149663e-01,1.746098710459153547e-01
1.000767851714932238e-01,1.125928262904459243e-01
8.972700447433282211e-02,9.441402736173806765e-02
6.625353328927218420e-03,8.351822839756658373e-03
9.638716703521271051e-03,9.710966670320658051e-03
1.534834579001429378e-03,1.056782422512781740e-03
4.450521486122537285e-01,4.558314174535659236e-01
8.846214290360572552e-02,9.710242651116711421e-02
4.158002726772922625e-02,4.398717947754667013e-02
2.921548998564358485e-02,3.106580588483756622e-02
1.689143656593444509e-01,1.748779294136346141e-01
3.751593494766151341e-03,6.164738409246301246e-03
4.110003494036401639e-01,3.934620286821778334e-01
4.512087272014444518e-03,2.258887122599458584e-03
4.170820727278645029e-02,3.574978153267402425e-02
1.015108230407584383e-01,9.557620297179221514e-02
1.006941837238828213e-01,9.526397105929555742e-02
2.365526031542430220e-08,2.033434907195224791e-04
2.170458277210765216e-02,1.992438005071307805e-02
5.148535490406108694e-02,4.968730018062982728e-02
7.116839580093015094e-02,8.285941406126105802e-02
9.019772271516113271e-02,8.662248505290061351e-02
2.594957986829791730e-01,2.698108049284531074e-01
9.698229032587164788e-02,9.914861963606681761e-02
4.765535520917080214e-02,4.655080892357352229e-02
8.507063114602338161e-02,7.724859008808240834e-02
5.561462027416801991e-03,6.005119994944257793e-03
2.316702964446553520e-02,2.054306272854237309e-02
1.898128417925521935e-02,1.812919949179069012e-02
2.097869302540543990e-01,2.130001237863277663e-01
1.129169232256233089e-03,2.166366403043286978e-03
2.990462539795379990e-04,1.255473135205369042e-03
4.723557104879341946e-03,6.074519194089494055e-03
3.571924346841351960e-01,3.633750341429662911e-01
5.394344370502493838e-03,6.605798195115285439e-03
1.720702487142172082e-02,2.068288117587185893e-02
3.269250440693402537e-01,3.428040773438759681e-01
1.645175032777529966e-01,1.714141925675994604e-01
3.486601960017481766e-02,3.067240308464852516e-02
2.215174029227480815e-02,1.947526619627613226e-02
1.591241929227397295e-02,1.310047698642545153e-02
2.311996098433844599e-03,2.613618964301608893e-03
1.326484961096060892e-02,1.148443974026289519e-02
1.694545889542396488e-01,1.747299860098013302e-01
2.853982092554852371e-02,2.173697340617329957e-02
1.434874856842960900e-01,1.428756198047858028e-01
2.787334938395601980e-01,2.687516831662662975e-01
4.834893568966695115e-02,5.656382508770071982e-02
3.593125298405666461e-03,1.784489147774275019e-03
3.849330007725780267e-01,3.735867153392914974e-01
6.188388403887366829e-02,5.934966485400198360e-02
5.474893320183396583e-02,6.198566653803381371e-02
8.500383533814209747e-02,8.629915156114742469e-02
1.018523594776073703e-02,1.446504481051647494e-02
4.497483942493558061e-03,6.110598336231010987e-03
1.688848320115139412e-01,1.631078632593058741e-01
5.012713381762059703e-03,3.993669646090922121e-03
9.678100066867607182e-03,9.698636638799097015e-03
1.189569436957296500e-01,1.209833280559150931e-01
4.521907148108490239e-03,3.243173199551187876e-03
2.941216312857459960e-03,4.004957991545512325e-03
3.835671356100072305e-03,2.954182855941361700e-03
3.071394744695913823e-02,3.806882533543051034e-02
1.692244244945377216e-02,1.975328350525286381e-02
1.146105367957531013e-01,1.178113038659906880e-01
4.496144551031708847e-01,4.307835624327829294e-01
3.612980863076544202e-01,3.837603188798249798e-01
6.393749255147188615e-01,6.678427803335182933e-01
2.020715142099577533e-01,2.118940369503157506e-01
6.698021772487404467e-05,4.336847913402711842e-06
8.969107375524976167e-02,8.968835459526727782e-02
3.531068925649575446e-02,3.706008104743022114e-02
5.030935592550975777e-01,5.184593055258019945e-01
3.823526054144023734e-03,2.798423486580217060e-03
2.678816161727600176e-01,2.626836965417446157e-01
4.858823686775005091e-01,4.808809755170502243e-01
1.824238492863518649e-02,1.710213021402940542e-02
1.624542463897578337e-01,1.736565359939930830e-01
9.072968960350126510e-02,9.508342691011024972e-02
1.898413358353598748e-04,1.218360939675001151e-03
5.310450626092114851e-02,3.891280857064832038e-02
8.878568402877555846e-03,5.897404991107713448e-03
4.529650339930747088e-02,4.067335472250685480e-02
5.269692693408484230e-02,4.483851922898013376e-02
1.254982047298041040e-05,5.671400891765101377e-05
8.713051403367265413e-02,8.506169754385918547e-02
1.308833358743579367e-01,1.251453867181549495e-01
5.776034892705607555e-03,4.420273021224918261e-03
8.088058681588414798e-04,2.697774574695260136e-03
1.982107691369976721e-01,2.127134976221999874e-01
1.021568708260591450e-02,8.466390368516941642e-03
4.444818466953986275e-02,4.712805222896525315e-02
1.567763569291748398e-05,2.239463386152102395e-04
2.292970995136611734e-02,3.033911001169851268e-02
7.065783077218032449e-02,6.250854215016152238e-02
8.339755324620713728e-02,9.001817875893941556e-02
1.862592553843755647e-02,1.844631944989816655e-02
2.251757397342854516e-01,1.999963578908600659e-01
1.880210362500530086e-01,1.951751540339666524e-01
3.086029492262876844e-02,3.069722965415410190e-02
1.803832047374951536e-02,2.090665906563989040e-02
1.684351056599146801e-02,1.997775978767727875e-02
3.360220534376715754e-03,4.084437014863036806e-03
9.564478617512918446e-02,9.256848680274104568e-02
3.551016195430320844e-04,3.658139901415380303e-04
1.400451318823581759e-01,1.485624197841746430e-01
4.207128098039066705e-02,4.236368123981506389e-02
1.060649444184159407e+00,1.029369335882779124e+00
1.746421509216226908e-01,1.805973625245740066e-01
2.595311431608872746e-02,2.829877341706441354e-02
5.578711982680378996e-03,4.877874444103082359e-03
1.666145524581895063e-02,1.501114739189114006e-02
1.290111491733571432e-02,1.353162296450108673e-02
1.198195978860835953e-01,1.262810187223407377e-01
7.147074271490622133e-02,6.982220352128272467e-02
4.168606429238894823e-02,4.500220705996298837e-02
1.269989061939621466e-01,1.105359188643672691e-01
1.823526763120531261e-08,1.074669196589958254e-04
2.225752424434027654e-01,2.351596668175075511e-01
1.364714095887593071e-01,1.464646486687830595e-01
3.434105617951629941e-01,3.445655110802584575e-01
6.632977890662807019e-02,6.255218654811951773e-02
2.028470919820660190e-01,2.125007108266706024e-01
8.211818306092678876e-02,8.162627537370308051e-02
4.847220516457362294e-02,4.350735804574590304e-02
4.009859096964771448e-03,3.203530597029622794e-03
1.682713989127333082e-02,1.235307447118454485e-02
4.132554623700373554e-03,4.159188627458168183e-03
3.701918528469133607e-02,3.329208920575553454e-02
2.701854363845974105e-01,2.796047862975615805e-01
2.305983820688952551e-02,2.255793268838129223e-02
2.728780332953626136e-04,1.664051097759215920e-04
2.015606474091768130e-01,2.272865073761903831e-01
3.491157794386075958e-03,3.663631547010935338e-03
1.151744158412790486e-01,1.157337158108932701e-01
3.274903066837017707e-02,3.029287744815939779e-02
3.956680171743005088e-04,9.322465497675479652e-04
3.728348382421625001e-03,2.648595719266212244e-03
3.404777075385470760e-03,2.701488183435513460e-03
6.651722403231180580e-02,7.667903528473475616e-02
3.495671235336707695e-03,3.707949604516781999e-03
3.792037444283611336e-01,3.760766754017582092e-01
3.010117330979573957e-02,3.066517511379990638e-02
3.684384637181490896e-01,3.665044078761980906e-01
6.165805637444954357e-02,5.860909044901921328e-02
2.373045592810808513e-01,2.569184117572614334e-01
5.865883605230762243e-02,6.293961502614695003e-02
2.104669421977731214e-02,2.322790509415995422e-02
7.178568428292445014e-02,8.890685606444093114e-02
2.371492034569991619e-03,1.762937425103164053e-03
8.716415880799027391e-03,4.915381251921856556e-03
2.892161973859694313e-02,2.606546686166737875e-02
2.076546270652161741e-02,2.746270496345000825e-02
2.265221476157073047e-02,3.091574090982029260e-02
3.660473903693077513e-02,3.136824245472985551e-02
1.336940893912313315e-03,3.052410312077030643e-03
3.121661787500434621e-03,1.255837743041454202e-03
1.024319012802052120e-01,9.707623927719828683e-02
3.012172574419086923e-01,2.863226703979516174e-01
1.786310215319261360e-02,1.663459682269076076e-02
8.273081533275375085e-03,4.722803162173048672e-03
3.097249842303254619e-01,3.110154558867762042e-01
1.067058218724479535e-01,1.088411030994805018e-01
1.725071374902853727e-01,1.749032439769079572e-01
2.267540182827626483e-02,2.216267316666461692e-02
1.311981224336447038e-01,1.218653854936633668e-01
2.339586344531228435e-01,2.350876978289492547e-01
1.345180692464082459e-03,1.915165079204618915e-03
7.909783295379017865e-02,7.791063947408491397e-02
2.615316555332636989e-02,2.928042702169722511e-02
3.444679277285142005e-01,3.355103075570414206e-01
2.351322920013890205e-02,2.737878161672042260e-02
4.108505095405267510e-02,4.376773554702048652e-02
4.772477610679176641e-01,4.864062120140500434e-01
5.483459238557227347e-03,4.250791559828211857e-03
3.092669203828500579e-02,3.227145047472537026e-02
8.258757339232829361e-04,2.703526270047947044e-03
1.652612659238567594e-01,1.696477814708469145e-01
4.243072362829003463e-02,4.962571569501762064e-02
1.059811793433741295e-01,1.026054909196196657e-01
1.141005923100246039e-03,3.668761857129237470e-04
6.393730763490611257e-03,5.676733346993101566e-03
7.434144705338091054e-03,8.128397307552969950e-03
2.607693000311071541e-01,2.411589898667868270e-01
5.157489949439681559e-02,5.643854519222288313e-02
2.019314405846069083e-01,2.062043895491680323e-01
6.991843270470457419e-04,1.539411304401581276e-03
1.309313404613344778e-01,1.381666318334394683e-01
3.839072847409027295e-02,3.829388238995823368e-02
4.570355472836817867e-02,4.582079500511630765e-02
4.295961483666919656e-01,4.119139938042222226e-01
4.343033268695916521e-02,4.095822771438516890e-02
1.252351516047259077e-02,1.283671150135179059e-02
4.793089400428081546e-06,2.656940432549972616e-05
7.245943666611723288e-02,7.844628250536418712e-02
7.488595199199098162e-02,7.618547668258818240e-02
1.741175448090384048e-01,1.569681034291519062e-01
1.328817025314335820e-01,1.246129721127356288e-01
4.336257185734818109e-01,4.423910726090500289e-01
5.386734095595528682e-02,5.868227301144649660e-02
1.928092352101823392e-02,2.114020647627726582e-02
1.310268752864447662e-04,1.493605070597034298e-06
6.862876873938929256e-02,6.076184439098136769e-02
5.499678389767321098e-04,2.023923485610861861e-04
1.142902663693311140e-03,1.521140791341164073e-03
4.116568400916356674e-02,3.928535540622928729e-02
4.830602023751404128e-01,4.916214280070938525e-01
1.250472657402543902e-02,1.037597367648215342e-02
2.017666562239655431e-02,1.868905137292882837e-02
5.093042148944423864e-02,4.951313812560939609e-02
5.741787411279301173e-02,5.674870867117207118e-02
2.033250515524432506e-02,1.647447089462656181e-02
1.114209510178759818e-03,1.285184047246506166e-03
8.536194696646695612e-03,1.097753381095958707e-02
8.199174328070409697e-05,5.503137476230845083e-04
8.316646597851305189e-08,5.397373044421488922e-06
5.065414558484850754e-02,4.622016769302874500e-02
9.198523150568667026e-03,7.599774986030570674e-03
4.798738943547355140e-02,4.673069200542509516e-02
1.673783743609804087e-01,1.799950918049087190e-01
3.555521843027055484e-02,3.354955805176007555e-02
2.018305357602136474e-01,2.118566525553560453e-01
2.759700782744500562e-06,1.610804297187596656e-08
2.328333604665225598e-01,2.269946207880253752e-01
2.662723158287320646e-01,2.661833324051827709e-01
3.249031793882353192e-01,3.274596471458785518e-01
3.633129344739355893e-01,3.809235206709105648e-01
7.856730359615950177e-02,7.364168345407040572e-02
1.983683703034048486e-03,2.369709721329579626e-03
1.329078524878366495e-02,1.142413083076252583e-02
5.596705119404291572e-03,7.282423125300519634e-03
2.610318155893792593e-03,2.757852899745676708e-03
4.220436249708321014e-02,4.423139116458051773e-02
8.887441834540903141e-02,8.056925344834144076e-02
1.488501470262073841e-04,6.422881804788590989e-05
9.948477902945616555e-03,1.143186783694884363e-02
1.574891576617434286e-01,1.663660368718840321e-01
1.369105383582830959e-01,1.321941707004642141e-01
1.758748502988191909e-01,1.746395961972188327e-01
6.641961345372299165e-04,4.044095480724080923e-04
1.486641195060567078e-01,1.431476016505024151e-01
1.342354210778535784e-01,1.351331578912692011e-01
2.568697306649072587e-01,2.563725577551957957e-01
3.624832810862023066e-03,3.013895691132619827e-03
8.794808911333656151e-05,2.159868629051585345e-07
5.434397857548891458e-02,4.551309449579590827e-02
4.942313880011640626e-01,4.858265840107990896e-01
1.081745503550718829e-01,1.137372377933664053e-01
5.888875386085646452e-02,6.676137910920032503e-02
2.336774453114602926e-02,2.258227318533894898e-02
1.833439818207794059e-01,1.771975190586029536e-01
1.029185844978684761e-01,1.036314092289578187e-01
2.218180419091712874e-02,1.839152108167732211e-02
4.418388217134745777e-02,4.800394803749300637e-02
1.767080270541885201e-03,3.665411854119960452e-03
4.408675745741723502e-03,5.118887441435005653e-03
2.481201638531346232e-01,2.338912073607632425e-01
1.673209887180519828e-02,1.751199055381559913e-02
1.726954073948380741e-01,1.768337047498128867e-01
1.058704755242133450e-01,1.042027263398390968e-01
1.420271988488307213e-02,1.233227511745072814e-02
5.465558037618680441e-03,6.854741795183499041e-03
1.436119558415608066e-01,1.389157115944773813e-01
2.707104455184715722e-02,2.711049613825842336e-02
1.049999069249822484e-03,5.505850764335050614e-04
1.158726261588405824e-02,1.656634884057675908e-02
1.576081194324381249e-03,1.814425522039123670e-03
9.032754849576111189e-01,9.000579071509238194e-01
1.337280809318681651e-01,1.421561151052068706e-01
1.369088784832813051e-02,1.502597177075092050e-02
1.196998272114382506e-01,1.358706021159011290e-01
2.580839777471768612e-02,2.831788333348448858e-02
1.706817584996471182e-01,1.824612202111365600e-01
2.707798408879016905e-02,2.804806354497378293e-02
1.552345414213261166e-01,1.462398889701271298e-01
2.030656300720849738e-01,2.091108858638678347e-01
2.453476033405933843e-01,2.342434418472327251e-01
2.005659463991494584e-01,1.858065138451098219e-01
1.630659107754169335e-01,1.555319513470002080e-01
1.307984315033722811e-01,1.177718123126825361e-01
1.354013716822297930e-01,1.418349193230943883e-01
2.867474753230443429e-01,2.759017484327431768e-01
1.011013106848645052e-02,6.089187032885808037e-03
1.353736239791195333e-04,1.503084085789197188e-05
5.108988542992877468e-02,5.357555564761963540e-02
1.614818431554989188e-04,9.224850494354839333e-04
1.077973253305653245e-01,1.058185288722669343e-01
1.953293431870441466e-01,1.963876890573620360e-01
4.718617847658997284e-03,5.677520603241095233e-03
1.396636936278358443e-01,1.323952604053302562e-01
2.048961298564396516e-01,1.981781185825360336e-01
2.433285420836849289e-01,2.237254166020471446e-01
3.205792107144237457e-01,3.391359377616522397e-01
9.968438435314688740e-05,3.742619530284081166e-06
1.601468053509272349e-01,1.553798221562693038e-01
7.699382132944802837e-02,8.449401261811469166e-02
4.626075234341856662e-02,5.236672437197157498e-02
1.882183190663740124e-01,1.933799173441062558e-01
4.684357782585576446e-01,4.713849528694470381e-01
2.957350758438327199e-04,7.497001946252394898e-04
3.274343135137366412e-01,3.166332612946224367e-01
1.668579515430639384e-02,2.390660016076117528e-02
3.243955557013259577e-02,3.630121635012934639e-02
1.156945299783748021e-01,1.276794987506077728e-01
1.878630032256646543e-01,1.882696627845459048e-01
2.836995634945346789e-01,2.875657569496978816e-01
5.044324805660069799e-01,5.244444614929137938e-01
2.606027513048795874e-01,2.580328562113903268e-01
2.557971283405314003e-03,1.333293758679080215e-03
9.104776203727876771e-02,8.823963386067662507e-02
3.608419223518475466e-02,4.100089558041679350e-02
1.742188498852417446e-08,1.026457846822526233e-04
1.387052885790358014e-01,1.445639253577081784e-01
1.059545495901689262e-02,9.698037025897008126e-03
1.778860459511672626e-02,1.930026140287572842e-02
7.000237217725914854e-03,4.668976145937734148e-03
2.357484598956433031e-02,2.576924573102531979e-02
3.098044795619681047e-01,3.108466395920688186e-01
6.589889920907074372e-03,7.333833903786598184e-03
1.897010665379987304e-01,2.001124690306540221e-01
1.693331513947130473e-03,2.889279592891158717e-03
9.452226248789674656e-02,1.002448359406744177e-01
2.317578286425502343e-01,2.441173540624798632e-01
1.084133922566064216e-04,4.593807131223855882e-04
1.216281650474108043e-02,8.110988740579980552e-03
1.923282657132377726e-01,1.849284785429823885e-01
1.118423215672373072e-01,1.283452768760978413e-01
3.464751290307027665e-01,3.376038852620139030e-01
3.660026686582431577e-01,3.396203846932224213e-01
1.538892526088952994e-01,1.650265038065809042e-01
2.199654444864604610e-05,1.298143732479579461e-04
6.136427223954163401e-02,7.185982205458685268e-02
8.035705209673013605e-02,7.355529740678856676e-02
4.528174115675224869e-03,4.877852570876390660e-03
3.666237972448375959e-02,3.907973834697178045e-02
8.811689309606043352e-01,9.158995962721628858e-01
5.083383399129569602e-01,5.063363939648769518e-01
6.183345325168950607e-03,7.045008378729388301e-03
2.839792712223533286e-02,2.703650928456777583e-02
2.935675665479394181e-01,2.973345485877373351e-01
1.217175243506956120e-02,7.023981604519551059e-03
6.121669321006397400e-03,5.922082111284857585e-03
1.282735933555883834e-01,1.363451208784358104e-01
9.608952781398083509e-02,9.862719018361328083e-02
2.024020619044847845e-04,7.843988890357676998e-04
1.637053176548845454e-02,2.178732525117933055e-02
3.293164243800955344e-04,1.155229664628012369e-03
5.668361189582476686e-03,7.020604207015670832e-03
5.029209847655558702e-02,5.002359371119913939e-02
7.998025826216602352e-02,7.738491165396368943e-02
4.749772679324510971e-01,4.802095045988517552e-01
2.015591915070029105e-01,2.192396478728740883e-01
1.065580862792296218e-01,1.073519981147037089e-01
2.158520305604441913e-01,2.091359756833905403e-01
8.479200031330819121e-02,8.511628926042100196e-02
6.914312932236187093e-02,5.145441438445338966e-02
1.520855484427328236e-02,1.469931394080760921e-02
2.305451389907168039e-02,1.970070890860298879e-02
2.813232520062330932e-02,3.162858385942060591e-02
1.573412381081879807e-01,1.528917216742367025e-01
1.044775457770884680e-01,1.063034901840163721e-01
1.988652220815274093e-03,2.640861781557623297e-03
1.117764374843060876e-01,1.156040246851542663e-01
2.030594743176714623e-01,2.108385693149064100e-01
8.885532838046397708e-03,4.587343316336043968e-03
3.680829885537329274e-03,2.669296020108074315e-03
6.047025535999051330e-05,7.556821733567574764e-05
5.420639618984477923e-04,6.453106986826222420e-04
1.951001095257327150e-03,2.845629762410516791e-03
1.298791913755319855e-02,1.037834139676591105e-02
1.140093717678557356e-01,1.148590856970784918e-01
7.147571761386535549e-03,7.069792983880533559e-03
3.816639549857896857e-02,3.693515548342476279e-02
6.600081495807733241e-03,5.624840868889258161e-03
1.211390658795673519e-03,4.193992426414046770e-04
1.546051471982960550e-02,1.836835391885953059e-02
4.353797031451023952e-02,4.480654138682180210e-02
1.111337607710631559e-01,1.105029012523904564e-01
2.652999376946845594e-02,3.132882448497003453e-02
2.614128594330711319e-02,2.763998215197796884e-02
6.018595971241045769e-03,6.790021091484996045e-03
2.270388048615332721e-01,2.415987432658580347e-01
4.336816830573589354e-02,3.764691324592885080e-02
3.507629918647487549e-02,2.668524868678440534e-02
1.650670472375627418e-01,1.757702818402927525e-01
2.176154411960279367e-01,1.961871407433786740e-01
2.608047342285473857e-01,2.374363862513680090e-01
1.674448025770206017e-02,1.747043801809411087e-02
1.087619331331460826e-01,1.097615117574380905e-01
5.703097844706239011e-02,5.657905392843874670e-02
3.229677101168269004e-01,3.403517775694805403e-01
1.114075490252435657e-01,1.058459137287718066e-01
6.154454351775770493e-02,6.148925384603541600e-02
4.965662244475289649e-04,1.362127742079954863e-03
2.207358810707384933e-01,2.168487026776054205e-01
3.430560346397321103e-01,3.545586682848484439e-01
6.892318630921849820e-01,7.130406965456966839e-01
8.469973547080515003e-03,7.329863047188972178e-03
1.266059871002060775e-03,2.919774765221466468e-03
1.126603290965964427e-01,1.088602346637476681e-01
1.684380862874510984e-02,2.590259270385578474e-02
3.528124303166468301e-01,3.596514177093922404e-01
5.491049844998555736e-04,6.468955010016907417e-05
8.947175874827775766e-02,8.654725789201762887e-02
3.971553258666186276e-02,3.342902225390029236e-02
6.357746608183324072e-03,8.703568384050933485e-03
1.154072804550831527e-01,1.157708218605840444e-01
8.444476308777704165e-02,8.325416036185757929e-02
1.953817978937989475e-01,1.964811023020570646e-01
2.043947720909794485e-02,1.857978999933331682e-02
4.530077863718549591e-01,4.663452693895900336e-01
1.343176806913652134e-02,1.217929828501537227e-02
2.560231708918882850e-04,1.146201275639919430e-03
2.359914923785130514e-01,2.358379612339204789e-01
2.838228817754273603e-01,2.831702937242882023e-01
2.204654473665944043e-03,2.799044210325853186e-03
1.311907542889894154e-02,1.559666398665347786e-02
1.809375349548897208e-03,3.008556740892475313e-03
6.175214047628192890e-04,7.657518221675973027e-04
4.814626405545132520e-02,5.120813287053461310e-02
1.076885004596961131e-03,1.756320554607289147e-03
1.282626234098814891e-02,1.169597783026977977e-02
5.568359314450278819e-02,4.483730576262263262e-02
5.477899716675151132e-02,5.105017357626544933e-02
9.783066349335602097e-03,1.357397005491038644e-02
6.437006683990473960e-03,4.911902839114785577e-03
1.366354152287105957e-04,2.703094619653648775e-04
2.230150697847854723e-04,9.007538746191997778e-05
1.312700323225431398e-01,1.257485430187799680e-01
7.406276985051500616e-02,6.437399954069727981e-02
1.991593742036236458e-01,2.262347616447744625e-01
8.155276457151228175e-02,8.547241353023497801e-02
2.588872174698516378e-03,4.668827592779103107e-03
2.347823372182947788e-01,2.371242097334341492e-01
9.609010375064154508e-02,9.937518347307724986e-02
2.458597836814395421e-01,2.341500824789723156e-01
1.165597801344788326e-01,1.032067778492612720e-01
7.040590075114704083e-02,5.953242267596380033e-02
1.186360805985880035e-01,1.161657896112916477e-01
1.750681615299680069e-02,2.227371999184865961e-02
4.725676675543606653e-02,5.275458301047646764e-02
1.831342459307838122e-01,1.905412756138696873e-01
3.061299604054491114e-02,2.709248307674345588e-02
2.035209954692367984e-01,2.130334221888648960e-01
1.233319851833997866e-01,1.191892001960053182e-01
4.189150846859166638e-02,5.046278729174141081e-02
2.437207017919575669e-01,2.487914116228259476e-01
6.906111642518053539e-01,6.847971363759581820e-01
4.212062304344382085e-03,5.772972875187416808e-03
4.300047996997053909e-03,4.669152282013926299e-03
1.939205038325019642e-02,2.371294211145519998e-02
2.991043950533810170e-02,2.899361344964631118e-02
7.734160268931539184e-02,7.500027542596809926e-02
3.460000436029969911e-03,2.702693049618187533e-03
2.337345128823458199e-02,2.120620661114743996e-02
2.248908598848171556e-03,6.415284717851288008e-04
3.473554724429171823e-03,3.042557426025805332e-03
1.020971432694100650e-01,9.902283420493177002e-02
5.515964851055532581e-02,5.582031818119829319e-02
1.911614226585368892e-01,1.772504532963816160e-01
1.788088824514680042e-01,1.847991179083372515e-01
4.076109934281983704e-02,3.970693213518156767e-02
1.098857777178594425e-01,1.069039206204521614e-01
1.893124034050227833e-01,2.020158854847098895e-01
7.816691688156782170e-02,6.732936992345275873e-02
9.424521637740232438e-02,8.413584689992190113e-02
3.332355938911850130e-04,1.151387429352951780e-06
1.798874142407829724e-01,1.771607695279177608e-01
1.452229214579679739e-01,1.551186450160031427e-01
1.438015860318783701e-02,1.541885117847844981e-02
3.442502221365401766e-02,2.853391709702654891e-02
7.874956980886169133e-02,8.247010960891772158e-02
2.577735838368773111e-02,2.269066035307471321e-02
7.619308226443462922e-03,7.996791352832701913e-03
9.154147653242594718e-02,7.986272233054339531e-02
5.199734294901809939e-01,5.141216503901651080e-01
3.814670207719594603e-03,2.870327929990841489e-03
7.900298341909355038e-02,7.887208485692244475e-02
1.365589561321192691e-01,1.359808737261217204e-01
9.240598167673724772e-02,9.406876839496751408e-02
7.776076388177686864e-03,7.944327512184190185e-03
2.301681471400212568e-03,5.061572088052797118e-03
1.543692110297732473e-03,5.498828853266765713e-04
2.102460504133904853e-02,2.072177051671743320e-02
7.835144070416663609e-02,8.146615146351021686e-02
5.360512589913721954e-02,6.213351215464542332e-02
2.176804945550400716e-01,2.183781157643871484e-01
2.001867594584438026e-01,1.873418823037744929e-01
1.652511703291907330e-01,1.639621540260312593e-01
1.260177507333773705e-01,1.212433350542262145e-01
2.625086748156895133e-01,2.469287060116976407e-01
4.896691680963424775e-02,4.369123966351689398e-02
1.829531494096578448e-02,1.728517834335496078e-02
7.362105951624468847e-02,7.621412016841505599e-02
1.899304806575455862e-01,1.904799165396763028e-01
3.683440918114960771e-02,3.752977002286968233e-02
1.479712112279401789e-02,1.657603712482251176e-02
4.598987442076560989e-02,4.712610480150798004e-02
1.002258849379475403e-01,1.006123409623648629e-01
7.415633254595462853e-01,7.105140428345195769e-01
3.855294540881077509e-02,4.373831427962314444e-02
1.209973289890313268e-02,1.416748299688205641e-02
6.867020716890652465e-03,4.920247683166263999e-03
5.148655407207879814e-02,5.037185677947265960e-02
6.200839903259085933e-02,5.290836495976840304e-02
5.386030039620232079e-02,4.841897909736377764e-02
5.158342705089664313e-05,1.430570939099363367e-06
1.056420052412283123e-01,1.057925868553588056e-01
1.444363973050627192e-01,1.302675437070786868e-01
8.987307852088363691e-02,9.062647048049837784e-02
1.558670422570573519e-02,1.700345787255737665e-02
1.383169908070258913e-01,1.402380623155144446e-01
2.692395084110557157e-04,1.716092129617873680e-04
5.633379457393077126e-06,4.340452263587292686e-05
5.740339698003156261e-04,5.597316278380801884e-04
4.710707669621600480e-01,4.672940766923519562e-01
1.517778731489287500e-04,8.376408179869987295e-05
2.887703655423915980e-02,2.912191613179010430e-02
3.570917981540877584e-02,4.285415544050260456e-02
3.702195799610726035e-02,4.650393708623710293e-02
1.415178269520635202e-03,1.901812774469514682e-03
7.411779113921786177e-02,6.850534908613142848e-02
8.195261811298673593e-02,8.339683210203835406e-02
9.281847622716770426e-05,5.181230368247628565e-04
1.744199948053579488e-02,2.029989561968572817e-02
1.526240430372584818e-06,3.174670612000663784e-04
5.270817338061253854e-02,4.869932504252517252e-02
6.067447192991769905e-02,6.053129860101536669e-02
4.132910956933682350e-02,4.225467793019565405e-02
9.046767924732092292e-02,8.447247832005383428e-02
3.441739682272530465e-01,3.381437723695471798e-01
6.484452099140842161e-03,8.123333391363193531e-03
3.905361424605403031e-01,3.721836702463411917e-01
1.218623383398543874e-03,6.345695877629004998e-04
2.281910578661891509e-02,1.992664989489471503e-02
8.377236501439959404e-02,9.193903928121661961e-02
3.479718683609992098e-03,1.873540756027351111e-03
1.371772813504484323e-01,1.227465552348652317e-01
2.805571899384836330e-03,4.094514249054184880e-03
1.271225621175491429e-04,6.316402888186538518e-05
4.322506715074039829e-02,4.206210227295183179e-02
4.274058047385427273e-01,4.203809446324262566e-01
5.377986062632245491e-04,5.059898909213163048e-04
1.456892984779173741e-02,1.677146384998682432e-02
7.682846100612500439e-04,8.359080516353811991e-04
1.814564276527612097e-01,1.827034178384765450e-01
3.688904771651986547e-02,3.483287686676839190e-02
8.642335594147838146e-05,3.708910813888781507e-05
1.894413665000223464e-03,3.409839836120867867e-03
1.064881106052525375e-04,1.200238184848604912e-03
4.803051399117717467e-05,1.076249937768331076e-04
2.291707337137461123e-02,2.666358356766947851e-02
1.672155825351191727e-03,2.702595240537163882e-03
4.764691808044914552e-03,5.290036735268954793e-03
1.160802459232438549e-02,1.552180076376102023e-02
1.497520122886814541e-02,1.359005882741783251e-02
3.538101233218859248e-02,3.285512254836833040e-02
1.347959721396218506e-03,2.526229636787804406e-03
1.432315749393534531e-02,1.508326762347328952e-02
5.889073140062783818e-02,5.329664418101006523e-02
6.584506661601879918e-02,6.634570228427978666e-02
2.380904294377047625e-04,3.174720320300577635e-04
8.961204355761025198e-02,8.308489040270337911e-02
1.712941925270326229e-04,1.934663751524920189e-04
2.218976995928568022e-02,2.126932543185943575e-02
4.257406662859898883e-01,4.376909351415952942e-01
6.181232628022339526e-01,6.207591554354575658e-01
4.919919417896725239e-02,6.539293225540346310e-02
3.183710386635630885e-01,3.018179751593332849e-01
7.718219802262505464e-04,3.735287478715066723e-04
3.748304234328150852e-02,4.532188724083081877e-02
1.229100240664177980e-02,1.280659662938564598e-02
1.651309084971918362e-01,1.553399410732575758e-01
6.003255439386798870e-02,5.976717059107481550e-02
4.075904808986958137e-03,3.147338466317831530e-03
7.831692479313896726e-02,7.487201479361403622e-02
9.356399161527419184e-02,9.838536767056491050e-02
2.280144183109498318e-02,2.252982583574353673e-02
1.122399455358997697e-02,7.639970726331230672e-03
3.209856372728874321e-04,2.093622613009495114e-04
8.126186730571723082e-02,8.878085639189331468e-02
1.410473298200166092e-01,1.478758263093551129e-01
1.686646911302600374e-02,1.637948111104640947e-02
1.170638185749081073e-01,1.204226261375133250e-01
1.256596071503107009e-02,1.321085133993580782e-02
1.335813549434406167e-01,1.163015174601184781e-01
3.492498926920278857e-02,3.493334621750836255e-02
2.030130724930965386e-02,2.213772277382936374e-02
2.016130601217598350e-01,1.918032974864859741e-01
5.657339732122472833e-03,5.215970740757460040e-03
2.119008617875305783e-02,2.022636049816312065e-02
1.279256114449015269e-01,1.274519578519718033e-01
1.865325252486551427e-02,2.039082221770111350e-02
3.972343197140342785e-01,4.030780265980700161e-01
5.813939027134336184e-03,6.041448385040663893e-03
3.634944499865896267e-02,4.194250102177465855e-02
1.211699348624220400e-02,1.002952278083462344e-02
9.855669886702782267e-02,1.028481223899094799e-01
5.598438229394450336e-03,1.102983140659702550e-02
1.073935440815467351e-01,9.932039282368246291e-02
6.284639214609748226e-02,5.832508324248934090e-02
1.299974655662045897e-01,1.175648684348371414e-01
1.512188861085443474e-02,1.562253314151435327e-02
3.866278949089766576e-02,4.543399360422777089e-02
3.379791264593514505e-02,3.493051324627004933e-02
2.990016969513606404e-02,2.406960694943754628e-02
2.241906176935535011e-01,2.426961423449487398e-01
7.466035853306117465e-02,7.558153904714422222e-02
1.123545115110786835e-01,1.225078413445129383e-01
5.226259102633659843e-03,6.769911375886188479e-03
1.031819041969293804e-01,9.223628499053314334e-02
1.015635277657251853e-02,1.262907784033923120e-02
7.251716891437910532e-03,6.181334288479911100e-03
2.320978123577573382e-01,2.360105951964754090e-01
9.127331479901913680e-02,9.572575122510178225e-02
5.345087754114146161e-01,5.435946032161044217e-01
4.851567018698201700e-02,5.026437909636185392e-02
3.860739448252882566e-02,4.105611769937347194e-02
2.611178913916421540e-01,2.735834869859342100e-01
3.834657304157972901e-01,4.260756416888132891e-01
3.313696339253956180e-02,3.037087703454206811e-02
4.167940552813074323e-02,3.889149765051024693e-02
6.610655469785664540e-02,6.302355921707279707e-02
1.395833106525150302e-01,1.545044088654928260e-01
8.457981705153341800e-02,8.255219990603732128e-02
1.168302757708588879e-01,1.150769754996381344e-01
1.064335309493607662e+00,1.073127794768742760e+00
2.782848603176030569e-02,2.873850316280961506e-02
1.096728412791419666e-01,1.236508149104051379e-01
1.851899525889260378e-01,1.886886323503199070e-01
4.403603806587941955e-02,3.916336358944213364e-02
8.834381726510659449e-03,1.392546934269641400e-02
3.527993948404374233e-03,3.856041679390355761e-03
1.440630666184495867e-01,1.319255024936930865e-01
3.712768656930905131e-02,4.041203801244147575e-02
1.339619743061333610e-03,1.331788905281434650e-03
5.018878722587420960e-01,5.005547146130492342e-01
2.550654188405626632e-01,2.760809375315180225e-01
4.078779400753289319e-02,4.561809923605230493e-02
3.959465330015370793e-02,4.860128278070768165e-02
4.666980712707643163e-03,3.120906477494086919e-03
2.642901203706580701e-03,2.527893673619580062e-03
3.864897335727924405e-02,3.122667699767223137e-02
4.051958167151611251e-02,4.271100956578250535e-02
1.073719859045306618e-01,1.191456741193786251e-01
3.338470629848515857e-03,4.061225971407626117e-03
2.254469928784616809e-04,1.371650825303916002e-03
2.099537490863674291e-02,2.262110971127082384e-02
6.077208335703503106e-02,6.381761123450961637e-02
3.257550423286412547e-03,4.654291099434423006e-03
7.397414820454160933e-04,1.782022303802982319e-05
5.162610724459674311e-03,5.729019346758536940e-03
4.283901255340389347e-01,4.111849436409462100e-01
9.218309053731837607e-03,7.330834860394160046e-03
2.811557582584013892e-01,2.661007266453268016e-01
1.260380501234497144e-02,1.298186665887348691e-02
3.171561269082451978e-02,3.050021484203673319e-02
8.513464571142068116e-02,9.356085396765888296e-02
7.936310529698872851e-02,7.155739217124335028e-02
2.946072668324281434e-03,1.964222973161558559e-03
5.751187047831739230e-02,5.187445473326308260e-02
5.448047478581018177e-02,5.456220239851564818e-02
6.598796982454382953e-02,7.924786725126975462e-02
8.711260825931810281e-02,7.433323476797852603e-02
5.783578979770665623e-02,6.170831305496520675e-02
1.638613741706335157e-03,7.814376854728724260e-04
6.196652520553735076e-03,5.922636113005811526e-03
1.670127059707139927e-01,1.630103232691454407e-01
1.093880061377761753e-01,9.899932943911142480e-02
2.723349105519919378e-01,2.695941332494329878e-01
2.546777220175238110e-01,2.676969055075313908e-01
2.065421356362134864e-01,1.990693002062595141e-01
1.444727553432419709e-01,1.601601481904655899e-01
4.891704872832184497e-02,4.622738628153367363e-02
9.763322384890173828e-04,9.424725712500874606e-04
1.202499024987554177e-01,1.134130867660862463e-01
1.779719457134893434e-01,1.670848472689945574e-01
1.435774720429142245e-03,2.575527295223771409e-03
3.838773119644338649e-01,3.884153247551727639e-01
2.315433801881691678e-02,2.121338013118994476e-02
6.268345987497081322e-03,6.678086955534795997e-03
3.205133543027650217e-02,3.291842323735184178e-02
8.009939901574120169e-02,7.191504587504801704e-02
1.338938342380785809e-02,1.409875457635290444e-02
9.207341221224917688e-03,7.622551750581120673e-03
5.811731309884930058e-02,5.966482254955172287e-02
6.141209988806893907e-03,5.528036018355093548e-03
4.154950756889703306e-02,4.433519040229590841e-02
3.239913372206653097e-01,3.064392111099147886e-01
3.423160781796028701e-03,3.249987193287361131e-03
4.723801480814877191e-04,4.116092851153512052e-05
5.393904449469436729e-02,5.097603785629285789e-02
1.142045251354510570e-05,3.426456275302769113e-04
1.854564902460567946e-02,2.243061603938272322e-02
9.249163386672499057e-03,6.983719517949433554e-03
1.205892550699174393e-01,1.118759233400224984e-01
1.362491696654615780e-01,1.421691155830575037e-01
3.675292451941698790e-02,3.256069733421432244e-02
5.006210054551000349e-02,5.150349692922340239e-02
4.948273599539147923e-03,8.018191201214287453e-03
3.830852179980611116e-01,3.891730893121108648e-01
1.120344479623566411e-02,1.411790013252696950e-02
2.954918420854849570e-01,2.907511779675855945e-01
3.036420469825610018e-03,2.842040445920128618e-03
3.283665325749755143e-02,3.033756037150773383e-02
1.003830432446137094e-01,1.055849002798518455e-01
3.464562437837880871e-01,3.585834048756784131e-01
1.279453879906820510e-02,9.846520569255523894e-03
9.686696551579576653e-02,9.413795544411535099e-02
5.213953314437633907e-02,5.470755912082873873e-02
6.347715574011161821e-03,8.095266717340551810e-03
1.045891823736604630e-02,9.189656651832243603e-03
1.997305063589212282e-01,2.017214200289964565e-01
2.522384866201196618e-03,3.736713978312090640e-03
3.026245644573475890e-01,2.958572503523193009e-01
1.042418482927699591e-01,1.045822333916342356e-01
7.874820006737818026e-03,1.065187075418970973e-02
2.712400336302664763e-02,2.659844242162724692e-02
2.300296192602233059e-01,2.384363297587021591e-01
4.573092327323320938e-01,4.405262862368907739e-01
9.960175317537500739e-02,9.492820077114604016e-02
1.839141936312484876e-02,1.734192379765542649e-02
1.267986810733424119e-01,1.288967216605960142e-01
8.639588017812607421e-03,6.839982456156791686e-03
2.329346103635884790e-02,2.417846959707121296e-02
4.242903622650730233e-02,4.391971240934889470e-02
1.651604059124535950e-01,1.516604648646690812e-01
4.027808330079641914e-04,1.800006818152403455e-04
1.351556643440921055e-03,2.387634979753811958e-03
1.291635902982935457e-04,8.832449152569621950e-06
1.845857226423257003e-01,1.893572192468111204e-01
5.721206713709956621e-02,6.360016438241174186e-02
1.527953659821849192e-02,1.956146681526078901e-02
9.068627014921874785e-02,9.572098708291819358e-02
2.613441699109867594e-02,2.725444319222741080e-02
2.475666620192382705e-01,2.539286575364701481e-01
1.826126868091299980e-03,3.402910615919954238e-03
2.878799829593760018e-01,2.702227162571058106e-01
2.925422311022807947e-02,2.812178772868543716e-02
5.837991752914880456e-02,5.990980734889637949e-02
1.626753354972967081e-01,1.606274751831738845e-01
2.022198897726927846e-01,1.767772249898556247e-01
2.996371956406228554e-01,2.990515443825982334e-01
2.536045345387042543e-02,2.223386914616433743e-02
5.094551992512612593e-01,5.154985914864805840e-01
3.186559321140334244e-01,3.278707860106803706e-01
1.315022485972487942e-01,1.353809620693285642e-01
1.931171747017580145e-03,3.875329309049410469e-03
5.783022919541803454e-03,5.842772445073589511e-03
5.185796592640407043e-02,4.359234218771113056e-02
2.093000861948166313e-01,2.156882385637552413e-01
5.293017080406941209e-03,5.954056575014434610e-03
2.786453159493159082e-01,2.726930512683371499e-01
7.918613799110588158e-03,8.062408859914150377e-03
6.942022991624853534e-02,6.478708247605388659e-02
1.165256673174104168e-01,1.241428865322400377e-01
6.975089882904468574e-02,8.264086317078832289e-02
2.975093163566057755e-02,3.282370501190384759e-02
1.099380132599739740e-01,1.149509088075473945e-01
2.212192229101703489e-01,2.252551750618006499e-01
1.528548097088494942e-02,1.470794876606801131e-02
5.930579132450969349e-02,6.631444575443319611e-02
3.419184213244017695e-02,3.001976784634669340e-02
1.108042266094484869e-02,1.356790028522159020e-02
1.367654055517637281e-02,1.550355705770342478e-02
1.200029486399522248e-02,1.017096913924451715e-02
1.594884748354761595e-03,1.230127252550052290e-04
4.842432134026361979e-04,1.204945976105647418e-04
4.393666329621604416e-01,4.350356343125204583e-01
1.513135359271972243e-02,9.745227763618670436e-03
3.439944776559547557e-01,3.346470188299812687e-01
1.326430730329358487e-01,1.245767176098393492e-01
1.027199271000634878e-01,1.099428641700027076e-01
1.308562696733471704e-02,1.033079276685396411e-02
3.920016517821267588e-02,3.828017182010670649e-02
5.880453752500037351e-02,6.233592341344014465e-02
3.569189450737457192e-01,3.439689796975973768e-01
1.694237175113190094e-02,1.766170738871893076e-02
2.945099845357257995e-01,2.789207040854759234e-01
1.848961325512547826e-01,1.729404635348809338e-01
2.975880861786178722e-02,3.330603483392109015e-02
4.479707133444108528e-05,5.583154934902876526e-05
2.226174683096283635e-01,2.398839654598172999e-01
1.022401696708343660e-01,1.040522652179390883e-01
3.200978032997355005e-02,4.389521056153384421e-02
5.151292542290062532e-02,4.845401789373522672e-02
3.293384208608385877e-01,3.293762377611633152e-01
4.035965816852895086e-03,6.283321492968205017e-03
7.323588914768829061e-02,7.018963432934928470e-02
1.393501721333956223e-03,2.391273760437677420e-03
3.132348304927563554e-01,3.232605203426725526e-01
1.939160499424691722e-02,1.828031496514380752e-02
2.848460335595148427e-02,2.807508689491444026e-02
2.842612037320469409e-01,2.692117126413584582e-01
1.915100221962183838e-02,1.359556025987214943e-02
1.645114465962781714e-01,1.569782958259287042e-01
4.344616112511866940e-02,5.611544466319615121e-02
3.255207792666203748e-01,3.310506433424955097e-01
1.090112589182299328e-02,1.290284456353150803e-02
1.194824786026062007e-02,1.118025829360539715e-02
2.437387751301674788e-01,2.319872443288825692e-01
9.404582781564174709e-02,9.715077964498775032e-02
4.137562189106353677e-02,4.318240537883099445e-02
1.472403963654783376e-01,1.587771382550304811e-01
9.943805031874937417e-02,9.432074538413222353e-02
3.268861016571235067e-01,3.220994569727992918e-01
5.080094255761392715e-06,3.433276082394318986e-04
9.330317392818096437e-05,9.400437971443559749e-05
5.429034514930093473e-03,5.194805687215549479e-03
6.653683773644617633e-03,6.156388835259805382e-03
2.538842820706728176e-01,2.459480054727082310e-01
1.052304280953139659e-02,8.729535122941429678e-03
1.388017785424287137e-02,1.276398516504204626e-02
1.059263354289618070e-01,9.889842355196978851e-02
2.697000005429785879e-02,2.794215664539055968e-02
4.111149205766673805e-04,7.836495630573086547e-04
5.024771668246462708e-01,5.303723258929204931e-01
2.309908073351341420e-02,1.650198327119016886e-02
1.270098688945853205e-02,1.297954473047109938e-02
3.359298802496861643e-03,5.078081012635729183e-03
6.963489107584308613e-02,6.114119117115242308e-02
1.497177925787993198e-02,1.832644727584771885e-02
1.080945609382499492e-02,7.595506450457123991e-03
3.409975278004401950e-02,3.658013295369615114e-02
7.890777859706021510e-03,6.157892510015711834e-03
1.573171733606465450e-01,1.634441719125177273e-01
1.502126506848042164e-03,2.715186416729036337e-03
5.307334298845026860e-02,5.660424942688900563e-02
9.553986456090391571e-03,7.400903018511073225e-03
1.207088887416102596e-01,1.047803596897973893e-01
1.057410264665153456e-03,8.682257826332838392e-04
8.554894643575468305e-02,8.589419568428387219e-02
1.101557927339628061e-02,1.335959297737639682e-02
4.447888819854614595e-01,4.545916222399669082e-01
1.106068456992435629e-03,1.217474854441986856e-03
3.312911557363368981e-02,3.266992525592710139e-02
2.985677429370792724e-01,3.013139156018199150e-01
6.939820997547002657e-02,6.991796554032332633e-02
1.436510995264964063e-01,1.452512971796844632e-01
1.633026490809054432e-02,1.233732519230246877e-02
3.082467685568954924e-02,2.653640911091277588e-02
8.027376161533596524e-05,9.006031177162564846e-04
1.480191989531289172e-02,1.347465906665023562e-02
6.904837416175327314e-03,5.215253113050087076e-03
2.099861450386997924e-02,2.233947455823950476e-02
5.534733875617031673e-02,5.502833889702790637e-02
3.891495777222764903e-03,4.758491252888231299e-03
3.592741505967410320e-03,3.034073059221604161e-03
1.254003502523131364e-01,1.259865518949075391e-01
7.890278672198602905e-02,7.952738221405833419e-02
3.174618972360310210e-01,3.117036781374818988e-01
1.302583401661443208e-01,1.255290275993775351e-01
5.524332672560628625e-05,1.739021902986446295e-04
2.685035769830303783e-04,1.811182069363063301e-04
9.939834168075656340e-02,1.065747409507748489e-01
3.579774564487041288e-02,3.243525818215883122e-02
2.361146926832681514e-03,2.924771331547305290e-03
1.344557719315109257e-02,1.613450699907611335e-02
9.902335356821841128e-02,9.532731566137397916e-02
7.546281864375567472e-02,7.311990485705346932e-02
3.069855122624283363e-03,7.852651570616217894e-03
1.339689012916928275e-02,1.636267527680386122e-02
4.230816414569419899e-04,1.093813697141426592e-06
5.610901323428497695e-04,8.632879641322333767e-04
1.472508013155736928e-01,1.506511083369494186e-01
1.475972136539344948e-01,1.457422306242187049e-01
2.341689117691339410e-03,1.806064632949879161e-03
7.597812674553291457e-01,7.281639311101204548e-01
1.946099682226504549e-02,1.863495103149804752e-02
3.021496051931184534e-01,2.858429062824568989e-01
2.209035173726463935e-02,2.368572618201253768e-02
3.212976677582840557e-02,3.350993418243897182e-02
7.657198984016658216e-02,6.578963945638376110e-02
3.787440209391351037e-02,3.257674167128295911e-02
1.199968023283515435e-02,1.554167102136965253e-02
3.554013222880363543e-04,4.491532376212292667e-04
7.831885802572885469e-02,8.399732726753292300e-02
1.731643782400908368e-02,1.390849657250852953e-02
2.170132015786498374e-03,9.493951014137505659e-04
4.165103911618409094e-02,4.131712373886368278e-02
2.279313794942390003e-01,2.390668727306359820e-01
1.568199792066019021e-05,2.228987994712825776e-05
1.307411431959458470e-01,1.254819349036225273e-01
8.055311433339344337e-03,6.430782323311805618e-03
1.729891147327419221e-01,1.793339996952782456e-01
2.261640501299368167e-02,2.063857104691230876e-02
4.721929373507613762e-04,3.027703390990208387e-04
1.577278204157364916e-01,1.649302810772667882e-01
4.485054231736355945e-04,1.859809252255778794e-04
2.504526840377444344e-02,2.509161689863608283e-02
2.340360788621663815e-02,1.992135723551882731e-02
1.055037024117571297e-02,1.209655495244727451e-02
1.713332256515684993e-01,1.443398527801176834e-01
2.470220753408098047e-01,2.494812662922132329e-01
6.911044823934203718e-02,7.190775963470673326e-02
4.765036907996776996e-03,6.710814608289061324e-03
9.673342993428610259e-02,1.008802100865920370e-01
4.685041534087193427e-02,4.911120265565334375e-02
1.384378018059031178e-02,1.218694249928075832e-02
9.318460181009781407e-02,8.909879167956198665e-02
4.342329794513325597e-02,4.195714655271350069e-02
2.480230690557614359e-01,2.592361720895688948e-01
4.041344799749573835e-01,4.009838425415376828e-01
3.365338498912838483e-02,3.195008254261187675e-02
1.091333340531486229e-01,1.047628212649924923e-01
6.767447614327001815e-02,8.574601535419029696e-02
6.517732381480534354e-02,6.165779766295028524e-02
1.844324530555187802e-01,1.774039123440089849e-01
3.403865789398782815e-01,3.236144833906655638e-01
1.159240815881898146e-01,1.099577356419223079e-01
1.660134453629526100e-04,3.119226788231374168e-04
1.199740532649026109e-02,8.638816221479753490e-03
3.070010480362826977e-01,3.181571955052394096e-01
1.588535300339809775e-01,1.588888544110509948e-01
1.064443867104773733e-02,9.524040535510187519e-03
1.989024352732631992e-02,1.908713988530506139e-02
3.205503267016268643e-02,3.478954455581519806e-02
4.883057310933889283e-01,4.841124924857903578e-01
1.350637785510940599e-03,5.183541199124605536e-04
4.725657508381406711e-03,4.986466873603266278e-03
1.064254603375907465e-01,1.004559661466814524e-01
4.386769330319891663e-03,4.743318560354748553e-03
7.346937349117764644e-03,6.492675384328761359e-03
1.398656593403725390e-01,1.397497356899619902e-01
2.674805503079244473e-01,2.520322619140076825e-01
9.437880099164186465e-02,9.079382945997455101e-02
1.798212987010297179e-02,1.741617269698765222e-02
5.719397098382390104e-02,4.974433838536549551e-02
6.531734416787255970e-01,6.375107133785024027e-01
2.510046710546475109e-03,2.409492695209271718e-03
5.437201181396236760e-02,5.197003814669663713e-02
3.706250833819205170e-01,3.873403231745189967e-01
4.823554689335809997e-02,4.452075998887281699e-02
4.428369709953675187e-06,2.814110075136875546e-06
1.197807701067185593e-01,1.120654675250115917e-01
5.858842853009121887e-01,5.910766277704444516e-01
3.772577089879199791e-02,4.325528725919957490e-02
1.453078385014954232e-01,1.484215222133488943e-01
4.697962793999120867e-01,4.705214387937038389e-01
9.260670339191950928e-02,9.074263854806563501e-02
9.218936494379345592e-02,1.091956541479287279e-01
4.743855660598191304e-01,4.642129207307810757e-01
1.992880214888790580e-01,1.906092310806657419e-01
4.567195658798097607e-02,3.945653376557858166e-02
5.209931161801549804e-01,5.094995820557270960e-01
1.779865211958307492e-01,1.973225191118351818e-01
1.018842629535597101e-02,1.175703796579850510e-02
9.638902984912481320e-02,1.054643899079995839e-01
1.530117609907239232e-02,1.639263556515047071e-02
1.226576155435468163e-01,1.217859965899585895e-01
5.879886960524278311e-02,5.095171167013298058e-02
2.528323720854121909e-02,2.457526106235004629e-02
5.404569268458737225e-02,6.043314277771661552e-02
5.778891465498384172e-02,5.692100933288097436e-02
1.320752443477789945e-02,1.713337147681419023e-02
5.870149363867929564e-03,5.748858094685769561e-03
1.782841186986046508e-03,1.891780529744056588e-03
9.528436699169219593e-02,9.865336342956765314e-02
3.446111167774924544e-01,3.408210322845495188e-01
1.595885878324080492e-02,1.608126806263271424e-02
4.354459431100466960e-01,4.650813922246004317e-01
2.694733800385359598e-04,1.589294874217401859e-04
7.291887219879390758e-02,8.602536492695068981e-02
4.657464287785926388e-02,4.869073878486478851e-02
1.301530093698691770e-01,1.291511999423652912e-01
9.227775408567844397e-04,3.772091923719083414e-03
2.032151141441015940e-01,1.974259904139009092e-01
5.575286353357261637e-02,5.846360288229148633e-02
2.334822834558475668e-01,2.444484062626932075e-01
3.515750515659247285e-03,2.614114048626248275e-03
1.734271241380095935e-03,2.954448822543303144e-03
6.290359849251656033e-02,6.290968963595228169e-02
1.388711429627582580e-03,3.123848245785623440e-03
1.171757908168018746e-02,1.144551416384115283e-02
1.510246559075366975e-03,1.067153266437705170e-03
1.380224219116251566e-02,1.249060357591259482e-02
3.241574130006495413e-01,3.315210067399542160e-01
4.564456298527841405e-02,4.397966556894161022e-02
5.190681715612162350e-02,4.609421725709504647e-02
1.419462944239406332e-01,1.533233603845480797e-01
2.953678851383922943e-02,2.903227438464308849e-02
1.859105056815620605e-01,2.012420243774268036e-01
1.867782084300217971e-02,1.730903499803819814e-02
3.009675852664931914e-02,2.769577070322394585e-02
1.749971765302195670e-01,1.671391570563593443e-01
3.518048515784329838e-02,3.340573419318680626e-02
1.555040489185610664e-01,1.578157427787136025e-01
3.526219139058334173e-02,3.654050728302636608e-02
8.723542039768414835e-04,1.336435374910911744e-03
1.034833406215007329e-01,1.108858281244563815e-01
1.354905020955912524e-02,1.412851463991778196e-02
6.781248224727800741e-03,8.863368225320689131e-03
2.577286906635984504e-02,2.730037649016400780e-02
2.654577434375035919e-03,2.901437397203595302e-03
3.996730058820166520e-02,4.168437345605718880e-02
1.373545322939587199e-01,1.376725535763611008e-01
2.045783823317056868e-02,1.914983722486321774e-02
2.824828456441465588e-02,2.559649102820285571e-02
1.170284020909413275e-01,1.080225721753602930e-01
3.091213948555079569e-02,2.899799699777852111e-02
4.131109365361641805e-02,4.058057142734337180e-02
1.705194332852552272e-02,1.282274292614774512e-02
7.067366776853419019e-02,6.796080691086532621e-02
2.226943434167436286e-01,2.234925503045784301e-01
3.471296105117081809e-02,3.141385401424181406e-02
2.938478616939843580e-02,3.138916693873718133e-02
2.944655402448006012e-02,2.823063072180111155e-02
9.537253065968731569e-02,1.035376114984465357e-01
2.502485133292101354e-03,1.128447402910711392e-03
3.355043422926478388e-03,5.286911019800472934e-03
6.426280537378796336e-03,5.044151367065252516e-03
1.052564861156830844e-02,6.119016933579091329e-03
4.817394158426748646e-02,5.007072834065918326e-02
1.289224935233294076e-03,1.816905672817049856e-03
1.823454398186166378e-02,1.928297349286655499e-02
1.957571421164515379e-02,2.246992808528068888e-02
2.174801272396000365e-03,1.766104176224041330e-03
1.978638887261512380e-01,1.975157199312614908e-01
3.406468587340454324e-01,3.269827772132434252e-01
3.048984675359169005e-03,4.530999944110368841e-03
9.268225068680449943e-03,9.790341211972405921e-03
7.716263059513074618e-02,7.442938721326944340e-02
3.641371727320775742e-01,3.587696673458027896e-01
1.162701290143167976e-01,1.146720524603107028e-01
4.679204606347910317e-04,5.449740998789285229e-04
7.504704951103535748e-02,7.233800245462476686e-02
4.338730901845192500e-01,4.258740277109111516e-01
2.071242359795858606e-02,2.066841385906956208e-02
1.946801114973778848e-02,2.068316488879569717e-02
3.863853241405576511e-02,3.622585081189453465e-02
3.583435555470803474e-02,3.704922107405467929e-02
1.346504590832124431e-03,1.046376533031231904e-03
1.343972090565084300e-02,1.343370961282668724e-02
2.452459077669921494e-01,2.475496987658357684e-01
4.918031856594630305e-04,6.738492408354132632e-04
1.923649822979062729e-01,1.789317551076190504e-01
3.306671729135546994e-02,2.625463011176169120e-02
1.426043513382324254e-02,1.177168947699286719e-02
2.635049470593751452e-03,4.612434941586817522e-03
6.244822451585706202e-02,6.452173408526262754e-02
4.938283041135915763e-02,5.519867139869139711e-02
1.656653681883194507e-01,1.702659168004886647e-01
6.576098012051755266e-03,5.534642043369039470e-03
2.918595555995221261e-02,3.143533776963949172e-02
2.469726491202966778e-01,2.438166197330223217e-01
3.041957787020113102e-01,3.255344877973089801e-01
9.457262507400375495e-02,1.033408151044691720e-01
2.588081121159551135e-01,2.361070350985348676e-01
7.096592950302035852e-02,7.075657116214026376e-02
3.511985013459587024e-01,3.514103040511858955e-01
2.059598369379965249e-04,4.878394131281178726e-04
4.314472952681239898e-02,3.974743987848706334e-02
5.575569493909002250e-02,4.433223577501109458e-02
2.542812580787370824e-01,2.605036930493292435e-01
1.083080921372799599e-01,1.054728387799792610e-01
6.399196803802215117e-03,4.051137593151684681e-03
1.117554590824537284e-03,1.343205657133107788e-03
1.617050023456298793e-02,1.353799507112556609e-02
1.315122281711114151e-02,1.293081445225058995e-02
2.343476680840391596e-02,1.963798849898398119e-02
3.669590166242131524e-02,3.497807266290591660e-02
1.844448231424456698e-06,9.869671612253679070e-05
4.118176943890173441e-02,4.396543643120077310e-02
1.796143430004097045e-03,2.533929114037998531e-03
3.722397847824143041e-02,3.586802913743986770e-02
1.093941521948907925e-01,1.005223199100106629e-01
1.453289028890722423e-01,1.361709346852325864e-01
1.005954931067319646e-02,1.489447538849916243e-02
3.740536040651451510e-02,4.393062493985466777e-02
8.676901399941731874e-02,9.109722682970328167e-02
5.540724137449340447e-03,5.971080055604352857e-03
1.698287390083676740e-01,1.757551562524609923e-01
1.672447669909370247e-03,2.361881591312320859e-03
8.871449695814132008e-03,1.039753121462019987e-02
4.250529905335173608e-02,4.052000825330533823e-02
5.804685910421465006e-02,5.446926691660104736e-02
2.809335349225815515e-01,2.679257319413701488e-01
1.702216616296065022e-02,2.049578142462071817e-02
1.479678516395109000e-01,1.495710526386585248e-01
2.456867692691419858e-01,2.388406355561078775e-01
2.682459111727619749e-01,2.581428116895632119e-01
8.242141958739684568e-03,5.425571564005657842e-03
1.778237820431719657e-02,1.886023695072340869e-02
1.210600948434792795e-01,1.226703985106399469e-01
8.556659425205327685e-02,8.818788162414738230e-02
2.110417848332982529e-02,2.495923178516297469e-02
3.240829554572565580e-02,3.549156981669861904e-02
3.716918293450845266e-05,7.786205109266894884e-05
1.987772997558372445e-01,2.072128263515491675e-01
4.421192886914088183e-01,4.407673513926284592e-01
3.402512182185449784e-03,4.360797213647955688e-03
1.468661692618988650e-03,1.610491368776600972e-03
9.528762677936949976e-02,9.469269544286931795e-02
2.945116145209164798e-03,1.362315721041040687e-03
2.299938463277919828e-02,2.110084443816816549e-02
2.242713010329940027e-01,2.225275609873811622e-01
2.602318367639919888e-02,3.243450544547462483e-02
2.546551815949951725e-02,2.676917746823314834e-02
1.494104871120844995e-02,1.337949988651369188e-02
1.364185517592510777e-01,1.356031968495474138e-01
2.667143621098195735e-03,1.518762027509800968e-03
3.563429898970118387e-02,3.359563940789173780e-02
2.438846516817957388e-01,2.609294893616295186e-01
1.351407829301324963e-02,9.905892468273787277e-03
1.728102730995142696e-04,1.922095009183770790e-04
3.292322481387423005e-01,3.273558491695643391e-01
3.625108699322268646e-02,3.329014383282447032e-02
1.586399712770983003e-02,1.843500072793871625e-02
3.882699932519344255e-02,4.127444586212949268e-02
1.130706509357644052e-01,1.114906576896793622e-01
4.545183339469321265e-02,4.242651635174716357e-02
5.449999304058554539e-02,5.745786028799034634e-02
4.370684097573748067e-02,4.393321192355573862e-02
3.149048808825564028e-03,4.431610449698753819e-03
5.043054220435449727e-05,2.821887629080448460e-04
6.900388204579543114e-04,1.244247650013886007e-03
8.676783748674342656e-01,8.998284043739603888e-01
1.122522698265365632e-01,1.031056178691048819e-01
7.687526418638607195e-02,7.555976876890002636e-02
5.942524409432442187e-03,5.811034250540549756e-03
7.815112117867534236e-02,8.136789568806304662e-02
9.547711781300055600e-02,9.194284278686527812e-02
2.341769584203023252e-03,8.958427499507665192e-04
2.948676589487876382e-03,6.011594669609821029e-03
1.806174507775901161e-01,1.666366744457095372e-01
5.733487194478183169e-02,4.518112307929331162e-02
2.151149760816238772e-03,3.007446533846029006e-03
2.379669302992340474e-03,1.550341688865027306e-03
4.987813611571752454e-04,2.479465797828308768e-04
1.154849068019805219e-02,1.358635052987418670e-02
1.037159551128430043e-02,1.161137026775609614e-02
9.398447432344161123e-06,5.428267113408590699e-05
3.137016760714145605e-04,1.374266231003053293e-04
2.518073393252696079e-01,2.523403258423692619e-01
3.575802059065193161e-02,4.185514609795498026e-02
1.914121184860728686e-01,2.008047384825748793e-01
1.098889826894327848e-01,1.043984317579418203e-01
2.046673877731018387e-01,2.119605747938245743e-01
1.537051664056299782e-01,1.582455610294213610e-01
6.534722398727504933e-02,7.110446874761487679e-02
1.036168620319705552e-01,1.060238307447776557e-01
8.756295738801250783e-02,9.000978182353290558e-02
6.693571992377720520e-03,5.513649584541000480e-03
4.667733976451537981e-02,4.340286716354681273e-02
1.747905884054090364e-01,1.783061168567744159e-01
9.210567599816199547e-02,9.240454841612266712e-02
3.294615140103214490e-02,4.348875160045961169e-02
7.696226687756703433e-02,8.143049600113216879e-02
1.985916697950017851e-01,2.027446210293092910e-01
1.611705921584355786e-02,1.258712833378064500e-02
2.019414387964547399e-03,8.425179422057267262e-04
3.261716705086351725e-02,3.362997261069673033e-02
3.325359639096282902e-04,1.156214030498856044e-04
1.404328058722207895e-01,1.384592496596183386e-01
4.505157824503473740e-02,4.267037258020076052e-02
1.751439945644030129e-03,1.683552743600244365e-03
5.411840791856994265e-03,5.441244769036208441e-03
7.684562847990838996e-02,7.780474929713354637e-02
9.894353468220032886e-04,1.184693794730886605e-04
3.993185106810109158e-02,3.925444614464695253e-02
1.465576625629110160e-04,3.013021766655619850e-08
4.566679689808205919e-03,4.143700299533277683e-03
4.058079112653327665e-03,2.807893282655925683e-03
9.850067470075465903e-02,9.180468144190552515e-02
2.906603421577704793e-01,2.998041767293060933e-01
6.462840073643803807e-02,6.373638253666444320e-02
2.703665056435471947e-01,2.627318282704783070e-01
1.500835369063362873e-02,1.472756658857203582e-02
1.929677943527348784e-03,2.958355729935449509e-03
4.712415536947970329e-01,4.645048789102434461e-01
2.534686554608829856e-01,2.619271725614231716e-01
3.489588522548536104e-02,3.864508489945215480e-02
3.123801691501167446e-02,3.651389623867636741e-02
8.168290713176021636e-03,1.128271068443039045e-02
9.539499856514910281e-02,8.751422658633604967e-02
6.877300930758240005e-02,6.290422367373368906e-02
2.290251962379861173e-01,2.124771217942503232e-01
5.552627517639127826e-03,7.657740004118005102e-03
4.737894136384231958e-01,4.502702925128063693e-01
8.772900537752179040e-02,9.396595615695875481e-02
2.314850568950217735e-02,2.038186087704175684e-02
9.685597577464728769e-02,1.016867377974684933e-01
2.383752449920664793e-03,3.857247566389877987e-03
6.198040404889094690e-01,5.865498743765247269e-01
3.980976377807352029e-03,2.893250685959367421e-03
1.887159386266394623e-01,1.967260580646124635e-01
1.070466771636075301e-02,1.137021889365800661e-02
3.642767692885844066e-03,3.549724155142363561e-03
2.149065215703693452e-02,1.934067747814018079e-02
9.188812409802155079e-03,1.023492676722512727e-02
6.249619670467521093e-02,6.642017365428212750e-02
3.824820831989494811e-04,3.245498447958474115e-04
4.149412776268284753e-01,4.079579021429489694e-01
1.444772998369491523e-01,1.323868863267160245e-01
4.451432407780821915e-02,3.743208970281477338e-02
9.363237880530368706e-02,9.241661243757574862e-02
6.797567545628974139e-01,7.184767017034701109e-01
2.160887327234003730e-01,2.223818100000176379e-01
7.091242799713766767e-03,7.501345041861553695e-03
5.972606259199691049e-05,5.692594326292312870e-04
1.467298350249494343e-01,1.432672869946160221e-01
9.988968020557522027e-05,1.692628382084135060e-04
2.038870391790296305e-02,1.669441052964983074e-02
7.829727868234081720e-03,1.035936291837629558e-02
4.066054352356067714e-01,4.056200005795575492e-01
1.292922722071244146e-01,1.242913375760073824e-01
2.475404617268425755e-02,2.844053405518861752e-02
1.764943749948469798e-03,1.223551096900563333e-03
1.599014354995362806e-04,2.023602400606451250e-06
1.702395340178078365e-02,2.014811980815561440e-02
1.903233826620142483e-02,2.284036551449428881e-02
1.570355812537928969e-02,1.721438114133724828e-02
1.881184699270375266e-02,2.012681209494536494e-02
2.024693030885893474e-02,2.110076356648000681e-02
3.541088880955486906e-02,3.883930030614667767e-02
6.235562568388639676e-02,6.655080827382009456e-02
3.102696012022665081e-02,2.807764392159914010e-02
8.896602914170931298e-02,8.769682548065028949e-02
6.110191633839152925e-02,5.853357454720090752e-02
9.710205181509916350e-02,1.089573069151805740e-01
5.130713342559221901e-02,4.309374645895405753e-02
1.142507811649373234e-01,1.177427366843709078e-01
2.051532400738120820e-02,1.774907247866452931e-02
2.394451953325379273e-02,2.101270326917710138e-02
6.231141874122294450e-03,7.079900479839212717e-03
3.627695973788613339e-03,5.541422036130980860e-03
5.511888074589673531e-02,5.413314066652230583e-02
8.120813931723808513e-03,9.274314157587747187e-03
3.122754043399219269e-03,4.758653462674007455e-03
5.823191531021383593e-02,6.123996232626807007e-02
6.406905587498495924e-02,7.380882569372827773e-02
2.215219564180908251e-05,4.503389328062174109e-05
2.589292835526699754e-01,2.433917069867063132e-01
7.340300242099109806e-02,8.229733528829663580e-02
2.392911288014568094e-01,2.190444137498418486e-01
8.583949322370271542e-03,7.518884207820903699e-03
1.317403741125489913e-01,1.290540839418557739e-01
1.502445392765163748e-03,5.136314843139100101e-04
1.184705922373819557e-03,5.098606205642523294e-04
6.721265315574737054e-02,6.154853968566447592e-02
4.223325846451917581e-02,4.445105383601888338e-02
3.010826998599248905e-02,3.464247257224722237e-02
1.769380730511825595e-01,1.911427350346599219e-01
9.496499453705608065e-03,9.369150069942653800e-03
2.360896664677315515e-01,2.532340278400737055e-01
4.243345218887496079e-02,4.357496235479002555e-02
4.613570365087188985e-01,4.561686505742322817e-01
6.566091697484806311e-02,6.914911949607994990e-02
1.133678268380270901e-02,9.146257907199041234e-03
6.360713909509430920e-03,1.016072045496060894e-02
1.393257326666821894e-02,1.513969160824729134e-02
9.599932346523601737e-03,9.956813882955965408e-03
1.352399531219468654e-01,1.290858085707955183e-01
1.429424520780357977e-01,1.439796224471356911e-01
2.811254425759856512e-01,2.860816730691638221e-01
3.213500837268639665e-01,3.284828325424175022e-01
2.522064516394039169e-01,2.545716986402675186e-01
2.139695625289782244e-03,1.920074915241867883e-03
5.547792807100068377e-03,5.105740425476143138e-03
2.045282953796204520e-02,1.826897297620779306e-02
1.090875958939010598e-01,1.101227894716763772e-01
2.563171457205230125e-02,2.440087654909813691e-02
8.151364842408434508e-02,7.894156000712580779e-02
4.128728488795324440e-03,3.862678692871876658e-03
5.945928124229966916e-02,5.727387582849680081e-02
7.416836593814515356e-03,6.733532328322500669e-03
8.924396220682385972e-02,8.509185700980272105e-02
4.855552178465054325e-03,6.181857434549018968e-03
6.114310836353342715e-02,6.467232014067129942e-02
1.368887601156533809e-02,6.680975613987769068e-03
1.788615841163193262e-03,2.281240579889232036e-03
8.477556468812992574e-02,9.038001262928871404e-02
3.508410733253125580e-01,3.429489862396207789e-01
2.346248877702759583e-01,2.373087949314446332e-01
1.386680496644321914e-01,1.444745968419750559e-01
3.320604362022281930e-01,3.442337677806261986e-01
1.411304132497880337e-01,1.394488660889728615e-01
4.778423476505024199e-03,2.884883581937965676e-03
2.167367046934388572e-02,2.003123858634557955e-02
3.367172091421517521e-01,3.538261560213637469e-01
8.064184438177594838e-02,7.716437557485400500e-02
2.922860719323205382e-03,1.836354580005041502e-03
3.719487848102506766e-02,3.663382988137520169e-02
1.610967184652095034e-04,3.561306601325629458e-04
3.930702352613481970e-02,4.167154884597441128e-02
6.594499823923184734e-02,7.653344436922863980e-02
6.336848859648405718e-02,5.468033381247553587e-02
2.767806734760798037e-03,2.513388768474267808e-03
2.124882548639877855e-01,2.181108831640537205e-01
6.652267249710686059e-02,6.537207115465391849e-02
4.219465907291015255e-02,4.755349923454915001e-02
1.885290467083680296e-02,1.237642272377513508e-02
8.192207223990976006e-01,8.143700469805004172e-01
4.200195631407506180e-01,4.231806596099421669e-01
2.818672679016681246e-04,4.329658674465960522e-04
1.008590871899545660e-01,9.388124729396792045e-02
2.622957723986682130e-02,2.379468809466405571e-02
3.549425396464925969e-02,3.182668682096238821e-02
2.820254671287038550e-01,2.920313224417524500e-01
1.146417626658380838e-02,8.402147863316099599e-03
7.894875131000159488e-03,7.972190157186847398e-03
8.914812618632364516e-02,8.808919751427383982e-02
2.561678586425561802e-02,2.834437030347846526e-02
2.487627347028933122e-01,2.401916079439598006e-01
2.365760975492851512e-02,2.043364199797170419e-02
1.687998716468879778e-01,1.811119218353862692e-01
7.823258357958929460e-03,7.469019081536834928e-03
1.144570669075270775e-01,1.054985045888004597e-01
4.621085623104487748e-03,4.242186710039579436e-03
3.315850582549700887e-02,2.324796306264436188e-02
4.057613715326478521e-01,3.958815184560826594e-01
7.643713471793714409e-02,7.066106324054322041e-02
1.018984165103811214e-02,1.285046532326858046e-02
1.146413487311229162e-01,1.076063184015790958e-01
4.589960969593359641e-02,3.784112238711293680e-02
1.682067666547219786e-02,2.090202579900236543e-02
2.121338054705924426e-04,6.502224540261683559e-05
2.055608918881337288e-01,1.871512028717134957e-01
2.308721232540895518e-03,2.173074061398510941e-03
2.668266494780290321e-01,2.781110445375282736e-01
8.373191169219083851e-02,7.568034038651036410e-02
8.011801507492360974e-02,7.955938614792910923e-02
9.583436144727233708e-02,9.308933198660915287e-02
1.677981502752766974e-01,1.666031067039190905e-01
3.598364246538587018e-03,3.955068174435623883e-03
9.077993006506575313e-02,8.640683268470970846e-02
1.059658248892132726e-02,9.505925684930532568e-03
1.702273463754907790e-01,1.725050504373369098e-01
1.950505501659167418e-01,1.889899536421454640e-01
1.389024767599427168e-01,1.324885296761627862e-01
1.323938857061880414e-01,1.223124680099784145e-01
1.937663654095884702e-01,1.799751512536129638e-01
6.142575212102513449e-03,9.078662454222553163e-03
3.502409996691882295e-04,1.467629779270373787e-04
3.226537082891258660e-04,2.462366339049429061e-04
1.417944686297510914e-01,1.510076810966092531e-01
3.629144442386631614e-02,4.661207968252048528e-02
1.800079982093953992e-02,2.278677747217358607e-02
6.698989364457130780e-02,5.973758643415949532e-02
2.999634991860138447e-02,3.135178062194885623e-02
3.758796043628539474e-01,3.770113292713238029e-01
1.907590456550140035e-01,1.822430575881196224e-01
1.516024684706136078e-02,1.814596189149697211e-02
1.609565390991381587e-02,1.930820665838111488e-02
1.300263189337426406e-01,1.335175343587800267e-01
2.442755393794788024e-02,2.563411354529362626e-02
5.529703370774173912e-03,7.208664625028812604e-03
1.361128344011964912e-02,8.931682272132621808e-03
8.314724581143088933e-02,7.614802573439569122e-02
3.314418994702755025e-03,4.025982481124717322e-03
1.020599169073026502e-01,1.078257066122915164e-01
1.993672764551058900e-03,1.154884604928692110e-03
8.163163926555638827e-03,7.728975840212775998e-03
9.309898123335880182e-02,8.681231098218275544e-02
3.392989344695139520e-03,2.233328767921842137e-03
1.044398433033343586e-02,1.096040491674175887e-02
2.531997887033030081e-01,2.330436688109440158e-01
5.554474741973997043e-02,4.577192248952152015e-02
1.015864651307005553e-02,1.164709631593223264e-02
3.397625942393641546e-02,3.717522976176847876e-02
3.538531514017376114e-03,3.466010849973047512e-03
8.630783132402226887e-02,7.112435641300843270e-02
2.651862209011280475e-02,2.106334011668203887e-02
1.053559407002203734e-02,9.321195493399202572e-03
2.248478581794998224e-02,1.903770995785072917e-02
2.663519290772892179e-01,2.589766622223491632e-01
4.918215672530478616e-02,4.725039766653767181e-02
7.597338633944831221e-01,7.718911747615156971e-01
6.326013552289133646e-02,5.525034604993328546e-02
3.754320381384117916e-02,3.977588353524189740e-02
1.874155044632699052e-01,1.810958560273223661e-01
9.521643920817458862e-02,9.279453969165500637e-02
9.078069949614796241e-02,7.908245410956296628e-02
9.515872528435569480e-03,1.417614297921791257e-02
3.764746992357233535e-01,3.781500632108943938e-01
5.058159074705678715e-02,4.365967337147694249e-02
4.883921658854147209e-05,6.021458788714631569e-05
5.001483377025746080e-01,4.970861587700268203e-01
1.639324444367766254e-01,1.618203671154158085e-01
2.336822191317459441e-01,2.492584517184855131e-01
3.265647319359318151e-02,3.779145318562041750e-02
4.724093191774750983e-03,5.748585755393736778e-03
5.878171059947688050e-03,4.569488053670360712e-03
2.908287803051670117e-01,2.991221601345810388e-01
4.264404793437917562e-02,3.908255473539378605e-02
1.078414949985576771e-01,1.064044006917640450e-01
1.098253295481839724e-03,1.849929942337622153e-03
2.233565342431283185e-02,1.797534607692594794e-02
1.748954582537636318e-02,2.096148644399279531e-02
2.754799816461898573e-02,2.696851553331477275e-02
6.127800046890463648e-01,6.224258179361207288e-01
2.805961684171860981e-01,2.973425529597553130e-01
2.762323497203365494e-02,2.825477880103909739e-02
5.848769739464756284e-02,6.318990110479066891e-02
1.215222892835378724e-04,7.537649204058524200e-04
5.154392032545412894e-02,6.160523844556586859e-02
7.378610478269198407e-03,5.294166473478818108e-03
5.476295043272776109e-02,4.988961784170411334e-02
7.785243599856749193e-03,7.006382212155604951e-03
1.908531492332910806e-01,1.968732944049777223e-01
2.762803571216192883e-02,3.456604530642761602e-02
4.689776440504420801e-02,4.779645324124584538e-02
8.119993793681273830e-02,7.729588613125497332e-02
2.986447791374056623e-02,2.814369772616572007e-02
9.193445138276426509e-02,9.250801263065328017e-02
2.565950567708547014e-01,2.695545074701389265e-01
8.668541498697808836e-03,7.274819374928699275e-03
9.055800358078365531e-02,8.651965873629048620e-02
3.957874558479914651e-01,4.368497181281502106e-01
1.352342271616833276e-03,1.306824588658967974e-03
2.299576646667096658e-01,2.195231407548788038e-01
1.704295286777688656e-01,1.833054159657291626e-01
1.449816479595766594e-01,1.592865630866537874e-01
2.523482719352532363e-04,4.073810422078121235e-04
2.533961376689905162e-02,3.612082236976744271e-02
8.518792928545590101e-03,8.254801319332340931e-03
6.854744679249217924e-03,6.493846863386601095e-03
7.221350737570840506e-02,6.371106981830726435e-02
4.658982064790270665e-06,3.378841157759889945e-04
4.129400948294260042e-03,4.886413149889265103e-03
1.506599944563580540e-01,1.525216700268094139e-01
1.001370325013282991e-01,9.640890638565538517e-02
7.265119118339893878e-02,6.512881417988784782e-02
1.017256756992611783e-01,1.036161820048151772e-01
2.371768655435466389e-01,2.430325697228335469e-01
7.079630580961671082e-01,6.905306785621903032e-01
4.139456974628775987e-02,3.984049222108341365e-02
9.244547282081584660e-02,9.362851279587017239e-02
1.290278018419726003e-01,1.249629540606172207e-01
1.087549514638132819e-01,1.046221822062357032e-01
4.543302287488525937e-01,4.485441495585437699e-01
3.962676894429156653e-03,7.727963296509971977e-03
2.226745674360813138e-02,2.404175958169735283e-02
2.185545791938204360e-03,3.732323929339234538e-03
2.021847286729412940e-01,1.979326340176313093e-01
3.579777456633915222e-01,3.396044644106088195e-01
1.636288139589777979e-01,1.693342171582184474e-01
1.487151885230037808e-02,1.370703304792391698e-02
1.005898192129733998e-01,8.885074446533364201e-02
7.610399344316948200e-02,7.189602203482774179e-02
2.171582877749561047e-01,2.151062105420018800e-01
3.934796697371573809e-02,4.108249276256500243e-02
1.631647876265848035e-02,1.388296992513823706e-02
6.010977906076341373e-03,5.313797043493549352e-03
2.337758296585257332e-03,1.852380320217934893e-03
3.624082425574284283e-01,3.460766841127937976e-01
4.659390848938623516e-04,5.617632961032378034e-04
3.689285435630095672e-02,3.679735644940028416e-02
2.774810437819629676e-04,2.850210026431615625e-04
5.137662095533119810e-01,5.192712386401213687e-01
1.181492189201358844e-01,1.234077100168909230e-01
1.417716572604699188e-02,2.101116342732216313e-02
1.462095824505745337e-02,1.419334066079843727e-02
8.371705565104771690e-04,4.641410369672051219e-04
9.791657008446381927e-02,1.178141009494188263e-01
1.369319319379236066e-01,1.288734712691992634e-01
1.954043094973969066e-02,2.153702087354059450e-02
1.117233227008804924e-01,1.106060854386670955e-01
1.427970294618441938e-01,1.493761345851395417e-01
1.205713811451411127e-01,1.120185903657983650e-01
3.388800994268436062e-01,3.574193384729488776e-01
1.193244418193584525e-02,1.376907438441369105e-02
5.905977607253485966e-03,7.776987115810879078e-03
9.096089409373920307e-04,1.293425633612127349e-03
2.559074211629386308e-01,2.538347590087629557e-01
2.826631886540105498e-02,3.280539384763974525e-02
1.582730916564291934e-01,1.656135098907285941e-01
2.335432839556883244e-01,2.281233267528589292e-01
3.635246062868465605e-02,3.138661889445598652e-02
2.395718916170936144e-02,2.344613028440043281e-02
6.138335908598265174e-03,7.109171912064020729e-03
4.617722610377272829e-02,4.068685525037927381e-02
2.099643140050083939e-03,1.291682588428236201e-03
2.925721395376622291e-02,2.970487003155816361e-02
5.485801673651044888e-03,6.945457933067770116e-03
3.792095807495001088e-03,2.083000134629425012e-03
3.623953261867379760e-01,3.491021353993034038e-01
1.354790827377156393e-01,1.252055790588601780e-01
1.748467035890068078e-01,1.888812958066457548e-01
3.290838294866492257e-03,4.280656364713349669e-03
3.398226575178663229e-03,3.346651450324641692e-03
8.064320880385819623e-03,6.680833033318299245e-03
1.648725410213510920e-02,1.440437434627081688e-02
8.239198362929002484e-02,7.780982111220029196e-02
9.569158814100854615e-02,7.911718934873832043e-02
1.273715756636141228e-01,1.297093408851562324e-01
2.128580682778166699e-02,2.077443216689697780e-02
1.584721853872416569e-02,9.939471231960655614e-03
3.563440252394211027e-01,3.744165689373835093e-01
9.327725591793109561e-03,8.453640892357236827e-03
2.670229424210276287e-02,2.913573026287009579e-02
7.206152711109534495e-03,6.905467638716459265e-03
7.701581915650658472e-02,8.052521788864913654e-02
3.626396537298058609e-02,3.672206893411579520e-02
6.734557080950390184e-02,7.392135561198429072e-02
3.227826549230498887e-02,3.450643353867487162e-02
1.968428942747319291e-02,1.862033766653004713e-02
1.697721849392180848e-02,1.514886564608277676e-02
3.114247017688959729e-01,3.054602579149023334e-01
7.696300781567035065e-02,8.499809652242371061e-02
3.524398170763791416e-02,3.679990387855706924e-02
3.390030781417848610e-02,3.813171800099913328e-02
5.011251236259370301e-02,4.412973618601946646e-02
2.809081786526638688e-03,3.455384321021098305e-03
1.088623199619600385e-02,9.622365503036627021e-03
7.581741587780292668e-04,2.535201809819781060e-03
5.287225499629841785e-01,5.214816904543656539e-01
6.179995350172350077e-03,6.040197635883766403e-03
4.260120088486043372e-02,4.197337401718347766e-02
1.441543648367319130e-01,1.485548837085333418e-01
5.436249838375020738e-02,4.649429585078993649e-02
4.039155855981957366e-02,3.954454691399979238e-02
8.724494884439512599e-02,9.150398794156407167e-02
1.457270304616753165e-01,1.488722775096389117e-01
1.769522088392788683e-01,1.736961835665307152e-01
1.656360010226951614e-03,3.446149024903305026e-03
9.710971491928736821e-02,1.014430376914241677e-01
8.723908935227937464e-03,7.309014017181452404e-03
1.698358065426482100e-01,1.810626478649179083e-01
1.418710351176478458e-02,1.420117323784403189e-02
3.684304180523188203e-03,1.774450611593228217e-03
1.098865444085673701e-03,1.894131777221734307e-03
1.775056101090847702e-02,2.040334572238456864e-02
1.305656569013085438e-02,9.279337471044377464e-03
1.505851481737292960e-03,1.662334640836412485e-03
1.833773186993207377e-02,1.872419381530206900e-02
1.906524613851007591e-02,1.810163365010103095e-02
7.997604779054050608e-03,7.707591026831241837e-03
1.802920871039611055e-03,1.378386870589999938e-03
2.566537495518346756e-01,2.701321207497766608e-01
3.593755902401408065e-03,3.312645095649518600e-03
4.938597813491365368e-02,4.828628610580686792e-02
1.452310231021316546e-02,1.287130747036140110e-02
1.108869159240319889e-02,1.075621855905680574e-02
7.528119575823909171e-04,3.394488563217686549e-04
6.948249895516878105e-02,7.011929364727388647e-02
7.123297136211981240e-02,7.915998359816199537e-02
3.895609280352561599e-01,3.818817846994339571e-01
2.384893396878589450e-02,2.263196924394775614e-02
1.770562551519350714e-01,1.728970452020919257e-01
2.032911964322363652e-01,2.138672225666453097e-01
3.335620420728918623e-02,3.076002905744688182e-02
5.784243027687775707e-02,5.960985766165222827e-02
1.886078777894722724e-01,2.057221370183545117e-01
1.706410123062645501e-01,1.663924227554179069e-01
1.596835823263705392e-02,1.477109708777203829e-02
1.028641669805191589e-01,1.081367118393329052e-01
2.360597989931465662e-02,2.864191148042331131e-02
1.323835001923666377e-02,1.441430061897911764e-02
4.197075308590783593e-02,3.796807236945046876e-02
1.050824047685017942e-01,9.104029400145463580e-02
3.043631169914140467e-04,6.065564519998317260e-04
7.088339367030076395e-03,2.809942580661943176e-03
6.382023903055480951e-02,6.698276882215961625e-02
4.765087925416820747e-04,6.145632146321933567e-04
1.480753294730236848e-02,1.161116048048628849e-02
8.741634065993056368e-02,8.839258804427728433e-02
2.064570753050469498e-02,2.184530184275877002e-02
2.339757835490291962e-05,4.075605085447534215e-05
1.194478040179877860e-02,1.322147972245954831e-02
3.823591366394610280e-01,3.719525799006555555e-01
1.986001614629781531e-01,1.923251436468944586e-01
3.899077218838751246e-01,3.862137476786541845e-01
1.909104854498041562e-03,1.935179812767081481e-03
6.362388374018384911e-03,6.721881089936251018e-03
2.457822966164119882e-01,2.432797834934750936e-01
4.542881751304671950e-02,5.367338275025174132e-02
2.704833431287093082e-02,2.451349418660498866e-02
1.591823582098597922e-01,1.638486258265445528e-01
1.938260202328818682e-01,1.840926980268177693e-01
4.070183556561399185e-02,3.980574627029940388e-02
4.125159194747764907e-02,4.002384243254514945e-02
4.494560833271675493e-02,4.312524491176673858e-02
1.005901236685117529e-02,6.335469811601671976e-03
2.763292685122109571e-01,2.828732095792413359e-01
6.114949699022725882e-05,3.126084979874537903e-05
3.488257886396913809e-01,3.394824233757413601e-01
9.905778581353675769e-03,1.030571217042407055e-02
4.749011772596787445e-02,5.388105668345104932e-02
5.855277627408777413e-02,6.678906866354433758e-02
1.636081393519841359e-02,1.610151453896488394e-02
1.952311697092610487e-01,1.933588175213243332e-01
4.067791911189700370e-03,2.517384381053416800e-03
1.666645248051645267e-01,1.654998262130387976e-01
2.639823173717392168e-01,2.492843250973846014e-01
7.258772135111488978e-03,8.695463116343019050e-03
1.209943953225107449e-01,1.211871618040789578e-01
7.485459002263944971e-03,9.113782638478286693e-03
4.111031125278790527e-02,4.237586865728470292e-02
9.792926730673907638e-04,5.315921199681795847e-05
2.209012404732947632e-01,2.165703928896232644e-01
1.731130901398584675e-03,1.629430969747535816e-03
1.139334927332818354e-01,1.145133951302505781e-01
7.738189704778742906e-01,7.529774256731274207e-01
2.929239510162721660e-01,2.985358794457667053e-01
1.087101693572573718e-02,1.349075276194514061e-02
2.224209928828514427e-01,2.165069963803570585e-01
1.187789222380202098e-01,1.118634901573608426e-01
2.371415011398471384e-02,2.290311650508761523e-02
6.222367000791089765e-03,3.400423964348841741e-03
3.366125924586653717e-01,3.291892902994370540e-01
1.260382500580986553e-01,1.346040674551285399e-01
2.444424342124456445e-02,2.628690094911362296e-02
7.562166857014621969e-03,7.648709775717924854e-03
6.523856471574491665e-04,7.557735841413140709e-05
9.352251007550220875e-04,2.444289269640040861e-03
3.317937641418921557e-01,3.213620741569127026e-01
1.312234548114439292e-01,1.216775381040262338e-01
5.983417976933547155e-02,6.045541320470865926e-02
4.389957459621119523e-02,4.252376722787979541e-02
3.783349723915111970e-04,2.731086548956657544e-05
1.229978018201234174e-01,1.106527391031480734e-01
4.640718149874708404e-02,4.783929038982718401e-02
2.482585961137446368e-02,2.865232945537522086e-02
1.148497972115647831e-01,1.142861688577998108e-01
2.076717226041188968e-01,2.214443147503725173e-01
7.054940521615156446e-03,1.009731492498974585e-02
2.193586471411109254e-02,2.563863672330524840e-02
9.287943366106582443e-03,8.501381607963411080e-03
1.932209551254627719e-02,2.028967797558707195e-02
1.108831090078587212e-01,1.085381586786856034e-01
1.937693995009858450e-01,1.796548341069329757e-01
2.528950450850210308e-01,2.616023469042484950e-01
6.235623188689284890e-02,6.447275594444147606e-02
3.022124957594493275e-02,3.805732521016228637e-02
1.344706276552103119e-01,1.354602166049443390e-01
1.384165913545327281e-02,1.737774738177562395e-02
6.060099500897110636e-02,7.047292821885753344e-02
7.886164019340927492e-03,7.461833844849496966e-03
1.396301788114127362e-01,1.359081344815868675e-01
9.039159351959409269e-03,4.924064557168937421e-03
2.026847955761244477e-02,1.983705932507097078e-02
8.394060817827238082e-06,2.542160926459180031e-05
3.782257440627340844e-02,3.665903469329084147e-02
2.577262589764827555e-02,3.020825724464509116e-02
1.109842366317920909e-02,6.586804611563005889e-03
4.129503439771358190e-04,1.354140952236993834e-04
4.073287187972416540e-02,3.423796595343332749e-02
1.209350305129655440e-01,1.137791303443535795e-01
2.662417403506001644e-06,4.262356278177638282e-05
3.330960415563440358e-01,3.325177118372213969e-01
1.315929384570273253e-02,1.016974834650085334e-02
2.253922055127291214e-05,1.335687402766278622e-05
1.932599510803043596e-01,2.021930654139833805e-01
2.864757316226358361e-02,3.099375887709747077e-02
3.694419666121047862e-04,1.164506613014155978e-03
5.219009981511622126e-02,5.047548671224728195e-02
1.792936695489732446e-01,1.786875117511671773e-01
1.542198098280950225e-01,1.493941338083699666e-01
3.364677746663143343e-01,3.260611991736344639e-01
2.672272708329392343e-01,2.736377843316245007e-01
6.246857601883581577e-04,3.817144697344719258e-04
2.408768566581658277e-01,2.332779787383540138e-01
6.394715955538494284e-03,5.075729985140804180e-03
2.467193293016089195e-01,2.523033304856573400e-01
7.741898939099944865e-02,8.258410349889053204e-02
7.013181534892184987e-02,7.270534908293092846e-02
5.567972541736281034e-02,5.328098885297684328e-02
1.387695567422156384e-01,1.441810609821454203e-01
6.494999585026899379e-06,4.144459401499248300e-06
3.713924264309610007e-02,4.053640503015465413e-02
2.284402268892200220e-03,2.765821553529268333e-03
5.280644891099312314e-04,1.018814630530334589e-03
7.254328104043533329e-03,7.773275110176886341e-03
2.516838709695826681e-01,2.673008642114325095e-01
2.039547042874427230e-01,2.023945085501934471e-01
1.492246923365134759e-01,1.578120744388764041e-01
4.049511739614571337e-01,4.230220955602331245e-01
1.127516460732606723e-01,1.205513434980757248e-01
3.680936488418475039e-02,3.968760413243594548e-02
4.060753961021704717e-01,4.055913440363596023e-01
2.875023281443970114e-03,1.697943472145957899e-03
1.453383234766498777e-01,1.340801277138208847e-01
2.499275651556697939e-02,2.771402401520829326e-02
2.838080570836640226e-02,2.222322458487254945e-02
5.019419312031746239e-02,4.806946504438051881e-02
7.440804211537324631e-02,7.079251220201392136e-02
2.662482773195510438e-02,3.166022993405202823e-02
2.197604697044298894e-01,2.219613619763311230e-01
4.724227401706169310e-03,4.736947101857371528e-03
1.392054047783462779e-04,1.046212927761529850e-04
2.202596595960646664e-01,2.278454680682636957e-01
4.845547157471188221e-02,5.712053837920185589e-02
1.571783301327864257e-01,1.602473556499528218e-01
3.225039285133251502e-03,3.749531809069522274e-03
3.121470648781443091e-01,3.171281537696066244e-01
5.073655819368417565e-03,4.613187050915537775e-03
5.313982437203580433e-01,5.412368767964992333e-01
1.598794325648927594e-01,1.592005301089895464e-01
4.428504370778751920e-01,4.408864577301980225e-01
2.264258385392219769e-02,2.392992534795109622e-02
5.286648767219605249e-03,4.883904686956037737e-03
9.313941775449911809e-02,9.679036699202626937e-02
4.122565142313181497e-01,4.060908673789496159e-01
1.255471869535278173e-03,1.996350653601388758e-03
6.693677785617416914e-03,5.428807469277529066e-03
2.867533934774720537e-03,4.410548005876434134e-03
1.589889063792417068e-02,2.029356377427619582e-02
1.521316461593398908e-02,1.180762318874138336e-02
1.661451053434234715e-01,1.662521590982001807e-01
1.324872269894958599e-01,1.282740320133800849e-01
4.123333134140156897e-01,4.277827747753524257e-01
5.463081910935236457e-02,6.173655924941356260e-02
5.705959073019100766e-06,2.650296223224914041e-04
2.836969851156429250e-04,8.722832360049182551e-04
2.591304324586174348e-03,1.940480423832292032e-03
4.867683318215933891e-03,6.164365666782111071e-03
1.882428049630943401e-01,1.838241273664510678e-01
4.075275357475707620e-03,5.475799799952343026e-03
5.391080615970180161e-04,4.047037162543574919e-04
5.195242064507973878e-02,5.277203699183746766e-02
6.637967246378903216e-03,4.614723810807387638e-03
4.676944246571592724e-03,3.811263981138337739e-03
1.118574419513714419e-01,1.053693551347822804e-01
2.966338777112563496e-02,2.588502677103010630e-02
1.941997937618927805e-01,1.877734086720320439e-01
3.145997731655489002e-03,2.873701464676659337e-03
4.747914964447753211e-02,5.193388689332111702e-02
5.023414754378958957e-02,4.950730232592658736e-02
3.304833194310829655e-03,2.557334474353445061e-03
5.782227492635267502e-02,5.543788706519109377e-02
1.614976479095245887e-01,1.615951575188690204e-01
3.531947692061699479e-02,3.961839941220459543e-02
1.412077704612676836e-02,1.148416969039906671e-02
3.370186738008802696e-02,3.719354913280122771e-02
2.885574984552344291e-01,3.087988694620832364e-01
1.989659094588615840e-01,1.946612275764487421e-01
2.541823726077760762e-02,2.561491609799079402e-02
3.028294205820363655e-02,2.750863966770059413e-02
9.236539658956745280e-02,1.029793918449622703e-01
2.584191353400385194e-01,2.579941729649444793e-01
1.440879544823587266e-01,1.361591937648050921e-01
1.211760823754440101e-02,1.684295193177037450e-02
1.514135058369135700e-02,1.132476197241384479e-02
6.075623441447951939e-02,5.340297828531524738e-02
2.855315242679687393e-01,2.837085526042676942e-01
1.049231018088715578e-01,9.451802972085826537e-02
3.019680938957227181e-02,3.295657343683062318e-02
1.448411085704279970e-03,6.757691234598872795e-04
1.965624763259650866e-04,4.696232644250063724e-05
3.198074851423164389e-01,2.902725694431130266e-01
7.582377363934487968e-02,7.928381070704135225e-02
8.155628878708132135e-03,6.863150864000011446e-03
3.379330835352088863e-06,5.918368867606156036e-06
1.640773076876389253e-04,7.315431640001028579e-04
4.151885000777116169e-02,4.488940718233791483e-02
1.180409016312833348e-01,1.172197954677382803e-01
1.170367390718515255e-01,1.027162821137632270e-01
2.924960884754333745e-02,3.042447304599495486e-02
2.113307533110506814e-02,2.258017487320321259e-02
1.921516921255786436e-01,1.728064375795473895e-01
4.319129626854137610e-04,2.912030056766027664e-04
4.353977795684941393e-02,3.693838355284746744e-02
1.635613699189918113e-01,1.544407999929108266e-01
2.767353767499765652e-02,2.909582433803482512e-02
1.109076142930116998e-01,1.106859680003637048e-01
9.600069001556481296e-02,1.029965129440878618e-01
2.527787967734663674e-02,2.282947280183840813e-02
2.196988796534139556e-05,2.153379025361550395e-04
3.902104218836313643e-02,3.865363991880035877e-02
1.316830066294857882e-01,1.345154864677494955e-01
1.608253243511793482e-02,1.228460661324970449e-02
4.278628908522473864e-03,3.284329165506419661e-03
1.821621696410739843e-02,2.264874495459423889e-02
1.431567323312546783e-02,1.854029634199399687e-02
1.562110540427110936e-02,1.357194410693369525e-02
5.162127447913627404e-02,4.781702157008909521e-02
1.165445770017785321e-02,1.321519255465292836e-02
2.208946155204398465e-02,2.805789901793524430e-02
1.844880652577196925e-02,2.186630580719969505e-02
1.111345255719127900e+00,1.070942392725476422e+00
1.476605758110042244e-01,1.476984122649386277e-01
1.041424464332748353e-04,1.213142654227455881e-04
1.502250008033504114e-01,1.532947083038325997e-01
1.013809680205554897e-01,9.880550845675380167e-02
3.522767345022273511e-01,3.626851371719592709e-01
5.909234287812945539e-03,8.138926969865250063e-03
1.605819374782646858e-01,1.452213044981698065e-01
2.991316349045896814e-02,2.803876317624365636e-02
3.245306253370567901e-03,2.852303794614846622e-03
3.252548633160635971e-02,2.775698278832059232e-02
2.240680997678931585e-01,2.261983889624298583e-01
6.769414846426520527e-02,6.454874501235205453e-02
1.061255720401698271e-01,1.085183259882515072e-01
4.110736904310404172e-01,3.735681122913256380e-01
1.273245717083199557e-01,1.215161378868613168e-01
2.111197841181539081e-02,2.062009402442823228e-02
2.471221324561284280e-02,1.529289425722883504e-02
1.939826662275744365e-02,1.498173607852788455e-02
2.135823802414164169e-02,1.956641161078744376e-02
7.297658506118161539e-03,4.400400842255189696e-03
5.576629724097599550e-02,5.255119452501980093e-02
1.604842516133566654e-01,1.547839982019488803e-01
6.340167393400794431e-04,6.880288612324725241e-04
5.318090794824411292e-03,4.282568338256232537e-03
1.517168589895871722e-02,1.417141841735392385e-02
2.461725231484913901e-01,2.697394172993293204e-01
5.633788797817043670e-02,5.112080202027421277e-02
6.824773207158291296e-04,4.671193889099351784e-04
2.008208306548837363e-01,2.035824077454784498e-01
5.861142659517158682e-02,6.165523746459273396e-02
2.104029489752558702e-03,2.182307432289832053e-03
2.897715098241326025e-03,4.177666206641199829e-03
8.049102402251408217e-02,8.763350660161059458e-02
8.388444490395083331e-02,6.949010101752570168e-02
8.405337671157440960e-02,7.438939071367189904e-02
8.943771378763025748e-01,8.642753735775240420e-01
5.592063006264864633e-01,5.710527206528860367e-01
5.518998674223408313e-02,6.274370205477297624e-02
3.280602787231295253e-02,2.975272747023388273e-02
2.182729456640451482e-01,2.181750729239701203e-01
6.837964897347498239e-02,6.224807850904681000e-02
4.509047705149267504e-03,6.118944488671785621e-03
3.213484971715550430e-03,2.111019248564578212e-03
3.237915767477305695e-01,3.314522528885424091e-01
2.636698076230055143e-01,2.634081312365286198e-01
5.028675343347428425e-03,4.434292834782223650e-03
1.676525551053294483e-01,1.597986637390946540e-01
2.100108125944705889e-03,3.976738851200110891e-03
7.443110971234335931e-07,2.975809014688121008e-05
1.471429249373222836e-01,1.480440246375723523e-01
2.179489890150791420e-01,2.077533604493949637e-01
1.553993700554177626e-01,1.585964881394317516e-01
8.941631100494834257e-04,6.660663249244979951e-04
8.265445581698645239e-02,9.110186679091182571e-02
1.897085624884791433e-01,2.037479328986147031e-01
1.239669869388351081e-01,1.341041042947943296e-01
3.973213299045577108e-03,3.087721162965315590e-03
2.472299294665194352e-02,2.796235733782572938e-02
1.477712640270815725e-01,1.579107298445700802e-01
6.044387790091763080e-01,5.981223247520539577e-01
2.032338538880363449e-02,2.049090307349069398e-02
9.370274932742880813e-02,1.097616489012062102e-01
4.366577879698502890e-02,3.934291592022973183e-02
1.840247817949056119e-01,1.820163698130594920e-01
2.646604267541817490e-02,3.057651190965975790e-02
7.553808331203239711e-05,2.998530819918671705e-05
9.995099857702670343e-02,9.836268131916130197e-02
3.844816762755365325e-02,3.818248595778406945e-02
5.802872580951703302e-02,5.442588172191987345e-02
3.171523227248040921e-02,3.038372019670777455e-02
3.430864523132930444e-01,3.266092006063543440e-01
7.520431333487664731e-04,7.612112526016756066e-04
5.953123004362344088e-03,5.964856084490373182e-03
4.607225716200048001e-04,1.596121185921283347e-04
1.788622361232636293e-01,1.753770977424088662e-01
5.652182136237965393e-02,5.725559990645090469e-02
7.491752438835936299e-03,7.744636185905814235e-03
2.657950081303039891e-01,2.657266724034719196e-01
1.069806047116699105e-01,1.043145447109361384e-01
7.847081586499445038e-02,8.920176787430081355e-02
2.568340407681637405e-01,2.536028850460479989e-01
2.467239321926518736e-01,2.477026712665476582e-01
9.105826431992784797e-02,9.287620033424179300e-02
2.619792745736063133e-02,3.379128310609445102e-02
6.794533900747363742e-01,6.883253422801841603e-01
7.381329864239670989e-03,8.762555293183694333e-03
1.072038698380583521e-01,1.073571409576496577e-01
2.276918465843309411e-02,2.102693103644078659e-02
4.011155316109678987e-02,4.558454557531930323e-02
1.019249814075635792e-05,1.525165882588835279e-04
7.221330482948664642e-01,7.533723251655560782e-01
7.876610119611214544e-02,7.258446689564528043e-02
1.995220922005385977e-01,2.110480797137835596e-01
3.257824428567453190e-02,3.077031330222263286e-02
1.843570364167448905e-02,1.882545063390474518e-02
1.966376322745686227e-03,3.228717043807103216e-03
1.717667229450083599e-01,1.688226520601883718e-01
2.182542170839599401e-03,3.086324147110867857e-03
2.818612934947880471e-04,3.539828204859538367e-04
9.718019090679341776e-02,9.925695436909987013e-02
4.485304748347636317e-02,3.987981414693696214e-02
3.620514256832018350e-03,4.585238033474238299e-03
1.321972301048104648e-01,1.433298882262722396e-01
2.861096697186384097e-02,3.115364480690314963e-02
2.770320519501259839e-05,6.806987938795114529e-05
3.506083813768963789e-03,1.405558176562139152e-03
6.483661512261275350e-02,6.025237270087726443e-02
1.132639976051172392e-02,1.431973605716347145e-02
4.915278228833678820e-01,5.086745418260898433e-01
1.098937038210546918e-01,9.589020038150807002e-02
1.616196496235550728e-01,1.765997781226616714e-01
2.590451766215279283e-01,2.732523744647006314e-01
3.292277953002483055e-03,1.594816205589222281e-03
5.913594325025257024e-03,5.315172977243824877e-03
2.024321665889797662e-03,1.288631765230382684e-03
1.952299868630524848e-02,1.511628154030496274e-02
1.970605516119955727e-02,1.757198312691551217e-02
4.313948656945164051e-01,4.381149698057450470e-01
1.642029871428788562e-02,2.219358355737597807e-02
5.178427775395733935e-03,5.852498802265858162e-03
2.809436806184535951e-01,2.589294993339468220e-01
8.246320158696573976e-02,8.186988969457911769e-02
1.263566301530507641e-01,1.285162987527212475e-01
3.108232154517605317e-02,2.784662819585387306e-02
6.610477380736426434e-02,6.670870443300173924e-02
1.973894116321483691e-02,2.007090342470007130e-02
2.359768993822298697e-03,1.630629924595656524e-03
1.944339704564054892e-03,7.605953813693016761e-04
8.001285211416510057e-01,8.041698077354464402e-01
4.426537787756608389e-02,5.562718486557526737e-02
4.294923459983901633e-04,7.672324003354213235e-06
6.340157536471358046e-01,6.417490607774672950e-01
3.207495696874347879e-01,3.048738058350633495e-01
8.828631818490133287e-03,1.100018592778874600e-02
3.133643016830181972e-03,2.983933925164283969e-03
2.132664486774445492e-02,2.005556243591158014e-02
3.873805629035649139e-06,1.629709348700361004e-06
1.206551711672349259e-01,1.260734873109928822e-01
9.240200086622362557e-03,6.247593600509046205e-03
1.270564268357693705e-01,1.288252382131463702e-01
5.539799366176817452e-02,5.006718880154792384e-02
1.465746220931054000e-01,1.492260566784682496e-01
2.894970640698320643e-04,5.571299425525725159e-04
1.996875212885731443e-01,1.974276912100800252e-01
1.606541100420483259e-01,1.545279393475307295e-01
3.472502540409014293e-01,3.479354966978374653e-01
2.054679039164392009e-03,2.329179924738692536e-03
1.796238779815340775e-02,1.325028800682728422e-02
1.189372871520708863e-01,1.250114120900309989e-01
1.408718688680068165e-01,1.449982989949847589e-01
9.977565656938280556e-03,9.142521029405976593e-03
2.887557935351607319e-01,2.938180430306440716e-01
8.551434054390380513e-02,8.749277780990200037e-02
6.370750367491148647e-02,6.728178845737264879e-02
5.248571207680802729e-03,4.669549417694789616e-03
8.434540891435046706e-02,8.177546868664209434e-02
1.372828332216707581e-01,1.438358424789571710e-01
3.596193044481977436e-02,3.192192388653757040e-02
4.317751153246597584e-02,4.368699579141755579e-02
6.476973395493104690e-02,5.935357571248273123e-02
2.251330980546192503e-02,2.110942124849863807e-02
2.195919810126929494e-01,2.141792837143734196e-01
5.148091669663448777e-02,4.459812229330388511e-02
4.006045562147742597e-04,1.578133897273912949e-03
4.054695115363694813e-02,4.392052412279785767e-02
2.459044414202719506e-03,2.466086006918110328e-03
3.508177749343273187e-05,2.432852741809024143e-05
5.287894803525082857e-03,3.677402069465048485e-03
1.909548865453813624e-02,1.744437189460336032e-02
1.179044074498749872e-01,1.232700760437333426e-01
4.577755048503788504e-02,4.535905328692754757e-02
9.793017205956432158e-02,1.080079324108830785e-01
9.925378900008251237e-02,9.393316276736632386e-02
2.062862336654051540e-02,1.929565644927464310e-02
1.107098915420817870e-01,1.059704341872962363e-01
3.371134989765623563e-02,3.268494460747131680e-02
5.323391328129101381e-03,5.385883394016495809e-03
5.747941878286076146e-03,6.537125622816619859e-03
7.768594811685348989e-02,8.403761579354772360e-02
1.769037328981290513e-02,2.028790750391654824e-02
2.385448460487460745e-02,3.099583623215767733e-02
2.160514333839027787e-02,2.417612100198368585e-02
1.188722111928199876e-01,1.248573966620306064e-01
5.704070477674889200e-02,5.265871836947502022e-02
2.472672653657053549e-02,2.644993957472355217e-02
1.772021872541632015e-02,1.699289667809854298e-02
3.259908993177657727e-02,3.680733703740758644e-02
1.380109171020206874e-02,1.681124800606499312e-02
1.656844460162451016e-01,1.728641509993719960e-01
2.427851361909483530e-01,2.465592506133248152e-01
3.815453612859281453e-03,5.025536269047166209e-03
2.153329602238734236e-02,2.409761885701812087e-02
2.602124612015824789e-01,2.668745569218229918e-01
1.028702208661759834e-02,9.377824598372467776e-03
1.863111036890625558e-02,2.072289493961025977e-02
1.583817047188502136e-01,1.678762432044713926e-01
7.133112392677331236e-03,8.782074473102479892e-03
9.721932232297182674e-02,9.447296868895033173e-02
2.538589485887518191e-02,3.147485128273331406e-02
2.258980342214763348e-01,2.246129051874163896e-01
7.160644293076418032e-02,7.415818482560243563e-02
2.971542555804810304e-01,2.968549319979342793e-01
4.287267139074129041e-01,4.448179733774804134e-01
2.154875719433138326e-01,2.165806007640590225e-01
9.244927357622274855e-02,9.612113879614456180e-02
1.241099809437830742e-01,1.173412955004234093e-01
3.243772095665733435e-01,3.020852829321455379e-01
1.312890298780411587e-02,1.197582614921412214e-02
1.022443858655964488e-01,1.146286657978077550e-01
2.280065199559332123e-03,2.623221331095143723e-03
4.116325572739671507e-02,4.461101361645512103e-02
9.185125747186526773e-03,6.218108496413484940e-03
1.494390875172002253e-01,1.548446490125444663e-01
8.234166543743246837e-04,3.435030319509367255e-03
8.317749407393229544e-03,6.238326664096992442e-03
1.409655538690505723e-03,1.755936922161286393e-03
2.132928467608831424e-01,2.223144192609673442e-01
1.785732443757457044e-01,1.792088493818501105e-01
1.264718825393663648e-01,1.251822667623783969e-01
3.758294144522593416e-02,3.859972703556165813e-02
4.717011229394488941e-02,3.752039748891734805e-02
3.228213301291146808e-01,3.217444318703890360e-01
8.027266755549325425e-06,3.317062742787387305e-05
3.179031040368496437e-03,2.865888048108432631e-03
1.989400643603322916e-01,2.008536082368818920e-01
2.624432618767824632e-01,2.533744571158961234e-01
3.228796959325978128e-02,3.706329270223501088e-02
1.652210627340225738e-02,1.598239148423408890e-02
4.202509981506719755e-02,3.921584374424407632e-02
2.473795847809193843e-02,2.097142618291602742e-02
6.063278143502493639e-02,5.708100434806658019e-02
3.803475043373679559e-02,4.055370215699052872e-02
6.410159541806921546e-02,6.028494160875447205e-02
7.751951704047629899e-02,7.954585653165578696e-02
2.700220498680765439e-04,1.743858794088632780e-03
2.164303354565747795e-01,2.261502886561809200e-01
6.745241091709278658e-01,6.698103866823074126e-01
1.994849572378849800e-02,1.735891130679562480e-02
6.673155210309039687e-02,6.153242832161701786e-02
1.281142273780486451e-01,1.207133706369594023e-01
8.063660270430351995e-02,8.138435596999563093e-02
3.066274327262166755e-01,3.117766199337689281e-01
1.002798845658100894e-03,5.455676703781934438e-04
4.530899755775860682e-02,4.836910204989625095e-02
1.522295800917982667e-01,1.447851268414701298e-01
2.286973747341442820e-01,2.454872188919164644e-01
1.622612773458009111e-02,1.684558971203867564e-02
1.669597511155682795e-06,1.414228327267537790e-05
5.373262398112588906e-02,5.025611006948317583e-02
2.967577078243995858e-01,3.162505147157174679e-01
2.141949832880148466e-02,2.198024269965443908e-02
2.046648072378618247e-02,2.038927016067298287e-02
4.009015435245560536e-05,1.421838625897926243e-05
8.645571136400308221e-02,7.810743094221078708e-02
9.694140728037582005e-03,7.169618020342053560e-03
1.191152235804419750e-02,1.100025846661903915e-02
3.465877330719329113e-03,3.572327215202240717e-03
5.621796622809866265e-03,3.871711409496638324e-03
6.561527818149132107e-02,7.038421234431944951e-02
7.217375361280885249e-03,7.569108318432375693e-03
5.312675636590350088e-03,3.756766909831053304e-03
3.900349181941934612e-02,3.736709868406789398e-02
1.032324731869833229e-03,1.096195998597490617e-03
2.618703083513271856e-01,2.828904567341646858e-01
5.322431346914543310e-02,5.362031381044551903e-02
2.423580585323126813e-01,2.397880192436130931e-01
1.709571751636019491e-03,1.305498331117435976e-03
4.227453393482064059e-02,4.615723826016634307e-02
3.258118448485167185e-01,3.326384252663752705e-01
3.590006309379371596e-01,3.741607281887489589e-01
3.923765336932828057e-02,3.681299374593672430e-02
1.510755634261795044e-01,1.589208159414217114e-01
2.430144281978388332e-01,2.237674077698488528e-01
1.399231983877564922e-02,1.563149910054646013e-02
1.360204043005000703e-02,1.387321225461692932e-02
4.017207491158127780e-02,4.198844035030085270e-02
2.107719425071820363e-01,2.226702320094270660e-01
9.878140678441948985e-03,1.005776518803030289e-02
3.990997835010397926e-02,3.719432111445461486e-02
1.242771067600078293e-02,1.080583262494348371e-02
2.500089624989509929e-02,2.680498372302080046e-02
6.359321710430262953e-02,5.171238909481150337e-02
1.033121546875180770e-02,8.438441542931858844e-03
1.604963122426345673e-02,1.552363172643110405e-02
2.060594050759818885e-01,2.055328243448997783e-01
4.258269310739306451e-02,4.170515708137877142e-02
2.650296469393498278e-02,2.554740976356505155e-02
4.353433724498095153e-02,4.544134988162747829e-02
1.945711578153084542e-01,1.944782858444687734e-01
2.275010058112762468e-01,2.184650398314333664e-01
2.153739516713747137e-02,1.935231089194578563e-02
6.046419139456562369e-02,6.324621086567876194e-02
1.018162886277833995e-01,1.094068368384263773e-01
2.100872149247592635e-01,2.150710726510073889e-01
2.474650757372151070e-05,8.686906833489153553e-05
1.274814864399851679e-02,9.806162433889280619e-03
1.549938622813722795e-04,2.693252627152899529e-04
2.949338417703118997e-01,2.973823118024816470e-01
1.313826264501085916e-01,1.519267050739679936e-01
4.235784373136960296e-02,4.996866931419000069e-02
4.320092603320883906e-02,4.445444264126324069e-02
2.354740367658170741e-01,2.489283862971831129e-01
3.014739873546558313e-02,2.685002043695933205e-02
7.512557036666188404e-02,7.342465933032876757e-02
3.940915741955430124e-02,4.172076692423815070e-02
4.869481897205602539e-01,4.778942214948120881e-01
1.641116394866320438e-01,1.636842320911286175e-01
1.924243405796336945e-02,2.197896614815006075e-02
5.538768649063612326e-01,5.950883074816686324e-01
3.966943198803220272e-02,4.265778104281613831e-02
1.884843594227974817e-01,1.899227203550015175e-01
4.767065497979026956e-02,4.437400024018484795e-02
2.164723183434141482e-02,1.918615766472019091e-02
3.859540668677028941e-01,4.019528075760425145e-01
7.090610062429071039e-04,1.168683082779455170e-03
2.626624673335257731e-01,2.796050781372840244e-01
4.193782511992128446e-03,3.713209071281063384e-03
2.920416008278144404e-01,2.937468621790450540e-01
1.048640382585810799e-01,9.898180038122803004e-02
1.694330484532433623e-01,1.751211594075490208e-01
1.517643638439064302e-01,1.488795574344386197e-01
3.492158140063695757e-04,4.639122185185468169e-04
1.305512412894284935e-01,1.312736181937890489e-01
1.375426306552837707e-02,1.506872596684137068e-02
1.604221909619363839e-01,1.571262154212547668e-01
9.112078999036440918e-02,1.010471602393514107e-01
4.742332251180785517e-03,3.157450696484435677e-03
4.528785459550342674e-02,4.123064108886084767e-02
4.345809305958955177e-03,4.955212882741126361e-03
5.888030278949474457e-03,4.069224703168015760e-03
9.534860251892918886e-03,7.327636860827289010e-03
1.835786687042620657e-01,1.822315387093752792e-01
4.568458672424514089e-01,4.604799025839328985e-01
5.055079161021446476e-04,1.668402551117592408e-04
3.659181614892199614e-04,2.073451007789691553e-04
7.309221254585074323e-02,6.416261611577171731e-02
2.245749455090580160e-01,2.131666877709750829e-01
2.318391586059294629e-01,2.427719200568381475e-01
2.710197863256631062e-02,2.483287762013870748e-02
3.932970095794485754e-02,3.778224465291089157e-02
1.757949648132689502e-01,1.700150817638027001e-01
3.205790643271397844e-01,3.178188514047716740e-01
9.299083099391296237e-02,9.985956953362426503e-02
6.909366800613613718e-03,3.534179336192093401e-03
3.336028143897889695e-03,5.447493426591249605e-03
1.034255851214833655e-01,1.065455937246945067e-01
7.864072020870125451e-08,2.394914349054778993e-07
5.508266289089452233e-02,5.878993789908900508e-02
9.156868510989710219e-02,9.565663733024415416e-02
2.645570818801025459e-02,2.700177752688604632e-02
2.831686927437038898e-02,2.678991586256785143e-02
3.012121714408049628e-02,2.343826513136477996e-02
2.764598966224743881e-01,2.667929280649355972e-01
1.349943744685264402e-01,1.349812568197601426e-01
3.870893826709893176e-04,1.699072237591192202e-03
1.615244369267499966e-02,2.008020644773529997e-02
5.482648367295724773e-02,6.356836497702721134e-02
2.191391832206087201e-02,1.576624177706850358e-02
2.857123351726759131e-01,2.981400108674386318e-01
6.881295827805328225e-02,6.547101080975016585e-02
7.986036254549370994e-02,8.493897793996746381e-02
1.195819293152536490e-04,3.227214036994262530e-04
3.984161774927971189e-01,4.245995734691800361e-01
1.415076100393905245e-01,1.541681297696196606e-01
4.500389155505854326e-03,4.783197549874433629e-03
1.051031718230857198e-01,9.352362924965602897e-02
1.395575845692469293e-02,1.494494986583072213e-02
3.803719943958261060e-04,4.702097441022057658e-04
5.560121855497930209e-04,1.142874323438405909e-04
1.253897735080596997e-03,1.133291746006190228e-03
1.151606991499021584e-02,1.271879447731189341e-02
4.118353399541682669e-03,4.707947558022333723e-03
5.919199118140837596e-04,9.112168794125702831e-04
1.033758599972401659e-01,9.821094152936515886e-02
5.495163744884557638e-02,5.927952660184947209e-02
9.996438115513521516e-02,1.019478267629590762e-01
1.588345305065258228e-01,1.608121112385063056e-01
8.161773870549901902e-03,1.206605222857050873e-02
1.688702120877471069e-01,1.749726859292063119e-01
5.223772298675976103e-03,3.289847336821822860e-03
1.690998266166405806e-01,1.762153220053825076e-01
2.547215894151070859e-01,2.429124034353727923e-01
6.271861153218431795e-02,6.063393802249131964e-02
9.504410647239294740e-03,1.131266137755524391e-02
3.631283526668757644e-02,4.281600886065576456e-02
1.724569541273426919e-03,1.189149564700620488e-03
7.338390737714556300e-02,6.894652081501342900e-02
7.698679424710858088e-02,8.210844239438921943e-02
2.881715597161589679e-03,4.430501751647178410e-03
1.903225833119119859e-01,1.795988125803047730e-01
4.781282508976590628e-02,4.495846582775706729e-02
3.116734467267963729e-02,2.793262954796578434e-02
8.832818290523292148e-03,8.993632221613903979e-03
2.185836137320098030e-02,1.996322385631569760e-02
4.721651412473431425e-02,4.964885007326101662e-02
5.770677895128872859e-02,6.228066880893531887e-02
3.426671963798131465e-02,3.928783126292163808e-02
6.754823492213526091e-03,5.441574238493286989e-03
6.525229747629156946e-03,7.251170074053787766e-03
1.112749197630898551e-01,1.154852902888228589e-01
1.057191644780349632e-02,9.415789409321851516e-03
6.487651639532284742e-01,6.390138780691655418e-01
5.648688915837116881e-02,6.079337980503847494e-02
3.549840271165593392e-02,3.219693966675205021e-02
1.832779951379047683e-03,1.704192632864499511e-03
4.250121622385352391e-03,7.705918821975515400e-03
1.178860472472794546e-01,9.505812089524580399e-02
7.743514673346173216e-02,7.456166309700876238e-02
3.301174517765706473e-01,3.327110640368056704e-01
7.728540137750239056e-03,4.497873987840534521e-03
2.497291821071929291e-02,3.288298385685779063e-02
2.208754395986711402e-02,2.049501220726950013e-02
1.332480341306324367e-01,1.319899295872194733e-01
2.604192507354052485e-02,2.483330381167520376e-02
1.260829729427410395e-01,1.101252014367541804e-01
7.461750069684668085e-02,7.308779094125511522e-02
2.388646752569191511e-01,2.373858726528368379e-01
2.020944111017340932e-03,2.597372429757592929e-03
3.924836449083590750e-02,3.735412861464558476e-02
2.421015959714211546e-02,2.393330322384983749e-02
1.621039496453315640e-03,1.872703001778347085e-03
2.341281267550585354e-01,2.131021551301010286e-01
7.962419225574617065e-02,7.361729849078003929e-02
8.006526761996887384e-03,7.485725315449423892e-03
1.040674271263505174e-01,1.101766976521923735e-01
1.556279977350218668e-01,1.614701808186257970e-01
5.726000405466045301e-02,5.282368492416616990e-02
6.729142762035880687e-02,6.712275004419730740e-02
2.471945605726283968e-01,2.601405758499154008e-01
2.108472232175416239e-01,2.085908339279853863e-01
5.729355105484956745e-02,6.138453503307168824e-02
7.657065895153987445e-02,7.345186274027752649e-02
7.594781292109067938e-02,7.355412003229111484e-02
1.795153023780455825e-01,1.876011900146725142e-01
2.164270766369025545e-01,2.291570609267470637e-01
1.802715804440982172e-01,2.050205895989275773e-01
1.830909850470324729e-01,1.851350581871601120e-01
1.882562267489696906e-01,1.827414776124465789e-01
7.148777999835917440e-02,6.803950936979411002e-02
7.763242991813268379e-02,8.507043001011026229e-02
3.580389859423526496e-03,2.941702224298578874e-03
1.576706497507347803e-03,2.011960547614975638e-03
2.074489471700559085e-01,2.111782393673928004e-01
4.908335934956539054e-03,3.122256764454842647e-03
3.859355539967355628e-03,6.127939766065252682e-03
2.029365369675664721e-01,2.129600294495705426e-01
4.955258103961894143e-04,3.515964487561445214e-04
3.624742849537425371e-02,4.230862632789059857e-02
5.758995515461066885e-04,3.962903352348173792e-04
3.798509356813928317e-01,3.804849235753154368e-01
1.045653276540129545e-02,1.274403876511770624e-02
1.844708725310441055e-01,1.849474791331116585e-01
2.479808644660470504e-02,1.850387634881019844e-02
4.167095845787665426e-02,4.529996384169925755e-02
1.598899221573044094e-02,1.164785440533347774e-02
1.743289202165743679e-01,1.768825792563733512e-01
1.776606177585796781e-02,1.627300718160930998e-02
1.516284823884372912e-01,1.624222154580111099e-01
7.061493637478946650e-02,6.809726000915812538e-02
1.395510415598731346e-01,1.464162012815538039e-01
1.231977257142943122e-02,1.180361538422511347e-02
2.057245562950626647e-02,1.390503502971325925e-02
2.701455238658911906e-01,2.736359975100707276e-01
1.073238497370957861e-01,1.027182090571839707e-01
1.287813309043509338e-02,1.618428976252271612e-02
6.592262118884643918e-02,6.791189421686472105e-02
4.804196783113409697e-02,5.437936675146637366e-02
3.935212480852467304e-02,4.062886617692906821e-02
9.579780712775878837e-02,9.253685248864479407e-02
2.889407401809159989e-02,3.344855800241944288e-02
1.330059186097003882e-02,1.521653387885245692e-02
2.095165999892551964e-02,2.165166265834588336e-02
2.157148188035860111e-03,5.831164399639455435e-04
5.503642065318357229e-02,5.139714057697186700e-02
3.749318129968801788e-02,3.919670602289116595e-02
3.419201371117782957e-03,3.968512253559828944e-03
2.665809244391388333e-01,2.598263981694595715e-01
7.994338875713975431e-03,6.134359980137242888e-03
1.088225714537901234e-01,1.127793883858809465e-01
1.065200729335382263e-01,1.021861113159177326e-01
1.741892596228577887e-03,7.368421146512315733e-04
1.074375516506596018e-01,1.157531412327441334e-01
1.486134428612545045e-03,1.754376438339108266e-03
5.246378599350016297e-02,4.408089121130869675e-02
1.062577268285763987e-01,1.056790321587490061e-01
1.132693665248508778e-02,1.095567905026363295e-02
4.140770075465889932e-01,4.271739989517653879e-01
3.359037365951816206e-02,3.146151643529180447e-02
3.930141850987021318e-02,3.608529001738362829e-02
8.393179299953137940e-02,6.959926717932658768e-02
9.820118373857750216e-02,8.707787534129127205e-02
2.069581751066094691e-05,3.364769325472343224e-06
7.543328914216741732e-02,8.293725054903131055e-02
1.392535358539711459e-03,6.935925478759953676e-04
3.445195305373666139e-01,3.469928569435319909e-01
9.303354761905288650e-02,8.600279565710641783e-02
6.564005317109292137e-02,6.806364929718747292e-02
1.715482859195912035e-01,1.738511749991911437e-01
3.557019364478700152e-01,3.622227049274786004e-01
8.482763535624908424e-02,8.053288716070844400e-02
7.736085479650323983e-03,8.440779581585506133e-03
9.963526841772689380e-02,1.024103285871300478e-01
1.488799052729354033e-01,1.421327020595518631e-01
8.047843484065354824e-02,8.005163047083936612e-02
8.011840879704730176e-03,1.341586271538986429e-02
1.663486940059111545e-03,7.610291867950166097e-04
2.534935992755867895e-01,2.493629169596133510e-01
1.977172030043075068e-01,1.967898584404968731e-01
4.390553718849130559e-03,2.938345968829813009e-03
1.849315843793722103e-01,1.843625238909917807e-01
2.648778551029957670e-02,2.780731810245273480e-02
3.107819621800643820e-02,3.166693026386837445e-02
6.534692581880927054e-02,6.367220190430220028e-02
5.115189213748891350e-02,5.488886211643444896e-02
1.130576496637759366e-02,1.003037611855513676e-02
1.214887595987138025e-02,1.426008460446401803e-02
2.189105830506684041e-03,2.775267986389721303e-03
1.527822014441324594e-01,1.551259212407000709e-01
7.208373957607246141e-02,7.935837585707901376e-02
1.641090949733814105e-04,2.629233006134340783e-04
1.731860949672381633e-01,1.792684555544220015e-01
5.986551950724475907e-02,5.779955174667861934e-02
1.662584139975424938e-02,1.825945560279720534e-02
2.111668555855097387e-05,2.406761449008353229e-06
2.123171547040790356e-03,7.628244055329566620e-04
1.422504425035722997e-01,1.558941634929297548e-01
3.611101493760114634e-02,4.478090985872280883e-02
9.789481513122715028e-02,9.758674886248190627e-02
5.841138064119058212e-03,5.480064060589847144e-03
1.113138647157047856e-01,1.122508897052989230e-01
7.602494679866326158e-06,2.457918202178404586e-06
3.675749458345269338e-01,3.722594100199434486e-01
1.041533365035861129e-02,9.403094091122766313e-03
9.955259843563572797e-02,1.040476279623800682e-01
2.996933028337972135e-02,2.584766320072032914e-02
9.810119311955525778e-02,1.033942487845039837e-01
1.350479313280478037e-02,1.448015282391295483e-02
2.107530642307587077e-01,1.994384477917276188e-01
4.042529144664607985e-04,8.784469952902387467e-04
3.264174777488324519e-01,3.363829835643126764e-01
1.035696251067898394e-01,1.046634322300260267e-01
1.999975545101171162e-02,1.727235871672751916e-02
3.852629687319326741e-07,2.578000672534191948e-05
1.732151519463803468e-01,1.956027331364005861e-01
2.081717818400908963e-03,2.517651755006284579e-03
1.402933212472672053e-01,1.375440082262026076e-01
8.669408378774265400e-02,8.732923120133452566e-02
1.234020728908972249e-04,3.300834141559513590e-05
2.827964470998900232e-04,3.950077684212188072e-04
1.937001344230941668e-01,1.758717973592435757e-01
9.178413465978002561e-02,8.770494467503504865e-02
7.487397509049918340e-03,7.844151057585608752e-03
5.778941140489885896e-04,1.276714404905070607e-05
9.012105342971205024e-02,9.671234785611151907e-02
8.811374884449471850e-04,8.634412120144849094e-04
6.176602125819494584e-04,7.666692581942519905e-04
7.447594074296733091e-02,8.200085373570979719e-02
1.331546279280286516e-01,1.319765588638313891e-01
5.597472477850398143e-01,5.996562914187588689e-01
1.194444597625977517e-01,1.205983551527073511e-01
2.922181169839921898e-03,4.606359178645735332e-03
2.473800707082939032e-01,2.499655981625755197e-01
3.283718993768417523e-03,1.931340551357982414e-03
4.732659650564229881e-01,4.569234051916233330e-01
1.515441764172716643e-01,1.668122174629766974e-01
6.011643310397551954e-01,6.076250873065336400e-01
2.485354094044189052e-03,2.519342702468498237e-03
3.948712632726356780e-02,3.819575042409516924e-02
3.621522818194597426e-01,3.553798492617016302e-01
5.874399104504653135e-02,6.104868462918872085e-02
2.861190224092678984e-04,7.312437903614063322e-04
3.361249712217938019e-03,5.131732264375927360e-03
2.387004669119494396e-02,2.493257792847681370e-02
2.519658303270548849e-01,2.714134844444979211e-01
3.959381168858936914e-03,4.825162537972368937e-03
6.611460204928631956e-02,6.709256473521879593e-02
4.653998365048907931e-02,4.759770521281978667e-02
1.705970413568985711e-01,1.635638847633049953e-01
2.134344850370475388e-01,2.078513148067204774e-01
7.519855747148508629e-02,7.160937092156280381e-02
4.215903729536924494e-01,4.280451802718118204e-01
2.359777660369791474e-01,2.412016961641834378e-01
4.025109075891618011e-06,2.491108102146180649e-06
2.955713986647665048e-01,3.075143833818409500e-01
1.406731687100390351e-04,1.992022318565114423e-04
1.310743812952143948e-02,1.338752330455994337e-02
1.092109452819366340e-02,1.201712894765606145e-02
4.322441552902033619e-04,7.055965122197191798e-04
4.226547580358523404e-01,3.973162888958682859e-01
1.121950552484789060e-01,1.151295171966075920e-01
4.515826280209139787e-02,5.416060743023133617e-02
9.886681094814626924e-02,1.072119044180135788e-01
8.457905190497841397e-02,9.035908371256573535e-02
1.270345913222968304e-01,1.271851211541869531e-01
2.720183825703296264e-05,6.418526993296989338e-05
2.149276465848366097e-02,2.219201665931892081e-02
1.390950168429818702e-02,1.560557562312675332e-02
9.611003840216919558e-02,9.849692989708658253e-02
2.262378013975879232e-01,2.274134221921136068e-01
4.942447165086742440e-04,1.075841437900535320e-05
4.715286288605846643e-03,6.463895982766352556e-03
1.025422974487325001e-01,8.929430628168123774e-02
1.285094114559062750e-01,1.343424508749399282e-01
1.106435661764462869e-01,1.169630483665647230e-01
9.593125105161141170e-03,8.924497236844547432e-03
7.864211709688305810e-03,6.955994608447028070e-03
2.875063871191051862e-02,3.248706838422020515e-02
1.474290903091431126e-02,1.906592725222164275e-02
8.915137679585321889e-04,1.514316825125053007e-04
2.203693020178293105e-01,2.216899321570188763e-01
1.402048530872532506e-01,1.510104682187255742e-01
4.445220972677937366e-01,4.341976074280462505e-01
9.042614111188279971e-03,1.205014178943024025e-02
1.295400425178754034e-01,1.317969716885314668e-01
8.374151499180671008e-04,1.229429898675162263e-03
3.235504963803426809e-02,2.951134247561436330e-02
1.266538664542228316e-03,3.977251531767187907e-04
5.899484991260117717e-02,7.036473226073078346e-02
1.793403117432127436e-01,1.889525672149238167e-01
1.062994818113454920e-01,1.005046370477827855e-01
1.103114505899581710e-01,1.141239756630097746e-01
5.606843293707186203e-04,1.300697888803168181e-03
7.350599404984973703e-03,3.799532865070006510e-03
1.717956730100437764e-04,7.482576209561843958e-05
5.372536244191538080e-01,5.319641037901056135e-01
2.786317225434608094e-02,3.258696739286674054e-02
5.681771227303549637e-05,2.532952019831698272e-05
6.437780162602739498e-02,5.799110041186073677e-02
3.168971352642021427e-02,2.656524714794004233e-02
2.600456877646631013e-02,2.686926150809590755e-02
1.205162920889432943e-01,1.174116305787085701e-01
5.708438817215132077e-03,8.075839623236899176e-03
1.909844113479605698e-02,1.518029213515462682e-02
6.373910834662446789e-02,6.548822592115528807e-02
8.694927621376902921e-03,7.127605092204471020e-03
7.442814309281635746e-03,6.642528133080478035e-03
1.072460971086781484e-01,1.105262989578806865e-01
2.499866354514224814e-02,2.306654399375335229e-02
4.577237598142518127e-02,4.104663374860355318e-02
3.843046597861723979e-02,3.106862068785662748e-02
3.658697637565717567e-05,2.473829503948367812e-05
1.633986521321204380e-02,1.695310339781205128e-02
1.566246204399011693e-03,2.416226181565041698e-03
2.433961825801863044e-01,2.354289861660886496e-01
2.307309783965538058e-04,8.115053178908615463e-04
1.309281907590412464e-01,1.409827663267324283e-01
7.546440999717947407e-02,7.596488965653791503e-02
3.883500730844421239e-02,3.356334981104033832e-02
3.117459109829328820e-02,2.981382129434319295e-02
1.134609514130023459e-03,1.374549937903856009e-03
1.544783738572492737e-01,1.414586147603286159e-01
9.094209932683756936e-02,8.967698068993822103e-02
2.793468823800940304e-01,2.781014712116995358e-01
5.864871844114966906e-05,1.228965588542789585e-04
5.089699550023342239e-04,9.988226612305821286e-04
4.203917010623674233e-02,4.662333604715059032e-02
3.044074504281705784e-01,3.004267905164161867e-01
8.068610619345008006e-01,8.340727912451239012e-01
6.472893788880306962e-03,8.125502021199836750e-03
2.975847693472444266e-02,3.023490865334093128e-02
1.336028088934688074e-04,1.305855089838134882e-05
1.091245793553192664e-02,7.601435222507483928e-03
2.605679437699828238e-01,2.664486792922777236e-01
2.835607125584645085e-03,4.819444087207527642e-03
9.204081433073427188e-02,8.393772014091288591e-02
3.647161776642309644e-02,3.362129821077429470e-02
4.317309810853777428e-03,2.087401316034809013e-03
4.300549109599565156e-01,4.393046428234819722e-01
7.474581535604921632e-03,1.013771058413281273e-02
1.818404578272777850e-01,1.806335116329494395e-01
3.570153545207477297e-02,2.992118882940121571e-02
5.514961600125697049e-03,3.088953757344390511e-03
6.943738387275678187e-03,8.970422456754618967e-03
7.655766356112275739e-02,7.858130837146994063e-02
9.352376575476908233e-03,1.216104109950473869e-02
7.611902436178913378e-02,7.928251205730557638e-02
8.584042326060858930e-03,7.734564368813728885e-03
1.499976240534425624e-02,1.966054567390601929e-02
2.400890160481861102e-02,2.552344950167868831e-02
6.083951214796858020e-03,7.901034504392180288e-03
6.167826889888491232e-02,6.648287001819665198e-02
1.967782030797444459e-01,1.837581353341529167e-01
8.490181108740793570e-02,8.241397934128799618e-02
1.797744540785999046e-02,1.563628970925429532e-02
7.838806154417726768e-02,8.545815085933587685e-02
3.098765552827475456e-01,2.956169822068096531e-01
3.251377048898315258e-03,5.137241957647058731e-03
6.463028369759976979e-03,4.706784166895377174e-03
1.636249194902042181e-01,1.609693776682110389e-01
1.419662113668912831e-02,1.547284448984919368e-02
1.358274404586214601e-03,1.184818733851948852e-03
6.117805092197344669e-02,6.112732833411432115e-02
2.591661202138158954e-03,2.813514078635447578e-03
2.361672463756690071e-02,2.499117130172175474e-02
2.029661764391679779e-01,1.917417054483120942e-01
7.067764456072365975e-02,6.654593321189491983e-02
2.513024258796919264e-01,2.553246095323256082e-01
3.072542096401260636e-01,3.075732044189909420e-01
1.522344930094517990e-01,1.584058027247742806e-01
6.787609389847285013e-02,8.557918041628480299e-02
1.620384538337164490e-02,1.594402188554346414e-02
4.656487023890909516e-02,4.040214667270834725e-02
5.543349918963313971e-02,5.105248039495841050e-02
7.999240882345858234e-06,6.502294700592745427e-05
1.275247002400566564e-02,1.028660365178264181e-02
1.240077215675192690e-01,1.211422230184275584e-01
4.063934884394679314e-02,4.267998694301469026e-02
7.180832429581317233e-02,6.509015101318514629e-02
8.062878077396419887e-03,9.286499176782281664e-03
2.519858446554967268e-01,2.614811404085061186e-01
2.097785249021522913e-01,2.068333788390993855e-01
9.231760983574418405e-03,1.080204184301692197e-02
4.230355508626783279e-02,3.304286549939808998e-02
9.092843198271768554e-03,8.016162948097014379e-03
1.968758283626413086e-01,2.041215191899598547e-01
1.742068237720841295e-01,1.869131686480935972e-01
2.773759926895959498e-04,3.349559391679267036e-04
1.023265785087646984e-01,1.004460483455205805e-01
1.720833550034087805e-02,1.949833499652320334e-02
1.154289729602617004e-03,1.044087170442147125e-03
1.901187321614064840e-01,1.909358384090255600e-01
1.919406355826382138e-02,2.257104805136396497e-02
4.517507489358871253e-01,4.351522832859799350e-01
7.690459127861902500e-02,7.771159221428955433e-02
2.443379360785402719e-03,1.197113963891774423e-03
8.622313977694442966e-02,8.426762771823427534e-02
2.977064451243023324e-01,3.240257042411975874e-01
2.350540014925163023e-03,1.830968976136087200e-03
4.449881789414866090e-02,4.666195841505620112e-02
2.421355927170055003e-02,2.246090975413892604e-02
1.107337475130494714e-01,9.966389101106187809e-02
1.710309598410860166e-01,1.706914850930714433e-01
8.005982997014866875e-02,7.654547718773978271e-02
1.112897546719987876e-02,1.072423199655025798e-02
1.017722268751401482e-01,1.101230815884790687e-01
4.224576452201649242e-03,5.480665432626995008e-03
1.278015067191235398e-03,6.628851912036206381e-04
4.035380860499365036e-02,3.549134337459608490e-02
1.703053761123496379e-01,1.733305783955050305e-01
3.125467004750916156e-02,2.380535858247464706e-02
3.939243985816737528e-03,2.902721047109949222e-03
4.543098538208427233e-03,4.251446817445895567e-03
4.282644753979715632e-04,4.033729325536953301e-04
5.511277391988766289e-02,5.848571805386022088e-02
9.785732232792721842e-04,5.031815772280883586e-04
3.124307868934166899e-01,2.884729337864032073e-01
4.328350569948722498e-02,4.115003078099639666e-02
1.127741148620704653e-01,1.134995137029818774e-01
1.193975737351478036e-02,1.263911233291985757e-02
1.596660054796779360e-01,1.716805554497709552e-01
4.220100661681855381e-01,4.114510246937748139e-01
2.489157827674697357e-02,3.007896455727267215e-02
6.099441688325852630e-03,6.654587485024019214e-03
1.474803149140467562e-02,1.324511703687083868e-02
3.105569145482516696e-02,3.195116286982544601e-02
2.698497343151301520e-02,2.288024216890986035e-02
3.094951159207634875e-02,2.722620843372067917e-02
3.086872695986761853e-02,3.802964412494485441e-02
7.054068392638765395e-02,6.835484370819902566e-02
2.123330911061970319e-02,2.277680405865911001e-02
3.232378329008132531e-03,2.339367187565812023e-03
1.217365376747322619e-01,1.250701443815054326e-01
4.052614240377754723e-02,4.351791361865117030e-02
3.704830839965272786e-03,4.474946178250726291e-03
1.179034634195313541e-01,1.237458517468530972e-01
4.514002374757724667e-04,6.953153730884959220e-04
6.609811043781614603e-02,7.476024303277734040e-02
3.063429375008559254e-03,3.554133371254778340e-03
1.675605047734008909e-02,2.119938296100520869e-02
2.686792021151046539e-01,2.736062219614545654e-01
1.046604586501494530e-02,1.064198517652256530e-02
6.931811574019883238e-02,7.211306515370405346e-02
1.179633631148343381e-01,1.211628007563050197e-01
2.316487931556969193e-01,2.225201837958760975e-01
1.019146860283704076e-01,1.139026597750950193e-01
4.597293545212710608e-02,4.764839094119336510e-02
7.921310927300440410e-03,8.731836804028739185e-03
4.006615883829672264e-01,3.851603766296108344e-01
5.539600131003979966e-02,6.309126335464622370e-02
1.288356779635897453e-01,1.381606122002453640e-01
7.951575394287835330e-02,7.784583772982814343e-02
5.584969088949328642e-01,5.822285752541356274e-01
3.623636272134907188e-02,3.329634219911586229e-02
1.525265238039419597e-03,2.759682916519940084e-03
5.320663674557776224e-01,5.282101147861850698e-01
9.800837624592056985e-02,1.033562885830583977e-01
1.430495531367659556e-01,1.339158507648125218e-01
4.795805959435778948e-02,4.452100677127030642e-02
6.089206811360544508e-02,5.863320806490955606e-02
1.974403337171161225e-03,1.841072187584931116e-03
1.458831233265373284e-01,1.539057806061784883e-01
7.184793812177095841e-05,1.283649497069528192e-05
4.774489925473008592e-04,6.099777976526026511e-04
3.697455028760811540e-03,3.701643937266248241e-03
1.067375796151772945e-03,6.433923656958676941e-04
1.969057426078713591e-01,2.060641785926339564e-01
1.354243672504685733e-02,1.857503642984945774e-02
6.565139886506879408e-02,6.357861078292177670e-02
1.694567920657641310e-05,5.985231537628048928e-06
1.328122946192489100e-02,1.233485831913713054e-02
1.233782453758610204e-01,1.231571187954837859e-01
4.849244479985822392e-02,5.628999379653504276e-02
6.524582846543091827e-03,9.354579461060790260e-03
9.103921710664221456e-02,8.854664879763704533e-02
7.255461769221706325e-02,7.528337052078097613e-02
6.737986091138059574e-02,7.079925853005762659e-02
2.196852206245305389e-02,2.195398269354786186e-02
1.259298719246477738e-01,1.353670272187749157e-01
1.270740038903291069e-01,1.318093308916404305e-01
1.079526994516389520e-03,1.671825860471415305e-03
3.573862651369343578e-03,4.485967978146606673e-03
1.172889626607396124e-01,1.270270062294980018e-01
4.282569110175073017e-03,5.967454586848390703e-03
6.037421774637756998e-03,5.121335307792563435e-03
3.312423903490133853e-02,2.642025421419004483e-02
4.339228910278750823e-02,4.642537205831953617e-02
7.841992775872115573e-03,1.050440312666909605e-02
8.333237445302310933e-03,8.535888288354590361e-03
2.755961732611597603e-01,2.770062600662451802e-01
1.395098277164801958e-03,1.759423352262092085e-03
1.452597933038136306e-04,6.284922769571610075e-04
3.254768985131430425e-01,2.994610622100433162e-01
5.644515383427145842e-04,1.361698805248848882e-04
1.439423709198752463e-03,1.689284641991225687e-03
6.337312690434212525e-01,6.142912024233738721e-01
2.863428420945683395e-01,2.839928578037608231e-01
1.823610427052476182e-02,2.158351765542478040e-02
5.753059371592413734e-02,5.944341880015910351e-02
7.498459256742870740e-03,6.681635701525251089e-03
2.689136614447474871e-01,2.662402297770659620e-01
5.055350287123861917e-04,4.100583639484907937e-04
4.626904095195677989e-03,9.051767477723009214e-03
2.025080251643262066e-02,2.412630219637201465e-02
3.024007060275698926e-03,2.161248954542340298e-03
1.179633101763203143e-02,1.704984043101051214e-02
3.228778299567590104e-01,3.247374853212087742e-01
5.157265936749583122e-07,6.404134587244534108e-05
1.561032900031399107e-01,1.685148718375903132e-01
3.693579720842154468e-01,3.749137630281522138e-01
4.982899426782767599e-04,6.606636940828806070e-04
1.713876202511973590e-01,1.686437518721363715e-01
1.964529550716011003e-03,1.621216908078568046e-03
1.506308790035304213e-01,1.487093364982194355e-01
9.033244467984527168e-03,7.284451431242543358e-03
1.115293835050944980e-04,8.112287809843118003e-05
2.223154016091640969e-02,2.846141930456458011e-02
7.286804256379082745e-02,6.124624427259896253e-02
4.680152552216914619e-01,4.868082284603685306e-01
1.245366593679833253e-02,1.271052414503772050e-02
4.783112744283900264e-02,4.837398930335808089e-02
1.870769528053753405e-01,1.888203702311172238e-01
1.774759931035201910e-01,1.654072402367521843e-01
5.210964046793899879e-02,5.662196237984661040e-02
7.062468096068948153e-02,6.284986262636814425e-02
4.813128173679007832e-02,4.901710880978770585e-02
1.097179942189133346e-02,1.159839286593931755e-02
2.894877507480768733e-02,2.677775219316491304e-02
6.178961883525926208e-03,6.849570824916581362e-03
4.859807000073054772e-02,6.002191369551806988e-02
1.171381149102401244e-02,9.939480354779794621e-03
1.175904470623157600e-03,1.627239111704004929e-03
1.960637966261931028e-02,1.630330213219315094e-02
5.007084592689553873e-03,4.709775990851225967e-03
6.513990782912914938e-03,8.131939055867568739e-03
2.411837958972646301e-01,2.142287598317019481e-01
1.058256156532556835e-02,1.083285653338685907e-02
1.658647559236338109e-01,1.654057727484099516e-01
4.945128382925385591e-01,5.005656986073679926e-01
7.516712250638110659e-02,8.986787855197889141e-02
1.287337468333819498e-02,1.275239965440921192e-02
1.638920896884184242e-01,1.525261057382052421e-01
2.583859356616727016e-03,1.871755262436044804e-03
4.922153509443962134e-03,4.521665348019018350e-03
3.193536744670270877e-02,2.710864445864553246e-02
1.549556052028769858e-03,1.282636315842665365e-03
3.245971275287949931e-01,3.330568194131923176e-01
1.135108267644181490e-01,1.180120561376037241e-01
4.034679194682397330e-02,3.647705934783294218e-02
7.885848401214376382e-04,6.533980025743762804e-04
1.113337895010504813e-01,1.066803912079603012e-01
1.838682210452180499e-02,1.975695877270976231e-02
9.735437992090516940e-03,1.163779221096684392e-02
1.415017339675816305e-02,1.401344166240090644e-02
7.854806774100343923e-04,5.423712190096968813e-05
5.360998549668127833e-02,5.107828906229701371e-02
1.008605549076720641e-02,7.019072164945355449e-03
2.291668219436584011e-02,2.562028422610929806e-02
6.215560899294003162e-03,6.346567508802362229e-03
9.419699103759507364e-02,9.012751853782648148e-02
1.250985558631239497e-05,1.748627013606171806e-05
7.975950187591433760e-02,7.744990677245522370e-02
1.376868736601694759e-02,1.347087435283120596e-02
5.750472909888967171e-02,5.876193561138569332e-02
7.143647358716839757e-02,8.001756218185354652e-02
7.449109645032073179e-02,7.810999872640418673e-02
5.951669741793857993e-02,6.263309572870397191e-02
1.385909151940558498e-02,1.346639114097965793e-02
5.241700603870341063e-03,6.321255397998049030e-03
3.756089257554111327e-02,4.030098358700102273e-02
3.427367308119288331e-02,3.026935591738703912e-02
4.005994152207024463e-03,2.781278253402646398e-03
1.418101477337614935e-01,1.370376965117595103e-01
4.653737227379410590e-02,4.004998343798494426e-02
1.957220438268496565e-01,1.984622322568815600e-01
3.934788576005620458e-02,3.440267124565522111e-02
7.548628599167039703e-03,6.064457022755938287e-03
1.746741838187879092e-01,1.657677350282553141e-01
1.422721405417005924e-01,1.391550876873760834e-01
5.285289475496680714e-06,8.319408638591753010e-07
7.544147206597477152e-03,6.392976282555018312e-03
1.366933387555261115e-01,1.448659341875953577e-01
2.161799828472802387e-01,2.038566390793817018e-01
2.400485815885977994e-02,2.223838430980611125e-02
9.802115882216547171e-02,1.125481431975019903e-01
8.454819796584034375e-02,7.975732570405195954e-02
1.183535396972670677e-02,1.180746226891498003e-02
3.315748167917228345e-02,3.078723152147612094e-02
8.319497440972813357e-05,5.452216787955981805e-06
4.555883817551852760e-03,6.442917146330990989e-03
1.616847579238761805e-03,1.621602288120933778e-03
7.812024697023800535e-02,8.567673323269028862e-02
1.452329833606346571e-02,1.686944666897605832e-02
1.351790130762839381e-01,1.371591896510111763e-01
2.450450020223629479e-03,2.418515078400320512e-03
5.334588080269919708e-02,6.563519460981845355e-02
8.182070687244927254e-02,8.408229101175304643e-02
7.109946524470386331e-01,6.819546280875762312e-01
4.356913301854276749e-02,4.126114714674952721e-02
1.195660100570189194e-03,1.213095914748075219e-03
4.262351085686825330e-02,3.975268406013042488e-02
2.331414902967245012e-06,1.020112462534022470e-03
4.792612577262438112e-02,4.802805338880304642e-02
6.065864372496599932e-01,6.043987699114302670e-01
3.270369655066463627e-02,3.783854922156619505e-02
2.326325335324527616e-07,3.648416741780977058e-05
8.507294243731806926e-02,9.053980548838966302e-02
2.329146290587336132e-01,2.258399269329580128e-01
4.174493958435259583e-02,3.922652248110061746e-02
2.280985859833769558e-01,2.240820454813716167e-01
3.292323051345892484e-04,4.468979107598078219e-04
6.095149094255806338e-02,5.755924900675169625e-02
9.150582198063655914e-02,8.046632478408399791e-02
1.354663655565477021e-01,1.359752710172100754e-01
3.459272583338000168e-02,3.682623505354466753e-02
5.373991504883296466e-02,5.466639553917759797e-02
1.894939755637125092e-02,2.229081146998198801e-02
2.296690710646652200e-01,2.253918293482669311e-01
1.424030795935317222e-02,1.196880425931732064e-02
1.640239876766091953e-02,1.794002015808643033e-02
2.003415031110900579e-01,1.851584759811616687e-01
1.330640193508298048e-02,1.068762859145270736e-02
8.519352541791316846e-02,8.384683516776160472e-02
2.822006409585627387e-02,2.692465834746029379e-02
5.147802067813883782e-03,5.325298772239516268e-03
2.558986820554313805e-03,2.319612000059880028e-03
2.982711605980517891e-02,3.046279076288872095e-02
2.848632814485264619e-01,2.685195778874179817e-01
2.942254549929444463e-01,2.939774604281769621e-01
1.702347583796579977e-03,1.774198221956641485e-03
4.435582227808899936e-02,4.382622683794816509e-02
1.140748311850179296e-02,1.463358949730080710e-02
1.753665496438028548e-01,1.669963739840173989e-01
4.343285411001592683e-02,3.694190540970471170e-02
2.004959935610612642e-01,2.027177209701929161e-01
2.615065782164605612e-01,2.550970633615429750e-01
3.422246944125930668e-01,3.401580937381675218e-01
6.268752101175070757e-02,6.138180363420014940e-02
5.754609011900525643e-03,6.056939342548355032e-03
2.122002010149023118e-03,1.496502996868657532e-03
1.430831399123719816e-01,1.339681796931892210e-01
1.342273694465044576e-01,1.424124015033704505e-01
3.999563070052288005e-03,4.993417298456192047e-03
2.687091328103637100e-02,2.301517307686652691e-02
3.334171394035115310e-02,3.449347031834746474e-02
1.844891577009607347e-02,1.873995538710167622e-02
2.331403179801533679e-02,2.384763667257833522e-02
3.098753705872286240e-02,2.848870561184163250e-02
1.070725180462359233e-01,1.110877271044942993e-01
1.343089015161274546e-01,1.324624084736649721e-01
4.619011140921406439e-02,4.032081098456993806e-02
2.922113305955613693e-01,3.034102002465600134e-01
2.497118684159976572e-07,8.193910502952851712e-06
1.167681778692978428e-01,1.202996377435710806e-01
3.909444964981002163e-02,3.738642158208205224e-02
4.080571010213677845e-03,4.120719903932772502e-03
6.079749164433359901e-03,5.668235412762470671e-03
4.445171978300535565e-02,4.798359313233268447e-02
3.765039700442572856e-01,3.842251614150754002e-01
1.491546196539459464e-03,2.559894253768736985e-03
2.282071993762962298e-02,2.075956190225818065e-02
3.405071031099635159e-02,3.474249709098223282e-02
4.767818553643745488e-03,3.668405468285737027e-03
3.025367617621370353e-02,3.267399961704735983e-02
6.968559493298619872e-03,9.079581203065602291e-03
2.175268779118029738e-01,2.298009460471190646e-01
9.394796746064576487e-02,8.688697355796552724e-02
9.030583187741142437e-02,8.546200537891582294e-02
4.269146579392932989e-02,4.929183951488305682e-02
3.862823408506181611e-02,4.440721200199716084e-02
1.316412892718789585e-01,1.244721245568944229e-01
4.101498563452679403e-06,9.148949248142981393e-05
3.017235805394106324e-02,2.608982890767479190e-02
6.300608720381731254e-02,5.548792012973997184e-02
8.916681018743598253e-02,9.374805387318363437e-02
2.674243116393708233e-04,3.741029500456409160e-04
9.192746770678722132e-03,1.002801084118912743e-02
4.311300119552565173e-08,1.604667918810442765e-04
3.931905341603360027e-01,4.149937977120777277e-01
1.202168385582459142e-01,1.103045959104533569e-01
5.090687408310120565e-01,5.086428928161292884e-01
2.915570011481491419e-01,2.928070207639404399e-01
1.190888714043514393e-03,1.173291393220979783e-03
2.725824084905472885e-02,2.672494359299863037e-02
1.543802277519692144e-02,1.917786987454575889e-02
2.029688765528827113e-02,1.963156687327245742e-02
1.017805484076571981e-02,1.273347964955320356e-02
3.420514337138511052e-02,3.190041402784510316e-02
1.878150746456190220e-02,1.368816980495509220e-02
3.249007430880848733e-03,2.063149874919750163e-03
1.611643695998634870e-02,1.297581623335908318e-02
2.988066239428225843e-02,2.735232165031841259e-02
4.554163222259978161e-01,4.573592711369010022e-01
3.879864334577193437e-03,4.155630945175580598e-03
1.581448526513699231e-03,1.502615245771897956e-03
1.493234504685865983e-03,9.680723863947042615e-04
6.924893129790315321e-03,7.379322594964168869e-03
3.079897855805344142e-01,3.184150577425710060e-01
3.574521413596156230e-03,2.296918630359823157e-03
6.890915948652592826e-02,7.813159085112006408e-02
2.085090161664186412e-02,2.387385458693897997e-02
3.103778512375721110e-02,3.360946417501305128e-02
4.159984057997813678e-01,4.376432657646228686e-01
1.510676765145212153e-02,1.483353224568489080e-02
2.919983046479654562e-04,1.457415786843975871e-04
1.390442894155918298e-02,9.618931693002095648e-03
3.332150064839495274e-02,2.563746864343694268e-02
1.605814926206824284e-02,1.968500284893473160e-02
3.169079059383356906e-02,3.505775986121947158e-02
2.122174839237297875e-04,1.307414021886286418e-03
4.373332002634494065e-01,4.397740107273416799e-01
9.502369207019467634e-02,8.994125702550254120e-02
1.225335291663934428e-01,1.210244959329581788e-01
1.851706059249021499e-02,2.978727657719598687e-02
1.681799225042878310e-03,7.328798460586437996e-04
3.139363352873412311e-02,3.578651339406447446e-02
6.247880549637775671e-02,6.183932055129316707e-02
6.066709457654238802e-02,6.597563622080890311e-02
8.707652301866574025e-04,1.711051236628504876e-03
5.429284659523732071e-01,5.648818186634663174e-01
6.323525032615676632e-03,7.175123809245067055e-03
3.326827179374676653e-03,2.660129306868804899e-03
1.443402631851571083e-01,1.400055496078961847e-01
1.585111958394240864e-02,1.881771553595296478e-02
1.112286342541524489e-02,8.889539258566447888e-03
1.023905073197045740e-01,9.949366716837267088e-02
7.521210748732258013e-03,8.168661302349377110e-03
1.801241005654218297e-01,1.687320489813079749e-01
5.724060807288645913e-02,5.700870768374992348e-02
1.222182676388523931e-01,1.174665555332733008e-01
3.408569414419762503e-08,2.019217634038212032e-04
8.076644206686616617e-03,8.886301287742006533e-03
1.805707528848431165e-01,1.902978210448850183e-01
1.204982478295438253e-01,1.137047191655777834e-01
1.197016468558051716e-01,1.226670962299761802e-01
4.123569211244652519e-03,5.058121411721274753e-03
2.149751651255260804e-04,3.973630163108999745e-04
2.337082270354442354e-02,2.769502158508890116e-02
3.023687624064950730e-01,3.037576677311192852e-01
4.585066369379482351e-03,3.881057751183574801e-03
1.436536493813853899e-01,1.462981214098584004e-01
4.197269827607978676e-03,6.794621088278291615e-03
5.659488483988875385e-02,5.505835011635418219e-02
9.375766385510172617e-06,9.887277513675070937e-05
7.202904263758135996e-06,4.823736299098186936e-06
8.619520250207167791e-03,9.577200074282858633e-03
5.738063781344081987e-02,5.699314442294911576e-02
2.863316041998528738e-02,2.738491330787442071e-02
1.517826092890019185e-01,1.547278904483963269e-01
2.780476043838893721e-06,1.774441852794287797e-05
3.697420637205731109e-02,4.138032152159461935e-02
1.482400710850678488e-03,1.254771219433335283e-04
1.965501669584113903e-02,2.253862876032109927e-02
3.696513355700695169e-01,3.805771945287448332e-01
4.964261704569749023e-01,5.174208833266210616e-01
8.041442185367307649e-02,7.731524071454584646e-02
1.061904964007244652e-04,3.688487228017018086e-04
2.401640644142307660e-03,2.168431543789682298e-03
1.148493011578522599e-02,9.786099294524839773e-03
2.345668851112438745e-03,2.344006653143664194e-03
1.456729415521193331e-02,8.703513938530877542e-03
2.006228316820526936e-02,1.864974676031722414e-02
4.273009427781640501e-01,4.412159150434528665e-01
7.970712643145945464e-02,8.540211680930905047e-02
1.214630278212569525e-02,9.696331722709384399e-03
6.964863218165170955e-02,6.722994897067390008e-02
3.182729926480966642e-01,2.960147785673252763e-01
2.415737345460360986e-06,1.148737184732161388e-04
4.366965881593165566e-02,4.387494228459519474e-02
2.382357498453208349e-07,8.288368903674305313e-05
4.796471610266381247e-02,3.857778716538608210e-02
2.628461941139391758e-02,2.740281959981164667e-02
1.306577226730613710e-02,1.487082883969053498e-02
3.619025229541553840e-02,4.315046341820229225e-02
5.666214188986375827e-02,5.296963283436664782e-02
3.219809601564402879e-01,3.126874506044897695e-01
3.324184575223606553e-01,3.293728736319057049e-01
2.878897648926469488e-01,2.910992989945622167e-01
5.248439227112423611e-01,5.264223433258133911e-01
1.178930340072897182e-02,1.097134918515235008e-02
4.384698759868974755e-02,4.838891234513471862e-02
5.572858482413779457e-01,5.301769379557699224e-01
1.251197944258299489e-04,8.879466264564806019e-05
1.345007325360297011e-02,1.362660831998960612e-02
7.329716633037655638e-02,7.711243932536054890e-02
1.826516258269364826e-02,1.749877351238309994e-02
1.463219719899975331e-03,1.639392747664162068e-03
9.702091286002708856e-03,1.243303327814248606e-02
1.146606603874060215e-01,1.245245009932025443e-01
9.754135508514902428e-04,4.039649975111251484e-03
1.193208533904687417e-02,1.064181780859481397e-02
4.270206687550473501e-02,5.191500546386920018e-02
1.325210109932325499e-02,1.521564751708026110e-02
4.634079683936342398e-01,4.480010633010546583e-01
1.298242371951520979e-01,1.277178882255422809e-01
1.700766550493435598e-03,7.359491876599679253e-04
4.274179912335508980e-01,4.256029985291244211e-01
1.887251069742026666e-01,2.095040070193475434e-01
1.887571597699214121e-02,1.683156091904857571e-02
3.307339178284404886e-03,3.460193426512760736e-03
1.644954297068037252e-01,1.543539061388472522e-01
1.658408207331720230e-01,1.852128351447365762e-01
2.286154821222155173e-02,1.962992196735565548e-02
2.780932545877619622e-01,2.814447377988757992e-01
1.374961517905697594e-01,1.423840596744961606e-01
9.239907843715167157e-02,9.805128024210761628e-02
1.940921314211697946e-01,1.849126829434302177e-01
2.139597001039433496e-02,2.111823543161308464e-02
1.913951086282432434e-02,1.863466816907282525e-02
1.433747109309276187e-02,1.024758279980563305e-02
1.231522942651586405e-01,1.111741260642299389e-01
3.968369771373437827e-01,3.783303971437215196e-01
1.382060017239391744e-02,9.939414660962797229e-03
2.542013314869644158e-02,2.674150700613340745e-02
1.862629901669247273e-02,2.534196855304581691e-02
2.943914160687833084e-02,2.539924534240368612e-02
1.767258340866388333e-01,1.604270227542055616e-01
6.770903390409339917e-02,6.499396781036713422e-02
2.346296383905061705e-03,1.796420222714948875e-03
6.342747641414170356e-02,7.211650896398302812e-02
2.680285360993787599e-02,3.024907297029853434e-02
5.083723577715048360e-05,1.757293203603983224e-05
1.145756270487377909e-01,1.029462139389734632e-01
1.496318671779190146e-01,1.528178664018462474e-01
9.904356946171354037e-02,1.035991650877056136e-01
4.003800218099030223e-02,4.195616105575827870e-02
1.098417489336698562e-02,1.186451266736997419e-02
1.416197677072933703e-01,1.425018575820485578e-01
1.937253310463410427e-02,1.996357392560032043e-02
4.287429384572266113e-03,2.769590795393820411e-03
3.078899052437044162e-02,3.781897046226574688e-02
2.570695817525424538e-03,4.854240606730730011e-03
9.395266339626518956e-03,9.730929084034004722e-03
4.708373926201532556e-02,4.850004677236320616e-02
8.348827051570872210e-03,7.729211684654315601e-03
9.952038726548927128e-02,1.104531510688066542e-01
3.983451438200895089e-01,4.141130159446754777e-01
5.714739723487153311e-01,5.481365977193931593e-01
1.652282455987641799e-02,1.818519192417862931e-02
3.660359418230731826e-02,3.432242771906864748e-02
2.315763477386930669e-01,2.313165384400472091e-01
1.741966731808702595e-01,1.777344930903627107e-01
1.753045171491578735e-01,1.721386578000622947e-01
1.118245256550067781e-03,3.157310774907588487e-04
1.423833749187908004e-01,1.345137743643557149e-01
2.772034291463479350e-01,2.698483934456278877e-01
8.689456479819694310e-03,9.945121099713401941e-03
6.678692139752577528e-02,5.975909143741431340e-02
5.747099148587471451e-02,5.917067624149553728e-02
1.820006625297779235e-01,1.762718897782836469e-01
3.529884986423758586e-01,3.692278881777815713e-01
1.087517789669876882e-02,1.441970452124873188e-02
1.729891680348278893e-01,1.641992245777732229e-01
2.196927150152219455e-01,2.291962942651980251e-01
6.980265099292622122e-02,6.877812588055529086e-02
1.466750442085166251e-01,1.571067971948207076e-01
1.229066715030221676e-02,1.069181640541751709e-02
1.420077702897658278e-01,1.370993412899600139e-01
7.015468427559043256e-03,5.962138373478090975e-03
5.791517825250071120e-04,1.756128142298742697e-03
3.409649458767452512e-02,3.616697410400260271e-02
1.169808342432112009e-03,1.308276481621803780e-03
7.695682350031697594e-02,9.036463708344576184e-02
3.662315453250632961e-03,4.475414398129774415e-03
9.125150170743502945e-03,7.664353655804210901e-03
1.061386491869992371e-01,1.114501245428310972e-01
1.059192954009112592e-01,1.043787663499758517e-01
5.728082835256906183e-04,2.697499952817673840e-04
3.519537393467791347e-02,4.092287910907164983e-02
1.833621704196299607e-01,1.982612430801898307e-01
3.283417774206567330e-01,3.304558766671263914e-01
3.255946134763018640e-01,3.421666839243895364e-01
3.722095735583674098e-02,4.608503648801707403e-02
1.733722493253731997e-02,2.124796610404703842e-02
2.099091208138077203e-01,2.011248311775545861e-01
4.173142952367873970e-02,4.158012656740301544e-02
4.790665792395911587e-02,4.737513374585822223e-02
2.935613395744481567e-03,3.111408735789676552e-03
3.340464446599760717e-01,3.226581329262834252e-01
1.710149646642031805e-03,3.374399997487500732e-03
2.928076665991592997e-01,3.050766948718922622e-01
4.915588849080225215e-04,8.703701635565237694e-04
1.725935334439881730e-01,1.743300944470214109e-01
7.198467771582506280e-03,6.219151097641837343e-03
9.327891023652196568e-04,4.541817210749334401e-04
1.291799828002884514e-03,1.221290255270463714e-03
5.256917360378578902e-02,5.419677528325795440e-02
8.300135374025846557e-02,8.018942424739250452e-02
1.387217051652696060e-03,1.111718324353068964e-03
5.270551269750305828e-02,6.133951892677216161e-02
2.242953563095553826e-02,1.846133174216924369e-02
5.852385934479936713e-02,5.891976258925023247e-02
7.438009171299218391e-05,1.309569975619762994e-04
3.150179199660417262e-01,3.257455665878455364e-01
3.734820988448500634e-02,3.972913448457373459e-02
3.054922478205821142e-03,2.764707116297589109e-03
1.032710019330159712e-01,1.151224773076155866e-01
9.866753333486619204e-02,9.576357433776835903e-02
3.094972619476901027e-02,2.749224346595794538e-02
2.599852939832487664e-01,2.581670939300563794e-01
1.029403550816018363e-03,6.625010981191094544e-05
7.061386600398038282e-02,7.716671167770679240e-02
5.554661823986280222e-02,6.569972782879951456e-02
2.255687438708574646e-02,1.679457485907526193e-02
3.600092870600146711e-01,3.502359404838663592e-01
6.198571599193666848e-02,6.080856813807786199e-02
2.935030386387298407e-01,2.842549392430181454e-01
1.350311064982291642e-01,1.269211323383454826e-01
3.071203037750461773e-01,3.058370193820325045e-01
9.796977114777597265e-03,1.206392752317076746e-02
5.849041888419616309e-02,5.733317560586293632e-02
1.483624267688811796e-02,1.916747223531000896e-02
3.679761665112147445e-02,3.258332750555949925e-02
2.553169658126762387e-02,2.332568591891011692e-02
1.333762739638620284e-02,1.492073532666465807e-02
8.053544464561892798e-04,1.092514936054408406e-03
1.993216969153158678e-03,8.362601763603731567e-04
2.875544086901955787e-02,2.874648452067693830e-02
9.738561962580774556e-02,9.546806737437212032e-02
9.706951673581737383e-03,9.121217249166950133e-03
1.236535048047583546e-01,1.222711939879728843e-01
1.218043249678999462e-01,1.220143253925882881e-01
4.367480506027444920e-02,4.294086184128514255e-02
1.779301720341701643e-01,1.776040869965625491e-01
2.364111722520331471e-01,2.271474215323733004e-01
6.055034306115134740e-02,5.479421044847997829e-02
7.121886973617992667e-02,7.394873180553418468e-02
1.145649370268152125e-04,3.018524695680233834e-05
2.194570164769274190e-01,2.312924248514208192e-01
7.788082568399769257e-02,8.104953251421226357e-02
7.952646345205101330e-02,7.652025348981422725e-02
1.607487038909619775e-02,1.597863520929166184e-02
6.751080504739627453e-02,7.298438134374399255e-02
2.678535149565376260e-03,4.540120575343894842e-03
5.798775017992438552e-02,5.131712330191012805e-02
5.324348291171116659e-02,4.444180202014334780e-02
8.308121276330720367e-03,9.093327761281145769e-03
8.981296413336994564e-03,9.822250010317303687e-03
6.158666064295189452e-02,7.153894510897311487e-02
1.709891788971696497e-02,1.880198857674950097e-02
1.799517055973155200e-01,1.940571313127160691e-01
1.034963701388526003e-01,1.024565066561194393e-01
2.335908907523769340e-01,2.373665881247506160e-01
1.293765833826204532e-04,1.405567527647040192e-04
4.341173339253186908e-02,4.321041929648290064e-02
5.047705573421277028e-03,4.463217953935057908e-03
1.302438659490871287e-01,1.354453701164275992e-01
4.745100396075001559e-01,4.774672069107053218e-01
1.358878354367429597e-01,1.264897400380733117e-01
1.620907390412563709e-01,1.664534608015056927e-01
3.053711786246060544e-01,3.139134821635947148e-01
1.609066426102511438e-01,1.634318633850387614e-01
2.773517648972092381e-02,3.151136123306069042e-02
1.287901532560119765e-02,1.257277500103757065e-02
2.342772578821989971e-01,2.373584279339907843e-01
9.247390682589834779e-04,1.039146317415506329e-03
1.563715242513908288e-03,9.284513687623823430e-04
5.096235063346392369e-02,5.970313320970538351e-02
1.714854214261865226e-02,2.150284912028627496e-02
3.368828015019104671e-01,3.379265230558728961e-01
2.612963682444100627e-02,2.202344507140362173e-02
1.528322994799321231e-02,8.831693319128046740e-03
2.203006479811859056e-03,1.065794343003649471e-03
4.044687197007988955e-01,4.213527213635120394e-01
3.607157361260365964e-03,3.067733274114699260e-03
3.929135511366816345e-03,3.455020202794201623e-03
1.767269576539715614e-01,1.989313289529001660e-01
7.221910316894535053e-02,7.371871427161764967e-02
1.396462545622779994e-01,1.329620272964956995e-01
1.707758062776725538e-01,1.562550609756726550e-01
2.022363723784635289e-02,2.328984169924979905e-02
2.486997096314104427e-02,2.684690434150160260e-02
1.267238689973921306e-01,1.185172843363051232e-01
2.121927047172321792e-02,2.048815633000561007e-02
1.784004398307465281e-02,2.236197138693381270e-02
1.739755568673905222e-03,2.425143858437003603e-03
4.809251267024267085e-02,4.044076811625015727e-02
7.459630412813963996e-02,7.998678259521854739e-02
2.040098770564298669e-01,2.035678501889865433e-01
1.309730718406215211e-03,1.727582532083175772e-03
2.202672192647232071e-03,3.126080714148794185e-03
1.333968609699228425e-01,1.446788538763822962e-01
4.430635869543311789e-02,4.550184543945388904e-02
1.679579730426168094e-01,1.677717547695408429e-01
1.614279260999117518e-02,1.549731985545924583e-02
1.293468514849129836e-01,1.233651236396461348e-01
4.182455076473299768e-03,4.965285015291591615e-03
1.746352993440106194e-01,1.896271435421292006e-01
2.145576611044410983e-02,2.449713074167824897e-02
1.421413317990358367e-02,1.796013155270076433e-02
1.941977058670116079e-04,4.465799317051491837e-04
2.204929621281206259e-02,2.331280883205734053e-02
4.676085996042664110e-03,6.476640833205225822e-03
3.105142943657606541e-02,2.392667685424593876e-02
5.268161955114616934e-02,4.879196363921085161e-02
1.963435016489781804e-01,1.887136867165563614e-01
2.889324045836572791e-03,5.386884902598809699e-03
3.440291645892864635e-04,1.865498876420974849e-04
4.638444203893878764e-02,4.547310945818276023e-02
8.175675921861912110e-02,9.086670970405630321e-02
2.228435370840943508e-01,2.193183490357165644e-01
1.152674143984040852e-03,1.538273174049131818e-03
3.606557936587871660e-02,3.352386313052752725e-02
6.568352802398363943e-02,6.767850808657524531e-02
3.392199914703985120e-03,4.454845281002916060e-03
3.589658080687720549e-05,4.177803053432393825e-04
1.170639191877383273e-01,1.135378379085358602e-01
1.405614661082393579e-01,1.371369067305190925e-01
6.725757748274534265e-02,7.232788504223873483e-02
3.549466303124303168e-02,4.176521053093018576e-02
1.023068237620373098e-02,7.272619923206775916e-03
7.373741767546877768e-02,6.185291835451810910e-02
4.937626899074769038e-01,4.716407565587978357e-01
2.243912503744230715e-05,4.021620571208588948e-04
6.360534213448469643e-02,6.292380855722641553e-02
1.543551871326312719e-01,1.701180553218172298e-01
1.621218129566548427e-02,1.545823080347474843e-02
4.616764122262823761e-02,5.443772477018000988e-02
5.993609791784429430e-02,6.887803250081106499e-02
1.419317244210927809e-01,1.323253906390112200e-01
2.574931997092049256e-04,7.324054783990298280e-05
2.404041116946276369e-01,2.493159709149609105e-01
2.836281795011262874e-01,2.742469124676353287e-01
8.910511565032901149e-02,8.368668565926866421e-02
4.687137267844363464e-01,4.574740377073019948e-01
1.339214599091790789e-02,1.517044057125811751e-02
9.727471942198086252e-02,1.055027273236417984e-01
2.546832961844226403e-02,2.700859178135119054e-02
3.461400726763620012e-02,3.924220129592900091e-02
3.431699996354841131e-01,3.607883186242736850e-01
4.797795945483575575e-01,4.757013618213721817e-01
2.061276105727052541e-02,2.084262408363481839e-02
4.076863843298200035e-02,3.710879801117922955e-02
8.974933790743916395e-02,8.500861161692796486e-02
2.462624721289787683e-02,1.962917135364379215e-02
9.054397941616065121e-03,5.469705016583142031e-03
1.175139182158769502e-01,1.302096159959370836e-01
7.939475468008402870e-02,7.751130680684290009e-02
4.565430191455003422e-03,4.743716050130446921e-03
3.448635576620944811e-03,2.329971001566765072e-03
1.647856703908573694e-01,1.474672042449936271e-01
1.059522591020043841e-01,1.148948931620944885e-01
4.180989762796757242e-02,3.436047150566770569e-02
6.036216946078976076e-03,4.375963730835461668e-03
8.462060607323851347e-02,8.661800327263066701e-02
4.149558022680426353e-03,4.037215030527867808e-03
2.280975290587234361e-01,2.281639346900316001e-01
2.688991705667466703e-01,2.538842081093304892e-01
1.595523672366581935e-02,1.837676478953857370e-02
8.384647166592354428e-02,8.498781434588134620e-02
4.263394618041196904e-02,4.505866513442434440e-02
4.787401623031968187e-03,4.267810409732395067e-03
5.171982972746596019e-01,5.171874486982077634e-01
3.749541944857775685e-04,2.576795171686702720e-04
4.284926935592422992e-02,3.967252503397517005e-02
2.122616431181210683e-01,2.145530348403427157e-01
1.215209612742849596e-02,1.320167463093080591e-02
8.502024388295496837e-02,8.800697495220488609e-02
6.203646377230521286e-02,6.734976866901686010e-02
1.311737925741169875e-01,1.284832400763779026e-01
4.811452126622402931e-02,4.851042255354526961e-02
2.237904292647018289e-01,2.066174293289460284e-01
7.126196819621224629e-04,1.596998321655760755e-04
5.316902160731391174e-04,1.646542166117629172e-03
6.997088807153230283e-02,7.586650415588447327e-02
5.897247006445346940e-02,5.894424253988149454e-02
1.198901193600387070e-02,1.403147902506319579e-02
5.166831679088459278e-02,5.363258572681505604e-02
7.706220541468704333e-02,7.903895820952076823e-02
1.959840893781005788e-01,2.026285266897437098e-01
1.953935396965173326e-05,1.402082796659669356e-04
9.896971651071677367e-02,9.605555621165079438e-02
1.824214844582253137e-02,1.775151306708210724e-02
5.997626595891500378e-02,6.623924549267465323e-02
1.760293970895309475e-03,1.507710478416055900e-03
1.046123796700389325e-01,9.373524244200832911e-02
3.823171280330885102e-02,3.877685429215475821e-02
1.451795899524520594e-01,1.385623926398271699e-01
9.047597877304043579e-02,9.197244932450610033e-02
7.223571658628861385e-05,1.054742411378196189e-04
3.556485834890824732e-03,4.831912264761351571e-03
3.292318877213364081e-02,3.087177383775555409e-02
2.325823827117212694e-01,2.405928676881528283e-01
1.529385701093025907e-01,1.417541751965287200e-01
5.759385163264883929e-03,4.853538829274250087e-03
1.576947533988606528e-02,2.362035702358395925e-02
5.607938360622390268e-03,5.557761586832954230e-03
2.013903943819350673e-02,1.981747268507367057e-02
5.357244619167071675e-02,5.272785805177778590e-02
2.404517592962291117e-01,2.491477108591156620e-01
2.589103624436885423e-02,2.506784759185315056e-02
4.094498440655695154e-02,3.016690222577471034e-02
7.021528384942362644e-01,7.032662798031711349e-01
1.217119384421341682e-01,1.172685726631732678e-01
1.601570870148188164e-01,1.663879077473484069e-01
2.359856778097811358e-01,2.468879543289181633e-01
5.699068802086739750e-03,7.019826544127878883e-03
1.086554328701022556e-03,5.518081112013095398e-04
3.900373550563187436e-02,3.741969154875962600e-02
8.043743885180325640e-03,6.945632970310293246e-03
8.169955498143119388e-02,7.678064761981455433e-02
2.178031676596126898e-01,2.152119868645781808e-01
8.682981294165645347e-02,9.236801359220676855e-02
4.790688360211002583e-02,5.363803634645419177e-02
1.128279916609020023e-01,1.220859319586465180e-01
8.788331207190513972e-02,9.396345513823187168e-02
2.476340509222057368e-02,3.352945871234487563e-02
1.258903486011417761e-03,1.967633381260083716e-03
1.032385483243987608e-02,1.179707780266126688e-02
9.628957553257747395e-03,1.521821674398987460e-02
3.189002895323484604e-02,3.064634128516982581e-02
1.731337077906282620e-02,2.305556149442984301e-02
1.010277213407561603e-01,1.025907804609099694e-01
3.150812446067440160e-03,2.415505914100523222e-03
7.183580255935287893e-03,3.937488249962288987e-03
1.912964438420312885e-01,2.059663719245189151e-01
1.414076783300088347e-01,1.468051196788200119e-01
7.163195131536538411e-03,7.922390705483832452e-03
1.626667396560043527e-02,1.799224637716803979e-02
8.424184642530577194e-02,7.861105482757164975e-02
1.421042963267044740e-02,1.185906021242524866e-02
3.389499506994223671e-02,3.245206068008742173e-02
2.384938266564542303e-02,2.524524980778226554e-02
4.958150075025201256e-04,1.397347171376955117e-03
6.754673173885629434e-02,7.120802515871225979e-02
2.667855494198437261e-01,2.552802815921989543e-01
2.475392920982726896e-05,3.133506721843124974e-04
3.408313529820522492e-02,3.091708072938375781e-02
3.432593351943969036e-03,2.252126370586887694e-03
8.670116308523430348e-02,9.398479506553161777e-02
4.128360638701049357e-02,4.418968063025766752e-02
2.886616784619021325e-02,3.363166828320405394e-02
2.445046472199171872e-01,2.515452340402039022e-01
6.716417514657239268e-03,8.215998074710793506e-03
9.055210549628321670e-02,8.883823128993653673e-02
2.928993799038733803e-01,2.754430786978678825e-01
7.479873801868763827e-02,7.070544998028700789e-02
2.782811287811533529e-01,2.878582702005627603e-01
2.129902404891964585e-01,2.266488791645818179e-01
8.300151988974742434e-02,8.613450485553404701e-02
1.991136309252149184e-01,1.988602875515846635e-01
2.945023386775093566e-01,2.866948712613057726e-01
1.357038143228934263e-02,1.049686202333647081e-02
3.712307516508120409e-01,3.918039879532677627e-01
2.628455960151532267e-01,2.693422767937589390e-01
1.748724767183299639e-03,4.645005039557578361e-04
1.910503648896317783e-02,1.878906757568965524e-02
2.213493536219182309e-03,2.088600798793776268e-03
4.042277358946323729e-02,3.941412160772179984e-02
2.644942698080498533e-01,2.552120805904630751e-01
3.013548747974872377e-01,2.991778865464476689e-01
5.618357185093925121e-02,6.532144121752095356e-02
6.661403207956773098e-02,6.943181417117612331e-02
1.430799819984585608e-01,1.464289028355554578e-01
5.160306702497532427e-01,5.130103584632145219e-01
2.665386975741754760e-01,2.775009032182262358e-01
3.698188710889178943e-02,3.142734267280541255e-02
8.406852573646395391e-03,1.067450615597292235e-02
1.733703798580152593e-03,2.261224426716162885e-03
2.292236403992452543e-01,2.235489693915064802e-01
1.076190177300616058e-01,1.049896358317404521e-01
5.898406132508896560e-01,5.982277510535850551e-01
1.682233861627752819e-02,1.459158250113338010e-02
8.078109126157140274e-03,1.051541689359245142e-02
2.129635400169526543e-02,2.448812452833229458e-02
4.963125393651510175e-01,4.841096395243093542e-01
2.043570021148180191e-02,2.011150126982364297e-02
1.741900110366335561e-02,2.189451666278745268e-02
2.499509349339280317e-01,2.483209973471988963e-01
3.805036002779119131e-01,3.816723215796965496e-01
1.769509043007281776e-02,1.562609070922290136e-02
3.682979455578434098e-04,1.269947918053515590e-03
9.510911323472399925e-02,9.380886361651111227e-02
1.551700662385757101e-01,1.670507730446455508e-01
1.335159410041718286e-01,1.449819877676954416e-01
3.005667394489963326e-02,3.448753169852696726e-02
8.970821616497995366e-02,8.822343799979338874e-02
2.281992710405814362e-01,2.319140233952280694e-01
9.691011332274328260e-02,1.035157322513984984e-01
3.506471895714523973e-02,3.290783531310908366e-02
3.172532761882750074e-02,3.047609598062221009e-02
7.518799639481908020e-03,6.532084704920231195e-03
7.683928981044067623e-03,9.651745263788419696e-03
4.645817508009278396e-02,3.960425723895866224e-02
1.590531490906259282e-01,1.615309007268168617e-01
8.780259141633089959e-02,9.448268586365446420e-02
6.608103478896043418e-04,3.417314580584405819e-04
5.578747366374882388e-02,5.568277160406857884e-02
3.875438519372054885e-02,3.790170457514486363e-02
9.884034895457120828e-02,9.740647072482579161e-02
5.426169083974117374e-02,5.866258588314399863e-02
1.650313213562395465e-01,1.693280749906832805e-01
6.156010227507084931e-01,6.095523498636514770e-01
1.427990021945039782e-06,8.124477641695653494e-05
8.776639405815955808e-01,8.535251457878324510e-01
3.327385830226007313e-01,3.394812643299100485e-01
1.556989320804194610e-01,1.632329668674529777e-01
4.638846847043004984e-01,4.761017759226940371e-01
1.177716345190714803e-01,1.093242555528804449e-01
5.198884204345215199e-03,6.548474065863708893e-03
1.161371448674013759e-04,8.947313553035225612e-05
1.222715560423875037e-04,9.802691724644320339e-04
3.959118128100622136e-01,4.197020879554834161e-01
6.984699424232472531e-02,7.720978857433069553e-02
1.646844995260492994e-01,1.707070563479405334e-01
4.449709629119844370e-03,3.029807734148681330e-03
1.265550791320693147e-01,1.267769775622936135e-01
2.668912619739293168e-01,2.807078062889972747e-01
2.901183263040488236e-01,3.109059408791947643e-01
1.022923612858070985e-01,1.096529492761111751e-01
8.822517664089872536e-02,9.546387063959173302e-02
1.760708503964690877e-02,1.769636827169333848e-02
2.224158729139481816e-01,2.010863569008549401e-01
4.762999954704253414e-01,5.072576027733365356e-01
5.350147906771562933e-02,5.070045863593007629e-02
4.256540876327110120e-07,3.572787901105137351e-04
4.236199315888659195e-02,3.629667810928144389e-02
1.101205433771199199e-01,1.281610243369761259e-01
1.658120658537281383e-02,1.794086480764637073e-02
2.233751725548285272e-01,2.153033627399166539e-01
1.478070979836952348e-01,1.457115349026285034e-01
4.143296380001060437e-03,4.662433854199446968e-03
4.935400085414302918e-02,4.580574482963679223e-02
2.110929802670850550e-02,1.841788331083004521e-02
1.230267544393716800e-01,1.237571920055143271e-01
1.715807657259026250e-03,1.406258263449769235e-03
8.915180523536828106e-02,7.730482943492079928e-02
2.094368821496601224e-02,1.882176560722831696e-02
2.305902917855844614e-01,2.129789656908208095e-01
1.342774268329988974e-01,1.439972796212436457e-01
1.136241409653324127e-05,3.510772340420544946e-04
3.278793504360643651e-01,3.221783254164831134e-01
5.186309875474523663e-03,4.595816488795000099e-03
1.342500673461443847e-02,1.234352299768922377e-02
8.581272914856335685e-03,9.209859236598286897e-03
2.183072745194149580e-02,2.414492805106401366e-02
2.016630192564443647e-01,1.951810672413832604e-01
3.526290491259274212e-03,3.312621629196271875e-03
5.525379940489222319e-02,5.037200740151021039e-02
3.893930041915706274e-06,2.447070411598424611e-07
1.032184918673869495e-01,9.460744452227863588e-02
5.305202254527159947e-04,5.280902299154079408e-04
1.456406711691513589e-01,1.566880684113362010e-01
1.547645100971747623e-01,1.658434406472754641e-01
7.487171691090035823e-03,6.169457442513538552e-03
6.957911853992134604e-03,8.654577898340157574e-03
1.392474486908682309e-03,3.501291164764258352e-03
1.309918883765758168e-06,8.106300937354658234e-05
1.786055117324433228e-01,1.659961517684929166e-01
5.279133515382643986e-04,2.934561802185010827e-04
8.161579787731991498e-02,8.369311601688206315e-02
3.777318379863259939e-02,4.220726770460639377e-02
5.000672662348104374e-04,6.574640576932716746e-04
2.109535797125538722e-02,2.100960836746930752e-02
4.193254650559305463e-01,4.330337218566538415e-01
1.173446494835647808e-01,1.254879019259638184e-01
5.566183432736395917e-03,5.527122308025690656e-03
1.165927755483013584e-01,1.159216484530872365e-01
2.745432170044270759e-02,2.876919350706811859e-02
1.612064989193282005e-01,1.604441851083251991e-01
4.953845408648606397e-03,4.829439418590963581e-03
1.145612026922347315e+00,1.135852253217038754e+00
5.906642507656538477e-02,4.984202743444392236e-02
6.693280097864967668e-04,2.095189481019508256e-04
2.210267598464421557e-02,2.855539609021360073e-02
7.338868131136947782e-03,6.019739423374572025e-03
4.966995008643100562e-02,4.211958382834369435e-02
1.356467278884016525e-01,1.199255906955685735e-01
1.108002725248083756e-02,9.935583084857481720e-03
7.969140981450961725e-03,6.753428320099884655e-03
3.683128933678810057e-02,3.629415191459015727e-02
1.860393971801025947e-01,1.925392088905617527e-01
1.200098201358848569e-03,1.310854288952749717e-03
1.116022853154397670e-01,1.190647080661801221e-01
6.347179331658350625e-03,4.845087017603027200e-03
1.357264978222780527e-01,1.322053124441347760e-01
2.290479089443326483e-02,2.086892197903490731e-02
5.578573304770084729e-02,4.985625750656202254e-02
1.174445885390737881e-01,1.158004898107903718e-01
3.793175772644826194e-01,3.894331566087475549e-01
1.174408182696937272e-03,6.055150063654206067e-04
4.479853473987638335e-01,4.558662114749851835e-01
1.063485192059283879e-01,1.122688855358253274e-01
1.386720676519293701e-05,4.047927753958068984e-05
3.438624444089075083e-02,4.280623372638605456e-02
1.087116302166382387e-01,1.080438043654821101e-01
1.522941271379355310e+00,1.524069438121755882e+00
6.805317403296040624e-02,7.955373154092734711e-02
2.844921951478389111e-01,2.867343289841549625e-01
1.767390373810806825e-01,1.887612166234287070e-01
5.845361735143222645e-03,4.552495111283893711e-03
7.543986665325874696e-02,7.441164402557036428e-02
4.365975215633120798e-02,4.008406333061950017e-02
5.678576497484962710e-02,5.550402259774923908e-02
3.734468378100803676e-01,3.714246320396203394e-01
2.913284024600377650e-03,2.225631903181205223e-03
9.398069535390804474e-02,7.605550457947571341e-02
1.971830844691557436e-02,2.765434512282611071e-02
1.270162842718351170e-01,1.227719500360550248e-01
1.871046753456047096e-01,1.876186090918802452e-01
1.908784744419022572e-01,1.833930691155623016e-01
4.866255158400820818e-02,4.702945473000923193e-02
4.303232258722268500e-02,5.310101812627064655e-02
1.398530971990904169e-02,1.429227283800734924e-02
5.039523874202157527e-01,5.095612237735507311e-01
1.112573074642615872e-01,1.116850013629765159e-01
2.986838468977588423e-01,2.975462558996347928e-01
1.472856303253739785e-01,1.480553888451988098e-01
1.242015314529131553e-01,1.152046954679207674e-01
6.880914457065455923e-03,6.432223083202301753e-03
6.210537334836272773e-03,6.721866393253209462e-03
2.883675219939900794e-02,2.389750239852527977e-02
1.314223573808398493e-02,1.412794601751049019e-02
8.203864290644595492e-02,8.715109325286039821e-02
2.875214055273692809e-02,2.470368790948043042e-02
9.671316412920249322e-03,1.098583270447502612e-02
6.977245804597491385e-02,7.060883503319667631e-02
1.742356219355771507e-02,2.017822977244966912e-02
9.678280014322184974e-03,8.424381214215573982e-03
6.818557234487042373e-02,7.134909991089094516e-02
6.821339602929446001e-03,4.456410675415457996e-03
1.402200409509640200e-01,1.482999661437577055e-01
3.609933577900967250e-02,3.540344227657253595e-02
7.088134998179246998e-03,1.120662889145728966e-02
8.270063964777829915e-03,6.903116888790529829e-03
4.988242481405480953e-03,5.150384840202673099e-03
1.889674627799116553e-03,5.455996456605956453e-04
3.371447277431271483e-01,3.316632269727448068e-01
5.244368331986873875e-03,5.299724573496222314e-03
6.484726609005823754e-03,1.106776025458317859e-02
4.249350994121508518e-01,4.250413169131254110e-01
5.879702255951616344e-03,5.502989524048919508e-03
1.787426589269627830e-02,2.432871234116684711e-02
1.660998640715865074e-02,1.906631279937926263e-02
1.735720380003471230e-01,1.811111926560385887e-01
1.239813230771954350e-01,1.298179316117306359e-01
6.804036813134715228e-03,4.703079546028098371e-03
1.526562618424910367e-01,1.570057086537563762e-01
1.770651766501518398e-01,1.975281239278710577e-01
1.873277120199378643e-01,1.943088823647933505e-01
6.038068680785975417e-02,5.816266892151186751e-02
4.256835852810277043e-02,4.498681913810993055e-02
6.708528996458252777e-03,3.128609939488042994e-03
8.022056083762824433e-03,6.613448473153834758e-03
1.495522159041504651e-01,1.489838737168368010e-01
4.818271110555156361e-02,5.224720968162940848e-02
2.494933867024438923e-01,2.577929631560373913e-01
9.421300661738821365e-04,3.754089905591307405e-04
1.744554139423321396e-02,2.008616953378166217e-02
2.553026233872076819e-02,2.023174592894152676e-02
2.199114249682980731e-03,1.533237404412962114e-03
6.595305273009381686e-02,5.972085988708663445e-02
8.514332737470113599e-02,8.956377462320087857e-02
1.026885486739567352e-02,1.303943024491934118e-02
2.315557307478293900e-02,2.534544318969528254e-02
1.491732428995139366e-02,1.024339044145708769e-02
3.176746914506337061e-02,2.933711714610310120e-02
3.781032982435535150e-02,3.666452366696810322e-02
2.112835924967050583e-02,1.800235311324680301e-02
3.401998766057550694e-01,3.310689968760289204e-01
2.135688147376776577e-02,2.017540400699122105e-02
1.634604155770094658e-02,1.809551541065945041e-02
2.368285099031583463e-02,2.572170240988059034e-02
6.962346740444561033e-02,6.995339165458773489e-02
7.522287449312458068e-05,3.204944733715821108e-04
5.331107682211350812e-02,4.770645791526931245e-02
3.174004475379580716e-05,8.710390685788562911e-05
6.719734534434295206e-03,4.706292410330390266e-03
5.224505357872939043e-02,5.364117909772839199e-02
6.866455138366169830e-01,6.527481407441311223e-01
7.493147837675447065e-02,6.750998481480863234e-02
3.625437704283060447e-02,3.041647011137350864e-02
1.431054159064639730e-01,1.424284002995316600e-01
6.904473320729494212e-02,7.282273210760879800e-02
3.409046178880002081e-02,3.038539925649943671e-02
1.520367353825349821e-01,1.559428992126047631e-01
3.197432769955497744e-01,3.190907593939091846e-01
1.127591514137013390e-01,1.057862610789718633e-01
7.324540021841223492e-02,7.840821682550509764e-02
6.935845193223713623e-02,7.523086151248310760e-02
3.537119249813034938e-01,3.310130849145350718e-01
4.162733941721054320e-02,4.152103770770694535e-02
2.040198592847023915e-02,1.817241128762119018e-02
2.998984914743132446e-01,3.183499912209516447e-01
2.997504686128809603e-01,2.951962395372388359e-01
1.884141954054012816e-02,1.692594016695605011e-02
8.485146176067351331e-02,7.840258554912991895e-02
3.819705611566880793e-02,3.966107939638575247e-02
1.790633338524271270e-02,1.318103883396462214e-02
6.064316169247122718e-02,5.590172789488282584e-02
7.277017071964536621e-02,8.277273775689339419e-02
2.494590364001874894e-01,2.501532805522840852e-01
3.605385595270557131e-01,3.811618232015389629e-01
1.938897958145480160e-02,1.535178019112487177e-02
9.072929212722043169e-02,8.685651872591272638e-02
1.175050292770449395e-01,1.088934362552934909e-01
1.725972021073295809e-02,1.523222624730469037e-02
7.713666032699284525e-02,7.386249974151662401e-02
2.288863573421092562e-02,2.100525917568872580e-02
1.711015546597604436e-02,1.869528649225461400e-02
1.174435507666325880e-02,1.582123269109408231e-02
4.793629067249941282e-04,9.699648734751064520e-05
1.134470162018298700e-01,1.192762312398947810e-01
9.553005479944119693e-02,1.048047535250477974e-01
1.631391901673244493e-02,1.816516115387952282e-02
5.961121005668823525e-02,6.533692150081955863e-02
7.290956818777296310e-03,7.458029024984044048e-03
2.206290994180055975e-02,2.327262935060881929e-02
4.260915612465431268e-01,4.359217625971897880e-01
1.498853182544967744e-01,1.548911910895200972e-01
1.068731916417387795e-01,1.073135361898523849e-01
1.332856093748499386e-02,1.437679111972745873e-02
7.593121059409724261e-02,7.743351797864930774e-02
1.860370766973044670e-04,6.892776359827737323e-06
6.203783347296952522e-03,4.925370446137333769e-03
6.168794034791690375e-03,7.312504575828666052e-03
2.967375777015728300e-01,2.933255749639942511e-01
2.248583736937373456e-01,2.097616717187543722e-01
5.608886002455854003e-01,5.487610434287670813e-01
3.231542108373332972e-02,2.856905887418615189e-02
9.001511328337017531e-03,1.354854135052988365e-02
8.987877144469591517e-02,7.373206093335840650e-02
2.362835129665668554e-01,2.387013634720261401e-01
4.423544830129781495e-03,5.974949784467221449e-03
3.371555446096979273e-03,3.480485544115875362e-03
8.950891986503516085e-02,9.706216005786191814e-02
3.567169150647062081e-02,3.426414189257832171e-02
2.887056335459277021e-02,3.006768602988681496e-02
2.127424803067255454e-01,2.282693236441513951e-01
1.292550529219214581e-02,9.836372869709668343e-03
3.442599981918756380e-02,3.285384911484662274e-02
1.414955242714686966e-03,1.799182477706776561e-03
1.370927061432597460e-02,1.612768144394002151e-02
7.412648467708257694e-02,7.118710084065675570e-02
1.018532484087963930e-02,9.157234591673939217e-03
1.922590381329121120e-02,1.268351624306716940e-02
1.281679044165817960e-01,1.344663770737584418e-01
3.068607615240654968e-03,2.566343208240560222e-03
8.057810679010764254e-02,8.755010236167781734e-02
3.200472029987929453e-03,1.398022371690364101e-03
2.427911927506497952e-02,2.700394995023686073e-02
1.277166427534520143e-01,1.157406083458942248e-01
2.006013899773677056e-01,2.057135843266428288e-01
1.962018759553628700e-01,2.183844129152385793e-01
5.016513677862275214e-03,7.621255877751635655e-03
5.200722162713683309e-04,8.782991946335331687e-05
1.524196484581367451e-03,1.352968989552814872e-03
5.366772855805479470e-02,5.140841762291531447e-02
9.271204965453216928e-02,8.105420849344953382e-02
4.923010477696408010e-02,4.793084098145260208e-02
4.324417142499484973e-02,3.823459014625263386e-02
4.605375951567809885e-03,2.228718261565302595e-03
3.675011195480898385e-02,4.020265915965525599e-02
1.262100550357671547e-01,1.201812924630978746e-01
1.836766320082533210e-01,1.749652947157220584e-01
5.276375905937695510e-02,5.501139282207022363e-02
7.795853231133657727e-04,5.396514758558440279e-04
7.951188538252346172e-02,9.481569502761671986e-02
2.289379027017154813e-03,8.961818205883385078e-04
5.194569056656875849e-01,5.053389691281722218e-01
6.451133045279069944e-02,5.421674202773971857e-02
1.115266240044431034e-02,1.041062154207578021e-02
7.027013347009708434e-04,4.680191796589218737e-04
1.334397305684242307e-01,1.371443793387528975e-01
1.976736660163382897e-01,1.940840387241338505e-01
1.948336628046681840e-02,1.945432457811933566e-02
4.945516789381938089e-02,4.757619758344902583e-02
4.721097960846485503e-02,5.163013859612857609e-02
7.326905566561674188e-02,7.807991092956159673e-02
3.628616815072263635e-02,3.257826553858220869e-02
1.260619753637225518e-02,1.066114638838609914e-02
9.194672699355910250e-02,9.691391296189388882e-02
3.991912730273986520e-01,3.982255845121016602e-01
5.347913781938101220e-03,2.542052898729333949e-03
1.064694084109077572e-02,1.183540403876734426e-02
4.620986828933346981e-03,3.918838369533968538e-03
2.290848853644529472e-03,2.975132711706416147e-03
1.656149999483032785e-03,1.562378366031669501e-03
7.446466402549851093e-05,1.014993168059374526e-04
1.022196907671384519e-01,9.596406200544428666e-02
1.951628548014619101e-03,1.992489173599449551e-03
3.818215100565154618e-02,3.369627019544826213e-02
5.308852755220939794e-03,2.712198281545224500e-03
2.208368394982244964e-02,1.588361236397105650e-02
4.684673377732579552e-02,5.048011294472897620e-02
3.029491834359348060e-02,3.029017328858053457e-02
1.129576570434201871e-01,1.060365925685260446e-01
7.571304622716450725e-04,9.357032306488666468e-05
4.900054399938806940e-03,5.144659887916661414e-03
1.154740546801141278e-02,1.037528058303416496e-02
3.514197451668128833e-03,4.487319932123148662e-03
2.223999941578255410e-02,2.635472134735670699e-02
9.842544281194581801e-02,1.004831932056804433e-01
2.917776517075988327e-02,3.579773550389164088e-02
1.253906317288382699e-01,1.219628715658617329e-01
1.417945349517942162e-02,1.089951195373837188e-02
1.320554018623202319e-01,1.320438800929475132e-01
2.928727030674497800e-01,3.044766951007639721e-01
6.500853624929340928e-03,7.832442952431340616e-03
1.743173886325878955e-02,2.296661500209372028e-02
6.568808099284711988e-02,6.056113173209745626e-02
4.841251372399205805e-02,5.924298643701764178e-02
7.410633768563702067e-03,8.843994650153565520e-03
2.651620591603813248e-01,2.652877917386647355e-01
1.334282395463778637e-01,1.406542633428360944e-01
1.291540114773245540e-01,1.316785322318987927e-01
1.465677874939926711e-02,1.577134291525666976e-02
3.083075749118619965e-02,3.133628764188445270e-02
2.555427629607960952e-02,2.508571111370031664e-02
3.748352887730765359e-01,3.665102366866848094e-01
1.902619835388274366e-02,1.864915163648002763e-02
1.007600965632860293e-02,1.091246678598576693e-02
5.850006064141487494e-01,6.061607080488506938e-01
3.435877617802811780e-04,1.538505576246753563e-04
1.393770037891635394e-01,1.432242154669929046e-01
8.374975856663868096e-03,5.531423833694389287e-03
3.636737787411400968e-02,3.348668252929987849e-02
1.087802322606911147e-03,7.980857282943843540e-04
6.980779747432032389e-03,8.802175037674773647e-03
1.383280014215407467e-03,2.118739568206508446e-03
2.701221524437332627e-02,2.658933834892413667e-02
1.225236218038459057e-01,1.307657405393193584e-01
1.399544657683845228e-01,1.435743071001938376e-01
6.108889190715736440e-05,4.915365678755308378e-05
9.922949247792137162e-02,1.023524486949568407e-01
3.889327551405616368e-01,3.850781239374554965e-01
8.838314425393828389e-02,8.020788066219122769e-02
6.537429078808330851e-02,7.106061047537319542e-02
3.886439196151956110e-04,9.482499087614997208e-04
1.415527339769223070e-01,1.350567737229518006e-01
4.092989757139599560e-01,4.010929112094376858e-01
6.113045822505110301e-05,4.892626700032718089e-05
3.339764132620398618e-02,2.429385072847227087e-02
1.021615173837786689e-01,1.015060883658716329e-01
2.305844566619341760e-03,3.353703292686511725e-03
2.086863226346196993e-03,2.996112427296301634e-03
1.858119165849023702e-01,1.835722449075858909e-01
3.917225647942027683e-02,5.034208666120336406e-02
6.207803867527499075e-02,5.850560835288172445e-02
2.723171682665859183e-02,3.093930258277664477e-02
2.043529315712063962e-02,2.269967080618358335e-02
1.630737731366926901e-02,1.637969836582699179e-02
3.899793370022810390e-06,6.079145685361484922e-05
5.888268261733537595e-02,6.312522826756127026e-02
2.572670449986350777e-02,2.486670296122234919e-02
1.417049831927190591e-02,1.250681736221610774e-02
8.781874237223192756e-03,6.159993641859763149e-03
1.396158176586292932e-01,1.504886475820896574e-01
3.125820227575598631e-02,3.665046944531037687e-02
3.924619013832608694e-02,3.953194560512194450e-02
2.683128875663698138e-03,1.764592354664078211e-03
1.956247706688556132e-03,4.623476137344545954e-03
1.386923955616221199e-02,1.282874039604523821e-02
4.420561522216349959e-03,5.423354903280386274e-03
5.063776876980575700e-03,4.898002710773981597e-03
6.488809670857298428e-02,6.590787393896006818e-02
4.167767919273480254e-02,4.522119843322324612e-02
4.901611421689526515e-02,4.894934260994346364e-02
7.699709185960804114e-02,7.169635413433576854e-02
3.049047068934908171e-03,4.244040892557203633e-03
1.160315723923953796e-01,1.055647784293525793e-01
1.507761981089159598e-01,1.460889218136029732e-01
1.738111792574630055e-02,1.843875104383826957e-02
9.095567324031281209e-02,8.659205687815746399e-02
5.496140007317881770e-02,5.937997711677195367e-02
1.468029439618587402e-02,1.822333675662547378e-02
8.415685295171820152e-03,8.149156636787505820e-03
6.196036663745270456e-02,7.122119389417749802e-02
3.592343132433214689e-04,6.631207268062433774e-06
2.129759877698167991e-01,2.169610721266896081e-01
7.651907639215145551e-02,8.473308923805310255e-02
2.565666405505783593e-02,2.215359112871176372e-02
3.696515179296109427e-02,4.215677112387271330e-02
3.440009471019796899e-03,5.062378840108770067e-03
3.202072299024008584e-02,3.377953854620210222e-02
1.311377546869039838e-02,1.093780925494476468e-02
1.607424341435772022e-02,1.757928891584616821e-02
6.463358742522654077e-02,6.405074632272277080e-02
3.968184155636297339e-01,3.953860348249923495e-01
1.544754787379677176e-02,1.548889850026629461e-02
3.408639516229528509e-03,3.407023807083282493e-03
2.823010522357847878e-03,2.267511703212985071e-03
5.020901844120768953e-02,6.308799137556546366e-02
2.371225916099765352e-01,2.316593757735122550e-01
1.312771179150710012e-03,4.439299007924529155e-04
5.511954703135190509e-02,5.772401698478679677e-02
1.345306154656925740e-02,1.145832776260678407e-02
8.117347178266003105e-02,9.010963605669330967e-02
8.378253566441347111e-01,8.553044384491181873e-01
1.480750998425514331e-01,1.489535483847884978e-01
2.400967417149301245e-02,2.364166839935392950e-02
1.222242116520350919e-01,1.256351628336017656e-01
1.659267632741456278e-01,1.565399073802702934e-01
3.554331635941218506e-03,4.689423491574542212e-03
1.539690450473283701e-03,1.051019333187979202e-03
6.466702485546291235e-02,6.827604383751381678e-02
3.557655788668717678e-02,2.703970164386967912e-02
9.586854255806223982e-03,8.389879669235425150e-03
2.665551907629298833e-02,2.616114558463088213e-02
1.755525281725017067e-02,1.421222999924150708e-02
1.368198896627000616e-01,1.485805142549739555e-01
2.985910012875747296e-02,3.157648536946244117e-02
1.518916870176898748e-01,1.459568344002043772e-01
6.415960887643088473e-01,6.434488221372101080e-01
6.544357854682346376e-02,6.797825428335677045e-02
3.187491606477825812e-01,3.299393833518723951e-01
8.686385238553433544e-03,6.386294971176093363e-03
1.563483556955035797e-02,1.484865286903397884e-02
1.474781229715508213e-03,1.875114801868959244e-03
1.823268801977014075e-01,1.833070779465869604e-01
1.593372411310603753e-01,1.571653771590404980e-01
1.743332971883365667e-01,1.708506593215490255e-01
2.220569636393471616e-02,1.997523447168056063e-02
1.253474743132932945e-01,1.240164235538770560e-01
5.225162202694655323e-04,3.511918216297217166e-04
2.695611612835140198e-05,4.874086630870416611e-05
7.953531933859824335e-03,8.368325277902839004e-03
2.877131190458724619e-02,2.720710085313167784e-02
4.068719509506750487e-02,3.463906355069327342e-02
4.343681381427344501e-02,3.959999205875140010e-02
1.623717025934360084e-02,1.853042355207932049e-02
2.474947187178065666e-02,2.247618268673026720e-02
2.572944747348105965e-01,2.787335126441861655e-01
8.160787638477956518e-02,7.706432782744367105e-02
1.296207508365724778e-02,1.368913679928493617e-02
1.832155289335517800e-01,1.846159122060900826e-01
2.394119729318353214e-03,1.577236978247997020e-03
2.181739710770441883e-04,1.014923917303444886e-04
3.354115907965345977e-01,3.366141494138390478e-01
4.086255196535888007e-02,3.738307645125232143e-02
2.900802987856987078e-02,2.876947373742249833e-02
5.876815634751926531e-02,5.519757761428650128e-02
3.607235574463689160e-03,4.688020088119688837e-03
6.719191882080798039e-02,6.420370161278200760e-02
3.300973260996162306e-05,1.309065038299951904e-04
1.877059135494797415e-01,1.844986602399344977e-01
2.825772753941910038e-03,4.275256365664403986e-03
2.169574112288306586e-02,2.083140051297519349e-02
1.844972233495827119e-01,1.882645176966932232e-01
2.858188021348874799e-02,3.661362119940019672e-02
4.277148432951770052e-01,4.250218627072423483e-01
9.773715420967269817e-04,9.605311230724215398e-04
5.349277901052993389e-01,5.246321662380969419e-01
1.561266374250446475e-02,1.666661841231673394e-02
1.271701200595756580e-02,1.184136118128214371e-02
4.296291841838319366e-03,3.634064437231429665e-03
1.012996621941189834e-01,1.037780619555710437e-01
4.136688707044337138e-02,4.121022537092251109e-02
1.622721367817304278e-02,1.406139806385675074e-02
1.426454733322599609e-02,1.625911478197153773e-02
1.000671423484312920e-02,1.164213280370940407e-02
7.581789696186400085e-02,7.109752454622557394e-02
4.536331603204455526e-02,4.832413418908788894e-02
5.308035216203504762e-04,1.448237207109170747e-03
5.551419839975909286e-03,6.399962985626715152e-03
2.322476814511252249e-03,1.142282730848567752e-03
3.781557751551756219e-02,3.873102156744773206e-02
5.385836727025977363e-03,6.997286150596688029e-03
8.894637322527790269e-02,8.847424712926220403e-02
5.936543308105479005e-02,5.499337929872342989e-02
2.107430716435295531e-02,1.749635892549888591e-02
1.005021740023126497e-01,1.050118680395669274e-01
2.185881659976708982e-02,1.871986902585723658e-02
1.495572330040575645e-02,1.432012273180820021e-02
1.237246272845490824e-01,1.362411375682562320e-01
3.400270556826938666e-03,1.439661889202223637e-03
4.005527588460330302e-01,4.042282980105365575e-01
3.932141610631657014e-01,4.285439680599628653e-01
7.134293576462219511e-02,8.507785896999303654e-02
1.111565170155368459e-01,1.155082739288546545e-01
2.493490965338046594e-01,2.729184636266878128e-01
6.188586815894746122e-03,5.008389110824641374e-03
6.639463599663478210e-02,6.729168432784364551e-02
2.394356344704270164e-03,2.076092298559637818e-03
1.152784385935810840e-01,1.131822256833579926e-01
1.977329247602692963e-01,1.923258508456932026e-01
1.133510995600461695e-02,1.276234954830380436e-02
8.601123001762649156e-02,8.796902606760793886e-02
1.252785648460754200e-02,1.444259916720028007e-02
8.053303257366848378e-01,7.991912173766826388e-01
1.323738205071528459e-06,1.405063646525843931e-05
3.527124419818526424e-01,3.622562498088605087e-01
1.149890560412552554e-01,1.204261097419569715e-01
1.399140152521620266e-02,1.266148361763162582e-02
3.661088201155598271e-02,3.860941647837591584e-02
1.156416880935017856e-02,8.954094482114077075e-03
5.102551380314916951e-01,5.026685311029801539e-01
7.242833373828262027e-05,3.540999332021024792e-04
1.434632703664648068e-01,1.420364742121416057e-01
7.482359070412334008e-03,8.086687563080105501e-03
2.251169239728675539e-02,1.984331930454303478e-02
8.986543768554736134e-02,8.395004550956644551e-02
8.342205879924853573e-03,1.018326574625433821e-02
2.313031805761554260e-01,2.230247448033751412e-01
1.110023753497242811e-02,1.352701353069150902e-02
2.068157138902062750e-03,2.023995593516467097e-03
4.140159867482035017e-03,2.928277305443371080e-03
3.606605596734271078e-03,3.004301205650030445e-03
1.923883065670089305e-03,2.234485364343266525e-03
5.080535894677583059e-04,1.245876291508331074e-03
2.320765750969539846e-05,1.868202007334590739e-04
2.218520300164958103e-01,2.088259738139507382e-01
8.357537511287151458e-03,7.949264463204779377e-03
1.222104784705825911e-02,1.781427831238426365e-02
8.582011861376115033e-03,8.176379191028917623e-03
4.268637496785269297e-02,4.417324030992699629e-02
2.979488066656519121e-02,3.099403561670082199e-02
2.430126780047460744e-01,2.266324739235261454e-01
4.007217766839656775e-02,4.690729137510320917e-02
4.285649007946295413e-03,5.518500563934385268e-03
2.530959436160041057e-02,2.144856458816373629e-02
4.401362958643954826e-03,4.407799856788228478e-03
2.745655510556316847e-01,2.855969464031603566e-01
2.538115594050392373e-02,2.638352031740603607e-02
5.770776909042392606e-03,4.395501159376022371e-03
1.025048719596212354e+00,1.023459963868392331e+00
2.306414847891926148e-02,2.364615659189449326e-02
4.165406178987855756e-02,4.903478824257595514e-02
2.005319415846544551e-02,1.799353510881630813e-02
1.833317816557158697e-01,1.948027660537711148e-01
1.612294973828878319e-01,1.623645107803797227e-01
1.191028470977567718e-03,2.200827522052349952e-03
6.602781394501595902e-02,6.700313998262155679e-02
4.071467479668906212e-04,8.450716677347565667e-04
1.919862370948193783e-06,8.346945668492559034e-05
1.964614045540286069e-02,1.831087970573052476e-02
4.640795068729870049e-02,4.570859028084406361e-02
4.276714439365909837e-02,3.860429760183838044e-02
2.248363947932921214e-01,2.219256883738021657e-01
9.593593819198037442e-02,1.061984745778899591e-01
4.484523554250344213e-02,3.686459384650232762e-02
3.036205215048827857e-02,2.882294286260699001e-02
4.257329838360969509e-02,4.503660977323188652e-02
7.518598330392748351e-04,2.179941399607027771e-04
1.367276506062252428e-01,1.252752636482722393e-01
9.361728907410001022e-02,9.995000015994945364e-02
1.837912726154746768e-01,1.821038750411765050e-01
1.600779206603646782e-02,1.062494390534836526e-02
5.916247863449707045e-03,5.001359488900809953e-03
1.145399398109686329e-01,1.111264166778718199e-01
3.020434908038524546e-02,2.760071465593559592e-02
4.399589465410808087e-02,4.256123426540106558e-02
3.284371445681769086e-01,3.455149245276130654e-01
1.342848587458960255e-02,1.682118170288238526e-02
4.357958929026039541e-01,4.479254526607925335e-01
4.243475189741455211e-02,3.656433275959345558e-02
2.268259597968347030e-01,2.214819816013733622e-01
1.012525701571287840e-03,1.721282057327536792e-03
2.053642817635863149e-01,2.067864113929296921e-01
5.899460413571369632e-02,5.842183930054761776e-02
6.722823456748457105e-02,6.387075799725019931e-02
1.870986885273431821e-02,1.686745711820644006e-02
1.534213179374452896e-01,1.703235233628576373e-01
6.596577389233035382e-02,5.717583480759934333e-02
1.054835761769114116e-01,1.079048844269291513e-01
8.643808373557143598e-02,8.541080015907934198e-02
1.496375741098812662e-02,1.891352840729272622e-02
2.087837032208750623e-02,2.004582839452476520e-02
3.568528801230571035e-01,3.931081149594396473e-01
1.492229522286662169e-01,1.456759938068450666e-01
1.095984294432778778e-05,6.166568356892036179e-06
4.247654825274928270e-03,3.046965156173927526e-03
1.707477837566606302e-02,2.172711900499998267e-02
5.298346849162600698e-04,4.496181794155300576e-04
1.909472862559445372e-01,1.904620664365766491e-01
2.697246746337661483e-01,2.804587672050224412e-01
2.882824095166424891e-02,3.473635381774419634e-02
2.946494464147797802e-04,1.147770917205347578e-05
1.194098537874725870e-03,5.735659731445957778e-04
2.996260352735738777e-03,2.702585992923552376e-03
2.873033141281418693e-02,2.545777264496574058e-02
4.451279183039923842e-02,4.860343197936888016e-02
1.580841614298831438e-02,1.588330506141466189e-02
5.849963855453621520e-02,6.552497272208675227e-02
1.349922230926353384e-01,1.322445998943634349e-01
1.187980249534413687e-03,1.959678931353603035e-03
1.429714472092205590e-01,1.462578153430650896e-01
8.349728400005721959e-03,8.191874040349119909e-03
2.561820818720428675e-02,2.681514170601951783e-02
2.089050035231228980e-02,2.789903100024122840e-02
3.452293802775137088e-01,3.478993624416364394e-01
2.826810661970841076e-01,2.740608025656525726e-01
6.990703394432878914e-01,6.867353072163615568e-01
5.581587589113012893e-01,5.565627333923061082e-01
1.066238693523695186e-01,1.050934319255479171e-01
2.196771064987953770e-01,2.320146298163585363e-01
2.486927995806760827e-01,2.450288209529081773e-01
2.380966036930848295e-01,2.354463868391563908e-01
1.281599531917264508e-02,1.677381658543633525e-02
1.716433498070952524e-01,1.662674016383783593e-01
8.924459061498435722e-03,1.121390450061199480e-02
1.356157577566493785e-02,1.606671342707709574e-02
9.560762708554389200e-03,9.996655059815466940e-03
2.862081262413814220e-01,2.777904623969465470e-01
2.697342930472357292e-03,5.194777389513492889e-03
1.351440978110291999e-02,1.301599729111396243e-02
1.088987835675186561e-01,1.122361417271572348e-01
1.619402064093469719e-03,2.773858962055735997e-03
3.049633949971371563e-02,3.026484711061070906e-02
1.319472085481779300e-02,1.094858196993709135e-02
1.114022233511844651e-01,9.193789353772628681e-02
2.926399408625120560e-02,2.901673474384039789e-02
1.839049608108593201e-04,3.947944986398359258e-04
1.254297934274643898e-03,1.109105735918234758e-03
8.514543022242041515e-01,8.489797211220356798e-01
1.363274435771023585e-01,1.514332825143854255e-01
8.545637812275919121e-02,9.086147303920449891e-02
2.058170879315089352e-01,2.151282404306712748e-01
8.326231514010989931e-02,7.900500538496003922e-02
6.092700352849348550e-02,6.310760647562757564e-02
5.397332338180668709e-02,5.274898412921336099e-02
7.065773161404177716e-02,7.239471848245759844e-02
1.515427488175594530e-03,2.330421446481520647e-03
2.125430374769127218e-01,2.132832192987704767e-01
1.828606236220688686e-01,1.819338367945993462e-01
2.268176752333516885e-03,1.782550150135202814e-03
4.125388444821814771e-01,3.839969307182843905e-01
1.988139828500341821e-02,1.801127424449868245e-02
7.546910446540872411e-03,8.397777677373189156e-03
1.490818094083276035e-01,1.471741980880730549e-01
3.549178460351062325e-01,3.571396841797074284e-01
1.818859186104397341e-01,1.769451562260675737e-01
1.977599700180172112e-03,1.843281990100895367e-03
2.028185364704665761e-01,1.978297629458856677e-01
2.036049595585791901e-03,3.178596670069503468e-03
1.267631953917537357e-01,1.256712513308561319e-01
2.323182422271497793e-01,2.294026463615901901e-01
7.750176089939234125e-02,7.219461560255803489e-02
2.685676523306288477e-01,2.703205140054049105e-01
7.638816023921203222e-03,8.589177282207201974e-03
4.263609259461525330e-02,4.154809354488840645e-02
3.827404524115984169e-02,4.585501712049854656e-02
7.800938036829318232e-05,7.630758407101861069e-06
3.173729460876013042e-01,3.174016070808282075e-01
1.840085677169461548e-03,2.143538639737055385e-03
1.043397204201310796e-02,1.350623058598078227e-02
3.225948070102036772e-03,2.761660263017366983e-03
1.279509591948349047e-02,1.523548637032860059e-02
2.511843385830692804e-02,2.656393014237740102e-02
4.940571620665971247e-03,6.437573990498312096e-03
1.913751392064515569e-02,1.968627359224275550e-02
6.397990701193183305e-02,6.371621925532759689e-02
1.044775070695322244e-01,9.752408549501753732e-02
5.355813511115815884e-02,6.111638384220086789e-02
8.664656081955704123e-03,6.025325831837664500e-03
2.942800969222576432e-02,2.571526569516738303e-02
2.266564046075726993e-02,2.412904150577756604e-02
7.261191949390052858e-02,7.562738554444066452e-02
2.808456481828917536e-02,2.567556417148467510e-02
8.305726795966074800e-06,1.167266629637719710e-05
4.439937456309177836e-05,2.201744269823243717e-04
2.839051990839762674e-01,2.856318608183356367e-01
3.627866344456619901e-02,3.305542566708032787e-02
1.224886700191938210e-01,1.327651785515352456e-01
1.031081596282489889e-02,8.500259645116548315e-03
7.116555881959599206e-02,7.270533840036071116e-02
3.660134465217194100e-01,3.760880689776366914e-01
1.937636594139747759e-01,1.894880061916623670e-01
1.999487298249389908e-02,1.654077737909514373e-02
1.959411032257142304e-01,2.072439802064060810e-01
1.886782002520958346e-01,1.910905008351144463e-01
8.298826053605830311e-02,7.651600121545173994e-02
8.657878768558338156e-05,1.521856069016781039e-04
1.708382848094000817e-01,1.757180879007133045e-01
1.747442037054825663e-03,1.952636742218919787e-03
2.514550668827286728e-01,2.512956641211261943e-01
3.478751219482096972e-03,2.405559646455444553e-03
2.581175430990186731e-02,2.651602324449208251e-02
2.570361902635505055e-02,2.839430052368253563e-02
1.212368906891701931e-01,1.208200330121099453e-01
7.414339073433153481e-03,7.527064671434778413e-03
2.296369137748769176e-02,2.082411610612776298e-02
4.118807998828596939e-02,4.558173964223546926e-02
9.053044590328643770e-05,1.473967135422314378e-05
3.999572001524296164e-03,7.711957845652035563e-03
2.014646787208001361e-02,1.972672593608695846e-02
8.733757569430021517e-02,8.666865498651495081e-02
9.873817921224940786e-02,9.326300663603694086e-02
3.917684956765794119e-02,4.588403099922997580e-02
2.528902340128840603e-02,1.846642767988815326e-02
2.766883005068087112e-02,2.641382934563194992e-02
2.108189848918045185e-04,1.254377026224724094e-03
7.492812689447025942e-02,6.974802432029177102e-02
1.349858862331381219e-03,1.774916035067619245e-03
5.053590835199991971e-02,5.016797383454649900e-02
3.792907223137157932e-03,4.101724642556921034e-03
8.037159101422443677e-03,9.272737686704455098e-03
3.212776902635514770e-02,3.608641445766453543e-02
2.592163579280672980e-01,2.636179510516957758e-01
3.734097191535070553e-02,3.204704793091882331e-02
9.682452656752153775e-02,8.803894464970969669e-02
2.999721689466601504e-02,2.785837677792499592e-02
2.264138025808177523e-01,2.252883354762925949e-01
7.039544568455687696e-04,6.772550142196567900e-04
3.584879201874180965e-01,3.538616159742887235e-01
1.272314156904152282e+00,1.271469682835270731e+00
1.592513165919375029e-02,2.017936008821097013e-02
7.300198796097296088e-05,1.644118776840959921e-06
1.252382355816282766e-01,1.205045802577364294e-01
2.213436220028380530e-01,2.270637743927649832e-01
2.835340362800506386e-01,2.777218485375005930e-01
1.083249974699533949e-02,1.055776611726492488e-02
7.149420769796606965e-04,1.479282017488677556e-03
3.605773209818711501e-03,2.473013606894797038e-03
1.329009527019505907e-02,1.239619420267723364e-02
4.643080816953815831e-02,4.638349100419206228e-02
1.210991818695084099e-01,1.111865666526237195e-01
3.912280895481676235e-01,4.046764963417916472e-01
5.410611674272282345e-02,4.917850190081488049e-02
1.180186443182977274e-01,1.268589546937499701e-01
1.564439180201040655e-02,1.607525178361130652e-02
8.899741425769787384e-02,9.342972171165254969e-02
5.239409552989319346e-02,4.944441472218207706e-02
1.485747500286379620e-02,2.003686399817442010e-02
3.175301838758133322e-01,3.078328736371663266e-01
1.007751988856766525e-03,9.687645474621415891e-04
2.250201374755182726e-01,2.357515021937231225e-01
3.315630667450154001e-01,3.296515209872810659e-01
4.041423392122506925e-03,2.303262263397066242e-03
3.799288841269837791e-01,3.798178032949149907e-01
7.266423734339146501e-04,9.466395147613116887e-04
3.359212006794585603e-03,2.865228684722936382e-03
4.004756186899547515e-02,4.657468966254700582e-02
4.464791703383474801e-03,4.153913975563427313e-03
8.063620097934220271e-03,6.232737216291373179e-03
1.198340417902982735e-01,1.259355007151934380e-01
2.521438578232856886e-01,2.403873620648200593e-01
1.891943147027305011e-02,1.908379458430645159e-02
8.799742748778853485e-02,9.893316308031534223e-02
8.765643414515942450e-03,7.509807443742001765e-03
3.860130013652231518e-01,3.770468810732058862e-01
5.054433249704901043e-02,5.536238114432155688e-02
4.360255328435682087e-01,4.223704798159358398e-01
3.432727965630212597e-02,3.217735525875142083e-02
1.627094793669257300e-01,1.562264070126948845e-01
6.796651986862306408e-04,1.462427433742625234e-03
2.379981681843878344e-02,2.428856007759307156e-02
2.833796823176973900e-01,2.854806998298586307e-01
2.942009726769947431e-01,3.021383675073241459e-01
5.917842285297459509e-02,5.723663848977431773e-02
3.410930117538939904e-02,3.588478800037988442e-02
5.831423555252477353e-01,5.771316381878192070e-01
5.562690428253693267e-03,4.071800571097555950e-03
2.506902109846967375e-02,1.819389157854608974e-02
2.027332592231811115e-01,1.889403346895634772e-01
1.157435509541495655e-01,1.162591313834978740e-01
1.136719402322479144e-01,1.165172639034492280e-01
1.984950356326111998e-01,1.958728120911011061e-01
1.711544975561642493e-02,1.797253398177890357e-02
3.480132010430946332e-01,3.501643242104101605e-01
9.825495835405487904e-03,9.693535875936196491e-03
1.820489623534340684e-01,1.869855552024419221e-01
3.741746956283866637e-02,4.460790442106992576e-02
3.270796976416312507e-01,3.274117586866396867e-01
9.786375051802390090e-02,9.439422674100411692e-02
7.142553496562954740e-02,6.787844251397213979e-02
1.375883386166666460e-04,7.088742038445349912e-05
5.869005717492880051e-04,5.633820158843196512e-04
1.510359071016912080e-01,1.464326652191402234e-01
4.257053924512911765e-03,4.125011987576731806e-03
1.149663912589154874e-01,1.242555736307494191e-01
1.779699117641921416e-02,2.132184971185732691e-02
3.762319019030180983e-02,3.633021355481929476e-02
7.496773760200314829e-02,7.097011157992255681e-02
2.390693596161164863e-02,2.685687305165713329e-02
1.508579521298739762e-02,1.449282556421744445e-02
6.256242513077987788e-02,6.258041615982268269e-02
3.465874692347066261e-03,5.703170799804653524e-03
3.368022255378180438e-03,3.358734821255467216e-03
2.233940523702042467e-03,5.712014453029407891e-03
7.653530342578790391e-02,7.739749180884393509e-02
1.168883848172089651e-01,1.162178323244727751e-01
2.466700154374732671e-03,2.505569287891606413e-03
3.356179817396257731e-02,3.111105222317999894e-02
5.412616769970081121e-01,5.274590719879602707e-01
1.386688174274301744e-01,1.268094989918285842e-01
4.024258382298365449e-04,1.333241086917743169e-03
4.526367776757307670e-02,4.456463719725418243e-02
5.725669241829470582e-03,5.587012331551701599e-03
4.831023163710119750e-01,4.742914344280763084e-01
2.693769663162066674e-01,2.762840389483293690e-01
1.442689709661231223e-01,1.445065489209159948e-01
1.266573496206802388e-02,1.528498362818129716e-02
3.568017204092136657e-02,3.427979604171439015e-02
2.489893831328852600e-02,2.524759361627789203e-02
1.292218776432990379e-01,1.198549239341121925e-01
2.442017407395758247e-02,2.917182868384029376e-02
3.693469058633105234e-02,3.489455474447049343e-02
1.513341488891027826e-02,1.525747366114242609e-02
9.345780032786671354e-02,9.755214392059904926e-02
5.377386080487052133e-01,5.322187937210469677e-01
5.200570346886619269e-07,5.023120167679509036e-05
2.212622266886194594e-02,2.466321482460579959e-02
1.195119539063190239e-01,1.105768386721794339e-01
4.756332296492964129e-02,4.095554217951623277e-02
2.474095253175774990e-03,2.710143842415105916e-03
3.106474124354296693e-02,3.319429977039972668e-02
1.017247312524935249e-01,1.036235475247475196e-01
1.219184225764984864e-01,1.123402270453667667e-01
3.099296759213858443e-02,3.021208451938854969e-02
3.983025150980951112e-02,4.270030548446267227e-02
6.810712585886173794e-03,8.585151342379799058e-03
3.917914011609511388e-02,4.374307151649115682e-02
2.045813968311188322e-02,1.820522655257067468e-02
6.557750592783686931e-03,5.280119515880382468e-03
2.868305263368566352e-02,3.144312021673291435e-02
4.799003645372097032e-02,4.876332897726774751e-02
1.615620276846104972e-02,1.816606863003275216e-02
1.094079442280345565e-02,1.390468005757691632e-02
1.932458679997635029e-02,1.551761546529847532e-02
9.223807767577274497e-02,8.495891717531696419e-02
2.643283904940239154e-02,3.367174611236580656e-02
6.785939154107947791e-02,6.047578823034209516e-02
2.240897934523689294e-01,2.079841501811972582e-01
8.140684881069458478e-02,7.372066914349785505e-02
2.460512166426589431e-01,2.558155382183126547e-01
7.345053937848093628e-02,7.182053769789416287e-02
2.805524452847131256e-01,2.762242084030180345e-01
2.395537235017914934e-01,2.261133125904253860e-01
9.020287484054038962e-02,9.300643611841773184e-02
5.839577196271708613e-04,2.810762269166421727e-06
4.152432036038474633e-02,4.639646367593666665e-02
6.744059009787878312e-01,6.497421223292902948e-01
3.093934213398474853e-02,2.784481910121560516e-02
5.277495309201730295e-02,4.695343445895112239e-02
2.880907290706309219e-05,3.148365089339920690e-05
1.262509344681523107e-03,9.858606816621109502e-04
1.222678144292405344e-01,1.256479926498672850e-01
1.779634674613459029e-06,2.259768297959560938e-07
1.242360437428996489e-01,1.219684277428872976e-01
2.492743290928622624e-01,2.634928010628009298e-01
6.381291754953816175e-02,5.987981637958229852e-02
1.737756945396007335e-02,1.534862463365022252e-02
7.449730975274482248e-02,8.173210587072254896e-02
2.258776075338932848e-02,2.685922164523574240e-02
2.061146574255961691e-02,1.888630252574888951e-02
3.826618959561982336e-02,3.838812497879025981e-02
7.156947864078615218e-02,7.476179348785433332e-02
5.208667731496775116e-02,5.622557032159977014e-02
5.054377753834808917e-01,5.038342143201688383e-01
8.479239127021094558e-02,8.986664760651107142e-02
1.603106418040803338e-02,1.813575555004828810e-02
9.877780763534748515e-03,7.563921515668050287e-03
5.707109652169819330e-02,6.791746264065817718e-02
6.926255697733565975e-02,7.000755929228547059e-02
2.036956603918927688e-01,1.985210534346440181e-01
9.517177222920923663e-02,8.264538974275545402e-02
9.579794786426565345e-02,1.086880917622433523e-01
3.185706275998066439e-01,3.180284824270449562e-01
1.249222773652598484e-01,1.280063434451123305e-01
4.535053756718609584e-04,2.210957739949522059e-04
5.344569220384172425e-02,4.478206838745869139e-02
2.282867102602661458e-01,2.229982277444433891e-01
2.172490424928915417e-03,1.843264245598218469e-03
3.305213897902539028e-02,3.176703785914614109e-02
1.434587686959276354e-01,1.445143530421409694e-01
9.086007844358602314e-01,8.965821604190318261e-01
3.049983377003054330e-01,3.109495549363980871e-01
1.312441532619925966e-01,1.313270030686853052e-01
1.665633413010351449e-01,1.586965140360447335e-01
4.177010816602222398e-02,3.753958611333688133e-02
9.132004885396038940e-02,9.785122301625570618e-02
5.673085235033686891e-01,5.733799597435291773e-01
2.550219009799319439e-02,3.090026083285933589e-02
3.492585175386037771e-02,3.975238650169041904e-02
2.523020502401132625e-01,2.552337831247302180e-01
3.194653086582805446e-01,3.405418585514830565e-01
5.391925959127605306e-02,5.435438054966790222e-02
1.258166324779427109e-02,1.206529414613818386e-02
9.657811281748128474e-02,9.500292176435665148e-02
3.253424687495221623e-01,2.983742436291662026e-01
7.999750681060594990e-03,7.114207729879543952e-03
5.313120840419729637e-03,4.539492545166557737e-03
1.532328619794703743e-02,1.707050507516392687e-02
4.617993245469106389e-01,4.421086039234357612e-01
9.452036574411393915e-03,1.214263834407709741e-02
1.548475081274679477e-01,1.581913862769787071e-01
5.248704412081067056e-03,7.062872911874790507e-03
4.687132179530512782e-02,5.031877460129201285e-02
1.538728764010758587e-01,1.369182799485209878e-01
1.127983704232602968e-01,1.118192159614391223e-01
4.755501207507137888e-05,5.575250237587338169e-04
1.303991418302393596e-02,1.061273022835712392e-02
8.312288351642745446e-03,1.060307935818214330e-02
2.553818412239060721e-04,5.064402407000897794e-04
5.965422005410458972e-02,6.311281636095211756e-02
8.257975867329780343e-04,1.026538849938718597e-03
2.841916158222780597e-02,3.017485554854471702e-02
1.356883923184118435e-02,1.239752339905608215e-02
7.152331888258346704e-02,6.476662246439653103e-02
4.460686764264847337e-01,4.495930818516202798e-01
9.466824546464468193e-02,8.843916433350607065e-02
1.941293160879206670e-02,1.640052256395739885e-02
1.624804897590207686e-01,1.561254179521164021e-01
2.884614208160402385e-02,3.448193688000267959e-02
3.375967716536968921e-01,3.322023633997600589e-01
2.005828027632216085e-02,2.543199856775212389e-02
9.045687321878073629e-04,5.231727092539364228e-04
4.764775882291831348e-03,4.764091365640288692e-03
4.558920954033191149e-03,6.614336001157327012e-03
1.648982013757938347e-01,1.540654826802769495e-01
9.612111858413907345e-05,3.485445575225073973e-05
2.392899518284446192e-01,2.353662742760273541e-01
5.028007786880649534e-04,2.308113418719275802e-05
3.906011864596573707e-02,4.236270327549058329e-02
1.429394716468667670e-01,1.339207756884506495e-01
6.555449077506610156e-02,6.751482020743590495e-02
1.966128417146195684e-01,2.130764566736967902e-01
2.077743783533177180e-01,2.167679868497655038e-01
2.158694187769026607e-01,2.070471480866484804e-01
2.056259922067637386e-02,2.444376744150771399e-02
2.716461498941551422e-01,2.965577147132595903e-01
1.249374397935328713e-03,1.386289930569883488e-03
1.170458204514413523e-03,1.518278840418319864e-03
7.826718817971085873e-02,7.176693288073085486e-02
4.691214779542262313e-03,2.925473724799624881e-03
4.825351043100904042e-02,4.980548325399399012e-02
2.210212053526772885e-03,2.378305765869201220e-03
4.948482938291464198e-03,7.352216314861120643e-03
3.844564832155575318e-02,4.166090070043896448e-02
4.743419454454061643e-03,3.824824519362702690e-03
6.438022199951174418e-01,6.414363489992237488e-01
2.677889958020746638e-03,1.009401478285001062e-03
2.177666590123315642e-03,2.620303904831590338e-03
1.591344413869112684e-02,1.677492164277641015e-02
9.818395822836616105e-02,9.571218416846180577e-02
5.979507124244513860e-02,5.544203059246533699e-02
2.005176124760985751e-02,1.780019920441018241e-02
1.417532136391518593e-01,1.334057079692806957e-01
2.334270006435333958e-02,2.471159336728185121e-02
3.633478529624527276e-02,3.444911125342482033e-02
7.963830564679906868e-03,7.638978388849808517e-03
2.124464947125341285e-01,2.018993622080595407e-01
5.987004473746079239e-04,2.540829936802087383e-04
1.154100835006369313e-01,1.161640355211926989e-01
9.345190388033393358e-03,7.226014778424145676e-03
2.766579370929752035e-01,2.652105080601904752e-01
1.902794498704281911e-01,2.049644888592168923e-01
2.312844361404479132e-01,2.241227324026277001e-01
7.021073137407072770e-03,7.311195924843734949e-03
2.986877791041147104e-02,3.435834283377830339e-02
7.971645094296164746e-02,8.325998174768578508e-02
9.266680410979802329e-02,8.399852603116605976e-02
4.519936505353116390e-02,4.917789800102500414e-02
5.092675622597568896e-01,5.185084383990874457e-01
4.085504379851731885e-03,5.044114218077841959e-03
3.105182489601684970e-01,3.340055279736076077e-01
3.109316207154893749e-02,3.742813434819611262e-02
1.095833781476980018e-01,9.662236072333266201e-02
6.110016608682126288e-02,5.970681830639944232e-02
7.294096883899384154e-03,3.986284207050229053e-03
1.249236947356233696e-01,1.122064973329210402e-01
9.710879967260714618e-02,1.057689353623570139e-01
5.948218130091110362e-02,6.111061894719815868e-02
4.086817228521905793e-02,3.986005930145884724e-02
4.726380835066030239e-01,4.660221711562848035e-01
1.156424474083272259e-04,1.150529083765686487e-04
5.011268432230386871e-02,4.990512010024577422e-02
1.459170060226963953e-02,1.315397931607513796e-02
1.575252367554949226e-02,2.054688978951183659e-02
6.456353710379275634e-02,7.209448516357704062e-02
1.187078164421152549e-01,1.143813709289443065e-01
1.510184362363323207e-02,2.038309279335732971e-02
2.883174830857693043e-03,5.098246947585273990e-03
5.922167482168299441e-02,5.350476455070552612e-02
1.095262780712457779e-01,1.005843323659553340e-01
2.817485827971313306e-01,2.918984863590932122e-01
6.465776305577707050e-02,7.094802277704827242e-02
1.847169379052970156e-02,1.939183018167339040e-02
1.304628240077664869e-01,1.325551371881312224e-01
1.276376046968870359e-01,1.168547663500154460e-01
3.527060503948637599e-02,3.330789837389239172e-02
2.679318211684428644e-03,1.653977233223709277e-03
2.256018544860063577e-03,3.068589370446551511e-03
3.601599994109500741e-02,3.856117744786972945e-02
1.333381743698852651e-01,1.435761221387202857e-01
9.366356917763869749e-02,9.396607797671449602e-02
1.052283102934745487e-02,9.467595417865348750e-03
9.599587474559710676e-03,1.012038300183722324e-02
1.603407890063216282e-02,1.257464031837916482e-02
1.495506177100434757e-02,1.194965216543179311e-02
3.876899523014631227e-02,4.335391927562463887e-02
1.463678618823778879e-02,1.921958507560811089e-02
6.184734111753679986e-02,5.392692441234257089e-02
1.270574972695651950e-01,1.325582691688556580e-01
9.845456158946486180e-02,1.038515773162828337e-01
1.760107796144258774e-01,1.803817696721554398e-01
3.100417168240924767e-02,3.846505858078400758e-02
1.052885591120490127e-01,9.921306868480347929e-02
4.016962389949990109e-01,3.943339891345514769e-01
1.242349970372616241e-01,1.091505175341410394e-01
1.538663455731702490e-01,1.380826499338111135e-01
1.271433014919085003e-01,1.358483888017457120e-01
3.058826133637807670e-02,3.370253427378300248e-02
2.185399019703470058e-01,2.298726855391673984e-01
9.295924691572386711e-03,1.065325771444503369e-02
9.276357884244294805e-04,1.639681257680608009e-03
1.561954481246709790e-02,1.470532258381453301e-02
3.046347922431690836e-01,2.789465665139906347e-01
2.230847155431826823e-02,2.485509288046414827e-02
1.137153793780568412e-01,1.168782242459784348e-01
6.526339528760695119e-01,6.656875693631508772e-01
4.002954712470373211e-02,4.587662897353116803e-02
5.141790530006289384e-01,5.394191748854857416e-01
2.913934197559139294e-01,2.626091081828252349e-01
9.010465666549430722e-03,9.790779364788899930e-03
1.380980807513276440e-02,1.658146438960935234e-02
6.243128558750463131e-03,6.132521542019023567e-03
6.126688950949311929e-02,6.098242053590567646e-02
1.108952873066293215e-04,5.196113282266875922e-04
7.279255216305048348e-01,7.490813513201611817e-01
4.291606887839886225e-02,3.347846870929784002e-02
4.600931805458193663e-02,5.466092603509706271e-02
9.642545670852516182e-02,9.632862104887311705e-02
2.674439437742852643e-01,2.581783538396680844e-01
1.829494877217006238e-02,1.628810695530434616e-02
2.769901013252734981e-02,3.050712215862170021e-02
3.198125570135214313e-02,3.622922856788719781e-02
5.834302490854812590e-02,5.048476720030024151e-02
1.365232141708183286e-02,1.082500761614164572e-02
8.067481400799459204e-03,7.462270100306247697e-03
7.634014317313066178e-03,7.311252494908525475e-03
7.355115236332190540e-03,8.206744584763453129e-03
2.339459825485898023e-02,1.704071166840046350e-02
1.180493837280867236e-01,1.264724530495460741e-01
4.977239169614828818e-01,4.932103006224800579e-01
4.456089108409457683e-02,4.249823615817337197e-02
4.036195069573415297e-04,1.031842795595562783e-03
1.983833700560128921e-01,1.975640780053495305e-01
1.004323031011872813e-01,1.032363112329140048e-01
1.671687098513516961e-02,2.101868074796130886e-02
2.627236293658674615e-01,2.778636865431698411e-01
1.234294532149429399e-02,1.583418908750881121e-02
1.187736944984011389e-01,1.265137177328997109e-01
1.384096536340362858e-02,2.001490064173453570e-02
1.881020446991248443e-02,2.449401262580533367e-02
4.024416585245619606e-03,3.799153352696597614e-03
4.625590234365967862e-02,4.477633024194863087e-02
1.061177092375305830e-01,9.337814554651449606e-02
1.050152490425640128e-01,1.102741006451689598e-01
1.218402287911443393e-01,1.120292609921990368e-01
3.785835977824965337e-02,3.117543090349232313e-02
1.658297745266565024e-03,2.454708907924691482e-03
1.737029375382948687e-02,1.433850722311134918e-02
1.874319140368601103e-02,2.260694394584432387e-02
7.105746061210574394e-02,6.803013962806826742e-02
4.339760254865651819e-03,5.319413581612171885e-03
2.948939907330625984e-02,3.356691225880810425e-02
4.470561200167609550e-03,3.618736481455185616e-03
1.164959149406600836e-01,1.224580734006749938e-01
2.991106457390813392e-02,2.537295178508277085e-02
7.602542730847747232e-02,8.107386350484409310e-02
2.209539951103987876e-02,1.922801749939707927e-02
2.935120760545667506e-01,2.868974707794915147e-01
6.331885997271947952e-02,5.936072943382422751e-02
8.314963687437020370e-03,6.694098150894362866e-03
2.948096760024079832e-01,2.856419879983737586e-01
1.360006551206231675e-03,1.632303102413327914e-03
1.712746954354665008e-01,1.650957951464697981e-01
6.292898274049320284e-02,5.728526592584870514e-02
1.169348332414021086e-01,1.154725763617271556e-01
1.544126675220723610e-02,1.720704433021798957e-02
2.554747370901342962e-01,2.634875851218724252e-01
2.304629963268059467e-01,2.474911525899624598e-01
2.710647798129651401e-03,1.707673452872371161e-03
2.158030663207918462e-02,1.948430195100664050e-02
3.059987577697727557e-01,3.015503094706158960e-01
1.629282036552705815e-01,1.561628267846809637e-01
1.531873838795475874e-02,1.361164601092808117e-02
8.068376738556484740e-02,7.140355604740684925e-02
8.376854425022365810e-04,9.606282178031812441e-04
7.484563219541502666e-02,6.802878486167443506e-02
2.654487026668369068e-02,2.387285219737667399e-02
3.296964362251694203e-01,3.045629182271257784e-01
6.129284841540407272e-03,5.653196652688095500e-03
5.362918658573969169e-03,6.914278988838511338e-03
1.350581833899754947e-01,1.306693661871916601e-01
1.845829701975344461e-01,1.882247575869316347e-01
1.454953339210161845e-01,1.464989453704219347e-01
1.311415717295350003e-02,1.592560866056107194e-02
3.578318612540410532e-02,4.341543567079466509e-02
1.159080068646122091e-01,1.125796208542429594e-01
3.333436435094980829e-03,2.571918973899699461e-03
3.415493508124892120e-05,4.223192424934020333e-04
1.593957395601177778e-05,5.933192885111391625e-04
1.378159687632775701e-02,1.854645045758348404e-02
7.141375941705657183e-03,3.662101277731599509e-03
7.385254939169790336e-05,3.609516263211984982e-04
1.098482672258272938e-03,1.068541611909401513e-03
1.870305824552909082e-03,1.551529407697486507e-03
7.910500869269233848e-03,7.137151821154844207e-03
1.168721485582487341e-01,1.197913128886580608e-01
1.588988407653199320e-01,1.558299511853240282e-01
1.270918333224345030e-06,2.601891783967311172e-06
2.179612914055398688e-03,2.552655663508213244e-03
3.862009633220134242e-01,4.097838748222276117e-01
8.878110436026202812e-02,8.270590371754342474e-02
7.327659044469322924e-02,6.286604984244305305e-02
2.067648038531332000e-01,2.010124522476918751e-01
3.757902594128070123e-03,2.652688367145157860e-03
3.022300177292277547e-03,3.299800341735032935e-03
1.184729537234602420e-01,1.273883831186778115e-01
3.950286046168322712e-02,3.842856219703884996e-02
1.753116380895716970e-03,2.288299353218376138e-03
3.049885005811879199e-02,3.565723561360568949e-02
3.350455687847259667e-01,3.312017060844784644e-01
2.308181260186850658e-03,1.099728850511297361e-03
4.702031377772538656e-01,4.528218817336613355e-01
1.988744065636452799e-02,2.011316378186956549e-02
1.763172779792998024e-01,1.875369680242461590e-01
6.485083752512123788e-03,6.468446287491979099e-03
9.084956535027598201e-02,9.515490234075066334e-02
8.579596927493909897e-02,7.498046141739175829e-02
3.694517371278789319e-01,3.834078783856300077e-01
9.433831977539418323e-02,9.425260021729932325e-02
2.942507312689077517e-02,3.061602959903755514e-02
2.112347834532115887e-01,2.196323877205768604e-01
2.062544118827780437e-02,1.759784735422555840e-02
6.052308679458418515e-03,7.622717963837127506e-03
1.161576175749200052e-01,1.117565448014155305e-01
4.050723494052068524e-02,3.584427466460385348e-02
8.212078367574960556e-06,1.275711568127216235e-04
1.320256104792713325e-01,1.441294036454622840e-01
9.261115983145338029e-03,1.119395514840448337e-02
1.531550392526962179e-01,1.616628582767799249e-01
3.441007708116564784e-02,3.349240308885862577e-02
1.431189211366574662e-02,1.827570745131096644e-02
6.865850917620423821e-02,7.081620718818106008e-02
4.251608857692505961e-01,4.166600715461373228e-01
7.532622589710494254e-02,7.722356329435806077e-02
1.323577887097158838e-02,1.140583423060835544e-02
2.434630225985569274e-02,2.543583709071861598e-02
1.046876431332692259e-01,1.116894532827652081e-01
1.712814103663756193e-01,1.824577725362577230e-01
3.205036834440213450e-02,3.573960188280245198e-02
3.496207140593648316e-02,2.907237488536845021e-02
4.188153959463046805e-01,4.028619181709943153e-01
1.879435145355540238e-02,1.388174831815335193e-02
7.223155266322296014e-03,7.556745207656476344e-03
3.859932478976795239e-03,4.051199401134086137e-03
2.818395126281849489e-02,2.367722432957797968e-02
1.458617725459382050e-02,1.184799480783132151e-02
2.539012910819064134e-02,2.483307375441671724e-02
2.354981743154388116e-02,2.794062356553460996e-02
1.377705348531875484e-02,1.492098628554491824e-02
7.681279258053506920e-02,8.281668319508614373e-02
5.111461338860300713e-02,5.635758348709837134e-02
1.539771484937800528e-01,1.433209905704427578e-01
9.409837496579932445e-03,8.646700132572510480e-03
1.513763530713661820e-03,2.467961035725274588e-03
6.734404383778237095e-04,7.943635213509210634e-04
1.077592024969952801e-02,1.393817221445516064e-02
2.554970024310113108e-01,2.599419597222661360e-01
1.243156576461550318e-02,1.347622645161815520e-02
8.706539531551533984e-02,9.817432295454980862e-02
4.402453588424377548e-03,4.437646769072004817e-03
6.386989526447999221e-01,6.762748462696863694e-01
4.131753433509922080e-01,4.151065802029252905e-01
3.060149616893700214e-02,3.305296771409773487e-02
1.248191744671602460e-01,1.331295914230254396e-01
1.357287727252887988e-01,1.463309346828016166e-01
2.442467331056283886e-01,2.394092993717832352e-01
8.500801255746541496e-02,8.213658815762296672e-02
1.474524674375214325e-02,1.262551648504592512e-02
3.977445075403396313e-01,3.928306630453758386e-01
9.236132356829911301e-04,3.811242941748836741e-03
4.247333367154271927e-02,4.630685644078424285e-02
4.119468705103360162e-02,4.168167117943970268e-02
2.038850645740140541e-04,6.203648886472928892e-04
2.931916060825083374e-04,3.511344900139998790e-04
1.538717805530846194e-01,1.424057379230014575e-01
1.446522408110953728e-01,1.556054584727844248e-01
5.438264195554409069e-02,5.917310929541379216e-02
1.627007756069454025e-02,1.390930352341456303e-02
1.698909926881188026e-01,1.761573312353245380e-01
7.512836571591740252e-03,5.220699309918910500e-03
8.047392404346960515e-02,8.111067986299641541e-02
5.049512343331332039e-03,4.721120438016855950e-03
6.803792631992129983e-03,8.034201307392341979e-03
1.392051978690202196e-02,1.751547225753234682e-02
6.486379888620882883e-02,5.819720060647952387e-02
2.521583702311753356e-02,3.153649376286877387e-02
6.187244418935795506e-03,8.015737598119420521e-03
1.445612169158330962e-01,1.586268236015804245e-01
3.781437863497763563e-02,3.146341741223793870e-02
2.081098988912270520e-01,2.056125293489799721e-01
2.796185110326259715e-01,2.857635631609317106e-01
3.079443446605990495e-02,3.162164148079929515e-02
7.933928736865240514e-03,1.029700854371902626e-02
7.752627863648542395e-02,7.529891175384841040e-02
3.586918459738479559e-01,3.591900883897227725e-01
4.690122926758424904e-02,4.528138469319308024e-02
1.714093958684955177e-01,1.783402390300890816e-01
2.111016183107883304e-01,2.062457410535923907e-01
7.715318219295903140e-03,1.070971894987813276e-02
1.237686929955672949e-01,1.196365246636282020e-01
1.710852277575304892e-01,1.650889933010290522e-01
1.055977871531908752e-03,6.740472053523525195e-04
2.805980850720585784e-01,2.880775399863411135e-01
5.377975742141997972e-02,5.023864012792221556e-02
6.561189841458124736e-05,3.395537008865025968e-05
9.208510122718131796e-02,8.335643387897975765e-02
1.343711183027448408e-01,1.217495204085705385e-01
5.948071208595001602e-03,6.956072016404223242e-03
5.307045717019982511e-01,5.148697481754581640e-01
4.555983701220344545e-02,4.777930575916877753e-02
3.157653986943816105e-02,3.773117258116490819e-02
2.098153253800681683e-01,2.141738018178920011e-01
9.034791469790192341e-04,1.237377273535913492e-04
5.888211571512795561e-02,5.472257215033810018e-02
1.675344260910583902e-02,1.601720975472704922e-02
7.302663831821450352e-05,1.817193044943678974e-04
2.064935336534718009e-03,4.044053949602693064e-03
2.484235449905533855e-01,2.551126727436971997e-01
4.386646507826594266e-01,4.529487320924126537e-01
7.027525818056978672e-03,7.652308462005508530e-03
5.984741236784887723e-03,4.396526159085430152e-03
5.691782581260140111e-03,6.505487171967323963e-03
1.838499433391428406e-01,1.787903257863143192e-01
6.666170832389474443e-02,6.753883894073695049e-02
1.191903434090465091e-01,1.043637310536363744e-01
1.660050553497126324e-01,1.736961650740436736e-01
1.565218443046886669e-03,1.798865482328540575e-03
6.333171022842897235e-01,6.521331552800463394e-01
2.567121655720172035e-01,2.542662356413412095e-01
1.653268363983530775e-01,1.673813434427688929e-01
4.998600713052579053e-02,5.202300318172463356e-02
4.736312116254136617e-01,4.801117871981807617e-01
2.491231322160200254e-02,3.096965860425329037e-02
1.124614352428656150e-01,1.114466867546698992e-01
8.711797567405396014e-01,8.711621220525287423e-01
1.215321041401396795e-01,1.220202441840512880e-01
9.132518783558333728e-03,4.884012382243050655e-03
2.498921006418059268e-02,2.158821601808234153e-02
9.126592287750227850e-02,8.219975137920837449e-02
3.654781299230037972e-02,3.569484862994450752e-02
3.158384640267631639e-03,3.502376967945933228e-03
1.193716318091711179e-02,1.223164893180438487e-02
8.358038106282029978e-02,9.414095798230227852e-02
2.654202419188452788e-01,2.662736644515206197e-01
1.682873639163306361e-03,8.926779714612571729e-04
1.164824499655601336e-01,1.150632010265891514e-01
4.357130923496572716e-01,4.107240618521578734e-01
2.679892774162983410e-02,2.295573368909996706e-02
2.297219076178476371e-02,2.497497434292211480e-02
5.184106790488557381e-02,5.171595176331758581e-02
5.658432671447926471e-02,5.549471357454028447e-02
1.195054785192383728e-01,1.279314171542103029e-01
1.079633354881309737e-01,1.024619301833366858e-01
1.664598082423233150e-01,1.860804115200832276e-01
5.367069905747221366e-05,1.060153025010593923e-04
5.938642117713637675e-02,6.282569339146744369e-02
5.888189910433359181e-03,5.803619643056365414e-03
5.817998653623072253e-02,6.374768647802683819e-02
3.481276551705308878e-04,6.775481621605170413e-04
4.139011211577119098e-02,4.314589899708670684e-02
2.689592245878249521e-01,2.484767609472481320e-01
6.623786378432284794e-01,6.211645537643630810e-01
4.897331114081553138e-02,4.267728130615054682e-02
5.407245877985597526e-02,5.217528208213694646e-02
5.565377775849694730e-02,5.204203738417195052e-02
3.875747085593669178e-02,3.642064009347469045e-02
1.835080110557007760e-01,1.977462912679301132e-01
3.107926905799307093e-03,4.964969196633872012e-03
6.207167615189491776e-03,7.238275319268503739e-03
3.041094251095851075e-01,3.004434545649642962e-01
1.196388120462164861e-01,1.222538324407263371e-01
2.993296616041928315e-01,3.030554541859831752e-01
3.000549122704362567e-02,3.510821703149077933e-02
3.786820402169507327e-01,3.729875812377080879e-01
3.550011866387344783e-01,3.619528379844138000e-01
3.142838696423672779e-02,2.843208106384510769e-02
3.311553466741120055e-01,3.124108222462241846e-01
1.203921115683923432e-01,1.167429341583944152e-01
1.115017576624874728e-05,7.994754074724549594e-06
8.838643265009621646e-04,5.778131005960704739e-04
1.103206252512959201e-01,1.134070223255870952e-01
8.714912467092093828e-02,8.808322422329681323e-02
1.850136131311548235e-02,1.361754600542785035e-02
2.620033035729212034e-03,1.527984065020582477e-03
4.252391824245684709e-02,4.387823056935347826e-02
1.549800725701931947e-01,1.474000891314816153e-01
2.961617106423015677e-01,2.974833164155670784e-01
4.501183760803125627e-02,4.460170855950980340e-02
3.562090147553275115e-03,4.267330569855546166e-03
4.965466151884503215e-02,4.838920970135582311e-02
3.006458290564718513e-02,3.545621358502351606e-02
3.119153919591892143e-01,3.073236833240149957e-01
2.017331193081455323e-02,2.208869289166887767e-02
3.546931078547049254e-01,3.297306859284605540e-01
1.639912217020722887e-02,1.623335924173053765e-02
1.087619035386907934e-01,9.890410472768357275e-02
8.425745486633976281e-03,6.363406958696798434e-03
1.928218934918297378e-01,1.853623379188992781e-01
1.620795478013981050e-01,1.871246525110659698e-01
5.457047169465184533e-03,4.627619830359487249e-03
4.393592252270720790e-04,1.075735185234887893e-04
7.249884175179449608e-02,7.644793399092658648e-02
4.769412868652225346e-04,1.153743638610388355e-03
1.395811154318642167e-01,1.459574519309624618e-01
3.249421215745980362e-02,2.657709288355802196e-02
1.571010371352867798e-03,2.900041946501734857e-04
3.726226127238913433e-03,4.857986673365124845e-03
3.330325274457650482e-03,2.150859511926428956e-03
1.337264430950004142e-02,1.070525219000457995e-02
7.732192327846671397e-03,7.177592116957842716e-03
1.702684934276116890e-01,1.537024323621556665e-01
1.610472032432756773e-01,1.570453504542088929e-01
1.239272860197576931e-01,1.333827818737269577e-01
1.976939849233420587e-01,1.888500204692148410e-01
7.477886585363677785e-01,7.487761096865793720e-01
1.490399502661587106e-01,1.571339934583335374e-01
1.215099678571337225e-03,2.502420588997653593e-03
2.722359562826156491e-03,2.889615821075215522e-03
6.578217790345983890e-03,6.000184347572189332e-03
1.311331016419695628e+00,1.339689326402994318e+00
1.673855764005898611e-02,1.517122109125527106e-02
1.577262662408733251e-01,1.546698520097454232e-01
3.028574240790067318e-01,2.923612462507308996e-01
1.794658226082012920e-01,1.759673148068917892e-01
3.010733444185569388e-02,3.467973328339469391e-02
1.037995119481738837e-01,1.158248092839876120e-01
5.825537790134086569e-01,5.884824535144086433e-01
4.920195355621641981e-02,4.393378335661733691e-02
1.171944419191722903e-01,1.130893226175880700e-01
8.122020819439848549e-02,6.258871485351316655e-02
2.022949070386120095e-08,2.196418549778457029e-04
3.496394368723170637e-02,3.427023523773345404e-02
7.036915602305975070e-02,7.167944663981488940e-02
5.015233094820427395e-02,4.902567480209261280e-02
3.933434056922429067e-05,6.815647526705872962e-05
6.465842048980317835e-02,6.311449462454087056e-02
4.737718786172104117e-03,6.185463213995921229e-03
3.315502098613816884e-03,2.839869175742264565e-03
3.621886050358070520e-03,2.074859842109986422e-03
2.612595881768322581e-01,2.716629032756458506e-01
7.092542822030314335e-04,6.834282447668588297e-04
2.523970607989685089e-01,2.518262511786917290e-01
1.011335120762671125e-01,1.070626363280379051e-01
4.215433795373228071e-02,4.126196034927868267e-02
2.759349664785305800e-02,2.913291254644955267e-02
2.849432458338246638e-04,7.291285636124682223e-04
8.455210706532120465e-03,1.116137766563795458e-02
2.905040638424124522e-01,2.726295365805131432e-01
3.733505779852976797e-02,3.469819054159602179e-02
1.796143063925179639e-01,1.732354145655023159e-01
7.355540922050485264e-02,7.022538316186900664e-02
2.063090453195206425e-02,1.394087580390198505e-02
4.818202455469127094e-04,4.073406986349772485e-04
1.094488206719774204e-01,1.059139697134887370e-01
5.899560580571137913e-03,4.885128448857776334e-03
1.196830622559892643e-01,1.163482127473653427e-01
5.934501326439751544e-04,1.689126143839666735e-04
1.381277476649369895e-01,1.492133175263541667e-01
1.898595760233305618e-01,1.808261128517247018e-01
1.404793302040073348e-02,1.945293874306711773e-02
2.210207970624076812e-01,2.434580287945539989e-01
3.674453367919212291e-03,3.417752137242077541e-03
1.062878125532541219e-02,1.177725446176913077e-02
9.621126441713501523e-03,1.321866078619586896e-02
1.388430833105552542e-01,1.442932506007896243e-01
1.177022804185694632e-01,1.149714515195305597e-01
3.237592653799949149e-02,3.668756452568426585e-02
5.846926367413677293e-03,4.799083408881237890e-03
1.791628247680869535e-01,1.665902541646799295e-01
6.643462562268277749e-02,6.895659692707648003e-02
5.357730562547882713e-02,5.234713137824895113e-02
7.769267155000549041e-02,9.185173739149601890e-02
3.379438495144071377e-03,1.537266546183082509e-03
4.164646270890805524e-01,4.016967779113624903e-01
4.112531823751630622e-02,3.198378553611772035e-02
9.367920511778318748e-02,9.111209546357393330e-02
4.999604996122285205e-02,4.739693072159126969e-02
2.728562745379888854e-01,2.813130092285343054e-01
1.365484067187946755e-03,1.475224569768685164e-03
1.233378424648724075e-02,1.683804952506139790e-02
3.186539928272688615e-02,3.532514231400321614e-02
1.297123860289114451e-02,9.213842325994698115e-03
6.909088662226060829e-02,6.545896076622041704e-02
4.273323364377637490e-01,4.504709995047153637e-01
1.536785170822725904e-03,1.079361743970879296e-03
1.181677212012357675e-01,1.188640325434262290e-01
5.985828131275183761e-01,5.942835476331185252e-01
1.283136472620980198e-02,1.181615306843222628e-02
1.210420204262015013e-02,9.102453330344682098e-03
3.554687886915623429e-01,3.493164959203632347e-01
1.888389725336660839e-05,4.507061955330106721e-04
4.364998061009673497e-02,4.103328268120940564e-02
3.469509754907059706e-01,3.379700693218664620e-01
1.139617459077383599e-01,1.134241059736359331e-01
6.762259215936360091e-02,6.691359437457460035e-02
8.128361313378631992e-02,8.234678146457548309e-02
3.637472346822469164e-06,2.797724684629370254e-04
5.741216041183829638e-02,6.374656154275989972e-02
6.502197468038464767e-02,6.104243651301504564e-02
1.997662947646852358e-03,1.781769037099093433e-03
2.623079496040342518e-02,2.819158768668410600e-02
3.861498238804247918e-02,3.819594609441118865e-02
6.975971353914639864e-03,7.568215413097175055e-03
3.099348713797350427e-02,3.017123921535405998e-02
4.604841707895582817e-05,1.948965981897452817e-04
2.208247154295183822e-03,2.506773211167242447e-03
3.877774164380032862e-01,4.141323328351585453e-01
1.522939959470740075e-02,1.725241284180916226e-02
9.183105708863131822e-03,1.195340415086683893e-02
9.272500524572027669e-03,7.881843401062845617e-03
3.476272714728813329e-02,4.190549346305511014e-02
2.101541009925822212e-01,2.020607217833244873e-01
5.729387389772131953e-03,5.030976059172219579e-03
6.466740252983097480e-03,7.318340966267732062e-03
8.046766428610166444e-02,8.051668592352144438e-02
4.097901875062744809e-02,4.276932326852676824e-02
4.073806142037052387e-03,2.580922502235874667e-03
6.226211648331900043e-03,4.365184548767167376e-03
1.329918288009118753e-03,1.647467032825957346e-03
4.400341561343745211e-01,4.524451774402559190e-01
1.476222426830035017e-01,1.382714645441829315e-01
7.109541928200931952e-04,9.012141858583554542e-06
1.843713885815956646e-02,2.164482501323203648e-02
3.602767780703779871e-02,3.765340895266975491e-02
3.957570401844291014e-02,4.408939044467430346e-02
3.234491100511024259e-02,2.878688425813655596e-02
2.648323893854667155e-01,2.442480231915940547e-01
1.194552329470759469e-02,1.237661369962526382e-02
2.235190607147782144e-02,2.395533377744429523e-02
4.517567719656465607e-03,5.620354176304647245e-03
3.189519651274127371e-02,2.718884678724370688e-02
9.615552189170591124e-02,1.057008554655299720e-01
2.245141300018336228e-01,2.400457451831067013e-01
1.814708376851941266e-02,1.855395132322264218e-02
3.869261579377193932e-03,4.348292399191625197e-03
1.590204593277944056e-01,1.407047213421385168e-01
4.330275646779187526e-01,4.232810855503322256e-01
2.027157125330020584e-02,2.768359604875632665e-02
2.227531405255992747e-01,2.162879678323612331e-01
1.055733810738029160e-01,1.040373318149259152e-01
1.608062187439618373e-01,1.693661001570547220e-01
8.658127517033412102e-02,8.471667415068656615e-02
7.937562418102329931e-02,8.345975347472599226e-02
1.477613410089472466e-02,1.842697952883099941e-02
7.985915736308744906e-02,7.267283317251392594e-02
3.283515350334020172e-02,3.580447145263783437e-02
6.387710544714086947e-02,6.671113151183669099e-02
3.157709819244734740e-04,4.610768755525496257e-05
9.305636659862871751e-02,9.001838213695045887e-02
3.841962993240059104e-02,4.546551437337693208e-02
1.368355433181664242e-02,1.325759328179292561e-02
1.718193426359153342e-01,1.704048309028905750e-01
3.342068437112438034e-02,3.308422119472720357e-02
4.505724048676036653e-02,4.519926783627250394e-02
2.897117826055709347e-03,3.265495882858170454e-03
7.928652284039506767e-03,6.702550428450687083e-03
1.351661155559330529e-02,1.254044778396906819e-02
1.445197632854901548e-01,1.291746922615444881e-01
1.789432861135766342e-02,2.365783711984619994e-02
1.871351155511808140e-01,1.827881702799855901e-01
3.510506310908828348e-04,1.108588349690061011e-04
6.180983356508697700e-03,5.349101544389192782e-03
1.743327919535919701e-02,1.861614246613985113e-02
6.620670843918655124e-02,5.543753663580863050e-02
9.828692303434080147e-05,7.157489062141405038e-05
7.772791205899971584e-04,8.757242734567948937e-04
1.657483880206354445e-05,3.727719796311678108e-05
6.214649007188752933e-02,6.536695833113796705e-02
2.356988610191756428e-01,2.532424131599839146e-01
1.327609476325562754e-01,1.290504840983822676e-01
3.415814864881897006e-02,3.356486734158933838e-02
3.566849293290645651e-02,4.364198889273347010e-02
2.480456633161509661e-02,2.333710830063637220e-02
8.195760693184448928e-03,9.441010405809319855e-03
2.701399789031493359e-01,2.864273795272153089e-01
7.455940527787853489e-02,7.946627799103343770e-02
3.374858808793616549e-01,3.524083726260514027e-01
5.647724008873626460e-03,5.109767404180742129e-03
1.031944730721556444e-02,8.074236085635488544e-03
6.466340193318922958e-02,6.142972975779713990e-02
1.898034788359329256e-03,1.870448735117746439e-03
8.715544753178647297e-02,9.052443543496101197e-02
1.399909720315961267e-02,1.425657168052323412e-02
2.015180164377144423e-01,1.931596743763246138e-01
1.023987262820504895e-01,8.668644095925484572e-02
6.030697863480787013e-02,5.997583082330736753e-02
1.276758975267222596e-01,1.287341270584442254e-01
5.221911640775531716e-01,5.079752062648484889e-01
1.162200240520822048e-01,1.176721893531777474e-01
1.235141003376224039e-01,1.233241075544497384e-01
3.349454688946439801e-02,3.030716246729110372e-02
6.153257137207438637e-03,8.362078048903626160e-03
2.122922677480902631e-02,1.973758507781034344e-02
6.745572376531451010e-03,5.868221339170549139e-03
4.549402410830079985e-02,4.560783913880755297e-02
1.520758014700188399e-01,1.512608284552899862e-01
1.807727775017257954e-01,1.875649434533645243e-01
3.259694598988011061e-01,3.225144028328661983e-01
7.074740194545112160e-02,7.297767146557332385e-02
5.388091258252690301e-03,4.064798397950738877e-03
8.669396911462351344e-04,6.355064289857359147e-04
7.892121863864715037e-02,8.150768133670502347e-02
1.807677055458258367e-02,1.773745183632855285e-02
2.177548636808423754e-01,2.043617469812035459e-01
2.305501295532296283e-04,3.605725655566434850e-04
5.774468247443028356e-03,7.324814227091922328e-03
8.106016598762573119e-03,6.792780902797819140e-03
1.243255970622778039e-01,1.126010561148290678e-01
5.978060620455192750e-03,8.673605926455140933e-03
1.067261725563946884e-01,9.802618644167107598e-02
3.421169026243112837e-02,4.140274881637747567e-02
8.607391338533544600e-02,8.151400338965447689e-02
3.836609117877092662e-02,3.356688527205551470e-02
2.123749752551011213e-02,1.834624031462520413e-02
9.646063394216521092e-02,1.022199193977652854e-01
1.466643340312970556e-01,1.492670942014837354e-01
1.366063246067673320e-01,1.255653509311794869e-01
1.328975799993532478e-02,1.209062541923557228e-02
2.881835192838342209e-03,3.162200213033901277e-03
8.157458469806866397e-04,1.109582701063151992e-03
4.606817027986751661e-02,4.451428159073396451e-02
7.261655926074646328e-03,6.223127608963857811e-03
3.619464580305191137e-01,3.555516367680917056e-01
7.118984846135513467e-02,7.158663155327399386e-02
1.885957857290760931e-01,2.028849934566439583e-01
4.268554877597091277e-03,2.555397992674623107e-03
1.414520541461690151e-01,1.451918545198436217e-01
3.038661952768718748e-03,4.354670968498742731e-03
3.945027646624692415e-03,2.950292571164104920e-03
7.989990607643926435e-02,7.967552011991489713e-02
9.346748303544127542e-03,1.148189198533135745e-02
6.453957813925677474e-03,6.824124343733468760e-03
3.755579607241388979e-02,3.931936852511422331e-02
1.604566553062600764e-01,1.677881356674052471e-01
4.114871479268823393e-03,2.255362339268186800e-03
2.177967954844842458e-01,2.136033942990869794e-01
5.120617035504652220e-02,5.287594085684273193e-02
2.244423803254814661e-04,4.080688050965326644e-04
1.530195987194469531e-01,1.446309458014686522e-01
3.339266816861362619e-01,3.431045312645282230e-01
1.963064920162125443e-02,1.804266776695844648e-02
9.604225172673680477e-02,8.870482837963297729e-02
1.053212856577296274e-03,1.808768149484143040e-03
1.297374768478229135e-01,1.247765604650571680e-01
2.307762342206210252e-02,3.323233814974001221e-02
4.680526458790888918e-03,8.398192690388411874e-03
4.883700882351862949e-02,4.551774385366739312e-02
1.196510281905170323e-02,1.134846783862409648e-02
2.676831580439101299e-02,2.947593826464529887e-02
2.104916062435276212e-03,2.421329262200416169e-03
1.889024529982888043e-02,2.237525400805566791e-02
4.762583877078546864e-03,3.838794207402893878e-03
3.941023128389643110e-02,3.845319248279891605e-02
4.345245238979909552e-01,4.304593018210965960e-01
5.387225757645280888e-02,5.267535762686559320e-02
1.358536453671911615e-01,1.471199930988071058e-01
8.185839331129286464e-05,2.112011491977857985e-04
1.203320965251432340e-01,1.225137713277753282e-01
1.332390515712771019e-03,2.906971844793805604e-03
1.829645813941685809e-02,2.158432176565271490e-02
4.528680140411948767e-03,6.417770666132342587e-03
2.283412542532636258e-01,2.333890171271154057e-01
3.369630867807022617e-02,2.741004835332824796e-02
2.863822236230285576e-02,2.252584315019380903e-02
8.654160212887714032e-02,9.457663278086483882e-02
2.316118124203302708e-01,2.219986315573239666e-01
4.512677766384098205e-03,5.173382150391620839e-03
2.112924802175073836e-04,3.244326368699888071e-04
3.958154964269276765e-02,4.180942048486974150e-02
3.173341042472728772e-04,2.395819219602616569e-04
8.299949766109039617e-02,8.368990261319661506e-02
4.332361783347922490e-02,3.494280295806619085e-02
7.973797336340189557e-02,7.854538106442418566e-02
3.739372313759469213e-01,3.686575798129950177e-01
1.182730519053984408e-01,1.320083185696567241e-01
2.481182926087600448e-03,2.046865345102293673e-03
1.093403062634773840e-03,1.235085421774226571e-03
1.192101743713154666e-01,1.156355854224818402e-01
4.263150407607827624e-02,4.960906669476043696e-02
1.870910771311452281e-01,2.017092397500999390e-01
5.354151666602740001e-01,5.391107827749578307e-01
3.338692679264395041e-03,5.676492552927640302e-03
2.726718016192697380e-01,2.779716503920968140e-01
2.223608092611846845e-02,1.995634056862307174e-02
1.090900779933807185e-01,1.060017237128355466e-01
1.215589440217032177e-02,1.187703652854941658e-02
1.971292433140159062e-01,2.005613801244797156e-01
1.196405049632874758e-02,9.664036620928405028e-03
5.650231205303786197e-01,5.769860454842904440e-01
6.058512443896304361e-02,5.755419645634655967e-02
1.038364929030254347e-01,9.972618470387234479e-02
1.902132053392209532e-01,1.815298035921295572e-01
3.474192007385490388e-02,4.103140538832340811e-02
1.523921570173913664e-01,1.500896066630960923e-01
6.373866283284948184e-03,2.869148470808210744e-03
2.001583508503354189e-02,2.169595851455436569e-02
3.776689336278483966e-02,3.710747937080761949e-02
5.513630172404398316e-02,5.768678415392484993e-02
3.051973898485833489e-02,3.044041338139748948e-02
4.593950016483373811e-02,5.523677079244613403e-02
1.485960805264027740e-01,1.468097260132739668e-01
1.919772495425459830e-02,2.034190324045451539e-02
3.264764893080408098e-02,3.240509897916041271e-02
2.408636252401251954e-01,2.266457030317864663e-01
3.049927607499008375e-01,3.219375973773219712e-01
2.507569732506305105e-01,2.638476317107182334e-01
3.238538686015204893e-02,3.068405303457177880e-02
1.254832292757563500e-02,1.093009500882004444e-02
3.512905407436680005e-01,3.528939799383957743e-01
1.150128517746254984e-03,1.625955722604828079e-03
3.569625298613602043e-03,3.555632737186636798e-03
4.533405333167605383e-02,4.234652275630015894e-02
3.497036000535990591e-02,3.877134482601829468e-02
1.359374833155333568e-03,1.553545644731620665e-03
1.742571271160629487e-01,1.647300460355772822e-01
1.849011537844744701e-01,1.842416130580736833e-01
6.128087181419328885e-05,9.132411237138262044e-06
4.727531424711148983e-02,4.957355266059532833e-02
5.428061232247964607e-02,5.555724837184725790e-02
2.575346791635572119e-01,2.654412847416125487e-01
9.360336464019734792e-02,9.350728114982090333e-02
1.277596030873131561e-01,1.288198409527999688e-01
2.134721336817738679e-01,2.161125255878238172e-01
1.900487193453439215e-03,1.072695348005052755e-03
1.660689690498462490e-01,1.804348845365026655e-01
1.581161392673074376e-03,7.915318397373112026e-04
1.235271136347934340e-01,1.264942542449665752e-01
2.667451429874434163e-03,8.223996844020311668e-04
6.062352845503207049e-02,5.369477096016402051e-02
4.182282056904237130e-04,6.618013354877830094e-04
2.236475968000950845e-02,2.209680332757837928e-02
3.922401785933781436e-03,2.506244112512115430e-03
6.258692674974285393e-03,6.982219989016938237e-03
1.100578395524541842e-01,1.019803618693282676e-01
5.146051527435873546e-02,4.226660908846218562e-02
6.385709822125112956e-02,6.710145417160590098e-02
1.807194137259672262e-01,1.763891892960470775e-01
7.484260268288749074e-02,7.454096169006670103e-02
5.805107029907051464e-02,6.025460182163322465e-02
9.085783313210807344e-02,8.862946828408257982e-02
3.141366830237924540e-02,3.179550876316961094e-02
3.925705470338483258e-03,7.334628408888432816e-03
1.351837057715060963e-01,1.309916255271737773e-01
1.121694166753157473e+00,1.107949622408517687e+00
1.203706013311848094e-01,1.178760505169790529e-01
9.856033762455628303e-03,8.449075492916709521e-03
1.854631915434748757e-01,1.798602021930930106e-01
8.777524296582655443e-04,4.941304233269353148e-04
4.548093524283317035e-02,5.192200168750171069e-02
4.666388422916539214e-01,4.587081602166074301e-01
1.268795766186455176e-01,1.137829201036169857e-01
2.906011334099989005e-04,2.734670077498720832e-05
3.146907966009812596e-02,3.194516401788684290e-02
9.991207012206246296e-02,9.747683987791290472e-02
9.234228466627689147e-02,9.259775050374816074e-02
3.805035409543273961e-02,3.806130826143973994e-02
2.190679780350246811e-02,2.748799565246771992e-02
1.108699313428894717e-01,9.054792738278601150e-02
1.217240440910748742e-03,1.587643624102673314e-03
3.613498149141570331e-02,3.557213212054533696e-02
5.357310181698313883e-02,5.216227775699575769e-02
6.445552460887625512e-02,6.546922376491154383e-02
9.969099960178149158e-04,5.263181978621412878e-04
1.228862648488301956e-01,1.143885877224966457e-01
6.469151133126997677e-05,2.321767127662737026e-06
1.342202296537637306e-02,1.003399864008192900e-02
5.496608419049243965e-02,5.781191406424293633e-02
3.577050186280214539e-02,3.550946541365639780e-02
5.461271969322518960e-02,5.376753164390037087e-02
6.209535892637505980e-03,7.068661425267446646e-03
2.498772713910497878e-01,2.762167302647494660e-01
1.063262031053328754e-01,1.037511300100079220e-01
1.732678642932923563e-02,1.830186203025025576e-02
6.936768773032121749e-02,8.102254829837444994e-02
4.634043536346852256e-05,2.761771251365166091e-04
1.041770068165204371e-01,8.488221448657244650e-02
3.287298933645636106e-02,2.825272284970437725e-02
5.622377768815763240e-03,5.812747395236877133e-03
1.235521081044632869e-03,3.107314356104153019e-03
4.967247020873495622e-02,4.780473500855721147e-02
1.345667271560105904e-01,1.444963484427090605e-01
4.640906639293778668e-01,4.569086906228552181e-01
4.062122774243400770e-03,5.407594132678310989e-03
5.901553683574502912e-03,5.364801063768142447e-03
4.667817302068807961e-02,3.870542840293998699e-02
1.201886975541732044e-01,1.156153006730060440e-01
1.640398811810664381e-01,1.593213260691824784e-01
7.995263975091908282e-02,7.291835048003943165e-02
1.314836086731049070e-01,1.305006707656375664e-01
8.704200550926435853e-02,8.963569736378852737e-02
1.133808153378585565e-01,1.088845267494342323e-01
1.060463412169490860e-01,1.133765589800356799e-01
2.575149382936144267e-03,1.999987718749398052e-03
4.926277636324112308e-01,5.028796535914888954e-01
2.101500920984746834e-01,2.292905250715304988e-01
1.455483436806496444e-01,1.396278853169829470e-01
5.981693367889972558e-03,4.964876735565372512e-03
7.420501648141959727e-03,8.390928894858491749e-03
8.575092622542467014e-02,8.399872508270327109e-02
4.196656158087441746e-01,4.470792730451411123e-01
3.417787967412360978e-03,1.276681506445296720e-03
3.733422734204233651e-01,3.514856263408379089e-01
1.317115391186127193e-01,1.275262621613729164e-01
1.105497591099441953e-03,1.814985298337450309e-03
9.065818164089459261e-04,1.645546959038301149e-03
7.721677171608370971e-02,7.974538914200829387e-02
9.641188995708369026e-05,4.922316534441229050e-04
2.527421811221925996e-01,2.487861966690098625e-01
6.173667228887154412e-02,6.437563113144911808e-02
1.355196782973519878e-02,1.456423059846104900e-02
3.805749047906055449e-02,2.967488014317905265e-02
1.391421773386820326e-01,1.440898618682529830e-01
8.729290573541112833e-03,5.679989849552894050e-03
6.159116114251587254e-02,6.649097441241307027e-02
1.054789310196306146e-01,1.005218193899900664e-01
2.750438261634415363e-02,2.635315472217209659e-02
1.153419036163199317e-02,8.760061731178095043e-03
1.105095670394874163e-01,1.077690937192406079e-01
2.014815484157819192e-01,2.039880723666833984e-01
2.164932646754810508e-01,2.089150622850105832e-01
3.885763546883982261e-02,4.365747526656823391e-02
4.751202327071868403e-02,4.094629239113468239e-02
4.670720397997754625e-02,3.896390084035959017e-02
1.542242038410396865e-01,1.424143827617732339e-01
1.461623159475532521e-02,1.155212243134823291e-02
1.188114897463264513e-01,1.219674986452002480e-01
2.257312565775695112e-01,2.490749142246629355e-01
2.064026693003661109e-02,1.916305781980769812e-02
2.954193888089673772e-02,2.799699556518934693e-02
4.100832342039729267e-02,4.479019899099813407e-02
6.478177280160062057e-02,5.392435745991104590e-02
3.479098131216619427e-02,3.732899309521051784e-02
1.074035757041595131e-02,1.141705788973554347e-02
1.618049921962464999e-01,1.616229457591164265e-01
1.651939634212535105e-02,1.507678463833826352e-02
1.713124357530703551e-02,1.392192354362920687e-02
4.482153717110694269e-02,4.000532630259315964e-02
7.431888779535237785e-04,1.547805217802504735e-03
1.239495406012946707e-02,1.309157845246142725e-02
2.282245773914555118e-02,2.487424022657393555e-02
1.296801124772846703e-01,1.271012945310199538e-01
3.275455660766347643e-01,3.191351952053810836e-01
5.855741562466456468e-03,5.167929152959811409e-03
4.926301822238667860e-01,4.639589530078676027e-01
1.531471513052071057e-03,3.338771936865048574e-03
4.702747404959590019e-04,3.540799251504982929e-04
2.129627012960036891e-04,2.654411835317770107e-04
2.680109718982469358e-02,2.666049971728218920e-02
3.432298175697105075e-02,3.977454043258051020e-02
1.151952586966529107e-01,1.063164145856427684e-01
3.207190534453532166e-02,2.989495689143779888e-02
6.157799416807833298e-03,6.930985472355703780e-03
1.336885873059518457e-03,9.715518961156833621e-04
8.955731812020268495e-03,6.230444450986231779e-03
6.467107471908376537e-01,6.387858975186188060e-01
1.719493359905614471e-01,1.736258909412791707e-01
1.280750829684882408e-01,1.342420577509686186e-01
7.598611124362113500e-01,7.793608307710628846e-01
5.097263094315199194e-03,2.898510926119458441e-03
2.186626634327648588e-01,2.350317471179090567e-01
1.162785629924823483e-01,1.188170424913263246e-01
9.202234255258519291e-03,8.956597020075470969e-03
3.979864751069621918e-03,4.572219174047363090e-03
2.902706904849559205e-02,2.741851052581994672e-02
3.348473290804954150e-01,3.377396375774289194e-01
1.061363548717308147e-01,1.048904020594308012e-01
3.402745850505477926e-02,3.557996200985760749e-02
9.122114157325056372e-02,1.072653345333526159e-01
3.205200761233515061e-05,4.019336709443277001e-04
1.141526685765256992e-03,8.979973221711618880e-05
5.460690684878089646e-02,5.270730689092699428e-02
9.904789173394812352e-02,9.698302183484215633e-02
2.394668719541888022e-02,2.775505233982727277e-02
6.893745777244815465e-02,7.473590377416763908e-02
2.363102497108218181e-01,2.162799193706416157e-01
5.337108923739241062e-01,5.040208579361078467e-01
4.448026529950133146e-01,4.468551084836071552e-01
5.409308482426285376e-03,4.824789277417165095e-03
4.822935424180315087e-07,2.394048406398411309e-04
2.354954345840449409e-02,2.264400474185917014e-02
1.142182608189455661e-01,1.132580423463182551e-01
2.746674391769228160e-02,3.175115364104220961e-02
2.006993216285972714e-01,2.027486999368116050e-01
1.778038337015877199e-02,1.650445017548708704e-02
1.858434951679766300e-01,1.924453308738053869e-01
9.816834945731052475e-03,8.099811365719819176e-03
2.522732622343789753e-04,8.054566856662683319e-05
1.596895266169218175e-01,1.528250080491294627e-01
9.757271690181573698e-02,9.561740689400397009e-02
4.345586778413434437e-01,4.618028876339385635e-01
2.680842721150569208e-01,2.740070688094522477e-01
4.842574811069044749e-02,4.800780494941526283e-02
1.520771401481290676e-03,1.420467267394520932e-03
2.017328125120800095e-03,3.306412772896766879e-03
3.497277708352140163e-02,3.296107512634805642e-02
5.445588154517855446e-03,6.868512717044496056e-03
3.097760367191867426e-01,3.168364787428526452e-01
1.149833815675685639e-04,2.515044915926354236e-07
5.782134331277753898e-03,5.091696523316038663e-03
1.498379554057169827e-01,1.381494774149222005e-01
2.845488917759431136e-01,2.705994520812419757e-01
3.164540378603311653e-04,3.528265500276697177e-04
2.328967397109188778e-02,2.503563625294306580e-02
2.520091982375984030e-02,2.251507816275476193e-02
3.940817039816610357e-02,4.012024403792385091e-02
3.712814968884448064e-02,3.468357978567149918e-02
4.767636895041485467e-02,4.099410025714479017e-02
9.295859073522835803e-02,9.527598052935724871e-02
2.385320528946793112e-02,2.156509273242743219e-02
1.856342448138404572e-02,1.772213658783370130e-02
2.985380802555093917e-05,2.959766626488152158e-06
1.944895806735115820e-02,1.915429329968898822e-02
2.028034562275712188e-02,1.331287129927611647e-02
3.266899066722529082e-02,3.885232020068195291e-02
1.045850808026949769e-02,9.844179399426946156e-03
2.418484157942384430e-02,2.083416487764367872e-02
6.578330924552280856e-02,6.662922955341024633e-02
9.287373747478584588e-05,2.974311101189622281e-06
1.678277654720210059e-05,1.757556934587315052e-04
5.593908327428582794e-01,5.472561957383360598e-01
1.277850015117467253e-03,1.123559417779564952e-03
1.977091174377300711e-02,1.533702713700143237e-02
6.853327531623322477e-02,6.623423767035205301e-02
1.496825256865823295e-02,1.184701930781167402e-02
4.802818973690876556e-03,4.782873389082297616e-03
1.847312031457491455e-01,1.936736158264372731e-01
4.627752677188653324e-02,3.762802110575299425e-02
2.886414927140716277e-02,2.880219204212197334e-02
7.173358661834507155e-02,6.876972175273447785e-02
2.990064654269896649e-01,3.033159520752718996e-01
1.587548366481486561e-01,1.635131781667073791e-01
7.078765105852521944e-02,8.450345025343203309e-02
4.690890131221671193e-03,5.853998254859539736e-03
1.025642881541186657e-01,9.599588557918359299e-02
1.638391715212489386e-02,2.119831694613019679e-02
9.427932903929263364e-02,1.055644585665706375e-01
3.632082374111541244e-03,4.421599762234217600e-03
6.608717645511010159e-03,6.480965530815918987e-03
1.009838879084835606e-01,1.016259699551893270e-01
8.983415904312087906e-04,1.252139758800882140e-03
2.591283644846724063e-02,2.272030337366123809e-02
1.075034877186226319e-02,1.003972126578538647e-02
1.993789550797820387e-01,1.889003195697558368e-01
3.247957670259365437e-01,3.070083052521003775e-01
1.519127229116650768e-01,1.509507089252569989e-01
3.270188191770124781e-03,6.135996310972375786e-03
3.620163543225633496e-01,3.528915330712898979e-01
8.602226815079756436e-03,1.174842377244436804e-02
1.798903180096991239e-01,1.933525630022769892e-01
1.086462606918181355e-02,9.019820576370497778e-03
2.059503126689725058e-02,2.457977510904756427e-02
3.060323312391158984e-02,2.458061174855222589e-02
1.428717443448228319e-02,1.265296904327724292e-02
2.359415086333346845e-02,2.452757678999193183e-02
8.678488545250617053e-03,1.376969366230296199e-02
9.663707397047482939e-02,9.095653364746590641e-02
1.597175164295204230e-01,1.509825876400486822e-01
4.226615310342358295e-02,4.166627362928128353e-02
3.044739192816195081e-02,3.020337061922750629e-02
1.199754228629208719e-01,1.218420584325232842e-01
1.683430910911751788e-01,1.872572002327157759e-01
3.350729989882720271e-03,3.911299682435507435e-03
4.580564935286577863e-03,5.763741358884038116e-03
1.207691008006539918e-01,1.147510385052680215e-01
1.891754908650951708e-02,2.346314582242545188e-02
7.903598770799886335e-04,5.064794490217182452e-04
1.092033956410582013e-01,1.137937996086180181e-01
2.524678782319844661e-01,2.388152645293830922e-01
1.964952221067420290e-01,1.991723349414549482e-01
9.377916497523328121e-03,1.377841161086671741e-02
1.424256771384622144e-01,1.484773559874371651e-01
4.623740824333173460e-01,4.500111044723351661e-01
2.087766572914569740e-01,2.021981801140680657e-01
1.095485910909879158e-02,1.039607122713606668e-02
1.938366180635443629e-03,6.723874919418802287e-04
2.095282370724952173e-02,2.018382359273915294e-02
2.320814663489641954e-04,1.599039989883669136e-04
2.047411429501951735e-02,2.400809808249505101e-02
4.798078342881115232e-02,4.848690387075309249e-02
2.974717053551839598e-03,5.477376423790434115e-03
1.935801601354156590e-02,2.385866297780246323e-02
8.797472584285360997e-02,8.338954356597554074e-02
7.090156750682082010e-02,7.213412576478014926e-02
1.544807075561845378e-01,1.546826951769054159e-01
1.259157729232367878e-02,1.374725294292222788e-02
5.053963246628516703e-01,5.400086805376411725e-01
2.939309484801410632e-01,2.957092545264206063e-01
2.368267443626214108e-01,2.575790949567308141e-01
5.580536184146327877e-02,5.859805339182123235e-02
3.449607126736062845e-01,3.468133103593468713e-01
3.827455163083486045e-02,3.754226254354851855e-02
3.952865692452121049e-01,3.697136208952083725e-01
1.919953921193514601e-01,1.897618854927984322e-01
9.720350044439454718e-02,1.033067269095258034e-01
1.028426421182382644e-01,8.418794335502573223e-02
4.430516297581080787e-01,4.177162344132042127e-01
1.804412589110192949e-04,1.104835699531607365e-05
1.478891671587947709e-01,1.486974495010229547e-01
3.763755801086749453e-01,3.819879150303950310e-01
3.291800564110257963e-04,1.554066767434742112e-06
7.169461107689877044e-02,7.401228157355291271e-02
5.204884757742332477e-06,6.163453778966347966e-04
1.015584064989467072e-01,9.192506154360224890e-02
6.915366555560242606e-04,3.237605217344921202e-04
1.205377772870915160e-01,1.189181788477642193e-01
2.892847219753509613e-02,2.843181423163740687e-02
2.857327547689987868e-01,2.765221035955436335e-01
2.369907400352065999e-02,2.472521813450692663e-02
3.207723313901641310e-02,2.948477717616641153e-02
3.090410961919715094e-02,3.014109022789114231e-02
7.533315221783434823e-02,7.110672999248811299e-02
2.902944500635410222e-02,2.052383272922875604e-02
6.342945469327979646e-01,6.306971576702359306e-01
3.228531657204684602e-01,3.376139642768238303e-01
3.649295514239269123e-01,3.629193603010449909e-01
2.753173091030694172e-02,2.556719816112303784e-02
3.629521886954423793e-01,3.698937644594260665e-01
2.157112407485793915e-01,2.153962249912806659e-01
8.952028180276366820e-02,8.969665630191971106e-02
5.379094534450701987e-02,5.019862788179317581e-02
2.107763848916811567e-01,2.082640872646260299e-01
2.088560416705322609e-01,2.203550539513037532e-01
1.721741910621463201e-02,1.099839204666304589e-02
2.475169501204876540e-02,2.911768662577318006e-02
7.213479232465959401e-02,7.237849297597115372e-02
1.434366156472946432e-03,6.113714434411562839e-04
1.394037487134435205e-01,1.396287141114745389e-01
2.919423554810245125e-02,2.874021629449369231e-02
1.702828128856568868e-01,1.628605680694873159e-01
4.120406458989503418e-02,3.842621649870384820e-02
5.269803507971450030e-01,5.222734520421229432e-01
8.500352643512365872e-03,6.232012200145798687e-03
1.233182970343064261e-01,1.200414753132029722e-01
7.558228032275386699e-02,6.763378242600667778e-02
7.765799416474545701e-04,3.006616195938237139e-03
3.458131863772959808e-02,3.954943754323728133e-02
1.000874308690556103e-01,8.954742872980057944e-02
4.322581730142997965e-03,3.683024793669871597e-03
1.806935119132109246e-01,1.664026290791834062e-01
1.128326846855369318e-02,1.473420278405807374e-02
1.698568442248340679e-02,1.944604814603642651e-02
2.881263514512075099e-03,1.653583608924136510e-03
7.432844238591578001e-02,7.224734983862295123e-02
4.302979866007164379e-04,9.022718928899259045e-04
4.103338748542047221e-02,3.775336828546524415e-02
4.344367495390245859e-02,3.922071936931684905e-02
5.303773484769879826e-05,1.147485509492592574e-04
2.839596028559078222e-01,3.040220798116336498e-01
2.394072844851491411e-01,2.454448677384415134e-01
7.959949751906124360e-02,8.795661041876751129e-02
2.890951863726605175e-01,2.745400555264796427e-01
8.395464478551656340e-02,8.012287283996644138e-02
3.531089782598006432e-01,3.435538077144906777e-01
6.223888847107139632e-02,6.279417087280063370e-02
5.868692500614734048e-02,6.277003900996000474e-02
2.354452193112636371e-01,2.285214638241909457e-01
7.609213653157483048e-02,6.973646191396530580e-02
3.781608416154441654e-02,3.668172428141518865e-02
3.976040063084194942e-02,5.069976071332144008e-02
1.403046807726682395e-02,1.779933328837565026e-02
5.263237287041477863e-01,5.159223707366283884e-01
2.412725516080984137e-02,2.862474707607453803e-02
1.264409171083706318e-01,1.252530235584378981e-01
5.288750998196371962e-03,9.383585481546705132e-03
1.310995845500879109e-01,1.310310388462263831e-01
1.869640329766850684e-01,1.941216273147008953e-01
4.155163035316152692e-03,3.204990893378370422e-03
1.501551188803671930e-02,1.192162040439495065e-02
1.407690591535488145e-01,1.373286194842410213e-01
1.103050150983275052e-01,1.253623918792155234e-01
7.970654891507975709e-04,6.226703175617124674e-04
2.529678317678842325e-01,2.516613298937827037e-01
2.152156017211016154e-02,2.023432220019028352e-02
1.157414356131187963e-03,2.244342933776388976e-03
5.167324686168161402e-02,4.515468971355408867e-02
5.546254928954092714e-04,1.830036405470367272e-07
2.401085680185249815e-01,2.485193464292763943e-01
3.767772401962198037e-02,4.626288001030637309e-02
2.891591100321844743e-01,2.906973767139726661e-01
1.616291214159546602e-02,2.106741958986453958e-02
6.635001084187722165e-02,6.712639846564069646e-02
6.186662565970046934e-02,6.389815356225173049e-02
9.700904807424198806e-02,9.539227389797592938e-02
9.863257966702902030e-03,1.153937239691267547e-02
1.225939991780408125e-03,2.374161842255514965e-03
2.135496726076656880e-03,2.835059766525285536e-03
7.740190241784219438e-01,7.617187239557392520e-01
4.902872374383572263e-01,4.579374013682847022e-01
1.209617207270481248e-01,1.080030899658282889e-01
3.475182755745512969e-02,3.535628959802470522e-02
3.424941803947788022e-01,3.472236464946460988e-01
1.358080938980566477e-01,1.382009668661904334e-01
3.145047976689201996e-01,2.879080545250843892e-01
1.582954279546329099e-02,1.592120996569027294e-02
3.940186204413496929e-02,3.415718901846363786e-02
2.373717904844465376e-01,2.506177192358790551e-01
3.786735466724975435e-02,3.568039415982384582e-02
1.302165976095651621e-02,1.471887995523030700e-02
7.977266739498872772e-02,8.703334047963728892e-02
5.494405760851743536e-02,4.937421633734523363e-02
1.013011240911235872e-02,1.097111480442637677e-02
4.326934401845696204e-04,5.486873519449628244e-04
2.332192944838401283e-01,2.384902082836850845e-01
4.132718071119608969e-03,6.937881984427130867e-03
3.695260079540738270e-05,1.423831558980943966e-04
1.253284567106368042e-01,1.370839627916242975e-01
1.401615097895224371e-01,1.377640063573360441e-01
1.129851239951953495e-01,1.154271214464245576e-01
5.549176667297304501e-03,8.032068133241275498e-03
3.886126737166976496e-03,3.096302430073972958e-03
1.313672944431460744e-02,1.374743292649364089e-02
7.282440205662704669e-02,7.651648991659538990e-02
3.298292734190417796e-01,3.445638108044142278e-01
1.041688079043358306e-01,1.031823280046070823e-01
2.737472692317340431e-02,2.812743196146708091e-02
2.840738538111633321e-02,3.293510664237571384e-02
7.835731911311104303e-02,8.296062472784193620e-02
1.159850446899301710e-02,7.850222687817624487e-03
5.443092852393802746e-04,1.472335172302128041e-03
6.149015909444867367e-03,6.303348535641297226e-03
1.482052949738884573e-01,1.481883860888695836e-01
1.225663355401287145e-02,1.686759486548709136e-02
5.638613228763303398e-02,6.111048680985626397e-02
5.632986710635079844e-04,3.275314297077328214e-04
1.588631914943952617e-02,1.574603151368881085e-02
2.448431135927486499e-02,2.680107264947484066e-02
1.368809461109606607e-01,1.450009378460938303e-01
1.271219034108329871e-02,1.502040466438527878e-02
3.944072825623012868e-02,3.658615901681306487e-02
5.452180728428220567e-03,4.285729194708968841e-03
2.175849394576371762e-02,2.493630212874544186e-02
6.298200168395987064e-02,6.812375078180460397e-02
5.636920590345971538e-02,5.730403530594272571e-02
3.324482925395208510e-02,3.190590857033524796e-02
6.859457251498557451e-02,7.166543393531352169e-02
4.662157013977596964e-02,4.678460021369462707e-02
1.910322413054249893e-02,2.284928672427277707e-02
2.751596021781614262e-02,2.690111931771589290e-02
4.112903638121001570e-03,1.254456019637400360e-03
3.658072041274833004e-03,2.993829954460766867e-03
7.455938550300172940e-01,7.631521190958753253e-01
1.137792531809717345e-01,1.250289663190859435e-01
8.090652933624440036e-06,2.584081874238532588e-06
6.573507116162172897e-03,9.718699340212419782e-03
2.375849237767923838e-01,2.500293279637039179e-01
3.686460069061436601e-03,3.443053948770084371e-03
1.975160645634368439e-01,1.850101790137001212e-01
2.095779587968600588e-01,1.943867938166393139e-01
1.207518367303758999e-01,1.224452502062085557e-01
1.317536604984113902e-02,1.214682729226253775e-02
3.325774299416570795e-02,2.940863027261836002e-02
1.242480196351310531e-02,9.704003951738739142e-03
5.326568622201113823e-03,4.558068744971164807e-03
6.393380354980346403e-02,6.242412551044784069e-02
5.777652006721170075e-01,5.583639277408418700e-01
1.513863039429379199e-04,9.414758384440067359e-05
3.444459704520620204e-03,3.694995160095497153e-03
3.756625409865387011e-02,3.405431771869810859e-02
1.400035954466710697e-01,1.316333955948518764e-01
9.567529005953312460e-03,8.779098751414965776e-03
4.228036073228951669e-02,3.287939630499536747e-02
1.097139142144035054e-03,1.315635071603712221e-03
1.400120989772235536e-01,1.457415204339567727e-01
9.724657020941340725e-04,1.531023974279727270e-03
2.094741977235961006e-01,2.132097482328884908e-01
1.389198455607626405e-03,1.393725911103594652e-03
2.133007579871586817e-02,1.941714645043819687e-02
5.004405303057794970e-03,5.263608721400553359e-03
1.285231429905574424e-03,8.881948100128015441e-04
1.276575704465389427e-01,1.147957277562585837e-01
4.113893810419664843e-01,3.953053156146545399e-01
4.149257346559575850e-05,4.369459030748279156e-05
1.217628744855970557e-01,1.135858382527195620e-01
6.614598861677571662e-02,6.956348790912685043e-02
1.225356259644634904e-01,1.243876608108478998e-01
3.510731383383673774e-03,5.550798244523827418e-03
5.429383427566683963e-04,1.009641723538850068e-03
3.593822796063608771e-02,3.251996980949489052e-02
2.219748634374462681e-01,2.227951109262749085e-01
9.158081926629854652e-02,8.987519779055738733e-02
3.377284636095950060e-02,3.745854314701627108e-02
7.091148052302363725e-02,6.420589962307776677e-02
1.311764952132830724e-02,1.385407718512244105e-02
8.649853424782698308e-02,8.604472012151748173e-02
2.749534279248903867e-02,2.325586038760672075e-02
2.389774649255138605e-01,2.449310320178406664e-01
1.969003807651240751e-02,2.111800267913122378e-02
7.363746767482623468e-02,7.476889838248185205e-02
3.583293192287255735e-01,3.387111559276248518e-01
5.573847865123147949e-02,4.655590996717700464e-02
6.983479291447577952e-02,8.440648048228184541e-02
1.892147137382566707e-02,1.639831949576895515e-02
5.951028647555238749e-01,5.844417449031579226e-01
9.809535318147405425e-02,9.541557107012972605e-02
8.284708857859705844e-02,8.844895402859821731e-02
4.917600100021931042e-01,4.862352320854719800e-01
8.304312456891949459e-05,2.354404104204363811e-05
9.686351199104837814e-03,1.138443161201052947e-02
5.024532329966437810e-02,4.194833075305643560e-02
4.624913249688258343e-01,5.002786019999034828e-01
2.255794935998051698e-01,2.282114976064438805e-01
5.285614913900201772e-01,5.209101606008526009e-01
4.194501396196264470e-02,3.465074412936827719e-02
3.713771929989601039e-02,4.275574735063061155e-02
2.805604046682937391e-01,2.763452577544742716e-01
4.987556892940875515e-03,4.432882874534674680e-03
1.309945909944022768e-01,1.505380517509805616e-01
2.792363330186187556e-02,2.575851748810584554e-02
2.517354811287719069e-02,3.087181865905983674e-02
1.148925810463623416e-02,9.464468631779132668e-03
2.814551511754339111e-02,2.205005734287817515e-02
1.282270902685838472e-03,1.553575167435786554e-03
2.471248266197807048e-02,2.116535115311473161e-02
2.993823884693873338e-02,3.601258152584207312e-02
3.000425358547661667e-02,4.149235051473016550e-02
5.178851872632889847e-02,5.363321600382679744e-02
1.037072563889823718e-02,1.033055921918499612e-02
8.115938067124801869e-02,7.226652797332970557e-02
6.114770809829644937e-01,6.366429842768739356e-01
8.824555466335987173e-05,1.568720153534535130e-07
6.331226809101323516e-01,5.867837338421787452e-01
6.699184638011763601e-03,7.197206891802994562e-03
9.375960756630825291e-04,3.949396272606099027e-04
8.289901448819926230e-04,1.192027366226829262e-03
4.019078538138150941e-03,1.894313521080414611e-03
9.318457423535179973e-02,1.036558247983725423e-01
3.829804366953165617e-02,4.531736782016541204e-02
2.142731333024419371e-01,2.091308461103027483e-01
1.164222696828823012e-01,1.226317055478414325e-01
9.907407441298402007e-02,9.611138339186292567e-02
2.999962677623195517e-03,4.993933074393539819e-03
1.649949830097352022e-04,1.012158135171994022e-03
5.265264834650125458e-02,5.633065074147311502e-02
2.741724206237663997e-01,2.579868393337733656e-01
5.110901740181533065e-02,5.305411915897398356e-02
2.762693793475629600e-01,2.567715949361147332e-01
5.299495497200602118e-02,5.220384506276427861e-02
2.185062715279771704e-04,3.714006961837518434e-04
1.649240404708122165e-01,1.738238332189978586e-01
4.849271926471472588e-05,1.016869409616570370e-04
1.346184638611433171e-01,1.138779811715354973e-01
7.289072573772856223e-02,7.238031992538399018e-02
3.558256306323035060e-06,3.903448295202736396e-04
4.234988287780305782e-02,3.813717097219971458e-02
2.073547457870475105e-02,2.375047975662653021e-02
8.473485019943888252e-02,8.448731687693866732e-02
1.484410756573091095e-03,8.879291210386271215e-04
1.819031042310129175e-03,2.262186158816402969e-03
7.789456359441618294e-02,6.954243211512398104e-02
2.062127684397033894e-02,2.102241910629711399e-02
6.761571930629797778e-02,6.561721534049756721e-02
2.500360228452557787e-01,2.513435283477041815e-01
2.006854782457927200e-02,2.169582428026131313e-02
6.055742489990762400e-04,1.526458674267454872e-03
7.708377005556267666e-04,1.205604542428625548e-03
2.269231027712021939e-02,2.499053662600671244e-02
1.513072261812870578e-01,1.422501987715115435e-01
4.198144128738680592e-01,4.220405471575868761e-01
4.878434439771762478e-03,5.641831378922535639e-03
3.227236614526553249e-02,3.156283277389767411e-02
5.758462374332246406e-03,6.748856991519825571e-03
2.262161546694105643e-02,2.183678758350417887e-02
1.689670967773507781e-01,1.697779364460300366e-01
8.925710710148739013e-02,7.595746302888911616e-02
7.063355842293322917e-02,6.339003982948647475e-02
1.038782456648995323e-01,1.042420004682644841e-01
9.981435177866317121e-02,8.530887990107477448e-02
2.720512483605362804e-04,1.011917638462038048e-04
1.349022247631941063e-01,1.266411958466072407e-01
3.454459619200936360e-01,3.509886560976125947e-01
1.532812592645920180e-01,1.616713329354339257e-01
1.897286407111515444e-02,1.992587476317280240e-02
3.295867989996623159e-04,1.181455350607877580e-05
1.014190363763239466e-03,1.089956245228068318e-03
1.033690178394496423e-01,9.744141536535069759e-02
1.678018884023586843e-02,1.975256821931716672e-02
3.429178196662353018e-01,3.326872262028231497e-01
8.377921752354220027e-05,3.523378191620933121e-05
3.228305657728099305e-03,4.051495553409584227e-03
1.611351509026310441e-02,1.401641548051879224e-02
1.399179443958991631e-01,1.399207060848721706e-01
7.445868530207521931e-07,5.408004531590747036e-05
1.926368854856721786e-03,1.395099404822080493e-03
4.299192861854739776e-03,4.285382360936086481e-03
9.334425949313766846e-02,7.583959686167927872e-02
2.927699129424736132e-02,2.408630231458994131e-02
3.271906670015722884e-02,3.385752730654260911e-02
1.073042623380210695e-03,4.221712049620087413e-03
3.886100663099881919e-02,3.881980920296921461e-02
4.586775274689251997e-04,6.032851192347274058e-04
8.209163677866384776e-03,7.573503352484917649e-03
3.794679160891565317e-01,3.943927927777207687e-01
1.344146678915868198e-01,1.297866699133387036e-01
3.091710144226652093e-02,2.781352010610813746e-02
1.842288999954203510e-03,7.145629879409236968e-04
4.188184532924245362e-02,4.202649664199431534e-02
7.926980895965467233e-02,8.395745431619583421e-02
1.531716635660177080e-02,1.599956835154899698e-02
2.368213930125925293e-01,2.314390335512059582e-01
3.080400870222153517e-03,3.175059850980440235e-03
4.104160610567441636e-01,4.026403231768720947e-01
1.199852858997077672e-02,8.173388359761939170e-03
5.100133232889167978e-01,5.002153743647478334e-01
6.791272293645840390e-03,8.856787755845104901e-03
2.243501290757326239e-01,2.219945511749938372e-01
2.578046972502174780e-02,2.111480621326345189e-02
3.025089486217351440e-03,2.939789093759752510e-03
7.782379677189583955e-02,8.036546608156494576e-02
2.253360260667811310e-01,2.294949485991203686e-01
3.995401541193856487e-01,3.987663498723217903e-01
1.366693075960854348e-02,1.213069907692129225e-02
4.396452208188687816e-02,4.910221187591330000e-02
1.715772335331645275e-04,2.720782366064946841e-04
4.702341349860355568e-01,4.792120279534251570e-01
1.162631452944747484e-01,1.079981194243705145e-01
8.465781920188797383e-02,8.375260694403804940e-02
3.680411571962400319e-01,3.504909916229194677e-01
2.451697835509256823e-02,2.395850378010283555e-02
1.596117543189509713e-02,1.649779659632104670e-02
7.939175478150487658e-03,8.414706442286390767e-03
1.033095810763634104e+00,1.017035413976842717e+00
3.009814875409221654e-03,5.027764189927736403e-03
2.222867206199362876e-04,7.096563157256514641e-06
2.157064233640263243e-02,2.534019228585237052e-02
1.350656214113278531e-04,5.643299188593422621e-04
9.737259572838827260e-02,9.779354718858328244e-02
5.336123080707907279e-02,5.796714494639442633e-02
2.956959053427096057e-02,3.265609571393391503e-02
3.127507635579139245e-01,3.297595814101633160e-01
1.490677482834277257e-01,1.469741519641854788e-01
6.653860888396271635e-03,8.083455788440290293e-03
3.039416650251548502e-01,3.100700467771421720e-01
1.400127818315821948e-01,1.326216565856986607e-01
1.402094517711283004e-06,1.213233694788705305e-04
3.622043548790755407e-01,3.798293960740279918e-01
1.275094267194221143e-02,1.221664747763710930e-02
4.034248488194992072e-02,3.336492926683898991e-02
1.040763444870158611e-03,3.921075214356530567e-04
7.230338136482700184e-02,7.721127987662954051e-02
5.716168488632169531e-01,5.493948909457381236e-01
8.192537579843596485e-03,7.691530920519899263e-03
3.395770359304225439e-01,3.464053964375981010e-01
2.111031190019193801e-02,2.109559706904407320e-02
8.491617583199974340e-02,8.555289303671552437e-02
7.529431729835843468e-02,7.762582755528359135e-02
4.914464540645588526e-03,6.044711436073299353e-03
7.540462151264805402e-02,7.525144615351034294e-02
4.402789588555156702e-02,4.161764306648478573e-02
1.634200814864824880e-01,1.515946093331812239e-01
1.745305644263388800e-01,1.715503999689114989e-01
6.893741551451663084e-03,9.467741634075928919e-03
3.017937827258821565e-02,2.959472868371883572e-02
1.633870319966461149e-01,1.730958951624540498e-01
6.653684715175019193e-02,6.717989435811891341e-02
1.832894789393516577e-01,1.911512235545203275e-01
1.257391116020638647e-02,1.426803411951714680e-02
5.927642283516310583e-03,4.617789128356856142e-03
1.530484582385056025e-01,1.583952679470458091e-01
9.825279712426383371e-05,6.418614754169275929e-06
1.087752936254353375e-01,1.190599759357106185e-01
2.035948753295343736e-02,1.637897461366964388e-02
5.211264249740740068e-02,5.175963890348356938e-02
9.014986579899499086e-02,9.202293283745066610e-02
3.176607331751790664e-02,2.927217045798171172e-02
5.018182542396454511e-03,5.007439527359686116e-03
3.969694633290905134e-02,4.272062395436791032e-02
2.322117665991215926e-02,2.474654089797252016e-02
1.163704148349220258e-01,1.313357636478112433e-01
6.184249289198369415e-02,5.404710182517293016e-02
3.085762954112176992e-02,2.972475364873685549e-02
1.131964753172338967e-01,1.113509935661103761e-01
1.576706270253554198e-01,1.637108463862102792e-01
8.090528292725295001e-02,7.994233285804999700e-02
8.176685807349329260e-02,8.273679541021793094e-02
1.147661550900691829e-01,1.159175205601219449e-01
4.347498081087264876e-01,4.388388927012097929e-01
9.591060129271340717e-02,9.786524413870302530e-02
8.476657637518203448e-02,8.611121573201406532e-02
5.982412328707751442e-02,6.576093505875173217e-02
3.152980579461030219e-02,3.011723517608441356e-02
1.375665651829205416e-02,1.268592878336855315e-02
7.126296337561897898e-02,7.590376906894351350e-02
9.499963150528784039e-02,1.090337267314070019e-01
2.867133099803711657e-02,3.705019059518542546e-02
7.746389657432187041e-03,7.204111594453327730e-03
3.514989594986090427e-01,3.654603359154704467e-01
4.493772925965022758e-02,3.712962171442184267e-02
4.603772832945481758e-02,4.056845576928581887e-02
5.456058014648632049e-02,5.809627649089296048e-02
1.992504092608560207e-01,2.099792148170374073e-01
9.360084626342467240e-02,9.882988453339863755e-02
7.356185286391874953e-03,4.402159897614749129e-03
1.388396928645422024e-01,1.313513044008197406e-01
2.154105398631067647e-02,1.906328959380246268e-02
1.654460708894899823e-01,1.815622786753232909e-01
7.380450150513209739e-03,5.992527182065904984e-03
8.065613189582768183e-02,8.258603381153926948e-02
1.115713537017421347e-01,9.955975964237592790e-02
1.883193007885225695e-03,2.960055065743719561e-03
2.870974325048177012e-02,3.285102819433807775e-02
1.765212997924331438e-03,2.771839693836052314e-03
1.485898920925722566e-01,1.580417851682959784e-01
9.698986307010619423e-02,9.299736226383990834e-02
3.545416866811632040e-01,3.534933723044003107e-01
2.079734920903388851e-01,2.014227519176706171e-01
6.057879400754451193e-02,6.469952483576031643e-02
6.469872661256206858e-02,7.086866044725409486e-02
5.444489103628160631e-01,5.532873949845605877e-01
1.093420766706287296e-05,3.176060893975542122e-06
1.682677325406135242e-03,2.459846748511428528e-03
7.330397252326746084e-03,7.534390654697191610e-03
2.260583192591706508e-02,1.812085705886752260e-02
2.925994507022203900e-02,2.670651218631340390e-02
4.495049731644072677e-03,3.611641876998753203e-03
3.200151435925041761e-03,2.094148046986954795e-03
3.264675788234693288e-01,3.078988018418951644e-01
5.340028826198616602e-02,5.396530245808276588e-02
1.005539451225530567e-01,1.105150326699853303e-01
6.437106957309036981e-02,5.356778827594912973e-02
2.022146230242951315e-01,2.037754514408743611e-01
7.817656699501446260e-02,7.623537680314494691e-02
4.247641244792169785e-02,4.322603741216883566e-02
1.855528839551344802e-02,2.059779229015217678e-02
1.290772913829393020e-01,1.229532315658996011e-01
9.532650981125581624e-02,8.474227384949957476e-02
8.532464558774748020e-02,8.784157953470651814e-02
6.207837523645891309e-02,5.894605691065196024e-02
8.588294806603856413e-02,8.875516604778058150e-02
3.214013490507696136e-01,3.210501134405659429e-01
4.297989899973956307e-01,4.354361763949277098e-01
1.566349418713954705e-04,1.457220099843768084e-04
4.126712507526392702e-03,4.049734363199020484e-03
3.091457972403443000e-01,3.190131504763765724e-01
2.936275379365558408e-02,3.259782068725528004e-02
6.697960623155324589e-02,7.546400424735390244e-02
5.123216439672858766e-03,5.459553656119321870e-03
1.932357814382074102e-02,2.031713885857964683e-02
1.131704186907789705e-01,1.121522775394219601e-01
1.449686335550043337e-02,1.639363220502375318e-02
1.693279922480083431e-03,7.728009077086249803e-04
1.385438226628552538e-01,1.378025059330636182e-01
1.204196886923125653e-02,1.198969392965705018e-02
1.227935707680691442e-02,1.136023109378194937e-02
1.263146426216830119e-02,1.644952956050829695e-02
1.864579673762977469e-05,2.393314871955818946e-05
2.569881871107176363e-01,2.403643895776370054e-01
1.099354819996875843e-01,1.052994055062346362e-01
1.421715076132957882e-02,1.650677426303651454e-02
7.825597740022012527e-02,8.377135622916663527e-02
4.747502614858425257e-03,3.256646807116608117e-03
3.569912992233107590e-04,3.573031239236316146e-04
7.438626211220441794e-04,1.535725464284331187e-03
3.054489088605700110e-03,1.482590733198240829e-03
2.573609306322747203e-01,2.372186208870449287e-01
5.898295388514502769e-06,1.709610484756428572e-05
9.251729623601431807e-02,8.936612930401711952e-02
2.736674583614888689e-01,2.742343100993101523e-01
1.495513971016219868e-03,3.319753940343279745e-03
6.610804050467621040e-02,6.608051503006141802e-02
7.299243101240962539e-02,7.335267980400830834e-02
2.456079494815356992e-02,2.202495062728578729e-02
4.834197287830916366e-03,4.015302270913984929e-03
2.772042582957354173e-02,2.862915691801264095e-02
1.795803194649835399e-01,1.734734536163645424e-01
2.714507897578114057e-05,8.347738698418904498e-06
1.322895835830552591e-01,1.381492806817276320e-01
1.349120781453571616e-01,1.369118401515155570e-01
1.803365846219546209e-01,1.704085895251314375e-01
5.878542221679970703e-02,6.023716654893762623e-02
8.641982499009438767e-02,8.950475158743363691e-02
3.677831869717953367e-03,6.632609563243204061e-03
3.163073519144975199e-02,3.397286642726896067e-02
1.616350671704705434e-03,2.797645412148954368e-03
1.998577462234417748e-02,2.242926757692381354e-02
1.819180685078305819e-03,1.452661601718151056e-03
2.862117158900093997e-03,3.647462844784068840e-03
1.646419992551470535e-01,1.742042671410933830e-01
5.733364008303078971e-05,1.283031414343749484e-04
1.709146422484611461e-02,1.427149791568113092e-02
1.520486225128559465e-01,1.562981843496160095e-01
1.610428957740144473e-04,7.829245051404316001e-05
3.837154367282153977e-01,3.709586663079537661e-01
1.131599344539134869e-02,9.554650043030649825e-03
5.447842210386233397e-02,5.738949262503764692e-02
1.092058419183801615e-01,1.069762945280995498e-01
1.245326307798849674e-02,1.243128039907727758e-02
2.724800752951288003e-03,3.718568533967523630e-03
1.844843108111342625e-02,1.525412599540364872e-02
2.952843277548278800e-01,2.810992301338643418e-01
1.565303931386539948e-01,1.396021804890811291e-01
2.232781614604124193e-02,3.013021441125825900e-02
4.887473297888336038e-02,4.386269637191612947e-02
5.192832043623579752e-02,5.226159204817297510e-02
7.103514454544578418e-04,5.221300574507918351e-04
1.160988024211198795e-02,1.162401602531263484e-02
2.250989063661122550e-04,1.429310545204938367e-04
7.211838848269838120e-01,7.463388180971666230e-01
6.274751988441347396e-05,1.236738107717956817e-04
2.362508998484737742e-03,2.842301852210881059e-03
6.344636129044817219e-02,7.020003972032255735e-02
8.477694044133748941e-02,8.014207665998983321e-02
9.690966265744017927e-02,9.539922199517850143e-02
2.564759182663088437e-03,2.774122236663149541e-03
4.037716323321630107e-02,4.140607246578816014e-02
3.532584097992049615e-02,3.501314102750319873e-02
1.963205605070500112e-02,2.522866460323944238e-02
1.671688302177585031e-02,1.612463904723237737e-02
8.026353223799340131e-03,8.855219808943499971e-03
5.980567071493717024e-02,5.904204944210678097e-02
2.525303355396597005e-01,2.533702979375513920e-01
2.118804795362432339e-02,2.434898724678524404e-02
1.464862285960014500e-03,2.569632510278543024e-03
6.394730510858608052e-02,6.033950606639172654e-02
7.020993376438990907e-01,7.405967743474516363e-01
2.428760881626463031e-01,2.276743083240792553e-01
3.538709031062493154e-02,3.164426306915742865e-02
5.565971575450447129e-02,5.601054253574674902e-02
1.636824192849423432e-01,1.660457737742392914e-01
1.184174237003720763e-03,1.559169546158878329e-03
3.779355603711991723e-02,3.555944048450154771e-02
6.278010952056499418e-06,1.595297535128459675e-05
8.504869766918689289e-02,8.904237436177109277e-02
2.501278243348136754e-01,2.551083285765626263e-01
5.651676752742785387e-02,6.138041541393503969e-02
8.902436142589006257e-03,7.811546949255954164e-03
8.463770832705327235e-03,5.676822490312205538e-03
6.581460462445662407e-02,6.346798496220062979e-02
6.183136509308150008e-02,6.793255818004477475e-02
9.557200207053657970e-02,1.047435455063304155e-01
7.141994831922494902e-02,7.008884387029810925e-02
6.959900764496686210e-02,8.659687331237700403e-02
2.147704756836199547e-02,1.835322492466583133e-02
9.535442266579123452e-04,1.474993767636913200e-03
9.408888758118759410e-02,1.015390709169945171e-01
4.092635854269226214e-02,4.450557360332202395e-02
4.617177413626027960e-02,5.268072033123006453e-02
1.131955634737381172e-03,2.356704139162465669e-03
1.167475593478031108e-03,1.702486131097551668e-03
9.929829917015331464e-02,1.076626682884541525e-01
4.119063530147686232e-03,4.516962583319986298e-03
9.527302715215470175e-02,1.103094721785192883e-01
4.339141607225839407e-03,3.192302660765724848e-03
2.357709951680941884e-03,1.108785027924481673e-03
5.609194315174076406e-02,6.502297898232912987e-02
1.936537784838041620e-01,1.895289810942213105e-01
5.587775080060711084e-05,2.211392263279564608e-06
1.230472871822394648e-01,1.180849948042226594e-01
3.362925754721677197e-03,2.625291590012294313e-03
4.782236032118720049e-04,4.184865305739384569e-07
3.084856698762978855e-01,3.041925149187186816e-01
1.212350673272629409e-01,1.254738221331521686e-01
3.621069971193188741e-02,3.603177988509712742e-02
4.402263773226502280e-02,4.851544479325289871e-02
9.692731311787346205e-02,9.708594439201947979e-02
3.346782441378542972e-02,3.035914595436062582e-02
6.766749234936493551e-02,6.989679711846849552e-02
5.193495113932975610e-02,4.608027729150018098e-02
4.635932178890256328e-02,4.786238236403071722e-02
2.666899146425263933e-01,2.588478757044116452e-01
8.740815781193121692e-02,9.341346749304947628e-02
5.048089782351394134e-03,5.058784347901756212e-03
1.070694990877772562e-01,1.025852256672021984e-01
3.342729010365275838e-02,3.949932512237778331e-02
9.848515918098911526e-02,8.995889876462365153e-02
9.843865146549124479e-02,8.887751691318347691e-02
6.885615686840823590e-02,7.099018997422541777e-02
6.117502605285551898e-02,5.549161319077497434e-02
2.176118289103583844e-03,2.174464649032527459e-03
3.688382619627732922e-02,3.801628033719162830e-02
7.268426997129067389e-03,6.323564135058977291e-03
7.845851010479737431e-02,7.953808534500149408e-02
6.067179300836895994e-02,5.965245038652548099e-02
1.949714399781536378e-01,1.931847090941873624e-01
1.024664884259240862e-04,6.659866865906714831e-07
1.060225462173925576e-01,1.145134450544628840e-01
1.517890604179408520e-01,1.477057431769153995e-01
1.520859950028445873e-01,1.589313693040124709e-01
1.807326017215895864e-01,2.064873027835390784e-01
7.982501244957324743e-03,8.334134940542161502e-03
9.920829881664618849e-04,3.893293513117209782e-04
8.003779324661846814e-03,6.937154857345866239e-03
5.727666891448673914e-02,4.652917010850128599e-02
2.781600376066695537e-02,2.224245490837266012e-02
3.828620809536041891e-01,3.708604644112057924e-01
4.955480605428763674e-02,4.366871620067955956e-02
2.100863621853341773e-02,1.832936043758934264e-02
1.124192654522054684e-02,9.827359303953111733e-03
4.075264267582851679e-02,5.080285786471899073e-02
3.628090828566217230e-01,3.710325357117263967e-01
6.438707082523550951e-02,6.324570396386132443e-02
2.379374775744180215e-01,2.333610129241387166e-01
2.035128326748431721e-02,1.893364722050062260e-02
8.232468169642206957e-02,7.281330329537781532e-02
3.755315203399180873e-02,4.077571021284655955e-02
1.044734411346786955e-02,1.052833012343705639e-02
3.314282945839964190e-01,3.192860840475231776e-01
8.099336452950841592e-01,8.038628315211104880e-01
5.683769297669726273e-01,5.656534233732914974e-01
8.617253551165332537e-02,8.773553533865456611e-02
1.154374727850756566e-01,1.160763083777985455e-01
7.104393039092967710e-01,7.291604836974644455e-01
1.927408567494605807e-03,2.926480127768774694e-03
1.177918702284401903e-01,1.142143558911133255e-01
4.227381692201799459e-04,1.002372407674471076e-03
8.390036942045377491e-03,9.178555793268360422e-03
1.001069165009959849e-01,9.871343259704012940e-02
8.676764506330043869e-02,8.439343436409356414e-02
5.815263462651583393e-02,5.109834075388714619e-02
1.807202974878980573e-01,1.780537371169471084e-01
1.289596814903908317e-01,1.357418987435554392e-01
1.134048951615055090e-01,1.014153732441132605e-01
1.968856389517553429e-01,1.873831651250163211e-01
2.527665085127085362e-02,2.791680410798138418e-02
6.862515569168725627e-02,7.243133843097648850e-02
3.489091030132453891e-02,3.891809022546514896e-02
1.863029212120686506e-01,1.904918277975658214e-01
1.310460826538627277e+00,1.307105879986446118e+00
1.082217451951052456e-01,1.098536314744387454e-01
4.066447357835803467e-01,4.277624537999499821e-01
1.133267059898311196e-01,1.097257292487144181e-01
4.585658046508014180e-04,7.205368910499174726e-04
3.456754365643314921e-04,5.902112501398013326e-04
1.899405854817385469e-02,1.986709761274591673e-02
2.140329763354400713e-02,1.771873491651592206e-02
5.954481744093412937e-03,4.739765614106351659e-03
2.627321096783476542e-02,2.689177309721312373e-02
9.216132656501675735e-02,8.541530200463962053e-02
2.288018268075252618e-02,2.832612395731512467e-02
2.546985815501311753e-03,3.877531378788583866e-03
9.326719155683244056e-02,1.063553356152476814e-01
1.045112548579069742e-05,3.002398395190583255e-04
7.545144837528860657e-03,7.701921836082800676e-03
3.979754014704812992e-02,4.072433110257957234e-02
1.730971161900421440e-01,1.942779574262400166e-01
1.355819455094739445e-01,1.336819577636421119e-01
3.859792303564135718e-02,3.711354768264184950e-02
1.016701354801598104e-03,1.598347923122700421e-03
3.453417235422179821e-01,3.287404382120883706e-01
2.746648236146742028e-01,2.836083338514629459e-01
9.232988067279154776e-02,9.093246984166294955e-02
1.272583848130675321e-01,1.312732183498697136e-01
1.305225720172675241e-01,1.398782934576425219e-01
1.819860077520744218e-02,1.523951811353540034e-02
1.709413828432403970e-01,1.652275503437499737e-01
1.190978415530619290e-02,1.384872058814828714e-02
4.125965017389338074e-02,4.447227697640805666e-02
9.730109950989604406e-02,8.843282658985435196e-02
1.116054802604250946e-02,1.246561608525733646e-02
1.093728685775365722e-01,9.689013062831330902e-02
2.479127169640527777e-04,2.340340036190047973e-04
3.013654296416614069e-03,1.739954869376648299e-03
1.158384944012841866e-01,1.207700218334243764e-01
3.786644025701830368e-02,4.088154601600565291e-02
1.627750483447306176e-02,1.693816264566990609e-02
2.208154107146583639e-03,3.765903247709231731e-03
1.373535381789363179e-02,1.429590660602350453e-02
2.818931613579071516e-01,2.747946004860921110e-01
2.080646891793812986e-02,2.182901634437814722e-02
1.215078460992913799e-02,1.041279319097108622e-02
1.565297630250752844e-02,1.405547530700313776e-02
2.233796277964923346e-03,1.871509206106444561e-03
2.074587325255797254e-03,1.462584564324287233e-03
2.578841153986147217e-01,2.487341218663910447e-01
1.152606335375783025e-01,1.162310056215465903e-01
1.180862685521746197e-01,1.137889591894173519e-01
5.177120975502007977e-02,5.417393057377602877e-02
2.942613601230625354e-04,8.705946671269939262e-05
1.676862813440095912e-01,1.862360899430906547e-01
2.621503654499069413e-01,2.710389240354045270e-01
2.850289031494462333e-01,2.985079573257437002e-01
1.124043055903150706e-01,1.194475176388587467e-01
5.030994168268444061e-02,4.731790041013850256e-02
3.125477443861759963e-02,2.816784112092635475e-02
1.182085250478080857e-01,1.091870304122423141e-01
9.771620716740143930e-02,8.956432075732657927e-02
1.740608274071003131e-02,1.756819994191310963e-02
3.134700490615958957e-02,3.107028372624871804e-02
6.607427321906053641e-02,6.082798147318542459e-02
4.988566959041217108e-02,5.637472516696500485e-02
1.530894800270172218e-01,1.517466575090437864e-01
1.185046254269546961e-01,1.182911552003795969e-01
1.322235813129707671e-01,1.262428679601096393e-01
1.826526321853560453e-01,1.797367506839125106e-01
1.222143898554544222e-01,1.296090675553326910e-01
2.139805197040585694e-01,2.142425496235580706e-01
1.416921834927117596e-01,1.415953430115928779e-01
9.290487693659298107e-02,8.676556906938065472e-02
3.844885554561290695e-03,6.925819771038689218e-03
3.487035475700728249e-02,3.406238201112346542e-02
1.690886442337809770e-01,1.775067636310029839e-01
1.540313988726398631e-01,1.528393039473268378e-01
1.403546117250267788e-01,1.408335578264363619e-01
1.802873911805795773e-02,1.519272721656026240e-02
2.096693424220335764e-02,2.411407999536464147e-02
1.898982890695005699e-01,1.893059061704982227e-01
7.142426517641223271e-02,7.996651212862011804e-02
8.094049116514938358e-02,8.015143832963325665e-02
1.191895214372150902e-01,1.120869132214460384e-01
1.919371556681609969e-01,1.938635936830309381e-01
1.197103350009716405e-02,1.350417132154459708e-02
1.756633194925191419e-02,1.768293963533800958e-02
9.335691061768730536e-02,1.038353254624081595e-01
7.705290440311928304e-05,1.034260521075472831e-05
3.117991518706363097e-02,3.086108928581023786e-02
2.594504103558322242e-02,2.410293420528982974e-02
7.695692323036111560e-02,7.892053347599542468e-02
5.429450844196857980e-03,5.395036103483308483e-03
4.100171940162326140e-02,4.483842919277259559e-02
1.946293346821040271e-02,1.992910048705424930e-02
2.784582486686679528e-03,1.966314782935088979e-03
4.492616676102247769e-02,4.881495639500973288e-02
3.728497507323458304e-02,3.857475126370832341e-02
1.217382272306543889e-01,1.125691698694658710e-01
4.564113684544746259e-03,6.171750127894716671e-03
3.020873976473637326e-02,3.557636317080414140e-02
4.629444159554598620e-02,4.739465841593713119e-02
3.851090262758006394e-02,3.905583859769135024e-02
1.190072196325037135e-01,1.131572494787310285e-01
1.456740022626248354e-01,1.489021009936677131e-01
5.235519759640430704e-02,5.441496411030849467e-02
3.758641962002098273e-03,7.474740331090136761e-03
2.041141906179985144e-01,2.101378974639163955e-01
9.541379832880374223e-02,1.010943765209040140e-01
4.872439522018829489e-02,5.016409606722320447e-02
9.070833483920155704e-02,8.947952579927787031e-02
8.745468862885794059e-02,8.387344828536599795e-02
4.916889018797665733e-05,9.027181862336758323e-05
2.360067521118744405e-02,2.744982871202091348e-02
4.108342344803484619e-02,4.323679017536052188e-02
1.836864150635661788e-02,2.688820602291067813e-02
1.286602210694037622e-02,1.106322152353299802e-02
2.146674632416779166e-02,1.678282464828354317e-02
1.723647774088910845e-01,1.689127031205316098e-01
1.959730487896503559e-02,1.664659203163883563e-02
2.572589342302711302e-01,2.413466218572746513e-01
8.538370086615212906e-02,9.592836803716302263e-02
8.113974872619472700e-03,5.996102145655792665e-03
1.419767497802982559e-01,1.447332957177341339e-01
2.219338247494048733e-02,2.567626302369948113e-02
4.430475073719818135e-03,6.139791608834673127e-03
2.329294525184986845e-04,2.420514641114770776e-04
3.191515575344006650e-01,3.154272952606145264e-01
8.924838709395123137e-01,8.920201570249940426e-01
1.185657855265253302e-01,1.181275984629975989e-01
4.706446264181348219e-03,6.172137536453351642e-03
4.616946474176590320e-01,4.559295227744953327e-01
1.586020044227806070e-01,1.729629366950735936e-01
3.164875381317854841e-01,3.333488143597888587e-01
6.292440572982620391e-03,7.899193820468884339e-03
5.778448534058001905e-08,1.205436109556111765e-04
1.025150877882178256e-03,5.579418815477741808e-04
1.489686119191075547e-02,1.531339031826232586e-02
2.792520094924276775e-01,2.690454817397243126e-01
2.225764526550156122e-02,2.300273559669187631e-02
1.121845642171627050e-01,1.307828386898093609e-01
1.550191206822813528e-01,1.642892420671364928e-01
5.699307117825820959e-03,3.067196065144357688e-03
7.698169542777874574e-02,6.611308216527175818e-02
3.023419998033357592e-01,3.016031920682257228e-01
5.952844195039237469e-04,6.648117428456649328e-04
1.623890071442167238e-01,1.456149452756048401e-01
1.057391385613509933e-02,9.598149951277638522e-03
2.188631723014832810e-03,2.471634074358029180e-03
7.321945370307929302e-02,7.431018363160180051e-02
3.999654584049103234e-01,4.116703831459695984e-01
8.881590724497271175e-03,1.044675929550898871e-02
3.864468987873704632e-04,5.257550111923454820e-04
3.267186784287087753e-01,3.358273612644410711e-01
8.887329639782200544e-03,9.710034585588570022e-03
7.304866263089599071e-04,3.925820100090508151e-04
3.823414369039108973e-02,4.217492665045720346e-02
6.717679728310292121e-03,6.716255849538439564e-03
8.869297203696654974e-02,9.681911161439460400e-02
9.180513458055659937e-02,7.868027469681104780e-02
1.248102854490958230e-01,1.351724284247683983e-01
7.792040794381850904e-05,3.353184288694252030e-06
2.712963748601707192e-01,2.724216570411188698e-01
1.796459944070831483e-01,1.844110663392525273e-01
2.668167088361734070e-05,2.182208538920284377e-08
2.021831403414886975e-03,1.278971895039683051e-03
4.119972132227199546e-02,4.099496581071474660e-02
3.067110604424740372e-01,2.925815289042861256e-01
2.205636486292607557e-01,2.264047793720771751e-01
4.665450337908014222e-02,3.814336259932403494e-02
5.355239953629146177e-01,5.310745445591419367e-01
1.697259474979730576e-04,2.471229137737270643e-05
9.956374490445428493e-02,9.790761700334825457e-02
2.255573928285609653e-01,2.392087129297868764e-01
1.537819120169838655e-03,1.113843927669410684e-03
2.109040843486335304e-01,2.124201616699281092e-01
1.297450344502261710e-01,1.403086597008957048e-01
4.376001824717536126e-02,3.809899220015997706e-02
4.352969085990306131e-02,5.176919362051760065e-02
2.618706465337300955e-05,1.522270463779901845e-04
4.922427173136418449e-02,4.921438818110368540e-02
2.136716345164836606e-02,1.646556050223222517e-02
1.927592823001109679e-01,1.931228664630139369e-01
4.395863243974555967e-01,4.622518185444847716e-01
1.030659597439489872e+00,1.066451843361935881e+00
3.054851634570754024e-02,3.538462181754489788e-02
2.689697262131657534e-03,2.583707411923230526e-03
5.801510198096025001e-02,5.761220443564448596e-02
5.569111967055668383e-02,5.776940967878416849e-02
8.771134009328208220e-03,7.720327515791575168e-03
1.006823802750437813e-01,1.040900652425704315e-01
5.495716411111910976e-02,5.457162763883385836e-02
3.365173749069796938e-01,3.381105778362243908e-01
2.318182335943790862e-01,2.525349740851801639e-01
6.930804726067874011e-02,6.148525684657119017e-02
3.522736783429945839e-02,3.810597968464571328e-02
1.858330078489470460e-01,1.887684575948753718e-01
1.533641428985845490e-01,1.645335294445406937e-01
5.445266850061740438e-03,7.583298892200569102e-03
2.228339094104179931e-03,9.869537650163142349e-04
2.449890892465290126e-01,2.589752310044751149e-01
3.573367708490021166e-01,3.506662422596950046e-01
1.467901784888615835e-01,1.565283030547624521e-01
2.022406401561685848e-07,3.205382495025535050e-05
2.334449554184727937e-01,2.271457110545826719e-01
4.230774451473325037e-02,4.444303080551639806e-02
1.588005874617247071e-01,1.556272673574829180e-01
1.915886644743692024e-01,1.988810154130455088e-01
3.471471393968800917e-02,3.309316461982296509e-02
2.027950686529018942e-01,2.005349178646048669e-01
6.066143807479439792e-02,6.098756793121196812e-02
2.378001617383605770e-02,2.839975601915965819e-02
6.107355638292729511e-03,9.253176947336853170e-03
1.626988271884197146e-01,1.564958360652727309e-01
2.176096890876895104e-02,2.011672560745424165e-02
2.488606469875760327e-02,2.439169162289324400e-02
3.528942442182752409e-02,3.664660559567913672e-02
9.535547417598067010e-02,1.028676283367155331e-01
1.904716939883891250e-02,2.519682340304897628e-02
2.373303263280250874e-01,2.414108081291513608e-01
5.537821118877402082e-02,5.701355588615648895e-02
9.117026558542790093e-02,9.566073012655844365e-02
4.322426437627500950e-03,5.894314906133178364e-03
1.002430966699492318e-02,7.526678738620886863e-03
2.520413356172921532e-02,2.860141447787351715e-02
4.805134743342825282e-02,5.241130637843346290e-02
6.026783268604398022e-04,3.658515509820636893e-05
1.850447987463346570e-04,9.603682840216163296e-05
2.803905273970876411e-01,2.726570115692235063e-01
3.570085783191422057e-02,3.393701619625187627e-02
1.337908292238584596e-01,1.378617984483559156e-01
3.173745119627178757e-01,3.174494747695619790e-01
3.605775157159374356e-02,3.918420873421503414e-02
1.096073909906705897e-02,1.167387043915906614e-02
1.152825478565514400e-01,1.003072573135899703e-01
3.431584398295440402e-02,3.623964393989032723e-02
1.961890079392926423e-01,1.988162027490234796e-01
2.927635755575419552e-03,8.015588042353929965e-03
2.463004273217711450e-04,2.033461480640082664e-04
9.759533845260812135e-02,1.038364265808415371e-01
1.679267407254842175e-03,5.461927707290395407e-04
1.666914663534270827e-02,1.640037786956177746e-02
1.333156811608975367e-01,1.307393819521254497e-01
3.854309800222061998e-03,2.125816747996774753e-03
1.468330756721627529e-03,7.926424431011511260e-04
8.256999010156054059e-03,1.064112781126296849e-02
2.661027466483644258e-02,3.020451054995740292e-02
1.078074927459582999e-01,9.603357064261659748e-02
1.161136675745033514e-01,1.256800040192643519e-01
8.693987352576128258e-02,7.891106408309726816e-02
8.407473997248443576e-02,8.862929130142503664e-02
1.334529631865532806e-01,1.340673836268938823e-01
6.778282670250956876e-02,7.026118880025000735e-02
1.628236629891007536e-01,1.704187645211904800e-01
3.223303644918847077e-02,2.966853244178046731e-02
2.506219551243760862e-02,3.561983612963345869e-02
1.323095601354786540e-03,6.331056952731885408e-04
7.343170161082346672e-03,6.449297335320751737e-03
3.344779003638257420e-01,3.256511212471676076e-01
2.559729477318487857e-03,2.247362621684360819e-03
5.147515616915047769e-03,5.445193034004377521e-03
4.026686610081938594e-02,4.834282494441669020e-02
2.054140648810223708e-05,3.603491846884887746e-04
3.841523740923632330e-02,4.353411554223855784e-02
1.025396261054239005e-01,9.923403278039027997e-02
2.432425382998927021e-01,2.463797505733698878e-01
6.359227581317973554e-02,7.166794721671713997e-02
2.829755951609558284e-03,2.393942785115632695e-03
7.443542573844623769e-03,4.559426356000933697e-03
2.069665373827369800e-02,2.330362918553833748e-02
6.541481675267050988e-02,6.587645211448060756e-02
1.290146438084305014e-01,1.350305351443968072e-01
1.151126776769292731e-01,1.235413125382063687e-01
7.395904440864912999e-02,6.368840479367143814e-02
1.467169211240189064e-01,1.529322596544619439e-01
5.709974070294605679e-03,5.968868306519793492e-03
1.490433509159800121e-02,1.654632443122408536e-02
2.779328750406353382e-02,3.091939370560925146e-02
1.690223107384044438e-02,1.818598450402316574e-02
2.217273701624923599e-02,1.793410075100558207e-02
1.173177204814471880e-02,1.593645281868918614e-02
7.055456548773769709e-02,7.264742975967296290e-02
4.840786062336275598e-03,2.783054412995688079e-03
2.336053539721008043e-01,2.323795925715603783e-01
1.147182789694958654e-01,1.259272912874189188e-01
2.731292465885259979e-02,2.780788505754378664e-02
2.621553139763767026e-01,2.729133287849186407e-01
1.150036909170693532e-02,1.013511087216436082e-02
3.986771313699546959e-01,4.040883094292678779e-01
2.058217327755058057e-01,2.112922717685353224e-01
8.870320729422898065e-02,9.809177444805630697e-02
1.256105023345176468e-03,1.245190778197770081e-04
3.117879856540041184e-01,3.032769005832328668e-01
3.528796180337797489e-03,3.620539548949383221e-03
6.700773675132384866e-02,5.781272665420928575e-02
1.056067299220382096e-02,1.480068276967917880e-02
5.678027972549547220e-02,5.780743340151343196e-02
1.565520761732065377e-03,1.723020097598853932e-03
7.009634191320288088e-02,7.492792151153350455e-02
6.322113811189047005e-04,1.106590925757268765e-03
1.157183670870253443e-02,1.303539465352863101e-02
2.835723229073052742e-01,2.957814640688540275e-01
1.598866613592164277e-03,2.138728141925612652e-03
1.615515181254631189e-04,7.312575153882314638e-05
2.845342475321103320e-02,3.621914871917798762e-02
2.023487148994589091e-02,1.657253539869248810e-02
8.188658259680932708e-03,7.989899777811974510e-03
4.906955775172687495e-02,6.118631307231588157e-02
6.076453829134014807e-03,4.922588865371595006e-03
1.031324478870860846e-03,2.775426646034678878e-04
9.363829819895168327e-02,8.990195999944446126e-02
2.000577655465374943e-02,2.026339118081172189e-02
7.309807162541674674e-02,6.910227398366262930e-02
1.347823679822875327e-02,1.375239982774039554e-02
5.816174483754460445e-02,5.822948273713133421e-02
9.947152166893622957e-03,1.104154203028783095e-02
1.310096463226401442e-01,1.311095479048101919e-01
1.011778831973223908e-01,8.883797896097080093e-02
3.168927475764000967e-02,3.827861444010103448e-02
7.805344099470515329e-02,8.440995829376066184e-02
9.003698553510880442e-02,8.453431291157699479e-02
5.065026074961342939e-03,5.311323553980001368e-03
2.270063968388102288e-02,2.376268444601732990e-02
1.598885214220679418e-01,1.548101464132919936e-01
2.061055886070507770e-01,1.956267628104987055e-01
1.363928742222743906e-01,1.413216485654910093e-01
4.239604757077242853e-02,4.520783630091611272e-02
1.384822420241918831e-02,1.485081741781664640e-02
5.304030778087943931e-02,5.731082885447682379e-02
1.026000835613085638e-01,8.248494005485078329e-02
3.820016118877604238e-03,5.060675171313358187e-03
2.549970499449629932e-02,2.664082996082274904e-02
2.730591864821193919e-03,3.432898976279057362e-03
4.117563501625821215e-02,4.142640590289116409e-02
2.737243110022528625e-01,2.888503896749268773e-01
1.635826150672319707e-02,1.894757982629152737e-02
1.309923137496816126e-04,2.096455740712146402e-04
2.188462271737638132e-01,2.243516961592285086e-01
2.403905893614727840e-01,2.333404551586375775e-01
1.025786754879181445e-01,9.951072846986760978e-02
6.707085105486398533e-05,5.928547034266275196e-05
9.131096197641719314e-02,9.701755767562111887e-02
2.630970456640096544e-01,2.636220297297111048e-01
3.658264885948874223e-01,3.555184914981392441e-01
8.506584421186394462e-02,8.576819535087482071e-02
1.927960463408593067e-04,2.136907947851942981e-05
2.363624202683501426e-03,3.644108559493413040e-03
7.385193238296136045e-04,1.888745700162244151e-04
2.655444588680969803e-02,2.845799140314604972e-02
5.736487163962260619e-03,7.722650772412721631e-03
5.377905244682302729e-03,6.371297037035880163e-03
5.711990264624604990e-02,5.274245949029392894e-02
8.427908611088612556e-01,8.562993046908574657e-01
1.016771907741773201e-01,9.657042308446699141e-02
7.242936632036074684e-02,7.399794815568973283e-02
6.832503825034452402e-03,9.277131148575899072e-03
6.912870150520111778e-02,6.578692800035178256e-02
2.813582494857572516e-02,2.603433775939810110e-02
2.054781803686296926e-01,2.003475370099166153e-01
2.316170136409832769e-01,2.267337781171477329e-01
4.173394533764802732e-03,3.861558559412017755e-03
1.628483086386406375e-02,1.780847815655924038e-02
5.118520736377567178e-05,1.049123120902200826e-04
1.063382794482217453e-01,1.115331611942793483e-01
5.145362062732707076e-02,4.984380926708219944e-02
2.376954998228140437e-01,2.245950148860783868e-01
8.415845289584267253e-02,7.979125864975704363e-02
5.398265392405623975e-02,5.237265987379161047e-02
2.605982576497255370e-06,1.939097986659711074e-06
2.086306255237167437e-02,2.112572514489894498e-02
1.742818472732534469e-03,2.013615850944929387e-03
7.507959951134983712e-01,7.803991968845130911e-01
3.833990972744329845e-02,3.332914094596060167e-02
1.426133068628912259e-01,1.467288948630498524e-01
1.740845381520144119e-01,1.803282402303771070e-01
1.739834722155579258e-02,1.543629923058923575e-02
1.185905770244816812e-07,2.094288297532214012e-04
1.212737715492787468e-04,3.185848918490121736e-05
9.767946721652698977e-03,9.723243618674701216e-03
1.064160659266918160e-03,2.692992622308751794e-03
9.696366467572865855e-02,9.504898165051337000e-02
2.687040035450724007e-01,2.699107863406545182e-01
4.494374960802820229e-02,5.494522353380546648e-02
1.040023663589561366e-04,8.533909077454506246e-04
8.171417405609998630e-02,7.369927486594468613e-02
2.596244066876402315e-02,2.312048650675183753e-02
2.527235251542732028e-03,4.053553398578769486e-03
6.962312058788383551e-02,6.817596462964968518e-02
7.681690979960699960e-04,1.254670570313286227e-03
1.078020763391890130e-03,7.447517745545641351e-04
6.654867078024058469e-02,6.604979490932083586e-02
4.797484202032124140e-02,4.598830376224143784e-02
7.702839893856339919e-05,2.103361030012562195e-05
9.907417082460530117e-04,1.104179630071068941e-03
6.505470855010558884e-02,7.309187797575697476e-02
1.778764806543398636e-01,1.868472787081070785e-01
1.881568507050226588e-02,2.147583047841166923e-02
1.038220966890438662e-02,8.969366504868585624e-03
2.778017700845751906e-03,4.794697594731588304e-03
2.254335926264725287e-01,2.298388962200033914e-01
6.301390458462609312e-02,6.390572362769261772e-02
2.515203515548785074e-01,2.594729618781758673e-01
5.335241403132195970e-02,4.680016672823578833e-02
4.027523011193889432e-03,2.099040294344137539e-03
1.879582045519347933e-01,1.780657264305056109e-01
6.576757360741518343e-02,6.716122855848234707e-02
8.410850601358273171e-02,8.027258309718417195e-02
4.598073525231876069e-01,4.434385639144953761e-01
4.450786660351942377e-04,1.075139878689525350e-03
2.713181212342155244e-02,3.035978900865689278e-02
1.869603500731883625e-02,2.244784730392556521e-02
7.672193762492976639e-03,5.921425715105714353e-03
8.565996984787555089e-04,5.428253821357773750e-04
2.851602822583460539e-01,2.588349293747121971e-01
3.429705782683508675e-01,3.613622904548309811e-01
2.265249346813439073e-03,3.249291358520041851e-03
2.722382372637220313e-02,2.610308266840105640e-02
3.851959200529126142e-03,5.405510542638650683e-03
3.405567493135290835e-01,3.550193871590803796e-01
1.207548384917672968e-01,1.131639610098699039e-01
5.164670552799836833e-02,4.910865310438570358e-02
3.116134742776530825e-02,2.908581615443354973e-02
3.123190278263484609e-01,3.220541857730543911e-01
1.767989027224845314e-02,2.087194631455966537e-02
2.330394908527313232e-03,3.438215983180547934e-03
4.039773434498643637e-03,3.273597372348842349e-03
1.623218990477518636e-02,1.462807037749066889e-02
9.177351808751571527e-02,8.606314849954038726e-02
5.578538961733617296e-02,4.164041527715626329e-02
4.265744638191117273e-03,4.902513793587928714e-03
1.708280719480755397e-02,1.625605560558508397e-02
5.880423155260410678e-02,6.712955086386680759e-02
9.416916914182376502e-03,1.271826152497291564e-02
8.609441694482524235e-03,7.586815124837747136e-03
7.747272000429629782e-03,5.929731978306030521e-03
4.051007400745428033e-02,3.565423866657518870e-02
2.996962077485949665e-03,3.874299148892745241e-03
1.871560841342543788e-02,2.205211901551614243e-02
4.112091053899672929e-03,5.394430764099869720e-03
2.478135239510647139e-02,2.213759177652111637e-02
4.694538899816236288e-01,5.008135717722730362e-01
4.686785729117279309e-02,5.021992969542664331e-02
6.100285011232346212e-03,7.979567380796099424e-03
4.269413752600131201e-03,3.478248732919735509e-03
1.100232097459138830e-01,1.041032459663433357e-01
3.108751776249330662e-02,2.263924212399927999e-02
5.886914023797462300e-03,3.525818355161823570e-03
2.440619053853251841e-01,2.640251978464419058e-01
2.315279621476636629e-01,2.362644339132647098e-01
1.234345852146039382e-02,1.472722837016615313e-02
6.235416490110276544e-02,6.714840128320402612e-02
3.025959760684040004e-02,3.488842200660755705e-02
6.951658031600775611e-02,6.026954831993602824e-02
4.361082601860545582e-02,3.980433963773259698e-02
1.629115682633526518e-02,1.878415955513316679e-02
1.017600483255201721e-01,9.648351877741458138e-02
7.039295451783628144e-02,6.640767602263847325e-02
6.422441897700524593e-02,6.053408640128031537e-02
1.013159249565300929e-01,9.653021349583555677e-02
2.660737761633280574e-02,2.524058208389294566e-02
3.718721843048918285e-01,3.877531285111397441e-01
2.351642341938835201e-01,2.206461374943397558e-01
1.202119786673652886e-02,1.465587088862148855e-02
7.444409928872781912e-02,7.087756527547725560e-02
1.237329021640396626e-02,1.030130897140932138e-02
6.323302854673451198e-03,8.471130808612553978e-03
1.320281011407379579e-01,1.401146018869226517e-01
1.348982791820787196e-03,1.492790821192330197e-03
9.754700599492349689e-02,9.821670749865071826e-02
7.536261293880050331e-03,6.929549942484070080e-03
6.074024964787676749e-03,7.036960562329171165e-03
4.771071140918334980e-02,4.745445459462199062e-02
4.738786337722498965e-02,4.773692516009382658e-02
1.103658529729885374e-01,1.042928014094502281e-01
7.446874199559454233e-02,7.817908507933174489e-02
1.406343932698368888e-02,1.446884540459397739e-02
5.149144675151152706e-01,4.986930914862280906e-01
2.349650906181360854e-01,2.340611508131234531e-01
2.128813631485428418e-03,3.586827415507368427e-03
3.977086320943777620e-02,4.036175007791791003e-02
6.651856386483916139e-02,5.719851042179147083e-02
5.628416429001041610e-02,4.582784943496046037e-02
2.858800230635026932e-02,2.887986541298345061e-02
1.078676013694389035e-01,1.151119993788337487e-01
8.195953912268430508e-02,7.567924519317358045e-02
6.749463899154391384e-03,6.659795226519818999e-03
9.057058600953923552e-03,1.090793181940870327e-02
3.105118522125892011e-01,3.186039291944596230e-01
2.661263889735357990e-01,2.668802317266206203e-01
4.094463497291056867e-03,4.170534904118921270e-03
1.611497435252502806e-03,2.677202451850939531e-03
6.011513667858674193e-02,6.451684338155318221e-02
2.763903357505482217e-01,2.907052284193204494e-01
3.865716037435424930e-03,3.163339115610933842e-03
6.003769490976927636e-02,6.354303628969218409e-02
2.301684754983151227e-01,2.163181316961321488e-01
4.315991811187342916e-03,4.743539320158246010e-03
1.138861334788978771e-05,6.373210598075278290e-07
2.731274562755823740e-02,3.176853230261836997e-02
4.311159213240973315e-02,4.526813752002194907e-02
1.323454430158868822e-01,1.303307385683449837e-01
2.697928423255403774e-02,3.147074003334133369e-02
4.248519918845904131e-02,4.500878439964832445e-02
1.809674998881766845e-03,2.381772333819345746e-03
1.845030823534241082e-01,1.844141362363897474e-01
3.710856823333523180e-01,3.702412951286612186e-01
2.631006156606735188e-02,2.610343911835272951e-02
1.597094743082327073e-01,1.612113408498520029e-01
1.729922080543704846e-04,2.217907681379720957e-04
5.141332918047855811e-03,3.800416908607770657e-03
3.006068873935034691e-02,3.324992198452607350e-02
3.237720915122146437e-01,3.390954345019367433e-01
5.883901745272768907e-02,5.630503231988831514e-02
2.713643125810704521e-02,3.057979110111662402e-02
1.081620591061395725e-03,1.215954267846704445e-03
1.244487293329566424e-01,1.352543216537186455e-01
2.621444798211705618e-03,3.787447293951404226e-03
3.754185670798751667e-04,2.759796564831780166e-07
3.683499875474153806e-01,3.802637863367424598e-01
1.802354078426037301e-02,1.955401128585133527e-02
1.981988543337114082e-03,3.278243236059627270e-03
2.469375045392593893e-02,1.821688208761262570e-02
1.674947719585210062e-02,2.249010323506637349e-02
5.247767078773180743e-02,5.622591776036344607e-02
9.371862118942651809e-02,9.151677600586689831e-02
1.183738264165853232e-02,1.042069925228523986e-02
2.927118581555331056e-02,2.777255208213973148e-02
6.250977509351308102e-03,3.892588214615856114e-03
4.286397586688319161e-01,4.266513742932259712e-01
1.734689518060540669e-01,1.682419188282473776e-01
5.791865448710943609e-03,3.874225746750722260e-03
4.021540061570225144e-02,4.122316954845946929e-02
3.028773364018694791e-01,3.123707993853985787e-01
4.172855156790541324e-04,4.289573584283955178e-04
7.239472981275107966e-02,7.266412921772440192e-02
7.165812068471913605e-03,7.963484818962732539e-03
2.910224475153644907e-01,2.847413072608815376e-01
9.697045960051733915e-03,7.597365085336135748e-03
5.958143499471294513e-01,5.993919779333919395e-01
4.295816862335562897e-02,4.420290562106412441e-02
1.139882299346103162e-02,1.232752736590260641e-02
2.081247944051012669e-02,1.854511073261476059e-02
2.539689892943981508e-01,2.751337649245944039e-01
2.440782118247871446e-01,2.294367988925757329e-01
7.756950070439160884e-04,2.552477259493243127e-04
4.694611821620243259e-05,1.156445842632200998e-04
1.936945408623547463e-04,5.225969474527887321e-05
2.221001871387319748e-01,2.059292214358670325e-01
9.591314896534236523e-02,9.908084519225421327e-02
1.726985753664540546e-01,1.714069384436815446e-01
3.341779191914875935e-01,3.536632942068683727e-01
1.670761666478257123e-03,2.600465773196063320e-03
3.559065861622742050e-02,2.797540166947354995e-02
5.454140839508287222e-03,7.711690525307172972e-03
1.886293146034339341e-01,1.953504511212265371e-01
7.526097614078460646e-04,2.707783958322324989e-04
3.017124194124930214e-02,3.220704772728761461e-02
9.769050401915307935e-02,9.173933671017116265e-02
2.153698573006340988e-01,2.143057882689751448e-01
2.151034633505558014e-02,2.136461423524428638e-02
5.529325026087172435e-04,8.421529942057767975e-05
2.046721846874589379e-04,1.129680023025653960e-03
3.015641124758473499e-02,3.129363678706955504e-02
8.466621927606961641e-04,6.001559721976128898e-04
9.235223359594960102e-02,9.372729974040905354e-02
4.411838765997854600e-02,3.850335669007137057e-02
8.225294358369185377e-02,9.066663431625927860e-02
1.317450059369879301e-01,1.440054735166690081e-01
1.354637900669422024e-01,1.337478270393678004e-01
1.073218262770915671e-01,1.231962969404036545e-01
2.650307855798642032e-02,3.203823706121051301e-02
1.020391954899692137e-04,6.580439427395433057e-04
2.176099679907980144e-01,2.263797728790686858e-01
4.483960336181180839e-01,4.480747986491666612e-01
1.986114515870900446e-02,2.845719283472862918e-02
1.035397932843998801e-02,1.034791376182201197e-02
4.006034673292645058e-03,4.377108340475396354e-03
1.918843108096012114e-03,1.562447328254498681e-03
6.282585368863091366e-03,5.763708449512794374e-03
3.140372017331762543e-03,2.896083985035779757e-03
2.175263702516018645e-03,1.434760269249828798e-03
2.524663802535391244e-01,2.488403095648974439e-01
1.838466068280560362e-01,1.878059929270311235e-01
9.638118366173993590e-02,9.635265879695185942e-02
4.033959404570319762e-02,3.712380093612013821e-02
1.605650472664978956e-01,1.613007880751969880e-01
1.485597130296303914e-01,1.400472057485936117e-01
1.841706471187733729e-01,1.901879049845273673e-01
1.414111258669188079e-03,5.938336976365778379e-04
2.303999714688439548e-04,9.734998228931031403e-07
3.159321740583908959e-03,5.049024379281809131e-03
7.945262530699946646e-02,8.266501281188501360e-02
2.368965843856230824e-01,2.371494588880724841e-01
6.988596417538598393e-01,6.917652958106242922e-01
8.493627088488386878e-03,9.037450419491298292e-03
4.817186806354187972e-02,5.747805108419361264e-02
3.648624297440622444e-02,4.260139053453563390e-02
4.729076313640528939e-02,5.102069032271540350e-02
1.238903696911504843e-01,1.312921776988613121e-01
7.879266399516386687e-02,6.344488058892229498e-02
9.381469788761392925e-03,1.024251355255374751e-02
1.394203367134554811e-02,1.143831207956690944e-02
1.101104081807696570e-03,1.205966608530909196e-03
1.815167124971167334e-01,1.740284720058443979e-01
2.494169596545770320e-02,2.957337695183233708e-02
8.077907208445013476e-02,8.494416384594800917e-02
2.402526405498144058e-02,2.209373804489793772e-02
3.411904990686701611e-01,3.478781267417400125e-01
8.288426828857468898e-02,7.528170175549836474e-02
3.985220038190000480e-01,3.707048613715785423e-01
2.397850730158296954e-07,4.946940948620587910e-05
3.852471705148591535e-03,2.565943144544595260e-03
6.213852260468825939e-03,4.602390577732068389e-03
1.409531854110683546e-01,1.435108179362391267e-01
1.028345098607821306e-01,1.024493150871757519e-01
6.017796215439834284e-02,5.868438756972939319e-02
1.917359161711796600e-01,1.847814645259758248e-01
6.215259983105424213e-02,5.395482264388822696e-02
2.069385771270772501e-01,2.093514102782481623e-01
3.585077165682498419e-03,5.529813192440677719e-03
2.026247419690276031e-04,2.159087176669339169e-04
5.517945275323760806e-02,5.743008080855331599e-02
1.747646876674311678e-01,1.665361850285516365e-01
4.043881062691278422e-03,6.842049412487382146e-03
8.233675943632454489e-04,3.529428451716889515e-04
8.711384832305872628e-02,1.037742948158216078e-01
5.069046592455758171e-01,5.206502922102337338e-01
1.764555503714922979e-01,1.855288214615249953e-01
4.082270850014648594e-02,4.800467974600770155e-02
3.762452411925174857e-03,1.988987426966646287e-03
4.414261015563024880e-03,5.050923386647548745e-03
1.005125043837612478e-05,3.742813192757739809e-05
3.307273415554569385e-02,3.621245297155800680e-02
5.469946721928740582e-03,3.901805812068412024e-03
2.897874573177431148e-02,3.635565089774867031e-02
1.426843968920316896e-01,1.613503210671257126e-01
4.160659101381754266e-03,3.909371436880205650e-03
1.346720103833451143e-01,1.522123023901022776e-01
1.101841312701841852e-01,1.128282849504647217e-01
7.627484024453755340e-02,7.067981062976166906e-02
1.800632608516127692e-02,1.670162560144142216e-02
1.111227791636179019e-01,1.116879335754300817e-01
3.920294220257008327e-02,4.118020938450409063e-02
3.932823660294118007e-01,4.138419847247339911e-01
2.206995730964992491e-02,2.383260596417448307e-02
3.872932540536417334e-01,4.205243934306245324e-01
6.988628350457206651e-01,6.692472307734903536e-01
9.808724921096243984e-03,1.088797109112746818e-02
7.157486403116208873e-02,7.204656800043726661e-02
9.771055890262007838e-05,3.893554007556173052e-04
1.208748081679479336e-01,1.371807283435063363e-01
1.253122267258958630e-02,1.263884567719178627e-02
4.949612364723670471e-02,5.607213388097220808e-02
4.032888033736729549e-01,4.000416224870160797e-01
1.582797584008137706e-02,1.787815773052753646e-02
3.615322660097948781e-01,3.647946240013839603e-01
1.799171651666381030e-02,2.057008012589603418e-02
1.684721899872348863e-03,1.643408145658716924e-03
1.638053172368952176e-02,1.356158951724050106e-02
3.370760014344958559e-05,1.920823698768953287e-04
2.308344232070837776e-01,2.340370417517272095e-01
3.725648220593160516e-04,5.380909105517172166e-04
4.088830515833717107e-04,6.473548047466501192e-04
1.488742926294569779e-01,1.649844000401923527e-01
2.049655476898317591e-02,2.296664427916096998e-02
2.899420347254971775e-02,3.323865882739913957e-02
1.033917241612884730e-01,1.017217723059757190e-01
7.898761818305715526e-03,7.355584848605401307e-03
1.177647479215019471e-02,8.409143875989672293e-03
1.497118221606248134e-01,1.632626574870214287e-01
3.369701341194213384e-01,3.336392556038064727e-01
3.540314369190326604e-01,3.492885260953759730e-01
8.843771468400417335e-02,9.745269449037435860e-02
1.195355085068420670e-01,1.185160464460323360e-01
9.659793193831368585e-01,9.434853795736484194e-01
7.881540282826858534e-02,8.928236754219613658e-02
5.649986542461751110e-02,5.579025022758031527e-02
2.253962846296532832e-02,2.204465302752703013e-02
2.624723098802421717e-01,2.645782323272515835e-01
1.477794245282891550e-01,1.361790679777326318e-01
6.242212761522379465e-03,7.742584983704335275e-03
5.781142497629766508e-01,5.588636982522933172e-01
1.258594580515210448e-01,1.290143901178130992e-01
2.942214274247223482e-01,2.819889389280510472e-01
5.087795278450148347e-03,5.801967099146565846e-03
2.374167383902609785e-01,2.368134906665836925e-01
2.715293505368012242e-02,2.666244131577475904e-02
1.076573702779186695e-02,1.169592097567234874e-02
2.473641720704570224e-01,2.577853155823584541e-01
8.804727306017386956e-01,8.989835719031201711e-01
3.463323867805873091e-02,3.316104389268380997e-02
5.194482895588121985e-02,4.739966282704115991e-02
9.320506782844152627e-02,9.080915122123384142e-02
1.651773528071757979e-01,1.675247508837083843e-01
8.257761368256458789e-01,8.408388855491930602e-01
4.310671665097623104e-03,2.121959937612976060e-03
5.997670469840968299e-02,6.274891940191938688e-02
1.847076153365462964e-02,1.900278604022524742e-02
4.358562325218005018e-01,4.342782115008131938e-01
4.883337499895437639e-02,4.650912571474503238e-02
8.785465598014812263e-03,1.078976412582833937e-02
5.948168438255627133e-02,5.956840985041354092e-02
2.949969307552773867e-01,3.147635832598493777e-01
4.067184204200133268e-01,4.069224392531721746e-01
1.802963959947661843e-01,1.751289639823422062e-01
1.236175673944945874e-01,1.316860367317408131e-01
9.078451898497841288e-02,8.563050297171910519e-02
6.171614686631461504e-03,3.557619038010577470e-03
1.085430262181226804e-02,1.722564456285575682e-02
1.482988393514593495e-01,1.381488618082071518e-01
1.043723556202308250e-01,1.108740634347130244e-01
5.652460632761478190e-04,4.547785036528087781e-04
1.136911088675986864e-01,1.088087291753999236e-01
3.029281959005628022e-01,3.078152238874932722e-01
1.124999622015863121e-01,1.153550862150225509e-01
3.787322438407485503e-01,3.704522391147836435e-01
7.144865377842647171e-03,6.618178761394937284e-03
1.209001518099343721e-04,3.558172927205248604e-05
1.114157916325840270e-01,1.141470696813380037e-01
9.942877243912610907e-02,9.229705001755859894e-02
9.898381726047957019e-02,9.654273062208297562e-02
4.046619665563410372e-03,2.643054231455223193e-03
7.170719792640286618e-03,6.076231334968612390e-03
4.261100108783767437e-01,4.272244574745072687e-01
9.818206175159706339e-02,9.658055346478759684e-02
3.317825136863446212e-02,3.619603971043731244e-02
4.448198850722923960e-03,3.905438891339233984e-03
5.071120497609341894e-03,3.979011767872276360e-03
3.377619895395078675e-02,3.104709735813084709e-02
8.571202571866373687e-03,7.134631915820509492e-03
9.277033290642586007e-06,8.369862037638665109e-07
1.368068990146982869e-02,1.215000219427194751e-02
4.205860328156780376e-02,4.325340382146095064e-02
5.957161260043889080e-03,6.924419411451203203e-03
9.482032108987735984e-04,1.639687182514946865e-03
6.123509458495107402e-03,4.043243154291048004e-03
1.506000723708550947e-02,2.116340585876376121e-02
9.276464402791463268e-03,1.045740687311729616e-02
1.167666823529988213e-01,1.094985654728755364e-01
3.350167804594336718e-02,4.178339665647812229e-02
5.678477725579730295e-01,5.591040101805085927e-01
2.402305013405934067e-02,2.445766201977246992e-02
3.181120503174487816e-04,6.189309817022616489e-04
1.014313786127155476e-01,1.127126332240329515e-01
1.099308547609956959e-03,7.021827554229300274e-04
2.569513831587237271e-03,3.840899587566950438e-03
3.310071706620684642e-03,2.780608428460407729e-03
3.075133551581681751e-02,2.937353799557843384e-02
8.817261215150286324e-02,1.004680147672277341e-01
6.276344018417566624e-04,3.594003688669398220e-04
2.080591151219007492e-02,2.222374824499709703e-02
2.007767904811227355e-01,1.962022104339745388e-01
2.024435134795574964e-01,2.011460465865022584e-01
3.862823845260622817e-03,3.814265075444942671e-03
7.493185995883474559e-01,7.122813524546433017e-01
1.383991984017444294e-04,4.805135900957419222e-04
1.984844288686815270e-03,6.000086972692562958e-04
8.167801363200432041e-01,8.109350116729741043e-01
3.656743591334717103e-02,3.722303183398369825e-02
3.619535913749118150e-02,3.219628672035568934e-02
1.107466874490562192e-01,1.153987549269862301e-01
2.770889856848383626e-01,2.752243637675932386e-01
5.877705110622268719e-02,6.480125742765603658e-02
1.558816504779533818e-01,1.607361197297089983e-01
4.546224030949523945e-04,5.272918168110589388e-04
1.170580520212091413e-01,1.263563384716857307e-01
2.078621843776358794e-03,1.515667881460965906e-03
4.775688083942446205e-02,4.856038868477133980e-02
9.135292310273573912e-02,9.416952605607549487e-02
2.468727695395419308e-01,2.380399996596340439e-01
8.321533144131090798e-02,7.928251539508943124e-02
8.974331762176900040e-03,7.653904015039143111e-03
1.799071080061982611e-03,1.066988399876922641e-03
2.375768996356709684e-01,2.390859148768159359e-01
3.733570444009160633e-02,3.066706039963323568e-02
9.887672934889736587e-02,9.172097582871371890e-02
6.299982863809758943e-03,9.210611690737981194e-03
1.112122776928968632e-01,1.101596540218910125e-01
8.259223340986547590e-03,8.718790088560936929e-03
1.917243947240979407e-01,1.808394183117045251e-01
2.816297770631397829e-02,3.345467049906912516e-02
5.115194532133282741e-03,4.343519307862005532e-03
1.722495744258336703e-03,1.339831979858599736e-03
1.153304735743515413e-01,1.016028669874098067e-01
2.934104777696857248e-07,8.400809839440315241e-05
2.523505061561784335e-02,2.848106127056795889e-02
1.527084788012584259e-02,1.115561698397781777e-02
1.339170166559831676e+00,1.322629702314397804e+00
2.141181105808997454e-01,2.053939974831386350e-01
3.438512597266964177e-02,3.643593207137293954e-02
2.458990181143300424e-01,2.606940074067747304e-01
3.904106964038119298e-01,3.761266062927056120e-01
9.758331313392346051e-02,1.039519592131810943e-01
4.981753822476657489e-02,5.007298565891710879e-02
4.541142763498869084e-02,4.499195314345541541e-02
4.274641521012011169e-02,3.964739857030348535e-02
1.209945281880644985e-02,1.270887184651304548e-02
5.691630812722814868e-03,7.429389783886146750e-03
3.627394561449172328e-02,3.087227666568142029e-02
3.785387888519548168e-03,2.040606189850438252e-03
4.498817004987583634e-01,4.280980694915301199e-01
1.772546924326309087e-02,1.728381234442447414e-02
1.419053095953589846e-02,1.311248701593605188e-02
8.083912209845337676e-03,7.653948986344037524e-03
5.377741452755190228e-03,3.502645144749164021e-03
5.450210300287167825e-02,5.565148014643165469e-02
4.281424685216006498e-02,3.951006941299995551e-02
1.219535663403216880e-04,3.077911521974036274e-05
2.995807459298015571e-05,5.275622388109808933e-05
3.459931015347204875e-02,2.627329513335483965e-02
3.483834878974257504e-02,3.462800883668408491e-02
2.925261176194009216e-03,1.529338015622960052e-03
4.357406353378633079e-03,2.822333891643314958e-03
3.928105035329473166e-02,4.663729942553511421e-02
1.554764625760532079e-02,1.729910409409891880e-02
4.109346200213579922e-03,6.027383176487956067e-03
5.328034310377634947e-02,5.731722630403730118e-02
1.203702374900634253e-01,1.175046794224584024e-01
4.310787486077480857e-01,4.319865426741608117e-01
6.042263923937380987e-01,6.028845269340202817e-01
8.587565449497878284e-03,8.413926750987611031e-03
2.330128017733334167e-01,2.431682075626137585e-01
3.761798843769970646e-01,3.769765991649707826e-01
5.073871746752943723e-01,4.953457743046601469e-01
9.185391632570355513e-02,9.669206358742714336e-02
4.488035326365266871e-03,3.803789471427375130e-03
1.390661580905034993e-02,1.228157247023845509e-02
1.573347946444475232e-01,1.358018191206481762e-01
3.972664853077255698e-01,3.777463866122005021e-01
6.326830849696439378e-04,9.232289773378723119e-04
7.025926302778638666e-02,6.687667424125051663e-02
1.140167256519334926e-01,1.189176374273739900e-01
2.603033519914601523e-01,2.597857990259986316e-01
7.467257354427510319e-02,8.419541195516122567e-02
2.455110006478914125e-03,3.847580756473397996e-03
1.984464763725971720e-02,2.091459072623116922e-02
1.011968981864614259e+00,1.026443254010521056e+00
1.466255561677701170e-03,2.071560843658306478e-03
1.791230844508285291e-01,1.828330773880854909e-01
1.383170009773555906e-06,1.385434678968392797e-04
1.742428989019222940e-01,1.575675465470570413e-01
1.022427539765698168e-01,1.125509732188251927e-01
1.173580835601356447e-02,1.238604446007878813e-02
1.335473059479204694e-01,1.312725088882395197e-01
1.990449751227986105e-02,1.364558485600319421e-02
6.178912218500855376e-03,6.865488843960251830e-03
1.112446593100421301e-02,1.338772248603324264e-02
1.308807482757021190e-02,1.176747745367022480e-02
1.741907891735695046e-01,1.596771427139507260e-01
2.456881016238472368e-02,2.468015749833454842e-02
3.914226143629046667e-02,3.418524804329398786e-02
9.836338398940046301e-02,9.220740423596467117e-02
2.619202146501936179e-03,8.605479658504107442e-04
6.876251553381065688e-03,5.336327468247673358e-03
6.015919613871032780e-03,5.602501804945524480e-03
5.660120368093150001e-01,5.565445178179244667e-01
1.369830416493672820e-01,1.378600950383972179e-01
2.511617346276704410e-01,2.366656751458093011e-01
1.476462596929426774e-01,1.412164373215910040e-01
1.763301080138095570e-02,1.210475863347503130e-02
6.784725711692927985e-02,6.346421458840964536e-02
5.004214094025938829e-03,6.306736142696510276e-03
1.977478159240733946e-01,1.963297163225753705e-01
1.090444825891253855e-01,1.037768793231459569e-01
1.511951484486236119e-01,1.638426396430863463e-01
4.101005641764696413e-05,1.347704070046155220e-05
1.062340627203816751e-01,9.249669596769197200e-02
5.072889055803852555e-03,1.896223681927370524e-03
1.198821571857444646e-02,7.211108405485506211e-03
2.353977202785283718e-01,2.625366159630397878e-01
9.267142588583493490e-02,9.046556098377564470e-02
6.420515592255759962e-02,7.078337969033622612e-02
1.879835861359093474e-01,1.858006603033973136e-01
1.046666683803734871e-01,1.086076267849374472e-01
5.063080128788076395e-02,5.803291257961858823e-02
4.578870573189400967e-02,4.935726567275660476e-02
1.204356843128395922e-02,1.277156722684066013e-02
6.155333153560080262e-02,5.193482313797428279e-02
1.811921407193058942e-01,1.787423994693042029e-01
4.045985516759562084e-02,4.160022915183794745e-02
1.005743694256810809e-02,7.539139852604698037e-03
3.850852605106047100e-01,4.039884921117722349e-01
8.305361621598698896e-02,8.951980023973726830e-02
1.612839838312579103e-03,2.791917679624291403e-03
2.805026173682690360e-01,2.900231599311865471e-01
5.092725839448932444e-03,6.188125828333547636e-03
1.970597679142351011e-01,1.983677491986901853e-01
1.524601114565421987e-02,1.056023078486036972e-02
7.694563417190092292e-02,7.796039595740318628e-02
8.100417211973970355e-02,8.284799987024742129e-02
1.166037863577475131e-01,1.196712278339672475e-01
1.136954874224666706e-02,1.299435556620190391e-02
1.210672395333423496e-01,1.279933987716272703e-01
1.395770378725465777e-01,1.398907142460238673e-01
5.628321829876969939e-02,5.414648643352735352e-02
2.993818846407759939e-03,1.967674263207621916e-03
1.034689737501452581e-03,3.580391636357407458e-04
9.754427458374882454e-01,9.883242799975716641e-01
1.776425448404465868e-01,1.954339423612776183e-01
4.734640247123506583e-03,2.347753060509492114e-03
7.345401181214421260e-02,6.847120335075485009e-02
8.208848720144348854e-02,7.834872847889261249e-02
3.776675307157489891e-01,3.630658395897284896e-01
1.873936933174567832e-02,1.693080578909375578e-02
8.043779634184879124e-02,6.999805874235281999e-02
3.987333442231070363e-02,3.077795201253421403e-02
3.816492861466219688e-01,3.720478543887991707e-01
3.839819473258625909e-02,4.026849481127890706e-02
2.158324370596341121e-02,2.146090090983066717e-02
2.625449124613754570e-02,2.426309277907811104e-02
3.688868535553510488e-03,2.710648492277882484e-03
5.342174720979699087e-02,5.583520590954151736e-02
6.171115433865206196e-02,5.708558466625686389e-02
7.123196908471027180e-04,9.137210376904063942e-04
4.948467929604550251e-03,4.711500364367389969e-03
5.339653913644888394e-01,5.657591846252457701e-01
2.363279804551996488e-01,2.433544728931688883e-01
6.115530437519078183e-02,6.842678876883322159e-02
2.205575111666539800e-01,2.284654122267977261e-01
1.506309588814423381e-02,1.941288954523321536e-02
2.192525890376418041e-01,2.334183297446678629e-01
4.485764308148657009e-01,4.555003510743225181e-01
6.894057645778388366e-02,7.551206281529310171e-02
1.924708401368312449e-01,2.252394476020725123e-01
1.479395241105219659e-03,2.099926089957970116e-03
4.026330487069819386e-02,4.346591172241627554e-02
9.900021759316058115e-03,9.406328829463983868e-03
7.038975499306053540e-02,7.809982089489303503e-02
3.515575198263882761e-01,3.463529548858009233e-01
5.064524177983219244e-03,4.804662079190198144e-03
9.716061473446517896e-03,6.291516248895774252e-03
1.911701208546623398e-01,1.851766784871745064e-01
